evaluation_role,dataset,holdout,method,seed,seed_group,selected_config_id,threshold,ood_target,uses_id_calib,uses_ood_val,uses_final_ood_eval,uses_attack_eval,ood_val_alarm_at_selection,id_calib_alarm_at_selection
locked,locked_harder_holdout,holdout_bin_5,M0_V1_original100_fixed_guard_LR,42,main_42_46,fixed_lr,-2.4168281315697695,0.01,True,True,False,False,0.0,0.0098
locked,locked_harder_holdout,holdout_bin_5,M1_V2_top32_fixed_guard_LR,42,main_42_46,fixed_lr,-2.7649186566996478,0.01,True,True,False,False,0.01,0.0016
locked,locked_harder_holdout,holdout_bin_5,M2_Enhanced_LOW_GUARD_top64_fixed_guard_LR,42,main_42_46,fixed_lr,-4.102580408336336,0.01,True,True,False,False,0.0005,0.01
locked,locked_harder_holdout,holdout_bin_5,M3_top64_no_guard_LR,42,main_42_46,fixed_lr,52.191294881078356,0.01,True,True,False,False,0.01,0.0
locked,locked_harder_holdout,holdout_bin_5,M4_top64_random32_fixed_guard_LR,42,main_42_46,fixed_lr,-3.366837736937743,0.01,True,True,False,False,0.0,0.0098
locked,locked_harder_holdout,holdout_bin_5,M5_Isolation_Forest_top64,42,main_42_46,iforest_n100_auto,0.6194702404632557,0.01,True,True,False,False,0.01,0.0
locked,locked_harder_holdout,holdout_bin_5,M6_OC_SVM_top64,42,main_42_46,sgd_ocsvm_nu001,-38.83325590394306,0.01,True,True,False,False,0.01,0.0024
locked,locked_harder_holdout,holdout_bin_5,M7_HistGB_shallow_top64,42,main_42_46,histgb_depth3_iter50_lr005,0.0004461334346858862,0.01,True,True,False,False,0.006,0.0036
locked,locked_harder_holdout,holdout_bin_5,M8_DevNet_like_MLP_top64,42,main_42_46,mlp_h16_alpha001,0.00436135730077512,0.01,True,True,False,False,0.0045,0.0098
locked,locked_harder_holdout,holdout_bin_5,M9_DeepSAD_like_center_top64,42,main_42_46,center_lambda1,461.7895325088493,0.01,True,True,False,False,0.01,0.0014
locked,locked_harder_holdout,holdout_bin_5,M0_V1_original100_fixed_guard_LR,43,main_42_46,fixed_lr,-2.4168281315697695,0.01,True,True,False,False,0.0,0.0098
locked,locked_harder_holdout,holdout_bin_5,M1_V2_top32_fixed_guard_LR,43,main_42_46,fixed_lr,-2.7649186566996478,0.01,True,True,False,False,0.01,0.0016
locked,locked_harder_holdout,holdout_bin_5,M2_Enhanced_LOW_GUARD_top64_fixed_guard_LR,43,main_42_46,fixed_lr,-4.102580408336336,0.01,True,True,False,False,0.0005,0.01
locked,locked_harder_holdout,holdout_bin_5,M3_top64_no_guard_LR,43,main_42_46,fixed_lr,52.191294881078356,0.01,True,True,False,False,0.01,0.0
locked,locked_harder_holdout,holdout_bin_5,M4_top64_random32_fixed_guard_LR,43,main_42_46,fixed_lr,-3.051425195798858,0.01,True,True,False,False,0.0015,0.01
locked,locked_harder_holdout,holdout_bin_5,M5_Isolation_Forest_top64,43,main_42_46,iforest_n100_auto,0.6113657021252706,0.01,True,True,False,False,0.01,0.0
locked,locked_harder_holdout,holdout_bin_5,M6_OC_SVM_top64,43,main_42_46,sgd_ocsvm_nu001,-29.189144355048363,0.01,True,True,False,False,0.0,0.0098
locked,locked_harder_holdout,holdout_bin_5,M7_HistGB_shallow_top64,43,main_42_46,histgb_depth2_iter50_lr005,0.0006761771984515648,0.01,True,True,False,False,0.0065,0.0016
locked,locked_harder_holdout,holdout_bin_5,M8_DevNet_like_MLP_top64,43,main_42_46,mlp_h16_alpha001,0.0036309990682640114,0.01,True,True,False,False,0.002,0.0098
locked,locked_harder_holdout,holdout_bin_5,M9_DeepSAD_like_center_top64,43,main_42_46,center_lambda2,669.7069595642089,0.01,True,True,False,False,0.01,0.002
locked,locked_harder_holdout,holdout_bin_5,M0_V1_original100_fixed_guard_LR,44,main_42_46,fixed_lr,-2.4168281315697695,0.01,True,True,False,False,0.0,0.0098
locked,locked_harder_holdout,holdout_bin_5,M1_V2_top32_fixed_guard_LR,44,main_42_46,fixed_lr,-2.7649186566996478,0.01,True,True,False,False,0.01,0.0016
locked,locked_harder_holdout,holdout_bin_5,M2_Enhanced_LOW_GUARD_top64_fixed_guard_LR,44,main_42_46,fixed_lr,-4.102580408336336,0.01,True,True,False,False,0.0005,0.01
locked,locked_harder_holdout,holdout_bin_5,M3_top64_no_guard_LR,44,main_42_46,fixed_lr,52.191294881078356,0.01,True,True,False,False,0.01,0.0
locked,locked_harder_holdout,holdout_bin_5,M4_top64_random32_fixed_guard_LR,44,main_42_46,fixed_lr,-2.0478718143187327,0.01,True,True,False,False,0.002,0.0098
locked,locked_harder_holdout,holdout_bin_5,M5_Isolation_Forest_top64,44,main_42_46,iforest_n100_auto,0.6152037819829398,0.01,True,True,False,False,0.01,0.0
locked,locked_harder_holdout,holdout_bin_5,M6_OC_SVM_top64,44,main_42_46,sgd_ocsvm_nu001,-44.496709469651584,0.01,True,True,False,False,0.0,0.0098
locked,locked_harder_holdout,holdout_bin_5,M7_HistGB_shallow_top64,44,main_42_46,histgb_depth2_iter50_lr005,0.00028388495930907785,0.01,True,True,False,False,0.0065,0.0016
locked,locked_harder_holdout,holdout_bin_5,M8_DevNet_like_MLP_top64,44,main_42_46,mlp_h16_alpha001,0.003914566083112733,0.01,True,True,False,False,0.001,0.0098
locked,locked_harder_holdout,holdout_bin_5,M9_DeepSAD_like_center_top64,44,main_42_46,center_lambda1,461.7895325088493,0.01,True,True,False,False,0.01,0.0014
locked,locked_harder_holdout,holdout_bin_5,M0_V1_original100_fixed_guard_LR,45,main_42_46,fixed_lr,-2.4168281315697695,0.01,True,True,False,False,0.0,0.0098
locked,locked_harder_holdout,holdout_bin_5,M1_V2_top32_fixed_guard_LR,45,main_42_46,fixed_lr,-2.7649186566996478,0.01,True,True,False,False,0.01,0.0016
locked,locked_harder_holdout,holdout_bin_5,M2_Enhanced_LOW_GUARD_top64_fixed_guard_LR,45,main_42_46,fixed_lr,-4.102580408336336,0.01,True,True,False,False,0.0005,0.01
locked,locked_harder_holdout,holdout_bin_5,M3_top64_no_guard_LR,45,main_42_46,fixed_lr,52.191294881078356,0.01,True,True,False,False,0.01,0.0
locked,locked_harder_holdout,holdout_bin_5,M4_top64_random32_fixed_guard_LR,45,main_42_46,fixed_lr,-3.380211100786366,0.01,True,True,False,False,0.008,0.0098
locked,locked_harder_holdout,holdout_bin_5,M5_Isolation_Forest_top64,45,main_42_46,iforest_n100_auto,0.6137021936879196,0.01,True,True,False,False,0.01,0.0
locked,locked_harder_holdout,holdout_bin_5,M6_OC_SVM_top64,45,main_42_46,sgd_ocsvm_nu001,-31.732437595295885,0.01,True,True,False,False,0.01,0.0
locked,locked_harder_holdout,holdout_bin_5,M7_HistGB_shallow_top64,45,main_42_46,histgb_depth3_iter50_lr005,0.0002644976526401188,0.01,True,True,False,False,0.0065,0.01
locked,locked_harder_holdout,holdout_bin_5,M8_DevNet_like_MLP_top64,45,main_42_46,mlp_h16_alpha001,0.004441840880317632,0.01,True,True,False,False,0.0015,0.01
locked,locked_harder_holdout,holdout_bin_5,M9_DeepSAD_like_center_top64,45,main_42_46,center_lambda2,669.7069595642089,0.01,True,True,False,False,0.01,0.002
locked,locked_harder_holdout,holdout_bin_5,M0_V1_original100_fixed_guard_LR,46,main_42_46,fixed_lr,-2.4168281315697695,0.01,True,True,False,False,0.0,0.0098
locked,locked_harder_holdout,holdout_bin_5,M1_V2_top32_fixed_guard_LR,46,main_42_46,fixed_lr,-2.7649186566996478,0.01,True,True,False,False,0.01,0.0016
locked,locked_harder_holdout,holdout_bin_5,M2_Enhanced_LOW_GUARD_top64_fixed_guard_LR,46,main_42_46,fixed_lr,-4.102580408336336,0.01,True,True,False,False,0.0005,0.01
locked,locked_harder_holdout,holdout_bin_5,M3_top64_no_guard_LR,46,main_42_46,fixed_lr,52.191294881078356,0.01,True,True,False,False,0.01,0.0
locked,locked_harder_holdout,holdout_bin_5,M4_top64_random32_fixed_guard_LR,46,main_42_46,fixed_lr,-4.1531408717731715,0.01,True,True,False,False,0.0045,0.0098
locked,locked_harder_holdout,holdout_bin_5,M5_Isolation_Forest_top64,46,main_42_46,iforest_n100_auto,0.6109656853543345,0.01,True,True,False,False,0.0095,0.0002
locked,locked_harder_holdout,holdout_bin_5,M6_OC_SVM_top64,46,main_42_46,sgd_ocsvm_nu001,-25.024490568628373,0.01,True,True,False,False,0.0,0.0098
locked,locked_harder_holdout,holdout_bin_5,M7_HistGB_shallow_top64,46,main_42_46,histgb_depth2_iter50_lr005,0.00034788576239846406,0.01,True,True,False,False,0.0065,0.0014
locked,locked_harder_holdout,holdout_bin_5,M8_DevNet_like_MLP_top64,46,main_42_46,mlp_h16_alpha001,0.004172130947816192,0.01,True,True,False,False,0.001,0.0098
locked,locked_harder_holdout,holdout_bin_5,M9_DeepSAD_like_center_top64,46,main_42_46,center_lambda2,669.7069595642089,0.01,True,True,False,False,0.01,0.002
locked,locked_harder_holdout,holdout_bin_5,M0_V1_original100_fixed_guard_LR,47,heldout_47_51,fixed_lr,-2.4168281315697695,0.01,True,True,False,False,0.0,0.0098
locked,locked_harder_holdout,holdout_bin_5,M1_V2_top32_fixed_guard_LR,47,heldout_47_51,fixed_lr,-2.7649186566996478,0.01,True,True,False,False,0.01,0.0016
locked,locked_harder_holdout,holdout_bin_5,M2_Enhanced_LOW_GUARD_top64_fixed_guard_LR,47,heldout_47_51,fixed_lr,-4.102580408336336,0.01,True,True,False,False,0.0005,0.01
locked,locked_harder_holdout,holdout_bin_5,M3_top64_no_guard_LR,47,heldout_47_51,fixed_lr,52.191294881078356,0.01,True,True,False,False,0.01,0.0
locked,locked_harder_holdout,holdout_bin_5,M4_top64_random32_fixed_guard_LR,47,heldout_47_51,fixed_lr,-4.463547675996956,0.01,True,True,False,False,0.0005,0.01
locked,locked_harder_holdout,holdout_bin_5,M5_Isolation_Forest_top64,47,heldout_47_51,iforest_n100_auto,0.6269312750546749,0.01,True,True,False,False,0.01,0.0
locked,locked_harder_holdout,holdout_bin_5,M6_OC_SVM_top64,47,heldout_47_51,sgd_ocsvm_nu001,-38.96297253854939,0.01,True,True,False,False,0.0,0.0098
locked,locked_harder_holdout,holdout_bin_5,M7_HistGB_shallow_top64,47,heldout_47_51,histgb_depth3_iter50_lr005,0.00042551126427748087,0.01,True,True,False,False,0.0055,0.0032
locked,locked_harder_holdout,holdout_bin_5,M8_DevNet_like_MLP_top64,47,heldout_47_51,mlp_h16_alpha001,0.004970025389106039,0.01,True,True,False,False,0.0005,0.01
locked,locked_harder_holdout,holdout_bin_5,M9_DeepSAD_like_center_top64,47,heldout_47_51,center_lambda1,461.7895325088493,0.01,True,True,False,False,0.01,0.0014
locked,locked_harder_holdout,holdout_bin_5,M0_V1_original100_fixed_guard_LR,48,heldout_47_51,fixed_lr,-2.4168281315697695,0.01,True,True,False,False,0.0,0.0098
locked,locked_harder_holdout,holdout_bin_5,M1_V2_top32_fixed_guard_LR,48,heldout_47_51,fixed_lr,-2.7649186566996478,0.01,True,True,False,False,0.01,0.0016
locked,locked_harder_holdout,holdout_bin_5,M2_Enhanced_LOW_GUARD_top64_fixed_guard_LR,48,heldout_47_51,fixed_lr,-4.102580408336336,0.01,True,True,False,False,0.0005,0.01
locked,locked_harder_holdout,holdout_bin_5,M3_top64_no_guard_LR,48,heldout_47_51,fixed_lr,52.191294881078356,0.01,True,True,False,False,0.01,0.0
locked,locked_harder_holdout,holdout_bin_5,M4_top64_random32_fixed_guard_LR,48,heldout_47_51,fixed_lr,-3.160661869167332,0.01,True,True,False,False,0.0015,0.01
locked,locked_harder_holdout,holdout_bin_5,M5_Isolation_Forest_top64,48,heldout_47_51,iforest_n100_auto,0.6225873644724027,0.01,True,True,False,False,0.01,0.0
locked,locked_harder_holdout,holdout_bin_5,M6_OC_SVM_top64,48,heldout_47_51,sgd_ocsvm_nu001,-34.24475648032043,0.01,True,True,False,False,0.0035,0.0098
locked,locked_harder_holdout,holdout_bin_5,M7_HistGB_shallow_top64,48,heldout_47_51,histgb_depth2_iter50_lr005,0.0005201751160554464,0.01,True,True,False,False,0.008,0.0014
locked,locked_harder_holdout,holdout_bin_5,M8_DevNet_like_MLP_top64,48,heldout_47_51,mlp_h16_alpha001,0.003887063970381862,0.01,True,True,False,False,0.0005,0.01
locked,locked_harder_holdout,holdout_bin_5,M9_DeepSAD_like_center_top64,48,heldout_47_51,center_lambda2,669.7069595642089,0.01,True,True,False,False,0.01,0.002
locked,locked_harder_holdout,holdout_bin_5,M0_V1_original100_fixed_guard_LR,49,heldout_47_51,fixed_lr,-2.4168281315697695,0.01,True,True,False,False,0.0,0.0098
locked,locked_harder_holdout,holdout_bin_5,M1_V2_top32_fixed_guard_LR,49,heldout_47_51,fixed_lr,-2.7649186566996478,0.01,True,True,False,False,0.01,0.0016
locked,locked_harder_holdout,holdout_bin_5,M2_Enhanced_LOW_GUARD_top64_fixed_guard_LR,49,heldout_47_51,fixed_lr,-4.102580408336336,0.01,True,True,False,False,0.0005,0.01
locked,locked_harder_holdout,holdout_bin_5,M3_top64_no_guard_LR,49,heldout_47_51,fixed_lr,52.191294881078356,0.01,True,True,False,False,0.01,0.0
locked,locked_harder_holdout,holdout_bin_5,M4_top64_random32_fixed_guard_LR,49,heldout_47_51,fixed_lr,-4.835114868624272,0.01,True,True,False,False,0.001,0.0098
locked,locked_harder_holdout,holdout_bin_5,M5_Isolation_Forest_top64,49,heldout_47_51,iforest_n100_auto,0.5977386222613228,0.01,True,True,False,False,0.01,0.0
locked,locked_harder_holdout,holdout_bin_5,M6_OC_SVM_top64,49,heldout_47_51,sgd_ocsvm_nu001,-40.01853945367398,0.01,True,True,False,False,0.006,0.01
locked,locked_harder_holdout,holdout_bin_5,M7_HistGB_shallow_top64,49,heldout_47_51,histgb_depth2_iter50_lr005,0.0009078106781434506,0.01,True,True,False,False,0.007,0.0
locked,locked_harder_holdout,holdout_bin_5,M8_DevNet_like_MLP_top64,49,heldout_47_51,mlp_h16_alpha001,0.004445409325417132,0.01,True,True,False,False,0.0015,0.01
locked,locked_harder_holdout,holdout_bin_5,M9_DeepSAD_like_center_top64,49,heldout_47_51,center_lambda1,461.7895325088493,0.01,True,True,False,False,0.01,0.0014
locked,locked_harder_holdout,holdout_bin_5,M0_V1_original100_fixed_guard_LR,50,heldout_47_51,fixed_lr,-2.4168281315697695,0.01,True,True,False,False,0.0,0.0098
locked,locked_harder_holdout,holdout_bin_5,M1_V2_top32_fixed_guard_LR,50,heldout_47_51,fixed_lr,-2.7649186566996478,0.01,True,True,False,False,0.01,0.0016
locked,locked_harder_holdout,holdout_bin_5,M2_Enhanced_LOW_GUARD_top64_fixed_guard_LR,50,heldout_47_51,fixed_lr,-4.102580408336336,0.01,True,True,False,False,0.0005,0.01
locked,locked_harder_holdout,holdout_bin_5,M3_top64_no_guard_LR,50,heldout_47_51,fixed_lr,52.191294881078356,0.01,True,True,False,False,0.01,0.0
locked,locked_harder_holdout,holdout_bin_5,M4_top64_random32_fixed_guard_LR,50,heldout_47_51,fixed_lr,-4.34693132885098,0.01,True,True,False,False,0.01,0.0098
locked,locked_harder_holdout,holdout_bin_5,M5_Isolation_Forest_top64,50,heldout_47_51,iforest_n100_auto,0.6176297292668605,0.01,True,True,False,False,0.01,0.0
locked,locked_harder_holdout,holdout_bin_5,M6_OC_SVM_top64,50,heldout_47_51,sgd_ocsvm_nu001,-33.18423508467202,0.01,True,True,False,False,0.01,0.0
locked,locked_harder_holdout,holdout_bin_5,M7_HistGB_shallow_top64,50,heldout_47_51,histgb_depth3_iter50_lr005,0.00042452687247347833,0.01,True,True,False,False,0.0,0.0056
locked,locked_harder_holdout,holdout_bin_5,M8_DevNet_like_MLP_top64,50,heldout_47_51,mlp_h16_alpha001,0.004077842494007215,0.01,True,True,False,False,0.0015,0.01
locked,locked_harder_holdout,holdout_bin_5,M9_DeepSAD_like_center_top64,50,heldout_47_51,center_lambda1,461.7895325088493,0.01,True,True,False,False,0.01,0.0014
locked,locked_harder_holdout,holdout_bin_5,M0_V1_original100_fixed_guard_LR,51,heldout_47_51,fixed_lr,-2.4168281315697695,0.01,True,True,False,False,0.0,0.0098
locked,locked_harder_holdout,holdout_bin_5,M1_V2_top32_fixed_guard_LR,51,heldout_47_51,fixed_lr,-2.7649186566996478,0.01,True,True,False,False,0.01,0.0016
locked,locked_harder_holdout,holdout_bin_5,M2_Enhanced_LOW_GUARD_top64_fixed_guard_LR,51,heldout_47_51,fixed_lr,-4.102580408336336,0.01,True,True,False,False,0.0005,0.01
locked,locked_harder_holdout,holdout_bin_5,M3_top64_no_guard_LR,51,heldout_47_51,fixed_lr,52.191294881078356,0.01,True,True,False,False,0.01,0.0
locked,locked_harder_holdout,holdout_bin_5,M4_top64_random32_fixed_guard_LR,51,heldout_47_51,fixed_lr,-4.294735095840644,0.01,True,True,False,False,0.003,0.01
locked,locked_harder_holdout,holdout_bin_5,M5_Isolation_Forest_top64,51,heldout_47_51,iforest_n100_auto,0.6185036465998882,0.01,True,True,False,False,0.01,0.0
locked,locked_harder_holdout,holdout_bin_5,M6_OC_SVM_top64,51,heldout_47_51,sgd_ocsvm_nu001,-35.45778111710422,0.01,True,True,False,False,0.0095,0.0004
locked,locked_harder_holdout,holdout_bin_5,M7_HistGB_shallow_top64,51,heldout_47_51,histgb_depth3_iter50_lr005,0.00043591209236701074,0.01,True,True,False,False,0.0055,0.0042
locked,locked_harder_holdout,holdout_bin_5,M8_DevNet_like_MLP_top64,51,heldout_47_51,mlp_h16_alpha001,0.004455105887842365,0.01,True,True,False,False,0.001,0.0098
locked,locked_harder_holdout,holdout_bin_5,M9_DeepSAD_like_center_top64,51,heldout_47_51,center_lambda1,461.7895325088493,0.01,True,True,False,False,0.01,0.0014
locked,locked_harder_holdout,holdout_bin_6,M0_V1_original100_fixed_guard_LR,42,main_42_46,fixed_lr,-2.3665623121180643,0.01,True,True,False,False,0.0,0.0098
locked,locked_harder_holdout,holdout_bin_6,M1_V2_top32_fixed_guard_LR,42,main_42_46,fixed_lr,-2.9855315406396192,0.01,True,True,False,False,0.01,0.0016
locked,locked_harder_holdout,holdout_bin_6,M2_Enhanced_LOW_GUARD_top64_fixed_guard_LR,42,main_42_46,fixed_lr,-4.118561382207412,0.01,True,True,False,False,0.0005,0.01
locked,locked_harder_holdout,holdout_bin_6,M3_top64_no_guard_LR,42,main_42_46,fixed_lr,52.262188785100285,0.01,True,True,False,False,0.01,0.0
locked,locked_harder_holdout,holdout_bin_6,M4_top64_random32_fixed_guard_LR,42,main_42_46,fixed_lr,-2.861432920775401,0.01,True,True,False,False,0.005,0.01
locked,locked_harder_holdout,holdout_bin_6,M5_Isolation_Forest_top64,42,main_42_46,iforest_n100_auto,0.5995569542388096,0.01,True,True,False,False,0.01,0.0
locked,locked_harder_holdout,holdout_bin_6,M6_OC_SVM_top64,42,main_42_46,sgd_ocsvm_nu001,-38.83100235169995,0.01,True,True,False,False,0.01,0.0024
locked,locked_harder_holdout,holdout_bin_6,M7_HistGB_shallow_top64,42,main_42_46,histgb_depth3_iter50_lr005,0.0004461334346858862,0.01,True,True,False,False,0.006,0.0036
locked,locked_harder_holdout,holdout_bin_6,M8_DevNet_like_MLP_top64,42,main_42_46,mlp_h16_alpha001,0.0036390129338832954,0.01,True,True,False,False,0.0025,0.01
locked,locked_harder_holdout,holdout_bin_6,M9_DeepSAD_like_center_top64,42,main_42_46,center_lambda1,475.02895481109385,0.01,True,True,False,False,0.01,0.0014
locked,locked_harder_holdout,holdout_bin_6,M0_V1_original100_fixed_guard_LR,43,main_42_46,fixed_lr,-2.3665623121180643,0.01,True,True,False,False,0.0,0.0098
locked,locked_harder_holdout,holdout_bin_6,M1_V2_top32_fixed_guard_LR,43,main_42_46,fixed_lr,-2.9855315406396192,0.01,True,True,False,False,0.01,0.0016
locked,locked_harder_holdout,holdout_bin_6,M2_Enhanced_LOW_GUARD_top64_fixed_guard_LR,43,main_42_46,fixed_lr,-4.118561382207412,0.01,True,True,False,False,0.0005,0.01
locked,locked_harder_holdout,holdout_bin_6,M3_top64_no_guard_LR,43,main_42_46,fixed_lr,52.262188785100285,0.01,True,True,False,False,0.01,0.0
locked,locked_harder_holdout,holdout_bin_6,M4_top64_random32_fixed_guard_LR,43,main_42_46,fixed_lr,-4.404487310202003,0.01,True,True,False,False,0.0025,0.01
locked,locked_harder_holdout,holdout_bin_6,M5_Isolation_Forest_top64,43,main_42_46,iforest_n100_auto,0.6009317130547851,0.01,True,True,False,False,0.01,0.0
locked,locked_harder_holdout,holdout_bin_6,M6_OC_SVM_top64,43,main_42_46,sgd_ocsvm_nu001,-29.189423875627046,0.01,True,True,False,False,0.0,0.0098
locked,locked_harder_holdout,holdout_bin_6,M7_HistGB_shallow_top64,43,main_42_46,histgb_depth2_iter50_lr005,0.000681417445644381,0.01,True,True,False,False,0.0065,0.0002
locked,locked_harder_holdout,holdout_bin_6,M8_DevNet_like_MLP_top64,43,main_42_46,mlp_h16_alpha001,0.0041619560644030554,0.01,True,True,False,False,0.0035,0.0098
locked,locked_harder_holdout,holdout_bin_6,M9_DeepSAD_like_center_top64,43,main_42_46,center_lambda2,689.6371118164061,0.01,True,True,False,False,0.01,0.0016
locked,locked_harder_holdout,holdout_bin_6,M0_V1_original100_fixed_guard_LR,44,main_42_46,fixed_lr,-2.3665623121180643,0.01,True,True,False,False,0.0,0.0098
locked,locked_harder_holdout,holdout_bin_6,M1_V2_top32_fixed_guard_LR,44,main_42_46,fixed_lr,-2.9855315406396192,0.01,True,True,False,False,0.01,0.0016
locked,locked_harder_holdout,holdout_bin_6,M2_Enhanced_LOW_GUARD_top64_fixed_guard_LR,44,main_42_46,fixed_lr,-4.118561382207412,0.01,True,True,False,False,0.0005,0.01
locked,locked_harder_holdout,holdout_bin_6,M3_top64_no_guard_LR,44,main_42_46,fixed_lr,52.262188785100285,0.01,True,True,False,False,0.01,0.0
locked,locked_harder_holdout,holdout_bin_6,M4_top64_random32_fixed_guard_LR,44,main_42_46,fixed_lr,-4.775421226865066,0.01,True,True,False,False,0.0025,0.01
locked,locked_harder_holdout,holdout_bin_6,M5_Isolation_Forest_top64,44,main_42_46,iforest_n100_auto,0.6079784320927214,0.01,True,True,False,False,0.01,0.0
locked,locked_harder_holdout,holdout_bin_6,M6_OC_SVM_top64,44,main_42_46,sgd_ocsvm_nu001,-44.5159374335674,0.01,True,True,False,False,0.0,0.0098
locked,locked_harder_holdout,holdout_bin_6,M7_HistGB_shallow_top64,44,main_42_46,histgb_depth3_iter50_lr005,0.0002717602363555813,0.01,True,True,False,False,0.0065,0.0098
locked,locked_harder_holdout,holdout_bin_6,M8_DevNet_like_MLP_top64,44,main_42_46,mlp_h16_alpha001,0.002534650275949386,0.01,True,True,False,False,0.0045,0.0098
locked,locked_harder_holdout,holdout_bin_6,M9_DeepSAD_like_center_top64,44,main_42_46,center_lambda1,475.02895481109385,0.01,True,True,False,False,0.01,0.0014
locked,locked_harder_holdout,holdout_bin_6,M0_V1_original100_fixed_guard_LR,45,main_42_46,fixed_lr,-2.3665623121180643,0.01,True,True,False,False,0.0,0.0098
locked,locked_harder_holdout,holdout_bin_6,M1_V2_top32_fixed_guard_LR,45,main_42_46,fixed_lr,-2.9855315406396192,0.01,True,True,False,False,0.01,0.0016
locked,locked_harder_holdout,holdout_bin_6,M2_Enhanced_LOW_GUARD_top64_fixed_guard_LR,45,main_42_46,fixed_lr,-4.118561382207412,0.01,True,True,False,False,0.0005,0.01
locked,locked_harder_holdout,holdout_bin_6,M3_top64_no_guard_LR,45,main_42_46,fixed_lr,52.262188785100285,0.01,True,True,False,False,0.01,0.0
locked,locked_harder_holdout,holdout_bin_6,M4_top64_random32_fixed_guard_LR,45,main_42_46,fixed_lr,-4.172011929291324,0.01,True,True,False,False,0.0,0.0098
locked,locked_harder_holdout,holdout_bin_6,M5_Isolation_Forest_top64,45,main_42_46,iforest_n100_auto,0.6171285534306128,0.01,True,True,False,False,0.01,0.0
locked,locked_harder_holdout,holdout_bin_6,M6_OC_SVM_top64,45,main_42_46,sgd_ocsvm_nu001,-31.727279810662544,0.01,True,True,False,False,0.01,0.0
locked,locked_harder_holdout,holdout_bin_6,M7_HistGB_shallow_top64,45,main_42_46,histgb_depth3_iter50_lr005,0.0002645106827905242,0.01,True,True,False,False,0.0065,0.01
locked,locked_harder_holdout,holdout_bin_6,M8_DevNet_like_MLP_top64,45,main_42_46,mlp_h16_alpha001,0.0043622907961253345,0.01,True,True,False,False,0.002,0.0098
locked,locked_harder_holdout,holdout_bin_6,M9_DeepSAD_like_center_top64,45,main_42_46,center_lambda1,475.02895481109385,0.01,True,True,False,False,0.01,0.0014
locked,locked_harder_holdout,holdout_bin_6,M0_V1_original100_fixed_guard_LR,46,main_42_46,fixed_lr,-2.3665623121180643,0.01,True,True,False,False,0.0,0.0098
locked,locked_harder_holdout,holdout_bin_6,M1_V2_top32_fixed_guard_LR,46,main_42_46,fixed_lr,-2.9855315406396192,0.01,True,True,False,False,0.01,0.0016
locked,locked_harder_holdout,holdout_bin_6,M2_Enhanced_LOW_GUARD_top64_fixed_guard_LR,46,main_42_46,fixed_lr,-4.118561382207412,0.01,True,True,False,False,0.0005,0.01
locked,locked_harder_holdout,holdout_bin_6,M3_top64_no_guard_LR,46,main_42_46,fixed_lr,52.262188785100285,0.01,True,True,False,False,0.01,0.0
locked,locked_harder_holdout,holdout_bin_6,M4_top64_random32_fixed_guard_LR,46,main_42_46,fixed_lr,-3.445819256563175,0.01,True,True,False,False,0.005,0.01
locked,locked_harder_holdout,holdout_bin_6,M5_Isolation_Forest_top64,46,main_42_46,iforest_n100_auto,0.6209405744171578,0.01,True,True,False,False,0.01,0.0
locked,locked_harder_holdout,holdout_bin_6,M6_OC_SVM_top64,46,main_42_46,sgd_ocsvm_nu001,-25.02532408414951,0.01,True,True,False,False,0.003,0.01
locked,locked_harder_holdout,holdout_bin_6,M7_HistGB_shallow_top64,46,main_42_46,histgb_depth2_iter50_lr005,0.00034779444698170166,0.01,True,True,False,False,0.0065,0.0014
locked,locked_harder_holdout,holdout_bin_6,M8_DevNet_like_MLP_top64,46,main_42_46,mlp_h16_alpha001,0.0038880506226560336,0.01,True,True,False,False,0.001,0.0098
locked,locked_harder_holdout,holdout_bin_6,M9_DeepSAD_like_center_top64,46,main_42_46,center_lambda2,689.6371118164061,0.01,True,True,False,False,0.01,0.0016
locked,locked_harder_holdout,holdout_bin_6,M0_V1_original100_fixed_guard_LR,47,heldout_47_51,fixed_lr,-2.3665623121180643,0.01,True,True,False,False,0.0,0.0098
locked,locked_harder_holdout,holdout_bin_6,M1_V2_top32_fixed_guard_LR,47,heldout_47_51,fixed_lr,-2.9855315406396192,0.01,True,True,False,False,0.01,0.0016
locked,locked_harder_holdout,holdout_bin_6,M2_Enhanced_LOW_GUARD_top64_fixed_guard_LR,47,heldout_47_51,fixed_lr,-4.118561382207412,0.01,True,True,False,False,0.0005,0.01
locked,locked_harder_holdout,holdout_bin_6,M3_top64_no_guard_LR,47,heldout_47_51,fixed_lr,52.262188785100285,0.01,True,True,False,False,0.01,0.0
locked,locked_harder_holdout,holdout_bin_6,M4_top64_random32_fixed_guard_LR,47,heldout_47_51,fixed_lr,-4.704110653572184,0.01,True,True,False,False,0.0,0.0098
locked,locked_harder_holdout,holdout_bin_6,M5_Isolation_Forest_top64,47,heldout_47_51,iforest_n100_auto,0.6179189423857899,0.01,True,True,False,False,0.01,0.0
locked,locked_harder_holdout,holdout_bin_6,M6_OC_SVM_top64,47,heldout_47_51,sgd_ocsvm_nu001,-38.959404762815616,0.01,True,True,False,False,0.0,0.0098
locked,locked_harder_holdout,holdout_bin_6,M7_HistGB_shallow_top64,47,heldout_47_51,histgb_depth2_iter50_lr005,0.0006424720299031547,0.01,True,True,False,False,0.0065,0.0016
locked,locked_harder_holdout,holdout_bin_6,M8_DevNet_like_MLP_top64,47,heldout_47_51,mlp_h16_alpha001,0.004305705940350971,0.01,True,True,False,False,0.002,0.0098
locked,locked_harder_holdout,holdout_bin_6,M9_DeepSAD_like_center_top64,47,heldout_47_51,center_lambda1,475.02895481109385,0.01,True,True,False,False,0.01,0.0014
locked,locked_harder_holdout,holdout_bin_6,M0_V1_original100_fixed_guard_LR,48,heldout_47_51,fixed_lr,-2.3665623121180643,0.01,True,True,False,False,0.0,0.0098
locked,locked_harder_holdout,holdout_bin_6,M1_V2_top32_fixed_guard_LR,48,heldout_47_51,fixed_lr,-2.9855315406396192,0.01,True,True,False,False,0.01,0.0016
locked,locked_harder_holdout,holdout_bin_6,M2_Enhanced_LOW_GUARD_top64_fixed_guard_LR,48,heldout_47_51,fixed_lr,-4.118561382207412,0.01,True,True,False,False,0.0005,0.01
locked,locked_harder_holdout,holdout_bin_6,M3_top64_no_guard_LR,48,heldout_47_51,fixed_lr,52.262188785100285,0.01,True,True,False,False,0.01,0.0
locked,locked_harder_holdout,holdout_bin_6,M4_top64_random32_fixed_guard_LR,48,heldout_47_51,fixed_lr,-4.122945402332109,0.01,True,True,False,False,0.0065,0.01
locked,locked_harder_holdout,holdout_bin_6,M5_Isolation_Forest_top64,48,heldout_47_51,iforest_n100_auto,0.618944374089987,0.01,True,True,False,False,0.01,0.0
locked,locked_harder_holdout,holdout_bin_6,M6_OC_SVM_top64,48,heldout_47_51,sgd_ocsvm_nu001,-34.245138145609836,0.01,True,True,False,False,0.0035,0.0098
locked,locked_harder_holdout,holdout_bin_6,M7_HistGB_shallow_top64,48,heldout_47_51,histgb_depth2_iter50_lr005,0.0005201751160554464,0.01,True,True,False,False,0.008,0.0014
locked,locked_harder_holdout,holdout_bin_6,M8_DevNet_like_MLP_top64,48,heldout_47_51,mlp_h16_alpha001,0.00525089950766415,0.01,True,True,False,False,0.0015,0.01
locked,locked_harder_holdout,holdout_bin_6,M9_DeepSAD_like_center_top64,48,heldout_47_51,center_lambda2,689.6371118164061,0.01,True,True,False,False,0.01,0.0016
locked,locked_harder_holdout,holdout_bin_6,M0_V1_original100_fixed_guard_LR,49,heldout_47_51,fixed_lr,-2.3665623121180643,0.01,True,True,False,False,0.0,0.0098
locked,locked_harder_holdout,holdout_bin_6,M1_V2_top32_fixed_guard_LR,49,heldout_47_51,fixed_lr,-2.9855315406396192,0.01,True,True,False,False,0.01,0.0016
locked,locked_harder_holdout,holdout_bin_6,M2_Enhanced_LOW_GUARD_top64_fixed_guard_LR,49,heldout_47_51,fixed_lr,-4.118561382207412,0.01,True,True,False,False,0.0005,0.01
locked,locked_harder_holdout,holdout_bin_6,M3_top64_no_guard_LR,49,heldout_47_51,fixed_lr,52.262188785100285,0.01,True,True,False,False,0.01,0.0
locked,locked_harder_holdout,holdout_bin_6,M4_top64_random32_fixed_guard_LR,49,heldout_47_51,fixed_lr,-4.507761512912676,0.01,True,True,False,False,0.002,0.0098
locked,locked_harder_holdout,holdout_bin_6,M5_Isolation_Forest_top64,49,heldout_47_51,iforest_n100_auto,0.5947079137834798,0.01,True,True,False,False,0.01,0.0002
locked,locked_harder_holdout,holdout_bin_6,M6_OC_SVM_top64,49,heldout_47_51,sgd_ocsvm_nu001,-40.018207722034184,0.01,True,True,False,False,0.0065,0.01
locked,locked_harder_holdout,holdout_bin_6,M7_HistGB_shallow_top64,49,heldout_47_51,histgb_depth2_iter50_lr005,0.0009078106781434506,0.01,True,True,False,False,0.007,0.0
locked,locked_harder_holdout,holdout_bin_6,M8_DevNet_like_MLP_top64,49,heldout_47_51,mlp_h16_alpha001,0.004270044379751194,0.01,True,True,False,False,0.0045,0.0098
locked,locked_harder_holdout,holdout_bin_6,M9_DeepSAD_like_center_top64,49,heldout_47_51,center_lambda1,475.02895481109385,0.01,True,True,False,False,0.01,0.0014
locked,locked_harder_holdout,holdout_bin_6,M0_V1_original100_fixed_guard_LR,50,heldout_47_51,fixed_lr,-2.3665623121180643,0.01,True,True,False,False,0.0,0.0098
locked,locked_harder_holdout,holdout_bin_6,M1_V2_top32_fixed_guard_LR,50,heldout_47_51,fixed_lr,-2.9855315406396192,0.01,True,True,False,False,0.01,0.0016
locked,locked_harder_holdout,holdout_bin_6,M2_Enhanced_LOW_GUARD_top64_fixed_guard_LR,50,heldout_47_51,fixed_lr,-4.118561382207412,0.01,True,True,False,False,0.0005,0.01
locked,locked_harder_holdout,holdout_bin_6,M3_top64_no_guard_LR,50,heldout_47_51,fixed_lr,52.262188785100285,0.01,True,True,False,False,0.01,0.0
locked,locked_harder_holdout,holdout_bin_6,M4_top64_random32_fixed_guard_LR,50,heldout_47_51,fixed_lr,-4.656942452779515,0.01,True,True,False,False,0.0,0.0098
locked,locked_harder_holdout,holdout_bin_6,M5_Isolation_Forest_top64,50,heldout_47_51,iforest_n100_auto,0.6138936843379399,0.01,True,True,False,False,0.01,0.0
locked,locked_harder_holdout,holdout_bin_6,M6_OC_SVM_top64,50,heldout_47_51,sgd_ocsvm_nu001,-33.183926248368365,0.01,True,True,False,False,0.01,0.0
locked,locked_harder_holdout,holdout_bin_6,M7_HistGB_shallow_top64,50,heldout_47_51,histgb_depth3_iter50_lr005,0.00042379625811624837,0.01,True,True,False,False,0.0,0.0056
locked,locked_harder_holdout,holdout_bin_6,M8_DevNet_like_MLP_top64,50,heldout_47_51,mlp_h16_alpha001,0.003720669462170916,0.01,True,True,False,False,0.0025,0.01
locked,locked_harder_holdout,holdout_bin_6,M9_DeepSAD_like_center_top64,50,heldout_47_51,center_lambda1,475.02895481109385,0.01,True,True,False,False,0.01,0.0014
locked,locked_harder_holdout,holdout_bin_6,M0_V1_original100_fixed_guard_LR,51,heldout_47_51,fixed_lr,-2.3665623121180643,0.01,True,True,False,False,0.0,0.0098
locked,locked_harder_holdout,holdout_bin_6,M1_V2_top32_fixed_guard_LR,51,heldout_47_51,fixed_lr,-2.9855315406396192,0.01,True,True,False,False,0.01,0.0016
locked,locked_harder_holdout,holdout_bin_6,M2_Enhanced_LOW_GUARD_top64_fixed_guard_LR,51,heldout_47_51,fixed_lr,-4.118561382207412,0.01,True,True,False,False,0.0005,0.01
locked,locked_harder_holdout,holdout_bin_6,M3_top64_no_guard_LR,51,heldout_47_51,fixed_lr,52.262188785100285,0.01,True,True,False,False,0.01,0.0
locked,locked_harder_holdout,holdout_bin_6,M4_top64_random32_fixed_guard_LR,51,heldout_47_51,fixed_lr,-3.7410273479072496,0.01,True,True,False,False,0.005,0.01
locked,locked_harder_holdout,holdout_bin_6,M5_Isolation_Forest_top64,51,heldout_47_51,iforest_n100_auto,0.6063112114183118,0.01,True,True,False,False,0.01,0.0
locked,locked_harder_holdout,holdout_bin_6,M6_OC_SVM_top64,51,heldout_47_51,sgd_ocsvm_nu001,-28.980657837179677,0.01,True,True,False,False,0.0,0.0098
locked,locked_harder_holdout,holdout_bin_6,M7_HistGB_shallow_top64,51,heldout_47_51,histgb_depth3_iter50_lr005,0.0004359124946101627,0.01,True,True,False,False,0.0055,0.0042
locked,locked_harder_holdout,holdout_bin_6,M8_DevNet_like_MLP_top64,51,heldout_47_51,mlp_h16_alpha001,0.0037309236006113126,0.01,True,True,False,False,0.0005,0.01
locked,locked_harder_holdout,holdout_bin_6,M9_DeepSAD_like_center_top64,51,heldout_47_51,center_lambda1,475.02895481109385,0.01,True,True,False,False,0.01,0.0014
locked,locked_harder_holdout,holdout_bin_7,M0_V1_original100_fixed_guard_LR,42,main_42_46,fixed_lr,-2.3126683191097466,0.01,True,True,False,False,0.0005,0.01
locked,locked_harder_holdout,holdout_bin_7,M1_V2_top32_fixed_guard_LR,42,main_42_46,fixed_lr,-2.8243662522618793,0.01,True,True,False,False,0.0095,0.0022
locked,locked_harder_holdout,holdout_bin_7,M2_Enhanced_LOW_GUARD_top64_fixed_guard_LR,42,main_42_46,fixed_lr,-4.067457114802276,0.01,True,True,False,False,0.0015,0.01
locked,locked_harder_holdout,holdout_bin_7,M3_top64_no_guard_LR,42,main_42_46,fixed_lr,71.18712401964892,0.01,True,True,False,False,0.01,0.0
locked,locked_harder_holdout,holdout_bin_7,M4_top64_random32_fixed_guard_LR,42,main_42_46,fixed_lr,-3.154437374605835,0.01,True,True,False,False,0.0015,0.01
locked,locked_harder_holdout,holdout_bin_7,M5_Isolation_Forest_top64,42,main_42_46,iforest_n100_auto,0.6260836953201632,0.01,True,True,False,False,0.01,0.0
locked,locked_harder_holdout,holdout_bin_7,M6_OC_SVM_top64,42,main_42_46,sgd_ocsvm_nu001,-38.90068863160338,0.01,True,True,False,False,0.0095,0.0068
locked,locked_harder_holdout,holdout_bin_7,M7_HistGB_shallow_top64,42,main_42_46,histgb_depth2_iter50_lr005,0.0012757689170966513,0.01,True,True,False,False,0.001,0.0002
locked,locked_harder_holdout,holdout_bin_7,M8_DevNet_like_MLP_top64,42,main_42_46,mlp_h16_alpha001,0.004337776404805471,0.01,True,True,False,False,0.0045,0.0098
locked,locked_harder_holdout,holdout_bin_7,M9_DeepSAD_like_center_top64,42,main_42_46,center_lambda1,694.7202195434569,0.01,True,True,False,False,0.01,0.0058
locked,locked_harder_holdout,holdout_bin_7,M0_V1_original100_fixed_guard_LR,43,main_42_46,fixed_lr,-2.3126683191097466,0.01,True,True,False,False,0.0005,0.01
locked,locked_harder_holdout,holdout_bin_7,M1_V2_top32_fixed_guard_LR,43,main_42_46,fixed_lr,-2.8243662522618793,0.01,True,True,False,False,0.0095,0.0022
locked,locked_harder_holdout,holdout_bin_7,M2_Enhanced_LOW_GUARD_top64_fixed_guard_LR,43,main_42_46,fixed_lr,-4.067457114802276,0.01,True,True,False,False,0.0015,0.01
locked,locked_harder_holdout,holdout_bin_7,M3_top64_no_guard_LR,43,main_42_46,fixed_lr,71.18712401964892,0.01,True,True,False,False,0.01,0.0
locked,locked_harder_holdout,holdout_bin_7,M4_top64_random32_fixed_guard_LR,43,main_42_46,fixed_lr,-4.535514770340627,0.01,True,True,False,False,0.0025,0.01
locked,locked_harder_holdout,holdout_bin_7,M5_Isolation_Forest_top64,43,main_42_46,iforest_n100_auto,0.5963938630700221,0.01,True,True,False,False,0.01,0.0002
locked,locked_harder_holdout,holdout_bin_7,M6_OC_SVM_top64,43,main_42_46,sgd_ocsvm_nu001,-26.191625058149093,0.01,True,True,False,False,0.01,0.0
locked,locked_harder_holdout,holdout_bin_7,M7_HistGB_shallow_top64,43,main_42_46,histgb_depth3_iter50_lr005,0.00033856587915489486,0.01,True,True,False,False,0.008,0.0082
locked,locked_harder_holdout,holdout_bin_7,M8_DevNet_like_MLP_top64,43,main_42_46,mlp_h16_alpha001,0.004478842604905336,0.01,True,True,False,False,0.003,0.01
locked,locked_harder_holdout,holdout_bin_7,M9_DeepSAD_like_center_top64,43,main_42_46,center_lambda2,1056.1468655700585,0.01,True,True,False,False,0.01,0.007
locked,locked_harder_holdout,holdout_bin_7,M0_V1_original100_fixed_guard_LR,44,main_42_46,fixed_lr,-2.3126683191097466,0.01,True,True,False,False,0.0005,0.01
locked,locked_harder_holdout,holdout_bin_7,M1_V2_top32_fixed_guard_LR,44,main_42_46,fixed_lr,-2.8243662522618793,0.01,True,True,False,False,0.0095,0.0022
locked,locked_harder_holdout,holdout_bin_7,M2_Enhanced_LOW_GUARD_top64_fixed_guard_LR,44,main_42_46,fixed_lr,-4.067457114802276,0.01,True,True,False,False,0.0015,0.01
locked,locked_harder_holdout,holdout_bin_7,M3_top64_no_guard_LR,44,main_42_46,fixed_lr,71.18712401964892,0.01,True,True,False,False,0.01,0.0
locked,locked_harder_holdout,holdout_bin_7,M4_top64_random32_fixed_guard_LR,44,main_42_46,fixed_lr,-1.8263081238457202,0.01,True,True,False,False,0.004,0.01
locked,locked_harder_holdout,holdout_bin_7,M5_Isolation_Forest_top64,44,main_42_46,iforest_n100_auto,0.6161989523219437,0.01,True,True,False,False,0.01,0.0
locked,locked_harder_holdout,holdout_bin_7,M6_OC_SVM_top64,44,main_42_46,sgd_ocsvm_nu001,-44.040729055638415,0.01,True,True,False,False,0.004,0.01
locked,locked_harder_holdout,holdout_bin_7,M7_HistGB_shallow_top64,44,main_42_46,histgb_depth2_iter50_lr005,0.0013827801701360096,0.01,True,True,False,False,0.0,0.0002
locked,locked_harder_holdout,holdout_bin_7,M8_DevNet_like_MLP_top64,44,main_42_46,mlp_h16_alpha001,0.003266272640146772,0.01,True,True,False,False,0.004,0.01
locked,locked_harder_holdout,holdout_bin_7,M9_DeepSAD_like_center_top64,44,main_42_46,center_lambda1,694.7202195434569,0.01,True,True,False,False,0.01,0.0058
locked,locked_harder_holdout,holdout_bin_7,M0_V1_original100_fixed_guard_LR,45,main_42_46,fixed_lr,-2.3126683191097466,0.01,True,True,False,False,0.0005,0.01
locked,locked_harder_holdout,holdout_bin_7,M1_V2_top32_fixed_guard_LR,45,main_42_46,fixed_lr,-2.8243662522618793,0.01,True,True,False,False,0.0095,0.0022
locked,locked_harder_holdout,holdout_bin_7,M2_Enhanced_LOW_GUARD_top64_fixed_guard_LR,45,main_42_46,fixed_lr,-4.067457114802276,0.01,True,True,False,False,0.0015,0.01
locked,locked_harder_holdout,holdout_bin_7,M3_top64_no_guard_LR,45,main_42_46,fixed_lr,71.18712401964892,0.01,True,True,False,False,0.01,0.0
locked,locked_harder_holdout,holdout_bin_7,M4_top64_random32_fixed_guard_LR,45,main_42_46,fixed_lr,-2.531706831466132,0.01,True,True,False,False,0.003,0.01
locked,locked_harder_holdout,holdout_bin_7,M5_Isolation_Forest_top64,45,main_42_46,iforest_n100_auto,0.6140463099222311,0.01,True,True,False,False,0.01,0.0
locked,locked_harder_holdout,holdout_bin_7,M6_OC_SVM_top64,45,main_42_46,sgd_ocsvm_nu001,-30.331975176381743,0.01,True,True,False,False,0.0075,0.01
locked,locked_harder_holdout,holdout_bin_7,M7_HistGB_shallow_top64,45,main_42_46,histgb_depth3_iter50_lr005,0.0003275361972448535,0.01,True,True,False,False,0.005,0.005
locked,locked_harder_holdout,holdout_bin_7,M8_DevNet_like_MLP_top64,45,main_42_46,mlp_h16_alpha001,0.005355094515252853,0.01,True,True,False,False,0.0,0.0098
locked,locked_harder_holdout,holdout_bin_7,M9_DeepSAD_like_center_top64,45,main_42_46,center_lambda1,694.7202195434569,0.01,True,True,False,False,0.01,0.0058
locked,locked_harder_holdout,holdout_bin_7,M0_V1_original100_fixed_guard_LR,46,main_42_46,fixed_lr,-2.3126683191097466,0.01,True,True,False,False,0.0005,0.01
locked,locked_harder_holdout,holdout_bin_7,M1_V2_top32_fixed_guard_LR,46,main_42_46,fixed_lr,-2.8243662522618793,0.01,True,True,False,False,0.0095,0.0022
locked,locked_harder_holdout,holdout_bin_7,M2_Enhanced_LOW_GUARD_top64_fixed_guard_LR,46,main_42_46,fixed_lr,-4.067457114802276,0.01,True,True,False,False,0.0015,0.01
locked,locked_harder_holdout,holdout_bin_7,M3_top64_no_guard_LR,46,main_42_46,fixed_lr,71.18712401964892,0.01,True,True,False,False,0.01,0.0
locked,locked_harder_holdout,holdout_bin_7,M4_top64_random32_fixed_guard_LR,46,main_42_46,fixed_lr,-2.2145530029068663,0.01,True,True,False,False,0.002,0.0098
locked,locked_harder_holdout,holdout_bin_7,M5_Isolation_Forest_top64,46,main_42_46,iforest_n100_auto,0.6030852179602025,0.01,True,True,False,False,0.01,0.0
locked,locked_harder_holdout,holdout_bin_7,M6_OC_SVM_top64,46,main_42_46,sgd_ocsvm_nu001,-29.223700875725214,0.01,True,True,False,False,0.0005,0.01
locked,locked_harder_holdout,holdout_bin_7,M7_HistGB_shallow_top64,46,main_42_46,histgb_depth3_iter50_lr005,0.00040314027158818073,0.01,True,True,False,False,0.004,0.0018
locked,locked_harder_holdout,holdout_bin_7,M8_DevNet_like_MLP_top64,46,main_42_46,mlp_h16_alpha001,0.005118742506019815,0.01,True,True,False,False,0.0015,0.01
locked,locked_harder_holdout,holdout_bin_7,M9_DeepSAD_like_center_top64,46,main_42_46,center_lambda2,1056.1468655700585,0.01,True,True,False,False,0.01,0.007
locked,locked_harder_holdout,holdout_bin_7,M0_V1_original100_fixed_guard_LR,47,heldout_47_51,fixed_lr,-2.3126683191097466,0.01,True,True,False,False,0.0005,0.01
locked,locked_harder_holdout,holdout_bin_7,M1_V2_top32_fixed_guard_LR,47,heldout_47_51,fixed_lr,-2.8243662522618793,0.01,True,True,False,False,0.0095,0.0022
locked,locked_harder_holdout,holdout_bin_7,M2_Enhanced_LOW_GUARD_top64_fixed_guard_LR,47,heldout_47_51,fixed_lr,-4.067457114802276,0.01,True,True,False,False,0.0015,0.01
locked,locked_harder_holdout,holdout_bin_7,M3_top64_no_guard_LR,47,heldout_47_51,fixed_lr,71.18712401964892,0.01,True,True,False,False,0.01,0.0
locked,locked_harder_holdout,holdout_bin_7,M4_top64_random32_fixed_guard_LR,47,heldout_47_51,fixed_lr,-3.9650941905804293,0.01,True,True,False,False,0.0005,0.01
locked,locked_harder_holdout,holdout_bin_7,M5_Isolation_Forest_top64,47,heldout_47_51,iforest_n100_auto,0.6117435080596001,0.01,True,True,False,False,0.01,0.0
locked,locked_harder_holdout,holdout_bin_7,M6_OC_SVM_top64,47,heldout_47_51,sgd_ocsvm_nu001,-38.18557765052054,0.01,True,True,False,False,0.0,0.0098
locked,locked_harder_holdout,holdout_bin_7,M7_HistGB_shallow_top64,47,heldout_47_51,histgb_depth3_iter50_lr005,0.0003183026512462695,0.01,True,True,False,False,0.0085,0.0074
locked,locked_harder_holdout,holdout_bin_7,M8_DevNet_like_MLP_top64,47,heldout_47_51,mlp_h16_alpha001,0.0030914105044212185,0.01,True,True,False,False,0.004,0.01
locked,locked_harder_holdout,holdout_bin_7,M9_DeepSAD_like_center_top64,47,heldout_47_51,center_lambda1,694.7202195434569,0.01,True,True,False,False,0.01,0.0058
locked,locked_harder_holdout,holdout_bin_7,M0_V1_original100_fixed_guard_LR,48,heldout_47_51,fixed_lr,-2.3126683191097466,0.01,True,True,False,False,0.0005,0.01
locked,locked_harder_holdout,holdout_bin_7,M1_V2_top32_fixed_guard_LR,48,heldout_47_51,fixed_lr,-2.8243662522618793,0.01,True,True,False,False,0.0095,0.0022
locked,locked_harder_holdout,holdout_bin_7,M2_Enhanced_LOW_GUARD_top64_fixed_guard_LR,48,heldout_47_51,fixed_lr,-4.067457114802276,0.01,True,True,False,False,0.0015,0.01
locked,locked_harder_holdout,holdout_bin_7,M3_top64_no_guard_LR,48,heldout_47_51,fixed_lr,71.18712401964892,0.01,True,True,False,False,0.01,0.0
locked,locked_harder_holdout,holdout_bin_7,M4_top64_random32_fixed_guard_LR,48,heldout_47_51,fixed_lr,-3.8989358557007967,0.01,True,True,False,False,0.0025,0.01
locked,locked_harder_holdout,holdout_bin_7,M5_Isolation_Forest_top64,48,heldout_47_51,iforest_n100_auto,0.6189715982884402,0.01,True,True,False,False,0.01,0.0
locked,locked_harder_holdout,holdout_bin_7,M6_OC_SVM_top64,48,heldout_47_51,sgd_ocsvm_nu001,-44.43829500702588,0.01,True,True,False,False,0.01,0.0
locked,locked_harder_holdout,holdout_bin_7,M7_HistGB_shallow_top64,48,heldout_47_51,histgb_depth2_iter50_lr005,0.001172755960887568,0.01,True,True,False,False,0.004,0.0
locked,locked_harder_holdout,holdout_bin_7,M8_DevNet_like_MLP_top64,48,heldout_47_51,mlp_h16_alpha001,0.005074498192407225,0.01,True,True,False,False,0.002,0.0098
locked,locked_harder_holdout,holdout_bin_7,M9_DeepSAD_like_center_top64,48,heldout_47_51,center_lambda1,694.7202195434569,0.01,True,True,False,False,0.01,0.0058
locked,locked_harder_holdout,holdout_bin_7,M0_V1_original100_fixed_guard_LR,49,heldout_47_51,fixed_lr,-2.3126683191097466,0.01,True,True,False,False,0.0005,0.01
locked,locked_harder_holdout,holdout_bin_7,M1_V2_top32_fixed_guard_LR,49,heldout_47_51,fixed_lr,-2.8243662522618793,0.01,True,True,False,False,0.0095,0.0022
locked,locked_harder_holdout,holdout_bin_7,M2_Enhanced_LOW_GUARD_top64_fixed_guard_LR,49,heldout_47_51,fixed_lr,-4.067457114802276,0.01,True,True,False,False,0.0015,0.01
locked,locked_harder_holdout,holdout_bin_7,M3_top64_no_guard_LR,49,heldout_47_51,fixed_lr,71.18712401964892,0.01,True,True,False,False,0.01,0.0
locked,locked_harder_holdout,holdout_bin_7,M4_top64_random32_fixed_guard_LR,49,heldout_47_51,fixed_lr,-4.28090961700597,0.01,True,True,False,False,0.001,0.0098
locked,locked_harder_holdout,holdout_bin_7,M5_Isolation_Forest_top64,49,heldout_47_51,iforest_n100_auto,0.6008414326351543,0.01,True,True,False,False,0.01,0.0
locked,locked_harder_holdout,holdout_bin_7,M6_OC_SVM_top64,49,heldout_47_51,sgd_ocsvm_nu001,-28.448850814084246,0.01,True,True,False,False,0.0,0.0098
locked,locked_harder_holdout,holdout_bin_7,M7_HistGB_shallow_top64,49,heldout_47_51,histgb_depth3_iter50_lr005,0.0011264055527310179,0.01,True,True,False,False,0.008,0.0018
locked,locked_harder_holdout,holdout_bin_7,M8_DevNet_like_MLP_top64,49,heldout_47_51,mlp_h16_alpha001,0.005165347661823034,0.01,True,True,False,False,0.003,0.01
locked,locked_harder_holdout,holdout_bin_7,M9_DeepSAD_like_center_top64,49,heldout_47_51,center_lambda2,1056.1468655700585,0.01,True,True,False,False,0.01,0.007
locked,locked_harder_holdout,holdout_bin_7,M0_V1_original100_fixed_guard_LR,50,heldout_47_51,fixed_lr,-2.3126683191097466,0.01,True,True,False,False,0.0005,0.01
locked,locked_harder_holdout,holdout_bin_7,M1_V2_top32_fixed_guard_LR,50,heldout_47_51,fixed_lr,-2.8243662522618793,0.01,True,True,False,False,0.0095,0.0022
locked,locked_harder_holdout,holdout_bin_7,M2_Enhanced_LOW_GUARD_top64_fixed_guard_LR,50,heldout_47_51,fixed_lr,-4.067457114802276,0.01,True,True,False,False,0.0015,0.01
locked,locked_harder_holdout,holdout_bin_7,M3_top64_no_guard_LR,50,heldout_47_51,fixed_lr,71.18712401964892,0.01,True,True,False,False,0.01,0.0
locked,locked_harder_holdout,holdout_bin_7,M4_top64_random32_fixed_guard_LR,50,heldout_47_51,fixed_lr,-4.458588967162141,0.01,True,True,False,False,0.0065,0.01
locked,locked_harder_holdout,holdout_bin_7,M5_Isolation_Forest_top64,50,heldout_47_51,iforest_n100_auto,0.624519307955526,0.01,True,True,False,False,0.01,0.0
locked,locked_harder_holdout,holdout_bin_7,M6_OC_SVM_top64,50,heldout_47_51,sgd_ocsvm_nu001,-25.807905542734687,0.01,True,True,False,False,0.01,0.0002
locked,locked_harder_holdout,holdout_bin_7,M7_HistGB_shallow_top64,50,heldout_47_51,histgb_depth3_iter50_lr005,0.0011403695801206102,0.01,True,True,False,False,0.0075,0.0018
locked,locked_harder_holdout,holdout_bin_7,M8_DevNet_like_MLP_top64,50,heldout_47_51,mlp_h16_alpha001,0.0038803581185638827,0.01,True,True,False,False,0.003,0.01
locked,locked_harder_holdout,holdout_bin_7,M9_DeepSAD_like_center_top64,50,heldout_47_51,center_lambda1,694.7202195434569,0.01,True,True,False,False,0.01,0.0058
locked,locked_harder_holdout,holdout_bin_7,M0_V1_original100_fixed_guard_LR,51,heldout_47_51,fixed_lr,-2.3126683191097466,0.01,True,True,False,False,0.0005,0.01
locked,locked_harder_holdout,holdout_bin_7,M1_V2_top32_fixed_guard_LR,51,heldout_47_51,fixed_lr,-2.8243662522618793,0.01,True,True,False,False,0.0095,0.0022
locked,locked_harder_holdout,holdout_bin_7,M2_Enhanced_LOW_GUARD_top64_fixed_guard_LR,51,heldout_47_51,fixed_lr,-4.067457114802276,0.01,True,True,False,False,0.0015,0.01
locked,locked_harder_holdout,holdout_bin_7,M3_top64_no_guard_LR,51,heldout_47_51,fixed_lr,71.18712401964892,0.01,True,True,False,False,0.01,0.0
locked,locked_harder_holdout,holdout_bin_7,M4_top64_random32_fixed_guard_LR,51,heldout_47_51,fixed_lr,-4.312764652511412,0.01,True,True,False,False,0.01,0.009
locked,locked_harder_holdout,holdout_bin_7,M5_Isolation_Forest_top64,51,heldout_47_51,iforest_n100_auto,0.6215789850402744,0.01,True,True,False,False,0.01,0.0
locked,locked_harder_holdout,holdout_bin_7,M6_OC_SVM_top64,51,heldout_47_51,sgd_ocsvm_nu001,-27.454158800771193,0.01,True,True,False,False,0.01,0.0094
locked,locked_harder_holdout,holdout_bin_7,M7_HistGB_shallow_top64,51,heldout_47_51,histgb_depth3_iter50_lr005,0.00035194776494947466,0.01,True,True,False,False,0.008,0.0036
locked,locked_harder_holdout,holdout_bin_7,M8_DevNet_like_MLP_top64,51,heldout_47_51,mlp_h16_alpha001,0.004223252620548003,0.01,True,True,False,False,0.003,0.01
locked,locked_harder_holdout,holdout_bin_7,M9_DeepSAD_like_center_top64,51,heldout_47_51,center_lambda2,1056.1468655700585,0.01,True,True,False,False,0.01,0.007
locked,locked_harder_holdout,holdout_bin_8,M0_V1_original100_fixed_guard_LR,42,main_42_46,fixed_lr,-3.022682424935188,0.01,True,True,False,False,0.0005,0.01
locked,locked_harder_holdout,holdout_bin_8,M1_V2_top32_fixed_guard_LR,42,main_42_46,fixed_lr,-3.0569668455981613,0.01,True,True,False,False,0.01,0.0044
locked,locked_harder_holdout,holdout_bin_8,M2_Enhanced_LOW_GUARD_top64_fixed_guard_LR,42,main_42_46,fixed_lr,-4.423520833673828,0.01,True,True,False,False,0.0005,0.01
locked,locked_harder_holdout,holdout_bin_8,M3_top64_no_guard_LR,42,main_42_46,fixed_lr,41.3226637976937,0.01,True,True,False,False,0.01,0.0
locked,locked_harder_holdout,holdout_bin_8,M4_top64_random32_fixed_guard_LR,42,main_42_46,fixed_lr,-3.1479960923294175,0.01,True,True,False,False,0.008,0.0098
locked,locked_harder_holdout,holdout_bin_8,M5_Isolation_Forest_top64,42,main_42_46,iforest_n100_auto,0.6144431259153561,0.01,True,True,False,False,0.01,0.0
locked,locked_harder_holdout,holdout_bin_8,M6_OC_SVM_top64,42,main_42_46,sgd_ocsvm_nu001,-32.407992228108924,0.01,True,True,False,False,0.01,0.0048
locked,locked_harder_holdout,holdout_bin_8,M7_HistGB_shallow_top64,42,main_42_46,histgb_depth3_iter50_lr005,0.00043596813970272813,0.01,True,True,False,False,0.002,0.0098
locked,locked_harder_holdout,holdout_bin_8,M8_DevNet_like_MLP_top64,42,main_42_46,mlp_h16_alpha001,0.004441898781340597,0.01,True,True,False,False,0.001,0.0098
locked,locked_harder_holdout,holdout_bin_8,M9_DeepSAD_like_center_top64,42,main_42_46,center_lambda1,568.4514444732658,0.01,True,True,False,False,0.01,0.0014
locked,locked_harder_holdout,holdout_bin_8,M0_V1_original100_fixed_guard_LR,43,main_42_46,fixed_lr,-3.022682424935188,0.01,True,True,False,False,0.0005,0.01
locked,locked_harder_holdout,holdout_bin_8,M1_V2_top32_fixed_guard_LR,43,main_42_46,fixed_lr,-3.0569668455981613,0.01,True,True,False,False,0.01,0.0044
locked,locked_harder_holdout,holdout_bin_8,M2_Enhanced_LOW_GUARD_top64_fixed_guard_LR,43,main_42_46,fixed_lr,-4.423520833673828,0.01,True,True,False,False,0.0005,0.01
locked,locked_harder_holdout,holdout_bin_8,M3_top64_no_guard_LR,43,main_42_46,fixed_lr,41.3226637976937,0.01,True,True,False,False,0.01,0.0
locked,locked_harder_holdout,holdout_bin_8,M4_top64_random32_fixed_guard_LR,43,main_42_46,fixed_lr,-3.1778216872340095,0.01,True,True,False,False,0.0015,0.01
locked,locked_harder_holdout,holdout_bin_8,M5_Isolation_Forest_top64,43,main_42_46,iforest_n100_auto,0.6211680261639656,0.01,True,True,False,False,0.01,0.0002
locked,locked_harder_holdout,holdout_bin_8,M6_OC_SVM_top64,43,main_42_46,sgd_ocsvm_nu001,-29.62783108612534,0.01,True,True,False,False,0.01,0.0
locked,locked_harder_holdout,holdout_bin_8,M7_HistGB_shallow_top64,43,main_42_46,histgb_depth2_iter50_lr005,0.0004844223562486052,0.01,True,True,False,False,0.0055,0.0098
locked,locked_harder_holdout,holdout_bin_8,M8_DevNet_like_MLP_top64,43,main_42_46,mlp_h16_alpha001,0.002713511173205906,0.01,True,True,False,False,0.0025,0.01
locked,locked_harder_holdout,holdout_bin_8,M9_DeepSAD_like_center_top64,43,main_42_46,center_lambda1,568.4514444732658,0.01,True,True,False,False,0.01,0.0014
locked,locked_harder_holdout,holdout_bin_8,M0_V1_original100_fixed_guard_LR,44,main_42_46,fixed_lr,-3.022682424935188,0.01,True,True,False,False,0.0005,0.01
locked,locked_harder_holdout,holdout_bin_8,M1_V2_top32_fixed_guard_LR,44,main_42_46,fixed_lr,-3.0569668455981613,0.01,True,True,False,False,0.01,0.0044
locked,locked_harder_holdout,holdout_bin_8,M2_Enhanced_LOW_GUARD_top64_fixed_guard_LR,44,main_42_46,fixed_lr,-4.423520833673828,0.01,True,True,False,False,0.0005,0.01
locked,locked_harder_holdout,holdout_bin_8,M3_top64_no_guard_LR,44,main_42_46,fixed_lr,41.3226637976937,0.01,True,True,False,False,0.01,0.0
locked,locked_harder_holdout,holdout_bin_8,M4_top64_random32_fixed_guard_LR,44,main_42_46,fixed_lr,-0.11217126428921653,0.01,True,True,False,False,0.0,0.0098
locked,locked_harder_holdout,holdout_bin_8,M5_Isolation_Forest_top64,44,main_42_46,iforest_n100_auto,0.6259590302749446,0.01,True,True,False,False,0.01,0.0
locked,locked_harder_holdout,holdout_bin_8,M6_OC_SVM_top64,44,main_42_46,sgd_ocsvm_nu001,-42.44778480671833,0.01,True,True,False,False,0.0005,0.01
locked,locked_harder_holdout,holdout_bin_8,M7_HistGB_shallow_top64,44,main_42_46,histgb_depth3_iter50_lr005,0.00039399422099837384,0.01,True,True,False,False,0.0,0.01
locked,locked_harder_holdout,holdout_bin_8,M8_DevNet_like_MLP_top64,44,main_42_46,mlp_h16_alpha001,0.0038271631710813433,0.01,True,True,False,False,0.0005,0.01
locked,locked_harder_holdout,holdout_bin_8,M9_DeepSAD_like_center_top64,44,main_42_46,center_lambda1,568.4514444732658,0.01,True,True,False,False,0.01,0.0014
locked,locked_harder_holdout,holdout_bin_8,M0_V1_original100_fixed_guard_LR,45,main_42_46,fixed_lr,-3.022682424935188,0.01,True,True,False,False,0.0005,0.01
locked,locked_harder_holdout,holdout_bin_8,M1_V2_top32_fixed_guard_LR,45,main_42_46,fixed_lr,-3.0569668455981613,0.01,True,True,False,False,0.01,0.0044
locked,locked_harder_holdout,holdout_bin_8,M2_Enhanced_LOW_GUARD_top64_fixed_guard_LR,45,main_42_46,fixed_lr,-4.423520833673828,0.01,True,True,False,False,0.0005,0.01
locked,locked_harder_holdout,holdout_bin_8,M3_top64_no_guard_LR,45,main_42_46,fixed_lr,41.3226637976937,0.01,True,True,False,False,0.01,0.0
locked,locked_harder_holdout,holdout_bin_8,M4_top64_random32_fixed_guard_LR,45,main_42_46,fixed_lr,-3.5960708698078823,0.01,True,True,False,False,0.0055,0.0098
locked,locked_harder_holdout,holdout_bin_8,M5_Isolation_Forest_top64,45,main_42_46,iforest_n100_auto,0.6158967315035558,0.01,True,True,False,False,0.01,0.0
locked,locked_harder_holdout,holdout_bin_8,M6_OC_SVM_top64,45,main_42_46,sgd_ocsvm_nu001,-33.56343862691139,0.01,True,True,False,False,0.0095,0.0004
locked,locked_harder_holdout,holdout_bin_8,M7_HistGB_shallow_top64,45,main_42_46,histgb_depth3_iter50_lr005,0.0003649562156760259,0.01,True,True,False,False,0.0045,0.01
locked,locked_harder_holdout,holdout_bin_8,M8_DevNet_like_MLP_top64,45,main_42_46,mlp_h16_alpha001,0.003137777292344253,0.01,True,True,False,False,0.0025,0.01
locked,locked_harder_holdout,holdout_bin_8,M9_DeepSAD_like_center_top64,45,main_42_46,center_lambda2,861.4247789764376,0.01,True,True,False,False,0.01,0.0014
locked,locked_harder_holdout,holdout_bin_8,M0_V1_original100_fixed_guard_LR,46,main_42_46,fixed_lr,-3.022682424935188,0.01,True,True,False,False,0.0005,0.01
locked,locked_harder_holdout,holdout_bin_8,M1_V2_top32_fixed_guard_LR,46,main_42_46,fixed_lr,-3.0569668455981613,0.01,True,True,False,False,0.01,0.0044
locked,locked_harder_holdout,holdout_bin_8,M2_Enhanced_LOW_GUARD_top64_fixed_guard_LR,46,main_42_46,fixed_lr,-4.423520833673828,0.01,True,True,False,False,0.0005,0.01
locked,locked_harder_holdout,holdout_bin_8,M3_top64_no_guard_LR,46,main_42_46,fixed_lr,41.3226637976937,0.01,True,True,False,False,0.01,0.0
locked,locked_harder_holdout,holdout_bin_8,M4_top64_random32_fixed_guard_LR,46,main_42_46,fixed_lr,-3.5580525376346652,0.01,True,True,False,False,0.005,0.01
locked,locked_harder_holdout,holdout_bin_8,M5_Isolation_Forest_top64,46,main_42_46,iforest_n100_auto,0.624771479367655,0.01,True,True,False,False,0.01,0.0
locked,locked_harder_holdout,holdout_bin_8,M6_OC_SVM_top64,46,main_42_46,sgd_ocsvm_nu001,-40.85051792061414,0.01,True,True,False,False,0.0095,0.006
locked,locked_harder_holdout,holdout_bin_8,M7_HistGB_shallow_top64,46,main_42_46,histgb_depth3_iter50_lr005,0.0003659757795110621,0.01,True,True,False,False,0.008,0.0098
locked,locked_harder_holdout,holdout_bin_8,M8_DevNet_like_MLP_top64,46,main_42_46,mlp_h16_alpha001,0.0037318508701864655,0.01,True,True,False,False,0.0005,0.01
locked,locked_harder_holdout,holdout_bin_8,M9_DeepSAD_like_center_top64,46,main_42_46,center_lambda1,568.4514444732658,0.01,True,True,False,False,0.01,0.0014
locked,locked_harder_holdout,holdout_bin_8,M0_V1_original100_fixed_guard_LR,47,heldout_47_51,fixed_lr,-3.022682424935188,0.01,True,True,False,False,0.0005,0.01
locked,locked_harder_holdout,holdout_bin_8,M1_V2_top32_fixed_guard_LR,47,heldout_47_51,fixed_lr,-3.0569668455981613,0.01,True,True,False,False,0.01,0.0044
locked,locked_harder_holdout,holdout_bin_8,M2_Enhanced_LOW_GUARD_top64_fixed_guard_LR,47,heldout_47_51,fixed_lr,-4.423520833673828,0.01,True,True,False,False,0.0005,0.01
locked,locked_harder_holdout,holdout_bin_8,M3_top64_no_guard_LR,47,heldout_47_51,fixed_lr,41.3226637976937,0.01,True,True,False,False,0.01,0.0
locked,locked_harder_holdout,holdout_bin_8,M4_top64_random32_fixed_guard_LR,47,heldout_47_51,fixed_lr,-4.039459368750177,0.01,True,True,False,False,0.001,0.0098
locked,locked_harder_holdout,holdout_bin_8,M5_Isolation_Forest_top64,47,heldout_47_51,iforest_n100_auto,0.6127597755674259,0.01,True,True,False,False,0.0095,0.0004
locked,locked_harder_holdout,holdout_bin_8,M6_OC_SVM_top64,47,heldout_47_51,sgd_ocsvm_nu001,-38.633187352167226,0.01,True,True,False,False,0.001,0.0098
locked,locked_harder_holdout,holdout_bin_8,M7_HistGB_shallow_top64,47,heldout_47_51,histgb_depth3_iter50_lr005,0.0003814983901688936,0.01,True,True,False,False,0.008,0.01
locked,locked_harder_holdout,holdout_bin_8,M8_DevNet_like_MLP_top64,47,heldout_47_51,mlp_h16_alpha001,0.004956587241380524,0.01,True,True,False,False,0.001,0.0098
locked,locked_harder_holdout,holdout_bin_8,M9_DeepSAD_like_center_top64,47,heldout_47_51,center_lambda2,861.4247789764376,0.01,True,True,False,False,0.01,0.0014
locked,locked_harder_holdout,holdout_bin_8,M0_V1_original100_fixed_guard_LR,48,heldout_47_51,fixed_lr,-3.022682424935188,0.01,True,True,False,False,0.0005,0.01
locked,locked_harder_holdout,holdout_bin_8,M1_V2_top32_fixed_guard_LR,48,heldout_47_51,fixed_lr,-3.0569668455981613,0.01,True,True,False,False,0.01,0.0044
locked,locked_harder_holdout,holdout_bin_8,M2_Enhanced_LOW_GUARD_top64_fixed_guard_LR,48,heldout_47_51,fixed_lr,-4.423520833673828,0.01,True,True,False,False,0.0005,0.01
locked,locked_harder_holdout,holdout_bin_8,M3_top64_no_guard_LR,48,heldout_47_51,fixed_lr,41.3226637976937,0.01,True,True,False,False,0.01,0.0
locked,locked_harder_holdout,holdout_bin_8,M4_top64_random32_fixed_guard_LR,48,heldout_47_51,fixed_lr,-4.554114564882782,0.01,True,True,False,False,0.0,0.0098
locked,locked_harder_holdout,holdout_bin_8,M5_Isolation_Forest_top64,48,heldout_47_51,iforest_n100_auto,0.6179640099973829,0.01,True,True,False,False,0.01,0.0002
locked,locked_harder_holdout,holdout_bin_8,M6_OC_SVM_top64,48,heldout_47_51,sgd_ocsvm_nu001,-36.82292480320155,0.01,True,True,False,False,0.0095,0.0012
locked,locked_harder_holdout,holdout_bin_8,M7_HistGB_shallow_top64,48,heldout_47_51,histgb_depth3_iter50_lr005,0.0004918693261426997,0.01,True,True,False,False,0.0,0.0096
locked,locked_harder_holdout,holdout_bin_8,M8_DevNet_like_MLP_top64,48,heldout_47_51,mlp_h16_alpha001,0.0043039537103613836,0.01,True,True,False,False,0.0025,0.01
locked,locked_harder_holdout,holdout_bin_8,M9_DeepSAD_like_center_top64,48,heldout_47_51,center_lambda2,861.4247789764376,0.01,True,True,False,False,0.01,0.0014
locked,locked_harder_holdout,holdout_bin_8,M0_V1_original100_fixed_guard_LR,49,heldout_47_51,fixed_lr,-3.022682424935188,0.01,True,True,False,False,0.0005,0.01
locked,locked_harder_holdout,holdout_bin_8,M1_V2_top32_fixed_guard_LR,49,heldout_47_51,fixed_lr,-3.0569668455981613,0.01,True,True,False,False,0.01,0.0044
locked,locked_harder_holdout,holdout_bin_8,M2_Enhanced_LOW_GUARD_top64_fixed_guard_LR,49,heldout_47_51,fixed_lr,-4.423520833673828,0.01,True,True,False,False,0.0005,0.01
locked,locked_harder_holdout,holdout_bin_8,M3_top64_no_guard_LR,49,heldout_47_51,fixed_lr,41.3226637976937,0.01,True,True,False,False,0.01,0.0
locked,locked_harder_holdout,holdout_bin_8,M4_top64_random32_fixed_guard_LR,49,heldout_47_51,fixed_lr,-0.6287792139988603,0.01,True,True,False,False,0.0005,0.01
locked,locked_harder_holdout,holdout_bin_8,M5_Isolation_Forest_top64,49,heldout_47_51,iforest_n100_auto,0.5929231995368652,0.01,True,True,False,False,0.01,0.0
locked,locked_harder_holdout,holdout_bin_8,M6_OC_SVM_top64,49,heldout_47_51,sgd_ocsvm_nu001,-40.02912611188168,0.01,True,True,False,False,0.01,0.0
locked,locked_harder_holdout,holdout_bin_8,M7_HistGB_shallow_top64,49,heldout_47_51,histgb_depth2_iter50_lr005,0.0003026019167322769,0.01,True,True,False,False,0.006,0.0092
locked,locked_harder_holdout,holdout_bin_8,M8_DevNet_like_MLP_top64,49,heldout_47_51,mlp_h16_alpha001,0.003760607622389199,0.01,True,True,False,False,0.0025,0.01
locked,locked_harder_holdout,holdout_bin_8,M9_DeepSAD_like_center_top64,49,heldout_47_51,center_lambda1,568.4514444732658,0.01,True,True,False,False,0.01,0.0014
locked,locked_harder_holdout,holdout_bin_8,M0_V1_original100_fixed_guard_LR,50,heldout_47_51,fixed_lr,-3.022682424935188,0.01,True,True,False,False,0.0005,0.01
locked,locked_harder_holdout,holdout_bin_8,M1_V2_top32_fixed_guard_LR,50,heldout_47_51,fixed_lr,-3.0569668455981613,0.01,True,True,False,False,0.01,0.0044
locked,locked_harder_holdout,holdout_bin_8,M2_Enhanced_LOW_GUARD_top64_fixed_guard_LR,50,heldout_47_51,fixed_lr,-4.423520833673828,0.01,True,True,False,False,0.0005,0.01
locked,locked_harder_holdout,holdout_bin_8,M3_top64_no_guard_LR,50,heldout_47_51,fixed_lr,41.3226637976937,0.01,True,True,False,False,0.01,0.0
locked,locked_harder_holdout,holdout_bin_8,M4_top64_random32_fixed_guard_LR,50,heldout_47_51,fixed_lr,-1.5883168598583226,0.01,True,True,False,False,0.0055,0.0098
locked,locked_harder_holdout,holdout_bin_8,M5_Isolation_Forest_top64,50,heldout_47_51,iforest_n100_auto,0.6173535305655584,0.01,True,True,False,False,0.01,0.0
locked,locked_harder_holdout,holdout_bin_8,M6_OC_SVM_top64,50,heldout_47_51,sgd_ocsvm_nu001,-37.98374400663106,0.01,True,True,False,False,0.01,0.0028
locked,locked_harder_holdout,holdout_bin_8,M7_HistGB_shallow_top64,50,heldout_47_51,histgb_depth3_iter50_lr005,0.00042500208450561643,0.01,True,True,False,False,0.0,0.0096
locked,locked_harder_holdout,holdout_bin_8,M8_DevNet_like_MLP_top64,50,heldout_47_51,mlp_h16_alpha001,0.0033245740033453794,0.01,True,True,False,False,0.002,0.0098
locked,locked_harder_holdout,holdout_bin_8,M9_DeepSAD_like_center_top64,50,heldout_47_51,center_lambda1,568.4514444732658,0.01,True,True,False,False,0.01,0.0014
locked,locked_harder_holdout,holdout_bin_8,M0_V1_original100_fixed_guard_LR,51,heldout_47_51,fixed_lr,-3.022682424935188,0.01,True,True,False,False,0.0005,0.01
locked,locked_harder_holdout,holdout_bin_8,M1_V2_top32_fixed_guard_LR,51,heldout_47_51,fixed_lr,-3.0569668455981613,0.01,True,True,False,False,0.01,0.0044
locked,locked_harder_holdout,holdout_bin_8,M2_Enhanced_LOW_GUARD_top64_fixed_guard_LR,51,heldout_47_51,fixed_lr,-4.423520833673828,0.01,True,True,False,False,0.0005,0.01
locked,locked_harder_holdout,holdout_bin_8,M3_top64_no_guard_LR,51,heldout_47_51,fixed_lr,41.3226637976937,0.01,True,True,False,False,0.01,0.0
locked,locked_harder_holdout,holdout_bin_8,M4_top64_random32_fixed_guard_LR,51,heldout_47_51,fixed_lr,-3.1313183213970777,0.01,True,True,False,False,0.002,0.0098
locked,locked_harder_holdout,holdout_bin_8,M5_Isolation_Forest_top64,51,heldout_47_51,iforest_n100_auto,0.6247268288211238,0.01,True,True,False,False,0.01,0.0
locked,locked_harder_holdout,holdout_bin_8,M6_OC_SVM_top64,51,heldout_47_51,sgd_ocsvm_nu001,-30.940882555431035,0.01,True,True,False,False,0.0095,0.0012
locked,locked_harder_holdout,holdout_bin_8,M7_HistGB_shallow_top64,51,heldout_47_51,histgb_depth2_iter50_lr005,0.0004576687550866442,0.01,True,True,False,False,0.0055,0.0098
locked,locked_harder_holdout,holdout_bin_8,M8_DevNet_like_MLP_top64,51,heldout_47_51,mlp_h16_alpha001,0.003483525398012714,0.01,True,True,False,False,0.0025,0.01
locked,locked_harder_holdout,holdout_bin_8,M9_DeepSAD_like_center_top64,51,heldout_47_51,center_lambda1,568.4514444732658,0.01,True,True,False,False,0.01,0.0014
consistency,primary_lowood,primary_lowood,M0_V1_original100_fixed_guard_LR,42,main_42_46,fixed_lr,-2.646479427395543,0.01,True,True,False,False,0.0005,0.01
consistency,primary_lowood,primary_lowood,M1_V2_top32_fixed_guard_LR,42,main_42_46,fixed_lr,-3.426404387097379,0.01,True,True,False,False,0.0095,0.0032
consistency,primary_lowood,primary_lowood,M2_Enhanced_LOW_GUARD_top64_fixed_guard_LR,42,main_42_46,fixed_lr,-4.41641482616712,0.01,True,True,False,False,0.001,0.0098
consistency,primary_lowood,primary_lowood,M3_top64_no_guard_LR,42,main_42_46,fixed_lr,13.478523128182468,0.01,True,True,False,False,0.01,0.0
consistency,primary_lowood,primary_lowood,M4_top64_random32_fixed_guard_LR,42,main_42_46,fixed_lr,-4.195785755495593,0.01,True,True,False,False,0.01,0.0044
consistency,primary_lowood,primary_lowood,M5_Isolation_Forest_top64,42,main_42_46,iforest_n100_auto,0.606813223071532,0.01,True,True,False,False,0.0095,0.0
consistency,primary_lowood,primary_lowood,M6_OC_SVM_top64,42,main_42_46,sgd_ocsvm_nu001,-41.401492530240574,0.01,True,True,False,False,0.01,0.0
consistency,primary_lowood,primary_lowood,M7_HistGB_shallow_top64,42,main_42_46,histgb_depth3_iter50_lr005,0.0004901600287619037,0.01,True,True,False,False,0.0005,0.01
consistency,primary_lowood,primary_lowood,M8_DevNet_like_MLP_top64,42,main_42_46,mlp_h16_alpha001,0.004260125049040648,0.01,True,True,False,False,0.0025,0.01
consistency,primary_lowood,primary_lowood,M9_DeepSAD_like_center_top64,42,main_42_46,center_lambda1,573.8416375122033,0.01,True,True,False,False,0.01,0.0002
consistency,primary_lowood,primary_lowood,M0_V1_original100_fixed_guard_LR,43,main_42_46,fixed_lr,-2.646479427395543,0.01,True,True,False,False,0.0005,0.01
consistency,primary_lowood,primary_lowood,M1_V2_top32_fixed_guard_LR,43,main_42_46,fixed_lr,-3.426404387097379,0.01,True,True,False,False,0.0095,0.0032
consistency,primary_lowood,primary_lowood,M2_Enhanced_LOW_GUARD_top64_fixed_guard_LR,43,main_42_46,fixed_lr,-4.41641482616712,0.01,True,True,False,False,0.001,0.0098
consistency,primary_lowood,primary_lowood,M3_top64_no_guard_LR,43,main_42_46,fixed_lr,13.478523128182468,0.01,True,True,False,False,0.01,0.0
consistency,primary_lowood,primary_lowood,M4_top64_random32_fixed_guard_LR,43,main_42_46,fixed_lr,-4.380204025946235,0.01,True,True,False,False,0.001,0.0098
consistency,primary_lowood,primary_lowood,M5_Isolation_Forest_top64,43,main_42_46,iforest_n100_auto,0.6063346004809502,0.01,True,True,False,False,0.01,0.0
consistency,primary_lowood,primary_lowood,M6_OC_SVM_top64,43,main_42_46,sgd_ocsvm_nu001,-27.67257163920019,0.01,True,True,False,False,0.0,0.0098
consistency,primary_lowood,primary_lowood,M7_HistGB_shallow_top64,43,main_42_46,histgb_depth3_iter50_lr005,0.0004745282735738481,0.01,True,True,False,False,0.01,0.0028
consistency,primary_lowood,primary_lowood,M8_DevNet_like_MLP_top64,43,main_42_46,mlp_h16_alpha001,0.003067599789355893,0.01,True,True,False,False,0.0015,0.01
consistency,primary_lowood,primary_lowood,M9_DeepSAD_like_center_top64,43,main_42_46,center_lambda1,573.8416375122033,0.01,True,True,False,False,0.01,0.0002
consistency,primary_lowood,primary_lowood,M0_V1_original100_fixed_guard_LR,44,main_42_46,fixed_lr,-2.646479427395543,0.01,True,True,False,False,0.0005,0.01
consistency,primary_lowood,primary_lowood,M1_V2_top32_fixed_guard_LR,44,main_42_46,fixed_lr,-3.426404387097379,0.01,True,True,False,False,0.0095,0.0032
consistency,primary_lowood,primary_lowood,M2_Enhanced_LOW_GUARD_top64_fixed_guard_LR,44,main_42_46,fixed_lr,-4.41641482616712,0.01,True,True,False,False,0.001,0.0098
consistency,primary_lowood,primary_lowood,M3_top64_no_guard_LR,44,main_42_46,fixed_lr,13.478523128182468,0.01,True,True,False,False,0.01,0.0
consistency,primary_lowood,primary_lowood,M4_top64_random32_fixed_guard_LR,44,main_42_46,fixed_lr,-2.8714677501472856,0.01,True,True,False,False,0.0025,0.01
consistency,primary_lowood,primary_lowood,M5_Isolation_Forest_top64,44,main_42_46,iforest_n100_auto,0.5933669585534466,0.01,True,True,False,False,0.01,0.0002
consistency,primary_lowood,primary_lowood,M6_OC_SVM_top64,44,main_42_46,sgd_ocsvm_nu001,-43.8539332304276,0.01,True,True,False,False,0.001,0.0098
consistency,primary_lowood,primary_lowood,M7_HistGB_shallow_top64,44,main_42_46,histgb_depth3_iter50_lr005,0.00047670390299683224,0.01,True,True,False,False,0.009,0.004
consistency,primary_lowood,primary_lowood,M8_DevNet_like_MLP_top64,44,main_42_46,mlp_h16_alpha001,0.0035259555975790382,0.01,True,True,False,False,0.0005,0.01
consistency,primary_lowood,primary_lowood,M9_DeepSAD_like_center_top64,44,main_42_46,center_lambda1,573.8416375122033,0.01,True,True,False,False,0.01,0.0002
consistency,primary_lowood,primary_lowood,M0_V1_original100_fixed_guard_LR,45,main_42_46,fixed_lr,-2.646479427395543,0.01,True,True,False,False,0.0005,0.01
consistency,primary_lowood,primary_lowood,M1_V2_top32_fixed_guard_LR,45,main_42_46,fixed_lr,-3.426404387097379,0.01,True,True,False,False,0.0095,0.0032
consistency,primary_lowood,primary_lowood,M2_Enhanced_LOW_GUARD_top64_fixed_guard_LR,45,main_42_46,fixed_lr,-4.41641482616712,0.01,True,True,False,False,0.001,0.0098
consistency,primary_lowood,primary_lowood,M3_top64_no_guard_LR,45,main_42_46,fixed_lr,13.478523128182468,0.01,True,True,False,False,0.01,0.0
consistency,primary_lowood,primary_lowood,M4_top64_random32_fixed_guard_LR,45,main_42_46,fixed_lr,-4.657945814044946,0.01,True,True,False,False,0.0,0.0098
consistency,primary_lowood,primary_lowood,M5_Isolation_Forest_top64,45,main_42_46,iforest_n100_auto,0.6019226413468107,0.01,True,True,False,False,0.01,0.0
consistency,primary_lowood,primary_lowood,M6_OC_SVM_top64,45,main_42_46,sgd_ocsvm_nu001,-33.991150575127506,0.01,True,True,False,False,0.0095,0.0008
consistency,primary_lowood,primary_lowood,M7_HistGB_shallow_top64,45,main_42_46,histgb_depth2_iter50_lr005,0.0004466633159248195,0.01,True,True,False,False,0.0,0.0096
consistency,primary_lowood,primary_lowood,M8_DevNet_like_MLP_top64,45,main_42_46,mlp_h16_alpha001,0.0032557482941774907,0.01,True,True,False,False,0.0015,0.01
consistency,primary_lowood,primary_lowood,M9_DeepSAD_like_center_top64,45,main_42_46,center_lambda1,573.8416375122033,0.01,True,True,False,False,0.01,0.0002
consistency,primary_lowood,primary_lowood,M0_V1_original100_fixed_guard_LR,46,main_42_46,fixed_lr,-2.646479427395543,0.01,True,True,False,False,0.0005,0.01
consistency,primary_lowood,primary_lowood,M1_V2_top32_fixed_guard_LR,46,main_42_46,fixed_lr,-3.426404387097379,0.01,True,True,False,False,0.0095,0.0032
consistency,primary_lowood,primary_lowood,M2_Enhanced_LOW_GUARD_top64_fixed_guard_LR,46,main_42_46,fixed_lr,-4.41641482616712,0.01,True,True,False,False,0.001,0.0098
consistency,primary_lowood,primary_lowood,M3_top64_no_guard_LR,46,main_42_46,fixed_lr,13.478523128182468,0.01,True,True,False,False,0.01,0.0
consistency,primary_lowood,primary_lowood,M4_top64_random32_fixed_guard_LR,46,main_42_46,fixed_lr,-2.667939045965636,0.01,True,True,False,False,0.0095,0.01
consistency,primary_lowood,primary_lowood,M5_Isolation_Forest_top64,46,main_42_46,iforest_n100_auto,0.5879472299668563,0.01,True,True,False,False,0.01,0.0
consistency,primary_lowood,primary_lowood,M6_OC_SVM_top64,46,main_42_46,sgd_ocsvm_nu001,-37.416226374089774,0.01,True,True,False,False,0.01,0.0
consistency,primary_lowood,primary_lowood,M7_HistGB_shallow_top64,46,main_42_46,histgb_depth3_iter50_lr005,0.0005365271082451796,0.01,True,True,False,False,0.009,0.0028
consistency,primary_lowood,primary_lowood,M8_DevNet_like_MLP_top64,46,main_42_46,mlp_h16_alpha001,0.0033818139967043657,0.01,True,True,False,False,0.0005,0.01
consistency,primary_lowood,primary_lowood,M9_DeepSAD_like_center_top64,46,main_42_46,center_lambda2,863.4617369995093,0.01,True,True,False,False,0.01,0.0002
consistency,primary_lowood,primary_lowood,M0_V1_original100_fixed_guard_LR,47,heldout_47_51,fixed_lr,-2.646479427395543,0.01,True,True,False,False,0.0005,0.01
consistency,primary_lowood,primary_lowood,M1_V2_top32_fixed_guard_LR,47,heldout_47_51,fixed_lr,-3.426404387097379,0.01,True,True,False,False,0.0095,0.0032
consistency,primary_lowood,primary_lowood,M2_Enhanced_LOW_GUARD_top64_fixed_guard_LR,47,heldout_47_51,fixed_lr,-4.41641482616712,0.01,True,True,False,False,0.001,0.0098
consistency,primary_lowood,primary_lowood,M3_top64_no_guard_LR,47,heldout_47_51,fixed_lr,13.478523128182468,0.01,True,True,False,False,0.01,0.0
consistency,primary_lowood,primary_lowood,M4_top64_random32_fixed_guard_LR,47,heldout_47_51,fixed_lr,-4.446870484061541,0.01,True,True,False,False,0.001,0.0098
consistency,primary_lowood,primary_lowood,M5_Isolation_Forest_top64,47,heldout_47_51,iforest_n100_auto,0.5972739778661831,0.01,True,True,False,False,0.01,0.0
consistency,primary_lowood,primary_lowood,M6_OC_SVM_top64,47,heldout_47_51,sgd_ocsvm_nu001,-42.51409210586865,0.01,True,True,False,False,0.0,0.0098
consistency,primary_lowood,primary_lowood,M7_HistGB_shallow_top64,47,heldout_47_51,histgb_depth3_iter50_lr005,0.00037969912560810334,0.01,True,True,False,False,0.0045,0.0094
consistency,primary_lowood,primary_lowood,M8_DevNet_like_MLP_top64,47,heldout_47_51,mlp_h16_alpha001,0.004265460169408467,0.01,True,True,False,False,0.0,0.0098
consistency,primary_lowood,primary_lowood,M9_DeepSAD_like_center_top64,47,heldout_47_51,center_lambda2,863.4617369995093,0.01,True,True,False,False,0.01,0.0002
consistency,primary_lowood,primary_lowood,M0_V1_original100_fixed_guard_LR,48,heldout_47_51,fixed_lr,-2.646479427395543,0.01,True,True,False,False,0.0005,0.01
consistency,primary_lowood,primary_lowood,M1_V2_top32_fixed_guard_LR,48,heldout_47_51,fixed_lr,-3.426404387097379,0.01,True,True,False,False,0.0095,0.0032
consistency,primary_lowood,primary_lowood,M2_Enhanced_LOW_GUARD_top64_fixed_guard_LR,48,heldout_47_51,fixed_lr,-4.41641482616712,0.01,True,True,False,False,0.001,0.0098
consistency,primary_lowood,primary_lowood,M3_top64_no_guard_LR,48,heldout_47_51,fixed_lr,13.478523128182468,0.01,True,True,False,False,0.01,0.0
consistency,primary_lowood,primary_lowood,M4_top64_random32_fixed_guard_LR,48,heldout_47_51,fixed_lr,-2.725367353860361,0.01,True,True,False,False,0.0015,0.01
consistency,primary_lowood,primary_lowood,M5_Isolation_Forest_top64,48,heldout_47_51,iforest_n100_auto,0.6083046823539404,0.01,True,True,False,False,0.01,0.0
consistency,primary_lowood,primary_lowood,M6_OC_SVM_top64,48,heldout_47_51,sgd_ocsvm_nu001,-41.03238054812981,0.01,True,True,False,False,0.01,0.0
consistency,primary_lowood,primary_lowood,M7_HistGB_shallow_top64,48,heldout_47_51,histgb_depth3_iter50_lr005,0.000438583440843788,0.01,True,True,False,False,0.01,0.009
consistency,primary_lowood,primary_lowood,M8_DevNet_like_MLP_top64,48,heldout_47_51,mlp_h16_alpha001,0.003717716948012851,0.01,True,True,False,False,0.0015,0.01
consistency,primary_lowood,primary_lowood,M9_DeepSAD_like_center_top64,48,heldout_47_51,center_lambda1,573.8416375122033,0.01,True,True,False,False,0.01,0.0002
consistency,primary_lowood,primary_lowood,M0_V1_original100_fixed_guard_LR,49,heldout_47_51,fixed_lr,-2.646479427395543,0.01,True,True,False,False,0.0005,0.01
consistency,primary_lowood,primary_lowood,M1_V2_top32_fixed_guard_LR,49,heldout_47_51,fixed_lr,-3.426404387097379,0.01,True,True,False,False,0.0095,0.0032
consistency,primary_lowood,primary_lowood,M2_Enhanced_LOW_GUARD_top64_fixed_guard_LR,49,heldout_47_51,fixed_lr,-4.41641482616712,0.01,True,True,False,False,0.001,0.0098
consistency,primary_lowood,primary_lowood,M3_top64_no_guard_LR,49,heldout_47_51,fixed_lr,13.478523128182468,0.01,True,True,False,False,0.01,0.0
consistency,primary_lowood,primary_lowood,M4_top64_random32_fixed_guard_LR,49,heldout_47_51,fixed_lr,-4.215151505463769,0.01,True,True,False,False,0.0025,0.01
consistency,primary_lowood,primary_lowood,M5_Isolation_Forest_top64,49,heldout_47_51,iforest_n100_auto,0.6005124423810119,0.01,True,True,False,False,0.01,0.0
consistency,primary_lowood,primary_lowood,M6_OC_SVM_top64,49,heldout_47_51,sgd_ocsvm_nu001,-37.622585380304486,0.01,True,True,False,False,0.01,0.001
consistency,primary_lowood,primary_lowood,M7_HistGB_shallow_top64,49,heldout_47_51,histgb_depth3_iter50_lr005,0.0004209807908295854,0.01,True,True,False,False,0.01,0.0084
consistency,primary_lowood,primary_lowood,M8_DevNet_like_MLP_top64,49,heldout_47_51,mlp_h16_alpha001,0.004975410197046595,0.01,True,True,False,False,0.001,0.0098
consistency,primary_lowood,primary_lowood,M9_DeepSAD_like_center_top64,49,heldout_47_51,center_lambda1,573.8416375122033,0.01,True,True,False,False,0.01,0.0002
consistency,primary_lowood,primary_lowood,M0_V1_original100_fixed_guard_LR,50,heldout_47_51,fixed_lr,-2.646479427395543,0.01,True,True,False,False,0.0005,0.01
consistency,primary_lowood,primary_lowood,M1_V2_top32_fixed_guard_LR,50,heldout_47_51,fixed_lr,-3.426404387097379,0.01,True,True,False,False,0.0095,0.0032
consistency,primary_lowood,primary_lowood,M2_Enhanced_LOW_GUARD_top64_fixed_guard_LR,50,heldout_47_51,fixed_lr,-4.41641482616712,0.01,True,True,False,False,0.001,0.0098
consistency,primary_lowood,primary_lowood,M3_top64_no_guard_LR,50,heldout_47_51,fixed_lr,13.478523128182468,0.01,True,True,False,False,0.01,0.0
consistency,primary_lowood,primary_lowood,M4_top64_random32_fixed_guard_LR,50,heldout_47_51,fixed_lr,-2.4528265180653697,0.01,True,True,False,False,0.0015,0.01
consistency,primary_lowood,primary_lowood,M5_Isolation_Forest_top64,50,heldout_47_51,iforest_n100_auto,0.5953350936141583,0.01,True,True,False,False,0.01,0.0
consistency,primary_lowood,primary_lowood,M6_OC_SVM_top64,50,heldout_47_51,sgd_ocsvm_nu001,-38.0376441275911,0.01,True,True,False,False,0.01,0.0034
consistency,primary_lowood,primary_lowood,M7_HistGB_shallow_top64,50,heldout_47_51,histgb_depth2_iter50_lr005,0.0009648319957337266,0.01,True,True,False,False,0.0,0.0084
consistency,primary_lowood,primary_lowood,M8_DevNet_like_MLP_top64,50,heldout_47_51,mlp_h16_alpha001,0.0036743669947027382,0.01,True,True,False,False,0.0005,0.01
consistency,primary_lowood,primary_lowood,M9_DeepSAD_like_center_top64,50,heldout_47_51,center_lambda1,573.8416375122033,0.01,True,True,False,False,0.01,0.0002
consistency,primary_lowood,primary_lowood,M0_V1_original100_fixed_guard_LR,51,heldout_47_51,fixed_lr,-2.646479427395543,0.01,True,True,False,False,0.0005,0.01
consistency,primary_lowood,primary_lowood,M1_V2_top32_fixed_guard_LR,51,heldout_47_51,fixed_lr,-3.426404387097379,0.01,True,True,False,False,0.0095,0.0032
consistency,primary_lowood,primary_lowood,M2_Enhanced_LOW_GUARD_top64_fixed_guard_LR,51,heldout_47_51,fixed_lr,-4.41641482616712,0.01,True,True,False,False,0.001,0.0098
consistency,primary_lowood,primary_lowood,M3_top64_no_guard_LR,51,heldout_47_51,fixed_lr,13.478523128182468,0.01,True,True,False,False,0.01,0.0
consistency,primary_lowood,primary_lowood,M4_top64_random32_fixed_guard_LR,51,heldout_47_51,fixed_lr,-3.9763604688112384,0.01,True,True,False,False,0.006,0.01
consistency,primary_lowood,primary_lowood,M5_Isolation_Forest_top64,51,heldout_47_51,iforest_n100_auto,0.5982384571269398,0.01,True,True,False,False,0.01,0.0
consistency,primary_lowood,primary_lowood,M6_OC_SVM_top64,51,heldout_47_51,sgd_ocsvm_nu001,-36.264696538724486,0.01,True,True,False,False,0.0,0.0098
consistency,primary_lowood,primary_lowood,M7_HistGB_shallow_top64,51,heldout_47_51,histgb_depth3_iter50_lr005,0.00035946480241811393,0.01,True,True,False,False,0.005,0.01
consistency,primary_lowood,primary_lowood,M8_DevNet_like_MLP_top64,51,heldout_47_51,mlp_h16_alpha001,0.002726318920671531,0.01,True,True,False,False,0.001,0.0098
consistency,primary_lowood,primary_lowood,M9_DeepSAD_like_center_top64,51,heldout_47_51,center_lambda1,573.8416375122033,0.01,True,True,False,False,0.01,0.0002
consistency,harder_holdout,chrono_late_train_early_eval,M0_V1_original100_fixed_guard_LR,42,main_42_46,fixed_lr,-3.2033476938112866,0.01,True,True,False,False,0.0,0.0098
consistency,harder_holdout,chrono_late_train_early_eval,M1_V2_top32_fixed_guard_LR,42,main_42_46,fixed_lr,-0.46364417869220853,0.01,True,True,False,False,0.01,0.0052
consistency,harder_holdout,chrono_late_train_early_eval,M2_Enhanced_LOW_GUARD_top64_fixed_guard_LR,42,main_42_46,fixed_lr,-2.8655547549506384,0.01,True,True,False,False,0.008,0.0098
consistency,harder_holdout,chrono_late_train_early_eval,M3_top64_no_guard_LR,42,main_42_46,fixed_lr,109.6071538200298,0.01,True,True,False,False,0.01,0.0
consistency,harder_holdout,chrono_late_train_early_eval,M4_top64_random32_fixed_guard_LR,42,main_42_46,fixed_lr,-3.6450665366223913,0.01,True,True,False,False,0.0035,0.0098
consistency,harder_holdout,chrono_late_train_early_eval,M5_Isolation_Forest_top64,42,main_42_46,iforest_n100_auto,0.6145052558444286,0.01,True,True,False,False,0.01,0.0
consistency,harder_holdout,chrono_late_train_early_eval,M6_OC_SVM_top64,42,main_42_46,sgd_ocsvm_nu001,-35.20849844716188,0.01,True,True,False,False,0.004,0.01
consistency,harder_holdout,chrono_late_train_early_eval,M7_HistGB_shallow_top64,42,main_42_46,histgb_depth3_iter50_lr005,0.001707635408662439,0.01,True,True,False,False,0.0055,0.008
consistency,harder_holdout,chrono_late_train_early_eval,M8_DevNet_like_MLP_top64,42,main_42_46,mlp_h16_alpha001,0.003174857922364028,0.01,True,True,False,False,0.007,0.0098
consistency,harder_holdout,chrono_late_train_early_eval,M9_DeepSAD_like_center_top64,42,main_42_46,center_lambda0,386.45732884216307,0.01,True,True,False,False,0.01,0.0
consistency,harder_holdout,chrono_late_train_early_eval,M0_V1_original100_fixed_guard_LR,43,main_42_46,fixed_lr,-3.2033476938112866,0.01,True,True,False,False,0.0,0.0098
consistency,harder_holdout,chrono_late_train_early_eval,M1_V2_top32_fixed_guard_LR,43,main_42_46,fixed_lr,-0.46364417869220853,0.01,True,True,False,False,0.01,0.0052
consistency,harder_holdout,chrono_late_train_early_eval,M2_Enhanced_LOW_GUARD_top64_fixed_guard_LR,43,main_42_46,fixed_lr,-2.8655547549506384,0.01,True,True,False,False,0.008,0.0098
consistency,harder_holdout,chrono_late_train_early_eval,M3_top64_no_guard_LR,43,main_42_46,fixed_lr,109.6071538200298,0.01,True,True,False,False,0.01,0.0
consistency,harder_holdout,chrono_late_train_early_eval,M4_top64_random32_fixed_guard_LR,43,main_42_46,fixed_lr,-4.490580993968923,0.01,True,True,False,False,0.007,0.0098
consistency,harder_holdout,chrono_late_train_early_eval,M5_Isolation_Forest_top64,43,main_42_46,iforest_n100_auto,0.6158410410363869,0.01,True,True,False,False,0.01,0.0
consistency,harder_holdout,chrono_late_train_early_eval,M6_OC_SVM_top64,43,main_42_46,sgd_ocsvm_nu001,-29.533623682500117,0.01,True,True,False,False,0.01,0.0
consistency,harder_holdout,chrono_late_train_early_eval,M7_HistGB_shallow_top64,43,main_42_46,histgb_depth3_iter50_lr005,0.0006111251708731296,0.01,True,True,False,False,0.007,0.0068
consistency,harder_holdout,chrono_late_train_early_eval,M8_DevNet_like_MLP_top64,43,main_42_46,mlp_h16_alpha001,0.0027197225375566627,0.01,True,True,False,False,0.005,0.01
consistency,harder_holdout,chrono_late_train_early_eval,M9_DeepSAD_like_center_top64,43,main_42_46,center_lambda0,386.45732884216307,0.01,True,True,False,False,0.01,0.0
consistency,harder_holdout,chrono_late_train_early_eval,M0_V1_original100_fixed_guard_LR,44,main_42_46,fixed_lr,-3.2033476938112866,0.01,True,True,False,False,0.0,0.0098
consistency,harder_holdout,chrono_late_train_early_eval,M1_V2_top32_fixed_guard_LR,44,main_42_46,fixed_lr,-0.46364417869220853,0.01,True,True,False,False,0.01,0.0052
consistency,harder_holdout,chrono_late_train_early_eval,M2_Enhanced_LOW_GUARD_top64_fixed_guard_LR,44,main_42_46,fixed_lr,-2.8655547549506384,0.01,True,True,False,False,0.008,0.0098
consistency,harder_holdout,chrono_late_train_early_eval,M3_top64_no_guard_LR,44,main_42_46,fixed_lr,109.6071538200298,0.01,True,True,False,False,0.01,0.0
consistency,harder_holdout,chrono_late_train_early_eval,M4_top64_random32_fixed_guard_LR,44,main_42_46,fixed_lr,-3.4076355376387006,0.01,True,True,False,False,0.0035,0.0098
consistency,harder_holdout,chrono_late_train_early_eval,M5_Isolation_Forest_top64,44,main_42_46,iforest_n100_auto,0.6176084746934324,0.01,True,True,False,False,0.01,0.0
consistency,harder_holdout,chrono_late_train_early_eval,M6_OC_SVM_top64,44,main_42_46,sgd_ocsvm_nu001,-48.79477786854338,0.01,True,True,False,False,0.005,0.01
consistency,harder_holdout,chrono_late_train_early_eval,M7_HistGB_shallow_top64,44,main_42_46,histgb_depth2_iter50_lr005,0.0020597479697098,0.01,True,True,False,False,0.005,0.0074
consistency,harder_holdout,chrono_late_train_early_eval,M8_DevNet_like_MLP_top64,44,main_42_46,mlp_h16_alpha001,0.005363639145158216,0.01,True,True,False,False,0.0025,0.01
consistency,harder_holdout,chrono_late_train_early_eval,M9_DeepSAD_like_center_top64,44,main_42_46,center_lambda2,2029.911263976942,0.01,True,True,False,False,0.01,0.0
consistency,harder_holdout,chrono_late_train_early_eval,M0_V1_original100_fixed_guard_LR,45,main_42_46,fixed_lr,-3.2033476938112866,0.01,True,True,False,False,0.0,0.0098
consistency,harder_holdout,chrono_late_train_early_eval,M1_V2_top32_fixed_guard_LR,45,main_42_46,fixed_lr,-0.46364417869220853,0.01,True,True,False,False,0.01,0.0052
consistency,harder_holdout,chrono_late_train_early_eval,M2_Enhanced_LOW_GUARD_top64_fixed_guard_LR,45,main_42_46,fixed_lr,-2.8655547549506384,0.01,True,True,False,False,0.008,0.0098
consistency,harder_holdout,chrono_late_train_early_eval,M3_top64_no_guard_LR,45,main_42_46,fixed_lr,109.6071538200298,0.01,True,True,False,False,0.01,0.0
consistency,harder_holdout,chrono_late_train_early_eval,M4_top64_random32_fixed_guard_LR,45,main_42_46,fixed_lr,-3.7953483847392477,0.01,True,True,False,False,0.01,0.0084
consistency,harder_holdout,chrono_late_train_early_eval,M5_Isolation_Forest_top64,45,main_42_46,iforest_n100_auto,0.6250753229965502,0.01,True,True,False,False,0.01,0.0
consistency,harder_holdout,chrono_late_train_early_eval,M6_OC_SVM_top64,45,main_42_46,sgd_ocsvm_nu001,-38.894208534228795,0.01,True,True,False,False,0.0,0.0098
consistency,harder_holdout,chrono_late_train_early_eval,M7_HistGB_shallow_top64,45,main_42_46,histgb_depth2_iter50_lr005,0.002067008347509796,0.01,True,True,False,False,0.005,0.008
consistency,harder_holdout,chrono_late_train_early_eval,M8_DevNet_like_MLP_top64,45,main_42_46,mlp_h16_alpha001,0.00863110603881066,0.01,True,True,False,False,0.004,0.01
consistency,harder_holdout,chrono_late_train_early_eval,M9_DeepSAD_like_center_top64,45,main_42_46,center_lambda1,1200.188639038056,0.01,True,True,False,False,0.01,0.0
consistency,harder_holdout,chrono_late_train_early_eval,M0_V1_original100_fixed_guard_LR,46,main_42_46,fixed_lr,-3.2033476938112866,0.01,True,True,False,False,0.0,0.0098
consistency,harder_holdout,chrono_late_train_early_eval,M1_V2_top32_fixed_guard_LR,46,main_42_46,fixed_lr,-0.46364417869220853,0.01,True,True,False,False,0.01,0.0052
consistency,harder_holdout,chrono_late_train_early_eval,M2_Enhanced_LOW_GUARD_top64_fixed_guard_LR,46,main_42_46,fixed_lr,-2.8655547549506384,0.01,True,True,False,False,0.008,0.0098
consistency,harder_holdout,chrono_late_train_early_eval,M3_top64_no_guard_LR,46,main_42_46,fixed_lr,109.6071538200298,0.01,True,True,False,False,0.01,0.0
consistency,harder_holdout,chrono_late_train_early_eval,M4_top64_random32_fixed_guard_LR,46,main_42_46,fixed_lr,-3.3288502519709033,0.01,True,True,False,False,0.003,0.01
consistency,harder_holdout,chrono_late_train_early_eval,M5_Isolation_Forest_top64,46,main_42_46,iforest_n100_auto,0.6258528004603273,0.01,True,True,False,False,0.01,0.0
consistency,harder_holdout,chrono_late_train_early_eval,M6_OC_SVM_top64,46,main_42_46,sgd_ocsvm_nu001,-25.798120276650497,0.01,True,True,False,False,0.01,0.0
consistency,harder_holdout,chrono_late_train_early_eval,M7_HistGB_shallow_top64,46,main_42_46,histgb_depth3_iter50_lr005,0.0015090716336021819,0.01,True,True,False,False,0.0065,0.0098
consistency,harder_holdout,chrono_late_train_early_eval,M8_DevNet_like_MLP_top64,46,main_42_46,mlp_h16_alpha001,0.008585488377138975,0.01,True,True,False,False,0.007,0.0098
consistency,harder_holdout,chrono_late_train_early_eval,M9_DeepSAD_like_center_top64,46,main_42_46,center_lambda0,386.45732884216307,0.01,True,True,False,False,0.01,0.0
consistency,harder_holdout,chrono_late_train_early_eval,M0_V1_original100_fixed_guard_LR,47,heldout_47_51,fixed_lr,-3.2033476938112866,0.01,True,True,False,False,0.0,0.0098
consistency,harder_holdout,chrono_late_train_early_eval,M1_V2_top32_fixed_guard_LR,47,heldout_47_51,fixed_lr,-0.46364417869220853,0.01,True,True,False,False,0.01,0.0052
consistency,harder_holdout,chrono_late_train_early_eval,M2_Enhanced_LOW_GUARD_top64_fixed_guard_LR,47,heldout_47_51,fixed_lr,-2.8655547549506384,0.01,True,True,False,False,0.008,0.0098
consistency,harder_holdout,chrono_late_train_early_eval,M3_top64_no_guard_LR,47,heldout_47_51,fixed_lr,109.6071538200298,0.01,True,True,False,False,0.01,0.0
consistency,harder_holdout,chrono_late_train_early_eval,M4_top64_random32_fixed_guard_LR,47,heldout_47_51,fixed_lr,-3.2198530935747987,0.01,True,True,False,False,0.005,0.01
consistency,harder_holdout,chrono_late_train_early_eval,M5_Isolation_Forest_top64,47,heldout_47_51,iforest_n100_auto,0.6201775837944529,0.01,True,True,False,False,0.01,0.0
consistency,harder_holdout,chrono_late_train_early_eval,M6_OC_SVM_top64,47,heldout_47_51,sgd_ocsvm_nu001,-31.598370445590717,0.01,True,True,False,False,0.0,0.0098
consistency,harder_holdout,chrono_late_train_early_eval,M7_HistGB_shallow_top64,47,heldout_47_51,histgb_depth3_iter50_lr005,0.0015350915358277402,0.01,True,True,False,False,0.006,0.008
consistency,harder_holdout,chrono_late_train_early_eval,M8_DevNet_like_MLP_top64,47,heldout_47_51,mlp_h16_alpha001,0.007385487240389943,0.01,True,True,False,False,0.0075,0.01
consistency,harder_holdout,chrono_late_train_early_eval,M9_DeepSAD_like_center_top64,47,heldout_47_51,center_lambda0,386.45732884216307,0.01,True,True,False,False,0.01,0.0
consistency,harder_holdout,chrono_late_train_early_eval,M0_V1_original100_fixed_guard_LR,48,heldout_47_51,fixed_lr,-3.2033476938112866,0.01,True,True,False,False,0.0,0.0098
consistency,harder_holdout,chrono_late_train_early_eval,M1_V2_top32_fixed_guard_LR,48,heldout_47_51,fixed_lr,-0.46364417869220853,0.01,True,True,False,False,0.01,0.0052
consistency,harder_holdout,chrono_late_train_early_eval,M2_Enhanced_LOW_GUARD_top64_fixed_guard_LR,48,heldout_47_51,fixed_lr,-2.8655547549506384,0.01,True,True,False,False,0.008,0.0098
consistency,harder_holdout,chrono_late_train_early_eval,M3_top64_no_guard_LR,48,heldout_47_51,fixed_lr,109.6071538200298,0.01,True,True,False,False,0.01,0.0
consistency,harder_holdout,chrono_late_train_early_eval,M4_top64_random32_fixed_guard_LR,48,heldout_47_51,fixed_lr,-4.512650181185495,0.01,True,True,False,False,0.007,0.0098
consistency,harder_holdout,chrono_late_train_early_eval,M5_Isolation_Forest_top64,48,heldout_47_51,iforest_n100_auto,0.6040685959020101,0.01,True,True,False,False,0.01,0.0
consistency,harder_holdout,chrono_late_train_early_eval,M6_OC_SVM_top64,48,heldout_47_51,sgd_ocsvm_nu001,-33.091668068034394,0.01,True,True,False,False,0.01,0.003
consistency,harder_holdout,chrono_late_train_early_eval,M7_HistGB_shallow_top64,48,heldout_47_51,histgb_depth3_iter50_lr005,0.0013853453025053112,0.01,True,True,False,False,0.0065,0.01
consistency,harder_holdout,chrono_late_train_early_eval,M8_DevNet_like_MLP_top64,48,heldout_47_51,mlp_h16_alpha001,0.004559580958448352,0.01,True,True,False,False,0.0065,0.01
consistency,harder_holdout,chrono_late_train_early_eval,M9_DeepSAD_like_center_top64,48,heldout_47_51,center_lambda1,1200.188639038056,0.01,True,True,False,False,0.01,0.0
consistency,harder_holdout,chrono_late_train_early_eval,M0_V1_original100_fixed_guard_LR,49,heldout_47_51,fixed_lr,-3.2033476938112866,0.01,True,True,False,False,0.0,0.0098
consistency,harder_holdout,chrono_late_train_early_eval,M1_V2_top32_fixed_guard_LR,49,heldout_47_51,fixed_lr,-0.46364417869220853,0.01,True,True,False,False,0.01,0.0052
consistency,harder_holdout,chrono_late_train_early_eval,M2_Enhanced_LOW_GUARD_top64_fixed_guard_LR,49,heldout_47_51,fixed_lr,-2.8655547549506384,0.01,True,True,False,False,0.008,0.0098
consistency,harder_holdout,chrono_late_train_early_eval,M3_top64_no_guard_LR,49,heldout_47_51,fixed_lr,109.6071538200298,0.01,True,True,False,False,0.01,0.0
consistency,harder_holdout,chrono_late_train_early_eval,M4_top64_random32_fixed_guard_LR,49,heldout_47_51,fixed_lr,-4.278205704161798,0.01,True,True,False,False,0.006,0.01
consistency,harder_holdout,chrono_late_train_early_eval,M5_Isolation_Forest_top64,49,heldout_47_51,iforest_n100_auto,0.6248746866194589,0.01,True,True,False,False,0.01,0.0
consistency,harder_holdout,chrono_late_train_early_eval,M6_OC_SVM_top64,49,heldout_47_51,sgd_ocsvm_nu001,-34.732860361852275,0.01,True,True,False,False,0.005,0.01
consistency,harder_holdout,chrono_late_train_early_eval,M7_HistGB_shallow_top64,49,heldout_47_51,histgb_depth2_iter50_lr005,0.001484461084273597,0.01,True,True,False,False,0.0055,0.0086
consistency,harder_holdout,chrono_late_train_early_eval,M8_DevNet_like_MLP_top64,49,heldout_47_51,mlp_h16_alpha001,0.006982997441431488,0.01,True,True,False,False,0.004,0.01
consistency,harder_holdout,chrono_late_train_early_eval,M9_DeepSAD_like_center_top64,49,heldout_47_51,center_lambda0,386.45732884216307,0.01,True,True,False,False,0.01,0.0
consistency,harder_holdout,chrono_late_train_early_eval,M0_V1_original100_fixed_guard_LR,50,heldout_47_51,fixed_lr,-3.2033476938112866,0.01,True,True,False,False,0.0,0.0098
consistency,harder_holdout,chrono_late_train_early_eval,M1_V2_top32_fixed_guard_LR,50,heldout_47_51,fixed_lr,-0.46364417869220853,0.01,True,True,False,False,0.01,0.0052
consistency,harder_holdout,chrono_late_train_early_eval,M2_Enhanced_LOW_GUARD_top64_fixed_guard_LR,50,heldout_47_51,fixed_lr,-2.8655547549506384,0.01,True,True,False,False,0.008,0.0098
consistency,harder_holdout,chrono_late_train_early_eval,M3_top64_no_guard_LR,50,heldout_47_51,fixed_lr,109.6071538200298,0.01,True,True,False,False,0.01,0.0
consistency,harder_holdout,chrono_late_train_early_eval,M4_top64_random32_fixed_guard_LR,50,heldout_47_51,fixed_lr,-4.209516565270799,0.01,True,True,False,False,0.001,0.0098
consistency,harder_holdout,chrono_late_train_early_eval,M5_Isolation_Forest_top64,50,heldout_47_51,iforest_n100_auto,0.6148738359956593,0.01,True,True,False,False,0.01,0.0
consistency,harder_holdout,chrono_late_train_early_eval,M6_OC_SVM_top64,50,heldout_47_51,sgd_ocsvm_nu001,-32.85083412419128,0.01,True,True,False,False,0.0005,0.01
consistency,harder_holdout,chrono_late_train_early_eval,M7_HistGB_shallow_top64,50,heldout_47_51,histgb_depth2_iter50_lr005,0.0017602057597417915,0.01,True,True,False,False,0.0055,0.008
consistency,harder_holdout,chrono_late_train_early_eval,M8_DevNet_like_MLP_top64,50,heldout_47_51,mlp_h16_alpha001,0.006486802836880101,0.01,True,True,False,False,0.0015,0.01
consistency,harder_holdout,chrono_late_train_early_eval,M9_DeepSAD_like_center_top64,50,heldout_47_51,center_lambda0,386.45732884216307,0.01,True,True,False,False,0.01,0.0
consistency,harder_holdout,chrono_late_train_early_eval,M0_V1_original100_fixed_guard_LR,51,heldout_47_51,fixed_lr,-3.2033476938112866,0.01,True,True,False,False,0.0,0.0098
consistency,harder_holdout,chrono_late_train_early_eval,M1_V2_top32_fixed_guard_LR,51,heldout_47_51,fixed_lr,-0.46364417869220853,0.01,True,True,False,False,0.01,0.0052
consistency,harder_holdout,chrono_late_train_early_eval,M2_Enhanced_LOW_GUARD_top64_fixed_guard_LR,51,heldout_47_51,fixed_lr,-2.8655547549506384,0.01,True,True,False,False,0.008,0.0098
consistency,harder_holdout,chrono_late_train_early_eval,M3_top64_no_guard_LR,51,heldout_47_51,fixed_lr,109.6071538200298,0.01,True,True,False,False,0.01,0.0
consistency,harder_holdout,chrono_late_train_early_eval,M4_top64_random32_fixed_guard_LR,51,heldout_47_51,fixed_lr,-4.21825785191509,0.01,True,True,False,False,0.0065,0.01
consistency,harder_holdout,chrono_late_train_early_eval,M5_Isolation_Forest_top64,51,heldout_47_51,iforest_n100_auto,0.6275688453951118,0.01,True,True,False,False,0.01,0.0
consistency,harder_holdout,chrono_late_train_early_eval,M6_OC_SVM_top64,51,heldout_47_51,sgd_ocsvm_nu001,-39.32414757049775,0.01,True,True,False,False,0.01,0.001
consistency,harder_holdout,chrono_late_train_early_eval,M7_HistGB_shallow_top64,51,heldout_47_51,histgb_depth2_iter50_lr005,0.002689489019957205,0.01,True,True,False,False,0.005,0.0032
consistency,harder_holdout,chrono_late_train_early_eval,M8_DevNet_like_MLP_top64,51,heldout_47_51,mlp_h16_alpha001,0.0032445807495387106,0.01,True,True,False,False,0.0025,0.01
consistency,harder_holdout,chrono_late_train_early_eval,M9_DeepSAD_like_center_top64,51,heldout_47_51,center_lambda0,386.45732884216307,0.01,True,True,False,False,0.01,0.0
consistency,harder_holdout,holdout_bin_2,M0_V1_original100_fixed_guard_LR,42,main_42_46,fixed_lr,-3.126371385544741,0.01,True,True,False,False,0.0,0.0098
consistency,harder_holdout,holdout_bin_2,M1_V2_top32_fixed_guard_LR,42,main_42_46,fixed_lr,-1.9876145615455427,0.01,True,True,False,False,0.006,0.01
consistency,harder_holdout,holdout_bin_2,M2_Enhanced_LOW_GUARD_top64_fixed_guard_LR,42,main_42_46,fixed_lr,-3.4616880163438504,0.01,True,True,False,False,0.0075,0.01
consistency,harder_holdout,holdout_bin_2,M3_top64_no_guard_LR,42,main_42_46,fixed_lr,18.413058797626466,0.01,True,True,False,False,0.01,0.0
consistency,harder_holdout,holdout_bin_2,M4_top64_random32_fixed_guard_LR,42,main_42_46,fixed_lr,-3.240610832858738,0.01,True,True,False,False,0.0025,0.01
consistency,harder_holdout,holdout_bin_2,M5_Isolation_Forest_top64,42,main_42_46,iforest_n100_auto,0.6308143402988552,0.01,True,True,False,False,0.0095,0.0
consistency,harder_holdout,holdout_bin_2,M6_OC_SVM_top64,42,main_42_46,sgd_ocsvm_nu001,-35.20144509957337,0.01,True,True,False,False,0.01,0.0
consistency,harder_holdout,holdout_bin_2,M7_HistGB_shallow_top64,42,main_42_46,histgb_depth3_iter50_lr005,0.00042575106991407495,0.01,True,True,False,False,0.01,0.0098
consistency,harder_holdout,holdout_bin_2,M8_DevNet_like_MLP_top64,42,main_42_46,mlp_h16_alpha001,0.01190107142319915,0.01,True,True,False,False,0.002,0.0098
consistency,harder_holdout,holdout_bin_2,M9_DeepSAD_like_center_top64,42,main_42_46,center_lambda1,1258.1756567687935,0.01,True,True,False,False,0.01,0.0
consistency,harder_holdout,holdout_bin_2,M0_V1_original100_fixed_guard_LR,43,main_42_46,fixed_lr,-3.126371385544741,0.01,True,True,False,False,0.0,0.0098
consistency,harder_holdout,holdout_bin_2,M1_V2_top32_fixed_guard_LR,43,main_42_46,fixed_lr,-1.9876145615455427,0.01,True,True,False,False,0.006,0.01
consistency,harder_holdout,holdout_bin_2,M2_Enhanced_LOW_GUARD_top64_fixed_guard_LR,43,main_42_46,fixed_lr,-3.4616880163438504,0.01,True,True,False,False,0.0075,0.01
consistency,harder_holdout,holdout_bin_2,M3_top64_no_guard_LR,43,main_42_46,fixed_lr,18.413058797626466,0.01,True,True,False,False,0.01,0.0
consistency,harder_holdout,holdout_bin_2,M4_top64_random32_fixed_guard_LR,43,main_42_46,fixed_lr,-2.8019292688342596,0.01,True,True,False,False,0.008,0.0098
consistency,harder_holdout,holdout_bin_2,M5_Isolation_Forest_top64,43,main_42_46,iforest_n100_auto,0.6263176753759159,0.01,True,True,False,False,0.01,0.0
consistency,harder_holdout,holdout_bin_2,M6_OC_SVM_top64,43,main_42_46,sgd_ocsvm_nu001,-29.367327340393178,0.01,True,True,False,False,0.0025,0.01
consistency,harder_holdout,holdout_bin_2,M7_HistGB_shallow_top64,43,main_42_46,histgb_depth2_iter50_lr005,0.0010810743737537777,0.01,True,True,False,False,0.0085,0.0028
consistency,harder_holdout,holdout_bin_2,M8_DevNet_like_MLP_top64,43,main_42_46,mlp_h16_alpha001,0.01948347146809094,0.01,True,True,False,False,0.003,0.01
consistency,harder_holdout,holdout_bin_2,M9_DeepSAD_like_center_top64,43,main_42_46,center_lambda0,392.07909576415904,0.01,True,True,False,False,0.01,0.0
consistency,harder_holdout,holdout_bin_2,M0_V1_original100_fixed_guard_LR,44,main_42_46,fixed_lr,-3.126371385544741,0.01,True,True,False,False,0.0,0.0098
consistency,harder_holdout,holdout_bin_2,M1_V2_top32_fixed_guard_LR,44,main_42_46,fixed_lr,-1.9876145615455427,0.01,True,True,False,False,0.006,0.01
consistency,harder_holdout,holdout_bin_2,M2_Enhanced_LOW_GUARD_top64_fixed_guard_LR,44,main_42_46,fixed_lr,-3.4616880163438504,0.01,True,True,False,False,0.0075,0.01
consistency,harder_holdout,holdout_bin_2,M3_top64_no_guard_LR,44,main_42_46,fixed_lr,18.413058797626466,0.01,True,True,False,False,0.01,0.0
consistency,harder_holdout,holdout_bin_2,M4_top64_random32_fixed_guard_LR,44,main_42_46,fixed_lr,-1.5265510557099362,0.01,True,True,False,False,0.0,0.0098
consistency,harder_holdout,holdout_bin_2,M5_Isolation_Forest_top64,44,main_42_46,iforest_n100_auto,0.6340797610743452,0.01,True,True,False,False,0.01,0.0
consistency,harder_holdout,holdout_bin_2,M6_OC_SVM_top64,44,main_42_46,sgd_ocsvm_nu001,-44.974948710987704,0.01,True,True,False,False,0.01,0.0002
consistency,harder_holdout,holdout_bin_2,M7_HistGB_shallow_top64,44,main_42_46,histgb_depth2_iter50_lr005,0.001030324507358413,0.01,True,True,False,False,0.0075,0.0066
consistency,harder_holdout,holdout_bin_2,M8_DevNet_like_MLP_top64,44,main_42_46,mlp_h16_alpha001,0.00821967829717331,0.01,True,True,False,False,0.002,0.0098
consistency,harder_holdout,holdout_bin_2,M9_DeepSAD_like_center_top64,44,main_42_46,center_lambda1,1258.1756567687935,0.01,True,True,False,False,0.01,0.0
consistency,harder_holdout,holdout_bin_2,M0_V1_original100_fixed_guard_LR,45,main_42_46,fixed_lr,-3.126371385544741,0.01,True,True,False,False,0.0,0.0098
consistency,harder_holdout,holdout_bin_2,M1_V2_top32_fixed_guard_LR,45,main_42_46,fixed_lr,-1.9876145615455427,0.01,True,True,False,False,0.006,0.01
consistency,harder_holdout,holdout_bin_2,M2_Enhanced_LOW_GUARD_top64_fixed_guard_LR,45,main_42_46,fixed_lr,-3.4616880163438504,0.01,True,True,False,False,0.0075,0.01
consistency,harder_holdout,holdout_bin_2,M3_top64_no_guard_LR,45,main_42_46,fixed_lr,18.413058797626466,0.01,True,True,False,False,0.01,0.0
consistency,harder_holdout,holdout_bin_2,M4_top64_random32_fixed_guard_LR,45,main_42_46,fixed_lr,1.4147539532627247,0.01,True,True,False,False,0.0,0.0098
consistency,harder_holdout,holdout_bin_2,M5_Isolation_Forest_top64,45,main_42_46,iforest_n100_auto,0.6321662026253168,0.01,True,True,False,False,0.01,0.0
consistency,harder_holdout,holdout_bin_2,M6_OC_SVM_top64,45,main_42_46,sgd_ocsvm_nu001,-36.71216072967987,0.01,True,True,False,False,0.01,0.0
consistency,harder_holdout,holdout_bin_2,M7_HistGB_shallow_top64,45,main_42_46,histgb_depth3_iter50_lr005,0.0009823921927479813,0.01,True,True,False,False,0.007,0.0068
consistency,harder_holdout,holdout_bin_2,M8_DevNet_like_MLP_top64,45,main_42_46,mlp_h16_alpha001,0.009231332344934376,0.01,True,True,False,False,0.002,0.0098
consistency,harder_holdout,holdout_bin_2,M9_DeepSAD_like_center_top64,45,main_42_46,center_lambda1,1258.1756567687935,0.01,True,True,False,False,0.01,0.0
consistency,harder_holdout,holdout_bin_2,M0_V1_original100_fixed_guard_LR,46,main_42_46,fixed_lr,-3.126371385544741,0.01,True,True,False,False,0.0,0.0098
consistency,harder_holdout,holdout_bin_2,M1_V2_top32_fixed_guard_LR,46,main_42_46,fixed_lr,-1.9876145615455427,0.01,True,True,False,False,0.006,0.01
consistency,harder_holdout,holdout_bin_2,M2_Enhanced_LOW_GUARD_top64_fixed_guard_LR,46,main_42_46,fixed_lr,-3.4616880163438504,0.01,True,True,False,False,0.0075,0.01
consistency,harder_holdout,holdout_bin_2,M3_top64_no_guard_LR,46,main_42_46,fixed_lr,18.413058797626466,0.01,True,True,False,False,0.01,0.0
consistency,harder_holdout,holdout_bin_2,M4_top64_random32_fixed_guard_LR,46,main_42_46,fixed_lr,-4.475393154362022,0.01,True,True,False,False,0.007,0.0098
consistency,harder_holdout,holdout_bin_2,M5_Isolation_Forest_top64,46,main_42_46,iforest_n100_auto,0.6516910293758564,0.01,True,True,False,False,0.01,0.0
consistency,harder_holdout,holdout_bin_2,M6_OC_SVM_top64,46,main_42_46,sgd_ocsvm_nu001,-28.29154721490267,0.01,True,True,False,False,0.01,0.0014
consistency,harder_holdout,holdout_bin_2,M7_HistGB_shallow_top64,46,main_42_46,histgb_depth2_iter50_lr005,0.0013630917031246476,0.01,True,True,False,False,0.007,0.002
consistency,harder_holdout,holdout_bin_2,M8_DevNet_like_MLP_top64,46,main_42_46,mlp_h16_alpha001,0.005200852782000061,0.01,True,True,False,False,0.002,0.0098
consistency,harder_holdout,holdout_bin_2,M9_DeepSAD_like_center_top64,46,main_42_46,center_lambda1,1258.1756567687935,0.01,True,True,False,False,0.01,0.0
consistency,harder_holdout,holdout_bin_2,M0_V1_original100_fixed_guard_LR,47,heldout_47_51,fixed_lr,-3.126371385544741,0.01,True,True,False,False,0.0,0.0098
consistency,harder_holdout,holdout_bin_2,M1_V2_top32_fixed_guard_LR,47,heldout_47_51,fixed_lr,-1.9876145615455427,0.01,True,True,False,False,0.006,0.01
consistency,harder_holdout,holdout_bin_2,M2_Enhanced_LOW_GUARD_top64_fixed_guard_LR,47,heldout_47_51,fixed_lr,-3.4616880163438504,0.01,True,True,False,False,0.0075,0.01
consistency,harder_holdout,holdout_bin_2,M3_top64_no_guard_LR,47,heldout_47_51,fixed_lr,18.413058797626466,0.01,True,True,False,False,0.01,0.0
consistency,harder_holdout,holdout_bin_2,M4_top64_random32_fixed_guard_LR,47,heldout_47_51,fixed_lr,-3.5140608023726654,0.01,True,True,False,False,0.0065,0.01
consistency,harder_holdout,holdout_bin_2,M5_Isolation_Forest_top64,47,heldout_47_51,iforest_n100_auto,0.6293449298979976,0.01,True,True,False,False,0.01,0.0
consistency,harder_holdout,holdout_bin_2,M6_OC_SVM_top64,47,heldout_47_51,sgd_ocsvm_nu001,-31.363820817982425,0.01,True,True,False,False,0.0,0.0098
consistency,harder_holdout,holdout_bin_2,M7_HistGB_shallow_top64,47,heldout_47_51,histgb_depth2_iter50_lr005,0.001528159773660504,0.01,True,True,False,False,0.008,0.0054
consistency,harder_holdout,holdout_bin_2,M8_DevNet_like_MLP_top64,47,heldout_47_51,mlp_h16_alpha001,0.008305995321134053,0.01,True,True,False,False,0.0025,0.01
consistency,harder_holdout,holdout_bin_2,M9_DeepSAD_like_center_top64,47,heldout_47_51,center_lambda0,392.07909576415904,0.01,True,True,False,False,0.01,0.0
consistency,harder_holdout,holdout_bin_2,M0_V1_original100_fixed_guard_LR,48,heldout_47_51,fixed_lr,-3.126371385544741,0.01,True,True,False,False,0.0,0.0098
consistency,harder_holdout,holdout_bin_2,M1_V2_top32_fixed_guard_LR,48,heldout_47_51,fixed_lr,-1.9876145615455427,0.01,True,True,False,False,0.006,0.01
consistency,harder_holdout,holdout_bin_2,M2_Enhanced_LOW_GUARD_top64_fixed_guard_LR,48,heldout_47_51,fixed_lr,-3.4616880163438504,0.01,True,True,False,False,0.0075,0.01
consistency,harder_holdout,holdout_bin_2,M3_top64_no_guard_LR,48,heldout_47_51,fixed_lr,18.413058797626466,0.01,True,True,False,False,0.01,0.0
consistency,harder_holdout,holdout_bin_2,M4_top64_random32_fixed_guard_LR,48,heldout_47_51,fixed_lr,-4.517555376202954,0.01,True,True,False,False,0.0065,0.01
consistency,harder_holdout,holdout_bin_2,M5_Isolation_Forest_top64,48,heldout_47_51,iforest_n100_auto,0.6308703579388583,0.01,True,True,False,False,0.01,0.0
consistency,harder_holdout,holdout_bin_2,M6_OC_SVM_top64,48,heldout_47_51,sgd_ocsvm_nu001,-39.156180130437754,0.01,True,True,False,False,0.01,0.0
consistency,harder_holdout,holdout_bin_2,M7_HistGB_shallow_top64,48,heldout_47_51,histgb_depth3_iter50_lr005,0.0011038510054401695,0.01,True,True,False,False,0.002,0.008
consistency,harder_holdout,holdout_bin_2,M8_DevNet_like_MLP_top64,48,heldout_47_51,mlp_h16_alpha001,0.005639381077140491,0.01,True,True,False,False,0.0035,0.0098
consistency,harder_holdout,holdout_bin_2,M9_DeepSAD_like_center_top64,48,heldout_47_51,center_lambda1,1258.1756567687935,0.01,True,True,False,False,0.01,0.0
consistency,harder_holdout,holdout_bin_2,M0_V1_original100_fixed_guard_LR,49,heldout_47_51,fixed_lr,-3.126371385544741,0.01,True,True,False,False,0.0,0.0098
consistency,harder_holdout,holdout_bin_2,M1_V2_top32_fixed_guard_LR,49,heldout_47_51,fixed_lr,-1.9876145615455427,0.01,True,True,False,False,0.006,0.01
consistency,harder_holdout,holdout_bin_2,M2_Enhanced_LOW_GUARD_top64_fixed_guard_LR,49,heldout_47_51,fixed_lr,-3.4616880163438504,0.01,True,True,False,False,0.0075,0.01
consistency,harder_holdout,holdout_bin_2,M3_top64_no_guard_LR,49,heldout_47_51,fixed_lr,18.413058797626466,0.01,True,True,False,False,0.01,0.0
consistency,harder_holdout,holdout_bin_2,M4_top64_random32_fixed_guard_LR,49,heldout_47_51,fixed_lr,-4.8265538234375125,0.01,True,True,False,False,0.001,0.0098
consistency,harder_holdout,holdout_bin_2,M5_Isolation_Forest_top64,49,heldout_47_51,iforest_n100_auto,0.6454501190826082,0.01,True,True,False,False,0.01,0.0
consistency,harder_holdout,holdout_bin_2,M6_OC_SVM_top64,49,heldout_47_51,sgd_ocsvm_nu001,-36.13735985747221,0.01,True,True,False,False,0.01,0.0
consistency,harder_holdout,holdout_bin_2,M7_HistGB_shallow_top64,49,heldout_47_51,histgb_depth2_iter50_lr005,0.001275320090468987,0.01,True,True,False,False,0.0045,0.0046
consistency,harder_holdout,holdout_bin_2,M8_DevNet_like_MLP_top64,49,heldout_47_51,mlp_h16_alpha001,0.016074818560388105,0.01,True,True,False,False,0.001,0.0098
consistency,harder_holdout,holdout_bin_2,M9_DeepSAD_like_center_top64,49,heldout_47_51,center_lambda2,2088.3747802734374,0.01,True,True,False,False,0.01,0.0
consistency,harder_holdout,holdout_bin_2,M0_V1_original100_fixed_guard_LR,50,heldout_47_51,fixed_lr,-3.126371385544741,0.01,True,True,False,False,0.0,0.0098
consistency,harder_holdout,holdout_bin_2,M1_V2_top32_fixed_guard_LR,50,heldout_47_51,fixed_lr,-1.9876145615455427,0.01,True,True,False,False,0.006,0.01
consistency,harder_holdout,holdout_bin_2,M2_Enhanced_LOW_GUARD_top64_fixed_guard_LR,50,heldout_47_51,fixed_lr,-3.4616880163438504,0.01,True,True,False,False,0.0075,0.01
consistency,harder_holdout,holdout_bin_2,M3_top64_no_guard_LR,50,heldout_47_51,fixed_lr,18.413058797626466,0.01,True,True,False,False,0.01,0.0
consistency,harder_holdout,holdout_bin_2,M4_top64_random32_fixed_guard_LR,50,heldout_47_51,fixed_lr,-4.373936792949138,0.01,True,True,False,False,0.006,0.01
consistency,harder_holdout,holdout_bin_2,M5_Isolation_Forest_top64,50,heldout_47_51,iforest_n100_auto,0.6262309907334745,0.01,True,True,False,False,0.01,0.0
consistency,harder_holdout,holdout_bin_2,M6_OC_SVM_top64,50,heldout_47_51,sgd_ocsvm_nu001,-31.76364515998648,0.01,True,True,False,False,0.0095,0.0018
consistency,harder_holdout,holdout_bin_2,M7_HistGB_shallow_top64,50,heldout_47_51,histgb_depth2_iter50_lr005,0.001194523491692674,0.01,True,True,False,False,0.0075,0.0046
consistency,harder_holdout,holdout_bin_2,M8_DevNet_like_MLP_top64,50,heldout_47_51,mlp_h16_alpha001,0.006811621179687788,0.01,True,True,False,False,0.0025,0.01
consistency,harder_holdout,holdout_bin_2,M9_DeepSAD_like_center_top64,50,heldout_47_51,center_lambda0,392.07909576415904,0.01,True,True,False,False,0.01,0.0
consistency,harder_holdout,holdout_bin_2,M0_V1_original100_fixed_guard_LR,51,heldout_47_51,fixed_lr,-3.126371385544741,0.01,True,True,False,False,0.0,0.0098
consistency,harder_holdout,holdout_bin_2,M1_V2_top32_fixed_guard_LR,51,heldout_47_51,fixed_lr,-1.9876145615455427,0.01,True,True,False,False,0.006,0.01
consistency,harder_holdout,holdout_bin_2,M2_Enhanced_LOW_GUARD_top64_fixed_guard_LR,51,heldout_47_51,fixed_lr,-3.4616880163438504,0.01,True,True,False,False,0.0075,0.01
consistency,harder_holdout,holdout_bin_2,M3_top64_no_guard_LR,51,heldout_47_51,fixed_lr,18.413058797626466,0.01,True,True,False,False,0.01,0.0
consistency,harder_holdout,holdout_bin_2,M4_top64_random32_fixed_guard_LR,51,heldout_47_51,fixed_lr,-4.6602831005447545,0.01,True,True,False,False,0.0055,0.0098
consistency,harder_holdout,holdout_bin_2,M5_Isolation_Forest_top64,51,heldout_47_51,iforest_n100_auto,0.6313689924929411,0.01,True,True,False,False,0.0095,0.0
consistency,harder_holdout,holdout_bin_2,M6_OC_SVM_top64,51,heldout_47_51,sgd_ocsvm_nu001,-27.437293758705845,0.01,True,True,False,False,0.0045,0.0098
consistency,harder_holdout,holdout_bin_2,M7_HistGB_shallow_top64,51,heldout_47_51,histgb_depth3_iter50_lr005,0.0007571301397883145,0.01,True,True,False,False,0.0045,0.0088
consistency,harder_holdout,holdout_bin_2,M8_DevNet_like_MLP_top64,51,heldout_47_51,mlp_h16_alpha001,0.0045133730501403626,0.01,True,True,False,False,0.0015,0.01
consistency,harder_holdout,holdout_bin_2,M9_DeepSAD_like_center_top64,51,heldout_47_51,center_lambda1,1258.1756567687935,0.01,True,True,False,False,0.01,0.0
