phase_mode,feature_set,model_kind,seed,attack_q,risk_threshold,strong_attack_q,d_attack_thr,attack_threshold,strong_attack_threshold,dev_attack_min,dev_ood_max,dev_review_max,report_attack_min,final_ood_max,feasible_1pct,selection_uses_final_ood,selection_uses_report_only_attack,dev_score
time_half,current_plus_temporal,histgb_shallow,42,0.99,0.5,0.75,1.0,0.005302723953182572,0.9858060841132114,0.96875,0.0,0.0,nan,nan,True,False,False,0.96875
time_half,current_plus_temporal,histgb_shallow,42,0.99,0.5,0.75,1.25,0.005302723953182572,0.9858060841132114,0.96875,0.0,0.0,nan,nan,True,False,False,0.96875
time_half,current_plus_temporal,histgb_shallow,42,0.99,0.7,0.75,1.0,0.005302723953182572,0.9858060841132114,1.0,0.0,0.0,nan,nan,True,False,False,1.0
time_half,current_plus_temporal,histgb_shallow,42,0.99,0.7,0.75,1.25,0.005302723953182572,0.9858060841132114,1.0,0.0,0.0,nan,nan,True,False,False,1.0
time_half,current_plus_temporal,histgb_shallow,42,0.99,0.9,0.75,1.0,0.005302723953182572,0.9858060841132114,1.0,0.0,0.0,nan,nan,True,False,False,1.0
time_half,current_plus_temporal,histgb_shallow,42,0.99,0.9,0.75,1.25,0.005302723953182572,0.9858060841132114,1.0,0.0,0.0,nan,nan,True,False,False,1.0
time_half,current_plus_temporal,histgb_shallow,42,0.995,0.5,0.75,1.0,0.005302723953182572,0.9858060841132114,0.96875,0.0,0.0,nan,nan,True,False,False,0.96875
time_half,current_plus_temporal,histgb_shallow,42,0.995,0.5,0.75,1.25,0.005302723953182572,0.9858060841132114,0.96875,0.0,0.0,nan,nan,True,False,False,0.96875
time_half,current_plus_temporal,histgb_shallow,42,0.995,0.7,0.75,1.0,0.005302723953182572,0.9858060841132114,1.0,0.0,0.0,nan,nan,True,False,False,1.0
time_half,current_plus_temporal,histgb_shallow,42,0.995,0.7,0.75,1.25,0.005302723953182572,0.9858060841132114,1.0,0.0,0.0,nan,nan,True,False,False,1.0
time_half,current_plus_temporal,histgb_shallow,42,0.995,0.9,0.75,1.0,0.005302723953182572,0.9858060841132114,1.0,0.0,0.0,nan,nan,True,False,False,1.0
time_half,current_plus_temporal,histgb_shallow,42,0.995,0.9,0.75,1.25,0.005302723953182572,0.9858060841132114,1.0,0.0,0.0,nan,nan,True,False,False,1.0
time_half,current_plus_temporal,histgb_shallow,43,0.99,0.5,0.75,1.0,0.005302723953182572,0.9858060841132114,0.96875,0.0,0.0,nan,nan,True,False,False,0.96875
time_half,current_plus_temporal,histgb_shallow,43,0.99,0.5,0.75,1.25,0.005302723953182572,0.9858060841132114,0.96875,0.0,0.0,nan,nan,True,False,False,0.96875
time_half,current_plus_temporal,histgb_shallow,43,0.99,0.7,0.75,1.0,0.005302723953182572,0.9858060841132114,1.0,0.0,0.0,nan,nan,True,False,False,1.0
time_half,current_plus_temporal,histgb_shallow,43,0.99,0.7,0.75,1.25,0.005302723953182572,0.9858060841132114,1.0,0.0,0.0,nan,nan,True,False,False,1.0
time_half,current_plus_temporal,histgb_shallow,43,0.99,0.9,0.75,1.0,0.005302723953182572,0.9858060841132114,1.0,0.0,0.0,nan,nan,True,False,False,1.0
time_half,current_plus_temporal,histgb_shallow,43,0.99,0.9,0.75,1.25,0.005302723953182572,0.9858060841132114,1.0,0.0,0.0,nan,nan,True,False,False,1.0
time_half,current_plus_temporal,histgb_shallow,43,0.995,0.5,0.75,1.0,0.005302723953182572,0.9858060841132114,0.96875,0.0,0.0,nan,nan,True,False,False,0.96875
time_half,current_plus_temporal,histgb_shallow,43,0.995,0.5,0.75,1.25,0.005302723953182572,0.9858060841132114,0.96875,0.0,0.0,nan,nan,True,False,False,0.96875
time_half,current_plus_temporal,histgb_shallow,43,0.995,0.7,0.75,1.0,0.005302723953182572,0.9858060841132114,1.0,0.0,0.0,nan,nan,True,False,False,1.0
time_half,current_plus_temporal,histgb_shallow,43,0.995,0.7,0.75,1.25,0.005302723953182572,0.9858060841132114,1.0,0.0,0.0,nan,nan,True,False,False,1.0
time_half,current_plus_temporal,histgb_shallow,43,0.995,0.9,0.75,1.0,0.005302723953182572,0.9858060841132114,1.0,0.0,0.0,nan,nan,True,False,False,1.0
time_half,current_plus_temporal,histgb_shallow,43,0.995,0.9,0.75,1.25,0.005302723953182572,0.9858060841132114,1.0,0.0,0.0,nan,nan,True,False,False,1.0
time_half,current_plus_temporal,histgb_shallow,44,0.99,0.5,0.75,1.0,0.005302723953182572,0.9858060841132114,0.96875,0.0,0.0,nan,nan,True,False,False,0.96875
time_half,current_plus_temporal,histgb_shallow,44,0.99,0.5,0.75,1.25,0.005302723953182572,0.9858060841132114,0.96875,0.0,0.0,nan,nan,True,False,False,0.96875
time_half,current_plus_temporal,histgb_shallow,44,0.99,0.7,0.75,1.0,0.005302723953182572,0.9858060841132114,1.0,0.0,0.0,nan,nan,True,False,False,1.0
time_half,current_plus_temporal,histgb_shallow,44,0.99,0.7,0.75,1.25,0.005302723953182572,0.9858060841132114,1.0,0.0,0.0,nan,nan,True,False,False,1.0
time_half,current_plus_temporal,histgb_shallow,44,0.99,0.9,0.75,1.0,0.005302723953182572,0.9858060841132114,1.0,0.0,0.0,nan,nan,True,False,False,1.0
time_half,current_plus_temporal,histgb_shallow,44,0.99,0.9,0.75,1.25,0.005302723953182572,0.9858060841132114,1.0,0.0,0.0,nan,nan,True,False,False,1.0
time_half,current_plus_temporal,histgb_shallow,44,0.995,0.5,0.75,1.0,0.005302723953182572,0.9858060841132114,0.96875,0.0,0.0,nan,nan,True,False,False,0.96875
time_half,current_plus_temporal,histgb_shallow,44,0.995,0.5,0.75,1.25,0.005302723953182572,0.9858060841132114,0.96875,0.0,0.0,nan,nan,True,False,False,0.96875
time_half,current_plus_temporal,histgb_shallow,44,0.995,0.7,0.75,1.0,0.005302723953182572,0.9858060841132114,1.0,0.0,0.0,nan,nan,True,False,False,1.0
time_half,current_plus_temporal,histgb_shallow,44,0.995,0.7,0.75,1.25,0.005302723953182572,0.9858060841132114,1.0,0.0,0.0,nan,nan,True,False,False,1.0
time_half,current_plus_temporal,histgb_shallow,44,0.995,0.9,0.75,1.0,0.005302723953182572,0.9858060841132114,1.0,0.0,0.0,nan,nan,True,False,False,1.0
time_half,current_plus_temporal,histgb_shallow,44,0.995,0.9,0.75,1.25,0.005302723953182572,0.9858060841132114,1.0,0.0,0.0,nan,nan,True,False,False,1.0
time_half,current_plus_temporal,histgb_shallow,45,0.99,0.5,0.75,1.0,0.005302723953182572,0.9858060841132114,0.96875,0.0,0.0,nan,nan,True,False,False,0.96875
time_half,current_plus_temporal,histgb_shallow,45,0.99,0.5,0.75,1.25,0.005302723953182572,0.9858060841132114,0.96875,0.0,0.0,nan,nan,True,False,False,0.96875
time_half,current_plus_temporal,histgb_shallow,45,0.99,0.7,0.75,1.0,0.005302723953182572,0.9858060841132114,1.0,0.0,0.0,nan,nan,True,False,False,1.0
time_half,current_plus_temporal,histgb_shallow,45,0.99,0.7,0.75,1.25,0.005302723953182572,0.9858060841132114,1.0,0.0,0.0,nan,nan,True,False,False,1.0
time_half,current_plus_temporal,histgb_shallow,45,0.99,0.9,0.75,1.0,0.005302723953182572,0.9858060841132114,1.0,0.0,0.0,nan,nan,True,False,False,1.0
time_half,current_plus_temporal,histgb_shallow,45,0.99,0.9,0.75,1.25,0.005302723953182572,0.9858060841132114,1.0,0.0,0.0,nan,nan,True,False,False,1.0
time_half,current_plus_temporal,histgb_shallow,45,0.995,0.5,0.75,1.0,0.005302723953182572,0.9858060841132114,0.96875,0.0,0.0,nan,nan,True,False,False,0.96875
time_half,current_plus_temporal,histgb_shallow,45,0.995,0.5,0.75,1.25,0.005302723953182572,0.9858060841132114,0.96875,0.0,0.0,nan,nan,True,False,False,0.96875
time_half,current_plus_temporal,histgb_shallow,45,0.995,0.7,0.75,1.0,0.005302723953182572,0.9858060841132114,1.0,0.0,0.0,nan,nan,True,False,False,1.0
time_half,current_plus_temporal,histgb_shallow,45,0.995,0.7,0.75,1.25,0.005302723953182572,0.9858060841132114,1.0,0.0,0.0,nan,nan,True,False,False,1.0
time_half,current_plus_temporal,histgb_shallow,45,0.995,0.9,0.75,1.0,0.005302723953182572,0.9858060841132114,1.0,0.0,0.0,nan,nan,True,False,False,1.0
time_half,current_plus_temporal,histgb_shallow,45,0.995,0.9,0.75,1.25,0.005302723953182572,0.9858060841132114,1.0,0.0,0.0,nan,nan,True,False,False,1.0
time_half,current_plus_temporal,histgb_shallow,46,0.99,0.5,0.75,1.0,0.005302723953182572,0.9858060841132114,0.96875,0.0,0.0,nan,nan,True,False,False,0.96875
time_half,current_plus_temporal,histgb_shallow,46,0.99,0.5,0.75,1.25,0.005302723953182572,0.9858060841132114,0.96875,0.0,0.0,nan,nan,True,False,False,0.96875
time_half,current_plus_temporal,histgb_shallow,46,0.99,0.7,0.75,1.0,0.005302723953182572,0.9858060841132114,1.0,0.0,0.0,nan,nan,True,False,False,1.0
time_half,current_plus_temporal,histgb_shallow,46,0.99,0.7,0.75,1.25,0.005302723953182572,0.9858060841132114,1.0,0.0,0.0,nan,nan,True,False,False,1.0
time_half,current_plus_temporal,histgb_shallow,46,0.99,0.9,0.75,1.0,0.005302723953182572,0.9858060841132114,1.0,0.0,0.0,nan,nan,True,False,False,1.0
time_half,current_plus_temporal,histgb_shallow,46,0.99,0.9,0.75,1.25,0.005302723953182572,0.9858060841132114,1.0,0.0,0.0,nan,nan,True,False,False,1.0
time_half,current_plus_temporal,histgb_shallow,46,0.995,0.5,0.75,1.0,0.005302723953182572,0.9858060841132114,0.96875,0.0,0.0,nan,nan,True,False,False,0.96875
time_half,current_plus_temporal,histgb_shallow,46,0.995,0.5,0.75,1.25,0.005302723953182572,0.9858060841132114,0.96875,0.0,0.0,nan,nan,True,False,False,0.96875
time_half,current_plus_temporal,histgb_shallow,46,0.995,0.7,0.75,1.0,0.005302723953182572,0.9858060841132114,1.0,0.0,0.0,nan,nan,True,False,False,1.0
time_half,current_plus_temporal,histgb_shallow,46,0.995,0.7,0.75,1.25,0.005302723953182572,0.9858060841132114,1.0,0.0,0.0,nan,nan,True,False,False,1.0
time_half,current_plus_temporal,histgb_shallow,46,0.995,0.9,0.75,1.0,0.005302723953182572,0.9858060841132114,1.0,0.0,0.0,nan,nan,True,False,False,1.0
time_half,current_plus_temporal,histgb_shallow,46,0.995,0.9,0.75,1.25,0.005302723953182572,0.9858060841132114,1.0,0.0,0.0,nan,nan,True,False,False,1.0
time_half,current_plus_temporal_no_parent_oodrisk,histgb_shallow,42,0.99,0.5,0.75,1.0,0.007796139168217682,0.9856599667373253,0.96875,0.0,0.0,nan,nan,True,False,False,0.96875
time_half,current_plus_temporal_no_parent_oodrisk,histgb_shallow,42,0.99,0.5,0.75,1.25,0.007796139168217682,0.9856599667373253,0.96875,0.0,0.0,nan,nan,True,False,False,0.96875
time_half,current_plus_temporal_no_parent_oodrisk,histgb_shallow,42,0.99,0.7,0.75,1.0,0.007796139168217682,0.9856599667373253,0.96875,0.03859649122807018,0.0,nan,nan,False,False,False,0.9108552631578948
time_half,current_plus_temporal_no_parent_oodrisk,histgb_shallow,42,0.99,0.7,0.75,1.25,0.007796139168217682,0.9856599667373253,0.96875,0.03859649122807018,0.0,nan,nan,False,False,False,0.9108552631578948
time_half,current_plus_temporal_no_parent_oodrisk,histgb_shallow,42,0.99,0.9,0.75,1.0,0.007796139168217682,0.9856599667373253,1.0,0.041403508771929824,0.0,nan,nan,False,False,False,0.9378947368421052
time_half,current_plus_temporal_no_parent_oodrisk,histgb_shallow,42,0.99,0.9,0.75,1.25,0.007796139168217682,0.9856599667373253,1.0,0.041403508771929824,0.0,nan,nan,False,False,False,0.9378947368421052
time_half,current_plus_temporal_no_parent_oodrisk,histgb_shallow,42,0.995,0.5,0.75,1.0,0.008297818188266793,0.9856599667373253,0.96875,0.0,0.0,nan,nan,True,False,False,0.96875
time_half,current_plus_temporal_no_parent_oodrisk,histgb_shallow,42,0.995,0.5,0.75,1.25,0.008297818188266793,0.9856599667373253,0.96875,0.0,0.0,nan,nan,True,False,False,0.96875
time_half,current_plus_temporal_no_parent_oodrisk,histgb_shallow,42,0.995,0.7,0.75,1.0,0.008297818188266793,0.9856599667373253,0.96875,0.03859649122807018,0.0,nan,nan,False,False,False,0.9108552631578948
time_half,current_plus_temporal_no_parent_oodrisk,histgb_shallow,42,0.995,0.7,0.75,1.25,0.008297818188266793,0.9856599667373253,0.96875,0.03859649122807018,0.0,nan,nan,False,False,False,0.9108552631578948
time_half,current_plus_temporal_no_parent_oodrisk,histgb_shallow,42,0.995,0.9,0.75,1.0,0.008297818188266793,0.9856599667373253,1.0,0.041403508771929824,0.0,nan,nan,False,False,False,0.9378947368421052
time_half,current_plus_temporal_no_parent_oodrisk,histgb_shallow,42,0.995,0.9,0.75,1.25,0.008297818188266793,0.9856599667373253,1.0,0.041403508771929824,0.0,nan,nan,False,False,False,0.9378947368421052
time_half,current_plus_temporal_no_parent_oodrisk,histgb_shallow,43,0.99,0.5,0.75,1.0,0.007796139168217682,0.9856599667373253,0.96875,0.0,0.0,nan,nan,True,False,False,0.96875
time_half,current_plus_temporal_no_parent_oodrisk,histgb_shallow,43,0.99,0.5,0.75,1.25,0.007796139168217682,0.9856599667373253,0.96875,0.0,0.0,nan,nan,True,False,False,0.96875
time_half,current_plus_temporal_no_parent_oodrisk,histgb_shallow,43,0.99,0.7,0.75,1.0,0.007796139168217682,0.9856599667373253,0.96875,0.03859649122807018,0.0,nan,nan,False,False,False,0.9108552631578948
time_half,current_plus_temporal_no_parent_oodrisk,histgb_shallow,43,0.99,0.7,0.75,1.25,0.007796139168217682,0.9856599667373253,0.96875,0.03859649122807018,0.0,nan,nan,False,False,False,0.9108552631578948
time_half,current_plus_temporal_no_parent_oodrisk,histgb_shallow,43,0.99,0.9,0.75,1.0,0.007796139168217682,0.9856599667373253,1.0,0.041403508771929824,0.0,nan,nan,False,False,False,0.9378947368421052
time_half,current_plus_temporal_no_parent_oodrisk,histgb_shallow,43,0.99,0.9,0.75,1.25,0.007796139168217682,0.9856599667373253,1.0,0.041403508771929824,0.0,nan,nan,False,False,False,0.9378947368421052
time_half,current_plus_temporal_no_parent_oodrisk,histgb_shallow,43,0.995,0.5,0.75,1.0,0.008297818188266793,0.9856599667373253,0.96875,0.0,0.0,nan,nan,True,False,False,0.96875
time_half,current_plus_temporal_no_parent_oodrisk,histgb_shallow,43,0.995,0.5,0.75,1.25,0.008297818188266793,0.9856599667373253,0.96875,0.0,0.0,nan,nan,True,False,False,0.96875
time_half,current_plus_temporal_no_parent_oodrisk,histgb_shallow,43,0.995,0.7,0.75,1.0,0.008297818188266793,0.9856599667373253,0.96875,0.03859649122807018,0.0,nan,nan,False,False,False,0.9108552631578948
time_half,current_plus_temporal_no_parent_oodrisk,histgb_shallow,43,0.995,0.7,0.75,1.25,0.008297818188266793,0.9856599667373253,0.96875,0.03859649122807018,0.0,nan,nan,False,False,False,0.9108552631578948
time_half,current_plus_temporal_no_parent_oodrisk,histgb_shallow,43,0.995,0.9,0.75,1.0,0.008297818188266793,0.9856599667373253,1.0,0.041403508771929824,0.0,nan,nan,False,False,False,0.9378947368421052
time_half,current_plus_temporal_no_parent_oodrisk,histgb_shallow,43,0.995,0.9,0.75,1.25,0.008297818188266793,0.9856599667373253,1.0,0.041403508771929824,0.0,nan,nan,False,False,False,0.9378947368421052
time_half,current_plus_temporal_no_parent_oodrisk,histgb_shallow,44,0.99,0.5,0.75,1.0,0.007796139168217682,0.9856599667373253,0.96875,0.0,0.0,nan,nan,True,False,False,0.96875
time_half,current_plus_temporal_no_parent_oodrisk,histgb_shallow,44,0.99,0.5,0.75,1.25,0.007796139168217682,0.9856599667373253,0.96875,0.0,0.0,nan,nan,True,False,False,0.96875
time_half,current_plus_temporal_no_parent_oodrisk,histgb_shallow,44,0.99,0.7,0.75,1.0,0.007796139168217682,0.9856599667373253,0.96875,0.03859649122807018,0.0,nan,nan,False,False,False,0.9108552631578948
time_half,current_plus_temporal_no_parent_oodrisk,histgb_shallow,44,0.99,0.7,0.75,1.25,0.007796139168217682,0.9856599667373253,0.96875,0.03859649122807018,0.0,nan,nan,False,False,False,0.9108552631578948
time_half,current_plus_temporal_no_parent_oodrisk,histgb_shallow,44,0.99,0.9,0.75,1.0,0.007796139168217682,0.9856599667373253,1.0,0.041403508771929824,0.0,nan,nan,False,False,False,0.9378947368421052
time_half,current_plus_temporal_no_parent_oodrisk,histgb_shallow,44,0.99,0.9,0.75,1.25,0.007796139168217682,0.9856599667373253,1.0,0.041403508771929824,0.0,nan,nan,False,False,False,0.9378947368421052
time_half,current_plus_temporal_no_parent_oodrisk,histgb_shallow,44,0.995,0.5,0.75,1.0,0.008297818188266793,0.9856599667373253,0.96875,0.0,0.0,nan,nan,True,False,False,0.96875
time_half,current_plus_temporal_no_parent_oodrisk,histgb_shallow,44,0.995,0.5,0.75,1.25,0.008297818188266793,0.9856599667373253,0.96875,0.0,0.0,nan,nan,True,False,False,0.96875
time_half,current_plus_temporal_no_parent_oodrisk,histgb_shallow,44,0.995,0.7,0.75,1.0,0.008297818188266793,0.9856599667373253,0.96875,0.03859649122807018,0.0,nan,nan,False,False,False,0.9108552631578948
time_half,current_plus_temporal_no_parent_oodrisk,histgb_shallow,44,0.995,0.7,0.75,1.25,0.008297818188266793,0.9856599667373253,0.96875,0.03859649122807018,0.0,nan,nan,False,False,False,0.9108552631578948
time_half,current_plus_temporal_no_parent_oodrisk,histgb_shallow,44,0.995,0.9,0.75,1.0,0.008297818188266793,0.9856599667373253,1.0,0.041403508771929824,0.0,nan,nan,False,False,False,0.9378947368421052
time_half,current_plus_temporal_no_parent_oodrisk,histgb_shallow,44,0.995,0.9,0.75,1.25,0.008297818188266793,0.9856599667373253,1.0,0.041403508771929824,0.0,nan,nan,False,False,False,0.9378947368421052
time_half,current_plus_temporal_no_parent_oodrisk,histgb_shallow,45,0.99,0.5,0.75,1.0,0.007796139168217682,0.9856599667373253,0.96875,0.0,0.0,nan,nan,True,False,False,0.96875
time_half,current_plus_temporal_no_parent_oodrisk,histgb_shallow,45,0.99,0.5,0.75,1.25,0.007796139168217682,0.9856599667373253,0.96875,0.0,0.0,nan,nan,True,False,False,0.96875
time_half,current_plus_temporal_no_parent_oodrisk,histgb_shallow,45,0.99,0.7,0.75,1.0,0.007796139168217682,0.9856599667373253,0.96875,0.03859649122807018,0.0,nan,nan,False,False,False,0.9108552631578948
time_half,current_plus_temporal_no_parent_oodrisk,histgb_shallow,45,0.99,0.7,0.75,1.25,0.007796139168217682,0.9856599667373253,0.96875,0.03859649122807018,0.0,nan,nan,False,False,False,0.9108552631578948
time_half,current_plus_temporal_no_parent_oodrisk,histgb_shallow,45,0.99,0.9,0.75,1.0,0.007796139168217682,0.9856599667373253,1.0,0.041403508771929824,0.0,nan,nan,False,False,False,0.9378947368421052
time_half,current_plus_temporal_no_parent_oodrisk,histgb_shallow,45,0.99,0.9,0.75,1.25,0.007796139168217682,0.9856599667373253,1.0,0.041403508771929824,0.0,nan,nan,False,False,False,0.9378947368421052
time_half,current_plus_temporal_no_parent_oodrisk,histgb_shallow,45,0.995,0.5,0.75,1.0,0.008297818188266793,0.9856599667373253,0.96875,0.0,0.0,nan,nan,True,False,False,0.96875
time_half,current_plus_temporal_no_parent_oodrisk,histgb_shallow,45,0.995,0.5,0.75,1.25,0.008297818188266793,0.9856599667373253,0.96875,0.0,0.0,nan,nan,True,False,False,0.96875
time_half,current_plus_temporal_no_parent_oodrisk,histgb_shallow,45,0.995,0.7,0.75,1.0,0.008297818188266793,0.9856599667373253,0.96875,0.03859649122807018,0.0,nan,nan,False,False,False,0.9108552631578948
time_half,current_plus_temporal_no_parent_oodrisk,histgb_shallow,45,0.995,0.7,0.75,1.25,0.008297818188266793,0.9856599667373253,0.96875,0.03859649122807018,0.0,nan,nan,False,False,False,0.9108552631578948
time_half,current_plus_temporal_no_parent_oodrisk,histgb_shallow,45,0.995,0.9,0.75,1.0,0.008297818188266793,0.9856599667373253,1.0,0.041403508771929824,0.0,nan,nan,False,False,False,0.9378947368421052
time_half,current_plus_temporal_no_parent_oodrisk,histgb_shallow,45,0.995,0.9,0.75,1.25,0.008297818188266793,0.9856599667373253,1.0,0.041403508771929824,0.0,nan,nan,False,False,False,0.9378947368421052
time_half,current_plus_temporal_no_parent_oodrisk,histgb_shallow,46,0.99,0.5,0.75,1.0,0.007796139168217682,0.9856599667373253,0.96875,0.0,0.0,nan,nan,True,False,False,0.96875
time_half,current_plus_temporal_no_parent_oodrisk,histgb_shallow,46,0.99,0.5,0.75,1.25,0.007796139168217682,0.9856599667373253,0.96875,0.0,0.0,nan,nan,True,False,False,0.96875
time_half,current_plus_temporal_no_parent_oodrisk,histgb_shallow,46,0.99,0.7,0.75,1.0,0.007796139168217682,0.9856599667373253,0.96875,0.03859649122807018,0.0,nan,nan,False,False,False,0.9108552631578948
time_half,current_plus_temporal_no_parent_oodrisk,histgb_shallow,46,0.99,0.7,0.75,1.25,0.007796139168217682,0.9856599667373253,0.96875,0.03859649122807018,0.0,nan,nan,False,False,False,0.9108552631578948
time_half,current_plus_temporal_no_parent_oodrisk,histgb_shallow,46,0.99,0.9,0.75,1.0,0.007796139168217682,0.9856599667373253,1.0,0.041403508771929824,0.0,nan,nan,False,False,False,0.9378947368421052
time_half,current_plus_temporal_no_parent_oodrisk,histgb_shallow,46,0.99,0.9,0.75,1.25,0.007796139168217682,0.9856599667373253,1.0,0.041403508771929824,0.0,nan,nan,False,False,False,0.9378947368421052
time_half,current_plus_temporal_no_parent_oodrisk,histgb_shallow,46,0.995,0.5,0.75,1.0,0.008297818188266793,0.9856599667373253,0.96875,0.0,0.0,nan,nan,True,False,False,0.96875
time_half,current_plus_temporal_no_parent_oodrisk,histgb_shallow,46,0.995,0.5,0.75,1.25,0.008297818188266793,0.9856599667373253,0.96875,0.0,0.0,nan,nan,True,False,False,0.96875
time_half,current_plus_temporal_no_parent_oodrisk,histgb_shallow,46,0.995,0.7,0.75,1.0,0.008297818188266793,0.9856599667373253,0.96875,0.03859649122807018,0.0,nan,nan,False,False,False,0.9108552631578948
time_half,current_plus_temporal_no_parent_oodrisk,histgb_shallow,46,0.995,0.7,0.75,1.25,0.008297818188266793,0.9856599667373253,0.96875,0.03859649122807018,0.0,nan,nan,False,False,False,0.9108552631578948
time_half,current_plus_temporal_no_parent_oodrisk,histgb_shallow,46,0.995,0.9,0.75,1.0,0.008297818188266793,0.9856599667373253,1.0,0.041403508771929824,0.0,nan,nan,False,False,False,0.9378947368421052
time_half,current_plus_temporal_no_parent_oodrisk,histgb_shallow,46,0.995,0.9,0.75,1.25,0.008297818188266793,0.9856599667373253,1.0,0.041403508771929824,0.0,nan,nan,False,False,False,0.9378947368421052
time_half,past_temporal_only,histgb_shallow,42,0.99,0.5,0.75,1.0,0.0032747971592891182,0.985806665519558,0.96875,0.0,0.0,nan,nan,True,False,False,0.96875
time_half,past_temporal_only,histgb_shallow,42,0.99,0.5,0.75,1.25,0.0032747971592891182,0.985806665519558,0.96875,0.0,0.0,nan,nan,True,False,False,0.96875
time_half,past_temporal_only,histgb_shallow,42,0.99,0.7,0.75,1.0,0.0032747971592891182,0.985806665519558,0.96875,0.0,0.0,nan,nan,True,False,False,0.96875
time_half,past_temporal_only,histgb_shallow,42,0.99,0.7,0.75,1.25,0.0032747971592891182,0.985806665519558,0.96875,0.0,0.0,nan,nan,True,False,False,0.96875
time_half,past_temporal_only,histgb_shallow,42,0.99,0.9,0.75,1.0,0.0032747971592891182,0.985806665519558,1.0,0.0013333333333333333,0.0,nan,nan,True,False,False,0.998
time_half,past_temporal_only,histgb_shallow,42,0.99,0.9,0.75,1.25,0.0032747971592891182,0.985806665519558,1.0,0.0013333333333333333,0.0,nan,nan,True,False,False,0.998
time_half,past_temporal_only,histgb_shallow,42,0.995,0.5,0.75,1.0,0.0032747971592891182,0.985806665519558,0.96875,0.0,0.0,nan,nan,True,False,False,0.96875
time_half,past_temporal_only,histgb_shallow,42,0.995,0.5,0.75,1.25,0.0032747971592891182,0.985806665519558,0.96875,0.0,0.0,nan,nan,True,False,False,0.96875
time_half,past_temporal_only,histgb_shallow,42,0.995,0.7,0.75,1.0,0.0032747971592891182,0.985806665519558,0.96875,0.0,0.0,nan,nan,True,False,False,0.96875
time_half,past_temporal_only,histgb_shallow,42,0.995,0.7,0.75,1.25,0.0032747971592891182,0.985806665519558,0.96875,0.0,0.0,nan,nan,True,False,False,0.96875
time_half,past_temporal_only,histgb_shallow,42,0.995,0.9,0.75,1.0,0.0032747971592891182,0.985806665519558,1.0,0.0013333333333333333,0.0,nan,nan,True,False,False,0.998
time_half,past_temporal_only,histgb_shallow,42,0.995,0.9,0.75,1.25,0.0032747971592891182,0.985806665519558,1.0,0.0013333333333333333,0.0,nan,nan,True,False,False,0.998
time_half,past_temporal_only,histgb_shallow,43,0.99,0.5,0.75,1.0,0.0032747971592891182,0.985806665519558,0.96875,0.0,0.0,nan,nan,True,False,False,0.96875
time_half,past_temporal_only,histgb_shallow,43,0.99,0.5,0.75,1.25,0.0032747971592891182,0.985806665519558,0.96875,0.0,0.0,nan,nan,True,False,False,0.96875
time_half,past_temporal_only,histgb_shallow,43,0.99,0.7,0.75,1.0,0.0032747971592891182,0.985806665519558,0.96875,0.0,0.0,nan,nan,True,False,False,0.96875
time_half,past_temporal_only,histgb_shallow,43,0.99,0.7,0.75,1.25,0.0032747971592891182,0.985806665519558,0.96875,0.0,0.0,nan,nan,True,False,False,0.96875
time_half,past_temporal_only,histgb_shallow,43,0.99,0.9,0.75,1.0,0.0032747971592891182,0.985806665519558,1.0,0.0013333333333333333,0.0,nan,nan,True,False,False,0.998
time_half,past_temporal_only,histgb_shallow,43,0.99,0.9,0.75,1.25,0.0032747971592891182,0.985806665519558,1.0,0.0013333333333333333,0.0,nan,nan,True,False,False,0.998
time_half,past_temporal_only,histgb_shallow,43,0.995,0.5,0.75,1.0,0.0032747971592891182,0.985806665519558,0.96875,0.0,0.0,nan,nan,True,False,False,0.96875
time_half,past_temporal_only,histgb_shallow,43,0.995,0.5,0.75,1.25,0.0032747971592891182,0.985806665519558,0.96875,0.0,0.0,nan,nan,True,False,False,0.96875
time_half,past_temporal_only,histgb_shallow,43,0.995,0.7,0.75,1.0,0.0032747971592891182,0.985806665519558,0.96875,0.0,0.0,nan,nan,True,False,False,0.96875
time_half,past_temporal_only,histgb_shallow,43,0.995,0.7,0.75,1.25,0.0032747971592891182,0.985806665519558,0.96875,0.0,0.0,nan,nan,True,False,False,0.96875
time_half,past_temporal_only,histgb_shallow,43,0.995,0.9,0.75,1.0,0.0032747971592891182,0.985806665519558,1.0,0.0013333333333333333,0.0,nan,nan,True,False,False,0.998
time_half,past_temporal_only,histgb_shallow,43,0.995,0.9,0.75,1.25,0.0032747971592891182,0.985806665519558,1.0,0.0013333333333333333,0.0,nan,nan,True,False,False,0.998
time_half,past_temporal_only,histgb_shallow,44,0.99,0.5,0.75,1.0,0.0032747971592891182,0.985806665519558,0.96875,0.0,0.0,nan,nan,True,False,False,0.96875
time_half,past_temporal_only,histgb_shallow,44,0.99,0.5,0.75,1.25,0.0032747971592891182,0.985806665519558,0.96875,0.0,0.0,nan,nan,True,False,False,0.96875
time_half,past_temporal_only,histgb_shallow,44,0.99,0.7,0.75,1.0,0.0032747971592891182,0.985806665519558,0.96875,0.0,0.0,nan,nan,True,False,False,0.96875
time_half,past_temporal_only,histgb_shallow,44,0.99,0.7,0.75,1.25,0.0032747971592891182,0.985806665519558,0.96875,0.0,0.0,nan,nan,True,False,False,0.96875
time_half,past_temporal_only,histgb_shallow,44,0.99,0.9,0.75,1.0,0.0032747971592891182,0.985806665519558,1.0,0.0013333333333333333,0.0,nan,nan,True,False,False,0.998
time_half,past_temporal_only,histgb_shallow,44,0.99,0.9,0.75,1.25,0.0032747971592891182,0.985806665519558,1.0,0.0013333333333333333,0.0,nan,nan,True,False,False,0.998
time_half,past_temporal_only,histgb_shallow,44,0.995,0.5,0.75,1.0,0.0032747971592891182,0.985806665519558,0.96875,0.0,0.0,nan,nan,True,False,False,0.96875
time_half,past_temporal_only,histgb_shallow,44,0.995,0.5,0.75,1.25,0.0032747971592891182,0.985806665519558,0.96875,0.0,0.0,nan,nan,True,False,False,0.96875
time_half,past_temporal_only,histgb_shallow,44,0.995,0.7,0.75,1.0,0.0032747971592891182,0.985806665519558,0.96875,0.0,0.0,nan,nan,True,False,False,0.96875
time_half,past_temporal_only,histgb_shallow,44,0.995,0.7,0.75,1.25,0.0032747971592891182,0.985806665519558,0.96875,0.0,0.0,nan,nan,True,False,False,0.96875
time_half,past_temporal_only,histgb_shallow,44,0.995,0.9,0.75,1.0,0.0032747971592891182,0.985806665519558,1.0,0.0013333333333333333,0.0,nan,nan,True,False,False,0.998
time_half,past_temporal_only,histgb_shallow,44,0.995,0.9,0.75,1.25,0.0032747971592891182,0.985806665519558,1.0,0.0013333333333333333,0.0,nan,nan,True,False,False,0.998
time_half,past_temporal_only,histgb_shallow,45,0.99,0.5,0.75,1.0,0.0032747971592891182,0.985806665519558,0.96875,0.0,0.0,nan,nan,True,False,False,0.96875
time_half,past_temporal_only,histgb_shallow,45,0.99,0.5,0.75,1.25,0.0032747971592891182,0.985806665519558,0.96875,0.0,0.0,nan,nan,True,False,False,0.96875
time_half,past_temporal_only,histgb_shallow,45,0.99,0.7,0.75,1.0,0.0032747971592891182,0.985806665519558,0.96875,0.0,0.0,nan,nan,True,False,False,0.96875
time_half,past_temporal_only,histgb_shallow,45,0.99,0.7,0.75,1.25,0.0032747971592891182,0.985806665519558,0.96875,0.0,0.0,nan,nan,True,False,False,0.96875
time_half,past_temporal_only,histgb_shallow,45,0.99,0.9,0.75,1.0,0.0032747971592891182,0.985806665519558,1.0,0.0013333333333333333,0.0,nan,nan,True,False,False,0.998
time_half,past_temporal_only,histgb_shallow,45,0.99,0.9,0.75,1.25,0.0032747971592891182,0.985806665519558,1.0,0.0013333333333333333,0.0,nan,nan,True,False,False,0.998
time_half,past_temporal_only,histgb_shallow,45,0.995,0.5,0.75,1.0,0.0032747971592891182,0.985806665519558,0.96875,0.0,0.0,nan,nan,True,False,False,0.96875
time_half,past_temporal_only,histgb_shallow,45,0.995,0.5,0.75,1.25,0.0032747971592891182,0.985806665519558,0.96875,0.0,0.0,nan,nan,True,False,False,0.96875
time_half,past_temporal_only,histgb_shallow,45,0.995,0.7,0.75,1.0,0.0032747971592891182,0.985806665519558,0.96875,0.0,0.0,nan,nan,True,False,False,0.96875
time_half,past_temporal_only,histgb_shallow,45,0.995,0.7,0.75,1.25,0.0032747971592891182,0.985806665519558,0.96875,0.0,0.0,nan,nan,True,False,False,0.96875
time_half,past_temporal_only,histgb_shallow,45,0.995,0.9,0.75,1.0,0.0032747971592891182,0.985806665519558,1.0,0.0013333333333333333,0.0,nan,nan,True,False,False,0.998
time_half,past_temporal_only,histgb_shallow,45,0.995,0.9,0.75,1.25,0.0032747971592891182,0.985806665519558,1.0,0.0013333333333333333,0.0,nan,nan,True,False,False,0.998
time_half,past_temporal_only,histgb_shallow,46,0.99,0.5,0.75,1.0,0.0032747971592891182,0.985806665519558,0.96875,0.0,0.0,nan,nan,True,False,False,0.96875
time_half,past_temporal_only,histgb_shallow,46,0.99,0.5,0.75,1.25,0.0032747971592891182,0.985806665519558,0.96875,0.0,0.0,nan,nan,True,False,False,0.96875
time_half,past_temporal_only,histgb_shallow,46,0.99,0.7,0.75,1.0,0.0032747971592891182,0.985806665519558,0.96875,0.0,0.0,nan,nan,True,False,False,0.96875
time_half,past_temporal_only,histgb_shallow,46,0.99,0.7,0.75,1.25,0.0032747971592891182,0.985806665519558,0.96875,0.0,0.0,nan,nan,True,False,False,0.96875
time_half,past_temporal_only,histgb_shallow,46,0.99,0.9,0.75,1.0,0.0032747971592891182,0.985806665519558,1.0,0.0013333333333333333,0.0,nan,nan,True,False,False,0.998
time_half,past_temporal_only,histgb_shallow,46,0.99,0.9,0.75,1.25,0.0032747971592891182,0.985806665519558,1.0,0.0013333333333333333,0.0,nan,nan,True,False,False,0.998
time_half,past_temporal_only,histgb_shallow,46,0.995,0.5,0.75,1.0,0.0032747971592891182,0.985806665519558,0.96875,0.0,0.0,nan,nan,True,False,False,0.96875
time_half,past_temporal_only,histgb_shallow,46,0.995,0.5,0.75,1.25,0.0032747971592891182,0.985806665519558,0.96875,0.0,0.0,nan,nan,True,False,False,0.96875
time_half,past_temporal_only,histgb_shallow,46,0.995,0.7,0.75,1.0,0.0032747971592891182,0.985806665519558,0.96875,0.0,0.0,nan,nan,True,False,False,0.96875
time_half,past_temporal_only,histgb_shallow,46,0.995,0.7,0.75,1.25,0.0032747971592891182,0.985806665519558,0.96875,0.0,0.0,nan,nan,True,False,False,0.96875
time_half,past_temporal_only,histgb_shallow,46,0.995,0.9,0.75,1.0,0.0032747971592891182,0.985806665519558,1.0,0.0013333333333333333,0.0,nan,nan,True,False,False,0.998
time_half,past_temporal_only,histgb_shallow,46,0.995,0.9,0.75,1.25,0.0032747971592891182,0.985806665519558,1.0,0.0013333333333333333,0.0,nan,nan,True,False,False,0.998
time_half,temporal_no_parent_oodrisk,histgb_shallow,42,0.99,0.5,0.75,1.0,0.007933286219470053,0.9857545853314527,0.6878612716763006,0.0,0.0,nan,nan,False,False,False,0.6878612716763006
time_half,temporal_no_parent_oodrisk,histgb_shallow,42,0.99,0.5,0.75,1.25,0.007933286219470053,0.9857545853314527,0.6878612716763006,0.0,0.0,nan,nan,False,False,False,0.6878612716763006
time_half,temporal_no_parent_oodrisk,histgb_shallow,42,0.99,0.7,0.75,1.0,0.007933286219470053,0.9857545853314527,0.96875,0.0,0.0,nan,nan,True,False,False,0.96875
time_half,temporal_no_parent_oodrisk,histgb_shallow,42,0.99,0.7,0.75,1.25,0.007933286219470053,0.9857545853314527,0.96875,0.0,0.0,nan,nan,True,False,False,0.96875
time_half,temporal_no_parent_oodrisk,histgb_shallow,42,0.99,0.9,0.75,1.0,0.007933286219470053,0.9857545853314527,0.96875,0.0,0.0,nan,nan,True,False,False,0.96875
time_half,temporal_no_parent_oodrisk,histgb_shallow,42,0.99,0.9,0.75,1.25,0.007933286219470053,0.9857545853314527,0.96875,0.0,0.0,nan,nan,True,False,False,0.96875
time_half,temporal_no_parent_oodrisk,histgb_shallow,42,0.995,0.5,0.75,1.0,0.007933286219470053,0.9857545853314527,0.6878612716763006,0.0,0.0,nan,nan,False,False,False,0.6878612716763006
time_half,temporal_no_parent_oodrisk,histgb_shallow,42,0.995,0.5,0.75,1.25,0.007933286219470053,0.9857545853314527,0.6878612716763006,0.0,0.0,nan,nan,False,False,False,0.6878612716763006
time_half,temporal_no_parent_oodrisk,histgb_shallow,42,0.995,0.7,0.75,1.0,0.007933286219470053,0.9857545853314527,0.96875,0.0,0.0,nan,nan,True,False,False,0.96875
time_half,temporal_no_parent_oodrisk,histgb_shallow,42,0.995,0.7,0.75,1.25,0.007933286219470053,0.9857545853314527,0.96875,0.0,0.0,nan,nan,True,False,False,0.96875
time_half,temporal_no_parent_oodrisk,histgb_shallow,42,0.995,0.9,0.75,1.0,0.007933286219470053,0.9857545853314527,0.96875,0.0,0.0,nan,nan,True,False,False,0.96875
time_half,temporal_no_parent_oodrisk,histgb_shallow,42,0.995,0.9,0.75,1.25,0.007933286219470053,0.9857545853314527,0.96875,0.0,0.0,nan,nan,True,False,False,0.96875
time_half,temporal_no_parent_oodrisk,histgb_shallow,43,0.99,0.5,0.75,1.0,0.007933286219470053,0.9857545853314527,0.6878612716763006,0.0,0.0,nan,nan,False,False,False,0.6878612716763006
time_half,temporal_no_parent_oodrisk,histgb_shallow,43,0.99,0.5,0.75,1.25,0.007933286219470053,0.9857545853314527,0.6878612716763006,0.0,0.0,nan,nan,False,False,False,0.6878612716763006
time_half,temporal_no_parent_oodrisk,histgb_shallow,43,0.99,0.7,0.75,1.0,0.007933286219470053,0.9857545853314527,0.96875,0.0,0.0,nan,nan,True,False,False,0.96875
time_half,temporal_no_parent_oodrisk,histgb_shallow,43,0.99,0.7,0.75,1.25,0.007933286219470053,0.9857545853314527,0.96875,0.0,0.0,nan,nan,True,False,False,0.96875
time_half,temporal_no_parent_oodrisk,histgb_shallow,43,0.99,0.9,0.75,1.0,0.007933286219470053,0.9857545853314527,0.96875,0.0,0.0,nan,nan,True,False,False,0.96875
time_half,temporal_no_parent_oodrisk,histgb_shallow,43,0.99,0.9,0.75,1.25,0.007933286219470053,0.9857545853314527,0.96875,0.0,0.0,nan,nan,True,False,False,0.96875
time_half,temporal_no_parent_oodrisk,histgb_shallow,43,0.995,0.5,0.75,1.0,0.007933286219470053,0.9857545853314527,0.6878612716763006,0.0,0.0,nan,nan,False,False,False,0.6878612716763006
time_half,temporal_no_parent_oodrisk,histgb_shallow,43,0.995,0.5,0.75,1.25,0.007933286219470053,0.9857545853314527,0.6878612716763006,0.0,0.0,nan,nan,False,False,False,0.6878612716763006
time_half,temporal_no_parent_oodrisk,histgb_shallow,43,0.995,0.7,0.75,1.0,0.007933286219470053,0.9857545853314527,0.96875,0.0,0.0,nan,nan,True,False,False,0.96875
time_half,temporal_no_parent_oodrisk,histgb_shallow,43,0.995,0.7,0.75,1.25,0.007933286219470053,0.9857545853314527,0.96875,0.0,0.0,nan,nan,True,False,False,0.96875
time_half,temporal_no_parent_oodrisk,histgb_shallow,43,0.995,0.9,0.75,1.0,0.007933286219470053,0.9857545853314527,0.96875,0.0,0.0,nan,nan,True,False,False,0.96875
time_half,temporal_no_parent_oodrisk,histgb_shallow,43,0.995,0.9,0.75,1.25,0.007933286219470053,0.9857545853314527,0.96875,0.0,0.0,nan,nan,True,False,False,0.96875
time_half,temporal_no_parent_oodrisk,histgb_shallow,44,0.99,0.5,0.75,1.0,0.007933286219470053,0.9857545853314527,0.6878612716763006,0.0,0.0,nan,nan,False,False,False,0.6878612716763006
time_half,temporal_no_parent_oodrisk,histgb_shallow,44,0.99,0.5,0.75,1.25,0.007933286219470053,0.9857545853314527,0.6878612716763006,0.0,0.0,nan,nan,False,False,False,0.6878612716763006
time_half,temporal_no_parent_oodrisk,histgb_shallow,44,0.99,0.7,0.75,1.0,0.007933286219470053,0.9857545853314527,0.96875,0.0,0.0,nan,nan,True,False,False,0.96875
time_half,temporal_no_parent_oodrisk,histgb_shallow,44,0.99,0.7,0.75,1.25,0.007933286219470053,0.9857545853314527,0.96875,0.0,0.0,nan,nan,True,False,False,0.96875
time_half,temporal_no_parent_oodrisk,histgb_shallow,44,0.99,0.9,0.75,1.0,0.007933286219470053,0.9857545853314527,0.96875,0.0,0.0,nan,nan,True,False,False,0.96875
time_half,temporal_no_parent_oodrisk,histgb_shallow,44,0.99,0.9,0.75,1.25,0.007933286219470053,0.9857545853314527,0.96875,0.0,0.0,nan,nan,True,False,False,0.96875
time_half,temporal_no_parent_oodrisk,histgb_shallow,44,0.995,0.5,0.75,1.0,0.007933286219470053,0.9857545853314527,0.6878612716763006,0.0,0.0,nan,nan,False,False,False,0.6878612716763006
time_half,temporal_no_parent_oodrisk,histgb_shallow,44,0.995,0.5,0.75,1.25,0.007933286219470053,0.9857545853314527,0.6878612716763006,0.0,0.0,nan,nan,False,False,False,0.6878612716763006
time_half,temporal_no_parent_oodrisk,histgb_shallow,44,0.995,0.7,0.75,1.0,0.007933286219470053,0.9857545853314527,0.96875,0.0,0.0,nan,nan,True,False,False,0.96875
time_half,temporal_no_parent_oodrisk,histgb_shallow,44,0.995,0.7,0.75,1.25,0.007933286219470053,0.9857545853314527,0.96875,0.0,0.0,nan,nan,True,False,False,0.96875
time_half,temporal_no_parent_oodrisk,histgb_shallow,44,0.995,0.9,0.75,1.0,0.007933286219470053,0.9857545853314527,0.96875,0.0,0.0,nan,nan,True,False,False,0.96875
time_half,temporal_no_parent_oodrisk,histgb_shallow,44,0.995,0.9,0.75,1.25,0.007933286219470053,0.9857545853314527,0.96875,0.0,0.0,nan,nan,True,False,False,0.96875
time_half,temporal_no_parent_oodrisk,histgb_shallow,45,0.99,0.5,0.75,1.0,0.007933286219470053,0.9857545853314527,0.6878612716763006,0.0,0.0,nan,nan,False,False,False,0.6878612716763006
time_half,temporal_no_parent_oodrisk,histgb_shallow,45,0.99,0.5,0.75,1.25,0.007933286219470053,0.9857545853314527,0.6878612716763006,0.0,0.0,nan,nan,False,False,False,0.6878612716763006
time_half,temporal_no_parent_oodrisk,histgb_shallow,45,0.99,0.7,0.75,1.0,0.007933286219470053,0.9857545853314527,0.96875,0.0,0.0,nan,nan,True,False,False,0.96875
time_half,temporal_no_parent_oodrisk,histgb_shallow,45,0.99,0.7,0.75,1.25,0.007933286219470053,0.9857545853314527,0.96875,0.0,0.0,nan,nan,True,False,False,0.96875
time_half,temporal_no_parent_oodrisk,histgb_shallow,45,0.99,0.9,0.75,1.0,0.007933286219470053,0.9857545853314527,0.96875,0.0,0.0,nan,nan,True,False,False,0.96875
time_half,temporal_no_parent_oodrisk,histgb_shallow,45,0.99,0.9,0.75,1.25,0.007933286219470053,0.9857545853314527,0.96875,0.0,0.0,nan,nan,True,False,False,0.96875
time_half,temporal_no_parent_oodrisk,histgb_shallow,45,0.995,0.5,0.75,1.0,0.007933286219470053,0.9857545853314527,0.6878612716763006,0.0,0.0,nan,nan,False,False,False,0.6878612716763006
time_half,temporal_no_parent_oodrisk,histgb_shallow,45,0.995,0.5,0.75,1.25,0.007933286219470053,0.9857545853314527,0.6878612716763006,0.0,0.0,nan,nan,False,False,False,0.6878612716763006
time_half,temporal_no_parent_oodrisk,histgb_shallow,45,0.995,0.7,0.75,1.0,0.007933286219470053,0.9857545853314527,0.96875,0.0,0.0,nan,nan,True,False,False,0.96875
time_half,temporal_no_parent_oodrisk,histgb_shallow,45,0.995,0.7,0.75,1.25,0.007933286219470053,0.9857545853314527,0.96875,0.0,0.0,nan,nan,True,False,False,0.96875
time_half,temporal_no_parent_oodrisk,histgb_shallow,45,0.995,0.9,0.75,1.0,0.007933286219470053,0.9857545853314527,0.96875,0.0,0.0,nan,nan,True,False,False,0.96875
time_half,temporal_no_parent_oodrisk,histgb_shallow,45,0.995,0.9,0.75,1.25,0.007933286219470053,0.9857545853314527,0.96875,0.0,0.0,nan,nan,True,False,False,0.96875
time_half,temporal_no_parent_oodrisk,histgb_shallow,46,0.99,0.5,0.75,1.0,0.007933286219470053,0.9857545853314527,0.6878612716763006,0.0,0.0,nan,nan,False,False,False,0.6878612716763006
time_half,temporal_no_parent_oodrisk,histgb_shallow,46,0.99,0.5,0.75,1.25,0.007933286219470053,0.9857545853314527,0.6878612716763006,0.0,0.0,nan,nan,False,False,False,0.6878612716763006
time_half,temporal_no_parent_oodrisk,histgb_shallow,46,0.99,0.7,0.75,1.0,0.007933286219470053,0.9857545853314527,0.96875,0.0,0.0,nan,nan,True,False,False,0.96875
time_half,temporal_no_parent_oodrisk,histgb_shallow,46,0.99,0.7,0.75,1.25,0.007933286219470053,0.9857545853314527,0.96875,0.0,0.0,nan,nan,True,False,False,0.96875
time_half,temporal_no_parent_oodrisk,histgb_shallow,46,0.99,0.9,0.75,1.0,0.007933286219470053,0.9857545853314527,0.96875,0.0,0.0,nan,nan,True,False,False,0.96875
time_half,temporal_no_parent_oodrisk,histgb_shallow,46,0.99,0.9,0.75,1.25,0.007933286219470053,0.9857545853314527,0.96875,0.0,0.0,nan,nan,True,False,False,0.96875
time_half,temporal_no_parent_oodrisk,histgb_shallow,46,0.995,0.5,0.75,1.0,0.007933286219470053,0.9857545853314527,0.6878612716763006,0.0,0.0,nan,nan,False,False,False,0.6878612716763006
time_half,temporal_no_parent_oodrisk,histgb_shallow,46,0.995,0.5,0.75,1.25,0.007933286219470053,0.9857545853314527,0.6878612716763006,0.0,0.0,nan,nan,False,False,False,0.6878612716763006
time_half,temporal_no_parent_oodrisk,histgb_shallow,46,0.995,0.7,0.75,1.0,0.007933286219470053,0.9857545853314527,0.96875,0.0,0.0,nan,nan,True,False,False,0.96875
time_half,temporal_no_parent_oodrisk,histgb_shallow,46,0.995,0.7,0.75,1.25,0.007933286219470053,0.9857545853314527,0.96875,0.0,0.0,nan,nan,True,False,False,0.96875
time_half,temporal_no_parent_oodrisk,histgb_shallow,46,0.995,0.9,0.75,1.0,0.007933286219470053,0.9857545853314527,0.96875,0.0,0.0,nan,nan,True,False,False,0.96875
time_half,temporal_no_parent_oodrisk,histgb_shallow,46,0.995,0.9,0.75,1.25,0.007933286219470053,0.9857545853314527,0.96875,0.0,0.0,nan,nan,True,False,False,0.96875
time_half,current_evidence,histgb_shallow,42,0.99,0.5,0.75,1.0,0.113699272280086,0.9853149088967149,1.0,0.0013333333333333333,0.0,nan,nan,True,False,False,0.998
time_half,current_evidence,histgb_shallow,42,0.99,0.5,0.75,1.25,0.113699272280086,0.9853149088967149,1.0,0.0013333333333333333,0.0,nan,nan,True,False,False,0.998
time_half,current_evidence,histgb_shallow,42,0.99,0.7,0.75,1.0,0.113699272280086,0.9853149088967149,1.0,0.0026666666666666666,0.0,nan,nan,True,False,False,0.996
time_half,current_evidence,histgb_shallow,42,0.99,0.7,0.75,1.25,0.113699272280086,0.9853149088967149,1.0,0.0026666666666666666,0.0,nan,nan,True,False,False,0.996
time_half,current_evidence,histgb_shallow,42,0.99,0.9,0.75,1.0,0.113699272280086,0.9853149088967149,1.0,0.01,0.0,nan,nan,True,False,False,0.985
time_half,current_evidence,histgb_shallow,42,0.99,0.9,0.75,1.25,0.113699272280086,0.9853149088967149,1.0,0.01,0.0,nan,nan,True,False,False,0.985
time_half,current_evidence,histgb_shallow,42,0.995,0.5,0.75,1.0,0.15199847008292583,0.9853149088967149,1.0,0.0013333333333333333,0.0,nan,nan,True,False,False,0.998
time_half,current_evidence,histgb_shallow,42,0.995,0.5,0.75,1.25,0.15199847008292583,0.9853149088967149,1.0,0.0013333333333333333,0.0,nan,nan,True,False,False,0.998
time_half,current_evidence,histgb_shallow,42,0.995,0.7,0.75,1.0,0.15199847008292583,0.9853149088967149,1.0,0.0026666666666666666,0.0,nan,nan,True,False,False,0.996
time_half,current_evidence,histgb_shallow,42,0.995,0.7,0.75,1.25,0.15199847008292583,0.9853149088967149,1.0,0.0026666666666666666,0.0,nan,nan,True,False,False,0.996
time_half,current_evidence,histgb_shallow,42,0.995,0.9,0.75,1.0,0.15199847008292583,0.9853149088967149,1.0,0.01,0.0,nan,nan,True,False,False,0.985
time_half,current_evidence,histgb_shallow,42,0.995,0.9,0.75,1.25,0.15199847008292583,0.9853149088967149,1.0,0.01,0.0,nan,nan,True,False,False,0.985
time_half,current_evidence,histgb_shallow,43,0.99,0.5,0.75,1.0,0.113699272280086,0.9853149088967149,1.0,0.0013333333333333333,0.0,nan,nan,True,False,False,0.998
time_half,current_evidence,histgb_shallow,43,0.99,0.5,0.75,1.25,0.113699272280086,0.9853149088967149,1.0,0.0013333333333333333,0.0,nan,nan,True,False,False,0.998
time_half,current_evidence,histgb_shallow,43,0.99,0.7,0.75,1.0,0.113699272280086,0.9853149088967149,1.0,0.0026666666666666666,0.0,nan,nan,True,False,False,0.996
time_half,current_evidence,histgb_shallow,43,0.99,0.7,0.75,1.25,0.113699272280086,0.9853149088967149,1.0,0.0026666666666666666,0.0,nan,nan,True,False,False,0.996
time_half,current_evidence,histgb_shallow,43,0.99,0.9,0.75,1.0,0.113699272280086,0.9853149088967149,1.0,0.01,0.0,nan,nan,True,False,False,0.985
time_half,current_evidence,histgb_shallow,43,0.99,0.9,0.75,1.25,0.113699272280086,0.9853149088967149,1.0,0.01,0.0,nan,nan,True,False,False,0.985
time_half,current_evidence,histgb_shallow,43,0.995,0.5,0.75,1.0,0.15199847008292583,0.9853149088967149,1.0,0.0013333333333333333,0.0,nan,nan,True,False,False,0.998
time_half,current_evidence,histgb_shallow,43,0.995,0.5,0.75,1.25,0.15199847008292583,0.9853149088967149,1.0,0.0013333333333333333,0.0,nan,nan,True,False,False,0.998
time_half,current_evidence,histgb_shallow,43,0.995,0.7,0.75,1.0,0.15199847008292583,0.9853149088967149,1.0,0.0026666666666666666,0.0,nan,nan,True,False,False,0.996
time_half,current_evidence,histgb_shallow,43,0.995,0.7,0.75,1.25,0.15199847008292583,0.9853149088967149,1.0,0.0026666666666666666,0.0,nan,nan,True,False,False,0.996
time_half,current_evidence,histgb_shallow,43,0.995,0.9,0.75,1.0,0.15199847008292583,0.9853149088967149,1.0,0.01,0.0,nan,nan,True,False,False,0.985
time_half,current_evidence,histgb_shallow,43,0.995,0.9,0.75,1.25,0.15199847008292583,0.9853149088967149,1.0,0.01,0.0,nan,nan,True,False,False,0.985
time_half,current_evidence,histgb_shallow,44,0.99,0.5,0.75,1.0,0.113699272280086,0.9853149088967149,1.0,0.0013333333333333333,0.0,nan,nan,True,False,False,0.998
time_half,current_evidence,histgb_shallow,44,0.99,0.5,0.75,1.25,0.113699272280086,0.9853149088967149,1.0,0.0013333333333333333,0.0,nan,nan,True,False,False,0.998
time_half,current_evidence,histgb_shallow,44,0.99,0.7,0.75,1.0,0.113699272280086,0.9853149088967149,1.0,0.0026666666666666666,0.0,nan,nan,True,False,False,0.996
time_half,current_evidence,histgb_shallow,44,0.99,0.7,0.75,1.25,0.113699272280086,0.9853149088967149,1.0,0.0026666666666666666,0.0,nan,nan,True,False,False,0.996
time_half,current_evidence,histgb_shallow,44,0.99,0.9,0.75,1.0,0.113699272280086,0.9853149088967149,1.0,0.01,0.0,nan,nan,True,False,False,0.985
time_half,current_evidence,histgb_shallow,44,0.99,0.9,0.75,1.25,0.113699272280086,0.9853149088967149,1.0,0.01,0.0,nan,nan,True,False,False,0.985
time_half,current_evidence,histgb_shallow,44,0.995,0.5,0.75,1.0,0.15199847008292583,0.9853149088967149,1.0,0.0013333333333333333,0.0,nan,nan,True,False,False,0.998
time_half,current_evidence,histgb_shallow,44,0.995,0.5,0.75,1.25,0.15199847008292583,0.9853149088967149,1.0,0.0013333333333333333,0.0,nan,nan,True,False,False,0.998
time_half,current_evidence,histgb_shallow,44,0.995,0.7,0.75,1.0,0.15199847008292583,0.9853149088967149,1.0,0.0026666666666666666,0.0,nan,nan,True,False,False,0.996
time_half,current_evidence,histgb_shallow,44,0.995,0.7,0.75,1.25,0.15199847008292583,0.9853149088967149,1.0,0.0026666666666666666,0.0,nan,nan,True,False,False,0.996
time_half,current_evidence,histgb_shallow,44,0.995,0.9,0.75,1.0,0.15199847008292583,0.9853149088967149,1.0,0.01,0.0,nan,nan,True,False,False,0.985
time_half,current_evidence,histgb_shallow,44,0.995,0.9,0.75,1.25,0.15199847008292583,0.9853149088967149,1.0,0.01,0.0,nan,nan,True,False,False,0.985
time_half,current_evidence,histgb_shallow,45,0.99,0.5,0.75,1.0,0.113699272280086,0.9853149088967149,1.0,0.0013333333333333333,0.0,nan,nan,True,False,False,0.998
time_half,current_evidence,histgb_shallow,45,0.99,0.5,0.75,1.25,0.113699272280086,0.9853149088967149,1.0,0.0013333333333333333,0.0,nan,nan,True,False,False,0.998
time_half,current_evidence,histgb_shallow,45,0.99,0.7,0.75,1.0,0.113699272280086,0.9853149088967149,1.0,0.0026666666666666666,0.0,nan,nan,True,False,False,0.996
time_half,current_evidence,histgb_shallow,45,0.99,0.7,0.75,1.25,0.113699272280086,0.9853149088967149,1.0,0.0026666666666666666,0.0,nan,nan,True,False,False,0.996
time_half,current_evidence,histgb_shallow,45,0.99,0.9,0.75,1.0,0.113699272280086,0.9853149088967149,1.0,0.01,0.0,nan,nan,True,False,False,0.985
time_half,current_evidence,histgb_shallow,45,0.99,0.9,0.75,1.25,0.113699272280086,0.9853149088967149,1.0,0.01,0.0,nan,nan,True,False,False,0.985
time_half,current_evidence,histgb_shallow,45,0.995,0.5,0.75,1.0,0.15199847008292583,0.9853149088967149,1.0,0.0013333333333333333,0.0,nan,nan,True,False,False,0.998
time_half,current_evidence,histgb_shallow,45,0.995,0.5,0.75,1.25,0.15199847008292583,0.9853149088967149,1.0,0.0013333333333333333,0.0,nan,nan,True,False,False,0.998
time_half,current_evidence,histgb_shallow,45,0.995,0.7,0.75,1.0,0.15199847008292583,0.9853149088967149,1.0,0.0026666666666666666,0.0,nan,nan,True,False,False,0.996
time_half,current_evidence,histgb_shallow,45,0.995,0.7,0.75,1.25,0.15199847008292583,0.9853149088967149,1.0,0.0026666666666666666,0.0,nan,nan,True,False,False,0.996
time_half,current_evidence,histgb_shallow,45,0.995,0.9,0.75,1.0,0.15199847008292583,0.9853149088967149,1.0,0.01,0.0,nan,nan,True,False,False,0.985
time_half,current_evidence,histgb_shallow,45,0.995,0.9,0.75,1.25,0.15199847008292583,0.9853149088967149,1.0,0.01,0.0,nan,nan,True,False,False,0.985
time_half,current_evidence,histgb_shallow,46,0.99,0.5,0.75,1.0,0.113699272280086,0.9853149088967149,1.0,0.0013333333333333333,0.0,nan,nan,True,False,False,0.998
time_half,current_evidence,histgb_shallow,46,0.99,0.5,0.75,1.25,0.113699272280086,0.9853149088967149,1.0,0.0013333333333333333,0.0,nan,nan,True,False,False,0.998
time_half,current_evidence,histgb_shallow,46,0.99,0.7,0.75,1.0,0.113699272280086,0.9853149088967149,1.0,0.0026666666666666666,0.0,nan,nan,True,False,False,0.996
time_half,current_evidence,histgb_shallow,46,0.99,0.7,0.75,1.25,0.113699272280086,0.9853149088967149,1.0,0.0026666666666666666,0.0,nan,nan,True,False,False,0.996
time_half,current_evidence,histgb_shallow,46,0.99,0.9,0.75,1.0,0.113699272280086,0.9853149088967149,1.0,0.01,0.0,nan,nan,True,False,False,0.985
time_half,current_evidence,histgb_shallow,46,0.99,0.9,0.75,1.25,0.113699272280086,0.9853149088967149,1.0,0.01,0.0,nan,nan,True,False,False,0.985
time_half,current_evidence,histgb_shallow,46,0.995,0.5,0.75,1.0,0.15199847008292583,0.9853149088967149,1.0,0.0013333333333333333,0.0,nan,nan,True,False,False,0.998
time_half,current_evidence,histgb_shallow,46,0.995,0.5,0.75,1.25,0.15199847008292583,0.9853149088967149,1.0,0.0013333333333333333,0.0,nan,nan,True,False,False,0.998
time_half,current_evidence,histgb_shallow,46,0.995,0.7,0.75,1.0,0.15199847008292583,0.9853149088967149,1.0,0.0026666666666666666,0.0,nan,nan,True,False,False,0.996
time_half,current_evidence,histgb_shallow,46,0.995,0.7,0.75,1.25,0.15199847008292583,0.9853149088967149,1.0,0.0026666666666666666,0.0,nan,nan,True,False,False,0.996
time_half,current_evidence,histgb_shallow,46,0.995,0.9,0.75,1.0,0.15199847008292583,0.9853149088967149,1.0,0.01,0.0,nan,nan,True,False,False,0.985
time_half,current_evidence,histgb_shallow,46,0.995,0.9,0.75,1.25,0.15199847008292583,0.9853149088967149,1.0,0.01,0.0,nan,nan,True,False,False,0.985
time_half,current_no_parent_oodrisk,histgb_shallow,42,0.99,0.5,0.75,1.0,0.08932458722101594,0.9847780700524288,0.96875,0.05403508771929825,0.0,nan,nan,False,False,False,0.8876973684210526
time_half,current_no_parent_oodrisk,histgb_shallow,42,0.99,0.5,0.75,1.25,0.08932458722101594,0.9847780700524288,0.96875,0.05403508771929825,0.0,nan,nan,False,False,False,0.8876973684210526
time_half,current_no_parent_oodrisk,histgb_shallow,42,0.99,0.7,0.75,1.0,0.08932458722101594,0.9847780700524288,0.96875,0.05403508771929825,0.0,nan,nan,False,False,False,0.8876973684210526
time_half,current_no_parent_oodrisk,histgb_shallow,42,0.99,0.7,0.75,1.25,0.08932458722101594,0.9847780700524288,0.96875,0.05403508771929825,0.0,nan,nan,False,False,False,0.8876973684210526
time_half,current_no_parent_oodrisk,histgb_shallow,42,0.99,0.9,0.75,1.0,0.08932458722101594,0.9847780700524288,0.96875,0.05403508771929825,0.0,nan,nan,False,False,False,0.8876973684210526
time_half,current_no_parent_oodrisk,histgb_shallow,42,0.99,0.9,0.75,1.25,0.08932458722101594,0.9847780700524288,0.96875,0.05403508771929825,0.0,nan,nan,False,False,False,0.8876973684210526
time_half,current_no_parent_oodrisk,histgb_shallow,42,0.995,0.5,0.75,1.0,0.10657822068398201,0.9847780700524288,0.96875,0.05403508771929825,0.0,nan,nan,False,False,False,0.8876973684210526
time_half,current_no_parent_oodrisk,histgb_shallow,42,0.995,0.5,0.75,1.25,0.10657822068398201,0.9847780700524288,0.96875,0.05403508771929825,0.0,nan,nan,False,False,False,0.8876973684210526
time_half,current_no_parent_oodrisk,histgb_shallow,42,0.995,0.7,0.75,1.0,0.10657822068398201,0.9847780700524288,0.96875,0.05403508771929825,0.0,nan,nan,False,False,False,0.8876973684210526
time_half,current_no_parent_oodrisk,histgb_shallow,42,0.995,0.7,0.75,1.25,0.10657822068398201,0.9847780700524288,0.96875,0.05403508771929825,0.0,nan,nan,False,False,False,0.8876973684210526
time_half,current_no_parent_oodrisk,histgb_shallow,42,0.995,0.9,0.75,1.0,0.10657822068398201,0.9847780700524288,0.96875,0.05403508771929825,0.0,nan,nan,False,False,False,0.8876973684210526
time_half,current_no_parent_oodrisk,histgb_shallow,42,0.995,0.9,0.75,1.25,0.10657822068398201,0.9847780700524288,0.96875,0.05403508771929825,0.0,nan,nan,False,False,False,0.8876973684210526
time_half,current_no_parent_oodrisk,histgb_shallow,43,0.99,0.5,0.75,1.0,0.08932458722101594,0.9847780700524288,0.96875,0.05403508771929825,0.0,nan,nan,False,False,False,0.8876973684210526
time_half,current_no_parent_oodrisk,histgb_shallow,43,0.99,0.5,0.75,1.25,0.08932458722101594,0.9847780700524288,0.96875,0.05403508771929825,0.0,nan,nan,False,False,False,0.8876973684210526
time_half,current_no_parent_oodrisk,histgb_shallow,43,0.99,0.7,0.75,1.0,0.08932458722101594,0.9847780700524288,0.96875,0.05403508771929825,0.0,nan,nan,False,False,False,0.8876973684210526
time_half,current_no_parent_oodrisk,histgb_shallow,43,0.99,0.7,0.75,1.25,0.08932458722101594,0.9847780700524288,0.96875,0.05403508771929825,0.0,nan,nan,False,False,False,0.8876973684210526
time_half,current_no_parent_oodrisk,histgb_shallow,43,0.99,0.9,0.75,1.0,0.08932458722101594,0.9847780700524288,0.96875,0.05403508771929825,0.0,nan,nan,False,False,False,0.8876973684210526
time_half,current_no_parent_oodrisk,histgb_shallow,43,0.99,0.9,0.75,1.25,0.08932458722101594,0.9847780700524288,0.96875,0.05403508771929825,0.0,nan,nan,False,False,False,0.8876973684210526
time_half,current_no_parent_oodrisk,histgb_shallow,43,0.995,0.5,0.75,1.0,0.10657822068398201,0.9847780700524288,0.96875,0.05403508771929825,0.0,nan,nan,False,False,False,0.8876973684210526
time_half,current_no_parent_oodrisk,histgb_shallow,43,0.995,0.5,0.75,1.25,0.10657822068398201,0.9847780700524288,0.96875,0.05403508771929825,0.0,nan,nan,False,False,False,0.8876973684210526
time_half,current_no_parent_oodrisk,histgb_shallow,43,0.995,0.7,0.75,1.0,0.10657822068398201,0.9847780700524288,0.96875,0.05403508771929825,0.0,nan,nan,False,False,False,0.8876973684210526
time_half,current_no_parent_oodrisk,histgb_shallow,43,0.995,0.7,0.75,1.25,0.10657822068398201,0.9847780700524288,0.96875,0.05403508771929825,0.0,nan,nan,False,False,False,0.8876973684210526
time_half,current_no_parent_oodrisk,histgb_shallow,43,0.995,0.9,0.75,1.0,0.10657822068398201,0.9847780700524288,0.96875,0.05403508771929825,0.0,nan,nan,False,False,False,0.8876973684210526
time_half,current_no_parent_oodrisk,histgb_shallow,43,0.995,0.9,0.75,1.25,0.10657822068398201,0.9847780700524288,0.96875,0.05403508771929825,0.0,nan,nan,False,False,False,0.8876973684210526
time_half,current_no_parent_oodrisk,histgb_shallow,44,0.99,0.5,0.75,1.0,0.08932458722101594,0.9847780700524288,0.96875,0.05403508771929825,0.0,nan,nan,False,False,False,0.8876973684210526
time_half,current_no_parent_oodrisk,histgb_shallow,44,0.99,0.5,0.75,1.25,0.08932458722101594,0.9847780700524288,0.96875,0.05403508771929825,0.0,nan,nan,False,False,False,0.8876973684210526
time_half,current_no_parent_oodrisk,histgb_shallow,44,0.99,0.7,0.75,1.0,0.08932458722101594,0.9847780700524288,0.96875,0.05403508771929825,0.0,nan,nan,False,False,False,0.8876973684210526
time_half,current_no_parent_oodrisk,histgb_shallow,44,0.99,0.7,0.75,1.25,0.08932458722101594,0.9847780700524288,0.96875,0.05403508771929825,0.0,nan,nan,False,False,False,0.8876973684210526
time_half,current_no_parent_oodrisk,histgb_shallow,44,0.99,0.9,0.75,1.0,0.08932458722101594,0.9847780700524288,0.96875,0.05403508771929825,0.0,nan,nan,False,False,False,0.8876973684210526
time_half,current_no_parent_oodrisk,histgb_shallow,44,0.99,0.9,0.75,1.25,0.08932458722101594,0.9847780700524288,0.96875,0.05403508771929825,0.0,nan,nan,False,False,False,0.8876973684210526
time_half,current_no_parent_oodrisk,histgb_shallow,44,0.995,0.5,0.75,1.0,0.10657822068398201,0.9847780700524288,0.96875,0.05403508771929825,0.0,nan,nan,False,False,False,0.8876973684210526
time_half,current_no_parent_oodrisk,histgb_shallow,44,0.995,0.5,0.75,1.25,0.10657822068398201,0.9847780700524288,0.96875,0.05403508771929825,0.0,nan,nan,False,False,False,0.8876973684210526
time_half,current_no_parent_oodrisk,histgb_shallow,44,0.995,0.7,0.75,1.0,0.10657822068398201,0.9847780700524288,0.96875,0.05403508771929825,0.0,nan,nan,False,False,False,0.8876973684210526
time_half,current_no_parent_oodrisk,histgb_shallow,44,0.995,0.7,0.75,1.25,0.10657822068398201,0.9847780700524288,0.96875,0.05403508771929825,0.0,nan,nan,False,False,False,0.8876973684210526
time_half,current_no_parent_oodrisk,histgb_shallow,44,0.995,0.9,0.75,1.0,0.10657822068398201,0.9847780700524288,0.96875,0.05403508771929825,0.0,nan,nan,False,False,False,0.8876973684210526
time_half,current_no_parent_oodrisk,histgb_shallow,44,0.995,0.9,0.75,1.25,0.10657822068398201,0.9847780700524288,0.96875,0.05403508771929825,0.0,nan,nan,False,False,False,0.8876973684210526
time_half,current_no_parent_oodrisk,histgb_shallow,45,0.99,0.5,0.75,1.0,0.08932458722101594,0.9847780700524288,0.96875,0.05403508771929825,0.0,nan,nan,False,False,False,0.8876973684210526
time_half,current_no_parent_oodrisk,histgb_shallow,45,0.99,0.5,0.75,1.25,0.08932458722101594,0.9847780700524288,0.96875,0.05403508771929825,0.0,nan,nan,False,False,False,0.8876973684210526
time_half,current_no_parent_oodrisk,histgb_shallow,45,0.99,0.7,0.75,1.0,0.08932458722101594,0.9847780700524288,0.96875,0.05403508771929825,0.0,nan,nan,False,False,False,0.8876973684210526
time_half,current_no_parent_oodrisk,histgb_shallow,45,0.99,0.7,0.75,1.25,0.08932458722101594,0.9847780700524288,0.96875,0.05403508771929825,0.0,nan,nan,False,False,False,0.8876973684210526
time_half,current_no_parent_oodrisk,histgb_shallow,45,0.99,0.9,0.75,1.0,0.08932458722101594,0.9847780700524288,0.96875,0.05403508771929825,0.0,nan,nan,False,False,False,0.8876973684210526
time_half,current_no_parent_oodrisk,histgb_shallow,45,0.99,0.9,0.75,1.25,0.08932458722101594,0.9847780700524288,0.96875,0.05403508771929825,0.0,nan,nan,False,False,False,0.8876973684210526
time_half,current_no_parent_oodrisk,histgb_shallow,45,0.995,0.5,0.75,1.0,0.10657822068398201,0.9847780700524288,0.96875,0.05403508771929825,0.0,nan,nan,False,False,False,0.8876973684210526
time_half,current_no_parent_oodrisk,histgb_shallow,45,0.995,0.5,0.75,1.25,0.10657822068398201,0.9847780700524288,0.96875,0.05403508771929825,0.0,nan,nan,False,False,False,0.8876973684210526
time_half,current_no_parent_oodrisk,histgb_shallow,45,0.995,0.7,0.75,1.0,0.10657822068398201,0.9847780700524288,0.96875,0.05403508771929825,0.0,nan,nan,False,False,False,0.8876973684210526
time_half,current_no_parent_oodrisk,histgb_shallow,45,0.995,0.7,0.75,1.25,0.10657822068398201,0.9847780700524288,0.96875,0.05403508771929825,0.0,nan,nan,False,False,False,0.8876973684210526
time_half,current_no_parent_oodrisk,histgb_shallow,45,0.995,0.9,0.75,1.0,0.10657822068398201,0.9847780700524288,0.96875,0.05403508771929825,0.0,nan,nan,False,False,False,0.8876973684210526
time_half,current_no_parent_oodrisk,histgb_shallow,45,0.995,0.9,0.75,1.25,0.10657822068398201,0.9847780700524288,0.96875,0.05403508771929825,0.0,nan,nan,False,False,False,0.8876973684210526
time_half,current_no_parent_oodrisk,histgb_shallow,46,0.99,0.5,0.75,1.0,0.08932458722101594,0.9847780700524288,0.96875,0.05403508771929825,0.0,nan,nan,False,False,False,0.8876973684210526
time_half,current_no_parent_oodrisk,histgb_shallow,46,0.99,0.5,0.75,1.25,0.08932458722101594,0.9847780700524288,0.96875,0.05403508771929825,0.0,nan,nan,False,False,False,0.8876973684210526
time_half,current_no_parent_oodrisk,histgb_shallow,46,0.99,0.7,0.75,1.0,0.08932458722101594,0.9847780700524288,0.96875,0.05403508771929825,0.0,nan,nan,False,False,False,0.8876973684210526
time_half,current_no_parent_oodrisk,histgb_shallow,46,0.99,0.7,0.75,1.25,0.08932458722101594,0.9847780700524288,0.96875,0.05403508771929825,0.0,nan,nan,False,False,False,0.8876973684210526
time_half,current_no_parent_oodrisk,histgb_shallow,46,0.99,0.9,0.75,1.0,0.08932458722101594,0.9847780700524288,0.96875,0.05403508771929825,0.0,nan,nan,False,False,False,0.8876973684210526
time_half,current_no_parent_oodrisk,histgb_shallow,46,0.99,0.9,0.75,1.25,0.08932458722101594,0.9847780700524288,0.96875,0.05403508771929825,0.0,nan,nan,False,False,False,0.8876973684210526
time_half,current_no_parent_oodrisk,histgb_shallow,46,0.995,0.5,0.75,1.0,0.10657822068398201,0.9847780700524288,0.96875,0.05403508771929825,0.0,nan,nan,False,False,False,0.8876973684210526
time_half,current_no_parent_oodrisk,histgb_shallow,46,0.995,0.5,0.75,1.25,0.10657822068398201,0.9847780700524288,0.96875,0.05403508771929825,0.0,nan,nan,False,False,False,0.8876973684210526
time_half,current_no_parent_oodrisk,histgb_shallow,46,0.995,0.7,0.75,1.0,0.10657822068398201,0.9847780700524288,0.96875,0.05403508771929825,0.0,nan,nan,False,False,False,0.8876973684210526
time_half,current_no_parent_oodrisk,histgb_shallow,46,0.995,0.7,0.75,1.25,0.10657822068398201,0.9847780700524288,0.96875,0.05403508771929825,0.0,nan,nan,False,False,False,0.8876973684210526
time_half,current_no_parent_oodrisk,histgb_shallow,46,0.995,0.9,0.75,1.0,0.10657822068398201,0.9847780700524288,0.96875,0.05403508771929825,0.0,nan,nan,False,False,False,0.8876973684210526
time_half,current_no_parent_oodrisk,histgb_shallow,46,0.995,0.9,0.75,1.25,0.10657822068398201,0.9847780700524288,0.96875,0.05403508771929825,0.0,nan,nan,False,False,False,0.8876973684210526
group_disjoint_source,current_plus_temporal,histgb_shallow,42,0.99,0.5,0.75,1.0,0.005016153704497684,0.9856287744352762,0.8571428571428571,0.0,0.0,nan,nan,False,False,False,0.8571428571428571
group_disjoint_source,current_plus_temporal,histgb_shallow,42,0.99,0.5,0.75,1.25,0.005016153704497684,0.9856287744352762,0.8571428571428571,0.0,0.0,nan,nan,False,False,False,0.8571428571428571
group_disjoint_source,current_plus_temporal,histgb_shallow,42,0.99,0.7,0.75,1.0,0.005016153704497684,0.9856287744352762,0.8571428571428571,0.0,0.0,nan,nan,False,False,False,0.8571428571428571
group_disjoint_source,current_plus_temporal,histgb_shallow,42,0.99,0.7,0.75,1.25,0.005016153704497684,0.9856287744352762,0.8571428571428571,0.0,0.0,nan,nan,False,False,False,0.8571428571428571
group_disjoint_source,current_plus_temporal,histgb_shallow,42,0.99,0.9,0.75,1.0,0.005016153704497684,0.9856287744352762,1.0,0.0,0.0,nan,nan,True,False,False,1.0
group_disjoint_source,current_plus_temporal,histgb_shallow,42,0.99,0.9,0.75,1.25,0.005016153704497684,0.9856287744352762,1.0,0.0,0.0,nan,nan,True,False,False,1.0
group_disjoint_source,current_plus_temporal,histgb_shallow,42,0.995,0.5,0.75,1.0,0.005016153704497684,0.9856287744352762,0.8571428571428571,0.0,0.0,nan,nan,False,False,False,0.8571428571428571
group_disjoint_source,current_plus_temporal,histgb_shallow,42,0.995,0.5,0.75,1.25,0.005016153704497684,0.9856287744352762,0.8571428571428571,0.0,0.0,nan,nan,False,False,False,0.8571428571428571
group_disjoint_source,current_plus_temporal,histgb_shallow,42,0.995,0.7,0.75,1.0,0.005016153704497684,0.9856287744352762,0.8571428571428571,0.0,0.0,nan,nan,False,False,False,0.8571428571428571
group_disjoint_source,current_plus_temporal,histgb_shallow,42,0.995,0.7,0.75,1.25,0.005016153704497684,0.9856287744352762,0.8571428571428571,0.0,0.0,nan,nan,False,False,False,0.8571428571428571
group_disjoint_source,current_plus_temporal,histgb_shallow,42,0.995,0.9,0.75,1.0,0.005016153704497684,0.9856287744352762,1.0,0.0,0.0,nan,nan,True,False,False,1.0
group_disjoint_source,current_plus_temporal,histgb_shallow,42,0.995,0.9,0.75,1.25,0.005016153704497684,0.9856287744352762,1.0,0.0,0.0,nan,nan,True,False,False,1.0
group_disjoint_source,current_plus_temporal,histgb_shallow,43,0.99,0.5,0.75,1.0,0.005016153704497684,0.9856287744352762,0.8571428571428571,0.0,0.0,nan,nan,False,False,False,0.8571428571428571
group_disjoint_source,current_plus_temporal,histgb_shallow,43,0.99,0.5,0.75,1.25,0.005016153704497684,0.9856287744352762,0.8571428571428571,0.0,0.0,nan,nan,False,False,False,0.8571428571428571
group_disjoint_source,current_plus_temporal,histgb_shallow,43,0.99,0.7,0.75,1.0,0.005016153704497684,0.9856287744352762,0.8571428571428571,0.0,0.0,nan,nan,False,False,False,0.8571428571428571
group_disjoint_source,current_plus_temporal,histgb_shallow,43,0.99,0.7,0.75,1.25,0.005016153704497684,0.9856287744352762,0.8571428571428571,0.0,0.0,nan,nan,False,False,False,0.8571428571428571
group_disjoint_source,current_plus_temporal,histgb_shallow,43,0.99,0.9,0.75,1.0,0.005016153704497684,0.9856287744352762,1.0,0.0,0.0,nan,nan,True,False,False,1.0
group_disjoint_source,current_plus_temporal,histgb_shallow,43,0.99,0.9,0.75,1.25,0.005016153704497684,0.9856287744352762,1.0,0.0,0.0,nan,nan,True,False,False,1.0
group_disjoint_source,current_plus_temporal,histgb_shallow,43,0.995,0.5,0.75,1.0,0.005016153704497684,0.9856287744352762,0.8571428571428571,0.0,0.0,nan,nan,False,False,False,0.8571428571428571
group_disjoint_source,current_plus_temporal,histgb_shallow,43,0.995,0.5,0.75,1.25,0.005016153704497684,0.9856287744352762,0.8571428571428571,0.0,0.0,nan,nan,False,False,False,0.8571428571428571
group_disjoint_source,current_plus_temporal,histgb_shallow,43,0.995,0.7,0.75,1.0,0.005016153704497684,0.9856287744352762,0.8571428571428571,0.0,0.0,nan,nan,False,False,False,0.8571428571428571
group_disjoint_source,current_plus_temporal,histgb_shallow,43,0.995,0.7,0.75,1.25,0.005016153704497684,0.9856287744352762,0.8571428571428571,0.0,0.0,nan,nan,False,False,False,0.8571428571428571
group_disjoint_source,current_plus_temporal,histgb_shallow,43,0.995,0.9,0.75,1.0,0.005016153704497684,0.9856287744352762,1.0,0.0,0.0,nan,nan,True,False,False,1.0
group_disjoint_source,current_plus_temporal,histgb_shallow,43,0.995,0.9,0.75,1.25,0.005016153704497684,0.9856287744352762,1.0,0.0,0.0,nan,nan,True,False,False,1.0
group_disjoint_source,current_plus_temporal,histgb_shallow,44,0.99,0.5,0.75,1.0,0.005016153704497684,0.9856287744352762,0.8571428571428571,0.0,0.0,nan,nan,False,False,False,0.8571428571428571
group_disjoint_source,current_plus_temporal,histgb_shallow,44,0.99,0.5,0.75,1.25,0.005016153704497684,0.9856287744352762,0.8571428571428571,0.0,0.0,nan,nan,False,False,False,0.8571428571428571
group_disjoint_source,current_plus_temporal,histgb_shallow,44,0.99,0.7,0.75,1.0,0.005016153704497684,0.9856287744352762,0.8571428571428571,0.0,0.0,nan,nan,False,False,False,0.8571428571428571
group_disjoint_source,current_plus_temporal,histgb_shallow,44,0.99,0.7,0.75,1.25,0.005016153704497684,0.9856287744352762,0.8571428571428571,0.0,0.0,nan,nan,False,False,False,0.8571428571428571
group_disjoint_source,current_plus_temporal,histgb_shallow,44,0.99,0.9,0.75,1.0,0.005016153704497684,0.9856287744352762,1.0,0.0,0.0,nan,nan,True,False,False,1.0
group_disjoint_source,current_plus_temporal,histgb_shallow,44,0.99,0.9,0.75,1.25,0.005016153704497684,0.9856287744352762,1.0,0.0,0.0,nan,nan,True,False,False,1.0
group_disjoint_source,current_plus_temporal,histgb_shallow,44,0.995,0.5,0.75,1.0,0.005016153704497684,0.9856287744352762,0.8571428571428571,0.0,0.0,nan,nan,False,False,False,0.8571428571428571
group_disjoint_source,current_plus_temporal,histgb_shallow,44,0.995,0.5,0.75,1.25,0.005016153704497684,0.9856287744352762,0.8571428571428571,0.0,0.0,nan,nan,False,False,False,0.8571428571428571
group_disjoint_source,current_plus_temporal,histgb_shallow,44,0.995,0.7,0.75,1.0,0.005016153704497684,0.9856287744352762,0.8571428571428571,0.0,0.0,nan,nan,False,False,False,0.8571428571428571
group_disjoint_source,current_plus_temporal,histgb_shallow,44,0.995,0.7,0.75,1.25,0.005016153704497684,0.9856287744352762,0.8571428571428571,0.0,0.0,nan,nan,False,False,False,0.8571428571428571
group_disjoint_source,current_plus_temporal,histgb_shallow,44,0.995,0.9,0.75,1.0,0.005016153704497684,0.9856287744352762,1.0,0.0,0.0,nan,nan,True,False,False,1.0
group_disjoint_source,current_plus_temporal,histgb_shallow,44,0.995,0.9,0.75,1.25,0.005016153704497684,0.9856287744352762,1.0,0.0,0.0,nan,nan,True,False,False,1.0
group_disjoint_source,current_plus_temporal,histgb_shallow,45,0.99,0.5,0.75,1.0,0.005016153704497684,0.9856287744352762,0.8571428571428571,0.0,0.0,nan,nan,False,False,False,0.8571428571428571
group_disjoint_source,current_plus_temporal,histgb_shallow,45,0.99,0.5,0.75,1.25,0.005016153704497684,0.9856287744352762,0.8571428571428571,0.0,0.0,nan,nan,False,False,False,0.8571428571428571
group_disjoint_source,current_plus_temporal,histgb_shallow,45,0.99,0.7,0.75,1.0,0.005016153704497684,0.9856287744352762,0.8571428571428571,0.0,0.0,nan,nan,False,False,False,0.8571428571428571
group_disjoint_source,current_plus_temporal,histgb_shallow,45,0.99,0.7,0.75,1.25,0.005016153704497684,0.9856287744352762,0.8571428571428571,0.0,0.0,nan,nan,False,False,False,0.8571428571428571
group_disjoint_source,current_plus_temporal,histgb_shallow,45,0.99,0.9,0.75,1.0,0.005016153704497684,0.9856287744352762,1.0,0.0,0.0,nan,nan,True,False,False,1.0
group_disjoint_source,current_plus_temporal,histgb_shallow,45,0.99,0.9,0.75,1.25,0.005016153704497684,0.9856287744352762,1.0,0.0,0.0,nan,nan,True,False,False,1.0
group_disjoint_source,current_plus_temporal,histgb_shallow,45,0.995,0.5,0.75,1.0,0.005016153704497684,0.9856287744352762,0.8571428571428571,0.0,0.0,nan,nan,False,False,False,0.8571428571428571
group_disjoint_source,current_plus_temporal,histgb_shallow,45,0.995,0.5,0.75,1.25,0.005016153704497684,0.9856287744352762,0.8571428571428571,0.0,0.0,nan,nan,False,False,False,0.8571428571428571
group_disjoint_source,current_plus_temporal,histgb_shallow,45,0.995,0.7,0.75,1.0,0.005016153704497684,0.9856287744352762,0.8571428571428571,0.0,0.0,nan,nan,False,False,False,0.8571428571428571
group_disjoint_source,current_plus_temporal,histgb_shallow,45,0.995,0.7,0.75,1.25,0.005016153704497684,0.9856287744352762,0.8571428571428571,0.0,0.0,nan,nan,False,False,False,0.8571428571428571
group_disjoint_source,current_plus_temporal,histgb_shallow,45,0.995,0.9,0.75,1.0,0.005016153704497684,0.9856287744352762,1.0,0.0,0.0,nan,nan,True,False,False,1.0
group_disjoint_source,current_plus_temporal,histgb_shallow,45,0.995,0.9,0.75,1.25,0.005016153704497684,0.9856287744352762,1.0,0.0,0.0,nan,nan,True,False,False,1.0
group_disjoint_source,current_plus_temporal,histgb_shallow,46,0.99,0.5,0.75,1.0,0.005016153704497684,0.9856287744352762,0.8571428571428571,0.0,0.0,nan,nan,False,False,False,0.8571428571428571
group_disjoint_source,current_plus_temporal,histgb_shallow,46,0.99,0.5,0.75,1.25,0.005016153704497684,0.9856287744352762,0.8571428571428571,0.0,0.0,nan,nan,False,False,False,0.8571428571428571
group_disjoint_source,current_plus_temporal,histgb_shallow,46,0.99,0.7,0.75,1.0,0.005016153704497684,0.9856287744352762,0.8571428571428571,0.0,0.0,nan,nan,False,False,False,0.8571428571428571
group_disjoint_source,current_plus_temporal,histgb_shallow,46,0.99,0.7,0.75,1.25,0.005016153704497684,0.9856287744352762,0.8571428571428571,0.0,0.0,nan,nan,False,False,False,0.8571428571428571
group_disjoint_source,current_plus_temporal,histgb_shallow,46,0.99,0.9,0.75,1.0,0.005016153704497684,0.9856287744352762,1.0,0.0,0.0,nan,nan,True,False,False,1.0
group_disjoint_source,current_plus_temporal,histgb_shallow,46,0.99,0.9,0.75,1.25,0.005016153704497684,0.9856287744352762,1.0,0.0,0.0,nan,nan,True,False,False,1.0
group_disjoint_source,current_plus_temporal,histgb_shallow,46,0.995,0.5,0.75,1.0,0.005016153704497684,0.9856287744352762,0.8571428571428571,0.0,0.0,nan,nan,False,False,False,0.8571428571428571
group_disjoint_source,current_plus_temporal,histgb_shallow,46,0.995,0.5,0.75,1.25,0.005016153704497684,0.9856287744352762,0.8571428571428571,0.0,0.0,nan,nan,False,False,False,0.8571428571428571
group_disjoint_source,current_plus_temporal,histgb_shallow,46,0.995,0.7,0.75,1.0,0.005016153704497684,0.9856287744352762,0.8571428571428571,0.0,0.0,nan,nan,False,False,False,0.8571428571428571
group_disjoint_source,current_plus_temporal,histgb_shallow,46,0.995,0.7,0.75,1.25,0.005016153704497684,0.9856287744352762,0.8571428571428571,0.0,0.0,nan,nan,False,False,False,0.8571428571428571
group_disjoint_source,current_plus_temporal,histgb_shallow,46,0.995,0.9,0.75,1.0,0.005016153704497684,0.9856287744352762,1.0,0.0,0.0,nan,nan,True,False,False,1.0
group_disjoint_source,current_plus_temporal,histgb_shallow,46,0.995,0.9,0.75,1.25,0.005016153704497684,0.9856287744352762,1.0,0.0,0.0,nan,nan,True,False,False,1.0
group_disjoint_source,current_plus_temporal_no_parent_oodrisk,histgb_shallow,42,0.99,0.5,0.75,1.0,0.005982782648809091,0.9854958076096157,0.7387387387387387,0.0,0.0,nan,nan,False,False,False,0.7387387387387387
group_disjoint_source,current_plus_temporal_no_parent_oodrisk,histgb_shallow,42,0.99,0.5,0.75,1.25,0.005982782648809091,0.9854958076096157,0.7387387387387387,0.0,0.0,nan,nan,False,False,False,0.7387387387387387
group_disjoint_source,current_plus_temporal_no_parent_oodrisk,histgb_shallow,42,0.99,0.7,0.75,1.0,0.005982782648809091,0.9854958076096157,0.8571428571428571,0.0,0.0,nan,nan,False,False,False,0.8571428571428571
group_disjoint_source,current_plus_temporal_no_parent_oodrisk,histgb_shallow,42,0.99,0.7,0.75,1.25,0.005982782648809091,0.9854958076096157,0.8571428571428571,0.0,0.0,nan,nan,False,False,False,0.8571428571428571
group_disjoint_source,current_plus_temporal_no_parent_oodrisk,histgb_shallow,42,0.99,0.9,0.75,1.0,0.005982782648809091,0.9854958076096157,0.9047619047619048,0.050666666666666665,0.0,nan,nan,False,False,False,0.8287619047619048
group_disjoint_source,current_plus_temporal_no_parent_oodrisk,histgb_shallow,42,0.99,0.9,0.75,1.25,0.005982782648809091,0.9854958076096157,0.9047619047619048,0.050666666666666665,0.0,nan,nan,False,False,False,0.8287619047619048
group_disjoint_source,current_plus_temporal_no_parent_oodrisk,histgb_shallow,42,0.995,0.5,0.75,1.0,0.005982782648809091,0.9854958076096157,0.7387387387387387,0.0,0.0,nan,nan,False,False,False,0.7387387387387387
group_disjoint_source,current_plus_temporal_no_parent_oodrisk,histgb_shallow,42,0.995,0.5,0.75,1.25,0.005982782648809091,0.9854958076096157,0.7387387387387387,0.0,0.0,nan,nan,False,False,False,0.7387387387387387
group_disjoint_source,current_plus_temporal_no_parent_oodrisk,histgb_shallow,42,0.995,0.7,0.75,1.0,0.005982782648809091,0.9854958076096157,0.8571428571428571,0.0,0.0,nan,nan,False,False,False,0.8571428571428571
group_disjoint_source,current_plus_temporal_no_parent_oodrisk,histgb_shallow,42,0.995,0.7,0.75,1.25,0.005982782648809091,0.9854958076096157,0.8571428571428571,0.0,0.0,nan,nan,False,False,False,0.8571428571428571
group_disjoint_source,current_plus_temporal_no_parent_oodrisk,histgb_shallow,42,0.995,0.9,0.75,1.0,0.005982782648809091,0.9854958076096157,0.9047619047619048,0.050666666666666665,0.0,nan,nan,False,False,False,0.8287619047619048
group_disjoint_source,current_plus_temporal_no_parent_oodrisk,histgb_shallow,42,0.995,0.9,0.75,1.25,0.005982782648809091,0.9854958076096157,0.9047619047619048,0.050666666666666665,0.0,nan,nan,False,False,False,0.8287619047619048
group_disjoint_source,current_plus_temporal_no_parent_oodrisk,histgb_shallow,43,0.99,0.5,0.75,1.0,0.005982782648809091,0.9854958076096157,0.7387387387387387,0.0,0.0,nan,nan,False,False,False,0.7387387387387387
group_disjoint_source,current_plus_temporal_no_parent_oodrisk,histgb_shallow,43,0.99,0.5,0.75,1.25,0.005982782648809091,0.9854958076096157,0.7387387387387387,0.0,0.0,nan,nan,False,False,False,0.7387387387387387
group_disjoint_source,current_plus_temporal_no_parent_oodrisk,histgb_shallow,43,0.99,0.7,0.75,1.0,0.005982782648809091,0.9854958076096157,0.8571428571428571,0.0,0.0,nan,nan,False,False,False,0.8571428571428571
group_disjoint_source,current_plus_temporal_no_parent_oodrisk,histgb_shallow,43,0.99,0.7,0.75,1.25,0.005982782648809091,0.9854958076096157,0.8571428571428571,0.0,0.0,nan,nan,False,False,False,0.8571428571428571
group_disjoint_source,current_plus_temporal_no_parent_oodrisk,histgb_shallow,43,0.99,0.9,0.75,1.0,0.005982782648809091,0.9854958076096157,0.9047619047619048,0.050666666666666665,0.0,nan,nan,False,False,False,0.8287619047619048
group_disjoint_source,current_plus_temporal_no_parent_oodrisk,histgb_shallow,43,0.99,0.9,0.75,1.25,0.005982782648809091,0.9854958076096157,0.9047619047619048,0.050666666666666665,0.0,nan,nan,False,False,False,0.8287619047619048
group_disjoint_source,current_plus_temporal_no_parent_oodrisk,histgb_shallow,43,0.995,0.5,0.75,1.0,0.005982782648809091,0.9854958076096157,0.7387387387387387,0.0,0.0,nan,nan,False,False,False,0.7387387387387387
group_disjoint_source,current_plus_temporal_no_parent_oodrisk,histgb_shallow,43,0.995,0.5,0.75,1.25,0.005982782648809091,0.9854958076096157,0.7387387387387387,0.0,0.0,nan,nan,False,False,False,0.7387387387387387
group_disjoint_source,current_plus_temporal_no_parent_oodrisk,histgb_shallow,43,0.995,0.7,0.75,1.0,0.005982782648809091,0.9854958076096157,0.8571428571428571,0.0,0.0,nan,nan,False,False,False,0.8571428571428571
group_disjoint_source,current_plus_temporal_no_parent_oodrisk,histgb_shallow,43,0.995,0.7,0.75,1.25,0.005982782648809091,0.9854958076096157,0.8571428571428571,0.0,0.0,nan,nan,False,False,False,0.8571428571428571
group_disjoint_source,current_plus_temporal_no_parent_oodrisk,histgb_shallow,43,0.995,0.9,0.75,1.0,0.005982782648809091,0.9854958076096157,0.9047619047619048,0.050666666666666665,0.0,nan,nan,False,False,False,0.8287619047619048
group_disjoint_source,current_plus_temporal_no_parent_oodrisk,histgb_shallow,43,0.995,0.9,0.75,1.25,0.005982782648809091,0.9854958076096157,0.9047619047619048,0.050666666666666665,0.0,nan,nan,False,False,False,0.8287619047619048
group_disjoint_source,current_plus_temporal_no_parent_oodrisk,histgb_shallow,44,0.99,0.5,0.75,1.0,0.005982782648809091,0.9854958076096157,0.7387387387387387,0.0,0.0,nan,nan,False,False,False,0.7387387387387387
group_disjoint_source,current_plus_temporal_no_parent_oodrisk,histgb_shallow,44,0.99,0.5,0.75,1.25,0.005982782648809091,0.9854958076096157,0.7387387387387387,0.0,0.0,nan,nan,False,False,False,0.7387387387387387
group_disjoint_source,current_plus_temporal_no_parent_oodrisk,histgb_shallow,44,0.99,0.7,0.75,1.0,0.005982782648809091,0.9854958076096157,0.8571428571428571,0.0,0.0,nan,nan,False,False,False,0.8571428571428571
group_disjoint_source,current_plus_temporal_no_parent_oodrisk,histgb_shallow,44,0.99,0.7,0.75,1.25,0.005982782648809091,0.9854958076096157,0.8571428571428571,0.0,0.0,nan,nan,False,False,False,0.8571428571428571
group_disjoint_source,current_plus_temporal_no_parent_oodrisk,histgb_shallow,44,0.99,0.9,0.75,1.0,0.005982782648809091,0.9854958076096157,0.9047619047619048,0.050666666666666665,0.0,nan,nan,False,False,False,0.8287619047619048
group_disjoint_source,current_plus_temporal_no_parent_oodrisk,histgb_shallow,44,0.99,0.9,0.75,1.25,0.005982782648809091,0.9854958076096157,0.9047619047619048,0.050666666666666665,0.0,nan,nan,False,False,False,0.8287619047619048
group_disjoint_source,current_plus_temporal_no_parent_oodrisk,histgb_shallow,44,0.995,0.5,0.75,1.0,0.005982782648809091,0.9854958076096157,0.7387387387387387,0.0,0.0,nan,nan,False,False,False,0.7387387387387387
group_disjoint_source,current_plus_temporal_no_parent_oodrisk,histgb_shallow,44,0.995,0.5,0.75,1.25,0.005982782648809091,0.9854958076096157,0.7387387387387387,0.0,0.0,nan,nan,False,False,False,0.7387387387387387
group_disjoint_source,current_plus_temporal_no_parent_oodrisk,histgb_shallow,44,0.995,0.7,0.75,1.0,0.005982782648809091,0.9854958076096157,0.8571428571428571,0.0,0.0,nan,nan,False,False,False,0.8571428571428571
group_disjoint_source,current_plus_temporal_no_parent_oodrisk,histgb_shallow,44,0.995,0.7,0.75,1.25,0.005982782648809091,0.9854958076096157,0.8571428571428571,0.0,0.0,nan,nan,False,False,False,0.8571428571428571
group_disjoint_source,current_plus_temporal_no_parent_oodrisk,histgb_shallow,44,0.995,0.9,0.75,1.0,0.005982782648809091,0.9854958076096157,0.9047619047619048,0.050666666666666665,0.0,nan,nan,False,False,False,0.8287619047619048
group_disjoint_source,current_plus_temporal_no_parent_oodrisk,histgb_shallow,44,0.995,0.9,0.75,1.25,0.005982782648809091,0.9854958076096157,0.9047619047619048,0.050666666666666665,0.0,nan,nan,False,False,False,0.8287619047619048
group_disjoint_source,current_plus_temporal_no_parent_oodrisk,histgb_shallow,45,0.99,0.5,0.75,1.0,0.005982782648809091,0.9854958076096157,0.7387387387387387,0.0,0.0,nan,nan,False,False,False,0.7387387387387387
group_disjoint_source,current_plus_temporal_no_parent_oodrisk,histgb_shallow,45,0.99,0.5,0.75,1.25,0.005982782648809091,0.9854958076096157,0.7387387387387387,0.0,0.0,nan,nan,False,False,False,0.7387387387387387
group_disjoint_source,current_plus_temporal_no_parent_oodrisk,histgb_shallow,45,0.99,0.7,0.75,1.0,0.005982782648809091,0.9854958076096157,0.8571428571428571,0.0,0.0,nan,nan,False,False,False,0.8571428571428571
group_disjoint_source,current_plus_temporal_no_parent_oodrisk,histgb_shallow,45,0.99,0.7,0.75,1.25,0.005982782648809091,0.9854958076096157,0.8571428571428571,0.0,0.0,nan,nan,False,False,False,0.8571428571428571
group_disjoint_source,current_plus_temporal_no_parent_oodrisk,histgb_shallow,45,0.99,0.9,0.75,1.0,0.005982782648809091,0.9854958076096157,0.9047619047619048,0.050666666666666665,0.0,nan,nan,False,False,False,0.8287619047619048
group_disjoint_source,current_plus_temporal_no_parent_oodrisk,histgb_shallow,45,0.99,0.9,0.75,1.25,0.005982782648809091,0.9854958076096157,0.9047619047619048,0.050666666666666665,0.0,nan,nan,False,False,False,0.8287619047619048
group_disjoint_source,current_plus_temporal_no_parent_oodrisk,histgb_shallow,45,0.995,0.5,0.75,1.0,0.005982782648809091,0.9854958076096157,0.7387387387387387,0.0,0.0,nan,nan,False,False,False,0.7387387387387387
group_disjoint_source,current_plus_temporal_no_parent_oodrisk,histgb_shallow,45,0.995,0.5,0.75,1.25,0.005982782648809091,0.9854958076096157,0.7387387387387387,0.0,0.0,nan,nan,False,False,False,0.7387387387387387
group_disjoint_source,current_plus_temporal_no_parent_oodrisk,histgb_shallow,45,0.995,0.7,0.75,1.0,0.005982782648809091,0.9854958076096157,0.8571428571428571,0.0,0.0,nan,nan,False,False,False,0.8571428571428571
group_disjoint_source,current_plus_temporal_no_parent_oodrisk,histgb_shallow,45,0.995,0.7,0.75,1.25,0.005982782648809091,0.9854958076096157,0.8571428571428571,0.0,0.0,nan,nan,False,False,False,0.8571428571428571
group_disjoint_source,current_plus_temporal_no_parent_oodrisk,histgb_shallow,45,0.995,0.9,0.75,1.0,0.005982782648809091,0.9854958076096157,0.9047619047619048,0.050666666666666665,0.0,nan,nan,False,False,False,0.8287619047619048
group_disjoint_source,current_plus_temporal_no_parent_oodrisk,histgb_shallow,45,0.995,0.9,0.75,1.25,0.005982782648809091,0.9854958076096157,0.9047619047619048,0.050666666666666665,0.0,nan,nan,False,False,False,0.8287619047619048
group_disjoint_source,current_plus_temporal_no_parent_oodrisk,histgb_shallow,46,0.99,0.5,0.75,1.0,0.005982782648809091,0.9854958076096157,0.7387387387387387,0.0,0.0,nan,nan,False,False,False,0.7387387387387387
group_disjoint_source,current_plus_temporal_no_parent_oodrisk,histgb_shallow,46,0.99,0.5,0.75,1.25,0.005982782648809091,0.9854958076096157,0.7387387387387387,0.0,0.0,nan,nan,False,False,False,0.7387387387387387
group_disjoint_source,current_plus_temporal_no_parent_oodrisk,histgb_shallow,46,0.99,0.7,0.75,1.0,0.005982782648809091,0.9854958076096157,0.8571428571428571,0.0,0.0,nan,nan,False,False,False,0.8571428571428571
group_disjoint_source,current_plus_temporal_no_parent_oodrisk,histgb_shallow,46,0.99,0.7,0.75,1.25,0.005982782648809091,0.9854958076096157,0.8571428571428571,0.0,0.0,nan,nan,False,False,False,0.8571428571428571
group_disjoint_source,current_plus_temporal_no_parent_oodrisk,histgb_shallow,46,0.99,0.9,0.75,1.0,0.005982782648809091,0.9854958076096157,0.9047619047619048,0.050666666666666665,0.0,nan,nan,False,False,False,0.8287619047619048
group_disjoint_source,current_plus_temporal_no_parent_oodrisk,histgb_shallow,46,0.99,0.9,0.75,1.25,0.005982782648809091,0.9854958076096157,0.9047619047619048,0.050666666666666665,0.0,nan,nan,False,False,False,0.8287619047619048
group_disjoint_source,current_plus_temporal_no_parent_oodrisk,histgb_shallow,46,0.995,0.5,0.75,1.0,0.005982782648809091,0.9854958076096157,0.7387387387387387,0.0,0.0,nan,nan,False,False,False,0.7387387387387387
group_disjoint_source,current_plus_temporal_no_parent_oodrisk,histgb_shallow,46,0.995,0.5,0.75,1.25,0.005982782648809091,0.9854958076096157,0.7387387387387387,0.0,0.0,nan,nan,False,False,False,0.7387387387387387
group_disjoint_source,current_plus_temporal_no_parent_oodrisk,histgb_shallow,46,0.995,0.7,0.75,1.0,0.005982782648809091,0.9854958076096157,0.8571428571428571,0.0,0.0,nan,nan,False,False,False,0.8571428571428571
group_disjoint_source,current_plus_temporal_no_parent_oodrisk,histgb_shallow,46,0.995,0.7,0.75,1.25,0.005982782648809091,0.9854958076096157,0.8571428571428571,0.0,0.0,nan,nan,False,False,False,0.8571428571428571
group_disjoint_source,current_plus_temporal_no_parent_oodrisk,histgb_shallow,46,0.995,0.9,0.75,1.0,0.005982782648809091,0.9854958076096157,0.9047619047619048,0.050666666666666665,0.0,nan,nan,False,False,False,0.8287619047619048
group_disjoint_source,current_plus_temporal_no_parent_oodrisk,histgb_shallow,46,0.995,0.9,0.75,1.25,0.005982782648809091,0.9854958076096157,0.9047619047619048,0.050666666666666665,0.0,nan,nan,False,False,False,0.8287619047619048
group_disjoint_source,past_temporal_only,histgb_shallow,42,0.99,0.5,0.75,1.0,0.002974682506551716,0.9856256833152529,0.8571428571428571,0.0,0.0,nan,nan,False,False,False,0.8571428571428571
group_disjoint_source,past_temporal_only,histgb_shallow,42,0.99,0.5,0.75,1.25,0.002974682506551716,0.9856256833152529,0.8571428571428571,0.0,0.0,nan,nan,False,False,False,0.8571428571428571
group_disjoint_source,past_temporal_only,histgb_shallow,42,0.99,0.7,0.75,1.0,0.002974682506551716,0.9856256833152529,0.8571428571428571,0.0,0.0,nan,nan,False,False,False,0.8571428571428571
group_disjoint_source,past_temporal_only,histgb_shallow,42,0.99,0.7,0.75,1.25,0.002974682506551716,0.9856256833152529,0.8571428571428571,0.0,0.0,nan,nan,False,False,False,0.8571428571428571
group_disjoint_source,past_temporal_only,histgb_shallow,42,0.99,0.9,0.75,1.0,0.002974682506551716,0.9856256833152529,1.0,0.024,0.0,nan,nan,False,False,False,0.964
group_disjoint_source,past_temporal_only,histgb_shallow,42,0.99,0.9,0.75,1.25,0.002974682506551716,0.9856256833152529,1.0,0.024,0.0,nan,nan,False,False,False,0.964
group_disjoint_source,past_temporal_only,histgb_shallow,42,0.995,0.5,0.75,1.0,0.002974682506551716,0.9856256833152529,0.8571428571428571,0.0,0.0,nan,nan,False,False,False,0.8571428571428571
group_disjoint_source,past_temporal_only,histgb_shallow,42,0.995,0.5,0.75,1.25,0.002974682506551716,0.9856256833152529,0.8571428571428571,0.0,0.0,nan,nan,False,False,False,0.8571428571428571
group_disjoint_source,past_temporal_only,histgb_shallow,42,0.995,0.7,0.75,1.0,0.002974682506551716,0.9856256833152529,0.8571428571428571,0.0,0.0,nan,nan,False,False,False,0.8571428571428571
group_disjoint_source,past_temporal_only,histgb_shallow,42,0.995,0.7,0.75,1.25,0.002974682506551716,0.9856256833152529,0.8571428571428571,0.0,0.0,nan,nan,False,False,False,0.8571428571428571
group_disjoint_source,past_temporal_only,histgb_shallow,42,0.995,0.9,0.75,1.0,0.002974682506551716,0.9856256833152529,1.0,0.024,0.0,nan,nan,False,False,False,0.964
group_disjoint_source,past_temporal_only,histgb_shallow,42,0.995,0.9,0.75,1.25,0.002974682506551716,0.9856256833152529,1.0,0.024,0.0,nan,nan,False,False,False,0.964
group_disjoint_source,past_temporal_only,histgb_shallow,43,0.99,0.5,0.75,1.0,0.002974682506551716,0.9856256833152529,0.8571428571428571,0.0,0.0,nan,nan,False,False,False,0.8571428571428571
group_disjoint_source,past_temporal_only,histgb_shallow,43,0.99,0.5,0.75,1.25,0.002974682506551716,0.9856256833152529,0.8571428571428571,0.0,0.0,nan,nan,False,False,False,0.8571428571428571
group_disjoint_source,past_temporal_only,histgb_shallow,43,0.99,0.7,0.75,1.0,0.002974682506551716,0.9856256833152529,0.8571428571428571,0.0,0.0,nan,nan,False,False,False,0.8571428571428571
group_disjoint_source,past_temporal_only,histgb_shallow,43,0.99,0.7,0.75,1.25,0.002974682506551716,0.9856256833152529,0.8571428571428571,0.0,0.0,nan,nan,False,False,False,0.8571428571428571
group_disjoint_source,past_temporal_only,histgb_shallow,43,0.99,0.9,0.75,1.0,0.002974682506551716,0.9856256833152529,1.0,0.024,0.0,nan,nan,False,False,False,0.964
group_disjoint_source,past_temporal_only,histgb_shallow,43,0.99,0.9,0.75,1.25,0.002974682506551716,0.9856256833152529,1.0,0.024,0.0,nan,nan,False,False,False,0.964
group_disjoint_source,past_temporal_only,histgb_shallow,43,0.995,0.5,0.75,1.0,0.002974682506551716,0.9856256833152529,0.8571428571428571,0.0,0.0,nan,nan,False,False,False,0.8571428571428571
group_disjoint_source,past_temporal_only,histgb_shallow,43,0.995,0.5,0.75,1.25,0.002974682506551716,0.9856256833152529,0.8571428571428571,0.0,0.0,nan,nan,False,False,False,0.8571428571428571
group_disjoint_source,past_temporal_only,histgb_shallow,43,0.995,0.7,0.75,1.0,0.002974682506551716,0.9856256833152529,0.8571428571428571,0.0,0.0,nan,nan,False,False,False,0.8571428571428571
group_disjoint_source,past_temporal_only,histgb_shallow,43,0.995,0.7,0.75,1.25,0.002974682506551716,0.9856256833152529,0.8571428571428571,0.0,0.0,nan,nan,False,False,False,0.8571428571428571
group_disjoint_source,past_temporal_only,histgb_shallow,43,0.995,0.9,0.75,1.0,0.002974682506551716,0.9856256833152529,1.0,0.024,0.0,nan,nan,False,False,False,0.964
group_disjoint_source,past_temporal_only,histgb_shallow,43,0.995,0.9,0.75,1.25,0.002974682506551716,0.9856256833152529,1.0,0.024,0.0,nan,nan,False,False,False,0.964
group_disjoint_source,past_temporal_only,histgb_shallow,44,0.99,0.5,0.75,1.0,0.002974682506551716,0.9856256833152529,0.8571428571428571,0.0,0.0,nan,nan,False,False,False,0.8571428571428571
group_disjoint_source,past_temporal_only,histgb_shallow,44,0.99,0.5,0.75,1.25,0.002974682506551716,0.9856256833152529,0.8571428571428571,0.0,0.0,nan,nan,False,False,False,0.8571428571428571
group_disjoint_source,past_temporal_only,histgb_shallow,44,0.99,0.7,0.75,1.0,0.002974682506551716,0.9856256833152529,0.8571428571428571,0.0,0.0,nan,nan,False,False,False,0.8571428571428571
group_disjoint_source,past_temporal_only,histgb_shallow,44,0.99,0.7,0.75,1.25,0.002974682506551716,0.9856256833152529,0.8571428571428571,0.0,0.0,nan,nan,False,False,False,0.8571428571428571
group_disjoint_source,past_temporal_only,histgb_shallow,44,0.99,0.9,0.75,1.0,0.002974682506551716,0.9856256833152529,1.0,0.024,0.0,nan,nan,False,False,False,0.964
group_disjoint_source,past_temporal_only,histgb_shallow,44,0.99,0.9,0.75,1.25,0.002974682506551716,0.9856256833152529,1.0,0.024,0.0,nan,nan,False,False,False,0.964
group_disjoint_source,past_temporal_only,histgb_shallow,44,0.995,0.5,0.75,1.0,0.002974682506551716,0.9856256833152529,0.8571428571428571,0.0,0.0,nan,nan,False,False,False,0.8571428571428571
group_disjoint_source,past_temporal_only,histgb_shallow,44,0.995,0.5,0.75,1.25,0.002974682506551716,0.9856256833152529,0.8571428571428571,0.0,0.0,nan,nan,False,False,False,0.8571428571428571
group_disjoint_source,past_temporal_only,histgb_shallow,44,0.995,0.7,0.75,1.0,0.002974682506551716,0.9856256833152529,0.8571428571428571,0.0,0.0,nan,nan,False,False,False,0.8571428571428571
group_disjoint_source,past_temporal_only,histgb_shallow,44,0.995,0.7,0.75,1.25,0.002974682506551716,0.9856256833152529,0.8571428571428571,0.0,0.0,nan,nan,False,False,False,0.8571428571428571
group_disjoint_source,past_temporal_only,histgb_shallow,44,0.995,0.9,0.75,1.0,0.002974682506551716,0.9856256833152529,1.0,0.024,0.0,nan,nan,False,False,False,0.964
group_disjoint_source,past_temporal_only,histgb_shallow,44,0.995,0.9,0.75,1.25,0.002974682506551716,0.9856256833152529,1.0,0.024,0.0,nan,nan,False,False,False,0.964
group_disjoint_source,past_temporal_only,histgb_shallow,45,0.99,0.5,0.75,1.0,0.002974682506551716,0.9856256833152529,0.8571428571428571,0.0,0.0,nan,nan,False,False,False,0.8571428571428571
group_disjoint_source,past_temporal_only,histgb_shallow,45,0.99,0.5,0.75,1.25,0.002974682506551716,0.9856256833152529,0.8571428571428571,0.0,0.0,nan,nan,False,False,False,0.8571428571428571
group_disjoint_source,past_temporal_only,histgb_shallow,45,0.99,0.7,0.75,1.0,0.002974682506551716,0.9856256833152529,0.8571428571428571,0.0,0.0,nan,nan,False,False,False,0.8571428571428571
group_disjoint_source,past_temporal_only,histgb_shallow,45,0.99,0.7,0.75,1.25,0.002974682506551716,0.9856256833152529,0.8571428571428571,0.0,0.0,nan,nan,False,False,False,0.8571428571428571
group_disjoint_source,past_temporal_only,histgb_shallow,45,0.99,0.9,0.75,1.0,0.002974682506551716,0.9856256833152529,1.0,0.024,0.0,nan,nan,False,False,False,0.964
group_disjoint_source,past_temporal_only,histgb_shallow,45,0.99,0.9,0.75,1.25,0.002974682506551716,0.9856256833152529,1.0,0.024,0.0,nan,nan,False,False,False,0.964
group_disjoint_source,past_temporal_only,histgb_shallow,45,0.995,0.5,0.75,1.0,0.002974682506551716,0.9856256833152529,0.8571428571428571,0.0,0.0,nan,nan,False,False,False,0.8571428571428571
group_disjoint_source,past_temporal_only,histgb_shallow,45,0.995,0.5,0.75,1.25,0.002974682506551716,0.9856256833152529,0.8571428571428571,0.0,0.0,nan,nan,False,False,False,0.8571428571428571
group_disjoint_source,past_temporal_only,histgb_shallow,45,0.995,0.7,0.75,1.0,0.002974682506551716,0.9856256833152529,0.8571428571428571,0.0,0.0,nan,nan,False,False,False,0.8571428571428571
group_disjoint_source,past_temporal_only,histgb_shallow,45,0.995,0.7,0.75,1.25,0.002974682506551716,0.9856256833152529,0.8571428571428571,0.0,0.0,nan,nan,False,False,False,0.8571428571428571
group_disjoint_source,past_temporal_only,histgb_shallow,45,0.995,0.9,0.75,1.0,0.002974682506551716,0.9856256833152529,1.0,0.024,0.0,nan,nan,False,False,False,0.964
group_disjoint_source,past_temporal_only,histgb_shallow,45,0.995,0.9,0.75,1.25,0.002974682506551716,0.9856256833152529,1.0,0.024,0.0,nan,nan,False,False,False,0.964
group_disjoint_source,past_temporal_only,histgb_shallow,46,0.99,0.5,0.75,1.0,0.002974682506551716,0.9856256833152529,0.8571428571428571,0.0,0.0,nan,nan,False,False,False,0.8571428571428571
group_disjoint_source,past_temporal_only,histgb_shallow,46,0.99,0.5,0.75,1.25,0.002974682506551716,0.9856256833152529,0.8571428571428571,0.0,0.0,nan,nan,False,False,False,0.8571428571428571
group_disjoint_source,past_temporal_only,histgb_shallow,46,0.99,0.7,0.75,1.0,0.002974682506551716,0.9856256833152529,0.8571428571428571,0.0,0.0,nan,nan,False,False,False,0.8571428571428571
group_disjoint_source,past_temporal_only,histgb_shallow,46,0.99,0.7,0.75,1.25,0.002974682506551716,0.9856256833152529,0.8571428571428571,0.0,0.0,nan,nan,False,False,False,0.8571428571428571
group_disjoint_source,past_temporal_only,histgb_shallow,46,0.99,0.9,0.75,1.0,0.002974682506551716,0.9856256833152529,1.0,0.024,0.0,nan,nan,False,False,False,0.964
group_disjoint_source,past_temporal_only,histgb_shallow,46,0.99,0.9,0.75,1.25,0.002974682506551716,0.9856256833152529,1.0,0.024,0.0,nan,nan,False,False,False,0.964
group_disjoint_source,past_temporal_only,histgb_shallow,46,0.995,0.5,0.75,1.0,0.002974682506551716,0.9856256833152529,0.8571428571428571,0.0,0.0,nan,nan,False,False,False,0.8571428571428571
group_disjoint_source,past_temporal_only,histgb_shallow,46,0.995,0.5,0.75,1.25,0.002974682506551716,0.9856256833152529,0.8571428571428571,0.0,0.0,nan,nan,False,False,False,0.8571428571428571
group_disjoint_source,past_temporal_only,histgb_shallow,46,0.995,0.7,0.75,1.0,0.002974682506551716,0.9856256833152529,0.8571428571428571,0.0,0.0,nan,nan,False,False,False,0.8571428571428571
group_disjoint_source,past_temporal_only,histgb_shallow,46,0.995,0.7,0.75,1.25,0.002974682506551716,0.9856256833152529,0.8571428571428571,0.0,0.0,nan,nan,False,False,False,0.8571428571428571
group_disjoint_source,past_temporal_only,histgb_shallow,46,0.995,0.9,0.75,1.0,0.002974682506551716,0.9856256833152529,1.0,0.024,0.0,nan,nan,False,False,False,0.964
group_disjoint_source,past_temporal_only,histgb_shallow,46,0.995,0.9,0.75,1.25,0.002974682506551716,0.9856256833152529,1.0,0.024,0.0,nan,nan,False,False,False,0.964
group_disjoint_source,temporal_no_parent_oodrisk,histgb_shallow,42,0.99,0.5,0.75,1.0,0.006834323658683198,0.9855614097051271,0.7387387387387387,0.009333333333333334,0.0,nan,nan,False,False,False,0.7247387387387387
group_disjoint_source,temporal_no_parent_oodrisk,histgb_shallow,42,0.99,0.5,0.75,1.25,0.006834323658683198,0.9855614097051271,0.7387387387387387,0.009333333333333334,0.0,nan,nan,False,False,False,0.7247387387387387
group_disjoint_source,temporal_no_parent_oodrisk,histgb_shallow,42,0.99,0.7,0.75,1.0,0.006834323658683198,0.9855614097051271,0.7387387387387387,0.02266666666666667,0.0,nan,nan,False,False,False,0.7047387387387387
group_disjoint_source,temporal_no_parent_oodrisk,histgb_shallow,42,0.99,0.7,0.75,1.25,0.006834323658683198,0.9855614097051271,0.7387387387387387,0.02266666666666667,0.0,nan,nan,False,False,False,0.7047387387387387
group_disjoint_source,temporal_no_parent_oodrisk,histgb_shallow,42,0.99,0.9,0.75,1.0,0.006834323658683198,0.9855614097051271,0.8571428571428571,0.050666666666666665,0.0,nan,nan,False,False,False,0.7811428571428571
group_disjoint_source,temporal_no_parent_oodrisk,histgb_shallow,42,0.99,0.9,0.75,1.25,0.006834323658683198,0.9855614097051271,0.8571428571428571,0.050666666666666665,0.0,nan,nan,False,False,False,0.7811428571428571
group_disjoint_source,temporal_no_parent_oodrisk,histgb_shallow,42,0.995,0.5,0.75,1.0,0.006834323658683198,0.9855614097051271,0.7387387387387387,0.009333333333333334,0.0,nan,nan,False,False,False,0.7247387387387387
group_disjoint_source,temporal_no_parent_oodrisk,histgb_shallow,42,0.995,0.5,0.75,1.25,0.006834323658683198,0.9855614097051271,0.7387387387387387,0.009333333333333334,0.0,nan,nan,False,False,False,0.7247387387387387
group_disjoint_source,temporal_no_parent_oodrisk,histgb_shallow,42,0.995,0.7,0.75,1.0,0.006834323658683198,0.9855614097051271,0.7387387387387387,0.02266666666666667,0.0,nan,nan,False,False,False,0.7047387387387387
group_disjoint_source,temporal_no_parent_oodrisk,histgb_shallow,42,0.995,0.7,0.75,1.25,0.006834323658683198,0.9855614097051271,0.7387387387387387,0.02266666666666667,0.0,nan,nan,False,False,False,0.7047387387387387
group_disjoint_source,temporal_no_parent_oodrisk,histgb_shallow,42,0.995,0.9,0.75,1.0,0.006834323658683198,0.9855614097051271,0.8571428571428571,0.050666666666666665,0.0,nan,nan,False,False,False,0.7811428571428571
group_disjoint_source,temporal_no_parent_oodrisk,histgb_shallow,42,0.995,0.9,0.75,1.25,0.006834323658683198,0.9855614097051271,0.8571428571428571,0.050666666666666665,0.0,nan,nan,False,False,False,0.7811428571428571
group_disjoint_source,temporal_no_parent_oodrisk,histgb_shallow,43,0.99,0.5,0.75,1.0,0.006834323658683198,0.9855614097051271,0.7387387387387387,0.009333333333333334,0.0,nan,nan,False,False,False,0.7247387387387387
group_disjoint_source,temporal_no_parent_oodrisk,histgb_shallow,43,0.99,0.5,0.75,1.25,0.006834323658683198,0.9855614097051271,0.7387387387387387,0.009333333333333334,0.0,nan,nan,False,False,False,0.7247387387387387
group_disjoint_source,temporal_no_parent_oodrisk,histgb_shallow,43,0.99,0.7,0.75,1.0,0.006834323658683198,0.9855614097051271,0.7387387387387387,0.02266666666666667,0.0,nan,nan,False,False,False,0.7047387387387387
group_disjoint_source,temporal_no_parent_oodrisk,histgb_shallow,43,0.99,0.7,0.75,1.25,0.006834323658683198,0.9855614097051271,0.7387387387387387,0.02266666666666667,0.0,nan,nan,False,False,False,0.7047387387387387
group_disjoint_source,temporal_no_parent_oodrisk,histgb_shallow,43,0.99,0.9,0.75,1.0,0.006834323658683198,0.9855614097051271,0.8571428571428571,0.050666666666666665,0.0,nan,nan,False,False,False,0.7811428571428571
group_disjoint_source,temporal_no_parent_oodrisk,histgb_shallow,43,0.99,0.9,0.75,1.25,0.006834323658683198,0.9855614097051271,0.8571428571428571,0.050666666666666665,0.0,nan,nan,False,False,False,0.7811428571428571
group_disjoint_source,temporal_no_parent_oodrisk,histgb_shallow,43,0.995,0.5,0.75,1.0,0.006834323658683198,0.9855614097051271,0.7387387387387387,0.009333333333333334,0.0,nan,nan,False,False,False,0.7247387387387387
group_disjoint_source,temporal_no_parent_oodrisk,histgb_shallow,43,0.995,0.5,0.75,1.25,0.006834323658683198,0.9855614097051271,0.7387387387387387,0.009333333333333334,0.0,nan,nan,False,False,False,0.7247387387387387
group_disjoint_source,temporal_no_parent_oodrisk,histgb_shallow,43,0.995,0.7,0.75,1.0,0.006834323658683198,0.9855614097051271,0.7387387387387387,0.02266666666666667,0.0,nan,nan,False,False,False,0.7047387387387387
group_disjoint_source,temporal_no_parent_oodrisk,histgb_shallow,43,0.995,0.7,0.75,1.25,0.006834323658683198,0.9855614097051271,0.7387387387387387,0.02266666666666667,0.0,nan,nan,False,False,False,0.7047387387387387
group_disjoint_source,temporal_no_parent_oodrisk,histgb_shallow,43,0.995,0.9,0.75,1.0,0.006834323658683198,0.9855614097051271,0.8571428571428571,0.050666666666666665,0.0,nan,nan,False,False,False,0.7811428571428571
group_disjoint_source,temporal_no_parent_oodrisk,histgb_shallow,43,0.995,0.9,0.75,1.25,0.006834323658683198,0.9855614097051271,0.8571428571428571,0.050666666666666665,0.0,nan,nan,False,False,False,0.7811428571428571
group_disjoint_source,temporal_no_parent_oodrisk,histgb_shallow,44,0.99,0.5,0.75,1.0,0.006834323658683198,0.9855614097051271,0.7387387387387387,0.009333333333333334,0.0,nan,nan,False,False,False,0.7247387387387387
group_disjoint_source,temporal_no_parent_oodrisk,histgb_shallow,44,0.99,0.5,0.75,1.25,0.006834323658683198,0.9855614097051271,0.7387387387387387,0.009333333333333334,0.0,nan,nan,False,False,False,0.7247387387387387
group_disjoint_source,temporal_no_parent_oodrisk,histgb_shallow,44,0.99,0.7,0.75,1.0,0.006834323658683198,0.9855614097051271,0.7387387387387387,0.02266666666666667,0.0,nan,nan,False,False,False,0.7047387387387387
group_disjoint_source,temporal_no_parent_oodrisk,histgb_shallow,44,0.99,0.7,0.75,1.25,0.006834323658683198,0.9855614097051271,0.7387387387387387,0.02266666666666667,0.0,nan,nan,False,False,False,0.7047387387387387
group_disjoint_source,temporal_no_parent_oodrisk,histgb_shallow,44,0.99,0.9,0.75,1.0,0.006834323658683198,0.9855614097051271,0.8571428571428571,0.050666666666666665,0.0,nan,nan,False,False,False,0.7811428571428571
group_disjoint_source,temporal_no_parent_oodrisk,histgb_shallow,44,0.99,0.9,0.75,1.25,0.006834323658683198,0.9855614097051271,0.8571428571428571,0.050666666666666665,0.0,nan,nan,False,False,False,0.7811428571428571
group_disjoint_source,temporal_no_parent_oodrisk,histgb_shallow,44,0.995,0.5,0.75,1.0,0.006834323658683198,0.9855614097051271,0.7387387387387387,0.009333333333333334,0.0,nan,nan,False,False,False,0.7247387387387387
group_disjoint_source,temporal_no_parent_oodrisk,histgb_shallow,44,0.995,0.5,0.75,1.25,0.006834323658683198,0.9855614097051271,0.7387387387387387,0.009333333333333334,0.0,nan,nan,False,False,False,0.7247387387387387
group_disjoint_source,temporal_no_parent_oodrisk,histgb_shallow,44,0.995,0.7,0.75,1.0,0.006834323658683198,0.9855614097051271,0.7387387387387387,0.02266666666666667,0.0,nan,nan,False,False,False,0.7047387387387387
group_disjoint_source,temporal_no_parent_oodrisk,histgb_shallow,44,0.995,0.7,0.75,1.25,0.006834323658683198,0.9855614097051271,0.7387387387387387,0.02266666666666667,0.0,nan,nan,False,False,False,0.7047387387387387
group_disjoint_source,temporal_no_parent_oodrisk,histgb_shallow,44,0.995,0.9,0.75,1.0,0.006834323658683198,0.9855614097051271,0.8571428571428571,0.050666666666666665,0.0,nan,nan,False,False,False,0.7811428571428571
group_disjoint_source,temporal_no_parent_oodrisk,histgb_shallow,44,0.995,0.9,0.75,1.25,0.006834323658683198,0.9855614097051271,0.8571428571428571,0.050666666666666665,0.0,nan,nan,False,False,False,0.7811428571428571
group_disjoint_source,temporal_no_parent_oodrisk,histgb_shallow,45,0.99,0.5,0.75,1.0,0.006834323658683198,0.9855614097051271,0.7387387387387387,0.009333333333333334,0.0,nan,nan,False,False,False,0.7247387387387387
group_disjoint_source,temporal_no_parent_oodrisk,histgb_shallow,45,0.99,0.5,0.75,1.25,0.006834323658683198,0.9855614097051271,0.7387387387387387,0.009333333333333334,0.0,nan,nan,False,False,False,0.7247387387387387
group_disjoint_source,temporal_no_parent_oodrisk,histgb_shallow,45,0.99,0.7,0.75,1.0,0.006834323658683198,0.9855614097051271,0.7387387387387387,0.02266666666666667,0.0,nan,nan,False,False,False,0.7047387387387387
group_disjoint_source,temporal_no_parent_oodrisk,histgb_shallow,45,0.99,0.7,0.75,1.25,0.006834323658683198,0.9855614097051271,0.7387387387387387,0.02266666666666667,0.0,nan,nan,False,False,False,0.7047387387387387
group_disjoint_source,temporal_no_parent_oodrisk,histgb_shallow,45,0.99,0.9,0.75,1.0,0.006834323658683198,0.9855614097051271,0.8571428571428571,0.050666666666666665,0.0,nan,nan,False,False,False,0.7811428571428571
group_disjoint_source,temporal_no_parent_oodrisk,histgb_shallow,45,0.99,0.9,0.75,1.25,0.006834323658683198,0.9855614097051271,0.8571428571428571,0.050666666666666665,0.0,nan,nan,False,False,False,0.7811428571428571
group_disjoint_source,temporal_no_parent_oodrisk,histgb_shallow,45,0.995,0.5,0.75,1.0,0.006834323658683198,0.9855614097051271,0.7387387387387387,0.009333333333333334,0.0,nan,nan,False,False,False,0.7247387387387387
group_disjoint_source,temporal_no_parent_oodrisk,histgb_shallow,45,0.995,0.5,0.75,1.25,0.006834323658683198,0.9855614097051271,0.7387387387387387,0.009333333333333334,0.0,nan,nan,False,False,False,0.7247387387387387
group_disjoint_source,temporal_no_parent_oodrisk,histgb_shallow,45,0.995,0.7,0.75,1.0,0.006834323658683198,0.9855614097051271,0.7387387387387387,0.02266666666666667,0.0,nan,nan,False,False,False,0.7047387387387387
group_disjoint_source,temporal_no_parent_oodrisk,histgb_shallow,45,0.995,0.7,0.75,1.25,0.006834323658683198,0.9855614097051271,0.7387387387387387,0.02266666666666667,0.0,nan,nan,False,False,False,0.7047387387387387
group_disjoint_source,temporal_no_parent_oodrisk,histgb_shallow,45,0.995,0.9,0.75,1.0,0.006834323658683198,0.9855614097051271,0.8571428571428571,0.050666666666666665,0.0,nan,nan,False,False,False,0.7811428571428571
group_disjoint_source,temporal_no_parent_oodrisk,histgb_shallow,45,0.995,0.9,0.75,1.25,0.006834323658683198,0.9855614097051271,0.8571428571428571,0.050666666666666665,0.0,nan,nan,False,False,False,0.7811428571428571
group_disjoint_source,temporal_no_parent_oodrisk,histgb_shallow,46,0.99,0.5,0.75,1.0,0.006834323658683198,0.9855614097051271,0.7387387387387387,0.009333333333333334,0.0,nan,nan,False,False,False,0.7247387387387387
group_disjoint_source,temporal_no_parent_oodrisk,histgb_shallow,46,0.99,0.5,0.75,1.25,0.006834323658683198,0.9855614097051271,0.7387387387387387,0.009333333333333334,0.0,nan,nan,False,False,False,0.7247387387387387
group_disjoint_source,temporal_no_parent_oodrisk,histgb_shallow,46,0.99,0.7,0.75,1.0,0.006834323658683198,0.9855614097051271,0.7387387387387387,0.02266666666666667,0.0,nan,nan,False,False,False,0.7047387387387387
group_disjoint_source,temporal_no_parent_oodrisk,histgb_shallow,46,0.99,0.7,0.75,1.25,0.006834323658683198,0.9855614097051271,0.7387387387387387,0.02266666666666667,0.0,nan,nan,False,False,False,0.7047387387387387
group_disjoint_source,temporal_no_parent_oodrisk,histgb_shallow,46,0.99,0.9,0.75,1.0,0.006834323658683198,0.9855614097051271,0.8571428571428571,0.050666666666666665,0.0,nan,nan,False,False,False,0.7811428571428571
group_disjoint_source,temporal_no_parent_oodrisk,histgb_shallow,46,0.99,0.9,0.75,1.25,0.006834323658683198,0.9855614097051271,0.8571428571428571,0.050666666666666665,0.0,nan,nan,False,False,False,0.7811428571428571
group_disjoint_source,temporal_no_parent_oodrisk,histgb_shallow,46,0.995,0.5,0.75,1.0,0.006834323658683198,0.9855614097051271,0.7387387387387387,0.009333333333333334,0.0,nan,nan,False,False,False,0.7247387387387387
group_disjoint_source,temporal_no_parent_oodrisk,histgb_shallow,46,0.995,0.5,0.75,1.25,0.006834323658683198,0.9855614097051271,0.7387387387387387,0.009333333333333334,0.0,nan,nan,False,False,False,0.7247387387387387
group_disjoint_source,temporal_no_parent_oodrisk,histgb_shallow,46,0.995,0.7,0.75,1.0,0.006834323658683198,0.9855614097051271,0.7387387387387387,0.02266666666666667,0.0,nan,nan,False,False,False,0.7047387387387387
group_disjoint_source,temporal_no_parent_oodrisk,histgb_shallow,46,0.995,0.7,0.75,1.25,0.006834323658683198,0.9855614097051271,0.7387387387387387,0.02266666666666667,0.0,nan,nan,False,False,False,0.7047387387387387
group_disjoint_source,temporal_no_parent_oodrisk,histgb_shallow,46,0.995,0.9,0.75,1.0,0.006834323658683198,0.9855614097051271,0.8571428571428571,0.050666666666666665,0.0,nan,nan,False,False,False,0.7811428571428571
group_disjoint_source,temporal_no_parent_oodrisk,histgb_shallow,46,0.995,0.9,0.75,1.25,0.006834323658683198,0.9855614097051271,0.8571428571428571,0.050666666666666665,0.0,nan,nan,False,False,False,0.7811428571428571
group_disjoint_source,current_evidence,histgb_shallow,42,0.99,0.5,0.75,1.0,0.006348860364365583,0.9850430481193607,0.9761904761904762,0.0,0.0,nan,nan,True,False,False,0.9761904761904762
group_disjoint_source,current_evidence,histgb_shallow,42,0.99,0.5,0.75,1.25,0.006348860364365583,0.9850430481193607,0.9761904761904762,0.0,0.0,nan,nan,True,False,False,0.9761904761904762
group_disjoint_source,current_evidence,histgb_shallow,42,0.99,0.7,0.75,1.0,0.006348860364365583,0.9850430481193607,0.9761904761904762,0.0013333333333333333,0.0,nan,nan,True,False,False,0.9741904761904762
group_disjoint_source,current_evidence,histgb_shallow,42,0.99,0.7,0.75,1.25,0.006348860364365583,0.9850430481193607,0.9761904761904762,0.0013333333333333333,0.0,nan,nan,True,False,False,0.9741904761904762
group_disjoint_source,current_evidence,histgb_shallow,42,0.99,0.9,0.75,1.0,0.006348860364365583,0.9850430481193607,0.9761904761904762,0.017333333333333333,0.0,nan,nan,False,False,False,0.9501904761904761
group_disjoint_source,current_evidence,histgb_shallow,42,0.99,0.9,0.75,1.25,0.006348860364365583,0.9850430481193607,0.9761904761904762,0.017333333333333333,0.0,nan,nan,False,False,False,0.9501904761904761
group_disjoint_source,current_evidence,histgb_shallow,42,0.995,0.5,0.75,1.0,0.008427119174504848,0.9850430481193607,0.9761904761904762,0.0,0.0,nan,nan,True,False,False,0.9761904761904762
group_disjoint_source,current_evidence,histgb_shallow,42,0.995,0.5,0.75,1.25,0.008427119174504848,0.9850430481193607,0.9761904761904762,0.0,0.0,nan,nan,True,False,False,0.9761904761904762
group_disjoint_source,current_evidence,histgb_shallow,42,0.995,0.7,0.75,1.0,0.008427119174504848,0.9850430481193607,0.9761904761904762,0.0013333333333333333,0.0,nan,nan,True,False,False,0.9741904761904762
group_disjoint_source,current_evidence,histgb_shallow,42,0.995,0.7,0.75,1.25,0.008427119174504848,0.9850430481193607,0.9761904761904762,0.0013333333333333333,0.0,nan,nan,True,False,False,0.9741904761904762
group_disjoint_source,current_evidence,histgb_shallow,42,0.995,0.9,0.75,1.0,0.008427119174504848,0.9850430481193607,0.9761904761904762,0.017333333333333333,0.0,nan,nan,False,False,False,0.9501904761904761
group_disjoint_source,current_evidence,histgb_shallow,42,0.995,0.9,0.75,1.25,0.008427119174504848,0.9850430481193607,0.9761904761904762,0.017333333333333333,0.0,nan,nan,False,False,False,0.9501904761904761
group_disjoint_source,current_evidence,histgb_shallow,43,0.99,0.5,0.75,1.0,0.006348860364365583,0.9850430481193607,0.9761904761904762,0.0,0.0,nan,nan,True,False,False,0.9761904761904762
group_disjoint_source,current_evidence,histgb_shallow,43,0.99,0.5,0.75,1.25,0.006348860364365583,0.9850430481193607,0.9761904761904762,0.0,0.0,nan,nan,True,False,False,0.9761904761904762
group_disjoint_source,current_evidence,histgb_shallow,43,0.99,0.7,0.75,1.0,0.006348860364365583,0.9850430481193607,0.9761904761904762,0.0013333333333333333,0.0,nan,nan,True,False,False,0.9741904761904762
group_disjoint_source,current_evidence,histgb_shallow,43,0.99,0.7,0.75,1.25,0.006348860364365583,0.9850430481193607,0.9761904761904762,0.0013333333333333333,0.0,nan,nan,True,False,False,0.9741904761904762
group_disjoint_source,current_evidence,histgb_shallow,43,0.99,0.9,0.75,1.0,0.006348860364365583,0.9850430481193607,0.9761904761904762,0.017333333333333333,0.0,nan,nan,False,False,False,0.9501904761904761
group_disjoint_source,current_evidence,histgb_shallow,43,0.99,0.9,0.75,1.25,0.006348860364365583,0.9850430481193607,0.9761904761904762,0.017333333333333333,0.0,nan,nan,False,False,False,0.9501904761904761
group_disjoint_source,current_evidence,histgb_shallow,43,0.995,0.5,0.75,1.0,0.008427119174504848,0.9850430481193607,0.9761904761904762,0.0,0.0,nan,nan,True,False,False,0.9761904761904762
group_disjoint_source,current_evidence,histgb_shallow,43,0.995,0.5,0.75,1.25,0.008427119174504848,0.9850430481193607,0.9761904761904762,0.0,0.0,nan,nan,True,False,False,0.9761904761904762
group_disjoint_source,current_evidence,histgb_shallow,43,0.995,0.7,0.75,1.0,0.008427119174504848,0.9850430481193607,0.9761904761904762,0.0013333333333333333,0.0,nan,nan,True,False,False,0.9741904761904762
group_disjoint_source,current_evidence,histgb_shallow,43,0.995,0.7,0.75,1.25,0.008427119174504848,0.9850430481193607,0.9761904761904762,0.0013333333333333333,0.0,nan,nan,True,False,False,0.9741904761904762
group_disjoint_source,current_evidence,histgb_shallow,43,0.995,0.9,0.75,1.0,0.008427119174504848,0.9850430481193607,0.9761904761904762,0.017333333333333333,0.0,nan,nan,False,False,False,0.9501904761904761
group_disjoint_source,current_evidence,histgb_shallow,43,0.995,0.9,0.75,1.25,0.008427119174504848,0.9850430481193607,0.9761904761904762,0.017333333333333333,0.0,nan,nan,False,False,False,0.9501904761904761
group_disjoint_source,current_evidence,histgb_shallow,44,0.99,0.5,0.75,1.0,0.006348860364365583,0.9850430481193607,0.9761904761904762,0.0,0.0,nan,nan,True,False,False,0.9761904761904762
group_disjoint_source,current_evidence,histgb_shallow,44,0.99,0.5,0.75,1.25,0.006348860364365583,0.9850430481193607,0.9761904761904762,0.0,0.0,nan,nan,True,False,False,0.9761904761904762
group_disjoint_source,current_evidence,histgb_shallow,44,0.99,0.7,0.75,1.0,0.006348860364365583,0.9850430481193607,0.9761904761904762,0.0013333333333333333,0.0,nan,nan,True,False,False,0.9741904761904762
group_disjoint_source,current_evidence,histgb_shallow,44,0.99,0.7,0.75,1.25,0.006348860364365583,0.9850430481193607,0.9761904761904762,0.0013333333333333333,0.0,nan,nan,True,False,False,0.9741904761904762
group_disjoint_source,current_evidence,histgb_shallow,44,0.99,0.9,0.75,1.0,0.006348860364365583,0.9850430481193607,0.9761904761904762,0.017333333333333333,0.0,nan,nan,False,False,False,0.9501904761904761
group_disjoint_source,current_evidence,histgb_shallow,44,0.99,0.9,0.75,1.25,0.006348860364365583,0.9850430481193607,0.9761904761904762,0.017333333333333333,0.0,nan,nan,False,False,False,0.9501904761904761
group_disjoint_source,current_evidence,histgb_shallow,44,0.995,0.5,0.75,1.0,0.008427119174504848,0.9850430481193607,0.9761904761904762,0.0,0.0,nan,nan,True,False,False,0.9761904761904762
group_disjoint_source,current_evidence,histgb_shallow,44,0.995,0.5,0.75,1.25,0.008427119174504848,0.9850430481193607,0.9761904761904762,0.0,0.0,nan,nan,True,False,False,0.9761904761904762
group_disjoint_source,current_evidence,histgb_shallow,44,0.995,0.7,0.75,1.0,0.008427119174504848,0.9850430481193607,0.9761904761904762,0.0013333333333333333,0.0,nan,nan,True,False,False,0.9741904761904762
group_disjoint_source,current_evidence,histgb_shallow,44,0.995,0.7,0.75,1.25,0.008427119174504848,0.9850430481193607,0.9761904761904762,0.0013333333333333333,0.0,nan,nan,True,False,False,0.9741904761904762
group_disjoint_source,current_evidence,histgb_shallow,44,0.995,0.9,0.75,1.0,0.008427119174504848,0.9850430481193607,0.9761904761904762,0.017333333333333333,0.0,nan,nan,False,False,False,0.9501904761904761
group_disjoint_source,current_evidence,histgb_shallow,44,0.995,0.9,0.75,1.25,0.008427119174504848,0.9850430481193607,0.9761904761904762,0.017333333333333333,0.0,nan,nan,False,False,False,0.9501904761904761
group_disjoint_source,current_evidence,histgb_shallow,45,0.99,0.5,0.75,1.0,0.006348860364365583,0.9850430481193607,0.9761904761904762,0.0,0.0,nan,nan,True,False,False,0.9761904761904762
group_disjoint_source,current_evidence,histgb_shallow,45,0.99,0.5,0.75,1.25,0.006348860364365583,0.9850430481193607,0.9761904761904762,0.0,0.0,nan,nan,True,False,False,0.9761904761904762
group_disjoint_source,current_evidence,histgb_shallow,45,0.99,0.7,0.75,1.0,0.006348860364365583,0.9850430481193607,0.9761904761904762,0.0013333333333333333,0.0,nan,nan,True,False,False,0.9741904761904762
group_disjoint_source,current_evidence,histgb_shallow,45,0.99,0.7,0.75,1.25,0.006348860364365583,0.9850430481193607,0.9761904761904762,0.0013333333333333333,0.0,nan,nan,True,False,False,0.9741904761904762
group_disjoint_source,current_evidence,histgb_shallow,45,0.99,0.9,0.75,1.0,0.006348860364365583,0.9850430481193607,0.9761904761904762,0.017333333333333333,0.0,nan,nan,False,False,False,0.9501904761904761
group_disjoint_source,current_evidence,histgb_shallow,45,0.99,0.9,0.75,1.25,0.006348860364365583,0.9850430481193607,0.9761904761904762,0.017333333333333333,0.0,nan,nan,False,False,False,0.9501904761904761
group_disjoint_source,current_evidence,histgb_shallow,45,0.995,0.5,0.75,1.0,0.008427119174504848,0.9850430481193607,0.9761904761904762,0.0,0.0,nan,nan,True,False,False,0.9761904761904762
group_disjoint_source,current_evidence,histgb_shallow,45,0.995,0.5,0.75,1.25,0.008427119174504848,0.9850430481193607,0.9761904761904762,0.0,0.0,nan,nan,True,False,False,0.9761904761904762
group_disjoint_source,current_evidence,histgb_shallow,45,0.995,0.7,0.75,1.0,0.008427119174504848,0.9850430481193607,0.9761904761904762,0.0013333333333333333,0.0,nan,nan,True,False,False,0.9741904761904762
group_disjoint_source,current_evidence,histgb_shallow,45,0.995,0.7,0.75,1.25,0.008427119174504848,0.9850430481193607,0.9761904761904762,0.0013333333333333333,0.0,nan,nan,True,False,False,0.9741904761904762
group_disjoint_source,current_evidence,histgb_shallow,45,0.995,0.9,0.75,1.0,0.008427119174504848,0.9850430481193607,0.9761904761904762,0.017333333333333333,0.0,nan,nan,False,False,False,0.9501904761904761
group_disjoint_source,current_evidence,histgb_shallow,45,0.995,0.9,0.75,1.25,0.008427119174504848,0.9850430481193607,0.9761904761904762,0.017333333333333333,0.0,nan,nan,False,False,False,0.9501904761904761
group_disjoint_source,current_evidence,histgb_shallow,46,0.99,0.5,0.75,1.0,0.006348860364365583,0.9850430481193607,0.9761904761904762,0.0,0.0,nan,nan,True,False,False,0.9761904761904762
group_disjoint_source,current_evidence,histgb_shallow,46,0.99,0.5,0.75,1.25,0.006348860364365583,0.9850430481193607,0.9761904761904762,0.0,0.0,nan,nan,True,False,False,0.9761904761904762
group_disjoint_source,current_evidence,histgb_shallow,46,0.99,0.7,0.75,1.0,0.006348860364365583,0.9850430481193607,0.9761904761904762,0.0013333333333333333,0.0,nan,nan,True,False,False,0.9741904761904762
group_disjoint_source,current_evidence,histgb_shallow,46,0.99,0.7,0.75,1.25,0.006348860364365583,0.9850430481193607,0.9761904761904762,0.0013333333333333333,0.0,nan,nan,True,False,False,0.9741904761904762
group_disjoint_source,current_evidence,histgb_shallow,46,0.99,0.9,0.75,1.0,0.006348860364365583,0.9850430481193607,0.9761904761904762,0.017333333333333333,0.0,nan,nan,False,False,False,0.9501904761904761
group_disjoint_source,current_evidence,histgb_shallow,46,0.99,0.9,0.75,1.25,0.006348860364365583,0.9850430481193607,0.9761904761904762,0.017333333333333333,0.0,nan,nan,False,False,False,0.9501904761904761
group_disjoint_source,current_evidence,histgb_shallow,46,0.995,0.5,0.75,1.0,0.008427119174504848,0.9850430481193607,0.9761904761904762,0.0,0.0,nan,nan,True,False,False,0.9761904761904762
group_disjoint_source,current_evidence,histgb_shallow,46,0.995,0.5,0.75,1.25,0.008427119174504848,0.9850430481193607,0.9761904761904762,0.0,0.0,nan,nan,True,False,False,0.9761904761904762
group_disjoint_source,current_evidence,histgb_shallow,46,0.995,0.7,0.75,1.0,0.008427119174504848,0.9850430481193607,0.9761904761904762,0.0013333333333333333,0.0,nan,nan,True,False,False,0.9741904761904762
group_disjoint_source,current_evidence,histgb_shallow,46,0.995,0.7,0.75,1.25,0.008427119174504848,0.9850430481193607,0.9761904761904762,0.0013333333333333333,0.0,nan,nan,True,False,False,0.9741904761904762
group_disjoint_source,current_evidence,histgb_shallow,46,0.995,0.9,0.75,1.0,0.008427119174504848,0.9850430481193607,0.9761904761904762,0.017333333333333333,0.0,nan,nan,False,False,False,0.9501904761904761
group_disjoint_source,current_evidence,histgb_shallow,46,0.995,0.9,0.75,1.25,0.008427119174504848,0.9850430481193607,0.9761904761904762,0.017333333333333333,0.0,nan,nan,False,False,False,0.9501904761904761
group_disjoint_source,current_no_parent_oodrisk,histgb_shallow,42,0.99,0.5,0.75,1.0,0.011937981182497245,0.9849717529590606,0.9523809523809523,0.04,0.0,nan,nan,False,False,False,0.8923809523809523
group_disjoint_source,current_no_parent_oodrisk,histgb_shallow,42,0.99,0.5,0.75,1.25,0.011937981182497245,0.9849717529590606,0.9523809523809523,0.04,0.0,nan,nan,False,False,False,0.8923809523809523
group_disjoint_source,current_no_parent_oodrisk,histgb_shallow,42,0.99,0.7,0.75,1.0,0.011937981182497245,0.9849717529590606,0.9523809523809523,0.04052631578947368,0.0,nan,nan,False,False,False,0.8915914786967418
group_disjoint_source,current_no_parent_oodrisk,histgb_shallow,42,0.99,0.7,0.75,1.25,0.011937981182497245,0.9849717529590606,0.9523809523809523,0.04052631578947368,0.0,nan,nan,False,False,False,0.8915914786967418
group_disjoint_source,current_no_parent_oodrisk,histgb_shallow,42,0.99,0.9,0.75,1.0,0.011937981182497245,0.9849717529590606,0.9523809523809523,0.04421052631578947,0.0,nan,nan,False,False,False,0.8860651629072681
group_disjoint_source,current_no_parent_oodrisk,histgb_shallow,42,0.99,0.9,0.75,1.25,0.011937981182497245,0.9849717529590606,0.9523809523809523,0.04421052631578947,0.0,nan,nan,False,False,False,0.8860651629072681
group_disjoint_source,current_no_parent_oodrisk,histgb_shallow,42,0.995,0.5,0.75,1.0,0.011937981182497245,0.9849717529590606,0.9523809523809523,0.04,0.0,nan,nan,False,False,False,0.8923809523809523
group_disjoint_source,current_no_parent_oodrisk,histgb_shallow,42,0.995,0.5,0.75,1.25,0.011937981182497245,0.9849717529590606,0.9523809523809523,0.04,0.0,nan,nan,False,False,False,0.8923809523809523
group_disjoint_source,current_no_parent_oodrisk,histgb_shallow,42,0.995,0.7,0.75,1.0,0.011937981182497245,0.9849717529590606,0.9523809523809523,0.04052631578947368,0.0,nan,nan,False,False,False,0.8915914786967418
group_disjoint_source,current_no_parent_oodrisk,histgb_shallow,42,0.995,0.7,0.75,1.25,0.011937981182497245,0.9849717529590606,0.9523809523809523,0.04052631578947368,0.0,nan,nan,False,False,False,0.8915914786967418
group_disjoint_source,current_no_parent_oodrisk,histgb_shallow,42,0.995,0.9,0.75,1.0,0.011937981182497245,0.9849717529590606,0.9523809523809523,0.04421052631578947,0.0,nan,nan,False,False,False,0.8860651629072681
group_disjoint_source,current_no_parent_oodrisk,histgb_shallow,42,0.995,0.9,0.75,1.25,0.011937981182497245,0.9849717529590606,0.9523809523809523,0.04421052631578947,0.0,nan,nan,False,False,False,0.8860651629072681
group_disjoint_source,current_no_parent_oodrisk,histgb_shallow,43,0.99,0.5,0.75,1.0,0.011937981182497245,0.9849717529590606,0.9523809523809523,0.04,0.0,nan,nan,False,False,False,0.8923809523809523
group_disjoint_source,current_no_parent_oodrisk,histgb_shallow,43,0.99,0.5,0.75,1.25,0.011937981182497245,0.9849717529590606,0.9523809523809523,0.04,0.0,nan,nan,False,False,False,0.8923809523809523
group_disjoint_source,current_no_parent_oodrisk,histgb_shallow,43,0.99,0.7,0.75,1.0,0.011937981182497245,0.9849717529590606,0.9523809523809523,0.04052631578947368,0.0,nan,nan,False,False,False,0.8915914786967418
group_disjoint_source,current_no_parent_oodrisk,histgb_shallow,43,0.99,0.7,0.75,1.25,0.011937981182497245,0.9849717529590606,0.9523809523809523,0.04052631578947368,0.0,nan,nan,False,False,False,0.8915914786967418
group_disjoint_source,current_no_parent_oodrisk,histgb_shallow,43,0.99,0.9,0.75,1.0,0.011937981182497245,0.9849717529590606,0.9523809523809523,0.04421052631578947,0.0,nan,nan,False,False,False,0.8860651629072681
group_disjoint_source,current_no_parent_oodrisk,histgb_shallow,43,0.99,0.9,0.75,1.25,0.011937981182497245,0.9849717529590606,0.9523809523809523,0.04421052631578947,0.0,nan,nan,False,False,False,0.8860651629072681
group_disjoint_source,current_no_parent_oodrisk,histgb_shallow,43,0.995,0.5,0.75,1.0,0.011937981182497245,0.9849717529590606,0.9523809523809523,0.04,0.0,nan,nan,False,False,False,0.8923809523809523
group_disjoint_source,current_no_parent_oodrisk,histgb_shallow,43,0.995,0.5,0.75,1.25,0.011937981182497245,0.9849717529590606,0.9523809523809523,0.04,0.0,nan,nan,False,False,False,0.8923809523809523
group_disjoint_source,current_no_parent_oodrisk,histgb_shallow,43,0.995,0.7,0.75,1.0,0.011937981182497245,0.9849717529590606,0.9523809523809523,0.04052631578947368,0.0,nan,nan,False,False,False,0.8915914786967418
group_disjoint_source,current_no_parent_oodrisk,histgb_shallow,43,0.995,0.7,0.75,1.25,0.011937981182497245,0.9849717529590606,0.9523809523809523,0.04052631578947368,0.0,nan,nan,False,False,False,0.8915914786967418
group_disjoint_source,current_no_parent_oodrisk,histgb_shallow,43,0.995,0.9,0.75,1.0,0.011937981182497245,0.9849717529590606,0.9523809523809523,0.04421052631578947,0.0,nan,nan,False,False,False,0.8860651629072681
group_disjoint_source,current_no_parent_oodrisk,histgb_shallow,43,0.995,0.9,0.75,1.25,0.011937981182497245,0.9849717529590606,0.9523809523809523,0.04421052631578947,0.0,nan,nan,False,False,False,0.8860651629072681
group_disjoint_source,current_no_parent_oodrisk,histgb_shallow,44,0.99,0.5,0.75,1.0,0.011937981182497245,0.9849717529590606,0.9523809523809523,0.04,0.0,nan,nan,False,False,False,0.8923809523809523
group_disjoint_source,current_no_parent_oodrisk,histgb_shallow,44,0.99,0.5,0.75,1.25,0.011937981182497245,0.9849717529590606,0.9523809523809523,0.04,0.0,nan,nan,False,False,False,0.8923809523809523
group_disjoint_source,current_no_parent_oodrisk,histgb_shallow,44,0.99,0.7,0.75,1.0,0.011937981182497245,0.9849717529590606,0.9523809523809523,0.04052631578947368,0.0,nan,nan,False,False,False,0.8915914786967418
group_disjoint_source,current_no_parent_oodrisk,histgb_shallow,44,0.99,0.7,0.75,1.25,0.011937981182497245,0.9849717529590606,0.9523809523809523,0.04052631578947368,0.0,nan,nan,False,False,False,0.8915914786967418
group_disjoint_source,current_no_parent_oodrisk,histgb_shallow,44,0.99,0.9,0.75,1.0,0.011937981182497245,0.9849717529590606,0.9523809523809523,0.04421052631578947,0.0,nan,nan,False,False,False,0.8860651629072681
group_disjoint_source,current_no_parent_oodrisk,histgb_shallow,44,0.99,0.9,0.75,1.25,0.011937981182497245,0.9849717529590606,0.9523809523809523,0.04421052631578947,0.0,nan,nan,False,False,False,0.8860651629072681
group_disjoint_source,current_no_parent_oodrisk,histgb_shallow,44,0.995,0.5,0.75,1.0,0.011937981182497245,0.9849717529590606,0.9523809523809523,0.04,0.0,nan,nan,False,False,False,0.8923809523809523
group_disjoint_source,current_no_parent_oodrisk,histgb_shallow,44,0.995,0.5,0.75,1.25,0.011937981182497245,0.9849717529590606,0.9523809523809523,0.04,0.0,nan,nan,False,False,False,0.8923809523809523
group_disjoint_source,current_no_parent_oodrisk,histgb_shallow,44,0.995,0.7,0.75,1.0,0.011937981182497245,0.9849717529590606,0.9523809523809523,0.04052631578947368,0.0,nan,nan,False,False,False,0.8915914786967418
group_disjoint_source,current_no_parent_oodrisk,histgb_shallow,44,0.995,0.7,0.75,1.25,0.011937981182497245,0.9849717529590606,0.9523809523809523,0.04052631578947368,0.0,nan,nan,False,False,False,0.8915914786967418
group_disjoint_source,current_no_parent_oodrisk,histgb_shallow,44,0.995,0.9,0.75,1.0,0.011937981182497245,0.9849717529590606,0.9523809523809523,0.04421052631578947,0.0,nan,nan,False,False,False,0.8860651629072681
group_disjoint_source,current_no_parent_oodrisk,histgb_shallow,44,0.995,0.9,0.75,1.25,0.011937981182497245,0.9849717529590606,0.9523809523809523,0.04421052631578947,0.0,nan,nan,False,False,False,0.8860651629072681
group_disjoint_source,current_no_parent_oodrisk,histgb_shallow,45,0.99,0.5,0.75,1.0,0.011937981182497245,0.9849717529590606,0.9523809523809523,0.04,0.0,nan,nan,False,False,False,0.8923809523809523
group_disjoint_source,current_no_parent_oodrisk,histgb_shallow,45,0.99,0.5,0.75,1.25,0.011937981182497245,0.9849717529590606,0.9523809523809523,0.04,0.0,nan,nan,False,False,False,0.8923809523809523
group_disjoint_source,current_no_parent_oodrisk,histgb_shallow,45,0.99,0.7,0.75,1.0,0.011937981182497245,0.9849717529590606,0.9523809523809523,0.04052631578947368,0.0,nan,nan,False,False,False,0.8915914786967418
group_disjoint_source,current_no_parent_oodrisk,histgb_shallow,45,0.99,0.7,0.75,1.25,0.011937981182497245,0.9849717529590606,0.9523809523809523,0.04052631578947368,0.0,nan,nan,False,False,False,0.8915914786967418
group_disjoint_source,current_no_parent_oodrisk,histgb_shallow,45,0.99,0.9,0.75,1.0,0.011937981182497245,0.9849717529590606,0.9523809523809523,0.04421052631578947,0.0,nan,nan,False,False,False,0.8860651629072681
group_disjoint_source,current_no_parent_oodrisk,histgb_shallow,45,0.99,0.9,0.75,1.25,0.011937981182497245,0.9849717529590606,0.9523809523809523,0.04421052631578947,0.0,nan,nan,False,False,False,0.8860651629072681
group_disjoint_source,current_no_parent_oodrisk,histgb_shallow,45,0.995,0.5,0.75,1.0,0.011937981182497245,0.9849717529590606,0.9523809523809523,0.04,0.0,nan,nan,False,False,False,0.8923809523809523
group_disjoint_source,current_no_parent_oodrisk,histgb_shallow,45,0.995,0.5,0.75,1.25,0.011937981182497245,0.9849717529590606,0.9523809523809523,0.04,0.0,nan,nan,False,False,False,0.8923809523809523
group_disjoint_source,current_no_parent_oodrisk,histgb_shallow,45,0.995,0.7,0.75,1.0,0.011937981182497245,0.9849717529590606,0.9523809523809523,0.04052631578947368,0.0,nan,nan,False,False,False,0.8915914786967418
group_disjoint_source,current_no_parent_oodrisk,histgb_shallow,45,0.995,0.7,0.75,1.25,0.011937981182497245,0.9849717529590606,0.9523809523809523,0.04052631578947368,0.0,nan,nan,False,False,False,0.8915914786967418
group_disjoint_source,current_no_parent_oodrisk,histgb_shallow,45,0.995,0.9,0.75,1.0,0.011937981182497245,0.9849717529590606,0.9523809523809523,0.04421052631578947,0.0,nan,nan,False,False,False,0.8860651629072681
group_disjoint_source,current_no_parent_oodrisk,histgb_shallow,45,0.995,0.9,0.75,1.25,0.011937981182497245,0.9849717529590606,0.9523809523809523,0.04421052631578947,0.0,nan,nan,False,False,False,0.8860651629072681
group_disjoint_source,current_no_parent_oodrisk,histgb_shallow,46,0.99,0.5,0.75,1.0,0.011937981182497245,0.9849717529590606,0.9523809523809523,0.04,0.0,nan,nan,False,False,False,0.8923809523809523
group_disjoint_source,current_no_parent_oodrisk,histgb_shallow,46,0.99,0.5,0.75,1.25,0.011937981182497245,0.9849717529590606,0.9523809523809523,0.04,0.0,nan,nan,False,False,False,0.8923809523809523
group_disjoint_source,current_no_parent_oodrisk,histgb_shallow,46,0.99,0.7,0.75,1.0,0.011937981182497245,0.9849717529590606,0.9523809523809523,0.04052631578947368,0.0,nan,nan,False,False,False,0.8915914786967418
group_disjoint_source,current_no_parent_oodrisk,histgb_shallow,46,0.99,0.7,0.75,1.25,0.011937981182497245,0.9849717529590606,0.9523809523809523,0.04052631578947368,0.0,nan,nan,False,False,False,0.8915914786967418
group_disjoint_source,current_no_parent_oodrisk,histgb_shallow,46,0.99,0.9,0.75,1.0,0.011937981182497245,0.9849717529590606,0.9523809523809523,0.04421052631578947,0.0,nan,nan,False,False,False,0.8860651629072681
group_disjoint_source,current_no_parent_oodrisk,histgb_shallow,46,0.99,0.9,0.75,1.25,0.011937981182497245,0.9849717529590606,0.9523809523809523,0.04421052631578947,0.0,nan,nan,False,False,False,0.8860651629072681
group_disjoint_source,current_no_parent_oodrisk,histgb_shallow,46,0.995,0.5,0.75,1.0,0.011937981182497245,0.9849717529590606,0.9523809523809523,0.04,0.0,nan,nan,False,False,False,0.8923809523809523
group_disjoint_source,current_no_parent_oodrisk,histgb_shallow,46,0.995,0.5,0.75,1.25,0.011937981182497245,0.9849717529590606,0.9523809523809523,0.04,0.0,nan,nan,False,False,False,0.8923809523809523
group_disjoint_source,current_no_parent_oodrisk,histgb_shallow,46,0.995,0.7,0.75,1.0,0.011937981182497245,0.9849717529590606,0.9523809523809523,0.04052631578947368,0.0,nan,nan,False,False,False,0.8915914786967418
group_disjoint_source,current_no_parent_oodrisk,histgb_shallow,46,0.995,0.7,0.75,1.25,0.011937981182497245,0.9849717529590606,0.9523809523809523,0.04052631578947368,0.0,nan,nan,False,False,False,0.8915914786967418
group_disjoint_source,current_no_parent_oodrisk,histgb_shallow,46,0.995,0.9,0.75,1.0,0.011937981182497245,0.9849717529590606,0.9523809523809523,0.04421052631578947,0.0,nan,nan,False,False,False,0.8860651629072681
group_disjoint_source,current_no_parent_oodrisk,histgb_shallow,46,0.995,0.9,0.75,1.25,0.011937981182497245,0.9849717529590606,0.9523809523809523,0.04421052631578947,0.0,nan,nan,False,False,False,0.8860651629072681
