job_index,job_label,weighting,seed,role,role_kind,row_index_in_role,global_id,source_group,packet_timestamp_epoch,recorded_index,attack_label,device,attack_score,attack_margin,ood_risk,d_attack_outer_min,d_benign_core_min,benign_minus_attack_distance,temporal_attack_score,temporal_ood_risk,raw_alarm,hard_alarm,suppress,high_ood_risk,strong_attack,temporal_raw_alarm,temporal_hard_alarm,temporal_suppress,temporal_high_ood_risk,temporal_strong_attack,temporal_unknown,selector
1,medium_ratio_seed42,medium_mass_ratio_recalibrated,42,future_query,attack,354033,chunk68:11996,processed/iotsim-domotic-monitor-1.csv,1737236499.471381,49258,Telnet Brute Force,domotic-monitor,0.09729286041870713,0.08029437513206726,0.999768421540297,0.22302275896072388,0.16175080835819244,-0.06127195060253143,2.939835892077895e-05,0.9999706016410792,True,False,True,True,False,False,False,False,False,False,True,lowest_temporal_attack
1,medium_ratio_seed42,medium_mass_ratio_recalibrated,42,future_query,attack,354032,chunk68:11995,processed/iotsim-domotic-monitor-1.csv,1737236496.566727,48762,Telnet Brute Force,domotic-monitor,0.0924062198927987,0.07540773460615882,0.999768421540297,0.22154946625232697,0.12900610268115997,-0.09254336357116699,2.939835892077895e-05,0.9999706016410792,True,False,True,True,False,False,False,False,False,False,True,lowest_temporal_attack
1,medium_ratio_seed42,medium_mass_ratio_recalibrated,42,future_query,attack,354031,chunk68:11994,processed/iotsim-domotic-monitor-1.csv,1737236496.566697,48761,Telnet Brute Force,domotic-monitor,0.0924062198927987,0.07540773460615882,0.999768421540297,0.2215328812599182,0.12919999659061432,-0.0923328846693039,2.939835892077895e-05,0.9999706016410792,True,False,True,True,False,False,False,False,False,False,True,lowest_temporal_attack
1,medium_ratio_seed42,medium_mass_ratio_recalibrated,42,future_query,attack,354030,chunk68:11993,processed/iotsim-domotic-monitor-1.csv,1737236496.524944,48760,Telnet Brute Force,domotic-monitor,0.0924062198927987,0.07540773460615882,0.999768421540297,0.221519336104393,0.13122442364692688,-0.09029491245746613,2.939835892077895e-05,0.9999706016410792,True,False,True,True,False,False,False,False,False,False,True,lowest_temporal_attack
1,medium_ratio_seed42,medium_mass_ratio_recalibrated,42,future_query,attack,354029,chunk68:11992,processed/iotsim-domotic-monitor-1.csv,1737236496.523568,48759,Telnet Brute Force,domotic-monitor,0.0924062198927987,0.07540773460615882,0.999768421540297,0.22150281071662903,0.12953560054302216,-0.09196721017360687,2.939835892077895e-05,0.9999706016410792,True,False,True,True,False,False,False,False,False,False,True,lowest_temporal_attack
1,medium_ratio_seed42,medium_mass_ratio_recalibrated,42,future_query,attack,354028,chunk68:11991,processed/iotsim-domotic-monitor-1.csv,1737236496.519759,48758,Telnet Brute Force,domotic-monitor,0.13192755601581777,0.11492907072917789,0.999768421540297,0.22337061166763306,0.1634749174118042,-0.05989569425582886,2.939835892077895e-05,0.9999706016410792,True,False,True,True,False,False,False,False,False,False,True,lowest_temporal_attack
1,medium_ratio_seed42,medium_mass_ratio_recalibrated,42,future_query,attack,354027,chunk68:11990,processed/iotsim-domotic-monitor-1.csv,1737236496.519591,48757,Telnet Brute Force,domotic-monitor,0.13192755601581777,0.11492907072917789,0.999768421540297,0.22337637841701508,0.16193625330924988,-0.0614401251077652,2.939835892077895e-05,0.9999706016410792,True,False,True,True,False,False,False,False,False,False,True,lowest_temporal_attack
1,medium_ratio_seed42,medium_mass_ratio_recalibrated,42,future_query,attack,354026,chunk68:11989,processed/iotsim-domotic-monitor-1.csv,1737236496.519344,48756,Telnet Brute Force,domotic-monitor,0.13192755601581777,0.11492907072917789,0.999768421540297,0.22338250279426575,0.16320835053920746,-0.06017415225505829,2.939835892077895e-05,0.9999706016410792,True,False,True,True,False,False,False,False,False,False,True,lowest_temporal_attack
1,medium_ratio_seed42,medium_mass_ratio_recalibrated,42,future_query,attack,354025,chunk68:11988,processed/iotsim-domotic-monitor-1.csv,1737236496.519312,48755,Telnet Brute Force,domotic-monitor,0.0924062198927987,0.07540773460615882,0.999768421540297,0.22150184214115143,0.130369171500206,-0.09113267064094543,2.939835892077895e-05,0.9999706016410792,True,False,True,True,False,False,False,False,False,False,True,lowest_temporal_attack
1,medium_ratio_seed42,medium_mass_ratio_recalibrated,42,future_query,attack,354024,chunk68:11987,processed/iotsim-domotic-monitor-1.csv,1737236496.519283,48754,Telnet Brute Force,domotic-monitor,0.13192755601581777,0.11492907072917789,0.999768421540297,0.2233828753232956,0.1617966592311859,-0.06158621609210968,2.939835892077895e-05,0.9999706016410792,True,False,True,True,False,False,False,False,False,False,True,lowest_temporal_attack
1,medium_ratio_seed42,medium_mass_ratio_recalibrated,42,future_query,attack,354023,chunk68:11986,processed/iotsim-domotic-monitor-1.csv,1737236496.519231,48753,Telnet Brute Force,domotic-monitor,0.0924062198927987,0.07540773460615882,0.999768421540297,0.22149963676929474,0.1287156045436859,-0.09278403222560883,2.939835892077895e-05,0.9999706016410792,True,False,True,True,False,False,False,False,False,False,True,lowest_temporal_attack
1,medium_ratio_seed42,medium_mass_ratio_recalibrated,42,future_query,attack,354022,chunk68:11985,processed/iotsim-domotic-monitor-1.csv,1737236496.518638,48752,Telnet Brute Force,domotic-monitor,0.13192755601581777,0.11492907072917789,0.999768421540297,0.2233843207359314,0.16161414980888367,-0.06177017092704773,2.939835892077895e-05,0.9999706016410792,True,False,True,True,False,False,False,False,False,False,True,lowest_temporal_attack
1,medium_ratio_seed42,medium_mass_ratio_recalibrated,42,future_query,attack,354021,chunk68:11984,processed/iotsim-domotic-monitor-1.csv,1737236496.518363,48751,Telnet Brute Force,domotic-monitor,0.13192755601581777,0.11492907072917789,0.999768421540297,0.22339099645614624,0.16152186691761017,-0.06186912953853607,2.939835892077895e-05,0.9999706016410792,True,False,True,True,False,False,False,False,False,False,True,lowest_temporal_attack
1,medium_ratio_seed42,medium_mass_ratio_recalibrated,42,future_query,attack,354020,chunk68:11983,processed/iotsim-domotic-monitor-1.csv,1737236496.518274,48750,Telnet Brute Force,domotic-monitor,0.0924062198927987,0.07540773460615882,0.999768421540297,0.22150331735610962,0.1283625364303589,-0.09314078092575073,2.939835892077895e-05,0.9999706016410792,True,False,True,True,False,False,False,False,False,False,True,lowest_temporal_attack
1,medium_ratio_seed42,medium_mass_ratio_recalibrated,42,future_query,attack,354019,chunk68:11982,processed/iotsim-domotic-monitor-1.csv,1737236496.516997,48749,Telnet Brute Force,domotic-monitor,0.13192755601581777,0.11492907072917789,0.999768421540297,0.22339387238025665,0.16149576008319855,-0.061898112297058105,2.939835892077895e-05,0.9999706016410792,True,False,True,True,False,False,False,False,False,False,True,lowest_temporal_attack
1,medium_ratio_seed42,medium_mass_ratio_recalibrated,42,future_query,attack,354018,chunk68:11981,processed/iotsim-domotic-monitor-1.csv,1737236496.516739,48748,Telnet Brute Force,domotic-monitor,0.13192755601581777,0.11492907072917789,0.999768421540297,0.22340086102485657,0.16128487884998322,-0.06211598217487335,2.939835892077895e-05,0.9999706016410792,True,False,True,True,False,False,False,False,False,False,True,lowest_temporal_attack
1,medium_ratio_seed42,medium_mass_ratio_recalibrated,42,future_query,attack,15,chunk17:15,processed/iotsim-air-quality-1.csv,1737236105.787043,6589,Ingress Tool Transfer,air-quality,0.012172884950359905,-0.004825600336279967,0.999768421540297,0.21812063455581665,0.12822367250919342,-0.08989696204662323,2.939835892077895e-05,0.9999706016410792,False,False,False,False,False,False,False,False,False,False,True,lowest_temporal_attack
1,medium_ratio_seed42,medium_mass_ratio_recalibrated,42,future_query,attack,14,chunk17:14,processed/iotsim-air-quality-1.csv,1737236105.786909,6588,Ingress Tool Transfer,air-quality,0.012172884950359905,-0.004825600336279967,0.999768421540297,0.2190665751695633,0.13040512800216675,-0.08866144716739655,2.939835892077895e-05,0.9999706016410792,False,False,False,False,False,False,False,False,False,False,True,lowest_temporal_attack
1,medium_ratio_seed42,medium_mass_ratio_recalibrated,42,future_query,attack,13,chunk17:13,processed/iotsim-air-quality-1.csv,1737236103.054194,6524,Ingress Tool Transfer,air-quality,0.03792477894043111,0.020926293653791235,0.999768421540297,0.2173151969909668,0.12293737381696701,-0.09437782317399979,2.939835892077895e-05,0.9999706016410792,True,False,True,True,False,False,False,False,False,False,True,lowest_temporal_attack
1,medium_ratio_seed42,medium_mass_ratio_recalibrated,42,future_query,attack,12,chunk17:12,processed/iotsim-air-quality-1.csv,1737236103.008397,6523,Ingress Tool Transfer,air-quality,0.03792477894043111,0.020926293653791235,0.999768421540297,0.21518367528915405,0.1326737105846405,-0.08250996470451355,2.939835892077895e-05,0.9999706016410792,True,False,True,True,False,False,False,False,False,False,True,lowest_temporal_attack
1,medium_ratio_seed42,medium_mass_ratio_recalibrated,42,future_query,attack,11,chunk17:11,processed/iotsim-air-quality-1.csv,1737236103.008319,6522,Ingress Tool Transfer,air-quality,0.03792477894043111,0.020926293653791235,0.999768421540297,0.21502763032913208,0.13328976929187775,-0.08173786103725433,2.939835892077895e-05,0.9999706016410792,True,False,True,True,False,False,False,False,False,False,True,lowest_temporal_attack
1,medium_ratio_seed42,medium_mass_ratio_recalibrated,42,future_query,attack,10,chunk17:10,processed/iotsim-air-quality-1.csv,1737236103.008274,6521,Ingress Tool Transfer,air-quality,0.03792477894043111,0.020926293653791235,0.999768421540297,0.2169218361377716,0.1192622259259224,-0.09765961021184921,2.939835892077895e-05,0.9999706016410792,True,False,True,True,False,False,False,False,False,False,True,lowest_temporal_attack
1,medium_ratio_seed42,medium_mass_ratio_recalibrated,42,future_query,attack,9,chunk17:9,processed/iotsim-air-quality-1.csv,1737236103.002766,6520,Ingress Tool Transfer,air-quality,0.03792477894043111,0.020926293653791235,0.999768421540297,0.2147883176803589,0.1330491602420807,-0.0817391574382782,2.939835892077895e-05,0.9999706016410792,True,False,True,True,False,False,False,False,False,False,True,lowest_temporal_attack
1,medium_ratio_seed42,medium_mass_ratio_recalibrated,42,future_query,attack,8,chunk17:8,processed/iotsim-air-quality-1.csv,1737236103.002733,6519,Ingress Tool Transfer,air-quality,0.03792477894043111,0.020926293653791235,0.999768421540297,0.21665728092193604,0.12392298132181168,-0.09273429960012436,2.939835892077895e-05,0.9999706016410792,True,False,True,True,False,False,False,False,False,False,True,lowest_temporal_attack
1,medium_ratio_seed42,medium_mass_ratio_recalibrated,42,future_query,attack,7,chunk17:7,processed/iotsim-air-quality-1.csv,1737236102.998331,6518,Ingress Tool Transfer,air-quality,0.1494111501145003,0.1324126648278604,0.999768421540297,0.2148883193731308,0.1483120173215866,-0.06657630205154419,2.939835892077895e-05,0.9999706016410792,True,False,True,True,False,False,False,False,False,False,True,lowest_temporal_attack
1,medium_ratio_seed42,medium_mass_ratio_recalibrated,42,future_query,attack,6,chunk17:6,processed/iotsim-air-quality-1.csv,1737236102.998311,6517,Ingress Tool Transfer,air-quality,0.11797333837861639,0.10097485309197651,0.999768421540297,0.21461942791938782,0.1511772722005844,-0.0634421557188034,2.939835892077895e-05,0.9999706016410792,True,False,True,True,False,False,False,False,False,False,True,lowest_temporal_attack
1,medium_ratio_seed42,medium_mass_ratio_recalibrated,42,future_query,attack,5,chunk17:5,processed/iotsim-air-quality-1.csv,1737236102.998304,6516,Ingress Tool Transfer,air-quality,0.03792477894043111,0.020926293653791235,0.999768421540297,0.21754442155361176,0.13401034474372864,-0.08353407680988312,2.939835892077895e-05,0.9999706016410792,True,False,True,True,False,False,False,False,False,False,True,lowest_temporal_attack
1,medium_ratio_seed42,medium_mass_ratio_recalibrated,42,future_query,attack,4,chunk17:4,processed/iotsim-air-quality-1.csv,1737236102.998274,6515,Ingress Tool Transfer,air-quality,0.02914129780790631,0.012142812521266439,0.999768421540297,0.21757656335830688,0.1340959072113037,-0.08348065614700317,2.939835892077895e-05,0.9999706016410792,True,False,True,True,False,False,False,False,False,False,True,lowest_temporal_attack
1,medium_ratio_seed42,medium_mass_ratio_recalibrated,42,future_query,attack,3,chunk17:3,processed/iotsim-air-quality-1.csv,1737236102.992764,6514,Ingress Tool Transfer,air-quality,0.11797333837861639,0.10097485309197651,0.999768421540297,0.21484573185443878,0.1531524509191513,-0.061693280935287476,2.939835892077895e-05,0.9999706016410792,True,False,True,True,False,False,False,False,False,False,True,lowest_temporal_attack
1,medium_ratio_seed42,medium_mass_ratio_recalibrated,42,future_query,attack,2,chunk17:2,processed/iotsim-air-quality-1.csv,1737236102.992594,6513,Ingress Tool Transfer,air-quality,0.11797333837861639,0.10097485309197651,0.999768421540297,0.21713930368423462,0.13827325403690338,-0.07886604964733124,2.939835892077895e-05,0.9999706016410792,True,False,True,True,False,False,False,False,False,False,True,lowest_temporal_attack
1,medium_ratio_seed42,medium_mass_ratio_recalibrated,42,future_query,attack,1,chunk17:1,processed/iotsim-air-quality-1.csv,1737236102.987026,6512,Ingress Tool Transfer,air-quality,0.06344492378600541,0.04644643849936554,0.999768421540297,0.21412503719329834,0.15406419336795807,-0.06006084382534027,2.939835892077895e-05,0.9999706016410792,True,False,True,True,False,False,False,False,False,False,True,lowest_temporal_attack
1,medium_ratio_seed42,medium_mass_ratio_recalibrated,42,future_query,attack,354034,chunk68:11997,processed/iotsim-domotic-monitor-1.csv,1737236499.477808,49259,Telnet Brute Force,domotic-monitor,0.06734209411856462,0.05034360883192475,0.999768421540297,0.22204197943210602,0.1276008039712906,-0.09444117546081543,2.939835892077895e-05,0.9999706016410792,True,False,True,True,False,False,False,False,False,False,True,lowest_temporal_attack
1,medium_ratio_seed42,medium_mass_ratio_recalibrated,42,future_query,attack,112,chunk18:3,processed/iotsim-air-quality-1.csv,1737235999.867136,4384,TCP Scan,air-quality,0.01743498582338497,0.00043650053674509914,0.999768421540297,0.22262437641620636,0.13325899839401245,-0.08936537802219391,2.939835892077895e-05,0.9999706016410792,True,False,True,True,False,False,False,False,False,False,True,lowest_temporal_attack
1,medium_ratio_seed42,medium_mass_ratio_recalibrated,42,future_query,attack,111,chunk18:2,processed/iotsim-air-quality-1.csv,1737235999.867092,4383,TCP Scan,air-quality,0.005908905493278141,-0.011089579793361731,0.999768421540297,0.2225181609392166,0.13248524069786072,-0.0900329202413559,2.939835892077895e-05,0.9999706016410792,False,False,False,False,False,False,False,False,False,False,True,lowest_temporal_attack
1,medium_ratio_seed42,medium_mass_ratio_recalibrated,42,future_query,attack,110,chunk18:1,processed/iotsim-air-quality-1.csv,1737235996.333106,4351,TCP Scan,air-quality,0.06344492378600541,0.04644643849936554,0.999768421540297,0.22237446904182434,0.13609935343265533,-0.086275115609169,2.939835892077895e-05,0.9999706016410792,True,False,True,True,False,False,False,False,False,False,True,lowest_temporal_attack
1,medium_ratio_seed42,medium_mass_ratio_recalibrated,42,future_query,attack,109,chunk18:0,processed/iotsim-air-quality-1.csv,1737235996.333045,4350,TCP Scan,air-quality,0.09183306833619317,0.0748345830495533,0.999768421540297,0.22327473759651184,0.1367124617099762,-0.08656227588653564,2.939835892077895e-05,0.9999706016410792,True,False,True,True,False,False,False,False,False,False,True,lowest_temporal_attack
1,medium_ratio_seed42,medium_mass_ratio_recalibrated,42,future_query,attack,108,chunk17:108,processed/iotsim-air-quality-1.csv,1737236228.912949,12816,Ingress Tool Transfer,air-quality,0.01693445693391351,-6.40283527263627e-05,0.999768421540297,0.21798454225063324,0.1461772620677948,-0.07180728018283844,2.939835892077895e-05,0.9999706016410792,False,False,False,False,False,False,False,False,False,False,True,lowest_temporal_attack
1,medium_ratio_seed42,medium_mass_ratio_recalibrated,42,future_query,attack,107,chunk17:107,processed/iotsim-air-quality-1.csv,1737236107.84221,6808,Ingress Tool Transfer,air-quality,0.43714231446548635,0.42014382917884646,0.9762532626612782,0.22639432549476624,0.21413595974445343,-0.012258365750312805,2.939835892077895e-05,0.9999706016410792,True,True,False,True,True,False,False,False,False,False,True,lowest_temporal_attack
1,medium_ratio_seed42,medium_mass_ratio_recalibrated,42,future_query,attack,106,chunk17:106,processed/iotsim-air-quality-1.csv,1737236107.836349,6807,Ingress Tool Transfer,air-quality,0.42516399366560653,0.40816550837896665,0.9927275143621158,0.2428084909915924,0.21091380715370178,-0.031894683837890625,2.939835892077895e-05,0.9999706016410792,True,True,False,True,True,False,False,False,False,False,True,lowest_temporal_attack
1,medium_ratio_seed42,medium_mass_ratio_recalibrated,42,future_query,attack,105,chunk17:105,processed/iotsim-air-quality-1.csv,1737236107.836307,6806,Ingress Tool Transfer,air-quality,0.4057428945390172,0.3887444092523773,0.9974361015190707,0.22658763825893402,0.2147001475095749,-0.01188749074935913,2.939835892077895e-05,0.9999706016410792,True,True,False,True,True,False,False,False,False,False,True,lowest_temporal_attack
1,medium_ratio_seed42,medium_mass_ratio_recalibrated,42,future_query,attack,104,chunk17:104,processed/iotsim-air-quality-1.csv,1737236107.789008,6804,Ingress Tool Transfer,air-quality,0.42516399366560653,0.40816550837896665,0.9927275143621158,0.24354635179042816,0.211408331990242,-0.03213801980018616,2.939835892077895e-05,0.9999706016410792,True,True,False,True,True,False,False,False,False,False,True,lowest_temporal_attack
1,medium_ratio_seed42,medium_mass_ratio_recalibrated,42,future_query,attack,103,chunk17:103,processed/iotsim-air-quality-1.csv,1737236107.788884,6803,Ingress Tool Transfer,air-quality,0.3887175682511034,0.3717190829644635,0.9974361015190707,0.22663646936416626,0.21522276103496552,-0.011413708329200745,2.939835892077895e-05,0.9999706016410792,True,True,False,True,True,False,False,False,False,False,True,lowest_temporal_attack
1,medium_ratio_seed42,medium_mass_ratio_recalibrated,42,future_query,attack,37,chunk17:37,processed/iotsim-air-quality-1.csv,1737236105.987723,6611,Ingress Tool Transfer,air-quality,0.40469299241505136,0.38769450712841147,0.9962603002834688,0.21069125831127167,0.21956603229045868,0.008874773979187012,2.939835892077895e-05,0.9999706016410792,True,True,False,True,True,False,False,False,False,False,True,lowest_temporal_attack
1,medium_ratio_seed42,medium_mass_ratio_recalibrated,42,future_query,attack,36,chunk17:36,processed/iotsim-air-quality-1.csv,1737236105.981505,6610,Ingress Tool Transfer,air-quality,0.40469299241505136,0.38769450712841147,0.9927275143621158,0.20864282548427582,0.22160612046718597,0.012963294982910156,2.939835892077895e-05,0.9999706016410792,True,True,False,True,True,False,False,False,False,False,True,lowest_temporal_attack
1,medium_ratio_seed42,medium_mass_ratio_recalibrated,42,future_query,attack,35,chunk17:35,processed/iotsim-air-quality-1.csv,1737236105.981462,6609,Ingress Tool Transfer,air-quality,0.07186515998667697,0.0548666747000371,0.999768421540297,0.2134413719177246,0.14363950490951538,-0.06980186700820923,2.939835892077895e-05,0.9999706016410792,True,False,True,True,False,False,False,False,False,False,True,lowest_temporal_attack
1,medium_ratio_seed42,medium_mass_ratio_recalibrated,42,future_query,attack,34,chunk17:34,processed/iotsim-air-quality-1.csv,1737236105.933365,6608,Ingress Tool Transfer,air-quality,0.07186515998667697,0.0548666747000371,0.999768421540297,0.20881766080856323,0.18344898521900177,-0.025368675589561462,2.939835892077895e-05,0.9999706016410792,True,False,True,True,False,False,False,False,False,False,True,lowest_temporal_attack
1,medium_ratio_seed42,medium_mass_ratio_recalibrated,42,future_query,attack,33,chunk17:33,processed/iotsim-air-quality-1.csv,1737236105.933199,6607,Ingress Tool Transfer,air-quality,0.07186515998667697,0.0548666747000371,0.999768421540297,0.21313698589801788,0.14184720814228058,-0.0712897777557373,2.939835892077895e-05,0.9999706016410792,True,False,True,True,False,False,False,False,False,False,True,lowest_temporal_attack
1,medium_ratio_seed42,medium_mass_ratio_recalibrated,42,future_query,attack,32,chunk17:32,processed/iotsim-air-quality-1.csv,1737236105.93317,6606,Ingress Tool Transfer,air-quality,0.017079548976111622,8.10636894717498e-05,0.999768421540297,0.2138390988111496,0.13226933777332306,-0.08156976103782654,2.939835892077895e-05,0.9999706016410792,True,False,True,True,False,False,False,False,False,False,True,lowest_temporal_attack
1,medium_ratio_seed42,medium_mass_ratio_recalibrated,42,future_query,attack,128,chunk18:19,processed/iotsim-air-quality-1.csv,1737236000.656009,4400,TCP Scan,air-quality,0.017079548976111622,8.10636894717498e-05,0.999768421540297,0.21872076392173767,0.1118108406662941,-0.10690992325544357,2.939835892077895e-05,0.9999706016410792,True,False,True,True,False,False,False,False,False,False,True,lowest_temporal_attack
1,medium_ratio_seed42,medium_mass_ratio_recalibrated,42,future_query,attack,127,chunk18:18,processed/iotsim-air-quality-1.csv,1737236000.655966,4399,TCP Scan,air-quality,0.017079548976111622,8.10636894717498e-05,0.999768421540297,0.2197471708059311,0.1119585931301117,-0.1077885776758194,2.939835892077895e-05,0.9999706016410792,True,False,True,True,False,False,False,False,False,False,True,lowest_temporal_attack
1,medium_ratio_seed42,medium_mass_ratio_recalibrated,42,future_query,attack,126,chunk18:17,processed/iotsim-air-quality-1.csv,1737236000.610214,4398,TCP Scan,air-quality,0.015362850811475164,-0.0016356344751647083,0.999768421540297,0.21867018938064575,0.10965956747531891,-0.10901062190532684,2.939835892077895e-05,0.9999706016410792,False,False,False,False,False,False,False,False,False,False,True,lowest_temporal_attack
1,medium_ratio_seed42,medium_mass_ratio_recalibrated,42,future_query,attack,125,chunk18:16,processed/iotsim-air-quality-1.csv,1737236000.610149,4397,TCP Scan,air-quality,0.007960541029984567,-0.009037944256655306,0.999768421540297,0.21851319074630737,0.1088624820113182,-0.10965070873498917,2.939835892077895e-05,0.9999706016410792,False,False,False,False,False,False,False,False,False,False,True,lowest_temporal_attack
1,medium_ratio_seed42,medium_mass_ratio_recalibrated,42,future_query,attack,124,chunk18:15,processed/iotsim-air-quality-1.csv,1737236000.610112,4396,TCP Scan,air-quality,0.015362850811475164,-0.0016356344751647083,0.999768421540297,0.2192770540714264,0.10885610431432724,-0.11042094975709915,2.939835892077895e-05,0.9999706016410792,False,False,False,False,False,False,False,False,False,False,True,lowest_temporal_attack
1,medium_ratio_seed42,medium_mass_ratio_recalibrated,42,future_query,attack,123,chunk18:14,processed/iotsim-air-quality-1.csv,1737236000.60628,4395,TCP Scan,air-quality,0.007960541029984567,-0.009037944256655306,0.999768421540297,0.21802060306072235,0.10872232168912888,-0.10929828137159348,2.939835892077895e-05,0.9999706016410792,False,False,False,False,False,False,False,False,False,False,True,lowest_temporal_attack
1,medium_ratio_seed42,medium_mass_ratio_recalibrated,42,future_query,attack,122,chunk18:13,processed/iotsim-air-quality-1.csv,1737236000.606248,4394,TCP Scan,air-quality,0.011836203676577025,-0.005162281610062847,0.999768421540297,0.21869656443595886,0.11574242264032364,-0.10295414179563522,2.939835892077895e-05,0.9999706016410792,False,False,False,False,False,False,False,False,False,False,True,lowest_temporal_attack
1,medium_ratio_seed42,medium_mass_ratio_recalibrated,42,future_query,attack,121,chunk18:12,processed/iotsim-air-quality-1.csv,1737236000.601978,4393,TCP Scan,air-quality,0.007960541029984567,-0.009037944256655306,0.999768421540297,0.21735155582427979,0.12733930349349976,-0.09001225233078003,2.939835892077895e-05,0.9999706016410792,False,False,False,False,False,False,False,False,False,False,True,lowest_temporal_attack
1,medium_ratio_seed42,medium_mass_ratio_recalibrated,42,future_query,attack,120,chunk18:11,processed/iotsim-air-quality-1.csv,1737236000.601955,4392,TCP Scan,air-quality,0.026505456428559514,0.009506971141919642,0.999768421540297,0.2163214236497879,0.12853671610355377,-0.08778470754623413,2.939835892077895e-05,0.9999706016410792,True,False,True,True,False,False,False,False,False,False,True,lowest_temporal_attack
1,medium_ratio_seed42,medium_mass_ratio_recalibrated,42,future_query,attack,119,chunk18:10,processed/iotsim-air-quality-1.csv,1737236000.601949,4391,TCP Scan,air-quality,0.011836203676577025,-0.005162281610062847,0.999768421540297,0.2207338511943817,0.12359540909528732,-0.09713844209909439,2.939835892077895e-05,0.9999706016410792,False,False,False,False,False,False,False,False,False,False,True,lowest_temporal_attack
1,medium_ratio_seed42,medium_mass_ratio_recalibrated,42,future_query,attack,118,chunk18:9,processed/iotsim-air-quality-1.csv,1737236000.601907,4390,TCP Scan,air-quality,0.00903814411601285,-0.007960341170627022,0.999768421540297,0.221024289727211,0.12321160733699799,-0.09781268239021301,2.939835892077895e-05,0.9999706016410792,False,False,False,False,False,False,False,False,False,False,True,lowest_temporal_attack
1,medium_ratio_seed42,medium_mass_ratio_recalibrated,42,future_query,attack,117,chunk18:8,processed/iotsim-air-quality-1.csv,1737236000.597912,4389,TCP Scan,air-quality,0.0060730511223185246,-0.010925434164321348,0.999768421540297,0.21972955763339996,0.12379670888185501,-0.09593284875154495,2.939835892077895e-05,0.9999706016410792,False,False,False,False,False,False,False,False,False,False,True,lowest_temporal_attack
1,medium_ratio_seed42,medium_mass_ratio_recalibrated,42,future_query,attack,116,chunk18:7,processed/iotsim-air-quality-1.csv,1737236000.597727,4388,TCP Scan,air-quality,0.00903814411601285,-0.007960341170627022,0.999768421540297,0.22140628099441528,0.12921208143234253,-0.09219419956207275,2.939835892077895e-05,0.9999706016410792,False,False,False,False,False,False,False,False,False,False,True,lowest_temporal_attack
1,medium_ratio_seed42,medium_mass_ratio_recalibrated,42,future_query,attack,115,chunk18:6,processed/iotsim-air-quality-1.csv,1737236000.592986,4387,TCP Scan,air-quality,0.003966295273005367,-0.013032190013634506,0.999768421540297,0.22022674977779388,0.12398628890514374,-0.09624046087265015,2.939835892077895e-05,0.9999706016410792,False,False,False,False,False,False,False,False,False,False,True,lowest_temporal_attack
1,medium_ratio_seed42,medium_mass_ratio_recalibrated,42,future_query,attack,114,chunk18:5,processed/iotsim-air-quality-1.csv,1737236000.59294,4386,TCP Scan,air-quality,0.011257758497602112,-0.00574072678903776,0.999768421540297,0.22214964032173157,0.12612271308898926,-0.09602692723274231,2.939835892077895e-05,0.9999706016410792,False,False,False,False,False,False,False,False,False,False,True,lowest_temporal_attack
1,medium_ratio_seed42,medium_mass_ratio_recalibrated,42,future_query,attack,113,chunk18:4,processed/iotsim-air-quality-1.csv,1737235999.876485,4385,TCP Scan,air-quality,0.025803390166299015,0.008804904879659143,0.999768421540297,0.22439080476760864,0.1347586214542389,-0.08963218331336975,2.939835892077895e-05,0.9999706016410792,True,False,True,True,False,False,False,False,False,False,True,lowest_temporal_attack
1,medium_ratio_seed42,medium_mass_ratio_recalibrated,42,future_query,attack,144,chunk18:35,processed/iotsim-air-quality-1.csv,1737236003.678803,4416,TCP Scan,air-quality,0.017079548976111622,8.10636894717498e-05,0.999768421540297,0.2194567769765854,0.1163170337677002,-0.10313974320888519,2.939835892077895e-05,0.9999706016410792,True,False,True,True,False,False,False,False,False,False,True,lowest_temporal_attack
1,medium_ratio_seed42,medium_mass_ratio_recalibrated,42,future_query,attack,143,chunk18:34,processed/iotsim-air-quality-1.csv,1737236003.632565,4415,TCP Scan,air-quality,0.017079548976111622,8.10636894717498e-05,0.999768421540297,0.21805040538311005,0.11471465975046158,-0.10333574563264847,2.939835892077895e-05,0.9999706016410792,True,False,True,True,False,False,False,False,False,False,True,lowest_temporal_attack
1,medium_ratio_seed42,medium_mass_ratio_recalibrated,42,future_query,attack,142,chunk18:33,processed/iotsim-air-quality-1.csv,1737236003.632438,4414,TCP Scan,air-quality,0.017079548976111622,8.10636894717498e-05,0.999768421540297,0.2190925031900406,0.11420033872127533,-0.10489216446876526,2.939835892077895e-05,0.9999706016410792,True,False,True,True,False,False,False,False,False,False,True,lowest_temporal_attack
1,medium_ratio_seed42,medium_mass_ratio_recalibrated,42,future_query,attack,141,chunk18:32,processed/iotsim-air-quality-1.csv,1737236003.627808,4413,TCP Scan,air-quality,0.011741003171860371,-0.005257482114779501,0.999768421540297,0.21735943853855133,0.11364409327507019,-0.10371534526348114,2.939835892077895e-05,0.9999706016410792,False,False,False,False,False,False,False,False,False,False,True,lowest_temporal_attack
1,medium_ratio_seed42,medium_mass_ratio_recalibrated,42,future_query,attack,140,chunk18:31,processed/iotsim-air-quality-1.csv,1737236003.627692,4412,TCP Scan,air-quality,0.013058350941355917,-0.003940134345283956,0.999768421540297,0.21838149428367615,0.11352977901697159,-0.10485171526670456,2.939835892077895e-05,0.9999706016410792,False,False,False,False,False,False,False,False,False,False,True,lowest_temporal_attack
1,medium_ratio_seed42,medium_mass_ratio_recalibrated,42,future_query,attack,139,chunk18:30,processed/iotsim-air-quality-1.csv,1737236003.627661,4411,TCP Scan,air-quality,0.011741003171860371,-0.005257482114779501,0.999768421540297,0.219293013215065,0.11089146882295609,-0.10840154439210892,2.939835892077895e-05,0.9999706016410792,False,False,False,False,False,False,False,False,False,False,True,lowest_temporal_attack
1,medium_ratio_seed42,medium_mass_ratio_recalibrated,42,future_query,attack,138,chunk18:29,processed/iotsim-air-quality-1.csv,1737236003.613456,4410,TCP Scan,air-quality,0.0060730511223185246,-0.010925434164321348,0.999768421540297,0.2167331576347351,0.11249235272407532,-0.10424080491065979,2.939835892077895e-05,0.9999706016410792,False,False,False,False,False,False,False,False,False,False,True,lowest_temporal_attack
1,medium_ratio_seed42,medium_mass_ratio_recalibrated,42,future_query,attack,137,chunk18:28,processed/iotsim-air-quality-1.csv,1737236003.613408,4409,TCP Scan,air-quality,0.003966295273005367,-0.013032190013634506,0.999768421540297,0.2197493463754654,0.11504828929901123,-0.10470105707645416,2.939835892077895e-05,0.9999706016410792,False,False,False,False,False,False,False,False,False,False,True,lowest_temporal_attack
1,medium_ratio_seed42,medium_mass_ratio_recalibrated,42,future_query,attack,136,chunk18:27,processed/iotsim-air-quality-1.csv,1737236003.606784,4408,TCP Scan,air-quality,0.003966295273005367,-0.013032190013634506,0.999768421540297,0.2174433320760727,0.11544135212898254,-0.10200197994709015,2.939835892077895e-05,0.9999706016410792,False,False,False,False,False,False,False,False,False,False,True,lowest_temporal_attack
1,medium_ratio_seed42,medium_mass_ratio_recalibrated,42,future_query,attack,135,chunk18:26,processed/iotsim-air-quality-1.csv,1737236000.749884,4407,TCP Scan,air-quality,0.017079548976111622,8.10636894717498e-05,0.999768421540297,0.22016361355781555,0.11818575859069824,-0.10197785496711731,2.939835892077895e-05,0.9999706016410792,True,False,True,True,False,False,False,False,False,False,True,lowest_temporal_attack
1,medium_ratio_seed42,medium_mass_ratio_recalibrated,42,future_query,attack,134,chunk18:25,processed/iotsim-air-quality-1.csv,1737236000.704582,4406,TCP Scan,air-quality,0.017079548976111622,8.10636894717498e-05,0.999768421540297,0.21935686469078064,0.11585044115781784,-0.1035064235329628,2.939835892077895e-05,0.9999706016410792,True,False,True,True,False,False,False,False,False,False,True,lowest_temporal_attack
1,medium_ratio_seed42,medium_mass_ratio_recalibrated,42,future_query,attack,133,chunk18:24,processed/iotsim-air-quality-1.csv,1737236000.704466,4405,TCP Scan,air-quality,0.017079548976111622,8.10636894717498e-05,0.999768421540297,0.21924327313899994,0.11473659425973892,-0.10450667887926102,2.939835892077895e-05,0.9999706016410792,True,False,True,True,False,False,False,False,False,False,True,lowest_temporal_attack
1,medium_ratio_seed42,medium_mass_ratio_recalibrated,42,future_query,attack,132,chunk18:23,processed/iotsim-air-quality-1.csv,1737236000.704414,4404,TCP Scan,air-quality,0.017079548976111622,8.10636894717498e-05,0.999768421540297,0.21996904909610748,0.1142171248793602,-0.10575192421674728,2.939835892077895e-05,0.9999706016410792,True,False,True,True,False,False,False,False,False,False,True,lowest_temporal_attack
1,medium_ratio_seed42,medium_mass_ratio_recalibrated,42,future_query,attack,131,chunk18:22,processed/iotsim-air-quality-1.csv,1737236000.700585,4403,TCP Scan,air-quality,0.017079548976111622,8.10636894717498e-05,0.999768421540297,0.2190355658531189,0.11248396337032318,-0.10655160248279572,2.939835892077895e-05,0.9999706016410792,True,False,True,True,False,False,False,False,False,False,True,lowest_temporal_attack
1,medium_ratio_seed42,medium_mass_ratio_recalibrated,42,future_query,attack,130,chunk18:21,processed/iotsim-air-quality-1.csv,1737236000.659866,4402,TCP Scan,air-quality,0.017079548976111622,8.10636894717498e-05,0.999768421540297,0.2197684347629547,0.11302533745765686,-0.10674309730529785,2.939835892077895e-05,0.9999706016410792,True,False,True,True,False,False,False,False,False,False,True,lowest_temporal_attack
1,medium_ratio_seed42,medium_mass_ratio_recalibrated,42,future_query,attack,129,chunk18:20,processed/iotsim-air-quality-1.csv,1737236000.659843,4401,TCP Scan,air-quality,0.017079548976111622,8.10636894717498e-05,0.999768421540297,0.21983754634857178,0.11305094510316849,-0.10678660124540329,2.939835892077895e-05,0.9999706016410792,True,False,True,True,False,False,False,False,False,False,True,lowest_temporal_attack
1,medium_ratio_seed42,medium_mass_ratio_recalibrated,42,future_query,attack,363008,chunk70:8863,processed/iotsim-ip-camera-museum-1.csv,1737236356.300215,1991169,TCP Scan,ip-camera-museum,0.006448803516874131,-0.010549681769765742,0.999768421540297,0.23528429865837097,0.16018174588680267,-0.0751025527715683,2.939835892077895e-05,0.9999706016410792,False,False,False,False,False,False,False,False,False,False,True,highest_temporal_ood_risk
1,medium_ratio_seed42,medium_mass_ratio_recalibrated,42,future_query,attack,0,chunk17:0,processed/iotsim-air-quality-1.csv,1737236102.986967,6511,Ingress Tool Transfer,air-quality,0.06344492378600541,0.04644643849936554,0.999768421540297,0.21593479812145233,0.13408543169498444,-0.0818493664264679,2.939835892077895e-05,0.9999706016410792,True,False,True,True,False,False,False,False,False,False,True,highest_temporal_ood_risk
1,medium_ratio_seed42,medium_mass_ratio_recalibrated,42,future_query,attack,1,chunk17:1,processed/iotsim-air-quality-1.csv,1737236102.987026,6512,Ingress Tool Transfer,air-quality,0.06344492378600541,0.04644643849936554,0.999768421540297,0.21412503719329834,0.15406419336795807,-0.06006084382534027,2.939835892077895e-05,0.9999706016410792,True,False,True,True,False,False,False,False,False,False,True,highest_temporal_ood_risk
1,medium_ratio_seed42,medium_mass_ratio_recalibrated,42,future_query,attack,2,chunk17:2,processed/iotsim-air-quality-1.csv,1737236102.992594,6513,Ingress Tool Transfer,air-quality,0.11797333837861639,0.10097485309197651,0.999768421540297,0.21713930368423462,0.13827325403690338,-0.07886604964733124,2.939835892077895e-05,0.9999706016410792,True,False,True,True,False,False,False,False,False,False,True,highest_temporal_ood_risk
1,medium_ratio_seed42,medium_mass_ratio_recalibrated,42,future_query,attack,3,chunk17:3,processed/iotsim-air-quality-1.csv,1737236102.992764,6514,Ingress Tool Transfer,air-quality,0.11797333837861639,0.10097485309197651,0.999768421540297,0.21484573185443878,0.1531524509191513,-0.061693280935287476,2.939835892077895e-05,0.9999706016410792,True,False,True,True,False,False,False,False,False,False,True,highest_temporal_ood_risk
1,medium_ratio_seed42,medium_mass_ratio_recalibrated,42,future_query,attack,4,chunk17:4,processed/iotsim-air-quality-1.csv,1737236102.998274,6515,Ingress Tool Transfer,air-quality,0.02914129780790631,0.012142812521266439,0.999768421540297,0.21757656335830688,0.1340959072113037,-0.08348065614700317,2.939835892077895e-05,0.9999706016410792,True,False,True,True,False,False,False,False,False,False,True,highest_temporal_ood_risk
1,medium_ratio_seed42,medium_mass_ratio_recalibrated,42,future_query,attack,354023,chunk68:11986,processed/iotsim-domotic-monitor-1.csv,1737236496.519231,48753,Telnet Brute Force,domotic-monitor,0.0924062198927987,0.07540773460615882,0.999768421540297,0.22149963676929474,0.1287156045436859,-0.09278403222560883,2.939835892077895e-05,0.9999706016410792,True,False,True,True,False,False,False,False,False,False,True,highest_temporal_ood_risk
1,medium_ratio_seed42,medium_mass_ratio_recalibrated,42,future_query,attack,354022,chunk68:11985,processed/iotsim-domotic-monitor-1.csv,1737236496.518638,48752,Telnet Brute Force,domotic-monitor,0.13192755601581777,0.11492907072917789,0.999768421540297,0.2233843207359314,0.16161414980888367,-0.06177017092704773,2.939835892077895e-05,0.9999706016410792,True,False,True,True,False,False,False,False,False,False,True,highest_temporal_ood_risk
1,medium_ratio_seed42,medium_mass_ratio_recalibrated,42,future_query,attack,354021,chunk68:11984,processed/iotsim-domotic-monitor-1.csv,1737236496.518363,48751,Telnet Brute Force,domotic-monitor,0.13192755601581777,0.11492907072917789,0.999768421540297,0.22339099645614624,0.16152186691761017,-0.06186912953853607,2.939835892077895e-05,0.9999706016410792,True,False,True,True,False,False,False,False,False,False,True,highest_temporal_ood_risk
1,medium_ratio_seed42,medium_mass_ratio_recalibrated,42,future_query,attack,354020,chunk68:11983,processed/iotsim-domotic-monitor-1.csv,1737236496.518274,48750,Telnet Brute Force,domotic-monitor,0.0924062198927987,0.07540773460615882,0.999768421540297,0.22150331735610962,0.1283625364303589,-0.09314078092575073,2.939835892077895e-05,0.9999706016410792,True,False,True,True,False,False,False,False,False,False,True,highest_temporal_ood_risk
1,medium_ratio_seed42,medium_mass_ratio_recalibrated,42,future_query,attack,354019,chunk68:11982,processed/iotsim-domotic-monitor-1.csv,1737236496.516997,48749,Telnet Brute Force,domotic-monitor,0.13192755601581777,0.11492907072917789,0.999768421540297,0.22339387238025665,0.16149576008319855,-0.061898112297058105,2.939835892077895e-05,0.9999706016410792,True,False,True,True,False,False,False,False,False,False,True,highest_temporal_ood_risk
1,medium_ratio_seed42,medium_mass_ratio_recalibrated,42,future_query,attack,354018,chunk68:11981,processed/iotsim-domotic-monitor-1.csv,1737236496.516739,48748,Telnet Brute Force,domotic-monitor,0.13192755601581777,0.11492907072917789,0.999768421540297,0.22340086102485657,0.16128487884998322,-0.06211598217487335,2.939835892077895e-05,0.9999706016410792,True,False,True,True,False,False,False,False,False,False,True,highest_temporal_ood_risk
1,medium_ratio_seed42,medium_mass_ratio_recalibrated,42,future_query,attack,354017,chunk68:11980,processed/iotsim-domotic-monitor-1.csv,1737236496.516691,48747,Telnet Brute Force,domotic-monitor,0.0924062198927987,0.07540773460615882,0.999768421540297,0.22150705754756927,0.1279192566871643,-0.09358780086040497,2.939835892077895e-05,0.9999706016410792,True,False,True,True,False,False,False,False,False,False,True,highest_temporal_ood_risk
1,medium_ratio_seed42,medium_mass_ratio_recalibrated,42,future_query,attack,354016,chunk68:11979,processed/iotsim-domotic-monitor-1.csv,1737236496.513626,48746,Telnet Brute Force,domotic-monitor,0.13192755601581777,0.11492907072917789,0.999768421540297,0.2234068661928177,0.16285279393196106,-0.06055407226085663,2.939835892077895e-05,0.9999706016410792,True,False,True,True,False,False,False,False,False,False,True,highest_temporal_ood_risk
1,medium_ratio_seed42,medium_mass_ratio_recalibrated,42,future_query,attack,354015,chunk68:11978,processed/iotsim-domotic-monitor-1.csv,1737236496.513609,48745,Telnet Brute Force,domotic-monitor,0.13192755601581777,0.11492907072917789,0.999768421540297,0.22341105341911316,0.16179074347019196,-0.061620309948921204,2.939835892077895e-05,0.9999706016410792,True,False,True,True,False,False,False,False,False,False,True,highest_temporal_ood_risk
1,medium_ratio_seed42,medium_mass_ratio_recalibrated,42,future_query,attack,354014,chunk68:11977,processed/iotsim-domotic-monitor-1.csv,1737236496.513577,48744,Telnet Brute Force,domotic-monitor,0.13192755601581777,0.11492907072917789,0.999768421540297,0.22341546416282654,0.1614808440208435,-0.06193462014198303,2.939835892077895e-05,0.9999706016410792,True,False,True,True,False,False,False,False,False,False,True,highest_temporal_ood_risk
1,medium_ratio_seed42,medium_mass_ratio_recalibrated,42,future_query,attack,354013,chunk68:11976,processed/iotsim-domotic-monitor-1.csv,1737236496.512583,48743,Telnet Brute Force,domotic-monitor,0.13192755601581777,0.11492907072917789,0.999768421540297,0.22342167794704437,0.1610461324453354,-0.062375545501708984,2.939835892077895e-05,0.9999706016410792,True,False,True,True,False,False,False,False,False,False,True,highest_temporal_ood_risk
1,medium_ratio_seed42,medium_mass_ratio_recalibrated,42,future_query,attack,354012,chunk68:11975,processed/iotsim-domotic-monitor-1.csv,1737236496.483911,48742,Telnet Brute Force,domotic-monitor,0.0924062198927987,0.07540773460615882,0.999768421540297,0.2215222269296646,0.12794506549835205,-0.09357716143131256,2.939835892077895e-05,0.9999706016410792,True,False,True,True,False,False,False,False,False,False,True,highest_temporal_ood_risk
1,medium_ratio_seed42,medium_mass_ratio_recalibrated,42,future_query,attack,354011,chunk68:11974,processed/iotsim-domotic-monitor-1.csv,1737236496.472732,48741,Telnet Brute Force,domotic-monitor,0.0924062198927987,0.07540773460615882,0.999768421540297,0.221504345536232,0.12848635017871857,-0.09301799535751343,2.939835892077895e-05,0.9999706016410792,True,False,True,True,False,False,False,False,False,False,True,highest_temporal_ood_risk
1,medium_ratio_seed42,medium_mass_ratio_recalibrated,42,future_query,attack,354010,chunk68:11973,processed/iotsim-domotic-monitor-1.csv,1737236496.472717,48740,Telnet Brute Force,domotic-monitor,0.0924062198927987,0.07540773460615882,0.999768421540297,0.2215246558189392,0.12891870737075806,-0.09260594844818115,2.939835892077895e-05,0.9999706016410792,True,False,True,True,False,False,False,False,False,False,True,highest_temporal_ood_risk
1,medium_ratio_seed42,medium_mass_ratio_recalibrated,42,future_query,attack,354009,chunk68:11972,processed/iotsim-domotic-monitor-1.csv,1737236496.472688,48739,Telnet Brute Force,domotic-monitor,0.0924062198927987,0.07540773460615882,0.999768421540297,0.22154609858989716,0.1301126480102539,-0.09143345057964325,2.939835892077895e-05,0.9999706016410792,True,False,True,True,False,False,False,False,False,False,True,highest_temporal_ood_risk
1,medium_ratio_seed42,medium_mass_ratio_recalibrated,42,future_query,attack,354008,chunk68:11971,processed/iotsim-domotic-monitor-1.csv,1737236496.471887,48738,Telnet Brute Force,domotic-monitor,0.0924062198927987,0.07540773460615882,0.999768421540297,0.22156283259391785,0.1279711127281189,-0.09359171986579895,2.939835892077895e-05,0.9999706016410792,True,False,True,True,False,False,False,False,False,False,True,highest_temporal_ood_risk
1,medium_ratio_seed42,medium_mass_ratio_recalibrated,42,future_query,attack,37,chunk17:37,processed/iotsim-air-quality-1.csv,1737236105.987723,6611,Ingress Tool Transfer,air-quality,0.40469299241505136,0.38769450712841147,0.9962603002834688,0.21069125831127167,0.21956603229045868,0.008874773979187012,2.939835892077895e-05,0.9999706016410792,True,True,False,True,True,False,False,False,False,False,True,highest_temporal_ood_risk
1,medium_ratio_seed42,medium_mass_ratio_recalibrated,42,future_query,attack,36,chunk17:36,processed/iotsim-air-quality-1.csv,1737236105.981505,6610,Ingress Tool Transfer,air-quality,0.40469299241505136,0.38769450712841147,0.9927275143621158,0.20864282548427582,0.22160612046718597,0.012963294982910156,2.939835892077895e-05,0.9999706016410792,True,True,False,True,True,False,False,False,False,False,True,highest_temporal_ood_risk
1,medium_ratio_seed42,medium_mass_ratio_recalibrated,42,future_query,attack,35,chunk17:35,processed/iotsim-air-quality-1.csv,1737236105.981462,6609,Ingress Tool Transfer,air-quality,0.07186515998667697,0.0548666747000371,0.999768421540297,0.2134413719177246,0.14363950490951538,-0.06980186700820923,2.939835892077895e-05,0.9999706016410792,True,False,True,True,False,False,False,False,False,False,True,highest_temporal_ood_risk
1,medium_ratio_seed42,medium_mass_ratio_recalibrated,42,future_query,attack,34,chunk17:34,processed/iotsim-air-quality-1.csv,1737236105.933365,6608,Ingress Tool Transfer,air-quality,0.07186515998667697,0.0548666747000371,0.999768421540297,0.20881766080856323,0.18344898521900177,-0.025368675589561462,2.939835892077895e-05,0.9999706016410792,True,False,True,True,False,False,False,False,False,False,True,highest_temporal_ood_risk
1,medium_ratio_seed42,medium_mass_ratio_recalibrated,42,future_query,attack,33,chunk17:33,processed/iotsim-air-quality-1.csv,1737236105.933199,6607,Ingress Tool Transfer,air-quality,0.07186515998667697,0.0548666747000371,0.999768421540297,0.21313698589801788,0.14184720814228058,-0.0712897777557373,2.939835892077895e-05,0.9999706016410792,True,False,True,True,False,False,False,False,False,False,True,highest_temporal_ood_risk
1,medium_ratio_seed42,medium_mass_ratio_recalibrated,42,future_query,attack,32,chunk17:32,processed/iotsim-air-quality-1.csv,1737236105.93317,6606,Ingress Tool Transfer,air-quality,0.017079548976111622,8.10636894717498e-05,0.999768421540297,0.2138390988111496,0.13226933777332306,-0.08156976103782654,2.939835892077895e-05,0.9999706016410792,True,False,True,True,False,False,False,False,False,False,True,highest_temporal_ood_risk
1,medium_ratio_seed42,medium_mass_ratio_recalibrated,42,future_query,attack,31,chunk17:31,processed/iotsim-air-quality-1.csv,1737236105.926668,6605,Ingress Tool Transfer,air-quality,0.017079548976111622,8.10636894717498e-05,0.999768421540297,0.2088356465101242,0.18280580639839172,-0.026029840111732483,2.939835892077895e-05,0.9999706016410792,True,False,True,True,False,False,False,False,False,False,True,highest_temporal_ood_risk
1,medium_ratio_seed42,medium_mass_ratio_recalibrated,42,future_query,attack,30,chunk17:30,processed/iotsim-air-quality-1.csv,1737236105.926626,6604,Ingress Tool Transfer,air-quality,0.017079548976111622,8.10636894717498e-05,0.999768421540297,0.21367570757865906,0.13949543237686157,-0.07418027520179749,2.939835892077895e-05,0.9999706016410792,True,False,True,True,False,False,False,False,False,False,True,highest_temporal_ood_risk
1,medium_ratio_seed42,medium_mass_ratio_recalibrated,42,future_query,attack,29,chunk17:29,processed/iotsim-air-quality-1.csv,1737236105.879917,6603,Ingress Tool Transfer,air-quality,0.017079548976111622,8.10636894717498e-05,0.999768421540297,0.2087143361568451,0.1985340714454651,-0.010180264711380005,2.939835892077895e-05,0.9999706016410792,True,False,True,True,False,False,False,False,False,False,True,highest_temporal_ood_risk
1,medium_ratio_seed42,medium_mass_ratio_recalibrated,42,future_query,attack,28,chunk17:28,processed/iotsim-air-quality-1.csv,1737236105.879872,6602,Ingress Tool Transfer,air-quality,0.017079548976111622,8.10636894717498e-05,0.999768421540297,0.213443785905838,0.14149317145347595,-0.07195061445236206,2.939835892077895e-05,0.9999706016410792,True,False,True,True,False,False,False,False,False,False,True,highest_temporal_ood_risk
1,medium_ratio_seed42,medium_mass_ratio_recalibrated,42,future_query,attack,27,chunk17:27,processed/iotsim-air-quality-1.csv,1737236105.872136,6601,Ingress Tool Transfer,air-quality,0.017079548976111622,8.10636894717498e-05,0.999768421540297,0.20878474414348602,0.20882463455200195,3.9890408515930176e-05,2.939835892077895e-05,0.9999706016410792,True,False,True,True,False,False,False,False,False,False,True,highest_temporal_ood_risk
1,medium_ratio_seed42,medium_mass_ratio_recalibrated,42,future_query,attack,26,chunk17:26,processed/iotsim-air-quality-1.csv,1737236105.857579,6600,Ingress Tool Transfer,air-quality,0.017079548976111622,8.10636894717498e-05,0.999768421540297,0.21348172426223755,0.1437305212020874,-0.06975120306015015,2.939835892077895e-05,0.9999706016410792,True,False,True,True,False,False,False,False,False,False,True,highest_temporal_ood_risk
1,medium_ratio_seed42,medium_mass_ratio_recalibrated,42,future_query,attack,25,chunk17:25,processed/iotsim-air-quality-1.csv,1737236105.851929,6599,Ingress Tool Transfer,air-quality,0.017079548976111622,8.10636894717498e-05,0.999768421540297,0.20822405815124512,0.2239605039358139,0.015736445784568787,2.939835892077895e-05,0.9999706016410792,True,False,True,True,False,False,False,False,False,False,True,highest_temporal_ood_risk
1,medium_ratio_seed42,medium_mass_ratio_recalibrated,42,future_query,attack,24,chunk17:24,processed/iotsim-air-quality-1.csv,1737236105.851776,6598,Ingress Tool Transfer,air-quality,0.017079548976111622,8.10636894717498e-05,0.999768421540297,0.21300505101680756,0.15230073034763336,-0.060704320669174194,2.939835892077895e-05,0.9999706016410792,True,False,True,True,False,False,False,False,False,False,True,highest_temporal_ood_risk
1,medium_ratio_seed42,medium_mass_ratio_recalibrated,42,future_query,attack,23,chunk17:23,processed/iotsim-air-quality-1.csv,1737236105.851749,6597,Ingress Tool Transfer,air-quality,0.017079548976111622,8.10636894717498e-05,0.999768421540297,0.21376970410346985,0.1450926661491394,-0.06867703795433044,2.939835892077895e-05,0.9999706016410792,True,False,True,True,False,False,False,False,False,False,True,highest_temporal_ood_risk
1,medium_ratio_seed42,medium_mass_ratio_recalibrated,42,future_query,attack,22,chunk17:22,processed/iotsim-air-quality-1.csv,1737236105.845291,6596,Ingress Tool Transfer,air-quality,0.017079548976111622,8.10636894717498e-05,0.999768421540297,0.20710055530071259,0.22452041506767273,0.017419859766960144,2.939835892077895e-05,0.9999706016410792,True,False,True,True,False,False,False,False,False,False,True,highest_temporal_ood_risk
1,medium_ratio_seed42,medium_mass_ratio_recalibrated,42,future_query,attack,118,chunk18:9,processed/iotsim-air-quality-1.csv,1737236000.601907,4390,TCP Scan,air-quality,0.00903814411601285,-0.007960341170627022,0.999768421540297,0.221024289727211,0.12321160733699799,-0.09781268239021301,2.939835892077895e-05,0.9999706016410792,False,False,False,False,False,False,False,False,False,False,True,highest_temporal_ood_risk
1,medium_ratio_seed42,medium_mass_ratio_recalibrated,42,future_query,attack,117,chunk18:8,processed/iotsim-air-quality-1.csv,1737236000.597912,4389,TCP Scan,air-quality,0.0060730511223185246,-0.010925434164321348,0.999768421540297,0.21972955763339996,0.12379670888185501,-0.09593284875154495,2.939835892077895e-05,0.9999706016410792,False,False,False,False,False,False,False,False,False,False,True,highest_temporal_ood_risk
1,medium_ratio_seed42,medium_mass_ratio_recalibrated,42,future_query,attack,116,chunk18:7,processed/iotsim-air-quality-1.csv,1737236000.597727,4388,TCP Scan,air-quality,0.00903814411601285,-0.007960341170627022,0.999768421540297,0.22140628099441528,0.12921208143234253,-0.09219419956207275,2.939835892077895e-05,0.9999706016410792,False,False,False,False,False,False,False,False,False,False,True,highest_temporal_ood_risk
1,medium_ratio_seed42,medium_mass_ratio_recalibrated,42,future_query,attack,115,chunk18:6,processed/iotsim-air-quality-1.csv,1737236000.592986,4387,TCP Scan,air-quality,0.003966295273005367,-0.013032190013634506,0.999768421540297,0.22022674977779388,0.12398628890514374,-0.09624046087265015,2.939835892077895e-05,0.9999706016410792,False,False,False,False,False,False,False,False,False,False,True,highest_temporal_ood_risk
1,medium_ratio_seed42,medium_mass_ratio_recalibrated,42,future_query,attack,114,chunk18:5,processed/iotsim-air-quality-1.csv,1737236000.59294,4386,TCP Scan,air-quality,0.011257758497602112,-0.00574072678903776,0.999768421540297,0.22214964032173157,0.12612271308898926,-0.09602692723274231,2.939835892077895e-05,0.9999706016410792,False,False,False,False,False,False,False,False,False,False,True,highest_temporal_ood_risk
1,medium_ratio_seed42,medium_mass_ratio_recalibrated,42,future_query,attack,113,chunk18:4,processed/iotsim-air-quality-1.csv,1737235999.876485,4385,TCP Scan,air-quality,0.025803390166299015,0.008804904879659143,0.999768421540297,0.22439080476760864,0.1347586214542389,-0.08963218331336975,2.939835892077895e-05,0.9999706016410792,True,False,True,True,False,False,False,False,False,False,True,highest_temporal_ood_risk
1,medium_ratio_seed42,medium_mass_ratio_recalibrated,42,future_query,attack,112,chunk18:3,processed/iotsim-air-quality-1.csv,1737235999.867136,4384,TCP Scan,air-quality,0.01743498582338497,0.00043650053674509914,0.999768421540297,0.22262437641620636,0.13325899839401245,-0.08936537802219391,2.939835892077895e-05,0.9999706016410792,True,False,True,True,False,False,False,False,False,False,True,highest_temporal_ood_risk
1,medium_ratio_seed42,medium_mass_ratio_recalibrated,42,future_query,attack,111,chunk18:2,processed/iotsim-air-quality-1.csv,1737235999.867092,4383,TCP Scan,air-quality,0.005908905493278141,-0.011089579793361731,0.999768421540297,0.2225181609392166,0.13248524069786072,-0.0900329202413559,2.939835892077895e-05,0.9999706016410792,False,False,False,False,False,False,False,False,False,False,True,highest_temporal_ood_risk
1,medium_ratio_seed42,medium_mass_ratio_recalibrated,42,future_query,attack,110,chunk18:1,processed/iotsim-air-quality-1.csv,1737235996.333106,4351,TCP Scan,air-quality,0.06344492378600541,0.04644643849936554,0.999768421540297,0.22237446904182434,0.13609935343265533,-0.086275115609169,2.939835892077895e-05,0.9999706016410792,True,False,True,True,False,False,False,False,False,False,True,highest_temporal_ood_risk
1,medium_ratio_seed42,medium_mass_ratio_recalibrated,42,future_query,attack,109,chunk18:0,processed/iotsim-air-quality-1.csv,1737235996.333045,4350,TCP Scan,air-quality,0.09183306833619317,0.0748345830495533,0.999768421540297,0.22327473759651184,0.1367124617099762,-0.08656227588653564,2.939835892077895e-05,0.9999706016410792,True,False,True,True,False,False,False,False,False,False,True,highest_temporal_ood_risk
1,medium_ratio_seed42,medium_mass_ratio_recalibrated,42,future_query,attack,108,chunk17:108,processed/iotsim-air-quality-1.csv,1737236228.912949,12816,Ingress Tool Transfer,air-quality,0.01693445693391351,-6.40283527263627e-05,0.999768421540297,0.21798454225063324,0.1461772620677948,-0.07180728018283844,2.939835892077895e-05,0.9999706016410792,False,False,False,False,False,False,False,False,False,False,True,highest_temporal_ood_risk
1,medium_ratio_seed42,medium_mass_ratio_recalibrated,42,future_query,attack,107,chunk17:107,processed/iotsim-air-quality-1.csv,1737236107.84221,6808,Ingress Tool Transfer,air-quality,0.43714231446548635,0.42014382917884646,0.9762532626612782,0.22639432549476624,0.21413595974445343,-0.012258365750312805,2.939835892077895e-05,0.9999706016410792,True,True,False,True,True,False,False,False,False,False,True,highest_temporal_ood_risk
1,medium_ratio_seed42,medium_mass_ratio_recalibrated,42,future_query,attack,106,chunk17:106,processed/iotsim-air-quality-1.csv,1737236107.836349,6807,Ingress Tool Transfer,air-quality,0.42516399366560653,0.40816550837896665,0.9927275143621158,0.2428084909915924,0.21091380715370178,-0.031894683837890625,2.939835892077895e-05,0.9999706016410792,True,True,False,True,True,False,False,False,False,False,True,highest_temporal_ood_risk
1,medium_ratio_seed42,medium_mass_ratio_recalibrated,42,future_query,attack,105,chunk17:105,processed/iotsim-air-quality-1.csv,1737236107.836307,6806,Ingress Tool Transfer,air-quality,0.4057428945390172,0.3887444092523773,0.9974361015190707,0.22658763825893402,0.2147001475095749,-0.01188749074935913,2.939835892077895e-05,0.9999706016410792,True,True,False,True,True,False,False,False,False,False,True,highest_temporal_ood_risk
1,medium_ratio_seed42,medium_mass_ratio_recalibrated,42,future_query,attack,104,chunk17:104,processed/iotsim-air-quality-1.csv,1737236107.789008,6804,Ingress Tool Transfer,air-quality,0.42516399366560653,0.40816550837896665,0.9927275143621158,0.24354635179042816,0.211408331990242,-0.03213801980018616,2.939835892077895e-05,0.9999706016410792,True,True,False,True,True,False,False,False,False,False,True,highest_temporal_ood_risk
1,medium_ratio_seed42,medium_mass_ratio_recalibrated,42,future_query,attack,103,chunk17:103,processed/iotsim-air-quality-1.csv,1737236107.788884,6803,Ingress Tool Transfer,air-quality,0.3887175682511034,0.3717190829644635,0.9974361015190707,0.22663646936416626,0.21522276103496552,-0.011413708329200745,2.939835892077895e-05,0.9999706016410792,True,True,False,True,True,False,False,False,False,False,True,highest_temporal_ood_risk
1,medium_ratio_seed42,medium_mass_ratio_recalibrated,42,future_query,attack,134,chunk18:25,processed/iotsim-air-quality-1.csv,1737236000.704582,4406,TCP Scan,air-quality,0.017079548976111622,8.10636894717498e-05,0.999768421540297,0.21935686469078064,0.11585044115781784,-0.1035064235329628,2.939835892077895e-05,0.9999706016410792,True,False,True,True,False,False,False,False,False,False,True,highest_temporal_ood_risk
1,medium_ratio_seed42,medium_mass_ratio_recalibrated,42,future_query,attack,133,chunk18:24,processed/iotsim-air-quality-1.csv,1737236000.704466,4405,TCP Scan,air-quality,0.017079548976111622,8.10636894717498e-05,0.999768421540297,0.21924327313899994,0.11473659425973892,-0.10450667887926102,2.939835892077895e-05,0.9999706016410792,True,False,True,True,False,False,False,False,False,False,True,highest_temporal_ood_risk
1,medium_ratio_seed42,medium_mass_ratio_recalibrated,42,future_query,attack,132,chunk18:23,processed/iotsim-air-quality-1.csv,1737236000.704414,4404,TCP Scan,air-quality,0.017079548976111622,8.10636894717498e-05,0.999768421540297,0.21996904909610748,0.1142171248793602,-0.10575192421674728,2.939835892077895e-05,0.9999706016410792,True,False,True,True,False,False,False,False,False,False,True,highest_temporal_ood_risk
1,medium_ratio_seed42,medium_mass_ratio_recalibrated,42,future_query,attack,131,chunk18:22,processed/iotsim-air-quality-1.csv,1737236000.700585,4403,TCP Scan,air-quality,0.017079548976111622,8.10636894717498e-05,0.999768421540297,0.2190355658531189,0.11248396337032318,-0.10655160248279572,2.939835892077895e-05,0.9999706016410792,True,False,True,True,False,False,False,False,False,False,True,highest_temporal_ood_risk
1,medium_ratio_seed42,medium_mass_ratio_recalibrated,42,future_query,attack,130,chunk18:21,processed/iotsim-air-quality-1.csv,1737236000.659866,4402,TCP Scan,air-quality,0.017079548976111622,8.10636894717498e-05,0.999768421540297,0.2197684347629547,0.11302533745765686,-0.10674309730529785,2.939835892077895e-05,0.9999706016410792,True,False,True,True,False,False,False,False,False,False,True,highest_temporal_ood_risk
1,medium_ratio_seed42,medium_mass_ratio_recalibrated,42,future_query,attack,129,chunk18:20,processed/iotsim-air-quality-1.csv,1737236000.659843,4401,TCP Scan,air-quality,0.017079548976111622,8.10636894717498e-05,0.999768421540297,0.21983754634857178,0.11305094510316849,-0.10678660124540329,2.939835892077895e-05,0.9999706016410792,True,False,True,True,False,False,False,False,False,False,True,highest_temporal_ood_risk
1,medium_ratio_seed42,medium_mass_ratio_recalibrated,42,future_query,attack,128,chunk18:19,processed/iotsim-air-quality-1.csv,1737236000.656009,4400,TCP Scan,air-quality,0.017079548976111622,8.10636894717498e-05,0.999768421540297,0.21872076392173767,0.1118108406662941,-0.10690992325544357,2.939835892077895e-05,0.9999706016410792,True,False,True,True,False,False,False,False,False,False,True,highest_temporal_ood_risk
1,medium_ratio_seed42,medium_mass_ratio_recalibrated,42,future_query,attack,127,chunk18:18,processed/iotsim-air-quality-1.csv,1737236000.655966,4399,TCP Scan,air-quality,0.017079548976111622,8.10636894717498e-05,0.999768421540297,0.2197471708059311,0.1119585931301117,-0.1077885776758194,2.939835892077895e-05,0.9999706016410792,True,False,True,True,False,False,False,False,False,False,True,highest_temporal_ood_risk
1,medium_ratio_seed42,medium_mass_ratio_recalibrated,42,future_query,attack,126,chunk18:17,processed/iotsim-air-quality-1.csv,1737236000.610214,4398,TCP Scan,air-quality,0.015362850811475164,-0.0016356344751647083,0.999768421540297,0.21867018938064575,0.10965956747531891,-0.10901062190532684,2.939835892077895e-05,0.9999706016410792,False,False,False,False,False,False,False,False,False,False,True,highest_temporal_ood_risk
1,medium_ratio_seed42,medium_mass_ratio_recalibrated,42,future_query,attack,125,chunk18:16,processed/iotsim-air-quality-1.csv,1737236000.610149,4397,TCP Scan,air-quality,0.007960541029984567,-0.009037944256655306,0.999768421540297,0.21851319074630737,0.1088624820113182,-0.10965070873498917,2.939835892077895e-05,0.9999706016410792,False,False,False,False,False,False,False,False,False,False,True,highest_temporal_ood_risk
1,medium_ratio_seed42,medium_mass_ratio_recalibrated,42,future_query,attack,124,chunk18:15,processed/iotsim-air-quality-1.csv,1737236000.610112,4396,TCP Scan,air-quality,0.015362850811475164,-0.0016356344751647083,0.999768421540297,0.2192770540714264,0.10885610431432724,-0.11042094975709915,2.939835892077895e-05,0.9999706016410792,False,False,False,False,False,False,False,False,False,False,True,highest_temporal_ood_risk
1,medium_ratio_seed42,medium_mass_ratio_recalibrated,42,future_query,attack,123,chunk18:14,processed/iotsim-air-quality-1.csv,1737236000.60628,4395,TCP Scan,air-quality,0.007960541029984567,-0.009037944256655306,0.999768421540297,0.21802060306072235,0.10872232168912888,-0.10929828137159348,2.939835892077895e-05,0.9999706016410792,False,False,False,False,False,False,False,False,False,False,True,highest_temporal_ood_risk
1,medium_ratio_seed42,medium_mass_ratio_recalibrated,42,future_query,attack,122,chunk18:13,processed/iotsim-air-quality-1.csv,1737236000.606248,4394,TCP Scan,air-quality,0.011836203676577025,-0.005162281610062847,0.999768421540297,0.21869656443595886,0.11574242264032364,-0.10295414179563522,2.939835892077895e-05,0.9999706016410792,False,False,False,False,False,False,False,False,False,False,True,highest_temporal_ood_risk
1,medium_ratio_seed42,medium_mass_ratio_recalibrated,42,future_query,attack,121,chunk18:12,processed/iotsim-air-quality-1.csv,1737236000.601978,4393,TCP Scan,air-quality,0.007960541029984567,-0.009037944256655306,0.999768421540297,0.21735155582427979,0.12733930349349976,-0.09001225233078003,2.939835892077895e-05,0.9999706016410792,False,False,False,False,False,False,False,False,False,False,True,highest_temporal_ood_risk
1,medium_ratio_seed42,medium_mass_ratio_recalibrated,42,future_query,attack,120,chunk18:11,processed/iotsim-air-quality-1.csv,1737236000.601955,4392,TCP Scan,air-quality,0.026505456428559514,0.009506971141919642,0.999768421540297,0.2163214236497879,0.12853671610355377,-0.08778470754623413,2.939835892077895e-05,0.9999706016410792,True,False,True,True,False,False,False,False,False,False,True,highest_temporal_ood_risk
1,medium_ratio_seed42,medium_mass_ratio_recalibrated,42,future_query,attack,119,chunk18:10,processed/iotsim-air-quality-1.csv,1737236000.601949,4391,TCP Scan,air-quality,0.011836203676577025,-0.005162281610062847,0.999768421540297,0.2207338511943817,0.12359540909528732,-0.09713844209909439,2.939835892077895e-05,0.9999706016410792,False,False,False,False,False,False,False,False,False,False,True,highest_temporal_ood_risk
1,medium_ratio_seed42,medium_mass_ratio_recalibrated,42,future_query,attack,150,chunk18:41,processed/iotsim-air-quality-1.csv,1737236003.727455,4422,TCP Scan,air-quality,0.017079548976111622,8.10636894717498e-05,0.999768421540297,0.21901313960552216,0.11637160927057266,-0.1026415303349495,2.939835892077895e-05,0.9999706016410792,True,False,True,True,False,False,False,False,False,False,True,highest_temporal_ood_risk
1,medium_ratio_seed42,medium_mass_ratio_recalibrated,42,future_query,attack,149,chunk18:40,processed/iotsim-air-quality-1.csv,1737236003.727417,4421,TCP Scan,air-quality,0.017079548976111622,8.10636894717498e-05,0.999768421540297,0.21978162229061127,0.1164218932390213,-0.10335972905158997,2.939835892077895e-05,0.9999706016410792,True,False,True,True,False,False,False,False,False,False,True,highest_temporal_ood_risk
1,medium_ratio_seed42,medium_mass_ratio_recalibrated,42,future_query,attack,148,chunk18:39,processed/iotsim-air-quality-1.csv,1737236003.723581,4420,TCP Scan,air-quality,0.017079548976111622,8.10636894717498e-05,0.999768421540297,0.218704491853714,0.11539456248283386,-0.10330992937088013,2.939835892077895e-05,0.9999706016410792,True,False,True,True,False,False,False,False,False,False,True,highest_temporal_ood_risk
1,medium_ratio_seed42,medium_mass_ratio_recalibrated,42,future_query,attack,147,chunk18:38,processed/iotsim-air-quality-1.csv,1737236003.682654,4419,TCP Scan,air-quality,0.017079548976111622,8.10636894717498e-05,0.999768421540297,0.21938033401966095,0.11690037697553635,-0.1024799570441246,2.939835892077895e-05,0.9999706016410792,True,False,True,True,False,False,False,False,False,False,True,highest_temporal_ood_risk
1,medium_ratio_seed42,medium_mass_ratio_recalibrated,42,future_query,attack,146,chunk18:37,processed/iotsim-air-quality-1.csv,1737236003.682612,4418,TCP Scan,air-quality,0.017079548976111622,8.10636894717498e-05,0.999768421540297,0.21956920623779297,0.11679576337337494,-0.10277344286441803,2.939835892077895e-05,0.9999706016410792,True,False,True,True,False,False,False,False,False,False,True,highest_temporal_ood_risk
1,medium_ratio_seed42,medium_mass_ratio_recalibrated,42,future_query,attack,145,chunk18:36,processed/iotsim-air-quality-1.csv,1737236003.678849,4417,TCP Scan,air-quality,0.017079548976111622,8.10636894717498e-05,0.999768421540297,0.21814346313476562,0.11602182686328888,-0.10212163627147675,2.939835892077895e-05,0.9999706016410792,True,False,True,True,False,False,False,False,False,False,True,highest_temporal_ood_risk
1,medium_ratio_seed42,medium_mass_ratio_recalibrated,42,future_query,attack,144,chunk18:35,processed/iotsim-air-quality-1.csv,1737236003.678803,4416,TCP Scan,air-quality,0.017079548976111622,8.10636894717498e-05,0.999768421540297,0.2194567769765854,0.1163170337677002,-0.10313974320888519,2.939835892077895e-05,0.9999706016410792,True,False,True,True,False,False,False,False,False,False,True,highest_temporal_ood_risk
1,medium_ratio_seed42,medium_mass_ratio_recalibrated,42,future_query,attack,143,chunk18:34,processed/iotsim-air-quality-1.csv,1737236003.632565,4415,TCP Scan,air-quality,0.017079548976111622,8.10636894717498e-05,0.999768421540297,0.21805040538311005,0.11471465975046158,-0.10333574563264847,2.939835892077895e-05,0.9999706016410792,True,False,True,True,False,False,False,False,False,False,True,highest_temporal_ood_risk
1,medium_ratio_seed42,medium_mass_ratio_recalibrated,42,future_query,attack,142,chunk18:33,processed/iotsim-air-quality-1.csv,1737236003.632438,4414,TCP Scan,air-quality,0.017079548976111622,8.10636894717498e-05,0.999768421540297,0.2190925031900406,0.11420033872127533,-0.10489216446876526,2.939835892077895e-05,0.9999706016410792,True,False,True,True,False,False,False,False,False,False,True,highest_temporal_ood_risk
1,medium_ratio_seed42,medium_mass_ratio_recalibrated,42,future_query,attack,141,chunk18:32,processed/iotsim-air-quality-1.csv,1737236003.627808,4413,TCP Scan,air-quality,0.011741003171860371,-0.005257482114779501,0.999768421540297,0.21735943853855133,0.11364409327507019,-0.10371534526348114,2.939835892077895e-05,0.9999706016410792,False,False,False,False,False,False,False,False,False,False,True,highest_temporal_ood_risk
1,medium_ratio_seed42,medium_mass_ratio_recalibrated,42,future_query,attack,330030,chunk66:65,processed/iotsim-domotic-monitor-1.csv,1737236770.666989,131718,Reporting,domotic-monitor,0.003966295273005367,-0.013032190013634506,0.999768421540297,14120.62890625,0.3031083941459656,-14120.326171875,2.939835892077895e-05,0.9999706016410792,False,False,False,False,False,False,False,False,False,False,True,farthest_attack_region
1,medium_ratio_seed42,medium_mass_ratio_recalibrated,42,future_query,attack,330031,chunk66:66,processed/iotsim-domotic-monitor-1.csv,1737236770.667041,131719,Reporting,domotic-monitor,0.00903814411601285,-0.007960341170627022,0.999768421540297,14081.33984375,0.27200815081596375,-14081.0673828125,2.939835892077895e-05,0.9999706016410792,False,False,False,False,False,False,False,False,False,False,True,farthest_attack_region
1,medium_ratio_seed42,medium_mass_ratio_recalibrated,42,future_query,attack,330032,chunk66:67,processed/iotsim-domotic-monitor-1.csv,1737236770.667067,131720,Reporting,domotic-monitor,0.00903814411601285,-0.007960341170627022,0.999768421540297,14040.4736328125,0.24665822088718414,-14040.2265625,2.939835892077895e-05,0.9999706016410792,False,False,False,False,False,False,False,False,False,False,True,farthest_attack_region
1,medium_ratio_seed42,medium_mass_ratio_recalibrated,42,future_query,attack,330033,chunk66:68,processed/iotsim-domotic-monitor-1.csv,1737236770.667153,131721,Reporting,domotic-monitor,0.011836203676577025,-0.005162281610062847,0.999768421540297,13918.2919921875,0.23666588962078094,-13918.0556640625,2.939835892077895e-05,0.9999706016410792,False,False,False,False,False,False,False,False,False,False,True,farthest_attack_region
1,medium_ratio_seed42,medium_mass_ratio_recalibrated,42,future_query,attack,238194,chunk54:33,processed/iotsim-combined-cycle-10.csv,1737236554.849172,73405,Reporting,combined-cycle,0.01743498582338497,0.00043650053674509914,0.999768421540297,4217.35302734375,0.2659060060977936,-4217.0869140625,2.939835892077895e-05,0.9999706016410792,True,False,True,True,False,False,False,False,False,False,True,farthest_attack_region
1,medium_ratio_seed42,medium_mass_ratio_recalibrated,42,future_query,attack,238195,chunk54:34,processed/iotsim-combined-cycle-10.csv,1737236554.849214,73406,Reporting,combined-cycle,0.039054438992795405,0.022055953706155533,0.999768421540297,4207.5283203125,0.2582452595233917,-4207.27001953125,2.939835892077895e-05,0.9999706016410792,True,False,True,True,False,False,False,False,False,False,True,farthest_attack_region
1,medium_ratio_seed42,medium_mass_ratio_recalibrated,42,future_query,attack,238196,chunk54:35,processed/iotsim-combined-cycle-10.csv,1737236554.849232,73407,Reporting,combined-cycle,0.039054438992795405,0.022055953706155533,0.999768421540297,4197.7568359375,0.24043667316436768,-4197.5166015625,2.939835892077895e-05,0.9999706016410792,True,False,True,True,False,False,False,False,False,False,True,farthest_attack_region
1,medium_ratio_seed42,medium_mass_ratio_recalibrated,42,future_query,attack,238197,chunk54:36,processed/iotsim-combined-cycle-10.csv,1737236554.849285,73408,Reporting,combined-cycle,0.0506698988861219,0.03367141359948203,0.999768421540297,4187.4521484375,0.23333732783794403,-4187.21875,2.939835892077895e-05,0.9999706016410792,True,False,True,True,False,False,False,False,False,False,True,farthest_attack_region
1,medium_ratio_seed42,medium_mass_ratio_recalibrated,42,future_query,attack,329974,chunk66:9,processed/iotsim-domotic-monitor-1.csv,1737236586.797404,71963,Reporting,domotic-monitor,0.01743498582338497,0.00043650053674509914,0.999768421540297,2272.564697265625,0.18156427145004272,-2272.383056640625,2.939835892077895e-05,0.9999706016410792,True,False,True,True,False,False,False,False,False,False,True,farthest_attack_region
1,medium_ratio_seed42,medium_mass_ratio_recalibrated,42,future_query,attack,238142,chunk53:71,processed/iotsim-combined-cycle-10.csv,1737237173.76649,136770,C&C Communication,combined-cycle,0.003966295273005367,-0.013032190013634506,0.9992936138306769,2268.05322265625,0.5393378138542175,-2267.513916015625,2.939835892077895e-05,0.9999706016410792,False,False,False,False,False,False,False,False,False,False,True,farthest_attack_region
1,medium_ratio_seed42,medium_mass_ratio_recalibrated,42,future_query,attack,329975,chunk66:10,processed/iotsim-domotic-monitor-1.csv,1737236586.797447,71964,Reporting,domotic-monitor,0.039054438992795405,0.022055953706155533,0.999768421540297,2267.47412109375,0.22586902976036072,-2267.248291015625,2.939835892077895e-05,0.9999706016410792,True,False,True,True,False,False,False,False,False,False,True,farthest_attack_region
1,medium_ratio_seed42,medium_mass_ratio_recalibrated,42,future_query,attack,329976,chunk66:11,processed/iotsim-domotic-monitor-1.csv,1737236586.797466,71965,Reporting,domotic-monitor,0.039054438992795405,0.022055953706155533,0.999768421540297,2262.406982421875,0.22482432425022125,-2262.18212890625,2.939835892077895e-05,0.9999706016410792,True,False,True,True,False,False,False,False,False,False,True,farthest_attack_region
1,medium_ratio_seed42,medium_mass_ratio_recalibrated,42,future_query,attack,329977,chunk66:12,processed/iotsim-domotic-monitor-1.csv,1737236586.797516,71966,Reporting,domotic-monitor,0.0506698988861219,0.03367141359948203,0.999768421540297,2256.99267578125,0.23422178626060486,-2256.758544921875,2.939835892077895e-05,0.9999706016410792,True,False,True,True,False,False,False,False,False,False,True,farthest_attack_region
1,medium_ratio_seed42,medium_mass_ratio_recalibrated,42,future_query,attack,238143,chunk53:72,processed/iotsim-combined-cycle-10.csv,1737237173.766544,136771,C&C Communication,combined-cycle,0.005908905493278141,-0.011089579793361731,0.9992936138306769,2243.767578125,0.49628645181655884,-2243.271240234375,2.939835892077895e-05,0.9999706016410792,False,False,False,False,False,False,False,False,False,False,True,farthest_attack_region
1,medium_ratio_seed42,medium_mass_ratio_recalibrated,42,future_query,attack,238144,chunk53:73,processed/iotsim-combined-cycle-10.csv,1737237173.766595,136772,C&C Communication,combined-cycle,0.00903814411601285,-0.007960341170627022,0.9992936138306769,2210.331787109375,0.41074711084365845,-2209.921142578125,2.939835892077895e-05,0.9999706016410792,False,False,False,False,False,False,False,False,False,False,True,farthest_attack_region
1,medium_ratio_seed42,medium_mass_ratio_recalibrated,42,future_query,attack,101336,chunk31:33,processed/iotsim-building-monitor-1.csv,1737236271.403884,61129,Reporting,building-monitor,0.003966295273005367,-0.013032190013634506,0.999768421540297,767.556396484375,0.13833151757717133,-767.4180908203125,2.939835892077895e-05,0.9999706016410792,False,False,False,False,False,False,False,False,False,False,True,farthest_attack_region
1,medium_ratio_seed42,medium_mass_ratio_recalibrated,42,future_query,attack,101337,chunk31:34,processed/iotsim-building-monitor-1.csv,1737236271.403925,61130,Reporting,building-monitor,0.00903814411601285,-0.007960341170627022,0.999768421540297,765.8703002929688,0.19904625415802002,-765.6712646484375,2.939835892077895e-05,0.9999706016410792,False,False,False,False,False,False,False,False,False,False,True,farthest_attack_region
1,medium_ratio_seed42,medium_mass_ratio_recalibrated,42,future_query,attack,101338,chunk31:35,processed/iotsim-building-monitor-1.csv,1737236271.403942,61131,Reporting,building-monitor,0.00903814411601285,-0.007960341170627022,0.999768421540297,764.1922607421875,0.1983417421579361,-763.993896484375,2.939835892077895e-05,0.9999706016410792,False,False,False,False,False,False,False,False,False,False,True,farthest_attack_region
1,medium_ratio_seed42,medium_mass_ratio_recalibrated,42,future_query,attack,101339,chunk31:36,processed/iotsim-building-monitor-1.csv,1737236271.404004,61132,Reporting,building-monitor,0.011836203676577025,-0.005162281610062847,0.999768421540297,762.4064331054688,0.21337652206420898,-762.1930541992188,2.939835892077895e-05,0.9999706016410792,False,False,False,False,False,False,False,False,False,False,True,farthest_attack_region
1,medium_ratio_seed42,medium_mass_ratio_recalibrated,42,future_query,attack,101360,chunk31:57,processed/iotsim-building-monitor-1.csv,1737236327.832572,79098,Reporting,building-monitor,0.003966295273005367,-0.013032190013634506,0.999768421540297,303.86383056640625,0.13197845220565796,-303.7318420410156,2.939835892077895e-05,0.9999706016410792,False,False,False,False,False,False,False,False,False,False,True,farthest_attack_region
1,medium_ratio_seed42,medium_mass_ratio_recalibrated,42,future_query,attack,101361,chunk31:58,processed/iotsim-building-monitor-1.csv,1737236327.832636,79099,Reporting,building-monitor,0.00903814411601285,-0.007960341170627022,0.999768421540297,303.2394104003906,0.21578215062618256,-303.02362060546875,2.939835892077895e-05,0.9999706016410792,False,False,False,False,False,False,False,False,False,False,True,farthest_attack_region
1,medium_ratio_seed42,medium_mass_ratio_recalibrated,42,future_query,attack,101362,chunk31:59,processed/iotsim-building-monitor-1.csv,1737236327.832658,79100,Reporting,building-monitor,0.00903814411601285,-0.007960341170627022,0.999768421540297,302.6184997558594,0.2152983546257019,-302.4031982421875,2.939835892077895e-05,0.9999706016410792,False,False,False,False,False,False,False,False,False,False,True,farthest_attack_region
1,medium_ratio_seed42,medium_mass_ratio_recalibrated,42,future_query,attack,101363,chunk31:60,processed/iotsim-building-monitor-1.csv,1737236327.832744,79101,Reporting,building-monitor,0.011836203676577025,-0.005162281610062847,0.999768421540297,301.9717712402344,0.22956369817256927,-301.7422180175781,2.939835892077895e-05,0.9999706016410792,False,False,False,False,False,False,False,False,False,False,True,farthest_attack_region
1,medium_ratio_seed42,medium_mass_ratio_recalibrated,42,future_query,attack,235935,chunk52:2106,processed/iotsim-combined-cycle-1.csv,1736938533.776227,5696095,UDP Scan,combined-cycle,0.020826739063800767,0.003828253777160895,0.999768421540297,220.92788696289062,0.17677713930606842,-220.75111389160156,2.939835892077895e-05,0.9999706016410792,True,False,True,True,False,False,False,False,False,False,True,farthest_attack_region
1,medium_ratio_seed42,medium_mass_ratio_recalibrated,42,future_query,attack,235936,chunk52:2107,processed/iotsim-combined-cycle-1.csv,1736938533.776245,5696096,UDP Scan,combined-cycle,0.04228598786249939,0.025287502575859516,0.999768421540297,194.90301513671875,0.1566900610923767,-194.74632263183594,2.939835892077895e-05,0.9999706016410792,True,False,True,True,False,False,False,False,False,False,True,farthest_attack_region
1,medium_ratio_seed42,medium_mass_ratio_recalibrated,42,future_query,attack,329982,chunk66:17,processed/iotsim-domotic-monitor-1.csv,1737236622.407368,82568,Reporting,domotic-monitor,0.003966295273005367,-0.013032190013634506,0.999768421540297,194.52818298339844,0.131782665848732,-194.39639282226562,2.939835892077895e-05,0.9999706016410792,False,False,False,False,False,False,False,False,False,False,True,farthest_attack_region
1,medium_ratio_seed42,medium_mass_ratio_recalibrated,42,future_query,attack,329983,chunk66:18,processed/iotsim-domotic-monitor-1.csv,1737236622.407405,82569,Reporting,domotic-monitor,0.00903814411601285,-0.007960341170627022,0.999768421540297,194.09005737304688,0.20133717358112335,-193.8887176513672,2.939835892077895e-05,0.9999706016410792,False,False,False,False,False,False,False,False,False,False,True,farthest_attack_region
1,medium_ratio_seed42,medium_mass_ratio_recalibrated,42,future_query,attack,329984,chunk66:19,processed/iotsim-domotic-monitor-1.csv,1737236622.407422,82570,Reporting,domotic-monitor,0.00903814411601285,-0.007960341170627022,0.999768421540297,193.65257263183594,0.2005358338356018,-193.45204162597656,2.939835892077895e-05,0.9999706016410792,False,False,False,False,False,False,False,False,False,False,True,farthest_attack_region
1,medium_ratio_seed42,medium_mass_ratio_recalibrated,42,future_query,attack,329985,chunk66:20,processed/iotsim-domotic-monitor-1.csv,1737236622.407476,82571,Reporting,domotic-monitor,0.011836203676577025,-0.005162281610062847,0.999768421540297,193.05068969726562,0.2189415842294693,-192.8317413330078,2.939835892077895e-05,0.9999706016410792,False,False,False,False,False,False,False,False,False,False,True,farthest_attack_region
1,medium_ratio_seed42,medium_mass_ratio_recalibrated,42,future_query,attack,330022,chunk66:57,processed/iotsim-domotic-monitor-1.csv,1737236717.61629,113659,Reporting,domotic-monitor,0.003966295273005367,-0.013032190013634506,0.999768421540297,52.37861633300781,0.13116183876991272,-52.24745559692383,2.939835892077895e-05,0.9999706016410792,False,False,False,False,False,False,False,False,False,False,True,farthest_attack_region
1,medium_ratio_seed42,medium_mass_ratio_recalibrated,42,future_query,attack,330023,chunk66:58,processed/iotsim-domotic-monitor-1.csv,1737236717.616339,113660,Reporting,domotic-monitor,0.00903814411601285,-0.007960341170627022,0.999768421540297,52.25369644165039,0.23367272317409515,-52.020023345947266,2.939835892077895e-05,0.9999706016410792,False,False,False,False,False,False,False,False,False,False,True,farthest_attack_region
1,medium_ratio_seed42,medium_mass_ratio_recalibrated,42,future_query,attack,330024,chunk66:59,processed/iotsim-domotic-monitor-1.csv,1737236717.61636,113661,Reporting,domotic-monitor,0.00903814411601285,-0.007960341170627022,0.999768421540297,52.129600524902344,0.23242326080799103,-51.897178649902344,2.939835892077895e-05,0.9999706016410792,False,False,False,False,False,False,False,False,False,False,True,farthest_attack_region
1,medium_ratio_seed42,medium_mass_ratio_recalibrated,42,future_query,attack,330025,chunk66:60,processed/iotsim-domotic-monitor-1.csv,1737236717.616431,113662,Reporting,domotic-monitor,0.011836203676577025,-0.005162281610062847,0.999768421540297,51.99764633178711,0.22811906039714813,-51.769527435302734,2.939835892077895e-05,0.9999706016410792,False,False,False,False,False,False,False,False,False,False,True,farthest_attack_region
1,medium_ratio_seed42,medium_mass_ratio_recalibrated,42,future_query,attack,631,chunk18:522,processed/iotsim-air-quality-1.csv,1737236082.020221,5805,TCP Scan,air-quality,0.003966295273005367,-0.013032190013634506,0.999768421540297,40.708351135253906,0.2681051194667816,-40.44024658203125,2.939835892077895e-05,0.9999706016410792,False,False,False,False,False,False,False,False,False,False,True,farthest_attack_region
1,medium_ratio_seed42,medium_mass_ratio_recalibrated,42,future_query,attack,101320,chunk31:17,processed/iotsim-building-monitor-1.csv,1737236208.530775,42902,Reporting,building-monitor,0.01743498582338497,0.00043650053674509914,0.999768421540297,29.633089065551758,0.13168592751026154,-29.50140380859375,2.939835892077895e-05,0.9999706016410792,True,False,True,True,False,False,False,False,False,False,True,farthest_attack_region
1,medium_ratio_seed42,medium_mass_ratio_recalibrated,42,future_query,attack,110723,chunk32:9332,processed/iotsim-building-monitor-1.csv,1737236104.647391,16305,TCP Scan,building-monitor,0.012787238640911747,-0.004211246645728126,0.999768421540297,29.58332633972168,0.14590775966644287,-29.43741798400879,2.939835892077895e-05,0.9999706016410792,False,False,False,False,False,False,False,False,False,False,True,farthest_attack_region
1,medium_ratio_seed42,medium_mass_ratio_recalibrated,42,future_query,attack,101321,chunk31:18,processed/iotsim-building-monitor-1.csv,1737236208.530833,42903,Reporting,building-monitor,0.02942138912699016,0.012422903840350288,0.999768421540297,29.573589324951172,0.16594991087913513,-29.407638549804688,2.939835892077895e-05,0.9999706016410792,True,False,True,True,False,False,False,False,False,False,True,farthest_attack_region
1,medium_ratio_seed42,medium_mass_ratio_recalibrated,42,future_query,attack,101322,chunk31:19,processed/iotsim-building-monitor-1.csv,1737236208.530856,42904,Reporting,building-monitor,0.039054438992795405,0.022055953706155533,0.999768421540297,29.514589309692383,0.16496498882770538,-29.349624633789062,2.939835892077895e-05,0.9999706016410792,True,False,True,True,False,False,False,False,False,False,True,farthest_attack_region
1,medium_ratio_seed42,medium_mass_ratio_recalibrated,42,future_query,attack,101323,chunk31:20,processed/iotsim-building-monitor-1.csv,1737236208.530954,42905,Reporting,building-monitor,0.0506698988861219,0.03367141359948203,0.999768421540297,29.452844619750977,0.18251384794712067,-29.27033042907715,2.939835892077895e-05,0.9999706016410792,True,False,True,True,False,False,False,False,False,False,True,farthest_attack_region
1,medium_ratio_seed42,medium_mass_ratio_recalibrated,42,future_query,attack,262298,chunk57:73,processed/iotsim-domotic-monitor-1.csv,1737237148.25047,147948,C&C Communication,domotic-monitor,0.003966295273005367,-0.013032190013634506,0.9992936138306769,27.884366989135742,0.6443251371383667,-27.240041732788086,2.939835892077895e-05,0.9999706016410792,False,False,False,False,False,False,False,False,False,False,True,farthest_attack_region
1,medium_ratio_seed42,medium_mass_ratio_recalibrated,42,future_query,attack,262299,chunk57:74,processed/iotsim-domotic-monitor-1.csv,1737237148.250525,147949,C&C Communication,domotic-monitor,0.005908905493278141,-0.011089579793361731,0.9992936138306769,27.768606185913086,0.42644092440605164,-27.342164993286133,2.939835892077895e-05,0.9999706016410792,False,False,False,False,False,False,False,False,False,False,True,farthest_attack_region
1,medium_ratio_seed42,medium_mass_ratio_recalibrated,42,future_query,attack,262300,chunk57:75,processed/iotsim-domotic-monitor-1.csv,1737237148.250648,147950,C&C Communication,domotic-monitor,0.00903814411601285,-0.007960341170627022,0.9992936138306769,27.644166946411133,0.36779433488845825,-27.2763729095459,2.939835892077895e-05,0.9999706016410792,False,False,False,False,False,False,False,False,False,False,True,farthest_attack_region
1,medium_ratio_seed42,medium_mass_ratio_recalibrated,42,future_query,attack,330469,chunk67:432,processed/iotsim-domotic-monitor-1.csv,1737236113.181752,6433,TCP Scan,domotic-monitor,0.01743498582338497,0.00043650053674509914,0.999768421540297,24.192846298217773,0.2744864523410797,-23.918359756469727,2.939835892077895e-05,0.9999706016410792,True,False,True,True,False,False,False,False,False,False,True,farthest_attack_region
1,medium_ratio_seed42,medium_mass_ratio_recalibrated,42,future_query,attack,238178,chunk54:17,processed/iotsim-combined-cycle-10.csv,1737236508.379027,60600,Reporting,combined-cycle,0.01743498582338497,0.00043650053674509914,0.999768421540297,21.0833740234375,0.13207687437534332,-20.951297760009766,2.939835892077895e-05,0.9999706016410792,True,False,True,True,False,False,False,False,False,False,True,farthest_attack_region
1,medium_ratio_seed42,medium_mass_ratio_recalibrated,42,future_query,attack,238179,chunk54:18,processed/iotsim-combined-cycle-10.csv,1737236508.379073,60601,Reporting,combined-cycle,0.02942138912699016,0.012422903840350288,0.999768421540297,21.038049697875977,0.1769929975271225,-20.86105728149414,2.939835892077895e-05,0.9999706016410792,True,False,True,True,False,False,False,False,False,False,True,farthest_attack_region
1,medium_ratio_seed42,medium_mass_ratio_recalibrated,42,future_query,attack,238180,chunk54:19,processed/iotsim-combined-cycle-10.csv,1737236508.3791,60602,Reporting,combined-cycle,0.039054438992795405,0.022055953706155533,0.999768421540297,20.99309539794922,0.17614436149597168,-20.816951751708984,2.939835892077895e-05,0.9999706016410792,True,False,True,True,False,False,False,False,False,False,True,farthest_attack_region
1,medium_ratio_seed42,medium_mass_ratio_recalibrated,42,future_query,attack,238181,chunk54:20,processed/iotsim-combined-cycle-10.csv,1737236508.379181,60603,Reporting,combined-cycle,0.0506698988861219,0.03367141359948203,0.999768421540297,20.94005012512207,0.19310685992240906,-20.7469425201416,2.939835892077895e-05,0.9999706016410792,True,False,True,True,False,False,False,False,False,False,True,farthest_attack_region
1,medium_ratio_seed42,medium_mass_ratio_recalibrated,42,future_query,attack,111784,chunk32:10393,processed/iotsim-building-monitor-1.csv,1737236110.247048,17499,TCP Scan,building-monitor,0.02126815842665597,0.0042696731400160975,0.999768421540297,12.779280662536621,0.1317024976015091,-12.647578239440918,2.939835892077895e-05,0.9999706016410792,True,False,True,True,False,False,False,False,False,False,True,farthest_attack_region
1,medium_ratio_seed42,medium_mass_ratio_recalibrated,42,future_query,attack,111786,chunk32:10395,processed/iotsim-building-monitor-1.csv,1737236110.247108,17501,TCP Scan,building-monitor,0.10849379645662169,0.09149531116998182,0.999768421540297,12.737391471862793,0.13463209569454193,-12.60275936126709,2.939835892077895e-05,0.9999706016410792,True,False,True,True,False,False,False,False,False,False,True,farthest_attack_region
1,medium_ratio_seed42,medium_mass_ratio_recalibrated,42,future_query,attack,181,chunk18:72,processed/iotsim-air-quality-1.csv,1737236040.176361,4828,TCP Scan,air-quality,0.003966295273005367,-0.013032190013634506,0.999768421540297,8.100483894348145,0.21518801152706146,-7.885295867919922,2.939835892077895e-05,0.9999706016410792,False,False,False,False,False,False,False,False,False,False,True,farthest_attack_region
1,medium_ratio_seed42,medium_mass_ratio_recalibrated,42,future_query,attack,342255,chunk68:218,processed/iotsim-domotic-monitor-1.csv,1737235835.391278,2752,Telnet Brute Force,domotic-monitor,0.03335116372562563,0.01635267843898576,0.999768421540297,7.350877285003662,0.13251720368862152,-7.21835994720459,2.939835892077895e-05,0.9999706016410792,True,False,True,True,False,False,False,False,False,False,True,farthest_attack_region
1,medium_ratio_seed42,medium_mass_ratio_recalibrated,42,future_query,attack,126437,chunk35:941,processed/iotsim-city-power-1.csv,1737236110.243664,4905,TCP Scan,city-power,0.003966295273005367,-0.013032190013634506,0.999768421540297,6.4045305252075195,0.21523378789424896,-6.189296722412109,2.939835892077895e-05,0.9999706016410792,False,False,False,False,False,False,False,False,False,False,True,farthest_attack_region
1,medium_ratio_seed42,medium_mass_ratio_recalibrated,42,future_query,attack,125705,chunk35:209,processed/iotsim-city-power-1.csv,1737236055.978234,3338,TCP Scan,city-power,0.01743498582338497,0.00043650053674509914,0.999768421540297,5.469536781311035,0.25526371598243713,-5.214272975921631,2.939835892077895e-05,0.9999706016410792,True,False,True,True,False,False,False,False,False,False,True,farthest_attack_region
1,medium_ratio_seed42,medium_mass_ratio_recalibrated,42,future_query,attack,101328,chunk31:25,processed/iotsim-building-monitor-1.csv,1737236232.359181,49339,Reporting,building-monitor,0.01743498582338497,0.00043650053674509914,0.999768421540297,3.938964605331421,0.13137750327587128,-3.807587146759033,2.939835892077895e-05,0.9999706016410792,True,False,True,True,False,False,False,False,False,False,True,farthest_attack_region
1,medium_ratio_seed42,medium_mass_ratio_recalibrated,42,future_query,attack,101329,chunk31:26,processed/iotsim-building-monitor-1.csv,1737236232.359229,49340,Reporting,building-monitor,0.039054438992795405,0.022055953706155533,0.999768421540297,3.9267351627349854,0.176075279712677,-3.750659942626953,2.939835892077895e-05,0.9999706016410792,True,False,True,True,False,False,False,False,False,False,True,farthest_attack_region
1,medium_ratio_seed42,medium_mass_ratio_recalibrated,42,future_query,attack,101330,chunk31:27,processed/iotsim-building-monitor-1.csv,1737236232.359243,49341,Reporting,building-monitor,0.039054438992795405,0.022055953706155533,0.999768421540297,3.916656970977783,0.1753523200750351,-3.741304636001587,2.939835892077895e-05,0.9999706016410792,True,False,True,True,False,False,False,False,False,False,True,farthest_attack_region
1,medium_ratio_seed42,medium_mass_ratio_recalibrated,42,future_query,attack,101331,chunk31:28,processed/iotsim-building-monitor-1.csv,1737236232.359325,49342,Reporting,building-monitor,0.0506698988861219,0.03367141359948203,0.999768421540297,3.9092812538146973,0.19479012489318848,-3.714491128921509,2.939835892077895e-05,0.9999706016410792,True,False,True,True,False,False,False,False,False,False,True,farthest_attack_region
1,medium_ratio_seed42,medium_mass_ratio_recalibrated,42,future_query,attack,329990,chunk66:25,processed/iotsim-domotic-monitor-1.csv,1737236646.970825,90077,Reporting,domotic-monitor,0.003966295273005367,-0.013032190013634506,0.999768421540297,3.278670072555542,0.13082255423069,-3.1478474140167236,2.939835892077895e-05,0.9999706016410792,False,False,False,False,False,False,False,False,False,False,True,farthest_attack_region
1,medium_ratio_seed42,medium_mass_ratio_recalibrated,42,future_query,attack,329991,chunk66:26,processed/iotsim-domotic-monitor-1.csv,1737236646.970864,90078,Reporting,domotic-monitor,0.00903814411601285,-0.007960341170627022,0.999768421540297,3.267868757247925,0.21134185791015625,-3.0565268993377686,2.939835892077895e-05,0.9999706016410792,False,False,False,False,False,False,False,False,False,False,True,farthest_attack_region
1,medium_ratio_seed42,medium_mass_ratio_recalibrated,42,future_query,attack,329992,chunk66:27,processed/iotsim-domotic-monitor-1.csv,1737236646.97088,90079,Reporting,domotic-monitor,0.00903814411601285,-0.007960341170627022,0.999768421540297,3.259603261947632,0.21070609986782074,-3.0488972663879395,2.939835892077895e-05,0.9999706016410792,False,False,False,False,False,False,False,False,False,False,True,farthest_attack_region
1,medium_ratio_seed42,medium_mass_ratio_recalibrated,42,future_query,attack,329993,chunk66:28,processed/iotsim-domotic-monitor-1.csv,1737236646.97094,90080,Reporting,domotic-monitor,0.011836203676577025,-0.005162281610062847,0.999768421540297,3.2557790279388428,0.2276638001203537,-3.0281152725219727,2.939835892077895e-05,0.9999706016410792,False,False,False,False,False,False,False,False,False,False,True,farthest_attack_region
1,medium_ratio_seed42,medium_mass_ratio_recalibrated,42,future_query,attack,138947,chunk36:1451,processed/iotsim-city-power-1.csv,1737235989.39033,2173,Telnet Brute Force,city-power,0.010943873915367044,-0.006054611371272828,0.999768421540297,2.4334330558776855,0.12517356872558594,-2.3082594871520996,2.939835892077895e-05,0.9999706016410792,False,False,False,False,False,False,False,False,False,False,True,farthest_attack_region
1,medium_ratio_seed42,medium_mass_ratio_recalibrated,42,future_query,attack,329998,chunk66:33,processed/iotsim-domotic-monitor-1.csv,1737236672.188832,98045,Reporting,domotic-monitor,0.003966295273005367,-0.013032190013634506,0.999768421540297,2.266392946243286,0.130800262093544,-2.1355926990509033,2.939835892077895e-05,0.9999706016410792,False,False,False,False,False,False,False,False,False,False,True,farthest_attack_region
1,medium_ratio_seed42,medium_mass_ratio_recalibrated,42,future_query,attack,329999,chunk66:34,processed/iotsim-domotic-monitor-1.csv,1737236672.188871,98046,Reporting,domotic-monitor,0.00903814411601285,-0.007960341170627022,0.999768421540297,2.2585577964782715,0.21827633678913116,-2.0402815341949463,2.939835892077895e-05,0.9999706016410792,False,False,False,False,False,False,False,False,False,False,True,farthest_attack_region
1,medium_ratio_seed42,medium_mass_ratio_recalibrated,42,future_query,attack,330001,chunk66:36,processed/iotsim-domotic-monitor-1.csv,1737236672.188951,98048,Reporting,domotic-monitor,0.011836203676577025,-0.005162281610062847,0.999768421540297,2.2554125785827637,0.22749674320220947,-2.0279159545898438,2.939835892077895e-05,0.9999706016410792,False,False,False,False,False,False,False,False,False,False,True,farthest_attack_region
1,medium_ratio_seed42,medium_mass_ratio_recalibrated,42,future_query,attack,330000,chunk66:35,processed/iotsim-domotic-monitor-1.csv,1737236672.188896,98047,Reporting,domotic-monitor,0.00903814411601285,-0.007960341170627022,0.999768421540297,2.2542924880981445,0.21776050329208374,-2.036531925201416,2.939835892077895e-05,0.9999706016410792,False,False,False,False,False,False,False,False,False,False,True,farthest_attack_region
1,medium_ratio_seed42,medium_mass_ratio_recalibrated,42,future_query,attack,101384,chunk31:81,processed/iotsim-building-monitor-1.csv,1737236461.387282,123860,Reporting,building-monitor,0.003966295273005367,-0.013032190013634506,0.999768421540297,2.1191811561584473,0.13082298636436462,-1.9883581399917603,2.939835892077895e-05,0.9999706016410792,False,False,False,False,False,False,False,False,False,False,True,farthest_attack_region
1,medium_ratio_seed42,medium_mass_ratio_recalibrated,42,future_query,attack,101385,chunk31:82,processed/iotsim-building-monitor-1.csv,1737236461.387324,123861,Reporting,building-monitor,0.00903814411601285,-0.007960341170627022,0.999768421540297,2.1110918521881104,0.2348332405090332,-1.8762586116790771,2.939835892077895e-05,0.9999706016410792,False,False,False,False,False,False,False,False,False,False,True,farthest_attack_region
1,medium_ratio_seed42,medium_mass_ratio_recalibrated,42,future_query,attack,101386,chunk31:83,processed/iotsim-building-monitor-1.csv,1737236461.387353,123862,Reporting,building-monitor,0.00903814411601285,-0.007960341170627022,0.999768421540297,2.106797456741333,0.22985579073429108,-1.8769416809082031,2.939835892077895e-05,0.9999706016410792,False,False,False,False,False,False,False,False,False,False,True,farthest_attack_region
1,medium_ratio_seed42,medium_mass_ratio_recalibrated,42,future_query,attack,101387,chunk31:84,processed/iotsim-building-monitor-1.csv,1737236461.387413,123863,Reporting,building-monitor,0.011836203676577025,-0.005162281610062847,0.999768421540297,2.099545478820801,0.22742734849452972,-1.8721181154251099,2.939835892077895e-05,0.9999706016410792,False,False,False,False,False,False,False,False,False,False,True,farthest_attack_region
1,medium_ratio_seed42,medium_mass_ratio_recalibrated,42,future_query,attack,13411,chunk19:1302,processed/iotsim-air-quality-1.csv,1737235976.492276,3974,Telnet Brute Force,air-quality,0.010943873915367044,-0.006054611371272828,0.999768421540297,1.9099282026290894,0.12661655247211456,-1.7833116054534912,2.939835892077895e-05,0.9999706016410792,False,False,False,False,False,False,False,False,False,False,True,farthest_attack_region
1,medium_ratio_seed42,medium_mass_ratio_recalibrated,42,future_query,attack,138602,chunk36:1106,processed/iotsim-city-power-1.csv,1737235948.393962,1828,Telnet Brute Force,city-power,0.010943873915367044,-0.006054611371272828,0.999768421540297,1.7133253812789917,0.12661340832710266,-1.5867120027542114,2.939835892077895e-05,0.9999706016410792,False,False,False,False,False,False,False,False,False,False,True,farthest_attack_region
1,medium_ratio_seed42,medium_mass_ratio_recalibrated,42,future_query,attack,342665,chunk68:628,processed/iotsim-domotic-monitor-1.csv,1737235914.090313,3203,Telnet Brute Force,domotic-monitor,0.1086817276069852,0.09168324232034533,0.999768421540297,1.5041722059249878,0.12386102974414825,-1.380311131477356,2.939835892077895e-05,0.9999706016410792,True,False,True,True,False,False,False,False,False,False,True,farthest_attack_region
1,medium_ratio_seed42,medium_mass_ratio_recalibrated,42,future_query,attack,137984,chunk36:488,processed/iotsim-city-power-1.csv,1737235868.090538,1210,Telnet Brute Force,city-power,0.03335116372562563,0.01635267843898576,0.999768421540297,1.5001300573349,0.12894552946090698,-1.3711845874786377,2.939835892077895e-05,0.9999706016410792,True,False,True,True,False,False,False,False,False,False,True,farthest_attack_region
1,medium_ratio_seed42,medium_mass_ratio_recalibrated,42,future_query,attack,113812,chunk33:421,processed/iotsim-building-monitor-1.csv,1737235887.487947,3088,Telnet Brute Force,building-monitor,0.003966295273005367,-0.013032190013634506,0.999768421540297,1.3695290088653564,0.1262364387512207,-1.2432925701141357,2.939835892077895e-05,0.9999706016410792,False,False,False,False,False,False,False,False,False,False,True,farthest_attack_region
1,medium_ratio_seed42,medium_mass_ratio_recalibrated,42,future_query,attack,238932,chunk55:707,processed/iotsim-combined-cycle-10.csv,1737236117.854815,5512,TCP Scan,combined-cycle,0.039054438992795405,0.022055953706155533,0.9992936138306769,1.3626099824905396,0.22740742564201355,-1.1352025270462036,2.939835892077895e-05,0.9999706016410792,True,False,True,True,False,False,False,False,False,False,True,farthest_attack_region
1,medium_ratio_seed42,medium_mass_ratio_recalibrated,42,future_query,attack,330943,chunk67:906,processed/iotsim-domotic-monitor-1.csv,1737236153.70371,7835,TCP Scan,domotic-monitor,0.003966295273005367,-0.013032190013634506,0.999768421540297,1.2974554300308228,0.23631447553634644,-1.061141014099121,2.939835892077895e-05,0.9999706016410792,False,False,False,False,False,False,False,False,False,False,True,farthest_attack_region
1,medium_ratio_seed42,medium_mass_ratio_recalibrated,42,future_query,attack,113540,chunk33:149,processed/iotsim-building-monitor-1.csv,1737235803.795751,2804,Telnet Brute Force,building-monitor,0.050452855648510576,0.033454370361870704,0.9992936138306769,1.170908808708191,0.2324378341436386,-0.9384709596633911,2.939835892077895e-05,0.9999706016410792,True,False,True,True,False,False,False,False,False,False,True,farthest_attack_region
1,medium_ratio_seed42,medium_mass_ratio_recalibrated,42,future_query,attack,138260,chunk36:764,processed/iotsim-city-power-1.csv,1737235907.089722,1486,Telnet Brute Force,city-power,0.010943873915367044,-0.006054611371272828,0.9992936138306769,1.1001845598220825,0.21150730550289154,-0.8886772394180298,2.939835892077895e-05,0.9999706016410792,False,False,False,False,False,False,False,False,False,False,True,farthest_attack_region
1,medium_ratio_seed42,medium_mass_ratio_recalibrated,42,future_query,attack,239905,chunk55:1680,processed/iotsim-combined-cycle-10.csv,1737236171.980722,7782,TCP Scan,combined-cycle,0.01743498582338497,0.00043650053674509914,0.999768421540297,1.0152792930603027,0.1350666880607605,-0.8802126049995422,2.939835892077895e-05,0.9999706016410792,True,False,True,True,False,False,False,False,False,False,True,farthest_attack_region
1,medium_ratio_seed42,medium_mass_ratio_recalibrated,42,future_query,attack,114028,chunk33:637,processed/iotsim-building-monitor-1.csv,1737235933.398752,3316,Telnet Brute Force,building-monitor,0.003966295273005367,-0.013032190013634506,0.999768421540297,0.21667738258838654,0.1151910200715065,-0.10148636251688004,2.939835892077895e-05,0.9999706016410792,False,False,False,False,False,False,False,False,False,False,True,lowest_parent_attack
1,medium_ratio_seed42,medium_mass_ratio_recalibrated,42,future_query,attack,114029,chunk33:638,processed/iotsim-building-monitor-1.csv,1737235933.403145,3317,Telnet Brute Force,building-monitor,0.003966295273005367,-0.013032190013634506,0.999768421540297,0.21907420456409454,0.11428272724151611,-0.10479147732257843,2.939835892077895e-05,0.9999706016410792,False,False,False,False,False,False,False,False,False,False,True,lowest_parent_attack
1,medium_ratio_seed42,medium_mass_ratio_recalibrated,42,future_query,attack,1072,chunk18:963,processed/iotsim-air-quality-1.csv,1737236102.418517,6441,TCP Scan,air-quality,0.003966295273005367,-0.013032190013634506,0.999768421540297,0.2219071239233017,0.13063283264636993,-0.09127429127693176,2.939835892077895e-05,0.9999706016410792,False,False,False,False,False,False,False,False,False,False,True,lowest_parent_attack
1,medium_ratio_seed42,medium_mass_ratio_recalibrated,42,future_query,attack,1073,chunk18:964,processed/iotsim-air-quality-1.csv,1737236102.418603,6442,TCP Scan,air-quality,0.003966295273005367,-0.013032190013634506,0.999768421540297,0.22083912789821625,0.1296650618314743,-0.09117406606674194,2.939835892077895e-05,0.9999706016410792,False,False,False,False,False,False,False,False,False,False,True,lowest_parent_attack
1,medium_ratio_seed42,medium_mass_ratio_recalibrated,42,future_query,attack,183,chunk18:74,processed/iotsim-air-quality-1.csv,1737236040.176435,4830,TCP Scan,air-quality,0.003966295273005367,-0.013032190013634506,0.999768421540297,0.21811912953853607,0.12747128307819366,-0.09064784646034241,2.939835892077895e-05,0.9999706016410792,False,False,False,False,False,False,False,False,False,False,True,lowest_parent_attack
1,medium_ratio_seed42,medium_mass_ratio_recalibrated,42,future_query,attack,330735,chunk67:698,processed/iotsim-domotic-monitor-1.csv,1737236130.272825,7156,TCP Scan,domotic-monitor,0.003966295273005367,-0.013032190013634506,0.999768421540297,0.21757030487060547,0.12322719395160675,-0.09434311091899872,2.939835892077895e-05,0.9999706016410792,False,False,False,False,False,False,False,False,False,False,True,lowest_parent_attack
1,medium_ratio_seed42,medium_mass_ratio_recalibrated,42,future_query,attack,330736,chunk67:699,processed/iotsim-domotic-monitor-1.csv,1737236130.277435,7160,TCP Scan,domotic-monitor,0.003966295273005367,-0.013032190013634506,0.999768421540297,0.21955300867557526,0.1272435337305069,-0.09230947494506836,2.939835892077895e-05,0.9999706016410792,False,False,False,False,False,False,False,False,False,False,True,lowest_parent_attack
1,medium_ratio_seed42,medium_mass_ratio_recalibrated,42,future_query,attack,330042,chunk67:5,processed/iotsim-domotic-monitor-1.csv,1737236041.880027,4820,TCP Scan,domotic-monitor,0.003966295273005367,-0.013032190013634506,0.999768421540297,0.22168521583080292,0.1294117569923401,-0.09227345883846283,2.939835892077895e-05,0.9999706016410792,False,False,False,False,False,False,False,False,False,False,True,lowest_parent_attack
1,medium_ratio_seed42,medium_mass_ratio_recalibrated,42,future_query,attack,331684,chunk67:1647,processed/iotsim-domotic-monitor-1.csv,1737236195.256448,9652,TCP Scan,domotic-monitor,0.003966295273005367,-0.013032190013634506,0.999768421540297,0.21945689618587494,0.186991348862648,-0.03246554732322693,2.939835892077895e-05,0.9999706016410792,False,False,False,False,False,False,False,False,False,False,True,lowest_parent_attack
1,medium_ratio_seed42,medium_mass_ratio_recalibrated,42,future_query,attack,114153,chunk33:762,processed/iotsim-building-monitor-1.csv,1737235964.59002,3453,Telnet Brute Force,building-monitor,0.003966295273005367,-0.013032190013634506,0.999768421540297,0.22260230779647827,0.11976861208677292,-0.10283369570970535,2.939835892077895e-05,0.9999706016410792,False,False,False,False,False,False,False,False,False,False,True,lowest_parent_attack
1,medium_ratio_seed42,medium_mass_ratio_recalibrated,42,future_query,attack,330067,chunk67:30,processed/iotsim-domotic-monitor-1.csv,1737236045.799756,4942,TCP Scan,domotic-monitor,0.003966295273005367,-0.013032190013634506,0.999768421540297,0.22119517624378204,0.13447517156600952,-0.08672000467777252,2.939835892077895e-05,0.9999706016410792,False,False,False,False,False,False,False,False,False,False,True,lowest_parent_attack
1,medium_ratio_seed42,medium_mass_ratio_recalibrated,42,future_query,attack,330246,chunk67:209,processed/iotsim-domotic-monitor-1.csv,1737236075.531725,5532,TCP Scan,domotic-monitor,0.003966295273005367,-0.013032190013634506,0.999768421540297,0.21307700872421265,0.12066343426704407,-0.09241357445716858,2.939835892077895e-05,0.9999706016410792,False,False,False,False,False,False,False,False,False,False,True,lowest_parent_attack
1,medium_ratio_seed42,medium_mass_ratio_recalibrated,42,future_query,attack,330705,chunk67:668,processed/iotsim-domotic-monitor-1.csv,1737236127.96883,7082,TCP Scan,domotic-monitor,0.003966295273005367,-0.013032190013634506,0.999768421540297,0.21729032695293427,0.12157237529754639,-0.09571795165538788,2.939835892077895e-05,0.9999706016410792,False,False,False,False,False,False,False,False,False,False,True,lowest_parent_attack
1,medium_ratio_seed42,medium_mass_ratio_recalibrated,42,future_query,attack,330302,chunk67:265,processed/iotsim-domotic-monitor-1.csv,1737236082.055732,5743,TCP Scan,domotic-monitor,0.003966295273005367,-0.013032190013634506,0.999768421540297,0.21819815039634705,0.12418825924396515,-0.0940098911523819,2.939835892077895e-05,0.9999706016410792,False,False,False,False,False,False,False,False,False,False,True,lowest_parent_attack
1,medium_ratio_seed42,medium_mass_ratio_recalibrated,42,future_query,attack,330303,chunk67:266,processed/iotsim-domotic-monitor-1.csv,1737236082.059495,5744,TCP Scan,domotic-monitor,0.003966295273005367,-0.013032190013634506,0.999768421540297,0.21974147856235504,0.12623749673366547,-0.09350398182868958,2.939835892077895e-05,0.9999706016410792,False,False,False,False,False,False,False,False,False,False,True,lowest_parent_attack
1,medium_ratio_seed42,medium_mass_ratio_recalibrated,42,future_query,attack,945,chunk18:836,processed/iotsim-air-quality-1.csv,1737236092.692986,6242,TCP Scan,air-quality,0.003966295273005367,-0.013032190013634506,0.999768421540297,0.21772462129592896,0.12329142540693283,-0.09443319588899612,2.939835892077895e-05,0.9999706016410792,False,False,False,False,False,False,False,False,False,False,True,lowest_parent_attack
1,medium_ratio_seed42,medium_mass_ratio_recalibrated,42,future_query,attack,946,chunk18:837,processed/iotsim-air-quality-1.csv,1737236092.701363,6243,TCP Scan,air-quality,0.003966295273005367,-0.013032190013634506,0.999768421540297,0.21939276158809662,0.12477336078882217,-0.09461940079927444,2.939835892077895e-05,0.9999706016410792,False,False,False,False,False,False,False,False,False,False,True,lowest_parent_attack
1,medium_ratio_seed42,medium_mass_ratio_recalibrated,42,future_query,attack,331686,chunk67:1649,processed/iotsim-domotic-monitor-1.csv,1737236195.256527,9654,TCP Scan,domotic-monitor,0.003966295273005367,-0.013032190013634506,0.999768421540297,0.2177933156490326,0.12434884905815125,-0.09344446659088135,2.939835892077895e-05,0.9999706016410792,False,False,False,False,False,False,False,False,False,False,True,lowest_parent_attack
1,medium_ratio_seed42,medium_mass_ratio_recalibrated,42,future_query,attack,331669,chunk67:1632,processed/iotsim-domotic-monitor-1.csv,1737236194.132839,9598,TCP Scan,domotic-monitor,0.003966295273005367,-0.013032190013634506,0.999768421540297,0.21790795028209686,0.11999785900115967,-0.0979100912809372,2.939835892077895e-05,0.9999706016410792,False,False,False,False,False,False,False,False,False,False,True,lowest_parent_attack
1,medium_ratio_seed42,medium_mass_ratio_recalibrated,42,future_query,attack,331670,chunk67:1633,processed/iotsim-domotic-monitor-1.csv,1737236194.138111,9601,TCP Scan,domotic-monitor,0.003966295273005367,-0.013032190013634506,0.999768421540297,0.2195550501346588,0.12106984853744507,-0.09848520159721375,2.939835892077895e-05,0.9999706016410792,False,False,False,False,False,False,False,False,False,False,True,lowest_parent_attack
1,medium_ratio_seed42,medium_mass_ratio_recalibrated,42,future_query,attack,331704,chunk67:1667,processed/iotsim-domotic-monitor-1.csv,1737236196.261343,9701,TCP Scan,domotic-monitor,0.003966295273005367,-0.013032190013634506,0.999768421540297,0.2196766585111618,0.13165825605392456,-0.08801840245723724,2.939835892077895e-05,0.9999706016410792,False,False,False,False,False,False,False,False,False,False,True,lowest_parent_attack
1,medium_ratio_seed42,medium_mass_ratio_recalibrated,42,future_query,attack,331706,chunk67:1669,processed/iotsim-domotic-monitor-1.csv,1737236196.261433,9703,TCP Scan,domotic-monitor,0.003966295273005367,-0.013032190013634506,0.999768421540297,0.21821437776088715,0.124317467212677,-0.09389691054821014,2.939835892077895e-05,0.9999706016410792,False,False,False,False,False,False,False,False,False,False,True,lowest_parent_attack
1,medium_ratio_seed42,medium_mass_ratio_recalibrated,42,future_query,attack,125769,chunk35:273,processed/iotsim-city-power-1.csv,1737236062.595767,3498,TCP Scan,city-power,0.003966295273005367,-0.013032190013634506,0.999768421540297,0.21749423444271088,0.11627040058374405,-0.10122383385896683,2.939835892077895e-05,0.9999706016410792,False,False,False,False,False,False,False,False,False,False,True,lowest_parent_attack
1,medium_ratio_seed42,medium_mass_ratio_recalibrated,42,future_query,attack,125770,chunk35:274,processed/iotsim-city-power-1.csv,1737236062.60002,3499,TCP Scan,city-power,0.003966295273005367,-0.013032190013634506,0.999768421540297,0.2194948047399521,0.11617007106542587,-0.10332473367452621,2.939835892077895e-05,0.9999706016410792,False,False,False,False,False,False,False,False,False,False,True,lowest_parent_attack
1,medium_ratio_seed42,medium_mass_ratio_recalibrated,42,future_query,attack,238978,chunk55:753,processed/iotsim-combined-cycle-10.csv,1737236120.476785,5594,TCP Scan,combined-cycle,0.003966295273005367,-0.013032190013634506,0.999768421540297,0.21712082624435425,0.11796167492866516,-0.09915915131568909,2.939835892077895e-05,0.9999706016410792,False,False,False,False,False,False,False,False,False,False,True,lowest_parent_attack
1,medium_ratio_seed42,medium_mass_ratio_recalibrated,42,future_query,attack,238979,chunk55:754,processed/iotsim-combined-cycle-10.csv,1737236120.482505,5597,TCP Scan,combined-cycle,0.003966295273005367,-0.013032190013634506,0.999768421540297,0.21915839612483978,0.12011811137199402,-0.09904028475284576,2.939835892077895e-05,0.9999706016410792,False,False,False,False,False,False,False,False,False,False,True,lowest_parent_attack
1,medium_ratio_seed42,medium_mass_ratio_recalibrated,42,future_query,attack,330550,chunk67:513,processed/iotsim-domotic-monitor-1.csv,1737236120.449388,6670,TCP Scan,domotic-monitor,0.003966295273005367,-0.013032190013634506,0.999768421540297,0.21907183527946472,0.1269470453262329,-0.09212478995323181,2.939835892077895e-05,0.9999706016410792,False,False,False,False,False,False,False,False,False,False,True,lowest_parent_attack
1,medium_ratio_seed42,medium_mass_ratio_recalibrated,42,future_query,attack,330908,chunk67:871,processed/iotsim-domotic-monitor-1.csv,1737236152.424003,7766,TCP Scan,domotic-monitor,0.003966295273005367,-0.013032190013634506,0.999768421540297,0.21783113479614258,0.12538163363933563,-0.09244950115680695,2.939835892077895e-05,0.9999706016410792,False,False,False,False,False,False,False,False,False,False,True,lowest_parent_attack
1,medium_ratio_seed42,medium_mass_ratio_recalibrated,42,future_query,attack,239093,chunk55:868,processed/iotsim-combined-cycle-10.csv,1737236132.387988,6088,TCP Scan,combined-cycle,0.003966295273005367,-0.013032190013634506,0.999768421540297,0.2178119719028473,0.124763622879982,-0.0930483490228653,2.939835892077895e-05,0.9999706016410792,False,False,False,False,False,False,False,False,False,False,True,lowest_parent_attack
1,medium_ratio_seed42,medium_mass_ratio_recalibrated,42,future_query,attack,115,chunk18:6,processed/iotsim-air-quality-1.csv,1737236000.592986,4387,TCP Scan,air-quality,0.003966295273005367,-0.013032190013634506,0.999768421540297,0.22022674977779388,0.12398628890514374,-0.09624046087265015,2.939835892077895e-05,0.9999706016410792,False,False,False,False,False,False,False,False,False,False,True,lowest_parent_attack
1,medium_ratio_seed42,medium_mass_ratio_recalibrated,42,future_query,attack,330689,chunk67:652,processed/iotsim-domotic-monitor-1.csv,1737236126.825716,6994,TCP Scan,domotic-monitor,0.003966295273005367,-0.013032190013634506,0.999768421540297,0.21932359039783478,0.15123389661312103,-0.06808969378471375,2.939835892077895e-05,0.9999706016410792,False,False,False,False,False,False,False,False,False,False,True,lowest_parent_attack
1,medium_ratio_seed42,medium_mass_ratio_recalibrated,42,future_query,attack,330688,chunk67:651,processed/iotsim-domotic-monitor-1.csv,1737236126.821777,6993,TCP Scan,domotic-monitor,0.003966295273005367,-0.013032190013634506,0.999768421540297,0.21742142736911774,0.12284470349550247,-0.09457672387361526,2.939835892077895e-05,0.9999706016410792,False,False,False,False,False,False,False,False,False,False,True,lowest_parent_attack
1,medium_ratio_seed42,medium_mass_ratio_recalibrated,42,future_query,attack,136,chunk18:27,processed/iotsim-air-quality-1.csv,1737236003.606784,4408,TCP Scan,air-quality,0.003966295273005367,-0.013032190013634506,0.999768421540297,0.2174433320760727,0.11544135212898254,-0.10200197994709015,2.939835892077895e-05,0.9999706016410792,False,False,False,False,False,False,False,False,False,False,True,lowest_parent_attack
1,medium_ratio_seed42,medium_mass_ratio_recalibrated,42,future_query,attack,181,chunk18:72,processed/iotsim-air-quality-1.csv,1737236040.176361,4828,TCP Scan,air-quality,0.003966295273005367,-0.013032190013634506,0.999768421540297,8.100483894348145,0.21518801152706146,-7.885295867919922,2.939835892077895e-05,0.9999706016410792,False,False,False,False,False,False,False,False,False,False,True,lowest_parent_attack
1,medium_ratio_seed42,medium_mass_ratio_recalibrated,42,future_query,attack,241893,chunk55:3668,processed/iotsim-combined-cycle-10.csv,1737236239.27488,11012,TCP Scan,combined-cycle,0.003966295273005367,-0.013032190013634506,0.9992936138306769,0.22037571668624878,0.19852641224861145,-0.02184930443763733,2.939835892077895e-05,0.9999706016410792,False,False,False,False,False,False,False,False,False,False,True,lowest_parent_attack
1,medium_ratio_seed42,medium_mass_ratio_recalibrated,42,future_query,attack,125729,chunk35:233,processed/iotsim-city-power-1.csv,1737236059.942125,3426,TCP Scan,city-power,0.003966295273005367,-0.013032190013634506,0.999768421540297,0.21823205053806305,0.11532168090343475,-0.1029103696346283,2.939835892077895e-05,0.9999706016410792,False,False,False,False,False,False,False,False,False,False,True,lowest_parent_attack
1,medium_ratio_seed42,medium_mass_ratio_recalibrated,42,future_query,attack,125730,chunk35:234,processed/iotsim-city-power-1.csv,1737236059.946039,3427,TCP Scan,city-power,0.003966295273005367,-0.013032190013634506,0.999768421540297,0.21988113224506378,0.11673282831907272,-0.10314830392599106,2.939835892077895e-05,0.9999706016410792,False,False,False,False,False,False,False,False,False,False,True,lowest_parent_attack
1,medium_ratio_seed42,medium_mass_ratio_recalibrated,42,future_query,attack,241895,chunk55:3670,processed/iotsim-combined-cycle-10.csv,1737236239.274965,11014,TCP Scan,combined-cycle,0.003966295273005367,-0.013032190013634506,0.999768421540297,0.21843257546424866,0.12394319474697113,-0.09448938071727753,2.939835892077895e-05,0.9999706016410792,False,False,False,False,False,False,False,False,False,False,True,lowest_parent_attack
1,medium_ratio_seed42,medium_mass_ratio_recalibrated,42,future_query,attack,330247,chunk67:210,processed/iotsim-domotic-monitor-1.csv,1737236075.53558,5533,TCP Scan,domotic-monitor,0.003966295273005367,-0.013032190013634506,0.999768421540297,0.21702177822589874,0.11691894382238388,-0.10010283440351486,2.939835892077895e-05,0.9999706016410792,False,False,False,False,False,False,False,False,False,False,True,lowest_parent_attack
1,medium_ratio_seed42,medium_mass_ratio_recalibrated,42,future_query,attack,330651,chunk67:614,processed/iotsim-domotic-monitor-1.csv,1737236123.894991,6903,TCP Scan,domotic-monitor,0.003966295273005367,-0.013032190013634506,0.999768421540297,0.2210981398820877,0.13026617467403412,-0.09083196520805359,2.939835892077895e-05,0.9999706016410792,False,False,False,False,False,False,False,False,False,False,True,lowest_parent_attack
1,medium_ratio_seed42,medium_mass_ratio_recalibrated,42,future_query,attack,330652,chunk67:615,processed/iotsim-domotic-monitor-1.csv,1737236123.895105,6904,TCP Scan,domotic-monitor,0.003966295273005367,-0.013032190013634506,0.999768421540297,0.2195490598678589,0.12842024862766266,-0.09112881124019623,2.939835892077895e-05,0.9999706016410792,False,False,False,False,False,False,False,False,False,False,True,lowest_parent_attack
1,medium_ratio_seed42,medium_mass_ratio_recalibrated,42,future_query,attack,330655,chunk67:618,processed/iotsim-domotic-monitor-1.csv,1737236124.91281,6916,TCP Scan,domotic-monitor,0.003966295273005367,-0.013032190013634506,0.999768421540297,0.21724526584148407,0.12517070770263672,-0.09207455813884735,2.939835892077895e-05,0.9999706016410792,False,False,False,False,False,False,False,False,False,False,True,lowest_parent_attack
1,medium_ratio_seed42,medium_mass_ratio_recalibrated,42,future_query,attack,217,chunk18:108,processed/iotsim-air-quality-1.csv,1737236041.178272,4864,TCP Scan,air-quality,0.003966295273005367,-0.013032190013634506,0.999768421540297,0.21988379955291748,0.11472168564796448,-0.105162113904953,2.939835892077895e-05,0.9999706016410792,False,False,False,False,False,False,False,False,False,False,True,lowest_parent_attack
1,medium_ratio_seed42,medium_mass_ratio_recalibrated,42,future_query,attack,910,chunk18:801,processed/iotsim-air-quality-1.csv,1737236091.381844,6186,TCP Scan,air-quality,0.003966295273005367,-0.013032190013634506,0.999768421540297,0.21738897264003754,0.12230303883552551,-0.09508593380451202,2.939835892077895e-05,0.9999706016410792,False,False,False,False,False,False,False,False,False,False,True,lowest_parent_attack
1,medium_ratio_seed42,medium_mass_ratio_recalibrated,42,future_query,attack,330278,chunk67:241,processed/iotsim-domotic-monitor-1.csv,1737236078.992752,5638,TCP Scan,domotic-monitor,0.003966295273005367,-0.013032190013634506,0.999768421540297,0.21454715728759766,0.12189500033855438,-0.09265215694904327,2.939835892077895e-05,0.9999706016410792,False,False,False,False,False,False,False,False,False,False,True,lowest_parent_attack
1,medium_ratio_seed42,medium_mass_ratio_recalibrated,42,future_query,attack,911,chunk18:802,processed/iotsim-air-quality-1.csv,1737236091.40273,6187,TCP Scan,air-quality,0.003966295273005367,-0.013032190013634506,0.999768421540297,0.21941792964935303,0.12279529124498367,-0.09662263840436935,2.939835892077895e-05,0.9999706016410792,False,False,False,False,False,False,False,False,False,False,True,lowest_parent_attack
1,medium_ratio_seed42,medium_mass_ratio_recalibrated,42,future_query,attack,331305,chunk67:1268,processed/iotsim-domotic-monitor-1.csv,1737236165.571793,8548,TCP Scan,domotic-monitor,0.003966295273005367,-0.013032190013634506,0.999768421540297,0.2166515588760376,0.12127253413200378,-0.09537902474403381,2.939835892077895e-05,0.9999706016410792,False,False,False,False,False,False,False,False,False,False,True,lowest_parent_attack
1,medium_ratio_seed42,medium_mass_ratio_recalibrated,42,future_query,attack,218,chunk18:109,processed/iotsim-air-quality-1.csv,1737236041.178319,4865,TCP Scan,air-quality,0.003966295273005367,-0.013032190013634506,0.999768421540297,0.21939514577388763,0.11383397877216339,-0.10556116700172424,2.939835892077895e-05,0.9999706016410792,False,False,False,False,False,False,False,False,False,False,True,lowest_parent_attack
1,medium_ratio_seed42,medium_mass_ratio_recalibrated,42,future_query,attack,330744,chunk67:707,processed/iotsim-domotic-monitor-1.csv,1737236131.616809,7248,TCP Scan,domotic-monitor,0.003966295273005367,-0.013032190013634506,0.999768421540297,0.21817609667778015,0.12291423976421356,-0.09526185691356659,2.939835892077895e-05,0.9999706016410792,False,False,False,False,False,False,False,False,False,False,True,lowest_parent_attack
1,medium_ratio_seed42,medium_mass_ratio_recalibrated,42,future_query,attack,330745,chunk67:708,processed/iotsim-domotic-monitor-1.csv,1737236131.622129,7249,TCP Scan,domotic-monitor,0.003966295273005367,-0.013032190013634506,0.999768421540297,0.2196986824274063,0.12814775109291077,-0.09155093133449554,2.939835892077895e-05,0.9999706016410792,False,False,False,False,False,False,False,False,False,False,True,lowest_parent_attack
1,medium_ratio_seed42,medium_mass_ratio_recalibrated,42,future_query,attack,24191,chunk20:82,processed/iotsim-building-monitor-1.csv,1737237153.73502,150015,C&C Communication,building-monitor,0.003966295273005367,-0.013032190013634506,0.999768421540297,0.22243134677410126,0.18232817947864532,-0.04010316729545593,2.939835892077895e-05,0.9999706016410792,False,False,False,False,False,False,False,False,False,False,True,lowest_parent_attack
1,medium_ratio_seed42,medium_mass_ratio_recalibrated,42,future_query,attack,125801,chunk35:305,processed/iotsim-city-power-1.csv,1737236065.363843,3556,TCP Scan,city-power,0.003966295273005367,-0.013032190013634506,0.999768421540297,0.21747194230556488,0.11766558140516281,-0.09980636090040207,2.939835892077895e-05,0.9999706016410792,False,False,False,False,False,False,False,False,False,False,True,lowest_parent_attack
1,medium_ratio_seed42,medium_mass_ratio_recalibrated,42,future_query,attack,114194,chunk33:803,processed/iotsim-building-monitor-1.csv,1737235971.09076,3494,Telnet Brute Force,building-monitor,0.003966295273005367,-0.013032190013634506,0.999768421540297,0.2200353592634201,0.18928205966949463,-0.030753299593925476,2.939835892077895e-05,0.9999706016410792,False,False,False,False,False,False,False,False,False,False,True,lowest_parent_attack
1,medium_ratio_seed42,medium_mass_ratio_recalibrated,42,future_query,attack,331266,chunk67:1229,processed/iotsim-domotic-monitor-1.csv,1737236164.472865,8499,TCP Scan,domotic-monitor,0.003966295273005367,-0.013032190013634506,0.999768421540297,0.21833288669586182,0.12189365178346634,-0.09643923491239548,2.939835892077895e-05,0.9999706016410792,False,False,False,False,False,False,False,False,False,False,True,lowest_parent_attack
1,medium_ratio_seed42,medium_mass_ratio_recalibrated,42,future_query,attack,330045,chunk67:8,processed/iotsim-domotic-monitor-1.csv,1737236042.140473,4823,TCP Scan,domotic-monitor,0.003966295273005367,-0.013032190013634506,0.999768421540297,0.2220507264137268,0.12735044956207275,-0.09470027685165405,2.939835892077895e-05,0.9999706016410792,False,False,False,False,False,False,False,False,False,False,True,lowest_parent_attack
1,medium_ratio_seed42,medium_mass_ratio_recalibrated,42,future_query,attack,330022,chunk66:57,processed/iotsim-domotic-monitor-1.csv,1737236717.61629,113659,Reporting,domotic-monitor,0.003966295273005367,-0.013032190013634506,0.999768421540297,52.37861633300781,0.13116183876991272,-52.24745559692383,2.939835892077895e-05,0.9999706016410792,False,False,False,False,False,False,False,False,False,False,True,lowest_parent_attack
1,medium_ratio_seed42,medium_mass_ratio_recalibrated,42,future_query,attack,330030,chunk66:65,processed/iotsim-domotic-monitor-1.csv,1737236770.666989,131718,Reporting,domotic-monitor,0.003966295273005367,-0.013032190013634506,0.999768421540297,14120.62890625,0.3031083941459656,-14120.326171875,2.939835892077895e-05,0.9999706016410792,False,False,False,False,False,False,False,False,False,False,True,lowest_parent_attack
1,medium_ratio_seed42,medium_mass_ratio_recalibrated,42,future_query,attack,114056,chunk33:665,processed/iotsim-building-monitor-1.csv,1737235936.722345,3344,Telnet Brute Force,building-monitor,0.003966295273005367,-0.013032190013634506,0.999768421540297,0.21651436388492584,0.1145712286233902,-0.10194313526153564,2.939835892077895e-05,0.9999706016410792,False,False,False,False,False,False,False,False,False,False,True,lowest_parent_attack
1,medium_ratio_seed42,medium_mass_ratio_recalibrated,42,future_query,attack,114073,chunk33:682,processed/iotsim-building-monitor-1.csv,1737235940.636786,3361,Telnet Brute Force,building-monitor,0.003966295273005367,-0.013032190013634506,0.999768421540297,0.21667928993701935,0.11550500243902206,-0.10117428749799728,2.939835892077895e-05,0.9999706016410792,False,False,False,False,False,False,False,False,False,False,True,lowest_parent_attack
1,medium_ratio_seed42,medium_mass_ratio_recalibrated,42,future_query,attack,113988,chunk33:597,processed/iotsim-building-monitor-1.csv,1737235929.380041,3276,Telnet Brute Force,building-monitor,0.003966295273005367,-0.013032190013634506,0.999768421540297,0.21901729702949524,0.11249294877052307,-0.10652434825897217,2.939835892077895e-05,0.9999706016410792,False,False,False,False,False,False,False,False,False,False,True,lowest_parent_attack
1,medium_ratio_seed42,medium_mass_ratio_recalibrated,42,future_query,attack,125812,chunk35:316,processed/iotsim-city-power-1.csv,1737236066.901746,3567,TCP Scan,city-power,0.003966295273005367,-0.013032190013634506,0.999768421540297,0.21299369633197784,0.1161617860198021,-0.09683191031217575,2.939835892077895e-05,0.9999706016410792,False,False,False,False,False,False,False,False,False,False,True,lowest_parent_attack
1,medium_ratio_seed42,medium_mass_ratio_recalibrated,42,future_query,attack,125827,chunk35:331,processed/iotsim-city-power-1.csv,1737236069.995855,3591,TCP Scan,city-power,0.003966295273005367,-0.013032190013634506,0.999768421540297,0.21223963797092438,0.11613494157791138,-0.096104696393013,2.939835892077895e-05,0.9999706016410792,False,False,False,False,False,False,False,False,False,False,True,lowest_parent_attack
1,medium_ratio_seed42,medium_mass_ratio_recalibrated,42,future_query,attack,330781,chunk67:744,processed/iotsim-domotic-monitor-1.csv,1737236134.601449,7411,TCP Scan,domotic-monitor,0.003966295273005367,-0.013032190013634506,0.999768421540297,0.217978373169899,0.12496797740459442,-0.09301039576530457,2.939835892077895e-05,0.9999706016410792,False,False,False,False,False,False,False,False,False,False,True,lowest_parent_attack
1,medium_ratio_seed42,medium_mass_ratio_recalibrated,42,future_query,attack,329998,chunk66:33,processed/iotsim-domotic-monitor-1.csv,1737236672.188832,98045,Reporting,domotic-monitor,0.003966295273005367,-0.013032190013634506,0.999768421540297,2.266392946243286,0.130800262093544,-2.1355926990509033,2.939835892077895e-05,0.9999706016410792,False,False,False,False,False,False,False,False,False,False,True,lowest_parent_attack
1,medium_ratio_seed42,medium_mass_ratio_recalibrated,42,future_query,attack,330479,chunk67:442,processed/iotsim-domotic-monitor-1.csv,1737236114.176086,6471,TCP Scan,domotic-monitor,0.003966295273005367,-0.013032190013634506,0.999768421540297,0.21903598308563232,0.11195941269397736,-0.10707657039165497,2.939835892077895e-05,0.9999706016410792,False,False,False,False,False,False,False,False,False,False,True,lowest_parent_attack
1,medium_ratio_seed42,medium_mass_ratio_recalibrated,42,future_query,attack,330480,chunk67:443,processed/iotsim-domotic-monitor-1.csv,1737236114.17616,6472,TCP Scan,domotic-monitor,0.003966295273005367,-0.013032190013634506,0.999768421540297,0.21781262755393982,0.11075576394796371,-0.1070568636059761,2.939835892077895e-05,0.9999706016410792,False,False,False,False,False,False,False,False,False,False,True,lowest_parent_attack
1,medium_ratio_seed42,medium_mass_ratio_recalibrated,42,future_query,attack,873,chunk18:764,processed/iotsim-air-quality-1.csv,1737236089.361784,6125,TCP Scan,air-quality,0.003966295273005367,-0.013032190013634506,0.999768421540297,0.2182731181383133,0.12396015971899033,-0.09431295841932297,2.939835892077895e-05,0.9999706016410792,False,False,False,False,False,False,False,False,False,False,True,lowest_parent_attack
1,medium_ratio_seed42,medium_mass_ratio_recalibrated,42,future_query,attack,874,chunk18:765,processed/iotsim-air-quality-1.csv,1737236089.366235,6126,TCP Scan,air-quality,0.003966295273005367,-0.013032190013634506,0.999768421540297,0.21966032683849335,0.12535423040390015,-0.0943060964345932,2.939835892077895e-05,0.9999706016410792,False,False,False,False,False,False,False,False,False,False,True,lowest_parent_attack
1,medium_ratio_seed42,medium_mass_ratio_recalibrated,42,future_query,attack,330006,chunk66:41,processed/iotsim-domotic-monitor-1.csv,1737236675.326841,99327,Reporting,domotic-monitor,0.003966295273005367,-0.013032190013634506,0.999768421540297,0.21949954330921173,0.13055838644504547,-0.08894115686416626,2.939835892077895e-05,0.9999706016410792,False,False,False,False,False,False,False,False,False,False,True,lowest_parent_attack
1,medium_ratio_seed42,medium_mass_ratio_recalibrated,42,future_query,attack,330014,chunk66:49,processed/iotsim-domotic-monitor-1.csv,1737236683.326493,102207,Reporting,domotic-monitor,0.003966295273005367,-0.013032190013634506,0.9992936138306769,0.21963368356227875,0.23050160706043243,0.010867923498153687,2.939835892077895e-05,0.9999706016410792,False,False,False,False,False,False,False,False,False,False,True,lowest_parent_attack
1,medium_ratio_seed42,medium_mass_ratio_recalibrated,42,future_query,attack,113987,chunk33:596,processed/iotsim-building-monitor-1.csv,1737235929.37372,3275,Telnet Brute Force,building-monitor,0.003966295273005367,-0.013032190013634506,0.999768421540297,0.21661485731601715,0.11348080635070801,-0.10313405096530914,2.939835892077895e-05,0.9999706016410792,False,False,False,False,False,False,False,False,False,False,True,lowest_parent_attack
1,medium_ratio_seed42,medium_mass_ratio_recalibrated,42,future_query,attack,329990,chunk66:25,processed/iotsim-domotic-monitor-1.csv,1737236646.970825,90077,Reporting,domotic-monitor,0.003966295273005367,-0.013032190013634506,0.999768421540297,3.278670072555542,0.13082255423069,-3.1478474140167236,2.939835892077895e-05,0.9999706016410792,False,False,False,False,False,False,False,False,False,False,True,lowest_parent_attack
1,medium_ratio_seed42,medium_mass_ratio_recalibrated,42,future_query,attack,330768,chunk67:731,processed/iotsim-domotic-monitor-1.csv,1737236133.951007,7371,TCP Scan,domotic-monitor,0.003966295273005367,-0.013032190013634506,0.999768421540297,0.22212722897529602,0.13348127901554108,-0.08864594995975494,2.939835892077895e-05,0.9999706016410792,False,False,False,False,False,False,False,False,False,False,True,lowest_parent_attack
1,medium_ratio_seed42,medium_mass_ratio_recalibrated,42,future_query,attack,330771,chunk67:734,processed/iotsim-domotic-monitor-1.csv,1737236134.090784,7374,TCP Scan,domotic-monitor,0.003966295273005367,-0.013032190013634506,0.999768421540297,0.21807947754859924,0.12250643968582153,-0.09557303786277771,2.939835892077895e-05,0.9999706016410792,False,False,False,False,False,False,False,False,False,False,True,lowest_parent_attack
1,medium_ratio_seed42,medium_mass_ratio_recalibrated,42,future_query,attack,330772,chunk67:735,processed/iotsim-domotic-monitor-1.csv,1737236134.09662,7375,TCP Scan,domotic-monitor,0.003966295273005367,-0.013032190013634506,0.999768421540297,0.21962663531303406,0.12412352859973907,-0.09550310671329498,2.939835892077895e-05,0.9999706016410792,False,False,False,False,False,False,False,False,False,False,True,lowest_parent_attack
1,medium_ratio_seed42,medium_mass_ratio_recalibrated,42,future_query,attack,271,chunk18:162,processed/iotsim-air-quality-1.csv,1737236044.877754,4941,TCP Scan,air-quality,0.003966295273005367,-0.013032190013634506,0.999768421540297,0.21716174483299255,0.11599209159612656,-0.101169653236866,2.939835892077895e-05,0.9999706016410792,False,False,False,False,False,False,False,False,False,False,True,lowest_parent_attack
1,medium_ratio_seed42,medium_mass_ratio_recalibrated,42,future_query,attack,272,chunk18:163,processed/iotsim-air-quality-1.csv,1737236044.881468,4942,TCP Scan,air-quality,0.003966295273005367,-0.013032190013634506,0.999768421540297,0.21955354511737823,0.13121454417705536,-0.08833900094032288,2.939835892077895e-05,0.9999706016410792,False,False,False,False,False,False,False,False,False,False,True,lowest_parent_attack
1,medium_ratio_seed42,medium_mass_ratio_recalibrated,42,future_query,attack,262298,chunk57:73,processed/iotsim-domotic-monitor-1.csv,1737237148.25047,147948,C&C Communication,domotic-monitor,0.003966295273005367,-0.013032190013634506,0.9992936138306769,27.884366989135742,0.6443251371383667,-27.240041732788086,2.939835892077895e-05,0.9999706016410792,False,False,False,False,False,False,False,False,False,False,True,lowest_parent_attack
1,medium_ratio_seed42,medium_mass_ratio_recalibrated,42,future_query,attack,238218,chunk54:57,processed/iotsim-combined-cycle-10.csv,1737236676.596267,109325,Reporting,combined-cycle,0.003966295273005367,-0.013032190013634506,0.999768421540297,0.21957442164421082,0.13337798416614532,-0.08619643747806549,2.939835892077895e-05,0.9999706016410792,False,False,False,False,False,False,False,False,False,False,True,lowest_parent_attack
1,medium_ratio_seed42,medium_mass_ratio_recalibrated,42,future_query,attack,262305,chunk57:80,processed/iotsim-domotic-monitor-1.csv,1737237149.221675,147956,C&C Communication,domotic-monitor,0.003966295273005367,-0.013032190013634506,0.999768421540297,0.22248460352420807,0.1495620757341385,-0.07292252779006958,2.939835892077895e-05,0.9999706016410792,False,False,False,False,False,False,False,False,False,False,True,lowest_parent_attack
1,medium_ratio_seed42,medium_mass_ratio_recalibrated,42,sealed_final_attack,attack,110102,chunk99:14998,processed/iotsim-ip-camera-street-1.csv,1737236633.013714,1407902,Telnet Brute Force,ip-camera-street,0.29860560371024786,0.28160711842360797,0.9936639724126856,0.30511289834976196,0.2863021790981293,-0.01881071925163269,2.939835892077895e-05,0.9999706016410792,True,True,False,True,True,False,False,False,False,False,True,lowest_temporal_attack
1,medium_ratio_seed42,medium_mass_ratio_recalibrated,42,sealed_final_attack,attack,110101,chunk99:14997,processed/iotsim-ip-camera-street-1.csv,1737236633.013683,1407901,Telnet Brute Force,ip-camera-street,0.29860560371024786,0.28160711842360797,0.9936639724126856,0.3065774142742157,0.2863268256187439,-0.020250588655471802,2.939835892077895e-05,0.9999706016410792,True,True,False,True,True,False,False,False,False,False,True,lowest_temporal_attack
1,medium_ratio_seed42,medium_mass_ratio_recalibrated,42,sealed_final_attack,attack,110100,chunk99:14996,processed/iotsim-ip-camera-street-1.csv,1737236633.013649,1407900,Telnet Brute Force,ip-camera-street,0.29860560371024786,0.28160711842360797,0.9936639724126856,0.3083324432373047,0.2863526940345764,-0.02197974920272827,2.939835892077895e-05,0.9999706016410792,True,True,False,True,True,False,False,False,False,False,True,lowest_temporal_attack
1,medium_ratio_seed42,medium_mass_ratio_recalibrated,42,sealed_final_attack,attack,110099,chunk99:14995,processed/iotsim-ip-camera-street-1.csv,1737236632.972108,1407899,Telnet Brute Force,ip-camera-street,0.29860560371024786,0.28160711842360797,0.9936639724126856,0.27811992168426514,0.31595873832702637,0.03783881664276123,2.939835892077895e-05,0.9999706016410792,True,True,False,True,True,False,False,False,False,False,True,lowest_temporal_attack
1,medium_ratio_seed42,medium_mass_ratio_recalibrated,42,sealed_final_attack,attack,110098,chunk99:14994,processed/iotsim-ip-camera-street-1.csv,1737236632.972095,1407898,Telnet Brute Force,ip-camera-street,0.29860560371024786,0.28160711842360797,0.9936639724126856,0.2781084477901459,0.31604906916618347,0.0379406213760376,2.939835892077895e-05,0.9999706016410792,True,True,False,True,True,False,False,False,False,False,True,lowest_temporal_attack
1,medium_ratio_seed42,medium_mass_ratio_recalibrated,42,sealed_final_attack,attack,110097,chunk99:14993,processed/iotsim-ip-camera-street-1.csv,1737236632.972079,1407897,Telnet Brute Force,ip-camera-street,0.29860560371024786,0.28160711842360797,0.9936639724126856,0.27810677886009216,0.3160566985607147,0.03794991970062256,2.939835892077895e-05,0.9999706016410792,True,True,False,True,True,False,False,False,False,False,True,lowest_temporal_attack
1,medium_ratio_seed42,medium_mass_ratio_recalibrated,42,sealed_final_attack,attack,110096,chunk99:14992,processed/iotsim-ip-camera-street-1.csv,1737236632.972047,1407896,Telnet Brute Force,ip-camera-street,0.29860560371024786,0.28160711842360797,0.9936639724126856,0.27809804677963257,0.3161122798919678,0.038014233112335205,2.939835892077895e-05,0.9999706016410792,True,True,False,True,True,False,False,False,False,False,True,lowest_temporal_attack
1,medium_ratio_seed42,medium_mass_ratio_recalibrated,42,sealed_final_attack,attack,110095,chunk99:14991,processed/iotsim-ip-camera-street-1.csv,1737236632.939799,1407868,Telnet Brute Force,ip-camera-street,0.29860560371024786,0.28160711842360797,0.9936639724126856,0.26490381360054016,0.3160664439201355,0.05116263031959534,2.939835892077895e-05,0.9999706016410792,True,True,False,True,True,False,False,False,False,False,True,lowest_temporal_attack
1,medium_ratio_seed42,medium_mass_ratio_recalibrated,42,sealed_final_attack,attack,110094,chunk99:14990,processed/iotsim-ip-camera-street-1.csv,1737236632.933475,1407867,Telnet Brute Force,ip-camera-street,0.29860560371024786,0.28160711842360797,0.9993375498110438,0.3043029308319092,0.2859043776988983,-0.018398553133010864,2.939835892077895e-05,0.9999706016410792,True,True,False,True,True,False,False,False,False,False,True,lowest_temporal_attack
1,medium_ratio_seed42,medium_mass_ratio_recalibrated,42,sealed_final_attack,attack,110093,chunk99:14989,processed/iotsim-ip-camera-street-1.csv,1737236632.933428,1407866,Telnet Brute Force,ip-camera-street,0.29860560371024786,0.28160711842360797,0.9936639724126856,0.26572877168655396,0.3159574568271637,0.05022868514060974,2.939835892077895e-05,0.9999706016410792,True,True,False,True,True,False,False,False,False,False,True,lowest_temporal_attack
1,medium_ratio_seed42,medium_mass_ratio_recalibrated,42,sealed_final_attack,attack,110092,chunk99:14988,processed/iotsim-ip-camera-street-1.csv,1737236632.932011,1407865,Telnet Brute Force,ip-camera-street,0.29860560371024786,0.28160711842360797,0.9936639724126856,0.2657347619533539,0.31584370136260986,0.05010893940925598,2.939835892077895e-05,0.9999706016410792,True,True,False,True,True,False,False,False,False,False,True,lowest_temporal_attack
1,medium_ratio_seed42,medium_mass_ratio_recalibrated,42,sealed_final_attack,attack,110091,chunk99:14987,processed/iotsim-ip-camera-street-1.csv,1737236632.897518,1407864,Telnet Brute Force,ip-camera-street,0.29860560371024786,0.28160711842360797,0.9936639724126856,0.2657375633716583,0.31571313738822937,0.049975574016571045,2.939835892077895e-05,0.9999706016410792,True,True,False,True,True,False,False,False,False,False,True,lowest_temporal_attack
1,medium_ratio_seed42,medium_mass_ratio_recalibrated,42,sealed_final_attack,attack,110090,chunk99:14986,processed/iotsim-ip-camera-street-1.csv,1737236632.897495,1407863,Telnet Brute Force,ip-camera-street,0.29860560371024786,0.28160711842360797,0.9936639724126856,0.26574385166168213,0.31559130549430847,0.04984745383262634,2.939835892077895e-05,0.9999706016410792,True,True,False,True,True,False,False,False,False,False,True,lowest_temporal_attack
1,medium_ratio_seed42,medium_mass_ratio_recalibrated,42,sealed_final_attack,attack,110089,chunk99:14985,processed/iotsim-ip-camera-street-1.csv,1737236632.891839,1407858,Telnet Brute Force,ip-camera-street,0.29860560371024786,0.28160711842360797,0.9993375498110438,0.3040429353713989,0.2856513559818268,-0.018391579389572144,2.939835892077895e-05,0.9999706016410792,True,True,False,True,True,False,False,False,False,False,True,lowest_temporal_attack
1,medium_ratio_seed42,medium_mass_ratio_recalibrated,42,sealed_final_attack,attack,110088,chunk99:14984,processed/iotsim-ip-camera-street-1.csv,1737236632.891821,1407857,Telnet Brute Force,ip-camera-street,0.29860560371024786,0.28160711842360797,0.9993375498110438,0.3038422167301178,0.2856769263744354,-0.018165290355682373,2.939835892077895e-05,0.9999706016410792,True,True,False,True,True,False,False,False,False,False,True,lowest_temporal_attack
1,medium_ratio_seed42,medium_mass_ratio_recalibrated,42,sealed_final_attack,attack,110087,chunk99:14983,processed/iotsim-ip-camera-street-1.csv,1737236632.891813,1407856,Telnet Brute Force,ip-camera-street,0.29860560371024786,0.28160711842360797,0.9936639724126856,0.2660834789276123,0.31545889377593994,0.04937541484832764,2.939835892077895e-05,0.9999706016410792,True,True,False,True,True,False,False,False,False,False,True,lowest_temporal_attack
1,medium_ratio_seed42,medium_mass_ratio_recalibrated,42,sealed_final_attack,attack,26,chunk88:26,processed/iotsim-ip-camera-street-1.csv,1737236159.477618,1265151,C&C Communication,ip-camera-street,0.049451559226191426,0.032453073939551554,0.999768421540297,0.31362348794937134,0.2429409772157669,-0.07068251073360443,2.939835892077895e-05,0.9999706016410792,True,False,True,True,False,False,False,False,False,False,True,lowest_temporal_attack
1,medium_ratio_seed42,medium_mass_ratio_recalibrated,42,sealed_final_attack,attack,25,chunk88:25,processed/iotsim-ip-camera-street-1.csv,1737236145.424216,1260382,C&C Communication,ip-camera-street,0.049451559226191426,0.032453073939551554,0.999768421540297,0.29564857482910156,0.24510695040225983,-0.050541624426841736,2.939835892077895e-05,0.9999706016410792,True,False,True,True,False,False,False,False,False,False,True,lowest_temporal_attack
1,medium_ratio_seed42,medium_mass_ratio_recalibrated,42,sealed_final_attack,attack,24,chunk88:24,processed/iotsim-ip-camera-street-1.csv,1737236145.424163,1260381,C&C Communication,ip-camera-street,0.018251585228630348,0.0012530999419904758,0.999768421540297,0.3013473451137543,0.24605122208595276,-0.055296123027801514,2.939835892077895e-05,0.9999706016410792,True,False,True,True,False,False,False,False,False,False,True,lowest_temporal_attack
1,medium_ratio_seed42,medium_mass_ratio_recalibrated,42,sealed_final_attack,attack,23,chunk88:23,processed/iotsim-ip-camera-street-1.csv,1737236130.062361,1254917,C&C Communication,ip-camera-street,0.049451559226191426,0.032453073939551554,0.999768421540297,0.3327961266040802,0.2444649040699005,-0.08833122253417969,2.939835892077895e-05,0.9999706016410792,True,False,True,True,False,False,False,False,False,False,True,lowest_temporal_attack
1,medium_ratio_seed42,medium_mass_ratio_recalibrated,42,sealed_final_attack,attack,22,chunk88:22,processed/iotsim-ip-camera-street-1.csv,1737236130.062302,1254916,C&C Communication,ip-camera-street,0.018251585228630348,0.0012530999419904758,0.999768421540297,0.2993846833705902,0.24578574299812317,-0.05359894037246704,2.939835892077895e-05,0.9999706016410792,True,False,True,True,False,False,False,False,False,False,True,lowest_temporal_attack
1,medium_ratio_seed42,medium_mass_ratio_recalibrated,42,sealed_final_attack,attack,21,chunk88:21,processed/iotsim-ip-camera-street-1.csv,1737236114.703144,1249453,C&C Communication,ip-camera-street,0.049451559226191426,0.032453073939551554,0.999768421540297,0.32902470231056213,0.24319866299629211,-0.08582603931427002,2.939835892077895e-05,0.9999706016410792,True,False,True,True,False,False,False,False,False,False,True,lowest_temporal_attack
1,medium_ratio_seed42,medium_mass_ratio_recalibrated,42,sealed_final_attack,attack,20,chunk88:20,processed/iotsim-ip-camera-street-1.csv,1737236114.703107,1249452,C&C Communication,ip-camera-street,0.018251585228630348,0.0012530999419904758,0.999768421540297,0.2974870502948761,0.24526621401309967,-0.05222083628177643,2.939835892077895e-05,0.9999706016410792,True,False,True,True,False,False,False,False,False,False,True,lowest_temporal_attack
1,medium_ratio_seed42,medium_mass_ratio_recalibrated,42,sealed_final_attack,attack,19,chunk88:19,processed/iotsim-ip-camera-street-1.csv,1737236099.417942,1244471,C&C Communication,ip-camera-street,0.049451559226191426,0.032453073939551554,0.999768421540297,0.27107757329940796,0.23122940957546234,-0.03984816372394562,2.939835892077895e-05,0.9999706016410792,True,False,True,True,False,False,False,False,False,False,True,lowest_temporal_attack
1,medium_ratio_seed42,medium_mass_ratio_recalibrated,42,sealed_final_attack,attack,18,chunk88:18,processed/iotsim-ip-camera-street-1.csv,1737236099.417903,1244470,C&C Communication,ip-camera-street,0.018251585228630348,0.0012530999419904758,0.999768421540297,0.3264863193035126,0.24247655272483826,-0.08400976657867432,2.939835892077895e-05,0.9999706016410792,True,False,True,True,False,False,False,False,False,False,True,lowest_temporal_attack
1,medium_ratio_seed42,medium_mass_ratio_recalibrated,42,sealed_final_attack,attack,17,chunk88:17,processed/iotsim-ip-camera-street-1.csv,1737236099.411611,1244469,C&C Communication,ip-camera-street,0.049451559226191426,0.032453073939551554,0.999768421540297,0.2713409960269928,0.24211207032203674,-0.029228925704956055,2.939835892077895e-05,0.9999706016410792,True,False,True,True,False,False,False,False,False,False,True,lowest_temporal_attack
1,medium_ratio_seed42,medium_mass_ratio_recalibrated,42,sealed_final_attack,attack,16,chunk88:16,processed/iotsim-ip-camera-street-1.csv,1737236085.518457,1240135,C&C Communication,ip-camera-street,0.049451559226191426,0.032453073939551554,0.999768421540297,0.2833462059497833,0.2442564070224762,-0.03908979892730713,2.939835892077895e-05,0.9999706016410792,True,False,True,True,False,False,False,False,False,False,True,lowest_temporal_attack
1,medium_ratio_seed42,medium_mass_ratio_recalibrated,42,sealed_final_attack,attack,15,chunk88:15,processed/iotsim-ip-camera-street-1.csv,1737236085.518419,1240134,C&C Communication,ip-camera-street,0.018251585228630348,0.0012530999419904758,0.999768421540297,0.30747735500335693,0.244656503200531,-0.06282085180282593,2.939835892077895e-05,0.9999706016410792,True,False,True,True,False,False,False,False,False,False,True,lowest_temporal_attack
1,medium_ratio_seed42,medium_mass_ratio_recalibrated,42,sealed_final_attack,attack,14,chunk88:14,processed/iotsim-ip-camera-street-1.csv,1737236070.158452,1234968,C&C Communication,ip-camera-street,0.11055809041471983,0.09355960512807995,0.999768421540297,0.26207414269447327,0.24304915964603424,-0.019024983048439026,2.939835892077895e-05,0.9999706016410792,True,False,True,True,False,False,False,False,False,False,True,lowest_temporal_attack
1,medium_ratio_seed42,medium_mass_ratio_recalibrated,42,sealed_final_attack,attack,13,chunk88:13,processed/iotsim-ip-camera-street-1.csv,1737236070.158414,1234967,C&C Communication,ip-camera-street,0.018251585228630348,0.0012530999419904758,0.999768421540297,0.29735174775123596,0.24350601434707642,-0.053845733404159546,2.939835892077895e-05,0.9999706016410792,True,False,True,True,False,False,False,False,False,False,True,lowest_temporal_attack
1,medium_ratio_seed42,medium_mass_ratio_recalibrated,42,sealed_final_attack,attack,12,chunk88:12,processed/iotsim-ip-camera-street-1.csv,1737236054.797974,1230506,C&C Communication,ip-camera-street,0.16965453905453803,0.15265605376789815,0.999768421540297,0.7921360731124878,0.24145950376987457,-0.5506765842437744,2.939835892077895e-05,0.9999706016410792,True,False,True,True,False,False,False,False,False,False,True,lowest_temporal_attack
1,medium_ratio_seed42,medium_mass_ratio_recalibrated,42,sealed_final_attack,attack,110103,chunk99:14999,processed/iotsim-ip-camera-street-1.csv,1737236633.01373,1407903,Telnet Brute Force,ip-camera-street,0.29860560371024786,0.28160711842360797,0.9936639724126856,0.30390340089797974,0.2862786650657654,-0.017624735832214355,2.939835892077895e-05,0.9999706016410792,True,True,False,True,True,False,False,False,False,False,True,lowest_temporal_attack
1,medium_ratio_seed42,medium_mass_ratio_recalibrated,42,sealed_final_attack,attack,58,chunk88:58,processed/iotsim-ip-camera-street-1.csv,1737236370.193869,1352886,C&C Communication,ip-camera-street,0.2554421710952525,0.23844368580861264,0.999768421540297,0.26864391565322876,0.24708348512649536,-0.0215604305267334,2.939835892077895e-05,0.9999706016410792,True,False,True,True,False,False,False,False,False,False,True,lowest_temporal_attack
1,medium_ratio_seed42,medium_mass_ratio_recalibrated,42,sealed_final_attack,attack,57,chunk88:57,processed/iotsim-ip-camera-street-1.csv,1737236354.830573,1345485,C&C Communication,ip-camera-street,0.48981219257249947,0.4728137072858596,0.9351709679126895,0.31713277101516724,0.2435263991355896,-0.07360637187957764,2.939835892077895e-05,0.9999706016410792,True,True,False,True,True,False,False,False,False,False,True,lowest_temporal_attack
1,medium_ratio_seed42,medium_mass_ratio_recalibrated,42,sealed_final_attack,attack,56,chunk88:56,processed/iotsim-ip-camera-street-1.csv,1737236354.830507,1345484,C&C Communication,ip-camera-street,0.2554421710952525,0.23844368580861264,0.999768421540297,0.25786256790161133,0.24654200673103333,-0.011320561170578003,2.939835892077895e-05,0.9999706016410792,True,False,True,True,False,False,False,False,False,False,True,lowest_temporal_attack
1,medium_ratio_seed42,medium_mass_ratio_recalibrated,42,sealed_final_attack,attack,55,chunk88:55,processed/iotsim-ip-camera-street-1.csv,1737236339.679473,1338025,C&C Communication,ip-camera-street,0.48981219257249947,0.4728137072858596,0.8196038277339692,0.23953354358673096,0.23196212947368622,-0.007571414113044739,2.939835892077895e-05,0.9999706016410792,True,True,False,True,True,False,False,False,False,False,True,lowest_temporal_attack
1,medium_ratio_seed42,medium_mass_ratio_recalibrated,42,sealed_final_attack,attack,54,chunk88:54,processed/iotsim-ip-camera-street-1.csv,1737236339.679429,1338024,C&C Communication,ip-camera-street,0.2554421710952525,0.23844368580861264,0.999768421540297,0.31383591890335083,0.24457097053527832,-0.06926494836807251,2.939835892077895e-05,0.9999706016410792,True,False,True,True,False,False,False,False,False,False,True,lowest_temporal_attack
1,medium_ratio_seed42,medium_mass_ratio_recalibrated,42,sealed_final_attack,attack,53,chunk88:53,processed/iotsim-ip-camera-street-1.csv,1737236339.67261,1338023,C&C Communication,ip-camera-street,0.48981219257249947,0.4728137072858596,0.8196038277339692,0.23921313881874084,0.24323968589305878,0.004026547074317932,2.939835892077895e-05,0.9999706016410792,True,True,False,True,True,False,False,False,False,False,True,lowest_temporal_attack
1,medium_ratio_seed42,medium_mass_ratio_recalibrated,42,sealed_final_attack,attack,52,chunk88:52,processed/iotsim-ip-camera-street-1.csv,1737236325.646732,1333155,C&C Communication,ip-camera-street,0.08914388257864236,0.07214539729200249,0.999768421540297,0.22574082016944885,0.24549013376235962,0.019749313592910767,2.939835892077895e-05,0.9999706016410792,True,False,True,True,False,False,False,False,False,False,True,lowest_temporal_attack
1,medium_ratio_seed42,medium_mass_ratio_recalibrated,42,sealed_final_attack,attack,51,chunk88:51,processed/iotsim-ip-camera-street-1.csv,1737236325.646689,1333154,C&C Communication,ip-camera-street,0.03379148463067774,0.01679299934403787,0.999768421540297,0.3052062392234802,0.24705617129802704,-0.058150067925453186,2.939835892077895e-05,0.9999706016410792,True,False,True,True,False,False,False,False,False,False,True,lowest_temporal_attack
1,medium_ratio_seed42,medium_mass_ratio_recalibrated,42,sealed_final_attack,attack,50,chunk88:50,processed/iotsim-ip-camera-street-1.csv,1737236310.29454,1325523,C&C Communication,ip-camera-street,0.08914388257864236,0.07214539729200249,0.999768421540297,0.32087329030036926,0.2449498325586319,-0.07592345774173737,2.939835892077895e-05,0.9999706016410792,True,False,True,True,False,False,False,False,False,False,True,lowest_temporal_attack
1,medium_ratio_seed42,medium_mass_ratio_recalibrated,42,sealed_final_attack,attack,49,chunk88:49,processed/iotsim-ip-camera-street-1.csv,1737236310.2945,1325522,C&C Communication,ip-camera-street,0.03379148463067774,0.01679299934403787,0.999768421540297,0.26422110199928284,0.24698425829410553,-0.017236843705177307,2.939835892077895e-05,0.9999706016410792,True,False,True,True,False,False,False,False,False,False,True,lowest_temporal_attack
1,medium_ratio_seed42,medium_mass_ratio_recalibrated,42,sealed_final_attack,attack,48,chunk88:48,processed/iotsim-ip-camera-street-1.csv,1737236294.925676,1319050,C&C Communication,ip-camera-street,0.049451559226191426,0.032453073939551554,0.999768421540297,0.25733649730682373,0.2437831312417984,-0.01355336606502533,2.939835892077895e-05,0.9999706016410792,True,False,True,True,False,False,False,False,False,False,True,lowest_temporal_attack
1,medium_ratio_seed42,medium_mass_ratio_recalibrated,42,sealed_final_attack,attack,47,chunk88:47,processed/iotsim-ip-camera-street-1.csv,1737236294.925633,1319049,C&C Communication,ip-camera-street,0.018251585228630348,0.0012530999419904758,0.999768421540297,0.2821638882160187,0.24669726192951202,-0.03546662628650665,2.939835892077895e-05,0.9999706016410792,True,False,True,True,False,False,False,False,False,False,True,lowest_temporal_attack
1,medium_ratio_seed42,medium_mass_ratio_recalibrated,42,sealed_final_attack,attack,46,chunk88:46,processed/iotsim-ip-camera-street-1.csv,1737236279.613271,1312822,C&C Communication,ip-camera-street,0.04440659762513651,0.02740811233849664,0.999768421540297,0.2664225995540619,0.23184041678905487,-0.03458218276500702,2.939835892077895e-05,0.9999706016410792,True,False,True,True,False,False,False,False,False,False,True,lowest_temporal_attack
1,medium_ratio_seed42,medium_mass_ratio_recalibrated,42,sealed_final_attack,attack,45,chunk88:45,processed/iotsim-ip-camera-street-1.csv,1737236279.613232,1312821,C&C Communication,ip-camera-street,0.018251585228630348,0.0012530999419904758,0.999768421540297,0.28086110949516296,0.24411746859550476,-0.0367436408996582,2.939835892077895e-05,0.9999706016410792,True,False,True,True,False,False,False,False,False,False,True,lowest_temporal_attack
1,medium_ratio_seed42,medium_mass_ratio_recalibrated,42,sealed_final_attack,attack,44,chunk88:44,processed/iotsim-ip-camera-street-1.csv,1737236279.607598,1312819,C&C Communication,ip-camera-street,0.049451559226191426,0.032453073939551554,0.999768421540297,0.2670758068561554,0.24290180206298828,-0.024174004793167114,2.939835892077895e-05,0.9999706016410792,True,False,True,True,False,False,False,False,False,False,True,lowest_temporal_attack
1,medium_ratio_seed42,medium_mass_ratio_recalibrated,42,sealed_final_attack,attack,43,chunk88:43,processed/iotsim-ip-camera-street-1.csv,1737236265.74183,1306823,C&C Communication,ip-camera-street,0.049451559226191426,0.032453073939551554,0.999768421540297,0.2998867630958557,0.24544832110404968,-0.05443844199180603,2.939835892077895e-05,0.9999706016410792,True,False,True,True,False,False,False,False,False,False,True,lowest_temporal_attack
1,medium_ratio_seed42,medium_mass_ratio_recalibrated,42,sealed_final_attack,attack,74,chunk88:74,processed/iotsim-ip-camera-street-1.csv,1737237165.864418,1477272,C&C Communication,ip-camera-street,0.018189965613972243,0.0011914803273323712,0.999768421540297,0.2172483652830124,0.7453525066375732,0.5281041264533997,2.939835892077895e-05,0.9999706016410792,True,False,True,True,False,False,False,False,False,False,True,lowest_temporal_attack
1,medium_ratio_seed42,medium_mass_ratio_recalibrated,42,sealed_final_attack,attack,73,chunk88:73,processed/iotsim-ip-camera-street-1.csv,1737237165.859131,1477271,C&C Communication,ip-camera-street,0.04333772519034182,0.026339239903701947,0.999768421540297,0.20670045912265778,1.2060046195983887,0.9993041753768921,2.939835892077895e-05,0.9999706016410792,True,False,True,True,False,False,False,False,False,False,True,lowest_temporal_attack
1,medium_ratio_seed42,medium_mass_ratio_recalibrated,42,sealed_final_attack,attack,72,chunk88:72,processed/iotsim-ip-camera-street-1.csv,1737237165.859094,1477270,C&C Communication,ip-camera-street,0.04243318462523751,0.02543469933859764,0.999768421540297,0.20709368586540222,1.2167890071868896,1.009695291519165,2.939835892077895e-05,0.9999706016410792,True,False,True,True,False,False,False,False,False,False,True,lowest_temporal_attack
1,medium_ratio_seed42,medium_mass_ratio_recalibrated,42,sealed_final_attack,attack,71,chunk88:71,processed/iotsim-ip-camera-street-1.csv,1737237165.859039,1477269,C&C Communication,ip-camera-street,0.03355062213188635,0.01655213684524648,0.999768421540297,0.21612001955509186,0.3838709890842438,0.16775096952915192,2.939835892077895e-05,0.9999706016410792,True,False,True,True,False,False,False,False,False,False,True,lowest_temporal_attack
1,medium_ratio_seed42,medium_mass_ratio_recalibrated,42,sealed_final_attack,attack,70,chunk88:70,processed/iotsim-ip-camera-street-1.csv,1737237165.842818,1477268,C&C Communication,ip-camera-street,0.04243318462523751,0.02543469933859764,0.999768421540297,0.20745471119880676,1.2671040296554565,1.0596493482589722,2.939835892077895e-05,0.9999706016410792,True,False,True,True,False,False,False,False,False,False,True,lowest_temporal_attack
1,medium_ratio_seed42,medium_mass_ratio_recalibrated,42,sealed_final_attack,attack,69,chunk88:69,processed/iotsim-ip-camera-street-1.csv,1737236425.157435,1377098,C&C Communication,ip-camera-street,0.48981219257249947,0.4728137072858596,0.9351709679126895,0.23265449702739716,0.22972823679447174,-0.002926260232925415,2.939835892077895e-05,0.9999706016410792,True,True,False,True,True,False,False,False,False,False,True,lowest_temporal_attack
1,medium_ratio_seed42,medium_mass_ratio_recalibrated,42,sealed_final_attack,attack,68,chunk88:68,processed/iotsim-ip-camera-street-1.csv,1737236425.157396,1377095,C&C Communication,ip-camera-street,0.2554421710952525,0.23844368580861264,0.999768421540297,0.293777734041214,0.23807761073112488,-0.05570012331008911,2.939835892077895e-05,0.9999706016410792,True,False,True,True,False,False,False,False,False,False,True,lowest_temporal_attack
1,medium_ratio_seed42,medium_mass_ratio_recalibrated,42,sealed_final_attack,attack,67,chunk88:67,processed/iotsim-ip-camera-street-1.csv,1737236425.141351,1376900,C&C Communication,ip-camera-street,0.48981219257249947,0.4728137072858596,0.9351709679126895,0.31716614961624146,0.2359858751296997,-0.08118027448654175,2.939835892077895e-05,0.9999706016410792,True,True,False,True,True,False,False,False,False,False,True,lowest_temporal_attack
1,medium_ratio_seed42,medium_mass_ratio_recalibrated,42,sealed_final_attack,attack,66,chunk88:66,processed/iotsim-ip-camera-street-1.csv,1737236415.246479,1372741,C&C Communication,ip-camera-street,0.48981219257249947,0.4728137072858596,0.9351709679126895,0.24291425943374634,0.2442566603422165,0.0013424009084701538,2.939835892077895e-05,0.9999706016410792,True,True,False,True,True,False,False,False,False,False,True,lowest_temporal_attack
1,medium_ratio_seed42,medium_mass_ratio_recalibrated,42,sealed_final_attack,attack,65,chunk88:65,processed/iotsim-ip-camera-street-1.csv,1737236415.246451,1372740,C&C Communication,ip-camera-street,0.2554421710952525,0.23844368580861264,0.999768421540297,0.276326060295105,0.24737006425857544,-0.02895599603652954,2.939835892077895e-05,0.9999706016410792,True,False,True,True,False,False,False,False,False,False,True,lowest_temporal_attack
1,medium_ratio_seed42,medium_mass_ratio_recalibrated,42,sealed_final_attack,attack,64,chunk88:64,processed/iotsim-ip-camera-street-1.csv,1737236399.740011,1365904,C&C Communication,ip-camera-street,0.48981219257249947,0.4728137072858596,0.9351709679126895,0.25474902987480164,0.2320629507303238,-0.022686079144477844,2.939835892077895e-05,0.9999706016410792,True,True,False,True,True,False,False,False,False,False,True,lowest_temporal_attack
1,medium_ratio_seed42,medium_mass_ratio_recalibrated,42,sealed_final_attack,attack,63,chunk88:63,processed/iotsim-ip-camera-street-1.csv,1737236399.739922,1365903,C&C Communication,ip-camera-street,0.2554421710952525,0.23844368580861264,0.999768421540297,0.26844680309295654,0.24496042728424072,-0.02348637580871582,2.939835892077895e-05,0.9999706016410792,True,False,True,True,False,False,False,False,False,False,True,lowest_temporal_attack
1,medium_ratio_seed42,medium_mass_ratio_recalibrated,42,sealed_final_attack,attack,62,chunk88:62,processed/iotsim-ip-camera-street-1.csv,1737236399.731935,1365902,C&C Communication,ip-camera-street,0.48981219257249947,0.4728137072858596,0.9351709679126895,0.25538939237594604,0.2435523122549057,-0.011837080121040344,2.939835892077895e-05,0.9999706016410792,True,True,False,True,True,False,False,False,False,False,True,lowest_temporal_attack
1,medium_ratio_seed42,medium_mass_ratio_recalibrated,42,sealed_final_attack,attack,61,chunk88:61,processed/iotsim-ip-camera-street-1.csv,1737236385.550833,1359696,C&C Communication,ip-camera-street,0.48981219257249947,0.4728137072858596,0.9351709679126895,0.23046110570430756,0.24552135169506073,0.015060245990753174,2.939835892077895e-05,0.9999706016410792,True,True,False,True,True,False,False,False,False,False,True,lowest_temporal_attack
1,medium_ratio_seed42,medium_mass_ratio_recalibrated,42,sealed_final_attack,attack,60,chunk88:60,processed/iotsim-ip-camera-street-1.csv,1737236385.550789,1359695,C&C Communication,ip-camera-street,0.2554421710952525,0.23844368580861264,0.999768421540297,0.2853897511959076,0.2471703141927719,-0.03821943700313568,2.939835892077895e-05,0.9999706016410792,True,False,True,True,False,False,False,False,False,False,True,lowest_temporal_attack
1,medium_ratio_seed42,medium_mass_ratio_recalibrated,42,sealed_final_attack,attack,59,chunk88:59,processed/iotsim-ip-camera-street-1.csv,1737236370.19391,1352887,C&C Communication,ip-camera-street,0.48981219257249947,0.4728137072858596,0.9351709679126895,0.2637054920196533,0.24495495855808258,-0.01875053346157074,2.939835892077895e-05,0.9999706016410792,True,True,False,True,True,False,False,False,False,False,True,lowest_temporal_attack
1,medium_ratio_seed42,medium_mass_ratio_recalibrated,42,sealed_final_attack,attack,1611,chunk90:290,processed/iotsim-ip-camera-street-1.csv,1737236049.058999,1228581,Ingress Tool Transfer,ip-camera-street,0.35395820268874556,0.3369597174021057,0.9936639724126856,0.17206323146820068,0.19653131067752838,0.024468079209327698,2.939835892077895e-05,0.9999706016410792,True,True,False,True,True,False,False,False,False,False,True,lowest_temporal_attack
1,medium_ratio_seed42,medium_mass_ratio_recalibrated,42,sealed_final_attack,attack,1610,chunk90:289,processed/iotsim-ip-camera-street-1.csv,1737236049.058959,1228580,Ingress Tool Transfer,ip-camera-street,0.35395820268874556,0.3369597174021057,0.9936639724126856,0.308325856924057,0.1980336755514145,-0.11029218137264252,2.939835892077895e-05,0.9999706016410792,True,True,False,True,True,False,False,False,False,False,True,lowest_temporal_attack
1,medium_ratio_seed42,medium_mass_ratio_recalibrated,42,sealed_final_attack,attack,1609,chunk90:288,processed/iotsim-ip-camera-street-1.csv,1737236049.04458,1228570,Ingress Tool Transfer,ip-camera-street,0.35395820268874556,0.3369597174021057,0.9936639724126856,0.17138977348804474,0.19704996049404144,0.025660187005996704,2.939835892077895e-05,0.9999706016410792,True,True,False,True,True,False,False,False,False,False,True,lowest_temporal_attack
1,medium_ratio_seed42,medium_mass_ratio_recalibrated,42,sealed_final_attack,attack,1608,chunk90:287,processed/iotsim-ip-camera-street-1.csv,1737236049.044525,1228568,Ingress Tool Transfer,ip-camera-street,0.35395820268874556,0.3369597174021057,0.9936639724126856,0.3069952428340912,0.19856174290180206,-0.10843349993228912,2.939835892077895e-05,0.9999706016410792,True,True,False,True,True,False,False,False,False,False,True,lowest_temporal_attack
1,medium_ratio_seed42,medium_mass_ratio_recalibrated,42,sealed_final_attack,attack,98,chunk89:8,processed/iotsim-ip-camera-street-1.csv,1737236028.166882,1220714,File Download,ip-camera-street,0.2562143450834148,0.2392158597967749,0.9992936138306769,2.0739924907684326,0.22574779391288757,-1.8482446670532227,2.939835892077895e-05,0.9999706016410792,True,False,True,True,False,False,False,False,False,False,True,lowest_temporal_attack
1,medium_ratio_seed42,medium_mass_ratio_recalibrated,42,sealed_final_attack,attack,89,chunk88:89,processed/iotsim-ip-camera-street-1.csv,1737237499.877536,1511872,C&C Communication,ip-camera-street,0.4779314669754346,0.4609329816887947,0.9351709679126895,0.15162554383277893,0.4221022129058838,0.27047666907310486,2.939835892077895e-05,0.9999706016410792,True,True,False,True,True,False,False,False,False,False,True,lowest_temporal_attack
1,medium_ratio_seed42,medium_mass_ratio_recalibrated,42,sealed_final_attack,attack,88,chunk88:88,processed/iotsim-ip-camera-street-1.csv,1737237499.877491,1511871,C&C Communication,ip-camera-street,0.27660005836957285,0.25960157308293297,0.9931916513835755,0.06247267872095108,0.3328569233417511,0.2703842520713806,2.939835892077895e-05,0.9999706016410792,True,True,False,True,True,False,False,False,False,False,True,lowest_temporal_attack
1,medium_ratio_seed42,medium_mass_ratio_recalibrated,42,sealed_final_attack,attack,87,chunk88:87,processed/iotsim-ip-camera-street-1.csv,1737237499.872133,1511870,C&C Communication,ip-camera-street,0.48318414668730153,0.46618566140066164,0.9351709679126895,0.12753555178642273,0.49361416697502136,0.36607861518859863,2.939835892077895e-05,0.9999706016410792,True,True,False,True,True,False,False,False,False,False,True,lowest_temporal_attack
1,medium_ratio_seed42,medium_mass_ratio_recalibrated,42,sealed_final_attack,attack,86,chunk88:86,processed/iotsim-ip-camera-street-1.csv,1737237499.613827,1511832,C&C Communication,ip-camera-street,0.27660005836957285,0.25960157308293297,0.9931916513835755,0.133906751871109,0.36241641640663147,0.22850966453552246,2.939835892077895e-05,0.9999706016410792,True,True,False,True,True,False,False,False,False,False,True,lowest_temporal_attack
1,medium_ratio_seed42,medium_mass_ratio_recalibrated,42,sealed_final_attack,attack,85,chunk88:85,processed/iotsim-ip-camera-street-1.csv,1737237499.608787,1511831,C&C Communication,ip-camera-street,0.4779314669754346,0.4609329816887947,0.9351709679126895,0.18973857164382935,0.622920036315918,0.4331814646720886,2.939835892077895e-05,0.9999706016410792,True,True,False,True,True,False,False,False,False,False,True,lowest_temporal_attack
1,medium_ratio_seed42,medium_mass_ratio_recalibrated,42,sealed_final_attack,attack,84,chunk88:84,processed/iotsim-ip-camera-street-1.csv,1737237499.608751,1511830,C&C Communication,ip-camera-street,0.27660005836957285,0.25960157308293297,0.9931916513835755,0.13307644426822662,0.4207397401332855,0.2876632809638977,2.939835892077895e-05,0.9999706016410792,True,True,False,True,True,False,False,False,False,False,True,lowest_temporal_attack
1,medium_ratio_seed42,medium_mass_ratio_recalibrated,42,sealed_final_attack,attack,79,chunk88:79,processed/iotsim-ip-camera-street-1.csv,1737237167.399155,1477598,C&C Communication,ip-camera-street,0.48318414668730153,0.46618566140066164,0.9351709679126895,0.23113800585269928,0.6450604200363159,0.41392242908477783,2.939835892077895e-05,0.9999706016410792,True,True,False,True,True,False,False,False,False,False,True,lowest_temporal_attack
1,medium_ratio_seed42,medium_mass_ratio_recalibrated,42,sealed_final_attack,attack,78,chunk88:78,processed/iotsim-ip-camera-street-1.csv,1737237167.399094,1477597,C&C Communication,ip-camera-street,0.2722122275754865,0.25521374228884663,0.9931916513835755,0.13834035396575928,0.4181792140007019,0.2798388600349426,2.939835892077895e-05,0.9999706016410792,True,True,False,True,True,False,False,False,False,False,True,lowest_temporal_attack
1,medium_ratio_seed42,medium_mass_ratio_recalibrated,42,sealed_final_attack,attack,77,chunk88:77,processed/iotsim-ip-camera-street-1.csv,1737237167.391179,1477592,C&C Communication,ip-camera-street,0.4776831733082971,0.46068468802165724,0.9351709679126895,0.21471300721168518,0.6734905242919922,0.458777517080307,2.939835892077895e-05,0.9999706016410792,True,True,False,True,True,False,False,False,False,False,True,lowest_temporal_attack
1,medium_ratio_seed42,medium_mass_ratio_recalibrated,42,sealed_final_attack,attack,76,chunk88:76,processed/iotsim-ip-camera-street-1.csv,1737237165.869466,1477274,C&C Communication,ip-camera-street,0.018189965613972243,0.0011914803273323712,0.999768421540297,0.2177981585264206,0.6043457984924316,0.38654762506484985,2.939835892077895e-05,0.9999706016410792,True,False,True,True,False,False,False,False,False,False,True,lowest_temporal_attack
1,medium_ratio_seed42,medium_mass_ratio_recalibrated,42,sealed_final_attack,attack,75,chunk88:75,processed/iotsim-ip-camera-street-1.csv,1737237165.864456,1477273,C&C Communication,ip-camera-street,0.04247363798050278,0.025475152693862906,0.999768421540297,0.20632372796535492,1.2027802467346191,0.996456503868103,2.939835892077895e-05,0.9999706016410792,True,False,True,True,False,False,False,False,False,False,True,lowest_temporal_attack
1,medium_ratio_seed42,medium_mass_ratio_recalibrated,42,sealed_final_attack,attack,110103,chunk99:14999,processed/iotsim-ip-camera-street-1.csv,1737236633.01373,1407903,Telnet Brute Force,ip-camera-street,0.29860560371024786,0.28160711842360797,0.9936639724126856,0.30390340089797974,0.2862786650657654,-0.017624735832214355,2.939835892077895e-05,0.9999706016410792,True,True,False,True,True,False,False,False,False,False,True,highest_temporal_ood_risk
1,medium_ratio_seed42,medium_mass_ratio_recalibrated,42,sealed_final_attack,attack,110087,chunk99:14983,processed/iotsim-ip-camera-street-1.csv,1737236632.891813,1407856,Telnet Brute Force,ip-camera-street,0.29860560371024786,0.28160711842360797,0.9936639724126856,0.2660834789276123,0.31545889377593994,0.04937541484832764,2.939835892077895e-05,0.9999706016410792,True,True,False,True,True,False,False,False,False,False,True,highest_temporal_ood_risk
1,medium_ratio_seed42,medium_mass_ratio_recalibrated,42,sealed_final_attack,attack,110086,chunk99:14982,processed/iotsim-ip-camera-street-1.csv,1737236632.891785,1407855,Telnet Brute Force,ip-camera-street,0.29860560371024786,0.28160711842360797,0.9936639724126856,0.26609793305397034,0.3153189420700073,0.04922100901603699,2.939835892077895e-05,0.9999706016410792,True,True,False,True,True,False,False,False,False,False,True,highest_temporal_ood_risk
1,medium_ratio_seed42,medium_mass_ratio_recalibrated,42,sealed_final_attack,attack,110085,chunk99:14981,processed/iotsim-ip-camera-street-1.csv,1737236632.885615,1407854,Telnet Brute Force,ip-camera-street,0.29860560371024786,0.28160711842360797,0.9936639724126856,0.3035491704940796,0.28566423058509827,-0.017884939908981323,2.939835892077895e-05,0.9999706016410792,True,True,False,True,True,False,False,False,False,False,True,highest_temporal_ood_risk
1,medium_ratio_seed42,medium_mass_ratio_recalibrated,42,sealed_final_attack,attack,110084,chunk99:14980,processed/iotsim-ip-camera-street-1.csv,1737236632.885503,1407853,Telnet Brute Force,ip-camera-street,0.29860560371024786,0.28160711842360797,0.9993375498110438,0.3039906620979309,0.2856914699077606,-0.018299192190170288,2.939835892077895e-05,0.9999706016410792,True,True,False,True,True,False,False,False,False,False,True,highest_temporal_ood_risk
1,medium_ratio_seed42,medium_mass_ratio_recalibrated,42,sealed_final_attack,attack,110083,chunk99:14979,processed/iotsim-ip-camera-street-1.csv,1737236632.885195,1407852,Telnet Brute Force,ip-camera-street,0.29860560371024786,0.28160711842360797,0.9993375498110438,0.304614782333374,0.2857188582420349,-0.01889592409133911,2.939835892077895e-05,0.9999706016410792,True,True,False,True,True,False,False,False,False,False,True,highest_temporal_ood_risk
1,medium_ratio_seed42,medium_mass_ratio_recalibrated,42,sealed_final_attack,attack,110082,chunk99:14978,processed/iotsim-ip-camera-street-1.csv,1737236632.885118,1407851,Telnet Brute Force,ip-camera-street,0.29860560371024786,0.28160711842360797,0.9936639724126856,0.26895996928215027,0.31538406014442444,0.04642409086227417,2.939835892077895e-05,0.9999706016410792,True,True,False,True,True,False,False,False,False,False,True,highest_temporal_ood_risk
1,medium_ratio_seed42,medium_mass_ratio_recalibrated,42,sealed_final_attack,attack,110081,chunk99:14977,processed/iotsim-ip-camera-street-1.csv,1737236632.885009,1407850,Telnet Brute Force,ip-camera-street,0.29860560371024786,0.28160711842360797,0.9993375498110438,0.3058508038520813,0.2857482433319092,-0.02010256052017212,2.939835892077895e-05,0.9999706016410792,True,True,False,True,True,False,False,False,False,False,True,highest_temporal_ood_risk
1,medium_ratio_seed42,medium_mass_ratio_recalibrated,42,sealed_final_attack,attack,110080,chunk99:14976,processed/iotsim-ip-camera-street-1.csv,1737236632.884962,1407849,Telnet Brute Force,ip-camera-street,0.29860560371024786,0.28160711842360797,0.9936639724126856,0.27017930150032043,0.3161400556564331,0.04596075415611267,2.939835892077895e-05,0.9999706016410792,True,True,False,True,True,False,False,False,False,False,True,highest_temporal_ood_risk
1,medium_ratio_seed42,medium_mass_ratio_recalibrated,42,sealed_final_attack,attack,110079,chunk99:14975,processed/iotsim-ip-camera-street-1.csv,1737236632.882466,1407848,Telnet Brute Force,ip-camera-street,0.29860560371024786,0.28160711842360797,0.9993375498110438,0.30743294954299927,0.28576764464378357,-0.021665304899215698,2.939835892077895e-05,0.9999706016410792,True,True,False,True,True,False,False,False,False,False,True,highest_temporal_ood_risk
1,medium_ratio_seed42,medium_mass_ratio_recalibrated,42,sealed_final_attack,attack,110078,chunk99:14974,processed/iotsim-ip-camera-street-1.csv,1737236632.882403,1407847,Telnet Brute Force,ip-camera-street,0.29860560371024786,0.28160711842360797,0.9993375498110438,0.30846908688545227,0.285800039768219,-0.022669047117233276,2.939835892077895e-05,0.9999706016410792,True,True,False,True,True,False,False,False,False,False,True,highest_temporal_ood_risk
1,medium_ratio_seed42,medium_mass_ratio_recalibrated,42,sealed_final_attack,attack,110077,chunk99:14973,processed/iotsim-ip-camera-street-1.csv,1737236632.881187,1407846,Telnet Brute Force,ip-camera-street,0.29860560371024786,0.28160711842360797,0.9936639724126856,0.273235559463501,0.3167545199394226,0.04351896047592163,2.939835892077895e-05,0.9999706016410792,True,True,False,True,True,False,False,False,False,False,True,highest_temporal_ood_risk
1,medium_ratio_seed42,medium_mass_ratio_recalibrated,42,sealed_final_attack,attack,110076,chunk99:14972,processed/iotsim-ip-camera-street-1.csv,1737236632.881166,1407845,Telnet Brute Force,ip-camera-street,0.29860560371024786,0.28160711842360797,0.9936639724126856,0.27323681116104126,0.3167412579059601,0.04350444674491882,2.939835892077895e-05,0.9999706016410792,True,True,False,True,True,False,False,False,False,False,True,highest_temporal_ood_risk
1,medium_ratio_seed42,medium_mass_ratio_recalibrated,42,sealed_final_attack,attack,110075,chunk99:14971,processed/iotsim-ip-camera-street-1.csv,1737236632.876033,1407844,Telnet Brute Force,ip-camera-street,0.29860560371024786,0.28160711842360797,0.9993375498110438,0.30976051092147827,0.2858085334300995,-0.023951977491378784,2.939835892077895e-05,0.9999706016410792,True,True,False,True,True,False,False,False,False,False,True,highest_temporal_ood_risk
1,medium_ratio_seed42,medium_mass_ratio_recalibrated,42,sealed_final_attack,attack,110074,chunk99:14970,processed/iotsim-ip-camera-street-1.csv,1737236632.87582,1407843,Telnet Brute Force,ip-camera-street,0.29860560371024786,0.28160711842360797,0.9936639724126856,0.275085985660553,0.3167380392551422,0.04165205359458923,2.939835892077895e-05,0.9999706016410792,True,True,False,True,True,False,False,False,False,False,True,highest_temporal_ood_risk
1,medium_ratio_seed42,medium_mass_ratio_recalibrated,42,sealed_final_attack,attack,110073,chunk99:14969,processed/iotsim-ip-camera-street-1.csv,1737236632.875746,1407842,Telnet Brute Force,ip-camera-street,0.29860560371024786,0.28160711842360797,0.9936639724126856,0.3115465044975281,0.2858424782752991,-0.025704026222229004,2.939835892077895e-05,0.9999706016410792,True,True,False,True,True,False,False,False,False,False,True,highest_temporal_ood_risk
1,medium_ratio_seed42,medium_mass_ratio_recalibrated,42,sealed_final_attack,attack,110072,chunk99:14968,processed/iotsim-ip-camera-street-1.csv,1737236632.875694,1407841,Telnet Brute Force,ip-camera-street,0.29860560371024786,0.28160711842360797,0.9936639724126856,0.2771902084350586,0.31677138805389404,0.03958117961883545,2.939835892077895e-05,0.9999706016410792,True,True,False,True,True,False,False,False,False,False,True,highest_temporal_ood_risk
1,medium_ratio_seed42,medium_mass_ratio_recalibrated,42,sealed_final_attack,attack,43,chunk88:43,processed/iotsim-ip-camera-street-1.csv,1737236265.74183,1306823,C&C Communication,ip-camera-street,0.049451559226191426,0.032453073939551554,0.999768421540297,0.2998867630958557,0.24544832110404968,-0.05443844199180603,2.939835892077895e-05,0.9999706016410792,True,False,True,True,False,False,False,False,False,False,True,highest_temporal_ood_risk
1,medium_ratio_seed42,medium_mass_ratio_recalibrated,42,sealed_final_attack,attack,42,chunk88:42,processed/iotsim-ip-camera-street-1.csv,1737236265.741777,1306822,C&C Communication,ip-camera-street,0.018251585228630348,0.0012530999419904758,0.999768421540297,0.2724018692970276,0.2468883991241455,-0.02551347017288208,2.939835892077895e-05,0.9999706016410792,True,False,True,True,False,False,False,False,False,False,True,highest_temporal_ood_risk
1,medium_ratio_seed42,medium_mass_ratio_recalibrated,42,sealed_final_attack,attack,41,chunk88:41,processed/iotsim-ip-camera-street-1.csv,1737236250.389971,1300575,C&C Communication,ip-camera-street,0.049451559226191426,0.032453073939551554,0.999768421540297,0.24835965037345886,0.24490495026111603,-0.0034547001123428345,2.939835892077895e-05,0.9999706016410792,True,False,True,True,False,False,False,False,False,False,True,highest_temporal_ood_risk
1,medium_ratio_seed42,medium_mass_ratio_recalibrated,42,sealed_final_attack,attack,40,chunk88:40,processed/iotsim-ip-camera-street-1.csv,1737236250.389924,1300574,C&C Communication,ip-camera-street,0.018251585228630348,0.0012530999419904758,0.999768421540297,0.3084501624107361,0.24679894745349884,-0.061651214957237244,2.939835892077895e-05,0.9999706016410792,True,False,True,True,False,False,False,False,False,False,True,highest_temporal_ood_risk
1,medium_ratio_seed42,medium_mass_ratio_recalibrated,42,sealed_final_attack,attack,39,chunk88:39,processed/iotsim-ip-camera-street-1.csv,1737236235.030848,1294114,C&C Communication,ip-camera-street,0.049451559226191426,0.032453073939551554,0.999768421540297,0.25026699900627136,0.24406315386295319,-0.006203845143318176,2.939835892077895e-05,0.9999706016410792,True,False,True,True,False,False,False,False,False,False,True,highest_temporal_ood_risk
1,medium_ratio_seed42,medium_mass_ratio_recalibrated,42,sealed_final_attack,attack,38,chunk88:38,processed/iotsim-ip-camera-street-1.csv,1737236235.030823,1294111,C&C Communication,ip-camera-street,0.018251585228630348,0.0012530999419904758,0.999768421540297,0.30561959743499756,0.24684260785579681,-0.058776989579200745,2.939835892077895e-05,0.9999706016410792,True,False,True,True,False,False,False,False,False,False,True,highest_temporal_ood_risk
1,medium_ratio_seed42,medium_mass_ratio_recalibrated,42,sealed_final_attack,attack,37,chunk88:37,processed/iotsim-ip-camera-street-1.csv,1737236219.548157,1287489,C&C Communication,ip-camera-street,0.04440659762513651,0.02740811233849664,0.999768421540297,0.26263323426246643,0.2319170981645584,-0.03071613609790802,2.939835892077895e-05,0.9999706016410792,True,False,True,True,False,False,False,False,False,False,True,highest_temporal_ood_risk
1,medium_ratio_seed42,medium_mass_ratio_recalibrated,42,sealed_final_attack,attack,36,chunk88:36,processed/iotsim-ip-camera-street-1.csv,1737236219.548118,1287488,C&C Communication,ip-camera-street,0.018251585228630348,0.0012530999419904758,0.999768421540297,0.305759072303772,0.24445994198322296,-0.06129913032054901,2.939835892077895e-05,0.9999706016410792,True,False,True,True,False,False,False,False,False,False,True,highest_temporal_ood_risk
1,medium_ratio_seed42,medium_mass_ratio_recalibrated,42,sealed_final_attack,attack,35,chunk88:35,processed/iotsim-ip-camera-street-1.csv,1737236219.542599,1287487,C&C Communication,ip-camera-street,0.049451559226191426,0.032453073939551554,0.999768421540297,0.2638245224952698,0.24341753125190735,-0.020406991243362427,2.939835892077895e-05,0.9999706016410792,True,False,True,True,False,False,False,False,False,False,True,highest_temporal_ood_risk
1,medium_ratio_seed42,medium_mass_ratio_recalibrated,42,sealed_final_attack,attack,34,chunk88:34,processed/iotsim-ip-camera-street-1.csv,1737236205.333071,1282748,C&C Communication,ip-camera-street,0.049451559226191426,0.032453073939551554,0.999768421540297,0.2530723512172699,0.24532997608184814,-0.007742375135421753,2.939835892077895e-05,0.9999706016410792,True,False,True,True,False,False,False,False,False,False,True,highest_temporal_ood_risk
1,medium_ratio_seed42,medium_mass_ratio_recalibrated,42,sealed_final_attack,attack,33,chunk88:33,processed/iotsim-ip-camera-street-1.csv,1737236205.333041,1282747,C&C Communication,ip-camera-street,0.018251585228630348,0.0012530999419904758,0.999768421540297,0.3329817056655884,0.24657517671585083,-0.08640652894973755,2.939835892077895e-05,0.9999706016410792,True,False,True,True,False,False,False,False,False,False,True,highest_temporal_ood_risk
1,medium_ratio_seed42,medium_mass_ratio_recalibrated,42,sealed_final_attack,attack,32,chunk88:32,processed/iotsim-ip-camera-street-1.csv,1737236189.964955,1276594,C&C Communication,ip-camera-street,0.049451559226191426,0.032453073939551554,0.999768421540297,0.3009294271469116,0.24470138549804688,-0.056228041648864746,2.939835892077895e-05,0.9999706016410792,True,False,True,True,False,False,False,False,False,False,True,highest_temporal_ood_risk
1,medium_ratio_seed42,medium_mass_ratio_recalibrated,42,sealed_final_attack,attack,31,chunk88:31,processed/iotsim-ip-camera-street-1.csv,1737236189.964914,1276593,C&C Communication,ip-camera-street,0.018251585228630348,0.0012530999419904758,0.999768421540297,0.28849226236343384,0.24637292325496674,-0.0421193391084671,2.939835892077895e-05,0.9999706016410792,True,False,True,True,False,False,False,False,False,False,True,highest_temporal_ood_risk
1,medium_ratio_seed42,medium_mass_ratio_recalibrated,42,sealed_final_attack,attack,30,chunk88:30,processed/iotsim-ip-camera-street-1.csv,1737236174.607697,1270732,C&C Communication,ip-camera-street,0.049451559226191426,0.032453073939551554,0.999768421540297,0.2626663148403168,0.2432100623846054,-0.019456252455711365,2.939835892077895e-05,0.9999706016410792,True,False,True,True,False,False,False,False,False,False,True,highest_temporal_ood_risk
1,medium_ratio_seed42,medium_mass_ratio_recalibrated,42,sealed_final_attack,attack,29,chunk88:29,processed/iotsim-ip-camera-street-1.csv,1737236174.607647,1270731,C&C Communication,ip-camera-street,0.018251585228630348,0.0012530999419904758,0.999768421540297,0.3229503333568573,0.2457040250301361,-0.07724630832672119,2.939835892077895e-05,0.9999706016410792,True,False,True,True,False,False,False,False,False,False,True,highest_temporal_ood_risk
1,medium_ratio_seed42,medium_mass_ratio_recalibrated,42,sealed_final_attack,attack,28,chunk88:28,processed/iotsim-ip-camera-street-1.csv,1737236159.483511,1265153,C&C Communication,ip-camera-street,0.04440659762513651,0.02740811233849664,0.999768421540297,0.3122946619987488,0.23167136311531067,-0.08062329888343811,2.939835892077895e-05,0.9999706016410792,True,False,True,True,False,False,False,False,False,False,True,highest_temporal_ood_risk
1,medium_ratio_seed42,medium_mass_ratio_recalibrated,42,sealed_final_attack,attack,59,chunk88:59,processed/iotsim-ip-camera-street-1.csv,1737236370.19391,1352887,C&C Communication,ip-camera-street,0.48981219257249947,0.4728137072858596,0.9351709679126895,0.2637054920196533,0.24495495855808258,-0.01875053346157074,2.939835892077895e-05,0.9999706016410792,True,True,False,True,True,False,False,False,False,False,True,highest_temporal_ood_risk
1,medium_ratio_seed42,medium_mass_ratio_recalibrated,42,sealed_final_attack,attack,58,chunk88:58,processed/iotsim-ip-camera-street-1.csv,1737236370.193869,1352886,C&C Communication,ip-camera-street,0.2554421710952525,0.23844368580861264,0.999768421540297,0.26864391565322876,0.24708348512649536,-0.0215604305267334,2.939835892077895e-05,0.9999706016410792,True,False,True,True,False,False,False,False,False,False,True,highest_temporal_ood_risk
1,medium_ratio_seed42,medium_mass_ratio_recalibrated,42,sealed_final_attack,attack,57,chunk88:57,processed/iotsim-ip-camera-street-1.csv,1737236354.830573,1345485,C&C Communication,ip-camera-street,0.48981219257249947,0.4728137072858596,0.9351709679126895,0.31713277101516724,0.2435263991355896,-0.07360637187957764,2.939835892077895e-05,0.9999706016410792,True,True,False,True,True,False,False,False,False,False,True,highest_temporal_ood_risk
1,medium_ratio_seed42,medium_mass_ratio_recalibrated,42,sealed_final_attack,attack,56,chunk88:56,processed/iotsim-ip-camera-street-1.csv,1737236354.830507,1345484,C&C Communication,ip-camera-street,0.2554421710952525,0.23844368580861264,0.999768421540297,0.25786256790161133,0.24654200673103333,-0.011320561170578003,2.939835892077895e-05,0.9999706016410792,True,False,True,True,False,False,False,False,False,False,True,highest_temporal_ood_risk
1,medium_ratio_seed42,medium_mass_ratio_recalibrated,42,sealed_final_attack,attack,55,chunk88:55,processed/iotsim-ip-camera-street-1.csv,1737236339.679473,1338025,C&C Communication,ip-camera-street,0.48981219257249947,0.4728137072858596,0.8196038277339692,0.23953354358673096,0.23196212947368622,-0.007571414113044739,2.939835892077895e-05,0.9999706016410792,True,True,False,True,True,False,False,False,False,False,True,highest_temporal_ood_risk
1,medium_ratio_seed42,medium_mass_ratio_recalibrated,42,sealed_final_attack,attack,54,chunk88:54,processed/iotsim-ip-camera-street-1.csv,1737236339.679429,1338024,C&C Communication,ip-camera-street,0.2554421710952525,0.23844368580861264,0.999768421540297,0.31383591890335083,0.24457097053527832,-0.06926494836807251,2.939835892077895e-05,0.9999706016410792,True,False,True,True,False,False,False,False,False,False,True,highest_temporal_ood_risk
1,medium_ratio_seed42,medium_mass_ratio_recalibrated,42,sealed_final_attack,attack,53,chunk88:53,processed/iotsim-ip-camera-street-1.csv,1737236339.67261,1338023,C&C Communication,ip-camera-street,0.48981219257249947,0.4728137072858596,0.8196038277339692,0.23921313881874084,0.24323968589305878,0.004026547074317932,2.939835892077895e-05,0.9999706016410792,True,True,False,True,True,False,False,False,False,False,True,highest_temporal_ood_risk
1,medium_ratio_seed42,medium_mass_ratio_recalibrated,42,sealed_final_attack,attack,52,chunk88:52,processed/iotsim-ip-camera-street-1.csv,1737236325.646732,1333155,C&C Communication,ip-camera-street,0.08914388257864236,0.07214539729200249,0.999768421540297,0.22574082016944885,0.24549013376235962,0.019749313592910767,2.939835892077895e-05,0.9999706016410792,True,False,True,True,False,False,False,False,False,False,True,highest_temporal_ood_risk
1,medium_ratio_seed42,medium_mass_ratio_recalibrated,42,sealed_final_attack,attack,51,chunk88:51,processed/iotsim-ip-camera-street-1.csv,1737236325.646689,1333154,C&C Communication,ip-camera-street,0.03379148463067774,0.01679299934403787,0.999768421540297,0.3052062392234802,0.24705617129802704,-0.058150067925453186,2.939835892077895e-05,0.9999706016410792,True,False,True,True,False,False,False,False,False,False,True,highest_temporal_ood_risk
1,medium_ratio_seed42,medium_mass_ratio_recalibrated,42,sealed_final_attack,attack,50,chunk88:50,processed/iotsim-ip-camera-street-1.csv,1737236310.29454,1325523,C&C Communication,ip-camera-street,0.08914388257864236,0.07214539729200249,0.999768421540297,0.32087329030036926,0.2449498325586319,-0.07592345774173737,2.939835892077895e-05,0.9999706016410792,True,False,True,True,False,False,False,False,False,False,True,highest_temporal_ood_risk
1,medium_ratio_seed42,medium_mass_ratio_recalibrated,42,sealed_final_attack,attack,49,chunk88:49,processed/iotsim-ip-camera-street-1.csv,1737236310.2945,1325522,C&C Communication,ip-camera-street,0.03379148463067774,0.01679299934403787,0.999768421540297,0.26422110199928284,0.24698425829410553,-0.017236843705177307,2.939835892077895e-05,0.9999706016410792,True,False,True,True,False,False,False,False,False,False,True,highest_temporal_ood_risk
1,medium_ratio_seed42,medium_mass_ratio_recalibrated,42,sealed_final_attack,attack,48,chunk88:48,processed/iotsim-ip-camera-street-1.csv,1737236294.925676,1319050,C&C Communication,ip-camera-street,0.049451559226191426,0.032453073939551554,0.999768421540297,0.25733649730682373,0.2437831312417984,-0.01355336606502533,2.939835892077895e-05,0.9999706016410792,True,False,True,True,False,False,False,False,False,False,True,highest_temporal_ood_risk
1,medium_ratio_seed42,medium_mass_ratio_recalibrated,42,sealed_final_attack,attack,47,chunk88:47,processed/iotsim-ip-camera-street-1.csv,1737236294.925633,1319049,C&C Communication,ip-camera-street,0.018251585228630348,0.0012530999419904758,0.999768421540297,0.2821638882160187,0.24669726192951202,-0.03546662628650665,2.939835892077895e-05,0.9999706016410792,True,False,True,True,False,False,False,False,False,False,True,highest_temporal_ood_risk
1,medium_ratio_seed42,medium_mass_ratio_recalibrated,42,sealed_final_attack,attack,46,chunk88:46,processed/iotsim-ip-camera-street-1.csv,1737236279.613271,1312822,C&C Communication,ip-camera-street,0.04440659762513651,0.02740811233849664,0.999768421540297,0.2664225995540619,0.23184041678905487,-0.03458218276500702,2.939835892077895e-05,0.9999706016410792,True,False,True,True,False,False,False,False,False,False,True,highest_temporal_ood_risk
1,medium_ratio_seed42,medium_mass_ratio_recalibrated,42,sealed_final_attack,attack,45,chunk88:45,processed/iotsim-ip-camera-street-1.csv,1737236279.613232,1312821,C&C Communication,ip-camera-street,0.018251585228630348,0.0012530999419904758,0.999768421540297,0.28086110949516296,0.24411746859550476,-0.0367436408996582,2.939835892077895e-05,0.9999706016410792,True,False,True,True,False,False,False,False,False,False,True,highest_temporal_ood_risk
1,medium_ratio_seed42,medium_mass_ratio_recalibrated,42,sealed_final_attack,attack,44,chunk88:44,processed/iotsim-ip-camera-street-1.csv,1737236279.607598,1312819,C&C Communication,ip-camera-street,0.049451559226191426,0.032453073939551554,0.999768421540297,0.2670758068561554,0.24290180206298828,-0.024174004793167114,2.939835892077895e-05,0.9999706016410792,True,False,True,True,False,False,False,False,False,False,True,highest_temporal_ood_risk
1,medium_ratio_seed42,medium_mass_ratio_recalibrated,42,sealed_final_attack,attack,75,chunk88:75,processed/iotsim-ip-camera-street-1.csv,1737237165.864456,1477273,C&C Communication,ip-camera-street,0.04247363798050278,0.025475152693862906,0.999768421540297,0.20632372796535492,1.2027802467346191,0.996456503868103,2.939835892077895e-05,0.9999706016410792,True,False,True,True,False,False,False,False,False,False,True,highest_temporal_ood_risk
1,medium_ratio_seed42,medium_mass_ratio_recalibrated,42,sealed_final_attack,attack,74,chunk88:74,processed/iotsim-ip-camera-street-1.csv,1737237165.864418,1477272,C&C Communication,ip-camera-street,0.018189965613972243,0.0011914803273323712,0.999768421540297,0.2172483652830124,0.7453525066375732,0.5281041264533997,2.939835892077895e-05,0.9999706016410792,True,False,True,True,False,False,False,False,False,False,True,highest_temporal_ood_risk
1,medium_ratio_seed42,medium_mass_ratio_recalibrated,42,sealed_final_attack,attack,73,chunk88:73,processed/iotsim-ip-camera-street-1.csv,1737237165.859131,1477271,C&C Communication,ip-camera-street,0.04333772519034182,0.026339239903701947,0.999768421540297,0.20670045912265778,1.2060046195983887,0.9993041753768921,2.939835892077895e-05,0.9999706016410792,True,False,True,True,False,False,False,False,False,False,True,highest_temporal_ood_risk
1,medium_ratio_seed42,medium_mass_ratio_recalibrated,42,sealed_final_attack,attack,72,chunk88:72,processed/iotsim-ip-camera-street-1.csv,1737237165.859094,1477270,C&C Communication,ip-camera-street,0.04243318462523751,0.02543469933859764,0.999768421540297,0.20709368586540222,1.2167890071868896,1.009695291519165,2.939835892077895e-05,0.9999706016410792,True,False,True,True,False,False,False,False,False,False,True,highest_temporal_ood_risk
1,medium_ratio_seed42,medium_mass_ratio_recalibrated,42,sealed_final_attack,attack,71,chunk88:71,processed/iotsim-ip-camera-street-1.csv,1737237165.859039,1477269,C&C Communication,ip-camera-street,0.03355062213188635,0.01655213684524648,0.999768421540297,0.21612001955509186,0.3838709890842438,0.16775096952915192,2.939835892077895e-05,0.9999706016410792,True,False,True,True,False,False,False,False,False,False,True,highest_temporal_ood_risk
1,medium_ratio_seed42,medium_mass_ratio_recalibrated,42,sealed_final_attack,attack,70,chunk88:70,processed/iotsim-ip-camera-street-1.csv,1737237165.842818,1477268,C&C Communication,ip-camera-street,0.04243318462523751,0.02543469933859764,0.999768421540297,0.20745471119880676,1.2671040296554565,1.0596493482589722,2.939835892077895e-05,0.9999706016410792,True,False,True,True,False,False,False,False,False,False,True,highest_temporal_ood_risk
1,medium_ratio_seed42,medium_mass_ratio_recalibrated,42,sealed_final_attack,attack,69,chunk88:69,processed/iotsim-ip-camera-street-1.csv,1737236425.157435,1377098,C&C Communication,ip-camera-street,0.48981219257249947,0.4728137072858596,0.9351709679126895,0.23265449702739716,0.22972823679447174,-0.002926260232925415,2.939835892077895e-05,0.9999706016410792,True,True,False,True,True,False,False,False,False,False,True,highest_temporal_ood_risk
1,medium_ratio_seed42,medium_mass_ratio_recalibrated,42,sealed_final_attack,attack,68,chunk88:68,processed/iotsim-ip-camera-street-1.csv,1737236425.157396,1377095,C&C Communication,ip-camera-street,0.2554421710952525,0.23844368580861264,0.999768421540297,0.293777734041214,0.23807761073112488,-0.05570012331008911,2.939835892077895e-05,0.9999706016410792,True,False,True,True,False,False,False,False,False,False,True,highest_temporal_ood_risk
1,medium_ratio_seed42,medium_mass_ratio_recalibrated,42,sealed_final_attack,attack,67,chunk88:67,processed/iotsim-ip-camera-street-1.csv,1737236425.141351,1376900,C&C Communication,ip-camera-street,0.48981219257249947,0.4728137072858596,0.9351709679126895,0.31716614961624146,0.2359858751296997,-0.08118027448654175,2.939835892077895e-05,0.9999706016410792,True,True,False,True,True,False,False,False,False,False,True,highest_temporal_ood_risk
1,medium_ratio_seed42,medium_mass_ratio_recalibrated,42,sealed_final_attack,attack,66,chunk88:66,processed/iotsim-ip-camera-street-1.csv,1737236415.246479,1372741,C&C Communication,ip-camera-street,0.48981219257249947,0.4728137072858596,0.9351709679126895,0.24291425943374634,0.2442566603422165,0.0013424009084701538,2.939835892077895e-05,0.9999706016410792,True,True,False,True,True,False,False,False,False,False,True,highest_temporal_ood_risk
1,medium_ratio_seed42,medium_mass_ratio_recalibrated,42,sealed_final_attack,attack,65,chunk88:65,processed/iotsim-ip-camera-street-1.csv,1737236415.246451,1372740,C&C Communication,ip-camera-street,0.2554421710952525,0.23844368580861264,0.999768421540297,0.276326060295105,0.24737006425857544,-0.02895599603652954,2.939835892077895e-05,0.9999706016410792,True,False,True,True,False,False,False,False,False,False,True,highest_temporal_ood_risk
1,medium_ratio_seed42,medium_mass_ratio_recalibrated,42,sealed_final_attack,attack,64,chunk88:64,processed/iotsim-ip-camera-street-1.csv,1737236399.740011,1365904,C&C Communication,ip-camera-street,0.48981219257249947,0.4728137072858596,0.9351709679126895,0.25474902987480164,0.2320629507303238,-0.022686079144477844,2.939835892077895e-05,0.9999706016410792,True,True,False,True,True,False,False,False,False,False,True,highest_temporal_ood_risk
1,medium_ratio_seed42,medium_mass_ratio_recalibrated,42,sealed_final_attack,attack,63,chunk88:63,processed/iotsim-ip-camera-street-1.csv,1737236399.739922,1365903,C&C Communication,ip-camera-street,0.2554421710952525,0.23844368580861264,0.999768421540297,0.26844680309295654,0.24496042728424072,-0.02348637580871582,2.939835892077895e-05,0.9999706016410792,True,False,True,True,False,False,False,False,False,False,True,highest_temporal_ood_risk
1,medium_ratio_seed42,medium_mass_ratio_recalibrated,42,sealed_final_attack,attack,62,chunk88:62,processed/iotsim-ip-camera-street-1.csv,1737236399.731935,1365902,C&C Communication,ip-camera-street,0.48981219257249947,0.4728137072858596,0.9351709679126895,0.25538939237594604,0.2435523122549057,-0.011837080121040344,2.939835892077895e-05,0.9999706016410792,True,True,False,True,True,False,False,False,False,False,True,highest_temporal_ood_risk
1,medium_ratio_seed42,medium_mass_ratio_recalibrated,42,sealed_final_attack,attack,61,chunk88:61,processed/iotsim-ip-camera-street-1.csv,1737236385.550833,1359696,C&C Communication,ip-camera-street,0.48981219257249947,0.4728137072858596,0.9351709679126895,0.23046110570430756,0.24552135169506073,0.015060245990753174,2.939835892077895e-05,0.9999706016410792,True,True,False,True,True,False,False,False,False,False,True,highest_temporal_ood_risk
1,medium_ratio_seed42,medium_mass_ratio_recalibrated,42,sealed_final_attack,attack,60,chunk88:60,processed/iotsim-ip-camera-street-1.csv,1737236385.550789,1359695,C&C Communication,ip-camera-street,0.2554421710952525,0.23844368580861264,0.999768421540297,0.2853897511959076,0.2471703141927719,-0.03821943700313568,2.939835892077895e-05,0.9999706016410792,True,False,True,True,False,False,False,False,False,False,True,highest_temporal_ood_risk
1,medium_ratio_seed42,medium_mass_ratio_recalibrated,42,sealed_final_attack,attack,1612,chunk90:291,processed/iotsim-ip-camera-street-1.csv,1737236049.069022,1228592,Ingress Tool Transfer,ip-camera-street,0.35395820268874556,0.3369597174021057,0.9936639724126856,0.3096364438533783,0.1974964439868927,-0.1121399998664856,2.939835892077895e-05,0.9999706016410792,True,True,False,True,True,False,False,False,False,False,True,highest_temporal_ood_risk
1,medium_ratio_seed42,medium_mass_ratio_recalibrated,42,sealed_final_attack,attack,1611,chunk90:290,processed/iotsim-ip-camera-street-1.csv,1737236049.058999,1228581,Ingress Tool Transfer,ip-camera-street,0.35395820268874556,0.3369597174021057,0.9936639724126856,0.17206323146820068,0.19653131067752838,0.024468079209327698,2.939835892077895e-05,0.9999706016410792,True,True,False,True,True,False,False,False,False,False,True,highest_temporal_ood_risk
1,medium_ratio_seed42,medium_mass_ratio_recalibrated,42,sealed_final_attack,attack,1610,chunk90:289,processed/iotsim-ip-camera-street-1.csv,1737236049.058959,1228580,Ingress Tool Transfer,ip-camera-street,0.35395820268874556,0.3369597174021057,0.9936639724126856,0.308325856924057,0.1980336755514145,-0.11029218137264252,2.939835892077895e-05,0.9999706016410792,True,True,False,True,True,False,False,False,False,False,True,highest_temporal_ood_risk
1,medium_ratio_seed42,medium_mass_ratio_recalibrated,42,sealed_final_attack,attack,1609,chunk90:288,processed/iotsim-ip-camera-street-1.csv,1737236049.04458,1228570,Ingress Tool Transfer,ip-camera-street,0.35395820268874556,0.3369597174021057,0.9936639724126856,0.17138977348804474,0.19704996049404144,0.025660187005996704,2.939835892077895e-05,0.9999706016410792,True,True,False,True,True,False,False,False,False,False,True,highest_temporal_ood_risk
1,medium_ratio_seed42,medium_mass_ratio_recalibrated,42,sealed_final_attack,attack,1608,chunk90:287,processed/iotsim-ip-camera-street-1.csv,1737236049.044525,1228568,Ingress Tool Transfer,ip-camera-street,0.35395820268874556,0.3369597174021057,0.9936639724126856,0.3069952428340912,0.19856174290180206,-0.10843349993228912,2.939835892077895e-05,0.9999706016410792,True,True,False,True,True,False,False,False,False,False,True,highest_temporal_ood_risk
1,medium_ratio_seed42,medium_mass_ratio_recalibrated,42,sealed_final_attack,attack,98,chunk89:8,processed/iotsim-ip-camera-street-1.csv,1737236028.166882,1220714,File Download,ip-camera-street,0.2562143450834148,0.2392158597967749,0.9992936138306769,2.0739924907684326,0.22574779391288757,-1.8482446670532227,2.939835892077895e-05,0.9999706016410792,True,False,True,True,False,False,False,False,False,False,True,highest_temporal_ood_risk
1,medium_ratio_seed42,medium_mass_ratio_recalibrated,42,sealed_final_attack,attack,89,chunk88:89,processed/iotsim-ip-camera-street-1.csv,1737237499.877536,1511872,C&C Communication,ip-camera-street,0.4779314669754346,0.4609329816887947,0.9351709679126895,0.15162554383277893,0.4221022129058838,0.27047666907310486,2.939835892077895e-05,0.9999706016410792,True,True,False,True,True,False,False,False,False,False,True,highest_temporal_ood_risk
1,medium_ratio_seed42,medium_mass_ratio_recalibrated,42,sealed_final_attack,attack,88,chunk88:88,processed/iotsim-ip-camera-street-1.csv,1737237499.877491,1511871,C&C Communication,ip-camera-street,0.27660005836957285,0.25960157308293297,0.9931916513835755,0.06247267872095108,0.3328569233417511,0.2703842520713806,2.939835892077895e-05,0.9999706016410792,True,True,False,True,True,False,False,False,False,False,True,highest_temporal_ood_risk
1,medium_ratio_seed42,medium_mass_ratio_recalibrated,42,sealed_final_attack,attack,87,chunk88:87,processed/iotsim-ip-camera-street-1.csv,1737237499.872133,1511870,C&C Communication,ip-camera-street,0.48318414668730153,0.46618566140066164,0.9351709679126895,0.12753555178642273,0.49361416697502136,0.36607861518859863,2.939835892077895e-05,0.9999706016410792,True,True,False,True,True,False,False,False,False,False,True,highest_temporal_ood_risk
1,medium_ratio_seed42,medium_mass_ratio_recalibrated,42,sealed_final_attack,attack,86,chunk88:86,processed/iotsim-ip-camera-street-1.csv,1737237499.613827,1511832,C&C Communication,ip-camera-street,0.27660005836957285,0.25960157308293297,0.9931916513835755,0.133906751871109,0.36241641640663147,0.22850966453552246,2.939835892077895e-05,0.9999706016410792,True,True,False,True,True,False,False,False,False,False,True,highest_temporal_ood_risk
1,medium_ratio_seed42,medium_mass_ratio_recalibrated,42,sealed_final_attack,attack,85,chunk88:85,processed/iotsim-ip-camera-street-1.csv,1737237499.608787,1511831,C&C Communication,ip-camera-street,0.4779314669754346,0.4609329816887947,0.9351709679126895,0.18973857164382935,0.622920036315918,0.4331814646720886,2.939835892077895e-05,0.9999706016410792,True,True,False,True,True,False,False,False,False,False,True,highest_temporal_ood_risk
1,medium_ratio_seed42,medium_mass_ratio_recalibrated,42,sealed_final_attack,attack,84,chunk88:84,processed/iotsim-ip-camera-street-1.csv,1737237499.608751,1511830,C&C Communication,ip-camera-street,0.27660005836957285,0.25960157308293297,0.9931916513835755,0.13307644426822662,0.4207397401332855,0.2876632809638977,2.939835892077895e-05,0.9999706016410792,True,True,False,True,True,False,False,False,False,False,True,highest_temporal_ood_risk
1,medium_ratio_seed42,medium_mass_ratio_recalibrated,42,sealed_final_attack,attack,79,chunk88:79,processed/iotsim-ip-camera-street-1.csv,1737237167.399155,1477598,C&C Communication,ip-camera-street,0.48318414668730153,0.46618566140066164,0.9351709679126895,0.23113800585269928,0.6450604200363159,0.41392242908477783,2.939835892077895e-05,0.9999706016410792,True,True,False,True,True,False,False,False,False,False,True,highest_temporal_ood_risk
1,medium_ratio_seed42,medium_mass_ratio_recalibrated,42,sealed_final_attack,attack,78,chunk88:78,processed/iotsim-ip-camera-street-1.csv,1737237167.399094,1477597,C&C Communication,ip-camera-street,0.2722122275754865,0.25521374228884663,0.9931916513835755,0.13834035396575928,0.4181792140007019,0.2798388600349426,2.939835892077895e-05,0.9999706016410792,True,True,False,True,True,False,False,False,False,False,True,highest_temporal_ood_risk
1,medium_ratio_seed42,medium_mass_ratio_recalibrated,42,sealed_final_attack,attack,77,chunk88:77,processed/iotsim-ip-camera-street-1.csv,1737237167.391179,1477592,C&C Communication,ip-camera-street,0.4776831733082971,0.46068468802165724,0.9351709679126895,0.21471300721168518,0.6734905242919922,0.458777517080307,2.939835892077895e-05,0.9999706016410792,True,True,False,True,True,False,False,False,False,False,True,highest_temporal_ood_risk
1,medium_ratio_seed42,medium_mass_ratio_recalibrated,42,sealed_final_attack,attack,80073,chunk97:43,processed/iotsim-ip-camera-street-1.csv,1737236296.436329,1319759,Reporting,ip-camera-street,0.007270968258031784,-0.009727517028608088,0.999768421540297,77.28084564208984,0.2753342092037201,-77.00550842285156,2.939835892077895e-05,0.9999706016410792,False,False,False,False,False,False,False,False,False,False,True,farthest_attack_region
1,medium_ratio_seed42,medium_mass_ratio_recalibrated,42,sealed_final_attack,attack,80074,chunk97:44,processed/iotsim-ip-camera-street-1.csv,1737236296.436372,1319760,Reporting,ip-camera-street,0.0267444055663475,0.009745920279707627,0.999768421540297,77.13395690917969,0.2385541945695877,-76.89540100097656,2.939835892077895e-05,0.9999706016410792,True,False,True,True,False,False,False,False,False,False,True,farthest_attack_region
1,medium_ratio_seed42,medium_mass_ratio_recalibrated,42,sealed_final_attack,attack,80075,chunk97:45,processed/iotsim-ip-camera-street-1.csv,1737236296.436394,1319761,Reporting,ip-camera-street,0.0267444055663475,0.009745920279707627,0.999768421540297,76.98806762695312,0.23124569654464722,-76.75682067871094,2.939835892077895e-05,0.9999706016410792,True,False,True,True,False,False,False,False,False,False,True,farthest_attack_region
1,medium_ratio_seed42,medium_mass_ratio_recalibrated,42,sealed_final_attack,attack,80076,chunk97:46,processed/iotsim-ip-camera-street-1.csv,1737236296.436494,1319762,Reporting,ip-camera-street,0.030310049282430383,0.013311563995790511,0.999768421540297,76.84468841552734,0.22808289527893066,-76.61660766601562,2.939835892077895e-05,0.9999706016410792,True,False,True,True,False,False,False,False,False,False,True,farthest_attack_region
1,medium_ratio_seed42,medium_mass_ratio_recalibrated,42,sealed_final_attack,attack,90191,chunk98:10087,processed/iotsim-ip-camera-street-1.csv,1737236082.597133,1238988,TCP Scan,ip-camera-street,0.05875915571948915,0.04176067043284928,0.999768421540297,49.626670837402344,0.2745801508426666,-49.352088928222656,2.939835892077895e-05,0.9999706016410792,True,False,True,True,False,False,False,False,False,False,True,farthest_attack_region
1,medium_ratio_seed42,medium_mass_ratio_recalibrated,42,sealed_final_attack,attack,90192,chunk98:10088,processed/iotsim-ip-camera-street-1.csv,1737236082.597179,1238989,TCP Scan,ip-camera-street,0.13498147384307999,0.11798298855644011,0.999768421540297,49.515079498291016,0.2279788702726364,-49.28710174560547,2.939835892077895e-05,0.9999706016410792,True,False,True,True,False,False,False,False,False,False,True,farthest_attack_region
1,medium_ratio_seed42,medium_mass_ratio_recalibrated,42,sealed_final_attack,attack,93690,chunk98:13586,processed/iotsim-ip-camera-street-1.csv,1737236099.903452,1244655,TCP Scan,ip-camera-street,0.010814565908650183,-0.006183919377989689,0.999768421540297,10.640719413757324,0.29194197058677673,-10.348777770996094,2.939835892077895e-05,0.9999706016410792,False,False,False,False,False,False,False,False,False,False,True,farthest_attack_region
1,medium_ratio_seed42,medium_mass_ratio_recalibrated,42,sealed_final_attack,attack,87383,chunk98:7279,processed/iotsim-ip-camera-street-1.csv,1737236067.618389,1234264,TCP Scan,ip-camera-street,0.018251585228630348,0.0012530999419904758,0.999768421540297,9.978055953979492,0.2943890392780304,-9.683667182922363,2.939835892077895e-05,0.9999706016410792,True,False,True,True,False,False,False,False,False,False,True,farthest_attack_region
1,medium_ratio_seed42,medium_mass_ratio_recalibrated,42,sealed_final_attack,attack,98,chunk89:8,processed/iotsim-ip-camera-street-1.csv,1737236028.166882,1220714,File Download,ip-camera-street,0.2562143450834148,0.2392158597967749,0.9992936138306769,2.0739924907684326,0.22574779391288757,-1.8482446670532227,2.939835892077895e-05,0.9999706016410792,True,False,True,True,False,False,False,False,False,False,True,farthest_attack_region
1,medium_ratio_seed42,medium_mass_ratio_recalibrated,42,sealed_final_attack,attack,88480,chunk98:8376,processed/iotsim-ip-camera-street-1.csv,1737236073.712734,1236059,TCP Scan,ip-camera-street,0.12350668553643927,0.1065082002497994,0.999768421540297,1.6051814556121826,0.25167205929756165,-1.3535094261169434,2.939835892077895e-05,0.9999706016410792,True,False,True,True,False,False,False,False,False,False,True,farthest_attack_region
1,medium_ratio_seed42,medium_mass_ratio_recalibrated,42,sealed_final_attack,attack,12,chunk88:12,processed/iotsim-ip-camera-street-1.csv,1737236054.797974,1230506,C&C Communication,ip-camera-street,0.16965453905453803,0.15265605376789815,0.999768421540297,0.7921360731124878,0.24145950376987457,-0.5506765842437744,2.939835892077895e-05,0.9999706016410792,True,False,True,True,False,False,False,False,False,False,True,farthest_attack_region
1,medium_ratio_seed42,medium_mass_ratio_recalibrated,42,sealed_final_attack,attack,11,chunk88:11,processed/iotsim-ip-camera-street-1.csv,1737236054.797935,1230505,C&C Communication,ip-camera-street,0.07711702228425521,0.06011853699761534,0.999768421540297,0.775546669960022,0.24188518524169922,-0.5336614847183228,2.939835892077895e-05,0.9999706016410792,True,False,True,True,False,False,False,False,False,False,True,farthest_attack_region
1,medium_ratio_seed42,medium_mass_ratio_recalibrated,42,sealed_final_attack,attack,91481,chunk98:11377,processed/iotsim-ip-camera-street-1.csv,1737236088.057183,1241111,TCP Scan,ip-camera-street,0.05875915571948915,0.04176067043284928,0.999768421540297,0.7142639756202698,0.2431529313325882,-0.4711110591888428,2.939835892077895e-05,0.9999706016410792,True,False,True,True,False,False,False,False,False,False,True,farthest_attack_region
1,medium_ratio_seed42,medium_mass_ratio_recalibrated,42,sealed_final_attack,attack,107553,chunk99:12449,processed/iotsim-ip-camera-street-1.csv,1737236532.348834,1393101,Telnet Brute Force,ip-camera-street,0.4102401508130824,0.3932416655264425,0.9772693471744155,0.42875680327415466,0.2699432671070099,-0.15881353616714478,2.939835892077895e-05,0.9999706016410792,True,True,False,True,True,False,False,False,False,False,True,farthest_attack_region
1,medium_ratio_seed42,medium_mass_ratio_recalibrated,42,sealed_final_attack,attack,109798,chunk99:14694,processed/iotsim-ip-camera-street-1.csv,1737236624.089794,1406388,Telnet Brute Force,ip-camera-street,0.4102401508130824,0.3932416655264425,0.9772693471744155,0.42871373891830444,0.28336480259895325,-0.1453489363193512,2.939835892077895e-05,0.9999706016410792,True,True,False,True,True,False,False,False,False,False,True,farthest_attack_region
1,medium_ratio_seed42,medium_mass_ratio_recalibrated,42,sealed_final_attack,attack,108729,chunk99:13625,processed/iotsim-ip-camera-street-1.csv,1737236578.389441,1399515,Telnet Brute Force,ip-camera-street,0.4102401508130824,0.3932416655264425,0.7191859954292043,0.42837750911712646,0.2832573652267456,-0.14512014389038086,2.939835892077895e-05,0.9999706016410792,True,True,False,True,True,False,False,False,False,False,True,farthest_attack_region
1,medium_ratio_seed42,medium_mass_ratio_recalibrated,42,sealed_final_attack,attack,108360,chunk99:13256,processed/iotsim-ip-camera-street-1.csv,1737236559.976196,1397434,Telnet Brute Force,ip-camera-street,0.29860560371024786,0.28160711842360797,0.9772693471744155,0.4278985559940338,0.2852907180786133,-0.14260783791542053,2.939835892077895e-05,0.9999706016410792,True,True,False,True,True,False,False,False,False,False,True,farthest_attack_region
1,medium_ratio_seed42,medium_mass_ratio_recalibrated,42,sealed_final_attack,attack,108359,chunk99:13255,processed/iotsim-ip-camera-street-1.csv,1737236559.976005,1397433,Telnet Brute Force,ip-camera-street,0.29860560371024786,0.28160711842360797,0.9772693471744155,0.4267752766609192,0.28532037138938904,-0.14145490527153015,2.939835892077895e-05,0.9999706016410792,True,True,False,True,True,False,False,False,False,False,True,farthest_attack_region
1,medium_ratio_seed42,medium_mass_ratio_recalibrated,42,sealed_final_attack,attack,109236,chunk99:14132,processed/iotsim-ip-camera-street-1.csv,1737236594.924758,1402307,Telnet Brute Force,ip-camera-street,0.29860560371024786,0.28160711842360797,0.9772693471744155,0.42630842328071594,0.2936785817146301,-0.13262984156608582,2.939835892077895e-05,0.9999706016410792,True,True,False,True,True,False,False,False,False,False,True,farthest_attack_region
1,medium_ratio_seed42,medium_mass_ratio_recalibrated,42,sealed_final_attack,attack,108352,chunk99:13248,processed/iotsim-ip-camera-street-1.csv,1737236559.875896,1397372,Telnet Brute Force,ip-camera-street,0.30303139203286544,0.28603290674622556,0.9772693471744155,0.4260849356651306,0.2854076623916626,-0.14067727327346802,2.939835892077895e-05,0.9999706016410792,True,True,False,True,True,False,False,False,False,False,True,farthest_attack_region
1,medium_ratio_seed42,medium_mass_ratio_recalibrated,42,sealed_final_attack,attack,109233,chunk99:14129,processed/iotsim-ip-camera-street-1.csv,1737236594.90982,1402304,Telnet Brute Force,ip-camera-street,0.4102401508130824,0.3932416655264425,0.9927275143621158,0.42608433961868286,0.2940148115158081,-0.13206952810287476,2.939835892077895e-05,0.9999706016410792,True,True,False,True,True,False,False,False,False,False,True,farthest_attack_region
1,medium_ratio_seed42,medium_mass_ratio_recalibrated,42,sealed_final_attack,attack,108347,chunk99:13243,processed/iotsim-ip-camera-street-1.csv,1737236559.789927,1397362,Telnet Brute Force,ip-camera-street,0.4102401508130824,0.3932416655264425,0.9927275143621158,0.42593973875045776,0.28564363718032837,-0.1402961015701294,2.939835892077895e-05,0.9999706016410792,True,True,False,True,True,False,False,False,False,False,True,farthest_attack_region
1,medium_ratio_seed42,medium_mass_ratio_recalibrated,42,sealed_final_attack,attack,108362,chunk99:13258,processed/iotsim-ip-camera-street-1.csv,1737236559.979999,1397436,Telnet Brute Force,ip-camera-street,0.29860560371024786,0.28160711842360797,0.9772693471744155,0.4258479177951813,0.285267174243927,-0.14058074355125427,2.939835892077895e-05,0.9999706016410792,True,True,False,True,True,False,False,False,False,False,True,farthest_attack_region
1,medium_ratio_seed42,medium_mass_ratio_recalibrated,42,sealed_final_attack,attack,109235,chunk99:14131,processed/iotsim-ip-camera-street-1.csv,1737236594.921808,1402306,Telnet Brute Force,ip-camera-street,0.30303139203286544,0.28603290674622556,0.9772693471744155,0.42583122849464417,0.29372096061706543,-0.13211026787757874,2.939835892077895e-05,0.9999706016410792,True,True,False,True,True,False,False,False,False,False,True,farthest_attack_region
1,medium_ratio_seed42,medium_mass_ratio_recalibrated,42,sealed_final_attack,attack,109234,chunk99:14130,processed/iotsim-ip-camera-street-1.csv,1737236594.909848,1402305,Telnet Brute Force,ip-camera-street,0.30303139203286544,0.28603290674622556,0.9772693471744155,0.42574867606163025,0.2937961518764496,-0.13195252418518066,2.939835892077895e-05,0.9999706016410792,True,True,False,True,True,False,False,False,False,False,True,farthest_attack_region
1,medium_ratio_seed42,medium_mass_ratio_recalibrated,42,sealed_final_attack,attack,108357,chunk99:13253,processed/iotsim-ip-camera-street-1.csv,1737236559.971354,1397431,Telnet Brute Force,ip-camera-street,0.29860560371024786,0.28160711842360797,0.9772693471744155,0.4255829155445099,0.2853502035140991,-0.14023271203041077,2.939835892077895e-05,0.9999706016410792,True,True,False,True,True,False,False,False,False,False,True,farthest_attack_region
1,medium_ratio_seed42,medium_mass_ratio_recalibrated,42,sealed_final_attack,attack,108350,chunk99:13246,processed/iotsim-ip-camera-street-1.csv,1737236559.871004,1397370,Telnet Brute Force,ip-camera-street,0.30303139203286544,0.28603290674622556,0.9772693471744155,0.4254942238330841,0.285457044839859,-0.1400371789932251,2.939835892077895e-05,0.9999706016410792,True,True,False,True,True,False,False,False,False,False,True,farthest_attack_region
1,medium_ratio_seed42,medium_mass_ratio_recalibrated,42,sealed_final_attack,attack,107193,chunk99:12089,processed/iotsim-ip-camera-street-1.csv,1737236515.539844,1390811,Telnet Brute Force,ip-camera-street,0.4102401508130824,0.3932416655264425,0.9927275143621158,0.4253513514995575,0.26972395181655884,-0.15562739968299866,2.939835892077895e-05,0.9999706016410792,True,True,False,True,True,False,False,False,False,False,True,farthest_attack_region
1,medium_ratio_seed42,medium_mass_ratio_recalibrated,42,sealed_final_attack,attack,108796,chunk99:13692,processed/iotsim-ip-camera-street-1.csv,1737236581.696692,1400007,Telnet Brute Force,ip-camera-street,0.30303139203286544,0.28603290674622556,0.9772693471744155,0.4253511428833008,0.28204360604286194,-0.14330753684043884,2.939835892077895e-05,0.9999706016410792,True,True,False,True,True,False,False,False,False,False,True,farthest_attack_region
1,medium_ratio_seed42,medium_mass_ratio_recalibrated,42,sealed_final_attack,attack,108794,chunk99:13690,processed/iotsim-ip-camera-street-1.csv,1737236581.688809,1400003,Telnet Brute Force,ip-camera-street,0.4102401508130824,0.3932416655264425,0.9772693471744155,0.42529192566871643,0.2821306586265564,-0.14316126704216003,2.939835892077895e-05,0.9999706016410792,True,True,False,True,True,False,False,False,False,False,True,farthest_attack_region
1,medium_ratio_seed42,medium_mass_ratio_recalibrated,42,sealed_final_attack,attack,107326,chunk99:12222,processed/iotsim-ip-camera-street-1.csv,1737236519.376724,1391487,Telnet Brute Force,ip-camera-street,0.30303139203286544,0.28603290674622556,0.9936639724126856,0.4249781370162964,0.27345144748687744,-0.15152668952941895,2.939835892077895e-05,0.9999706016410792,True,True,False,True,True,False,False,False,False,False,True,farthest_attack_region
1,medium_ratio_seed42,medium_mass_ratio_recalibrated,42,sealed_final_attack,attack,107433,chunk99:12329,processed/iotsim-ip-camera-street-1.csv,1737236526.00878,1392386,Telnet Brute Force,ip-camera-street,0.4102401508130824,0.3932416655264425,0.9772693471744155,0.4242597818374634,0.27161404490470886,-0.15264573693275452,2.939835892077895e-05,0.9999706016410792,True,True,False,True,True,False,False,False,False,False,True,farthest_attack_region
1,medium_ratio_seed42,medium_mass_ratio_recalibrated,42,sealed_final_attack,attack,108798,chunk99:13694,processed/iotsim-ip-camera-street-1.csv,1737236581.702177,1400009,Telnet Brute Force,ip-camera-street,0.30303139203286544,0.28603290674622556,0.9772693471744155,0.42400646209716797,0.28197920322418213,-0.14202725887298584,2.939835892077895e-05,0.9999706016410792,True,True,False,True,True,False,False,False,False,False,True,farthest_attack_region
1,medium_ratio_seed42,medium_mass_ratio_recalibrated,42,sealed_final_attack,attack,107363,chunk99:12259,processed/iotsim-ip-camera-street-1.csv,1737236521.090893,1391800,Telnet Brute Force,ip-camera-street,0.30303139203286544,0.28603290674622556,0.9772693471744155,0.42391976714134216,0.27357593178749084,-0.15034383535385132,2.939835892077895e-05,0.9999706016410792,True,True,False,True,True,False,False,False,False,False,True,farthest_attack_region
1,medium_ratio_seed42,medium_mass_ratio_recalibrated,42,sealed_final_attack,attack,107799,chunk99:12695,processed/iotsim-ip-camera-street-1.csv,1737236546.695975,1394855,Telnet Brute Force,ip-camera-street,0.4102401508130824,0.3932416655264425,0.9772693471744155,0.4237593114376068,0.2644954025745392,-0.15926390886306763,2.939835892077895e-05,0.9999706016410792,True,True,False,True,True,False,False,False,False,False,True,farthest_attack_region
1,medium_ratio_seed42,medium_mass_ratio_recalibrated,42,sealed_final_attack,attack,107205,chunk99:12101,processed/iotsim-ip-camera-street-1.csv,1737236515.718798,1390858,Telnet Brute Force,ip-camera-street,0.29860560371024786,0.28160711842360797,0.9772693471744155,0.42363208532333374,0.2693749964237213,-0.15425708889961243,2.939835892077895e-05,0.9999706016410792,True,True,False,True,True,False,False,False,False,False,True,farthest_attack_region
1,medium_ratio_seed42,medium_mass_ratio_recalibrated,42,sealed_final_attack,attack,107196,chunk99:12092,processed/iotsim-ip-camera-street-1.csv,1737236515.572704,1390818,Telnet Brute Force,ip-camera-street,0.30303139203286544,0.28603290674622556,0.9936639724126856,0.4235779345035553,0.26959460973739624,-0.15398332476615906,2.939835892077895e-05,0.9999706016410792,True,True,False,True,True,False,False,False,False,False,True,farthest_attack_region
1,medium_ratio_seed42,medium_mass_ratio_recalibrated,42,sealed_final_attack,attack,108791,chunk99:13687,processed/iotsim-ip-camera-street-1.csv,1737236580.688623,1399856,Telnet Brute Force,ip-camera-street,0.4102401508130824,0.3932416655264425,0.9772693471744155,0.4234301447868347,0.2834055423736572,-0.1400246024131775,2.939835892077895e-05,0.9999706016410792,True,True,False,True,True,False,False,False,False,False,True,farthest_attack_region
1,medium_ratio_seed42,medium_mass_ratio_recalibrated,42,sealed_final_attack,attack,107554,chunk99:12450,processed/iotsim-ip-camera-street-1.csv,1737236532.353771,1393102,Telnet Brute Force,ip-camera-street,0.30303139203286544,0.28603290674622556,0.9772693471744155,0.4230988621711731,0.2697962522506714,-0.1533026099205017,2.939835892077895e-05,0.9999706016410792,True,True,False,True,True,False,False,False,False,False,True,farthest_attack_region
1,medium_ratio_seed42,medium_mass_ratio_recalibrated,42,sealed_final_attack,attack,107198,chunk99:12094,processed/iotsim-ip-camera-street-1.csv,1737236515.588898,1390820,Telnet Brute Force,ip-camera-street,0.30303139203286544,0.28603290674622556,0.9936639724126856,0.4230453372001648,0.2695208489894867,-0.1535244882106781,2.939835892077895e-05,0.9999706016410792,True,True,False,True,True,False,False,False,False,False,True,farthest_attack_region
1,medium_ratio_seed42,medium_mass_ratio_recalibrated,42,sealed_final_attack,attack,107200,chunk99:12096,processed/iotsim-ip-camera-street-1.csv,1737236515.63516,1390845,Telnet Brute Force,ip-camera-street,0.29860560371024786,0.28160711842360797,0.9772693471744155,0.42301154136657715,0.2694638967514038,-0.15354764461517334,2.939835892077895e-05,0.9999706016410792,True,True,False,True,True,False,False,False,False,False,True,farthest_attack_region
1,medium_ratio_seed42,medium_mass_ratio_recalibrated,42,sealed_final_attack,attack,107203,chunk99:12099,processed/iotsim-ip-camera-street-1.csv,1737236515.712591,1390856,Telnet Brute Force,ip-camera-street,0.29860560371024786,0.28160711842360797,0.9772693471744155,0.42298170924186707,0.2694302201271057,-0.15355148911476135,2.939835892077895e-05,0.9999706016410792,True,True,False,True,True,False,False,False,False,False,True,farthest_attack_region
1,medium_ratio_seed42,medium_mass_ratio_recalibrated,42,sealed_final_attack,attack,109248,chunk99:14144,processed/iotsim-ip-camera-street-1.csv,1737236594.971441,1402342,Telnet Brute Force,ip-camera-street,0.29860560371024786,0.28160711842360797,0.9772693471744155,0.422931045293808,0.2936331033706665,-0.12929794192314148,2.939835892077895e-05,0.9999706016410792,True,True,False,True,True,False,False,False,False,False,True,farthest_attack_region
1,medium_ratio_seed42,medium_mass_ratio_recalibrated,42,sealed_final_attack,attack,107709,chunk99:12605,processed/iotsim-ip-camera-street-1.csv,1737236541.00378,1394012,Telnet Brute Force,ip-camera-street,0.30303139203286544,0.28603290674622556,0.9772693471744155,0.4228215217590332,0.2672242820262909,-0.1555972397327423,2.939835892077895e-05,0.9999706016410792,True,True,False,True,True,False,False,False,False,False,True,farthest_attack_region
1,medium_ratio_seed42,medium_mass_ratio_recalibrated,42,sealed_final_attack,attack,107358,chunk99:12254,processed/iotsim-ip-camera-street-1.csv,1737236520.998618,1391793,Telnet Brute Force,ip-camera-street,0.4102401508130824,0.3932416655264425,0.9927275143621158,0.42263713479042053,0.27377015352249146,-0.14886698126792908,2.939835892077895e-05,0.9999706016410792,True,True,False,True,True,False,False,False,False,False,True,farthest_attack_region
1,medium_ratio_seed42,medium_mass_ratio_recalibrated,42,sealed_final_attack,attack,107361,chunk99:12257,processed/iotsim-ip-camera-street-1.csv,1737236521.075879,1391798,Telnet Brute Force,ip-camera-street,0.30303139203286544,0.28603290674622556,0.9772693471744155,0.4224930703639984,0.27363938093185425,-0.14885368943214417,2.939835892077895e-05,0.9999706016410792,True,True,False,True,True,False,False,False,False,False,True,farthest_attack_region
1,medium_ratio_seed42,medium_mass_ratio_recalibrated,42,sealed_final_attack,attack,109237,chunk99:14133,processed/iotsim-ip-camera-street-1.csv,1737236594.925795,1402308,Telnet Brute Force,ip-camera-street,0.29860560371024786,0.28160711842360797,0.9772693471744155,0.4222458600997925,0.29364532232284546,-0.12860053777694702,2.939835892077895e-05,0.9999706016410792,True,True,False,True,True,False,False,False,False,False,True,farthest_attack_region
1,medium_ratio_seed42,medium_mass_ratio_recalibrated,42,sealed_final_attack,attack,107707,chunk99:12603,processed/iotsim-ip-camera-street-1.csv,1737236540.997755,1394010,Telnet Brute Force,ip-camera-street,0.4102401508130824,0.3932416655264425,0.9772693471744155,0.42211413383483887,0.2673652768135071,-0.1547488570213318,2.939835892077895e-05,0.9999706016410792,True,True,False,True,True,False,False,False,False,False,True,farthest_attack_region
1,medium_ratio_seed42,medium_mass_ratio_recalibrated,42,sealed_final_attack,attack,108354,chunk99:13250,processed/iotsim-ip-camera-street-1.csv,1737236559.880978,1397374,Telnet Brute Force,ip-camera-street,0.29860560371024786,0.28160711842360797,0.9772693471744155,0.421827495098114,0.28537091612815857,-0.13645657896995544,2.939835892077895e-05,0.9999706016410792,True,True,False,True,True,False,False,False,False,False,True,farthest_attack_region
1,medium_ratio_seed42,medium_mass_ratio_recalibrated,42,sealed_final_attack,attack,108621,chunk99:13517,processed/iotsim-ip-camera-street-1.csv,1737236572.086474,1398912,Telnet Brute Force,ip-camera-street,0.4102401508130824,0.3932416655264425,0.7191859954292043,0.4215129613876343,0.28572508692741394,-0.13578787446022034,2.939835892077895e-05,0.9999706016410792,True,True,False,True,True,False,False,False,False,False,True,farthest_attack_region
1,medium_ratio_seed42,medium_mass_ratio_recalibrated,42,sealed_final_attack,attack,106731,chunk99:11627,processed/iotsim-ip-camera-street-1.csv,1737236499.471814,1388143,Telnet Brute Force,ip-camera-street,0.4102401508130824,0.3932416655264425,0.9772693471744155,0.4212817847728729,0.25989723205566406,-0.16138455271720886,2.939835892077895e-05,0.9999706016410792,True,True,False,True,True,False,False,False,False,False,True,farthest_attack_region
1,medium_ratio_seed42,medium_mass_ratio_recalibrated,42,sealed_final_attack,attack,107434,chunk99:12330,processed/iotsim-ip-camera-street-1.csv,1737236526.008805,1392387,Telnet Brute Force,ip-camera-street,0.30303139203286544,0.28603290674622556,0.9772693471744155,0.42018216848373413,0.2714748680591583,-0.1487073004245758,2.939835892077895e-05,0.9999706016410792,True,True,False,True,True,False,False,False,False,False,True,farthest_attack_region
1,medium_ratio_seed42,medium_mass_ratio_recalibrated,42,sealed_final_attack,attack,107370,chunk99:12266,processed/iotsim-ip-camera-street-1.csv,1737236521.474506,1391850,Telnet Brute Force,ip-camera-street,0.29860560371024786,0.28160711842360797,0.9772693471744155,0.41917458176612854,0.27341145277023315,-0.14576312899589539,2.939835892077895e-05,0.9999706016410792,True,True,False,True,True,False,False,False,False,False,True,farthest_attack_region
1,medium_ratio_seed42,medium_mass_ratio_recalibrated,42,sealed_final_attack,attack,107206,chunk99:12102,processed/iotsim-ip-camera-street-1.csv,1737236515.718956,1390859,Telnet Brute Force,ip-camera-street,0.29860560371024786,0.28160711842360797,0.9772693471744155,0.4188891053199768,0.2693175971508026,-0.1495715081691742,2.939835892077895e-05,0.9999706016410792,True,True,False,True,True,False,False,False,False,False,True,farthest_attack_region
1,medium_ratio_seed42,medium_mass_ratio_recalibrated,42,sealed_final_attack,attack,108917,chunk99:13813,processed/iotsim-ip-camera-street-1.csv,1737236586.477624,1400772,Telnet Brute Force,ip-camera-street,0.29860560371024786,0.28160711842360797,0.9936639724126856,0.4184941053390503,0.282193124294281,-0.1363009810447693,2.939835892077895e-05,0.9999706016410792,True,True,False,True,True,False,False,False,False,False,True,farthest_attack_region
1,medium_ratio_seed42,medium_mass_ratio_recalibrated,42,sealed_final_attack,attack,108364,chunk99:13260,processed/iotsim-ip-camera-street-1.csv,1737236560.008782,1397438,Telnet Brute Force,ip-camera-street,0.29860560371024786,0.28160711842360797,0.9772693471744155,0.4183906018733978,0.2852852940559387,-0.1331053078174591,2.939835892077895e-05,0.9999706016410792,True,True,False,True,True,False,False,False,False,False,True,farthest_attack_region
1,medium_ratio_seed42,medium_mass_ratio_recalibrated,42,sealed_final_attack,attack,106477,chunk99:11373,processed/iotsim-ip-camera-street-1.csv,1737236487.489525,1386951,Telnet Brute Force,ip-camera-street,0.4102401508130824,0.3932416655264425,0.9772693471744155,0.4178158640861511,0.2590356767177582,-0.15878018736839294,2.939835892077895e-05,0.9999706016410792,True,True,False,True,True,False,False,False,False,False,True,farthest_attack_region
1,medium_ratio_seed42,medium_mass_ratio_recalibrated,42,sealed_final_attack,attack,109721,chunk99:14617,processed/iotsim-ip-camera-street-1.csv,1737236620.487382,1405708,Telnet Brute Force,ip-camera-street,0.4102401508130824,0.3932416655264425,0.9772693471744155,0.41741567850112915,0.28429561853408813,-0.13312005996704102,2.939835892077895e-05,0.9999706016410792,True,True,False,True,True,False,False,False,False,False,True,farthest_attack_region
1,medium_ratio_seed42,medium_mass_ratio_recalibrated,42,sealed_final_attack,attack,109801,chunk99:14697,processed/iotsim-ip-camera-street-1.csv,1737236624.176862,1406394,Telnet Brute Force,ip-camera-street,0.30303139203286544,0.28603290674622556,0.9772693471744155,0.41718795895576477,0.2831800580024719,-0.13400790095329285,2.939835892077895e-05,0.9999706016410792,True,True,False,True,True,False,False,False,False,False,True,farthest_attack_region
1,medium_ratio_seed42,medium_mass_ratio_recalibrated,42,sealed_final_attack,attack,106340,chunk99:11236,processed/iotsim-ip-camera-street-1.csv,1737236480.73081,1386096,Telnet Brute Force,ip-camera-street,0.4102401508130824,0.3932416655264425,0.9927275143621158,0.4167128801345825,0.2589047849178314,-0.1578080952167511,2.939835892077895e-05,0.9999706016410792,True,True,False,True,True,False,False,False,False,False,True,farthest_attack_region
1,medium_ratio_seed42,medium_mass_ratio_recalibrated,42,sealed_final_attack,attack,106343,chunk99:11239,processed/iotsim-ip-camera-street-1.csv,1737236480.774034,1386103,Telnet Brute Force,ip-camera-street,0.30303139203286544,0.28603290674622556,0.9936639724126856,0.4157238304615021,0.2587891221046448,-0.1569347083568573,2.939835892077895e-05,0.9999706016410792,True,True,False,True,True,False,False,False,False,False,True,farthest_attack_region
1,medium_ratio_seed42,medium_mass_ratio_recalibrated,42,sealed_final_attack,attack,106347,chunk99:11243,processed/iotsim-ip-camera-street-1.csv,1737236480.837672,1386111,Telnet Brute Force,ip-camera-street,0.29860560371024786,0.28160711842360797,0.9772693471744155,0.4154493808746338,0.25865647196769714,-0.15679290890693665,2.939835892077895e-05,0.9999706016410792,True,True,False,True,True,False,False,False,False,False,True,farthest_attack_region
1,medium_ratio_seed42,medium_mass_ratio_recalibrated,42,sealed_final_attack,attack,106345,chunk99:11241,processed/iotsim-ip-camera-street-1.csv,1737236480.789848,1386105,Telnet Brute Force,ip-camera-street,0.29860560371024786,0.28160711842360797,0.9772693471744155,0.4154447913169861,0.2587115168571472,-0.15673327445983887,2.939835892077895e-05,0.9999706016410792,True,True,False,True,True,False,False,False,False,False,True,farthest_attack_region
1,medium_ratio_seed42,medium_mass_ratio_recalibrated,42,sealed_final_attack,attack,108368,chunk99:13264,processed/iotsim-ip-camera-street-1.csv,1737236560.073961,1397449,Telnet Brute Force,ip-camera-street,0.29860560371024786,0.28160711842360797,0.9772693471744155,0.4153404235839844,0.2853647470474243,-0.12997567653656006,2.939835892077895e-05,0.9999706016410792,True,True,False,True,True,False,False,False,False,False,True,farthest_attack_region
1,medium_ratio_seed42,medium_mass_ratio_recalibrated,42,sealed_final_attack,attack,107365,chunk99:12261,processed/iotsim-ip-camera-street-1.csv,1737236521.137745,1391804,Telnet Brute Force,ip-camera-street,0.29860560371024786,0.28160711842360797,0.7191859954292043,0.4152923822402954,0.27352553606033325,-0.14176684617996216,2.939835892077895e-05,0.9999706016410792,True,True,False,True,True,False,False,False,False,False,True,farthest_attack_region
1,medium_ratio_seed42,medium_mass_ratio_recalibrated,42,sealed_final_attack,attack,109249,chunk99:14145,processed/iotsim-ip-camera-street-1.csv,1737236594.971468,1402343,Telnet Brute Force,ip-camera-street,0.29860560371024786,0.28160711842360797,0.9772693471744155,0.41521695256233215,0.29360538721084595,-0.1216115653514862,2.939835892077895e-05,0.9999706016410792,True,True,False,True,True,False,False,False,False,False,True,farthest_attack_region
1,medium_ratio_seed42,medium_mass_ratio_recalibrated,42,sealed_final_attack,attack,106734,chunk99:11630,processed/iotsim-ip-camera-street-1.csv,1737236499.478455,1388146,Telnet Brute Force,ip-camera-street,0.30303139203286544,0.28603290674622556,0.9936639724126856,0.41468358039855957,0.2597832977771759,-0.15490028262138367,2.939835892077895e-05,0.9999706016410792,True,True,False,True,True,False,False,False,False,False,True,farthest_attack_region
1,medium_ratio_seed42,medium_mass_ratio_recalibrated,42,sealed_final_attack,attack,106350,chunk99:11246,processed/iotsim-ip-camera-street-1.csv,1737236482.253522,1386293,Telnet Brute Force,ip-camera-street,0.30303139203286544,0.28603290674622556,0.9772693471744155,0.4138903319835663,0.2575305700302124,-0.15635976195335388,2.939835892077895e-05,0.9999706016410792,True,True,False,True,True,False,False,False,False,False,True,farthest_attack_region
1,medium_ratio_seed42,medium_mass_ratio_recalibrated,42,sealed_final_attack,attack,107800,chunk99:12696,processed/iotsim-ip-camera-street-1.csv,1737236546.696017,1394856,Telnet Brute Force,ip-camera-street,0.30303139203286544,0.28603290674622556,0.9772693471744155,0.4138088524341583,0.26428112387657166,-0.14952772855758667,2.939835892077895e-05,0.9999706016410792,True,True,False,True,True,False,False,False,False,False,True,farthest_attack_region
1,medium_ratio_seed42,medium_mass_ratio_recalibrated,42,sealed_final_attack,attack,108731,chunk99:13627,processed/iotsim-ip-camera-street-1.csv,1737236578.731814,1399559,Telnet Brute Force,ip-camera-street,0.4102401508130824,0.3932416655264425,0.9772693471744155,0.4133901298046112,0.2826840281486511,-0.13070610165596008,2.939835892077895e-05,0.9999706016410792,True,True,False,True,True,False,False,False,False,False,True,farthest_attack_region
1,medium_ratio_seed42,medium_mass_ratio_recalibrated,42,sealed_final_attack,attack,106349,chunk99:11245,processed/iotsim-ip-camera-street-1.csv,1737236482.252837,1386292,Telnet Brute Force,ip-camera-street,0.4102401508130824,0.3932416655264425,0.9772693471744155,0.4133895933628082,0.25765442848205566,-0.15573516488075256,2.939835892077895e-05,0.9999706016410792,True,True,False,True,True,False,False,False,False,False,True,farthest_attack_region
1,medium_ratio_seed42,medium_mass_ratio_recalibrated,42,sealed_final_attack,attack,107556,chunk99:12452,processed/iotsim-ip-camera-street-1.csv,1737236532.354539,1393104,Telnet Brute Force,ip-camera-street,0.30303139203286544,0.28603290674622556,0.9936639724126856,0.4133804440498352,0.2697102129459381,-0.1436702311038971,2.939835892077895e-05,0.9999706016410792,True,True,False,True,True,False,False,False,False,False,True,farthest_attack_region
1,medium_ratio_seed42,medium_mass_ratio_recalibrated,42,sealed_final_attack,attack,107208,chunk99:12104,processed/iotsim-ip-camera-street-1.csv,1737236515.850827,1390869,Telnet Brute Force,ip-camera-street,0.29860560371024786,0.28160711842360797,0.9772693471744155,0.4132766127586365,0.2694111764431,-0.1438654363155365,2.939835892077895e-05,0.9999706016410792,True,True,False,True,True,False,False,False,False,False,True,farthest_attack_region
1,medium_ratio_seed42,medium_mass_ratio_recalibrated,42,sealed_final_attack,attack,107327,chunk99:12223,processed/iotsim-ip-camera-street-1.csv,1737236519.378835,1391488,Telnet Brute Force,ip-camera-street,0.29860560371024786,0.28160711842360797,0.9936639724126856,0.4132714569568634,0.2733955681324005,-0.1398758888244629,2.939835892077895e-05,0.9999706016410792,True,True,False,True,True,False,False,False,False,False,True,farthest_attack_region
1,medium_ratio_seed42,medium_mass_ratio_recalibrated,42,sealed_final_attack,attack,109845,chunk99:14741,processed/iotsim-ip-camera-street-1.csv,1737236626.391911,1406754,Telnet Brute Force,ip-camera-street,0.4102401508130824,0.3932416655264425,0.7191859954292043,0.4130522310733795,0.28229841589927673,-0.13075381517410278,2.939835892077895e-05,0.9999706016410792,True,True,False,True,True,False,False,False,False,False,True,farthest_attack_region
1,medium_ratio_seed42,medium_mass_ratio_recalibrated,42,sealed_final_attack,attack,106355,chunk99:11251,processed/iotsim-ip-camera-street-1.csv,1737236482.273402,1386298,Telnet Brute Force,ip-camera-street,0.30303139203286544,0.28603290674622556,0.9772693471744155,0.41231265664100647,0.25743648409843445,-0.15487617254257202,2.939835892077895e-05,0.9999706016410792,True,True,False,True,True,False,False,False,False,False,True,farthest_attack_region
1,medium_ratio_seed42,medium_mass_ratio_recalibrated,42,sealed_final_attack,attack,108379,chunk99:13275,processed/iotsim-ip-camera-street-1.csv,1737236560.412783,1397501,Telnet Brute Force,ip-camera-street,0.29860560371024786,0.28160711842360797,0.9772693471744155,0.4114445447921753,0.28591683506965637,-0.12552770972251892,2.939835892077895e-05,0.9999706016410792,True,True,False,True,True,False,False,False,False,False,True,farthest_attack_region
1,medium_ratio_seed42,medium_mass_ratio_recalibrated,42,sealed_final_attack,attack,107367,chunk99:12263,processed/iotsim-ip-camera-street-1.csv,1737236521.381821,1391832,Telnet Brute Force,ip-camera-street,0.30303139203286544,0.28603290674622556,0.9772693471744155,0.41034841537475586,0.2734726667404175,-0.13687574863433838,2.939835892077895e-05,0.9999706016410792,True,True,False,True,True,False,False,False,False,False,True,farthest_attack_region
1,medium_ratio_seed42,medium_mass_ratio_recalibrated,42,sealed_final_attack,attack,109727,chunk99:14623,processed/iotsim-ip-camera-street-1.csv,1737236620.500364,1405739,Telnet Brute Force,ip-camera-street,0.29860560371024786,0.28160711842360797,0.9772693471744155,0.4100459814071655,0.2840794026851654,-0.12596657872200012,2.939835892077895e-05,0.9999706016410792,True,True,False,True,True,False,False,False,False,False,True,farthest_attack_region
1,medium_ratio_seed42,medium_mass_ratio_recalibrated,42,sealed_final_attack,attack,108446,chunk99:13342,processed/iotsim-ip-camera-street-1.csv,1737236563.499484,1397866,Telnet Brute Force,ip-camera-street,0.30303139203286544,0.28603290674622556,0.9772693471744155,0.40959033370018005,0.28694143891334534,-0.12264889478683472,2.939835892077895e-05,0.9999706016410792,True,True,False,True,True,False,False,False,False,False,True,farthest_attack_region
1,medium_ratio_seed42,medium_mass_ratio_recalibrated,42,sealed_final_attack,attack,93657,chunk98:13553,processed/iotsim-ip-camera-street-1.csv,1737236099.893857,1244621,TCP Scan,ip-camera-street,0.006448803516874131,-0.010549681769765742,0.999768421540297,0.23504559695720673,0.15538039803504944,-0.07966519892215729,2.939835892077895e-05,0.9999706016410792,False,False,False,False,False,False,False,False,False,False,True,lowest_parent_attack
1,medium_ratio_seed42,medium_mass_ratio_recalibrated,42,sealed_final_attack,attack,3236,chunk90:1915,processed/iotsim-ip-camera-street-1.csv,1737236208.44511,1283886,Ingress Tool Transfer,ip-camera-street,0.006448803516874131,-0.010549681769765742,0.999768421540297,0.2350815087556839,0.15729933977127075,-0.07778216898441315,2.939835892077895e-05,0.9999706016410792,False,False,False,False,False,False,False,False,False,False,True,lowest_parent_attack
1,medium_ratio_seed42,medium_mass_ratio_recalibrated,42,sealed_final_attack,attack,80073,chunk97:43,processed/iotsim-ip-camera-street-1.csv,1737236296.436329,1319759,Reporting,ip-camera-street,0.007270968258031784,-0.009727517028608088,0.999768421540297,77.28084564208984,0.2753342092037201,-77.00550842285156,2.939835892077895e-05,0.9999706016410792,False,False,False,False,False,False,False,False,False,False,True,lowest_parent_attack
1,medium_ratio_seed42,medium_mass_ratio_recalibrated,42,sealed_final_attack,attack,80047,chunk97:17,processed/iotsim-ip-camera-street-1.csv,1737236258.901025,1303716,Reporting,ip-camera-street,0.007270968258031784,-0.009727517028608088,0.999768421540297,0.3432686924934387,0.334977388381958,-0.008291304111480713,2.939835892077895e-05,0.9999706016410792,False,False,False,False,False,False,False,False,False,False,True,lowest_parent_attack
1,medium_ratio_seed42,medium_mass_ratio_recalibrated,42,sealed_final_attack,attack,93274,chunk98:13170,processed/iotsim-ip-camera-street-1.csv,1737236097.378448,1244016,TCP Scan,ip-camera-street,0.010814565908650183,-0.006183919377989689,0.999768421540297,0.35675567388534546,0.2942275404930115,-0.06252813339233398,2.939835892077895e-05,0.9999706016410792,False,False,False,False,False,False,False,False,False,False,True,lowest_parent_attack
1,medium_ratio_seed42,medium_mass_ratio_recalibrated,42,sealed_final_attack,attack,93530,chunk98:13426,processed/iotsim-ip-camera-street-1.csv,1737236098.916379,1244442,TCP Scan,ip-camera-street,0.010814565908650183,-0.006183919377989689,0.999768421540297,0.36423566937446594,0.3422282934188843,-0.022007375955581665,2.939835892077895e-05,0.9999706016410792,False,False,False,False,False,False,False,False,False,False,True,lowest_parent_attack
1,medium_ratio_seed42,medium_mass_ratio_recalibrated,42,sealed_final_attack,attack,93275,chunk98:13171,processed/iotsim-ip-camera-street-1.csv,1737236097.378487,1244017,TCP Scan,ip-camera-street,0.010814565908650183,-0.006183919377989689,0.999768421540297,0.35675567388534546,0.27317914366722107,-0.08357653021812439,2.939835892077895e-05,0.9999706016410792,False,False,False,False,False,False,False,False,False,False,True,lowest_parent_attack
1,medium_ratio_seed42,medium_mass_ratio_recalibrated,42,sealed_final_attack,attack,93532,chunk98:13428,processed/iotsim-ip-camera-street-1.csv,1737236098.918859,1244444,TCP Scan,ip-camera-street,0.010814565908650183,-0.006183919377989689,0.999768421540297,0.36423566937446594,0.3371734917163849,-0.027062177658081055,2.939835892077895e-05,0.9999706016410792,False,False,False,False,False,False,False,False,False,False,True,lowest_parent_attack
1,medium_ratio_seed42,medium_mass_ratio_recalibrated,42,sealed_final_attack,attack,93690,chunk98:13586,processed/iotsim-ip-camera-street-1.csv,1737236099.903452,1244655,TCP Scan,ip-camera-street,0.010814565908650183,-0.006183919377989689,0.999768421540297,10.640719413757324,0.29194197058677673,-10.348777770996094,2.939835892077895e-05,0.9999706016410792,False,False,False,False,False,False,False,False,False,False,True,lowest_parent_attack
1,medium_ratio_seed42,medium_mass_ratio_recalibrated,42,sealed_final_attack,attack,93691,chunk98:13587,processed/iotsim-ip-camera-street-1.csv,1737236099.920246,1244656,TCP Scan,ip-camera-street,0.010814565908650183,-0.006183919377989689,0.999768421540297,0.364082932472229,0.2960418164730072,-0.0680411159992218,2.939835892077895e-05,0.9999706016410792,False,False,False,False,False,False,False,False,False,False,True,lowest_parent_attack
1,medium_ratio_seed42,medium_mass_ratio_recalibrated,42,sealed_final_attack,attack,93700,chunk98:13596,processed/iotsim-ip-camera-street-1.csv,1737236099.930536,1244665,TCP Scan,ip-camera-street,0.010814565908650183,-0.006183919377989689,0.999768421540297,0.36451807618141174,0.33883601427078247,-0.025682061910629272,2.939835892077895e-05,0.9999706016410792,False,False,False,False,False,False,False,False,False,False,True,lowest_parent_attack
1,medium_ratio_seed42,medium_mass_ratio_recalibrated,42,sealed_final_attack,attack,93533,chunk98:13429,processed/iotsim-ip-camera-street-1.csv,1737236098.918891,1244445,TCP Scan,ip-camera-street,0.010814565908650183,-0.006183919377989689,0.999768421540297,0.36423566937446594,0.27781739830970764,-0.0864182710647583,2.939835892077895e-05,0.9999706016410792,False,False,False,False,False,False,False,False,False,False,True,lowest_parent_attack
1,medium_ratio_seed42,medium_mass_ratio_recalibrated,42,sealed_final_attack,attack,85195,chunk98:5091,processed/iotsim-ip-camera-street-1.csv,1737236055.557472,1230686,TCP Scan,ip-camera-street,0.010814565908650183,-0.006183919377989689,0.999768421540297,0.3540678918361664,0.23241232335567474,-0.12165556848049164,2.939835892077895e-05,0.9999706016410792,False,False,False,False,False,False,False,False,False,False,True,lowest_parent_attack
1,medium_ratio_seed42,medium_mass_ratio_recalibrated,42,sealed_final_attack,attack,93873,chunk98:13769,processed/iotsim-ip-camera-street-1.csv,1737236100.08529,1244854,TCP Scan,ip-camera-street,0.010814565908650183,-0.006183919377989689,0.999768421540297,0.37297314405441284,0.2774292528629303,-0.09554389119148254,2.939835892077895e-05,0.9999706016410792,False,False,False,False,False,False,False,False,False,False,True,lowest_parent_attack
1,medium_ratio_seed42,medium_mass_ratio_recalibrated,42,sealed_final_attack,attack,93694,chunk98:13590,processed/iotsim-ip-camera-street-1.csv,1737236099.924816,1244659,TCP Scan,ip-camera-street,0.010814565908650183,-0.006183919377989689,0.999768421540297,0.36408254504203796,0.24872519075870514,-0.11535735428333282,2.939835892077895e-05,0.9999706016410792,False,False,False,False,False,False,False,False,False,False,True,lowest_parent_attack
1,medium_ratio_seed42,medium_mass_ratio_recalibrated,42,sealed_final_attack,attack,93531,chunk98:13427,processed/iotsim-ip-camera-street-1.csv,1737236098.91811,1244443,TCP Scan,ip-camera-street,0.010814565908650183,-0.006183919377989689,0.999768421540297,0.36423566937446594,0.2783661484718323,-0.08586952090263367,2.939835892077895e-05,0.9999706016410792,False,False,False,False,False,False,False,False,False,False,True,lowest_parent_attack
1,medium_ratio_seed42,medium_mass_ratio_recalibrated,42,sealed_final_attack,attack,93872,chunk98:13768,processed/iotsim-ip-camera-street-1.csv,1737236100.083955,1244853,TCP Scan,ip-camera-street,0.010814565908650183,-0.006183919377989689,0.999768421540297,0.37297314405441284,0.23542097210884094,-0.1375521719455719,2.939835892077895e-05,0.9999706016410792,False,False,False,False,False,False,False,False,False,False,True,lowest_parent_attack
1,medium_ratio_seed42,medium_mass_ratio_recalibrated,42,sealed_final_attack,attack,93874,chunk98:13770,processed/iotsim-ip-camera-street-1.csv,1737236100.090139,1244855,TCP Scan,ip-camera-street,0.010814565908650183,-0.006183919377989689,0.999768421540297,0.37297314405441284,0.23772311210632324,-0.1352500319480896,2.939835892077895e-05,0.9999706016410792,False,False,False,False,False,False,False,False,False,False,True,lowest_parent_attack
1,medium_ratio_seed42,medium_mass_ratio_recalibrated,42,sealed_final_attack,attack,86098,chunk98:5994,processed/iotsim-ip-camera-street-1.csv,1737236060.131272,1232009,TCP Scan,ip-camera-street,0.010814565908650183,-0.006183919377989689,0.999768421540297,0.3364561200141907,0.2386571168899536,-0.09779900312423706,2.939835892077895e-05,0.9999706016410792,False,False,False,False,False,False,False,False,False,False,True,lowest_parent_attack
1,medium_ratio_seed42,medium_mass_ratio_recalibrated,42,sealed_final_attack,attack,86287,chunk98:6183,processed/iotsim-ip-camera-street-1.csv,1737236061.894282,1232344,TCP Scan,ip-camera-street,0.010814565908650183,-0.006183919377989689,0.999768421540297,0.35774844884872437,0.28580227494239807,-0.0719461739063263,2.939835892077895e-05,0.9999706016410792,False,False,False,False,False,False,False,False,False,False,True,lowest_parent_attack
1,medium_ratio_seed42,medium_mass_ratio_recalibrated,42,sealed_final_attack,attack,85922,chunk98:5818,processed/iotsim-ip-camera-street-1.csv,1737236059.046168,1231779,TCP Scan,ip-camera-street,0.010814565908650183,-0.006183919377989689,0.999768421540297,0.35217714309692383,0.24497804045677185,-0.10719910264015198,2.939835892077895e-05,0.9999706016410792,False,False,False,False,False,False,False,False,False,False,True,lowest_parent_attack
1,medium_ratio_seed42,medium_mass_ratio_recalibrated,42,sealed_final_attack,attack,85923,chunk98:5819,processed/iotsim-ip-camera-street-1.csv,1737236059.046198,1231780,TCP Scan,ip-camera-street,0.010814565908650183,-0.006183919377989689,0.999768421540297,0.35217714309692383,0.24205903708934784,-0.11011810600757599,2.939835892077895e-05,0.9999706016410792,False,False,False,False,False,False,False,False,False,False,True,lowest_parent_attack
1,medium_ratio_seed42,medium_mass_ratio_recalibrated,42,sealed_final_attack,attack,86289,chunk98:6185,processed/iotsim-ip-camera-street-1.csv,1737236061.898618,1232346,TCP Scan,ip-camera-street,0.010814565908650183,-0.006183919377989689,0.999768421540297,0.35774844884872437,0.2446328103542328,-0.11311563849449158,2.939835892077895e-05,0.9999706016410792,False,False,False,False,False,False,False,False,False,False,True,lowest_parent_attack
1,medium_ratio_seed42,medium_mass_ratio_recalibrated,42,sealed_final_attack,attack,86288,chunk98:6184,processed/iotsim-ip-camera-street-1.csv,1737236061.897649,1232345,TCP Scan,ip-camera-street,0.010814565908650183,-0.006183919377989689,0.999768421540297,0.35774844884872437,0.23892830312252045,-0.11882014572620392,2.939835892077895e-05,0.9999706016410792,False,False,False,False,False,False,False,False,False,False,True,lowest_parent_attack
1,medium_ratio_seed42,medium_mass_ratio_recalibrated,42,sealed_final_attack,attack,92515,chunk98:12411,processed/iotsim-ip-camera-street-1.csv,1737236093.965108,1242879,TCP Scan,ip-camera-street,0.010814565908650183,-0.006183919377989689,0.999768421540297,0.36043015122413635,0.22928768396377563,-0.13114246726036072,2.939835892077895e-05,0.9999706016410792,False,False,False,False,False,False,False,False,False,False,True,lowest_parent_attack
1,medium_ratio_seed42,medium_mass_ratio_recalibrated,42,sealed_final_attack,attack,94125,chunk98:14021,processed/iotsim-ip-camera-street-1.csv,1737236101.352769,1245232,TCP Scan,ip-camera-street,0.010814565908650183,-0.006183919377989689,0.999768421540297,0.3699359893798828,0.2523583471775055,-0.11757764220237732,2.939835892077895e-05,0.9999706016410792,False,False,False,False,False,False,False,False,False,False,True,lowest_parent_attack
1,medium_ratio_seed42,medium_mass_ratio_recalibrated,42,sealed_final_attack,attack,94126,chunk98:14022,processed/iotsim-ip-camera-street-1.csv,1737236101.356322,1245233,TCP Scan,ip-camera-street,0.010814565908650183,-0.006183919377989689,0.999768421540297,0.3699359893798828,0.33453986048698425,-0.03539612889289856,2.939835892077895e-05,0.9999706016410792,False,False,False,False,False,False,False,False,False,False,True,lowest_parent_attack
1,medium_ratio_seed42,medium_mass_ratio_recalibrated,42,sealed_final_attack,attack,94127,chunk98:14023,processed/iotsim-ip-camera-street-1.csv,1737236101.359391,1245234,TCP Scan,ip-camera-street,0.010814565908650183,-0.006183919377989689,0.999768421540297,0.3699359893798828,0.344454288482666,-0.025481700897216797,2.939835892077895e-05,0.9999706016410792,False,False,False,False,False,False,False,False,False,False,True,lowest_parent_attack
1,medium_ratio_seed42,medium_mass_ratio_recalibrated,42,sealed_final_attack,attack,92518,chunk98:12414,processed/iotsim-ip-camera-street-1.csv,1737236093.977915,1242883,TCP Scan,ip-camera-street,0.010814565908650183,-0.006183919377989689,0.999768421540297,0.3576950132846832,0.253456175327301,-0.1042388379573822,2.939835892077895e-05,0.9999706016410792,False,False,False,False,False,False,False,False,False,False,True,lowest_parent_attack
1,medium_ratio_seed42,medium_mass_ratio_recalibrated,42,sealed_final_attack,attack,92516,chunk98:12412,processed/iotsim-ip-camera-street-1.csv,1737236093.977829,1242881,TCP Scan,ip-camera-street,0.010814565908650183,-0.006183919377989689,0.999768421540297,0.3576950132846832,0.29835981130599976,-0.05933520197868347,2.939835892077895e-05,0.9999706016410792,False,False,False,False,False,False,False,False,False,False,True,lowest_parent_attack
1,medium_ratio_seed42,medium_mass_ratio_recalibrated,42,sealed_final_attack,attack,93870,chunk98:13766,processed/iotsim-ip-camera-street-1.csv,1737236100.069771,1244849,TCP Scan,ip-camera-street,0.010814565908650183,-0.006183919377989689,0.999768421540297,0.37306615710258484,0.24130500853061676,-0.13176114857196808,2.939835892077895e-05,0.9999706016410792,False,False,False,False,False,False,False,False,False,False,True,lowest_parent_attack
1,medium_ratio_seed42,medium_mass_ratio_recalibrated,42,sealed_final_attack,attack,93692,chunk98:13588,processed/iotsim-ip-camera-street-1.csv,1737236099.924779,1244657,TCP Scan,ip-camera-street,0.010814565908650183,-0.006183919377989689,0.999768421540297,0.36408254504203796,0.23568107187747955,-0.1284014731645584,2.939835892077895e-05,0.9999706016410792,False,False,False,False,False,False,False,False,False,False,True,lowest_parent_attack
1,medium_ratio_seed42,medium_mass_ratio_recalibrated,42,sealed_final_attack,attack,94124,chunk98:14020,processed/iotsim-ip-camera-street-1.csv,1737236101.345613,1245231,TCP Scan,ip-camera-street,0.010814565908650183,-0.006183919377989689,0.999768421540297,0.3699359893798828,0.2730830907821655,-0.09685289859771729,2.939835892077895e-05,0.9999706016410792,False,False,False,False,False,False,False,False,False,False,True,lowest_parent_attack
1,medium_ratio_seed42,medium_mass_ratio_recalibrated,42,sealed_final_attack,attack,86286,chunk98:6182,processed/iotsim-ip-camera-street-1.csv,1737236061.894251,1232343,TCP Scan,ip-camera-street,0.010814565908650183,-0.006183919377989689,0.999768421540297,0.35774844884872437,0.229885995388031,-0.12786245346069336,2.939835892077895e-05,0.9999706016410792,False,False,False,False,False,False,False,False,False,False,True,lowest_parent_attack
1,medium_ratio_seed42,medium_mass_ratio_recalibrated,42,sealed_final_attack,attack,92845,chunk98:12741,processed/iotsim-ip-camera-street-1.csv,1737236095.021718,1243259,TCP Scan,ip-camera-street,0.010814565908650183,-0.006183919377989689,0.999768421540297,0.3781096935272217,0.3256533741950989,-0.0524563193321228,2.939835892077895e-05,0.9999706016410792,False,False,False,False,False,False,False,False,False,False,True,lowest_parent_attack
1,medium_ratio_seed42,medium_mass_ratio_recalibrated,42,sealed_final_attack,attack,92857,chunk98:12753,processed/iotsim-ip-camera-street-1.csv,1737236095.02871,1243277,TCP Scan,ip-camera-street,0.010814565908650183,-0.006183919377989689,0.999768421540297,0.37854596972465515,0.23669670522212982,-0.14184926450252533,2.939835892077895e-05,0.9999706016410792,False,False,False,False,False,False,False,False,False,False,True,lowest_parent_attack
1,medium_ratio_seed42,medium_mass_ratio_recalibrated,42,sealed_final_attack,attack,92851,chunk98:12747,processed/iotsim-ip-camera-street-1.csv,1737236095.02574,1243265,TCP Scan,ip-camera-street,0.010814565908650183,-0.006183919377989689,0.999768421540297,0.37801334261894226,0.2551368176937103,-0.12287652492523193,2.939835892077895e-05,0.9999706016410792,False,False,False,False,False,False,False,False,False,False,True,lowest_parent_attack
1,medium_ratio_seed42,medium_mass_ratio_recalibrated,42,sealed_final_attack,attack,92679,chunk98:12575,processed/iotsim-ip-camera-street-1.csv,1737236095.002971,1243091,TCP Scan,ip-camera-street,0.010814565908650183,-0.006183919377989689,0.999768421540297,0.37172582745552063,0.33438462018966675,-0.03734120726585388,2.939835892077895e-05,0.9999706016410792,False,False,False,False,False,False,False,False,False,False,True,lowest_parent_attack
1,medium_ratio_seed42,medium_mass_ratio_recalibrated,42,sealed_final_attack,attack,92678,chunk98:12574,processed/iotsim-ip-camera-street-1.csv,1737236094.99742,1243090,TCP Scan,ip-camera-street,0.010814565908650183,-0.006183919377989689,0.999768421540297,0.37172582745552063,0.23652487993240356,-0.13520094752311707,2.939835892077895e-05,0.9999706016410792,False,False,False,False,False,False,False,False,False,False,True,lowest_parent_attack
1,medium_ratio_seed42,medium_mass_ratio_recalibrated,42,sealed_final_attack,attack,92675,chunk98:12571,processed/iotsim-ip-camera-street-1.csv,1737236094.967946,1243087,TCP Scan,ip-camera-street,0.010814565908650183,-0.006183919377989689,0.999768421540297,0.36952778697013855,0.30089670419692993,-0.06863108277320862,2.939835892077895e-05,0.9999706016410792,False,False,False,False,False,False,False,False,False,False,True,lowest_parent_attack
1,medium_ratio_seed42,medium_mass_ratio_recalibrated,42,sealed_final_attack,attack,85731,chunk98:5627,processed/iotsim-ip-camera-street-1.csv,1737236058.962659,1231564,TCP Scan,ip-camera-street,0.010814565908650183,-0.006183919377989689,0.999768421540297,0.35441282391548157,0.2463979870080948,-0.10801483690738678,2.939835892077895e-05,0.9999706016410792,False,False,False,False,False,False,False,False,False,False,True,lowest_parent_attack
1,medium_ratio_seed42,medium_mass_ratio_recalibrated,42,sealed_final_attack,attack,92856,chunk98:12752,processed/iotsim-ip-camera-street-1.csv,1737236095.028679,1243276,TCP Scan,ip-camera-street,0.010814565908650183,-0.006183919377989689,0.999768421540297,0.37854599952697754,0.3062841594219208,-0.07226184010505676,2.939835892077895e-05,0.9999706016410792,False,False,False,False,False,False,False,False,False,False,True,lowest_parent_attack
1,medium_ratio_seed42,medium_mass_ratio_recalibrated,42,sealed_final_attack,attack,92520,chunk98:12416,processed/iotsim-ip-camera-street-1.csv,1737236093.98227,1242885,TCP Scan,ip-camera-street,0.010814565908650183,-0.006183919377989689,0.999768421540297,0.35791611671447754,0.24713896214962006,-0.11077715456485748,2.939835892077895e-05,0.9999706016410792,False,False,False,False,False,False,False,False,False,False,True,lowest_parent_attack
1,medium_ratio_seed42,medium_mass_ratio_recalibrated,42,sealed_final_attack,attack,86464,chunk98:6360,processed/iotsim-ip-camera-street-1.csv,1737236062.019543,1232530,TCP Scan,ip-camera-street,0.010814565908650183,-0.006183919377989689,0.999768421540297,0.35496124625205994,0.2949899435043335,-0.05997130274772644,2.939835892077895e-05,0.9999706016410792,False,False,False,False,False,False,False,False,False,False,True,lowest_parent_attack
1,medium_ratio_seed42,medium_mass_ratio_recalibrated,42,sealed_final_attack,attack,80078,chunk97:48,processed/iotsim-ip-camera-street-1.csv,1737236296.446847,1319770,Reporting,ip-camera-street,0.011113464155798274,-0.005885021130841599,0.999768421540297,0.3384651243686676,0.23408253490924835,-0.10438258945941925,2.939835892077895e-05,0.9999706016410792,False,False,False,False,False,False,False,False,False,False,True,lowest_parent_attack
1,medium_ratio_seed42,medium_mass_ratio_recalibrated,42,sealed_final_attack,attack,80052,chunk97:22,processed/iotsim-ip-camera-street-1.csv,1737236258.910189,1303724,Reporting,ip-camera-street,0.011113464155798274,-0.005885021130841599,0.999768421540297,0.3416793942451477,0.3038310110569,-0.03784838318824768,2.939835892077895e-05,0.9999706016410792,False,False,False,False,False,False,False,False,False,False,True,lowest_parent_attack
1,medium_ratio_seed42,medium_mass_ratio_recalibrated,42,sealed_final_attack,attack,80051,chunk97:21,processed/iotsim-ip-camera-street-1.csv,1737236258.906895,1303723,Reporting,ip-camera-street,0.011113464155798274,-0.005885021130841599,0.999768421540297,0.34152325987815857,0.30758193135261536,-0.03394132852554321,2.939835892077895e-05,0.9999706016410792,False,False,False,False,False,False,False,False,False,False,True,lowest_parent_attack
1,medium_ratio_seed42,medium_mass_ratio_recalibrated,42,sealed_final_attack,attack,80077,chunk97:47,processed/iotsim-ip-camera-street-1.csv,1737236296.442529,1319769,Reporting,ip-camera-street,0.011113464155798274,-0.005885021130841599,0.999768421540297,0.3382720649242401,0.24206648766994476,-0.09620557725429535,2.939835892077895e-05,0.9999706016410792,False,False,False,False,False,False,False,False,False,False,True,lowest_parent_attack
1,medium_ratio_seed42,medium_mass_ratio_recalibrated,42,sealed_final_attack,attack,85142,chunk98:5038,processed/iotsim-ip-camera-street-1.csv,1737236055.539945,1230633,TCP Scan,ip-camera-street,0.017593641653223382,0.0005951563665835095,0.999768421540297,0.2212710827589035,0.2716699242591858,0.05039884150028229,2.939835892077895e-05,0.9999706016410792,True,False,True,True,False,False,False,False,False,False,True,lowest_parent_attack
1,medium_ratio_seed42,medium_mass_ratio_recalibrated,42,sealed_final_attack,attack,85129,chunk98:5025,processed/iotsim-ip-camera-street-1.csv,1737236055.539669,1230620,TCP Scan,ip-camera-street,0.017593641653223382,0.0005951563665835095,0.999768421540297,0.21754786372184753,0.24547499418258667,0.027927130460739136,2.939835892077895e-05,0.9999706016410792,True,False,True,True,False,False,False,False,False,False,True,lowest_parent_attack
1,medium_ratio_seed42,medium_mass_ratio_recalibrated,42,sealed_final_attack,attack,85153,chunk98:5049,processed/iotsim-ip-camera-street-1.csv,1737236055.54023,1230644,TCP Scan,ip-camera-street,0.017593641653223382,0.0005951563665835095,0.999768421540297,0.22496385872364044,0.2407044768333435,0.015740618109703064,2.939835892077895e-05,0.9999706016410792,True,False,True,True,False,False,False,False,False,False,True,lowest_parent_attack
1,medium_ratio_seed42,medium_mass_ratio_recalibrated,42,sealed_final_attack,attack,85183,chunk98:5079,processed/iotsim-ip-camera-street-1.csv,1737236055.540842,1230674,TCP Scan,ip-camera-street,0.017593641653223382,0.0005951563665835095,0.999768421540297,0.2323361486196518,0.23309381306171417,0.0007576644420623779,2.939835892077895e-05,0.9999706016410792,True,False,True,True,False,False,False,False,False,False,True,lowest_parent_attack
1,medium_ratio_seed42,medium_mass_ratio_recalibrated,42,sealed_final_attack,attack,85168,chunk98:5064,processed/iotsim-ip-camera-street-1.csv,1737236055.540533,1230659,TCP Scan,ip-camera-street,0.017593641653223382,0.0005951563665835095,0.999768421540297,0.2290509045124054,0.24070341885089874,0.011652514338493347,2.939835892077895e-05,0.9999706016410792,True,False,True,True,False,False,False,False,False,False,True,lowest_parent_attack
1,medium_ratio_seed42,medium_mass_ratio_recalibrated,42,sealed_final_attack,attack,85160,chunk98:5056,processed/iotsim-ip-camera-street-1.csv,1737236055.540355,1230651,TCP Scan,ip-camera-street,0.017593641653223382,0.0005951563665835095,0.999768421540297,0.22669874131679535,0.27167293429374695,0.0449741929769516,2.939835892077895e-05,0.9999706016410792,True,False,True,True,False,False,False,False,False,False,True,lowest_parent_attack
1,medium_ratio_seed42,medium_mass_ratio_recalibrated,42,sealed_final_attack,attack,85018,chunk98:4914,processed/iotsim-ip-camera-street-1.csv,1737236054.538249,1230465,TCP Scan,ip-camera-street,0.017593641653223382,0.0005951563665835095,0.999768421540297,0.2097175270318985,0.2405470907688141,0.03082956373691559,2.939835892077895e-05,0.9999706016410792,True,False,True,True,False,False,False,False,False,False,True,lowest_parent_attack
1,medium_ratio_seed42,medium_mass_ratio_recalibrated,42,sealed_final_attack,attack,85013,chunk98:4909,processed/iotsim-ip-camera-street-1.csv,1737236054.53817,1230460,TCP Scan,ip-camera-street,0.017593641653223382,0.0005951563665835095,0.999768421540297,0.20870791375637054,0.23884914815425873,0.030141234397888184,2.939835892077895e-05,0.9999706016410792,True,False,True,True,False,False,False,False,False,False,True,lowest_parent_attack
1,medium_ratio_seed42,medium_mass_ratio_recalibrated,42,sealed_final_attack,attack,85035,chunk98:4931,processed/iotsim-ip-camera-street-1.csv,1737236054.538515,1230482,TCP Scan,ip-camera-street,0.017593641653223382,0.0005951563665835095,0.999768421540297,0.2130822241306305,0.23840592801570892,0.02532370388507843,2.939835892077895e-05,0.9999706016410792,True,False,True,True,False,False,False,False,False,False,True,lowest_parent_attack
1,medium_ratio_seed42,medium_mass_ratio_recalibrated,42,sealed_final_attack,attack,85032,chunk98:4928,processed/iotsim-ip-camera-street-1.csv,1737236054.538466,1230479,TCP Scan,ip-camera-street,0.017593641653223382,0.0005951563665835095,0.999768421540297,0.21249759197235107,0.2620382606983185,0.04954066872596741,2.939835892077895e-05,0.9999706016410792,True,False,True,True,False,False,False,False,False,False,True,lowest_parent_attack
1,medium_ratio_seed42,medium_mass_ratio_recalibrated,42,sealed_final_attack,attack,85034,chunk98:4930,processed/iotsim-ip-camera-street-1.csv,1737236054.538501,1230481,TCP Scan,ip-camera-street,0.017593641653223382,0.0005951563665835095,0.999768421540297,0.21288786828517914,0.2326383739709854,0.019750505685806274,2.939835892077895e-05,0.9999706016410792,True,False,True,True,False,False,False,False,False,False,True,lowest_parent_attack
1,medium_ratio_seed42,medium_mass_ratio_recalibrated,42,sealed_final_attack,attack,85023,chunk98:4919,processed/iotsim-ip-camera-street-1.csv,1737236054.538326,1230470,TCP Scan,ip-camera-street,0.017593641653223382,0.0005951563665835095,0.999768421540297,0.21071933209896088,0.25404635071754456,0.04332701861858368,2.939835892077895e-05,0.9999706016410792,True,False,True,True,False,False,False,False,False,False,True,lowest_parent_attack
1,medium_ratio_seed42,medium_mass_ratio_recalibrated,42,sealed_final_attack,attack,85042,chunk98:4938,processed/iotsim-ip-camera-street-1.csv,1737236054.538645,1230489,TCP Scan,ip-camera-street,0.017593641653223382,0.0005951563665835095,0.999768421540297,0.21442916989326477,0.26203832030296326,0.047609150409698486,2.939835892077895e-05,0.9999706016410792,True,False,True,True,False,False,False,False,False,False,True,lowest_parent_attack
1,medium_ratio_seed42,medium_mass_ratio_recalibrated,42,sealed_final_attack,attack,85041,chunk98:4937,processed/iotsim-ip-camera-street-1.csv,1737236054.538631,1230488,TCP Scan,ip-camera-street,0.017593641653223382,0.0005951563665835095,0.999768421540297,0.21423830091953278,0.2344040721654892,0.02016577124595642,2.939835892077895e-05,0.9999706016410792,True,False,True,True,False,False,False,False,False,False,True,lowest_parent_attack
1,medium_ratio_seed42,medium_mass_ratio_recalibrated,42,sealed_final_attack,attack,85038,chunk98:4934,processed/iotsim-ip-camera-street-1.csv,1737236054.538576,1230485,TCP Scan,ip-camera-street,0.017593641653223382,0.0005951563665835095,0.999768421540297,0.2136625498533249,0.22951370477676392,0.015851154923439026,2.939835892077895e-05,0.9999706016410792,True,False,True,True,False,False,False,False,False,False,True,lowest_parent_attack
1,medium_ratio_seed42,medium_mass_ratio_recalibrated,42,sealed_final_attack,attack,85009,chunk98:4905,processed/iotsim-ip-camera-street-1.csv,1737236054.538108,1230456,TCP Scan,ip-camera-street,0.017593641653223382,0.0005951563665835095,0.999768421540297,0.20789608359336853,0.25039759278297424,0.04250150918960571,2.939835892077895e-05,0.9999706016410792,True,False,True,True,False,False,False,False,False,False,True,lowest_parent_attack
1,medium_ratio_seed42,medium_mass_ratio_recalibrated,42,sealed_final_attack,attack,85568,chunk98:5464,processed/iotsim-ip-camera-street-1.csv,1737236057.946536,1231361,TCP Scan,ip-camera-street,0.017593641653223382,0.0005951563665835095,0.999768421540297,0.22594091296195984,0.24531859159469604,0.019377678632736206,2.939835892077895e-05,0.9999706016410792,True,False,True,True,False,False,False,False,False,False,True,lowest_parent_attack
1,medium_ratio_seed42,medium_mass_ratio_recalibrated,42,sealed_final_attack,attack,85561,chunk98:5457,processed/iotsim-ip-camera-street-1.csv,1737236057.946444,1231354,TCP Scan,ip-camera-street,0.017593641653223382,0.0005951563665835095,0.999768421540297,0.22470121085643768,0.27651044726371765,0.05180923640727997,2.939835892077895e-05,0.9999706016410792,True,False,True,True,False,False,False,False,False,False,True,lowest_parent_attack
1,medium_ratio_seed42,medium_mass_ratio_recalibrated,42,sealed_final_attack,attack,85560,chunk98:5456,processed/iotsim-ip-camera-street-1.csv,1737236057.946431,1231353,TCP Scan,ip-camera-street,0.017593641653223382,0.0005951563665835095,0.999768421540297,0.22452330589294434,0.2381397783756256,0.013616472482681274,2.939835892077895e-05,0.9999706016410792,True,False,True,True,False,False,False,False,False,False,True,lowest_parent_attack
1,medium_ratio_seed42,medium_mass_ratio_recalibrated,42,sealed_final_attack,attack,85540,chunk98:5436,processed/iotsim-ip-camera-street-1.csv,1737236057.946158,1231333,TCP Scan,ip-camera-street,0.017593641653223382,0.0005951563665835095,0.999768421540297,0.22077694535255432,0.2329358607530594,0.012158915400505066,2.939835892077895e-05,0.9999706016410792,True,False,True,True,False,False,False,False,False,False,True,lowest_parent_attack
1,medium_ratio_seed42,medium_mass_ratio_recalibrated,42,sealed_final_attack,attack,85178,chunk98:5074,processed/iotsim-ip-camera-street-1.csv,1737236055.540741,1230669,TCP Scan,ip-camera-street,0.017593641653223382,0.0005951563665835095,0.999768421540297,0.23127226531505585,0.24838386476039886,0.017111599445343018,2.939835892077895e-05,0.9999706016410792,True,False,True,True,False,False,False,False,False,False,True,lowest_parent_attack
1,medium_ratio_seed42,medium_mass_ratio_recalibrated,42,sealed_final_attack,attack,85558,chunk98:5454,processed/iotsim-ip-camera-street-1.csv,1737236057.946403,1231351,TCP Scan,ip-camera-street,0.017593641653223382,0.0005951563665835095,0.999768421540297,0.22416692972183228,0.28007838129997253,0.05591145157814026,2.939835892077895e-05,0.9999706016410792,True,False,True,True,False,False,False,False,False,False,True,lowest_parent_attack
1,medium_ratio_seed42,medium_mass_ratio_recalibrated,42,sealed_final_attack,attack,85556,chunk98:5452,processed/iotsim-ip-camera-street-1.csv,1737236057.946379,1231349,TCP Scan,ip-camera-street,0.017593641653223382,0.0005951563665835095,0.999768421540297,0.22381006181240082,0.25607940554618835,0.03226934373378754,2.939835892077895e-05,0.9999706016410792,True,False,True,True,False,False,False,False,False,False,True,lowest_parent_attack
1,medium_ratio_seed42,medium_mass_ratio_recalibrated,42,sealed_final_attack,attack,85555,chunk98:5451,processed/iotsim-ip-camera-street-1.csv,1737236057.946368,1231348,TCP Scan,ip-camera-street,0.017593641653223382,0.0005951563665835095,0.999768421540297,0.22363147139549255,0.2628314793109894,0.039200007915496826,2.939835892077895e-05,0.9999706016410792,True,False,True,True,False,False,False,False,False,False,True,lowest_parent_attack
1,medium_ratio_seed42,medium_mass_ratio_recalibrated,42,sealed_final_attack,attack,85551,chunk98:5447,processed/iotsim-ip-camera-street-1.csv,1737236057.946298,1231344,TCP Scan,ip-camera-street,0.017593641653223382,0.0005951563665835095,0.999768421540297,0.22273856401443481,0.2367955893278122,0.01405702531337738,2.939835892077895e-05,0.9999706016410792,True,False,True,True,False,False,False,False,False,False,True,lowest_parent_attack
1,medium_ratio_seed42,medium_mass_ratio_recalibrated,42,sealed_final_attack,attack,85554,chunk98:5450,processed/iotsim-ip-camera-street-1.csv,1737236057.946356,1231347,TCP Scan,ip-camera-street,0.017593641653223382,0.0005951563665835095,0.999768421540297,0.22345277667045593,0.25335079431533813,0.029898017644882202,2.939835892077895e-05,0.9999706016410792,True,False,True,True,False,False,False,False,False,False,True,lowest_parent_attack
1,medium_ratio_seed42,medium_mass_ratio_recalibrated,42,sealed_final_attack,attack,85550,chunk98:5446,processed/iotsim-ip-camera-street-1.csv,1737236057.946288,1231343,TCP Scan,ip-camera-street,0.017593641653223382,0.0005951563665835095,0.999768421540297,0.22255973517894745,0.23119154572486877,0.008631810545921326,2.939835892077895e-05,0.9999706016410792,True,False,True,True,False,False,False,False,False,False,True,lowest_parent_attack
1,medium_ratio_seed42,medium_mass_ratio_recalibrated,42,sealed_final_attack,attack,85557,chunk98:5453,processed/iotsim-ip-camera-street-1.csv,1737236057.946392,1231350,TCP Scan,ip-camera-street,0.017593641653223382,0.0005951563665835095,0.999768421540297,0.2239886075258255,0.25124645233154297,0.027257844805717468,2.939835892077895e-05,0.9999706016410792,True,False,True,True,False,False,False,False,False,False,True,lowest_parent_attack
1,medium_ratio_seed42,medium_mass_ratio_recalibrated,42,sealed_final_attack,attack,85184,chunk98:5080,processed/iotsim-ip-camera-street-1.csv,1737236055.540859,1230675,TCP Scan,ip-camera-street,0.017593641653223382,0.0005951563665835095,0.999768421540297,0.23254530131816864,0.24192792177200317,0.009382620453834534,2.939835892077895e-05,0.9999706016410792,True,False,True,True,False,False,False,False,False,False,True,lowest_parent_attack
1,medium_ratio_seed42,medium_mass_ratio_recalibrated,42,sealed_final_attack,attack,85191,chunk98:5087,processed/iotsim-ip-camera-street-1.csv,1737236055.541023,1230682,TCP Scan,ip-camera-street,0.017593641653223382,0.0005951563665835095,0.999768421540297,0.23417720198631287,0.23024925589561462,-0.003927946090698242,2.939835892077895e-05,0.9999706016410792,True,False,True,True,False,False,False,False,False,False,True,lowest_parent_attack
1,medium_ratio_seed42,medium_mass_ratio_recalibrated,42,sealed_final_attack,attack,85192,chunk98:5088,processed/iotsim-ip-camera-street-1.csv,1737236055.541039,1230683,TCP Scan,ip-camera-street,0.017593641653223382,0.0005951563665835095,0.999768421540297,0.23437632620334625,0.2447625994682312,0.010386273264884949,2.939835892077895e-05,0.9999706016410792,True,False,True,True,False,False,False,False,False,False,True,lowest_parent_attack
1,medium_ratio_seed42,medium_mass_ratio_recalibrated,42,sealed_final_attack,attack,85679,chunk98:5575,processed/iotsim-ip-camera-street-1.csv,1737236058.946949,1231510,TCP Scan,ip-camera-street,0.017593641653223382,0.0005951563665835095,0.999768421540297,0.23025192320346832,0.24008381366729736,0.00983189046382904,2.939835892077895e-05,0.9999706016410792,True,False,True,True,False,False,False,False,False,False,True,lowest_parent_attack
6,strict_weight4_seed42,strict_frozen_weight4,42,future_query,attack,378139,chunk71:11994,processed/iotsim-ip-camera-museum-1.csv,1737236425.639802,2007152,Telnet Brute Force,ip-camera-museum,0.30575425040124415,0.3021956539564506,0.9997420969631201,0.2255542278289795,0.23368610441684723,0.008131876587867737,2.939835892077895e-05,0.9999706016410792,True,False,True,True,False,False,False,False,False,False,True,lowest_temporal_attack
6,strict_weight4_seed42,strict_frozen_weight4,42,future_query,attack,378138,chunk71:11993,processed/iotsim-ip-camera-museum-1.csv,1737236425.639508,2007151,Telnet Brute Force,ip-camera-museum,0.30575425040124415,0.3021956539564506,0.9997420969631201,0.22766435146331787,0.23379670083522797,0.006132349371910095,2.939835892077895e-05,0.9999706016410792,True,False,True,True,False,False,False,False,False,False,True,lowest_temporal_attack
6,strict_weight4_seed42,strict_frozen_weight4,42,future_query,attack,378137,chunk71:11992,processed/iotsim-ip-camera-museum-1.csv,1737236425.639488,2007150,Telnet Brute Force,ip-camera-museum,0.30575425040124415,0.3021956539564506,0.9997420969631201,0.21735547482967377,0.23391135036945343,0.016555875539779663,2.939835892077895e-05,0.9999706016410792,True,False,True,True,False,False,False,False,False,False,True,lowest_temporal_attack
6,strict_weight4_seed42,strict_frozen_weight4,42,future_query,attack,378136,chunk71:11991,processed/iotsim-ip-camera-museum-1.csv,1737236425.639479,2007149,Telnet Brute Force,ip-camera-museum,0.30575425040124415,0.3021956539564506,0.9997420969631201,0.1458778977394104,0.28262683749198914,0.13674893975257874,2.939835892077895e-05,0.9999706016410792,True,False,True,True,False,False,False,False,False,False,True,lowest_temporal_attack
6,strict_weight4_seed42,strict_frozen_weight4,42,future_query,attack,378135,chunk71:11990,processed/iotsim-ip-camera-museum-1.csv,1737236425.63943,2007148,Telnet Brute Force,ip-camera-museum,0.30575425040124415,0.3021956539564506,0.9997420969631201,0.14588399231433868,0.2826560437679291,0.1367720514535904,2.939835892077895e-05,0.9999706016410792,True,False,True,True,False,False,False,False,False,False,True,lowest_temporal_attack
6,strict_weight4_seed42,strict_frozen_weight4,42,future_query,attack,378134,chunk71:11989,processed/iotsim-ip-camera-museum-1.csv,1737236425.612674,2007147,Telnet Brute Force,ip-camera-museum,0.30575425040124415,0.3021956539564506,0.9997420969631201,0.2431943416595459,0.23378989100456238,-0.00940445065498352,2.939835892077895e-05,0.9999706016410792,True,False,True,True,False,False,False,False,False,False,True,lowest_temporal_attack
6,strict_weight4_seed42,strict_frozen_weight4,42,future_query,attack,378133,chunk71:11988,processed/iotsim-ip-camera-museum-1.csv,1737236425.612659,2007146,Telnet Brute Force,ip-camera-museum,0.30575425040124415,0.3021956539564506,0.9997420969631201,0.23397578299045563,0.23390649259090424,-6.92903995513916e-05,2.939835892077895e-05,0.9999706016410792,True,False,True,True,False,False,False,False,False,False,True,lowest_temporal_attack
6,strict_weight4_seed42,strict_frozen_weight4,42,future_query,attack,378132,chunk71:11987,processed/iotsim-ip-camera-museum-1.csv,1737236425.612619,2007145,Telnet Brute Force,ip-camera-museum,0.30575425040124415,0.3021956539564506,0.9997420969631201,0.2205093801021576,0.23402436077594757,0.013514980673789978,2.939835892077895e-05,0.9999706016410792,True,False,True,True,False,False,False,False,False,False,True,lowest_temporal_attack
6,strict_weight4_seed42,strict_frozen_weight4,42,future_query,attack,378131,chunk71:11986,processed/iotsim-ip-camera-museum-1.csv,1737236425.571787,2007141,Telnet Brute Force,ip-camera-museum,0.30575425040124415,0.3021956539564506,0.9997420969631201,0.1469806730747223,0.2821125090122223,0.1351318359375,2.939835892077895e-05,0.9999706016410792,True,False,True,True,False,False,False,False,False,False,True,lowest_temporal_attack
6,strict_weight4_seed42,strict_frozen_weight4,42,future_query,attack,378130,chunk71:11985,processed/iotsim-ip-camera-museum-1.csv,1737236425.571772,2007140,Telnet Brute Force,ip-camera-museum,0.30575425040124415,0.3021956539564506,0.9997420969631201,0.14698460698127747,0.28214165568351746,0.13515704870224,2.939835892077895e-05,0.9999706016410792,True,False,True,True,False,False,False,False,False,False,True,lowest_temporal_attack
6,strict_weight4_seed42,strict_frozen_weight4,42,future_query,attack,378129,chunk71:11984,processed/iotsim-ip-camera-museum-1.csv,1737236425.57174,2007139,Telnet Brute Force,ip-camera-museum,0.30575425040124415,0.3021956539564506,0.9997420969631201,0.14698857069015503,0.28217190504074097,0.13518333435058594,2.939835892077895e-05,0.9999706016410792,True,False,True,True,False,False,False,False,False,False,True,lowest_temporal_attack
6,strict_weight4_seed42,strict_frozen_weight4,42,future_query,attack,378128,chunk71:11983,processed/iotsim-ip-camera-museum-1.csv,1737236425.533241,2007136,Telnet Brute Force,ip-camera-museum,0.30575425040124415,0.3021956539564506,0.9997420969631201,0.14572468400001526,0.281872034072876,0.13614735007286072,2.939835892077895e-05,0.9999706016410792,True,False,True,True,False,False,False,False,False,False,True,lowest_temporal_attack
6,strict_weight4_seed42,strict_frozen_weight4,42,future_query,attack,378127,chunk71:11982,processed/iotsim-ip-camera-museum-1.csv,1737236425.528972,2007133,Telnet Brute Force,ip-camera-museum,0.30575425040124415,0.3021956539564506,0.9997420969631201,0.21643806993961334,0.23342283070087433,0.016984760761260986,2.939835892077895e-05,0.9999706016410792,True,False,True,True,False,False,False,False,False,False,True,lowest_temporal_attack
6,strict_weight4_seed42,strict_frozen_weight4,42,future_query,attack,378126,chunk71:11981,processed/iotsim-ip-camera-museum-1.csv,1737236425.528925,2007132,Telnet Brute Force,ip-camera-museum,0.30575425040124415,0.3021956539564506,0.9997420969631201,0.14549040794372559,0.281865656375885,0.13637524843215942,2.939835892077895e-05,0.9999706016410792,True,False,True,True,False,False,False,False,False,False,True,lowest_temporal_attack
6,strict_weight4_seed42,strict_frozen_weight4,42,future_query,attack,378125,chunk71:11980,processed/iotsim-ip-camera-museum-1.csv,1737236425.526621,2007131,Telnet Brute Force,ip-camera-museum,0.30575425040124415,0.3021956539564506,0.9997420969631201,0.14550071954727173,0.28187865018844604,0.13637793064117432,2.939835892077895e-05,0.9999706016410792,True,False,True,True,False,False,False,False,False,False,True,lowest_temporal_attack
6,strict_weight4_seed42,strict_frozen_weight4,42,future_query,attack,378124,chunk71:11979,processed/iotsim-ip-camera-museum-1.csv,1737236425.522882,2007130,Telnet Brute Force,ip-camera-museum,0.30575425040124415,0.3021956539564506,0.9997420969631201,0.21757766604423523,0.23348473012447357,0.015907064080238342,2.939835892077895e-05,0.9999706016410792,True,False,True,True,False,False,False,False,False,False,True,lowest_temporal_attack
6,strict_weight4_seed42,strict_frozen_weight4,42,future_query,attack,15,chunk17:15,processed/iotsim-air-quality-1.csv,1737236105.787043,6589,Ingress Tool Transfer,air-quality,0.0013305052098993248,-0.0022280912348942488,0.9997420969631201,0.21812063455581665,0.12822367250919342,-0.08989696204662323,2.939835892077895e-05,0.9999706016410792,False,False,False,False,False,False,False,False,False,False,True,lowest_temporal_attack
6,strict_weight4_seed42,strict_frozen_weight4,42,future_query,attack,14,chunk17:14,processed/iotsim-air-quality-1.csv,1737236105.786909,6588,Ingress Tool Transfer,air-quality,0.0013305052098993248,-0.0022280912348942488,0.9997420969631201,0.2190665751695633,0.13040512800216675,-0.08866144716739655,2.939835892077895e-05,0.9999706016410792,False,False,False,False,False,False,False,False,False,False,True,lowest_temporal_attack
6,strict_weight4_seed42,strict_frozen_weight4,42,future_query,attack,13,chunk17:13,processed/iotsim-air-quality-1.csv,1737236103.054194,6524,Ingress Tool Transfer,air-quality,0.01146290217033392,0.007904305725540345,0.9997420969631201,0.2173151969909668,0.12293737381696701,-0.09437782317399979,2.939835892077895e-05,0.9999706016410792,True,False,True,True,False,False,False,False,False,False,True,lowest_temporal_attack
6,strict_weight4_seed42,strict_frozen_weight4,42,future_query,attack,12,chunk17:12,processed/iotsim-air-quality-1.csv,1737236103.008397,6523,Ingress Tool Transfer,air-quality,0.01146290217033392,0.007904305725540345,0.9997420969631201,0.21518367528915405,0.1326737105846405,-0.08250996470451355,2.939835892077895e-05,0.9999706016410792,True,False,True,True,False,False,False,False,False,False,True,lowest_temporal_attack
6,strict_weight4_seed42,strict_frozen_weight4,42,future_query,attack,11,chunk17:11,processed/iotsim-air-quality-1.csv,1737236103.008319,6522,Ingress Tool Transfer,air-quality,0.01146290217033392,0.007904305725540345,0.9997420969631201,0.21502763032913208,0.13328976929187775,-0.08173786103725433,2.939835892077895e-05,0.9999706016410792,True,False,True,True,False,False,False,False,False,False,True,lowest_temporal_attack
6,strict_weight4_seed42,strict_frozen_weight4,42,future_query,attack,10,chunk17:10,processed/iotsim-air-quality-1.csv,1737236103.008274,6521,Ingress Tool Transfer,air-quality,0.01146290217033392,0.007904305725540345,0.9997420969631201,0.2169218361377716,0.1192622259259224,-0.09765961021184921,2.939835892077895e-05,0.9999706016410792,True,False,True,True,False,False,False,False,False,False,True,lowest_temporal_attack
6,strict_weight4_seed42,strict_frozen_weight4,42,future_query,attack,9,chunk17:9,processed/iotsim-air-quality-1.csv,1737236103.002766,6520,Ingress Tool Transfer,air-quality,0.006398547798537317,0.0028399513537437433,0.9997420969631201,0.2147883176803589,0.1330491602420807,-0.0817391574382782,2.939835892077895e-05,0.9999706016410792,True,False,True,True,False,False,False,False,False,False,True,lowest_temporal_attack
6,strict_weight4_seed42,strict_frozen_weight4,42,future_query,attack,8,chunk17:8,processed/iotsim-air-quality-1.csv,1737236103.002733,6519,Ingress Tool Transfer,air-quality,0.006398547798537317,0.0028399513537437433,0.9997420969631201,0.21665728092193604,0.12392298132181168,-0.09273429960012436,2.939835892077895e-05,0.9999706016410792,True,False,True,True,False,False,False,False,False,False,True,lowest_temporal_attack
6,strict_weight4_seed42,strict_frozen_weight4,42,future_query,attack,7,chunk17:7,processed/iotsim-air-quality-1.csv,1737236102.998331,6518,Ingress Tool Transfer,air-quality,0.034518933822987354,0.03096033737819378,0.9997420969631201,0.2148883193731308,0.1483120173215866,-0.06657630205154419,2.939835892077895e-05,0.9999706016410792,True,False,True,True,False,False,False,False,False,False,True,lowest_temporal_attack
6,strict_weight4_seed42,strict_frozen_weight4,42,future_query,attack,6,chunk17:6,processed/iotsim-air-quality-1.csv,1737236102.998311,6517,Ingress Tool Transfer,air-quality,0.0316784640319331,0.028119867587139524,0.9997420969631201,0.21461942791938782,0.1511772722005844,-0.0634421557188034,2.939835892077895e-05,0.9999706016410792,True,False,True,True,False,False,False,False,False,False,True,lowest_temporal_attack
6,strict_weight4_seed42,strict_frozen_weight4,42,future_query,attack,5,chunk17:5,processed/iotsim-air-quality-1.csv,1737236102.998304,6516,Ingress Tool Transfer,air-quality,0.008482629522277525,0.004924033077483951,0.9997420969631201,0.21754442155361176,0.13401034474372864,-0.08353407680988312,2.939835892077895e-05,0.9999706016410792,True,False,True,True,False,False,False,False,False,False,True,lowest_temporal_attack
6,strict_weight4_seed42,strict_frozen_weight4,42,future_query,attack,4,chunk17:4,processed/iotsim-air-quality-1.csv,1737236102.998274,6515,Ingress Tool Transfer,air-quality,0.005857988856292049,0.0022993924114984754,0.9997420969631201,0.21757656335830688,0.1340959072113037,-0.08348065614700317,2.939835892077895e-05,0.9999706016410792,True,False,True,True,False,False,False,False,False,False,True,lowest_temporal_attack
6,strict_weight4_seed42,strict_frozen_weight4,42,future_query,attack,3,chunk17:3,processed/iotsim-air-quality-1.csv,1737236102.992764,6514,Ingress Tool Transfer,air-quality,0.0316784640319331,0.028119867587139524,0.9997420969631201,0.21484573185443878,0.1531524509191513,-0.061693280935287476,2.939835892077895e-05,0.9999706016410792,True,False,True,True,False,False,False,False,False,False,True,lowest_temporal_attack
6,strict_weight4_seed42,strict_frozen_weight4,42,future_query,attack,2,chunk17:2,processed/iotsim-air-quality-1.csv,1737236102.992594,6513,Ingress Tool Transfer,air-quality,0.0316784640319331,0.028119867587139524,0.9997420969631201,0.21713930368423462,0.13827325403690338,-0.07886604964733124,2.939835892077895e-05,0.9999706016410792,True,False,True,True,False,False,False,False,False,False,True,lowest_temporal_attack
6,strict_weight4_seed42,strict_frozen_weight4,42,future_query,attack,1,chunk17:1,processed/iotsim-air-quality-1.csv,1737236102.987026,6512,Ingress Tool Transfer,air-quality,0.014251794341255621,0.010693197896462047,0.9997420969631201,0.21412503719329834,0.15406419336795807,-0.06006084382534027,2.939835892077895e-05,0.9999706016410792,True,False,True,True,False,False,False,False,False,False,True,lowest_temporal_attack
6,strict_weight4_seed42,strict_frozen_weight4,42,future_query,attack,378140,chunk71:11995,processed/iotsim-ip-camera-museum-1.csv,1737236425.639847,2007153,Telnet Brute Force,ip-camera-museum,0.30575425040124415,0.3021956539564506,0.9997420969631201,0.2150246948003769,0.23357458412647247,0.01854988932609558,2.939835892077895e-05,0.9999706016410792,True,False,True,True,False,False,False,False,False,False,True,lowest_temporal_attack
6,strict_weight4_seed42,strict_frozen_weight4,42,future_query,attack,100,chunk17:100,processed/iotsim-air-quality-1.csv,1737236106.134203,6674,Ingress Tool Transfer,air-quality,0.3076619845170769,0.3041033880722833,0.9997420969631201,0.1899924874305725,0.20843690633773804,0.018444418907165527,2.939835892077895e-05,0.9999706016410792,True,False,True,True,False,False,False,False,False,False,True,lowest_temporal_attack
6,strict_weight4_seed42,strict_frozen_weight4,42,future_query,attack,98,chunk17:98,processed/iotsim-air-quality-1.csv,1737236106.132936,6672,Ingress Tool Transfer,air-quality,0.23710133291832583,0.23354273647353227,0.9997420969631201,0.19232973456382751,0.20898039638996124,0.016650661826133728,2.939835892077895e-05,0.9999706016410792,True,False,True,True,False,False,False,False,False,False,True,lowest_temporal_attack
6,strict_weight4_seed42,strict_frozen_weight4,42,future_query,attack,97,chunk17:97,processed/iotsim-air-quality-1.csv,1737236106.132922,6671,Ingress Tool Transfer,air-quality,0.23710133291832583,0.23354273647353227,0.9997420969631201,0.19220192730426788,0.20954398810863495,0.017342060804367065,2.939835892077895e-05,0.9999706016410792,True,False,True,True,False,False,False,False,False,False,True,lowest_temporal_attack
6,strict_weight4_seed42,strict_frozen_weight4,42,future_query,attack,96,chunk17:96,processed/iotsim-air-quality-1.csv,1737236106.132911,6670,Ingress Tool Transfer,air-quality,0.23710133291832583,0.23354273647353227,0.9997420969631201,0.19207365810871124,0.2101077437400818,0.018034085631370544,2.939835892077895e-05,0.9999706016410792,True,False,True,True,False,False,False,False,False,False,True,lowest_temporal_attack
6,strict_weight4_seed42,strict_frozen_weight4,42,future_query,attack,95,chunk17:95,processed/iotsim-air-quality-1.csv,1737236106.132899,6669,Ingress Tool Transfer,air-quality,0.23710133291832583,0.23354273647353227,0.9997420969631201,0.19194525480270386,0.21067166328430176,0.0187264084815979,2.939835892077895e-05,0.9999706016410792,True,False,True,True,False,False,False,False,False,False,True,lowest_temporal_attack
6,strict_weight4_seed42,strict_frozen_weight4,42,future_query,attack,94,chunk17:94,processed/iotsim-air-quality-1.csv,1737236106.132875,6668,Ingress Tool Transfer,air-quality,0.23710133291832583,0.23354273647353227,0.9997420969631201,0.19181711971759796,0.21123556792736053,0.019418448209762573,2.939835892077895e-05,0.9999706016410792,True,False,True,True,False,False,False,False,False,False,True,lowest_temporal_attack
6,strict_weight4_seed42,strict_frozen_weight4,42,future_query,attack,90,chunk17:90,processed/iotsim-air-quality-1.csv,1737236106.131562,6664,Ingress Tool Transfer,air-quality,0.23710133291832583,0.23354273647353227,0.9997420969631201,0.18916967511177063,0.21178290247917175,0.022613227367401123,2.939835892077895e-05,0.9999706016410792,True,False,True,True,False,False,False,False,False,False,True,lowest_temporal_attack
6,strict_weight4_seed42,strict_frozen_weight4,42,future_query,attack,85,chunk17:85,processed/iotsim-air-quality-1.csv,1737236106.126757,6659,Ingress Tool Transfer,air-quality,0.23710133291832583,0.23354273647353227,0.9997420969631201,0.18685011565685272,0.21228741109371185,0.02543729543685913,2.939835892077895e-05,0.9999706016410792,True,False,True,True,False,False,False,False,False,False,True,lowest_temporal_attack
6,strict_weight4_seed42,strict_frozen_weight4,42,future_query,attack,39,chunk17:39,processed/iotsim-air-quality-1.csv,1737236105.987903,6613,Ingress Tool Transfer,air-quality,0.2651644435893903,0.2616058471445967,0.9997420969631201,0.20878730714321136,0.22106905281543732,0.012281745672225952,2.939835892077895e-05,0.9999706016410792,True,False,True,True,False,False,False,False,False,False,True,lowest_temporal_attack
6,strict_weight4_seed42,strict_frozen_weight4,42,future_query,attack,38,chunk17:38,processed/iotsim-air-quality-1.csv,1737236105.987747,6612,Ingress Tool Transfer,air-quality,0.2651644435893903,0.2616058471445967,0.9997420969631201,0.21153995394706726,0.21900029480457306,0.007460340857505798,2.939835892077895e-05,0.9999706016410792,True,False,True,True,False,False,False,False,False,False,True,lowest_temporal_attack
6,strict_weight4_seed42,strict_frozen_weight4,42,future_query,attack,37,chunk17:37,processed/iotsim-air-quality-1.csv,1737236105.987723,6611,Ingress Tool Transfer,air-quality,0.06102855672196245,0.05746996027716888,0.9997420969631201,0.21069125831127167,0.21956603229045868,0.008874773979187012,2.939835892077895e-05,0.9999706016410792,True,False,True,True,False,False,False,False,False,False,True,lowest_temporal_attack
6,strict_weight4_seed42,strict_frozen_weight4,42,future_query,attack,36,chunk17:36,processed/iotsim-air-quality-1.csv,1737236105.981505,6610,Ingress Tool Transfer,air-quality,0.06102855672196245,0.05746996027716888,0.9997420969631201,0.20864282548427582,0.22160612046718597,0.012963294982910156,2.939835892077895e-05,0.9999706016410792,True,False,True,True,False,False,False,False,False,False,True,lowest_temporal_attack
6,strict_weight4_seed42,strict_frozen_weight4,42,future_query,attack,35,chunk17:35,processed/iotsim-air-quality-1.csv,1737236105.981462,6609,Ingress Tool Transfer,air-quality,0.048957130915426327,0.04539853447063275,0.9997420969631201,0.2134413719177246,0.14363950490951538,-0.06980186700820923,2.939835892077895e-05,0.9999706016410792,True,False,True,True,False,False,False,False,False,False,True,lowest_temporal_attack
6,strict_weight4_seed42,strict_frozen_weight4,42,future_query,attack,34,chunk17:34,processed/iotsim-air-quality-1.csv,1737236105.933365,6608,Ingress Tool Transfer,air-quality,0.048957130915426327,0.04539853447063275,0.9997420969631201,0.20881766080856323,0.18344898521900177,-0.025368675589561462,2.939835892077895e-05,0.9999706016410792,True,False,True,True,False,False,False,False,False,False,True,lowest_temporal_attack
6,strict_weight4_seed42,strict_frozen_weight4,42,future_query,attack,33,chunk17:33,processed/iotsim-air-quality-1.csv,1737236105.933199,6607,Ingress Tool Transfer,air-quality,0.06401003009323174,0.06045143364843816,0.9997420969631201,0.21313698589801788,0.14184720814228058,-0.0712897777557373,2.939835892077895e-05,0.9999706016410792,True,False,True,True,False,False,False,False,False,False,True,lowest_temporal_attack
6,strict_weight4_seed42,strict_frozen_weight4,42,future_query,attack,32,chunk17:32,processed/iotsim-air-quality-1.csv,1737236105.93317,6606,Ingress Tool Transfer,air-quality,0.01216789801562016,0.008609301570826585,0.9997420969631201,0.2138390988111496,0.13226933777332306,-0.08156976103782654,2.939835892077895e-05,0.9999706016410792,True,False,True,True,False,False,False,False,False,False,True,lowest_temporal_attack
6,strict_weight4_seed42,strict_frozen_weight4,42,future_query,attack,121,chunk18:12,processed/iotsim-air-quality-1.csv,1737236000.601978,4393,TCP Scan,air-quality,0.0009286045569107972,-0.0026299918878827768,0.9997420969631201,0.21735155582427979,0.12733930349349976,-0.09001225233078003,2.939835892077895e-05,0.9999706016410792,False,False,False,False,False,False,False,False,False,False,True,lowest_temporal_attack
6,strict_weight4_seed42,strict_frozen_weight4,42,future_query,attack,120,chunk18:11,processed/iotsim-air-quality-1.csv,1737236000.601955,4392,TCP Scan,air-quality,0.003541667461925581,-1.6928982867992545e-05,0.9997420969631201,0.2163214236497879,0.12853671610355377,-0.08778470754623413,2.939835892077895e-05,0.9999706016410792,False,False,False,False,False,False,False,False,False,False,True,lowest_temporal_attack
6,strict_weight4_seed42,strict_frozen_weight4,42,future_query,attack,119,chunk18:10,processed/iotsim-air-quality-1.csv,1737236000.601949,4391,TCP Scan,air-quality,0.0016682681594074695,-0.0018903282853861042,0.9997420969631201,0.2207338511943817,0.12359540909528732,-0.09713844209909439,2.939835892077895e-05,0.9999706016410792,False,False,False,False,False,False,False,False,False,False,True,lowest_temporal_attack
6,strict_weight4_seed42,strict_frozen_weight4,42,future_query,attack,118,chunk18:9,processed/iotsim-air-quality-1.csv,1737236000.601907,4390,TCP Scan,air-quality,0.0011496386560803029,-0.0024089577887132707,0.9997420969631201,0.221024289727211,0.12321160733699799,-0.09781268239021301,2.939835892077895e-05,0.9999706016410792,False,False,False,False,False,False,False,False,False,False,True,lowest_temporal_attack
6,strict_weight4_seed42,strict_frozen_weight4,42,future_query,attack,117,chunk18:8,processed/iotsim-air-quality-1.csv,1737236000.597912,4389,TCP Scan,air-quality,0.0006397735605576378,-0.002918822884235936,0.9997420969631201,0.21972955763339996,0.12379670888185501,-0.09593284875154495,2.939835892077895e-05,0.9999706016410792,False,False,False,False,False,False,False,False,False,False,True,lowest_temporal_attack
6,strict_weight4_seed42,strict_frozen_weight4,42,future_query,attack,116,chunk18:7,processed/iotsim-air-quality-1.csv,1737236000.597727,4388,TCP Scan,air-quality,0.0011496386560803029,-0.0024089577887132707,0.9997420969631201,0.22140628099441528,0.12921208143234253,-0.09219419956207275,2.939835892077895e-05,0.9999706016410792,False,False,False,False,False,False,False,False,False,False,True,lowest_temporal_attack
6,strict_weight4_seed42,strict_frozen_weight4,42,future_query,attack,115,chunk18:6,processed/iotsim-air-quality-1.csv,1737236000.592986,4387,TCP Scan,air-quality,0.0006397735605576378,-0.002918822884235936,0.9997420969631201,0.22022674977779388,0.12398628890514374,-0.09624046087265015,2.939835892077895e-05,0.9999706016410792,False,False,False,False,False,False,False,False,False,False,True,lowest_temporal_attack
6,strict_weight4_seed42,strict_frozen_weight4,42,future_query,attack,114,chunk18:5,processed/iotsim-air-quality-1.csv,1737236000.59294,4386,TCP Scan,air-quality,0.005201639295673043,0.0016430428508794697,0.9997420969631201,0.22214964032173157,0.12612271308898926,-0.09602692723274231,2.939835892077895e-05,0.9999706016410792,True,False,True,True,False,False,False,False,False,False,True,lowest_temporal_attack
6,strict_weight4_seed42,strict_frozen_weight4,42,future_query,attack,113,chunk18:4,processed/iotsim-air-quality-1.csv,1737235999.876485,4385,TCP Scan,air-quality,0.014359008993950047,0.010800412549156473,0.9997420969631201,0.22439080476760864,0.1347586214542389,-0.08963218331336975,2.939835892077895e-05,0.9999706016410792,True,False,True,True,False,False,False,False,False,False,True,lowest_temporal_attack
6,strict_weight4_seed42,strict_frozen_weight4,42,future_query,attack,112,chunk18:3,processed/iotsim-air-quality-1.csv,1737235999.867136,4384,TCP Scan,air-quality,0.002467275148457944,-0.0010913212963356298,0.9997420969631201,0.22262437641620636,0.13325899839401245,-0.08936537802219391,2.939835892077895e-05,0.9999706016410792,False,False,False,False,False,False,False,False,False,False,True,lowest_temporal_attack
6,strict_weight4_seed42,strict_frozen_weight4,42,future_query,attack,111,chunk18:2,processed/iotsim-air-quality-1.csv,1737235999.867092,4383,TCP Scan,air-quality,0.0010625997851872117,-0.002495996659606362,0.9997420969631201,0.2225181609392166,0.13248524069786072,-0.0900329202413559,2.939835892077895e-05,0.9999706016410792,False,False,False,False,False,False,False,False,False,False,True,lowest_temporal_attack
6,strict_weight4_seed42,strict_frozen_weight4,42,future_query,attack,110,chunk18:1,processed/iotsim-air-quality-1.csv,1737235996.333106,4351,TCP Scan,air-quality,0.008421537823459486,0.004862941378665912,0.9997420969631201,0.22237446904182434,0.13609935343265533,-0.086275115609169,2.939835892077895e-05,0.9999706016410792,True,False,True,True,False,False,False,False,False,False,True,lowest_temporal_attack
6,strict_weight4_seed42,strict_frozen_weight4,42,future_query,attack,109,chunk18:0,processed/iotsim-air-quality-1.csv,1737235996.333045,4350,TCP Scan,air-quality,0.011122239819492327,0.007563643374698753,0.9997420969631201,0.22327473759651184,0.1367124617099762,-0.08656227588653564,2.939835892077895e-05,0.9999706016410792,True,False,True,True,False,False,False,False,False,False,True,lowest_temporal_attack
6,strict_weight4_seed42,strict_frozen_weight4,42,future_query,attack,108,chunk17:108,processed/iotsim-air-quality-1.csv,1737236228.912949,12816,Ingress Tool Transfer,air-quality,0.006942296641847964,0.0033837001970543905,0.9997420969631201,0.21798454225063324,0.1461772620677948,-0.07180728018283844,2.939835892077895e-05,0.9999706016410792,True,False,True,True,False,False,False,False,False,False,True,lowest_temporal_attack
6,strict_weight4_seed42,strict_frozen_weight4,42,future_query,attack,102,chunk17:102,processed/iotsim-air-quality-1.csv,1737236106.140231,6676,Ingress Tool Transfer,air-quality,0.3076619845170769,0.3041033880722833,0.9997420969631201,0.18993258476257324,0.20740997791290283,0.01747739315032959,2.939835892077895e-05,0.9999706016410792,True,False,True,True,False,False,False,False,False,False,True,lowest_temporal_attack
6,strict_weight4_seed42,strict_frozen_weight4,42,future_query,attack,101,chunk17:101,processed/iotsim-air-quality-1.csv,1737236106.1377,6675,Ingress Tool Transfer,air-quality,0.3076619845170769,0.3041033880722833,0.9997420969631201,0.18996143341064453,0.20793069899082184,0.017969265580177307,2.939835892077895e-05,0.9999706016410792,True,False,True,True,False,False,False,False,False,False,True,lowest_temporal_attack
6,strict_weight4_seed42,strict_frozen_weight4,42,future_query,attack,137,chunk18:28,processed/iotsim-air-quality-1.csv,1737236003.613408,4409,TCP Scan,air-quality,0.0006397735605576378,-0.002918822884235936,0.9997420969631201,0.2197493463754654,0.11504828929901123,-0.10470105707645416,2.939835892077895e-05,0.9999706016410792,False,False,False,False,False,False,False,False,False,False,True,lowest_temporal_attack
6,strict_weight4_seed42,strict_frozen_weight4,42,future_query,attack,136,chunk18:27,processed/iotsim-air-quality-1.csv,1737236003.606784,4408,TCP Scan,air-quality,0.0006397735605576378,-0.002918822884235936,0.9997420969631201,0.2174433320760727,0.11544135212898254,-0.10200197994709015,2.939835892077895e-05,0.9999706016410792,False,False,False,False,False,False,False,False,False,False,True,lowest_temporal_attack
6,strict_weight4_seed42,strict_frozen_weight4,42,future_query,attack,135,chunk18:26,processed/iotsim-air-quality-1.csv,1737236000.749884,4407,TCP Scan,air-quality,0.005882432599839776,0.002323836155046202,0.9997420969631201,0.22016361355781555,0.11818575859069824,-0.10197785496711731,2.939835892077895e-05,0.9999706016410792,True,False,True,True,False,False,False,False,False,False,True,lowest_temporal_attack
6,strict_weight4_seed42,strict_frozen_weight4,42,future_query,attack,134,chunk18:25,processed/iotsim-air-quality-1.csv,1737236000.704582,4406,TCP Scan,air-quality,0.005882432599839776,0.002323836155046202,0.9997420969631201,0.21935686469078064,0.11585044115781784,-0.1035064235329628,2.939835892077895e-05,0.9999706016410792,True,False,True,True,False,False,False,False,False,False,True,lowest_temporal_attack
6,strict_weight4_seed42,strict_frozen_weight4,42,future_query,attack,133,chunk18:24,processed/iotsim-air-quality-1.csv,1737236000.704466,4405,TCP Scan,air-quality,0.005882432599839776,0.002323836155046202,0.9997420969631201,0.21924327313899994,0.11473659425973892,-0.10450667887926102,2.939835892077895e-05,0.9999706016410792,True,False,True,True,False,False,False,False,False,False,True,lowest_temporal_attack
6,strict_weight4_seed42,strict_frozen_weight4,42,future_query,attack,132,chunk18:23,processed/iotsim-air-quality-1.csv,1737236000.704414,4404,TCP Scan,air-quality,0.005882432599839776,0.002323836155046202,0.9997420969631201,0.21996904909610748,0.1142171248793602,-0.10575192421674728,2.939835892077895e-05,0.9999706016410792,True,False,True,True,False,False,False,False,False,False,True,lowest_temporal_attack
6,strict_weight4_seed42,strict_frozen_weight4,42,future_query,attack,131,chunk18:22,processed/iotsim-air-quality-1.csv,1737236000.700585,4403,TCP Scan,air-quality,0.005882432599839776,0.002323836155046202,0.9997420969631201,0.2190355658531189,0.11248396337032318,-0.10655160248279572,2.939835892077895e-05,0.9999706016410792,True,False,True,True,False,False,False,False,False,False,True,lowest_temporal_attack
6,strict_weight4_seed42,strict_frozen_weight4,42,future_query,attack,130,chunk18:21,processed/iotsim-air-quality-1.csv,1737236000.659866,4402,TCP Scan,air-quality,0.005882432599839776,0.002323836155046202,0.9997420969631201,0.2197684347629547,0.11302533745765686,-0.10674309730529785,2.939835892077895e-05,0.9999706016410792,True,False,True,True,False,False,False,False,False,False,True,lowest_temporal_attack
6,strict_weight4_seed42,strict_frozen_weight4,42,future_query,attack,129,chunk18:20,processed/iotsim-air-quality-1.csv,1737236000.659843,4401,TCP Scan,air-quality,0.0034709410181551275,-8.765542663844621e-05,0.9997420969631201,0.21983754634857178,0.11305094510316849,-0.10678660124540329,2.939835892077895e-05,0.9999706016410792,False,False,False,False,False,False,False,False,False,False,True,lowest_temporal_attack
6,strict_weight4_seed42,strict_frozen_weight4,42,future_query,attack,128,chunk18:19,processed/iotsim-air-quality-1.csv,1737236000.656009,4400,TCP Scan,air-quality,0.0034709410181551275,-8.765542663844621e-05,0.9997420969631201,0.21872076392173767,0.1118108406662941,-0.10690992325544357,2.939835892077895e-05,0.9999706016410792,False,False,False,False,False,False,False,False,False,False,True,lowest_temporal_attack
6,strict_weight4_seed42,strict_frozen_weight4,42,future_query,attack,127,chunk18:18,processed/iotsim-air-quality-1.csv,1737236000.655966,4399,TCP Scan,air-quality,0.0034709410181551275,-8.765542663844621e-05,0.9997420969631201,0.2197471708059311,0.1119585931301117,-0.1077885776758194,2.939835892077895e-05,0.9999706016410792,False,False,False,False,False,False,False,False,False,False,True,lowest_temporal_attack
6,strict_weight4_seed42,strict_frozen_weight4,42,future_query,attack,126,chunk18:17,processed/iotsim-air-quality-1.csv,1737236000.610214,4398,TCP Scan,air-quality,0.0034709410181551275,-8.765542663844621e-05,0.9997420969631201,0.21867018938064575,0.10965956747531891,-0.10901062190532684,2.939835892077895e-05,0.9999706016410792,False,False,False,False,False,False,False,False,False,False,True,lowest_temporal_attack
6,strict_weight4_seed42,strict_frozen_weight4,42,future_query,attack,125,chunk18:16,processed/iotsim-air-quality-1.csv,1737236000.610149,4397,TCP Scan,air-quality,0.0016708614753396433,-0.0018877349694539304,0.9997420969631201,0.21851319074630737,0.1088624820113182,-0.10965070873498917,2.939835892077895e-05,0.9999706016410792,False,False,False,False,False,False,False,False,False,False,True,lowest_temporal_attack
6,strict_weight4_seed42,strict_frozen_weight4,42,future_query,attack,124,chunk18:15,processed/iotsim-air-quality-1.csv,1737236000.610112,4396,TCP Scan,air-quality,0.0034709410181551275,-8.765542663844621e-05,0.9997420969631201,0.2192770540714264,0.10885610431432724,-0.11042094975709915,2.939835892077895e-05,0.9999706016410792,False,False,False,False,False,False,False,False,False,False,True,lowest_temporal_attack
6,strict_weight4_seed42,strict_frozen_weight4,42,future_query,attack,123,chunk18:14,processed/iotsim-air-quality-1.csv,1737236000.60628,4395,TCP Scan,air-quality,0.0016708614753396433,-0.0018877349694539304,0.9997420969631201,0.21802060306072235,0.10872232168912888,-0.10929828137159348,2.939835892077895e-05,0.9999706016410792,False,False,False,False,False,False,False,False,False,False,True,lowest_temporal_attack
6,strict_weight4_seed42,strict_frozen_weight4,42,future_query,attack,122,chunk18:13,processed/iotsim-air-quality-1.csv,1737236000.606248,4394,TCP Scan,air-quality,0.00299998141878522,-0.0005586150260083536,0.9997420969631201,0.21869656443595886,0.11574242264032364,-0.10295414179563522,2.939835892077895e-05,0.9999706016410792,False,False,False,False,False,False,False,False,False,False,True,lowest_temporal_attack
6,strict_weight4_seed42,strict_frozen_weight4,42,future_query,attack,378144,chunk71:11999,processed/iotsim-ip-camera-museum-1.csv,1737236425.649411,2007157,Telnet Brute Force,ip-camera-museum,0.30575425040124415,0.3021956539564506,0.9997420969631201,0.14202184975147247,0.2826571464538574,0.14063529670238495,2.939835892077895e-05,0.9999706016410792,True,False,True,True,False,False,False,False,False,False,True,highest_temporal_ood_risk
6,strict_weight4_seed42,strict_frozen_weight4,42,future_query,attack,0,chunk17:0,processed/iotsim-air-quality-1.csv,1737236102.986967,6511,Ingress Tool Transfer,air-quality,0.01772760033700111,0.014169003892207536,0.9997420969631201,0.21593479812145233,0.13408543169498444,-0.0818493664264679,2.939835892077895e-05,0.9999706016410792,True,False,True,True,False,False,False,False,False,False,True,highest_temporal_ood_risk
6,strict_weight4_seed42,strict_frozen_weight4,42,future_query,attack,1,chunk17:1,processed/iotsim-air-quality-1.csv,1737236102.987026,6512,Ingress Tool Transfer,air-quality,0.014251794341255621,0.010693197896462047,0.9997420969631201,0.21412503719329834,0.15406419336795807,-0.06006084382534027,2.939835892077895e-05,0.9999706016410792,True,False,True,True,False,False,False,False,False,False,True,highest_temporal_ood_risk
6,strict_weight4_seed42,strict_frozen_weight4,42,future_query,attack,2,chunk17:2,processed/iotsim-air-quality-1.csv,1737236102.992594,6513,Ingress Tool Transfer,air-quality,0.0316784640319331,0.028119867587139524,0.9997420969631201,0.21713930368423462,0.13827325403690338,-0.07886604964733124,2.939835892077895e-05,0.9999706016410792,True,False,True,True,False,False,False,False,False,False,True,highest_temporal_ood_risk
6,strict_weight4_seed42,strict_frozen_weight4,42,future_query,attack,3,chunk17:3,processed/iotsim-air-quality-1.csv,1737236102.992764,6514,Ingress Tool Transfer,air-quality,0.0316784640319331,0.028119867587139524,0.9997420969631201,0.21484573185443878,0.1531524509191513,-0.061693280935287476,2.939835892077895e-05,0.9999706016410792,True,False,True,True,False,False,False,False,False,False,True,highest_temporal_ood_risk
6,strict_weight4_seed42,strict_frozen_weight4,42,future_query,attack,378128,chunk71:11983,processed/iotsim-ip-camera-museum-1.csv,1737236425.533241,2007136,Telnet Brute Force,ip-camera-museum,0.30575425040124415,0.3021956539564506,0.9997420969631201,0.14572468400001526,0.281872034072876,0.13614735007286072,2.939835892077895e-05,0.9999706016410792,True,False,True,True,False,False,False,False,False,False,True,highest_temporal_ood_risk
6,strict_weight4_seed42,strict_frozen_weight4,42,future_query,attack,378127,chunk71:11982,processed/iotsim-ip-camera-museum-1.csv,1737236425.528972,2007133,Telnet Brute Force,ip-camera-museum,0.30575425040124415,0.3021956539564506,0.9997420969631201,0.21643806993961334,0.23342283070087433,0.016984760761260986,2.939835892077895e-05,0.9999706016410792,True,False,True,True,False,False,False,False,False,False,True,highest_temporal_ood_risk
6,strict_weight4_seed42,strict_frozen_weight4,42,future_query,attack,378126,chunk71:11981,processed/iotsim-ip-camera-museum-1.csv,1737236425.528925,2007132,Telnet Brute Force,ip-camera-museum,0.30575425040124415,0.3021956539564506,0.9997420969631201,0.14549040794372559,0.281865656375885,0.13637524843215942,2.939835892077895e-05,0.9999706016410792,True,False,True,True,False,False,False,False,False,False,True,highest_temporal_ood_risk
6,strict_weight4_seed42,strict_frozen_weight4,42,future_query,attack,378125,chunk71:11980,processed/iotsim-ip-camera-museum-1.csv,1737236425.526621,2007131,Telnet Brute Force,ip-camera-museum,0.30575425040124415,0.3021956539564506,0.9997420969631201,0.14550071954727173,0.28187865018844604,0.13637793064117432,2.939835892077895e-05,0.9999706016410792,True,False,True,True,False,False,False,False,False,False,True,highest_temporal_ood_risk
6,strict_weight4_seed42,strict_frozen_weight4,42,future_query,attack,378124,chunk71:11979,processed/iotsim-ip-camera-museum-1.csv,1737236425.522882,2007130,Telnet Brute Force,ip-camera-museum,0.30575425040124415,0.3021956539564506,0.9997420969631201,0.21757766604423523,0.23348473012447357,0.015907064080238342,2.939835892077895e-05,0.9999706016410792,True,False,True,True,False,False,False,False,False,False,True,highest_temporal_ood_risk
6,strict_weight4_seed42,strict_frozen_weight4,42,future_query,attack,378123,chunk71:11978,processed/iotsim-ip-camera-museum-1.csv,1737236425.522835,2007129,Telnet Brute Force,ip-camera-museum,0.30575425040124415,0.3021956539564506,0.9997420969631201,0.14632566273212433,0.2818816006183624,0.1355559378862381,2.939835892077895e-05,0.9999706016410792,True,False,True,True,False,False,False,False,False,False,True,highest_temporal_ood_risk
6,strict_weight4_seed42,strict_frozen_weight4,42,future_query,attack,378122,chunk71:11977,processed/iotsim-ip-camera-museum-1.csv,1737236425.495242,2007128,Telnet Brute Force,ip-camera-museum,0.30575425040124415,0.3021956539564506,0.9997420969631201,0.14632637798786163,0.2816936671733856,0.135367289185524,2.939835892077895e-05,0.9999706016410792,True,False,True,True,False,False,False,False,False,False,True,highest_temporal_ood_risk
6,strict_weight4_seed42,strict_frozen_weight4,42,future_query,attack,378121,chunk71:11976,processed/iotsim-ip-camera-museum-1.csv,1737236425.495215,2007127,Telnet Brute Force,ip-camera-museum,0.30575425040124415,0.3021956539564506,0.9997420969631201,0.14633223414421082,0.2817282974720001,0.1353960633277893,2.939835892077895e-05,0.9999706016410792,True,False,True,True,False,False,False,False,False,False,True,highest_temporal_ood_risk
6,strict_weight4_seed42,strict_frozen_weight4,42,future_query,attack,378120,chunk71:11975,processed/iotsim-ip-camera-museum-1.csv,1737236425.489789,2007123,Telnet Brute Force,ip-camera-museum,0.30575425040124415,0.3021956539564506,0.9997420969631201,0.23318378627300262,0.23329892754554749,0.00011514127254486084,2.939835892077895e-05,0.9999706016410792,True,False,True,True,False,False,False,False,False,False,True,highest_temporal_ood_risk
6,strict_weight4_seed42,strict_frozen_weight4,42,future_query,attack,378119,chunk71:11974,processed/iotsim-ip-camera-museum-1.csv,1737236425.489767,2007122,Telnet Brute Force,ip-camera-museum,0.30575425040124415,0.3021956539564506,0.9997420969631201,0.2504902780056,0.2334183156490326,-0.017071962356567383,2.939835892077895e-05,0.9999706016410792,True,False,True,True,False,False,False,False,False,False,True,highest_temporal_ood_risk
6,strict_weight4_seed42,strict_frozen_weight4,42,future_query,attack,378118,chunk71:11973,processed/iotsim-ip-camera-museum-1.csv,1737236425.489762,2007121,Telnet Brute Force,ip-camera-museum,0.30575425040124415,0.3021956539564506,0.9997420969631201,0.1465027779340744,0.28172266483306885,0.13521988689899445,2.939835892077895e-05,0.9999706016410792,True,False,True,True,False,False,False,False,False,False,True,highest_temporal_ood_risk
6,strict_weight4_seed42,strict_frozen_weight4,42,future_query,attack,378117,chunk71:11972,processed/iotsim-ip-camera-museum-1.csv,1737236425.489705,2007120,Telnet Brute Force,ip-camera-museum,0.30575425040124415,0.3021956539564506,0.9997420969631201,0.14651688933372498,0.2817593812942505,0.1352424919605255,2.939835892077895e-05,0.9999706016410792,True,False,True,True,False,False,False,False,False,False,True,highest_temporal_ood_risk
6,strict_weight4_seed42,strict_frozen_weight4,42,future_query,attack,378116,chunk71:11971,processed/iotsim-ip-camera-museum-1.csv,1737236425.4832,2007119,Telnet Brute Force,ip-camera-museum,0.30575425040124415,0.3021956539564506,0.9997420969631201,0.23882314562797546,0.23348209261894226,-0.005341053009033203,2.939835892077895e-05,0.9999706016410792,True,False,True,True,False,False,False,False,False,False,True,highest_temporal_ood_risk
6,strict_weight4_seed42,strict_frozen_weight4,42,future_query,attack,378115,chunk71:11970,processed/iotsim-ip-camera-museum-1.csv,1737236425.482874,2007118,Telnet Brute Force,ip-camera-museum,0.30575425040124415,0.3021956539564506,0.9997420969631201,0.23750287294387817,0.23360158503055573,-0.0039012879133224487,2.939835892077895e-05,0.9999706016410792,True,False,True,True,False,False,False,False,False,False,True,highest_temporal_ood_risk
6,strict_weight4_seed42,strict_frozen_weight4,42,future_query,attack,378114,chunk71:11969,processed/iotsim-ip-camera-museum-1.csv,1737236425.482827,2007117,Telnet Brute Force,ip-camera-museum,0.30575425040124415,0.3021956539564506,0.9997420969631201,0.1483372449874878,0.2817499041557312,0.1334126591682434,2.939835892077895e-05,0.9999706016410792,True,False,True,True,False,False,False,False,False,False,True,highest_temporal_ood_risk
6,strict_weight4_seed42,strict_frozen_weight4,42,future_query,attack,378113,chunk71:11968,processed/iotsim-ip-camera-museum-1.csv,1737236425.481243,2007116,Telnet Brute Force,ip-camera-museum,0.30575425040124415,0.3021956539564506,0.9997420969631201,0.25246506929397583,0.23371250927448273,-0.018752560019493103,2.939835892077895e-05,0.9999706016410792,True,False,True,True,False,False,False,False,False,False,True,highest_temporal_ood_risk
6,strict_weight4_seed42,strict_frozen_weight4,42,future_query,attack,36,chunk17:36,processed/iotsim-air-quality-1.csv,1737236105.981505,6610,Ingress Tool Transfer,air-quality,0.06102855672196245,0.05746996027716888,0.9997420969631201,0.20864282548427582,0.22160612046718597,0.012963294982910156,2.939835892077895e-05,0.9999706016410792,True,False,True,True,False,False,False,False,False,False,True,highest_temporal_ood_risk
6,strict_weight4_seed42,strict_frozen_weight4,42,future_query,attack,35,chunk17:35,processed/iotsim-air-quality-1.csv,1737236105.981462,6609,Ingress Tool Transfer,air-quality,0.048957130915426327,0.04539853447063275,0.9997420969631201,0.2134413719177246,0.14363950490951538,-0.06980186700820923,2.939835892077895e-05,0.9999706016410792,True,False,True,True,False,False,False,False,False,False,True,highest_temporal_ood_risk
6,strict_weight4_seed42,strict_frozen_weight4,42,future_query,attack,34,chunk17:34,processed/iotsim-air-quality-1.csv,1737236105.933365,6608,Ingress Tool Transfer,air-quality,0.048957130915426327,0.04539853447063275,0.9997420969631201,0.20881766080856323,0.18344898521900177,-0.025368675589561462,2.939835892077895e-05,0.9999706016410792,True,False,True,True,False,False,False,False,False,False,True,highest_temporal_ood_risk
6,strict_weight4_seed42,strict_frozen_weight4,42,future_query,attack,33,chunk17:33,processed/iotsim-air-quality-1.csv,1737236105.933199,6607,Ingress Tool Transfer,air-quality,0.06401003009323174,0.06045143364843816,0.9997420969631201,0.21313698589801788,0.14184720814228058,-0.0712897777557373,2.939835892077895e-05,0.9999706016410792,True,False,True,True,False,False,False,False,False,False,True,highest_temporal_ood_risk
6,strict_weight4_seed42,strict_frozen_weight4,42,future_query,attack,32,chunk17:32,processed/iotsim-air-quality-1.csv,1737236105.93317,6606,Ingress Tool Transfer,air-quality,0.01216789801562016,0.008609301570826585,0.9997420969631201,0.2138390988111496,0.13226933777332306,-0.08156976103782654,2.939835892077895e-05,0.9999706016410792,True,False,True,True,False,False,False,False,False,False,True,highest_temporal_ood_risk
6,strict_weight4_seed42,strict_frozen_weight4,42,future_query,attack,31,chunk17:31,processed/iotsim-air-quality-1.csv,1737236105.926668,6605,Ingress Tool Transfer,air-quality,0.007198350192258074,0.0036397537474645004,0.9997420969631201,0.2088356465101242,0.18280580639839172,-0.026029840111732483,2.939835892077895e-05,0.9999706016410792,True,False,True,True,False,False,False,False,False,False,True,highest_temporal_ood_risk
6,strict_weight4_seed42,strict_frozen_weight4,42,future_query,attack,30,chunk17:30,processed/iotsim-air-quality-1.csv,1737236105.926626,6604,Ingress Tool Transfer,air-quality,0.01216789801562016,0.008609301570826585,0.9997420969631201,0.21367570757865906,0.13949543237686157,-0.07418027520179749,2.939835892077895e-05,0.9999706016410792,True,False,True,True,False,False,False,False,False,False,True,highest_temporal_ood_risk
6,strict_weight4_seed42,strict_frozen_weight4,42,future_query,attack,29,chunk17:29,processed/iotsim-air-quality-1.csv,1737236105.879917,6603,Ingress Tool Transfer,air-quality,0.007198350192258074,0.0036397537474645004,0.9997420969631201,0.2087143361568451,0.1985340714454651,-0.010180264711380005,2.939835892077895e-05,0.9999706016410792,True,False,True,True,False,False,False,False,False,False,True,highest_temporal_ood_risk
6,strict_weight4_seed42,strict_frozen_weight4,42,future_query,attack,28,chunk17:28,processed/iotsim-air-quality-1.csv,1737236105.879872,6602,Ingress Tool Transfer,air-quality,0.01216789801562016,0.008609301570826585,0.9997420969631201,0.213443785905838,0.14149317145347595,-0.07195061445236206,2.939835892077895e-05,0.9999706016410792,True,False,True,True,False,False,False,False,False,False,True,highest_temporal_ood_risk
6,strict_weight4_seed42,strict_frozen_weight4,42,future_query,attack,27,chunk17:27,processed/iotsim-air-quality-1.csv,1737236105.872136,6601,Ingress Tool Transfer,air-quality,0.007198350192258074,0.0036397537474645004,0.9997420969631201,0.20878474414348602,0.20882463455200195,3.9890408515930176e-05,2.939835892077895e-05,0.9999706016410792,True,False,True,True,False,False,False,False,False,False,True,highest_temporal_ood_risk
6,strict_weight4_seed42,strict_frozen_weight4,42,future_query,attack,26,chunk17:26,processed/iotsim-air-quality-1.csv,1737236105.857579,6600,Ingress Tool Transfer,air-quality,0.007198350192258074,0.0036397537474645004,0.9997420969631201,0.21348172426223755,0.1437305212020874,-0.06975120306015015,2.939835892077895e-05,0.9999706016410792,True,False,True,True,False,False,False,False,False,False,True,highest_temporal_ood_risk
6,strict_weight4_seed42,strict_frozen_weight4,42,future_query,attack,25,chunk17:25,processed/iotsim-air-quality-1.csv,1737236105.851929,6599,Ingress Tool Transfer,air-quality,0.007198350192258074,0.0036397537474645004,0.9997420969631201,0.20822405815124512,0.2239605039358139,0.015736445784568787,2.939835892077895e-05,0.9999706016410792,True,False,True,True,False,False,False,False,False,False,True,highest_temporal_ood_risk
6,strict_weight4_seed42,strict_frozen_weight4,42,future_query,attack,24,chunk17:24,processed/iotsim-air-quality-1.csv,1737236105.851776,6598,Ingress Tool Transfer,air-quality,0.007198350192258074,0.0036397537474645004,0.9997420969631201,0.21300505101680756,0.15230073034763336,-0.060704320669174194,2.939835892077895e-05,0.9999706016410792,True,False,True,True,False,False,False,False,False,False,True,highest_temporal_ood_risk
6,strict_weight4_seed42,strict_frozen_weight4,42,future_query,attack,23,chunk17:23,processed/iotsim-air-quality-1.csv,1737236105.851749,6597,Ingress Tool Transfer,air-quality,0.007198350192258074,0.0036397537474645004,0.9997420969631201,0.21376970410346985,0.1450926661491394,-0.06867703795433044,2.939835892077895e-05,0.9999706016410792,True,False,True,True,False,False,False,False,False,False,True,highest_temporal_ood_risk
6,strict_weight4_seed42,strict_frozen_weight4,42,future_query,attack,22,chunk17:22,processed/iotsim-air-quality-1.csv,1737236105.845291,6596,Ingress Tool Transfer,air-quality,0.004010447640320814,0.0004518511955272403,0.9997420969631201,0.20710055530071259,0.22452041506767273,0.017419859766960144,2.939835892077895e-05,0.9999706016410792,True,False,True,True,False,False,False,False,False,False,True,highest_temporal_ood_risk
6,strict_weight4_seed42,strict_frozen_weight4,42,future_query,attack,21,chunk17:21,processed/iotsim-air-quality-1.csv,1737236105.845249,6595,Ingress Tool Transfer,air-quality,0.0034709410181551275,-8.765542663844621e-05,0.9997420969631201,0.21940430998802185,0.12759250402450562,-0.09181180596351624,2.939835892077895e-05,0.9999706016410792,False,False,False,False,False,False,False,False,False,False,True,highest_temporal_ood_risk
6,strict_weight4_seed42,strict_frozen_weight4,42,future_query,attack,110,chunk18:1,processed/iotsim-air-quality-1.csv,1737235996.333106,4351,TCP Scan,air-quality,0.008421537823459486,0.004862941378665912,0.9997420969631201,0.22237446904182434,0.13609935343265533,-0.086275115609169,2.939835892077895e-05,0.9999706016410792,True,False,True,True,False,False,False,False,False,False,True,highest_temporal_ood_risk
6,strict_weight4_seed42,strict_frozen_weight4,42,future_query,attack,109,chunk18:0,processed/iotsim-air-quality-1.csv,1737235996.333045,4350,TCP Scan,air-quality,0.011122239819492327,0.007563643374698753,0.9997420969631201,0.22327473759651184,0.1367124617099762,-0.08656227588653564,2.939835892077895e-05,0.9999706016410792,True,False,True,True,False,False,False,False,False,False,True,highest_temporal_ood_risk
6,strict_weight4_seed42,strict_frozen_weight4,42,future_query,attack,108,chunk17:108,processed/iotsim-air-quality-1.csv,1737236228.912949,12816,Ingress Tool Transfer,air-quality,0.006942296641847964,0.0033837001970543905,0.9997420969631201,0.21798454225063324,0.1461772620677948,-0.07180728018283844,2.939835892077895e-05,0.9999706016410792,True,False,True,True,False,False,False,False,False,False,True,highest_temporal_ood_risk
6,strict_weight4_seed42,strict_frozen_weight4,42,future_query,attack,102,chunk17:102,processed/iotsim-air-quality-1.csv,1737236106.140231,6676,Ingress Tool Transfer,air-quality,0.3076619845170769,0.3041033880722833,0.9997420969631201,0.18993258476257324,0.20740997791290283,0.01747739315032959,2.939835892077895e-05,0.9999706016410792,True,False,True,True,False,False,False,False,False,False,True,highest_temporal_ood_risk
6,strict_weight4_seed42,strict_frozen_weight4,42,future_query,attack,101,chunk17:101,processed/iotsim-air-quality-1.csv,1737236106.1377,6675,Ingress Tool Transfer,air-quality,0.3076619845170769,0.3041033880722833,0.9997420969631201,0.18996143341064453,0.20793069899082184,0.017969265580177307,2.939835892077895e-05,0.9999706016410792,True,False,True,True,False,False,False,False,False,False,True,highest_temporal_ood_risk
6,strict_weight4_seed42,strict_frozen_weight4,42,future_query,attack,100,chunk17:100,processed/iotsim-air-quality-1.csv,1737236106.134203,6674,Ingress Tool Transfer,air-quality,0.3076619845170769,0.3041033880722833,0.9997420969631201,0.1899924874305725,0.20843690633773804,0.018444418907165527,2.939835892077895e-05,0.9999706016410792,True,False,True,True,False,False,False,False,False,False,True,highest_temporal_ood_risk
6,strict_weight4_seed42,strict_frozen_weight4,42,future_query,attack,98,chunk17:98,processed/iotsim-air-quality-1.csv,1737236106.132936,6672,Ingress Tool Transfer,air-quality,0.23710133291832583,0.23354273647353227,0.9997420969631201,0.19232973456382751,0.20898039638996124,0.016650661826133728,2.939835892077895e-05,0.9999706016410792,True,False,True,True,False,False,False,False,False,False,True,highest_temporal_ood_risk
6,strict_weight4_seed42,strict_frozen_weight4,42,future_query,attack,97,chunk17:97,processed/iotsim-air-quality-1.csv,1737236106.132922,6671,Ingress Tool Transfer,air-quality,0.23710133291832583,0.23354273647353227,0.9997420969631201,0.19220192730426788,0.20954398810863495,0.017342060804367065,2.939835892077895e-05,0.9999706016410792,True,False,True,True,False,False,False,False,False,False,True,highest_temporal_ood_risk
6,strict_weight4_seed42,strict_frozen_weight4,42,future_query,attack,96,chunk17:96,processed/iotsim-air-quality-1.csv,1737236106.132911,6670,Ingress Tool Transfer,air-quality,0.23710133291832583,0.23354273647353227,0.9997420969631201,0.19207365810871124,0.2101077437400818,0.018034085631370544,2.939835892077895e-05,0.9999706016410792,True,False,True,True,False,False,False,False,False,False,True,highest_temporal_ood_risk
6,strict_weight4_seed42,strict_frozen_weight4,42,future_query,attack,95,chunk17:95,processed/iotsim-air-quality-1.csv,1737236106.132899,6669,Ingress Tool Transfer,air-quality,0.23710133291832583,0.23354273647353227,0.9997420969631201,0.19194525480270386,0.21067166328430176,0.0187264084815979,2.939835892077895e-05,0.9999706016410792,True,False,True,True,False,False,False,False,False,False,True,highest_temporal_ood_risk
6,strict_weight4_seed42,strict_frozen_weight4,42,future_query,attack,94,chunk17:94,processed/iotsim-air-quality-1.csv,1737236106.132875,6668,Ingress Tool Transfer,air-quality,0.23710133291832583,0.23354273647353227,0.9997420969631201,0.19181711971759796,0.21123556792736053,0.019418448209762573,2.939835892077895e-05,0.9999706016410792,True,False,True,True,False,False,False,False,False,False,True,highest_temporal_ood_risk
6,strict_weight4_seed42,strict_frozen_weight4,42,future_query,attack,90,chunk17:90,processed/iotsim-air-quality-1.csv,1737236106.131562,6664,Ingress Tool Transfer,air-quality,0.23710133291832583,0.23354273647353227,0.9997420969631201,0.18916967511177063,0.21178290247917175,0.022613227367401123,2.939835892077895e-05,0.9999706016410792,True,False,True,True,False,False,False,False,False,False,True,highest_temporal_ood_risk
6,strict_weight4_seed42,strict_frozen_weight4,42,future_query,attack,85,chunk17:85,processed/iotsim-air-quality-1.csv,1737236106.126757,6659,Ingress Tool Transfer,air-quality,0.23710133291832583,0.23354273647353227,0.9997420969631201,0.18685011565685272,0.21228741109371185,0.02543729543685913,2.939835892077895e-05,0.9999706016410792,True,False,True,True,False,False,False,False,False,False,True,highest_temporal_ood_risk
6,strict_weight4_seed42,strict_frozen_weight4,42,future_query,attack,39,chunk17:39,processed/iotsim-air-quality-1.csv,1737236105.987903,6613,Ingress Tool Transfer,air-quality,0.2651644435893903,0.2616058471445967,0.9997420969631201,0.20878730714321136,0.22106905281543732,0.012281745672225952,2.939835892077895e-05,0.9999706016410792,True,False,True,True,False,False,False,False,False,False,True,highest_temporal_ood_risk
6,strict_weight4_seed42,strict_frozen_weight4,42,future_query,attack,38,chunk17:38,processed/iotsim-air-quality-1.csv,1737236105.987747,6612,Ingress Tool Transfer,air-quality,0.2651644435893903,0.2616058471445967,0.9997420969631201,0.21153995394706726,0.21900029480457306,0.007460340857505798,2.939835892077895e-05,0.9999706016410792,True,False,True,True,False,False,False,False,False,False,True,highest_temporal_ood_risk
6,strict_weight4_seed42,strict_frozen_weight4,42,future_query,attack,37,chunk17:37,processed/iotsim-air-quality-1.csv,1737236105.987723,6611,Ingress Tool Transfer,air-quality,0.06102855672196245,0.05746996027716888,0.9997420969631201,0.21069125831127167,0.21956603229045868,0.008874773979187012,2.939835892077895e-05,0.9999706016410792,True,False,True,True,False,False,False,False,False,False,True,highest_temporal_ood_risk
6,strict_weight4_seed42,strict_frozen_weight4,42,future_query,attack,126,chunk18:17,processed/iotsim-air-quality-1.csv,1737236000.610214,4398,TCP Scan,air-quality,0.0034709410181551275,-8.765542663844621e-05,0.9997420969631201,0.21867018938064575,0.10965956747531891,-0.10901062190532684,2.939835892077895e-05,0.9999706016410792,False,False,False,False,False,False,False,False,False,False,True,highest_temporal_ood_risk
6,strict_weight4_seed42,strict_frozen_weight4,42,future_query,attack,125,chunk18:16,processed/iotsim-air-quality-1.csv,1737236000.610149,4397,TCP Scan,air-quality,0.0016708614753396433,-0.0018877349694539304,0.9997420969631201,0.21851319074630737,0.1088624820113182,-0.10965070873498917,2.939835892077895e-05,0.9999706016410792,False,False,False,False,False,False,False,False,False,False,True,highest_temporal_ood_risk
6,strict_weight4_seed42,strict_frozen_weight4,42,future_query,attack,124,chunk18:15,processed/iotsim-air-quality-1.csv,1737236000.610112,4396,TCP Scan,air-quality,0.0034709410181551275,-8.765542663844621e-05,0.9997420969631201,0.2192770540714264,0.10885610431432724,-0.11042094975709915,2.939835892077895e-05,0.9999706016410792,False,False,False,False,False,False,False,False,False,False,True,highest_temporal_ood_risk
6,strict_weight4_seed42,strict_frozen_weight4,42,future_query,attack,123,chunk18:14,processed/iotsim-air-quality-1.csv,1737236000.60628,4395,TCP Scan,air-quality,0.0016708614753396433,-0.0018877349694539304,0.9997420969631201,0.21802060306072235,0.10872232168912888,-0.10929828137159348,2.939835892077895e-05,0.9999706016410792,False,False,False,False,False,False,False,False,False,False,True,highest_temporal_ood_risk
6,strict_weight4_seed42,strict_frozen_weight4,42,future_query,attack,122,chunk18:13,processed/iotsim-air-quality-1.csv,1737236000.606248,4394,TCP Scan,air-quality,0.00299998141878522,-0.0005586150260083536,0.9997420969631201,0.21869656443595886,0.11574242264032364,-0.10295414179563522,2.939835892077895e-05,0.9999706016410792,False,False,False,False,False,False,False,False,False,False,True,highest_temporal_ood_risk
6,strict_weight4_seed42,strict_frozen_weight4,42,future_query,attack,121,chunk18:12,processed/iotsim-air-quality-1.csv,1737236000.601978,4393,TCP Scan,air-quality,0.0009286045569107972,-0.0026299918878827768,0.9997420969631201,0.21735155582427979,0.12733930349349976,-0.09001225233078003,2.939835892077895e-05,0.9999706016410792,False,False,False,False,False,False,False,False,False,False,True,highest_temporal_ood_risk
6,strict_weight4_seed42,strict_frozen_weight4,42,future_query,attack,120,chunk18:11,processed/iotsim-air-quality-1.csv,1737236000.601955,4392,TCP Scan,air-quality,0.003541667461925581,-1.6928982867992545e-05,0.9997420969631201,0.2163214236497879,0.12853671610355377,-0.08778470754623413,2.939835892077895e-05,0.9999706016410792,False,False,False,False,False,False,False,False,False,False,True,highest_temporal_ood_risk
6,strict_weight4_seed42,strict_frozen_weight4,42,future_query,attack,119,chunk18:10,processed/iotsim-air-quality-1.csv,1737236000.601949,4391,TCP Scan,air-quality,0.0016682681594074695,-0.0018903282853861042,0.9997420969631201,0.2207338511943817,0.12359540909528732,-0.09713844209909439,2.939835892077895e-05,0.9999706016410792,False,False,False,False,False,False,False,False,False,False,True,highest_temporal_ood_risk
6,strict_weight4_seed42,strict_frozen_weight4,42,future_query,attack,118,chunk18:9,processed/iotsim-air-quality-1.csv,1737236000.601907,4390,TCP Scan,air-quality,0.0011496386560803029,-0.0024089577887132707,0.9997420969631201,0.221024289727211,0.12321160733699799,-0.09781268239021301,2.939835892077895e-05,0.9999706016410792,False,False,False,False,False,False,False,False,False,False,True,highest_temporal_ood_risk
6,strict_weight4_seed42,strict_frozen_weight4,42,future_query,attack,117,chunk18:8,processed/iotsim-air-quality-1.csv,1737236000.597912,4389,TCP Scan,air-quality,0.0006397735605576378,-0.002918822884235936,0.9997420969631201,0.21972955763339996,0.12379670888185501,-0.09593284875154495,2.939835892077895e-05,0.9999706016410792,False,False,False,False,False,False,False,False,False,False,True,highest_temporal_ood_risk
6,strict_weight4_seed42,strict_frozen_weight4,42,future_query,attack,116,chunk18:7,processed/iotsim-air-quality-1.csv,1737236000.597727,4388,TCP Scan,air-quality,0.0011496386560803029,-0.0024089577887132707,0.9997420969631201,0.22140628099441528,0.12921208143234253,-0.09219419956207275,2.939835892077895e-05,0.9999706016410792,False,False,False,False,False,False,False,False,False,False,True,highest_temporal_ood_risk
6,strict_weight4_seed42,strict_frozen_weight4,42,future_query,attack,115,chunk18:6,processed/iotsim-air-quality-1.csv,1737236000.592986,4387,TCP Scan,air-quality,0.0006397735605576378,-0.002918822884235936,0.9997420969631201,0.22022674977779388,0.12398628890514374,-0.09624046087265015,2.939835892077895e-05,0.9999706016410792,False,False,False,False,False,False,False,False,False,False,True,highest_temporal_ood_risk
6,strict_weight4_seed42,strict_frozen_weight4,42,future_query,attack,114,chunk18:5,processed/iotsim-air-quality-1.csv,1737236000.59294,4386,TCP Scan,air-quality,0.005201639295673043,0.0016430428508794697,0.9997420969631201,0.22214964032173157,0.12612271308898926,-0.09602692723274231,2.939835892077895e-05,0.9999706016410792,True,False,True,True,False,False,False,False,False,False,True,highest_temporal_ood_risk
6,strict_weight4_seed42,strict_frozen_weight4,42,future_query,attack,113,chunk18:4,processed/iotsim-air-quality-1.csv,1737235999.876485,4385,TCP Scan,air-quality,0.014359008993950047,0.010800412549156473,0.9997420969631201,0.22439080476760864,0.1347586214542389,-0.08963218331336975,2.939835892077895e-05,0.9999706016410792,True,False,True,True,False,False,False,False,False,False,True,highest_temporal_ood_risk
6,strict_weight4_seed42,strict_frozen_weight4,42,future_query,attack,112,chunk18:3,processed/iotsim-air-quality-1.csv,1737235999.867136,4384,TCP Scan,air-quality,0.002467275148457944,-0.0010913212963356298,0.9997420969631201,0.22262437641620636,0.13325899839401245,-0.08936537802219391,2.939835892077895e-05,0.9999706016410792,False,False,False,False,False,False,False,False,False,False,True,highest_temporal_ood_risk
6,strict_weight4_seed42,strict_frozen_weight4,42,future_query,attack,111,chunk18:2,processed/iotsim-air-quality-1.csv,1737235999.867092,4383,TCP Scan,air-quality,0.0010625997851872117,-0.002495996659606362,0.9997420969631201,0.2225181609392166,0.13248524069786072,-0.0900329202413559,2.939835892077895e-05,0.9999706016410792,False,False,False,False,False,False,False,False,False,False,True,highest_temporal_ood_risk
6,strict_weight4_seed42,strict_frozen_weight4,42,future_query,attack,142,chunk18:33,processed/iotsim-air-quality-1.csv,1737236003.632438,4414,TCP Scan,air-quality,0.0034709410181551275,-8.765542663844621e-05,0.9997420969631201,0.2190925031900406,0.11420033872127533,-0.10489216446876526,2.939835892077895e-05,0.9999706016410792,False,False,False,False,False,False,False,False,False,False,True,highest_temporal_ood_risk
6,strict_weight4_seed42,strict_frozen_weight4,42,future_query,attack,141,chunk18:32,processed/iotsim-air-quality-1.csv,1737236003.627808,4413,TCP Scan,air-quality,0.0013305052098993248,-0.0022280912348942488,0.9997420969631201,0.21735943853855133,0.11364409327507019,-0.10371534526348114,2.939835892077895e-05,0.9999706016410792,False,False,False,False,False,False,False,False,False,False,True,highest_temporal_ood_risk
6,strict_weight4_seed42,strict_frozen_weight4,42,future_query,attack,140,chunk18:31,processed/iotsim-air-quality-1.csv,1737236003.627692,4412,TCP Scan,air-quality,0.0013305052098993248,-0.0022280912348942488,0.9997420969631201,0.21838149428367615,0.11352977901697159,-0.10485171526670456,2.939835892077895e-05,0.9999706016410792,False,False,False,False,False,False,False,False,False,False,True,highest_temporal_ood_risk
6,strict_weight4_seed42,strict_frozen_weight4,42,future_query,attack,139,chunk18:30,processed/iotsim-air-quality-1.csv,1737236003.627661,4411,TCP Scan,air-quality,0.0013305052098993248,-0.0022280912348942488,0.9997420969631201,0.219293013215065,0.11089146882295609,-0.10840154439210892,2.939835892077895e-05,0.9999706016410792,False,False,False,False,False,False,False,False,False,False,True,highest_temporal_ood_risk
6,strict_weight4_seed42,strict_frozen_weight4,42,future_query,attack,138,chunk18:29,processed/iotsim-air-quality-1.csv,1737236003.613456,4410,TCP Scan,air-quality,0.0006397735605576378,-0.002918822884235936,0.9997420969631201,0.2167331576347351,0.11249235272407532,-0.10424080491065979,2.939835892077895e-05,0.9999706016410792,False,False,False,False,False,False,False,False,False,False,True,highest_temporal_ood_risk
6,strict_weight4_seed42,strict_frozen_weight4,42,future_query,attack,137,chunk18:28,processed/iotsim-air-quality-1.csv,1737236003.613408,4409,TCP Scan,air-quality,0.0006397735605576378,-0.002918822884235936,0.9997420969631201,0.2197493463754654,0.11504828929901123,-0.10470105707645416,2.939835892077895e-05,0.9999706016410792,False,False,False,False,False,False,False,False,False,False,True,highest_temporal_ood_risk
6,strict_weight4_seed42,strict_frozen_weight4,42,future_query,attack,136,chunk18:27,processed/iotsim-air-quality-1.csv,1737236003.606784,4408,TCP Scan,air-quality,0.0006397735605576378,-0.002918822884235936,0.9997420969631201,0.2174433320760727,0.11544135212898254,-0.10200197994709015,2.939835892077895e-05,0.9999706016410792,False,False,False,False,False,False,False,False,False,False,True,highest_temporal_ood_risk
6,strict_weight4_seed42,strict_frozen_weight4,42,future_query,attack,135,chunk18:26,processed/iotsim-air-quality-1.csv,1737236000.749884,4407,TCP Scan,air-quality,0.005882432599839776,0.002323836155046202,0.9997420969631201,0.22016361355781555,0.11818575859069824,-0.10197785496711731,2.939835892077895e-05,0.9999706016410792,True,False,True,True,False,False,False,False,False,False,True,highest_temporal_ood_risk
6,strict_weight4_seed42,strict_frozen_weight4,42,future_query,attack,134,chunk18:25,processed/iotsim-air-quality-1.csv,1737236000.704582,4406,TCP Scan,air-quality,0.005882432599839776,0.002323836155046202,0.9997420969631201,0.21935686469078064,0.11585044115781784,-0.1035064235329628,2.939835892077895e-05,0.9999706016410792,True,False,True,True,False,False,False,False,False,False,True,highest_temporal_ood_risk
6,strict_weight4_seed42,strict_frozen_weight4,42,future_query,attack,133,chunk18:24,processed/iotsim-air-quality-1.csv,1737236000.704466,4405,TCP Scan,air-quality,0.005882432599839776,0.002323836155046202,0.9997420969631201,0.21924327313899994,0.11473659425973892,-0.10450667887926102,2.939835892077895e-05,0.9999706016410792,True,False,True,True,False,False,False,False,False,False,True,highest_temporal_ood_risk
6,strict_weight4_seed42,strict_frozen_weight4,42,future_query,attack,132,chunk18:23,processed/iotsim-air-quality-1.csv,1737236000.704414,4404,TCP Scan,air-quality,0.005882432599839776,0.002323836155046202,0.9997420969631201,0.21996904909610748,0.1142171248793602,-0.10575192421674728,2.939835892077895e-05,0.9999706016410792,True,False,True,True,False,False,False,False,False,False,True,highest_temporal_ood_risk
6,strict_weight4_seed42,strict_frozen_weight4,42,future_query,attack,330030,chunk66:65,processed/iotsim-domotic-monitor-1.csv,1737236770.666989,131718,Reporting,domotic-monitor,0.0005341049064513134,-0.0030244915383422603,0.9997420969631201,14120.62890625,0.3031083941459656,-14120.326171875,2.939835892077895e-05,0.9999706016410792,False,False,False,False,False,False,False,False,False,False,True,farthest_attack_region
6,strict_weight4_seed42,strict_frozen_weight4,42,future_query,attack,330031,chunk66:66,processed/iotsim-domotic-monitor-1.csv,1737236770.667041,131719,Reporting,domotic-monitor,0.0033417734033012333,-0.00021682304149234048,0.9997420969631201,14081.33984375,0.27200815081596375,-14081.0673828125,2.939835892077895e-05,0.9999706016410792,False,False,False,False,False,False,False,False,False,False,True,farthest_attack_region
6,strict_weight4_seed42,strict_frozen_weight4,42,future_query,attack,330032,chunk66:67,processed/iotsim-domotic-monitor-1.csv,1737236770.667067,131720,Reporting,domotic-monitor,0.0033417734033012333,-0.00021682304149234048,0.9997420969631201,14040.4736328125,0.24665822088718414,-14040.2265625,2.939835892077895e-05,0.9999706016410792,False,False,False,False,False,False,False,False,False,False,True,farthest_attack_region
6,strict_weight4_seed42,strict_frozen_weight4,42,future_query,attack,330033,chunk66:68,processed/iotsim-domotic-monitor-1.csv,1737236770.667153,131721,Reporting,domotic-monitor,0.0038171794686807994,0.0002585830238872257,0.9997420969631201,13918.2919921875,0.23666588962078094,-13918.0556640625,2.939835892077895e-05,0.9999706016410792,True,False,True,True,False,False,False,False,False,False,True,farthest_attack_region
6,strict_weight4_seed42,strict_frozen_weight4,42,future_query,attack,238194,chunk54:33,processed/iotsim-combined-cycle-10.csv,1737236554.849172,73405,Reporting,combined-cycle,0.00295812415938651,-0.0006004722854070638,0.9997420969631201,4217.35302734375,0.2659060060977936,-4217.0869140625,2.939835892077895e-05,0.9999706016410792,False,False,False,False,False,False,False,False,False,False,True,farthest_attack_region
6,strict_weight4_seed42,strict_frozen_weight4,42,future_query,attack,238195,chunk54:34,processed/iotsim-combined-cycle-10.csv,1737236554.849214,73406,Reporting,combined-cycle,0.018275314720440642,0.014716718275647068,0.9997420969631201,4207.5283203125,0.2582452595233917,-4207.27001953125,2.939835892077895e-05,0.9999706016410792,True,False,True,True,False,False,False,False,False,False,True,farthest_attack_region
6,strict_weight4_seed42,strict_frozen_weight4,42,future_query,attack,238196,chunk54:35,processed/iotsim-combined-cycle-10.csv,1737236554.849232,73407,Reporting,combined-cycle,0.018275314720440642,0.014716718275647068,0.9997420969631201,4197.7568359375,0.24043667316436768,-4197.5166015625,2.939835892077895e-05,0.9999706016410792,True,False,True,True,False,False,False,False,False,False,True,farthest_attack_region
6,strict_weight4_seed42,strict_frozen_weight4,42,future_query,attack,238197,chunk54:36,processed/iotsim-combined-cycle-10.csv,1737236554.849285,73408,Reporting,combined-cycle,0.01758424396694768,0.014025647522154107,0.9997420969631201,4187.4521484375,0.23333732783794403,-4187.21875,2.939835892077895e-05,0.9999706016410792,True,False,True,True,False,False,False,False,False,False,True,farthest_attack_region
6,strict_weight4_seed42,strict_frozen_weight4,42,future_query,attack,329974,chunk66:9,processed/iotsim-domotic-monitor-1.csv,1737236586.797404,71963,Reporting,domotic-monitor,0.00295812415938651,-0.0006004722854070638,0.9997420969631201,2272.564697265625,0.18156427145004272,-2272.383056640625,2.939835892077895e-05,0.9999706016410792,False,False,False,False,False,False,False,False,False,False,True,farthest_attack_region
6,strict_weight4_seed42,strict_frozen_weight4,42,future_query,attack,238142,chunk53:71,processed/iotsim-combined-cycle-10.csv,1737237173.76649,136770,C&C Communication,combined-cycle,0.0006561196431230015,-0.002902476801670572,0.9997081570289645,2268.05322265625,0.5393378138542175,-2267.513916015625,2.939835892077895e-05,0.9999706016410792,False,False,False,False,False,False,False,False,False,False,True,farthest_attack_region
6,strict_weight4_seed42,strict_frozen_weight4,42,future_query,attack,329975,chunk66:10,processed/iotsim-domotic-monitor-1.csv,1737236586.797447,71964,Reporting,domotic-monitor,0.018275314720440642,0.014716718275647068,0.9997420969631201,2267.47412109375,0.22586902976036072,-2267.248291015625,2.939835892077895e-05,0.9999706016410792,True,False,True,True,False,False,False,False,False,False,True,farthest_attack_region
6,strict_weight4_seed42,strict_frozen_weight4,42,future_query,attack,329976,chunk66:11,processed/iotsim-domotic-monitor-1.csv,1737236586.797466,71965,Reporting,domotic-monitor,0.018275314720440642,0.014716718275647068,0.9997420969631201,2262.406982421875,0.22482432425022125,-2262.18212890625,2.939835892077895e-05,0.9999706016410792,True,False,True,True,False,False,False,False,False,False,True,farthest_attack_region
6,strict_weight4_seed42,strict_frozen_weight4,42,future_query,attack,329977,chunk66:12,processed/iotsim-domotic-monitor-1.csv,1737236586.797516,71966,Reporting,domotic-monitor,0.01758424396694768,0.014025647522154107,0.9997420969631201,2256.99267578125,0.23422178626060486,-2256.758544921875,2.939835892077895e-05,0.9999706016410792,True,False,True,True,False,False,False,False,False,False,True,farthest_attack_region
6,strict_weight4_seed42,strict_frozen_weight4,42,future_query,attack,238143,chunk53:72,processed/iotsim-combined-cycle-10.csv,1737237173.766544,136771,C&C Communication,combined-cycle,0.0034639977258265828,-9.459871896699097e-05,0.9997081570289645,2243.767578125,0.49628645181655884,-2243.271240234375,2.939835892077895e-05,0.9999706016410792,False,False,False,False,False,False,False,False,False,False,True,farthest_attack_region
6,strict_weight4_seed42,strict_frozen_weight4,42,future_query,attack,238144,chunk53:73,processed/iotsim-combined-cycle-10.csv,1737237173.766595,136772,C&C Communication,combined-cycle,0.0034639977258265828,-9.459871896699097e-05,0.9997420969631201,2210.331787109375,0.41074711084365845,-2209.921142578125,2.939835892077895e-05,0.9999706016410792,False,False,False,False,False,False,False,False,False,False,True,farthest_attack_region
6,strict_weight4_seed42,strict_frozen_weight4,42,future_query,attack,101336,chunk31:33,processed/iotsim-building-monitor-1.csv,1737236271.403884,61129,Reporting,building-monitor,0.0005341049064513134,-0.0030244915383422603,0.9997420969631201,767.556396484375,0.13833151757717133,-767.4180908203125,2.939835892077895e-05,0.9999706016410792,False,False,False,False,False,False,False,False,False,False,True,farthest_attack_region
6,strict_weight4_seed42,strict_frozen_weight4,42,future_query,attack,101337,chunk31:34,processed/iotsim-building-monitor-1.csv,1737236271.403925,61130,Reporting,building-monitor,0.0033417734033012333,-0.00021682304149234048,0.9997420969631201,765.8703002929688,0.19904625415802002,-765.6712646484375,2.939835892077895e-05,0.9999706016410792,False,False,False,False,False,False,False,False,False,False,True,farthest_attack_region
6,strict_weight4_seed42,strict_frozen_weight4,42,future_query,attack,101338,chunk31:35,processed/iotsim-building-monitor-1.csv,1737236271.403942,61131,Reporting,building-monitor,0.0033417734033012333,-0.00021682304149234048,0.9997420969631201,764.1922607421875,0.1983417421579361,-763.993896484375,2.939835892077895e-05,0.9999706016410792,False,False,False,False,False,False,False,False,False,False,True,farthest_attack_region
6,strict_weight4_seed42,strict_frozen_weight4,42,future_query,attack,101339,chunk31:36,processed/iotsim-building-monitor-1.csv,1737236271.404004,61132,Reporting,building-monitor,0.0032135576316220855,-0.00034503881317148825,0.9997420969631201,762.4064331054688,0.21337652206420898,-762.1930541992188,2.939835892077895e-05,0.9999706016410792,False,False,False,False,False,False,False,False,False,False,True,farthest_attack_region
6,strict_weight4_seed42,strict_frozen_weight4,42,future_query,attack,101360,chunk31:57,processed/iotsim-building-monitor-1.csv,1737236327.832572,79098,Reporting,building-monitor,0.0005341049064513134,-0.0030244915383422603,0.9997420969631201,303.86383056640625,0.13197845220565796,-303.7318420410156,2.939835892077895e-05,0.9999706016410792,False,False,False,False,False,False,False,False,False,False,True,farthest_attack_region
6,strict_weight4_seed42,strict_frozen_weight4,42,future_query,attack,101361,chunk31:58,processed/iotsim-building-monitor-1.csv,1737236327.832636,79099,Reporting,building-monitor,0.0033417734033012333,-0.00021682304149234048,0.9997420969631201,303.2394104003906,0.21578215062618256,-303.02362060546875,2.939835892077895e-05,0.9999706016410792,False,False,False,False,False,False,False,False,False,False,True,farthest_attack_region
6,strict_weight4_seed42,strict_frozen_weight4,42,future_query,attack,101362,chunk31:59,processed/iotsim-building-monitor-1.csv,1737236327.832658,79100,Reporting,building-monitor,0.0033417734033012333,-0.00021682304149234048,0.9997420969631201,302.6184997558594,0.2152983546257019,-302.4031982421875,2.939835892077895e-05,0.9999706016410792,False,False,False,False,False,False,False,False,False,False,True,farthest_attack_region
6,strict_weight4_seed42,strict_frozen_weight4,42,future_query,attack,101363,chunk31:60,processed/iotsim-building-monitor-1.csv,1737236327.832744,79101,Reporting,building-monitor,0.0032135576316220855,-0.00034503881317148825,0.9997420969631201,301.9717712402344,0.22956369817256927,-301.7422180175781,2.939835892077895e-05,0.9999706016410792,False,False,False,False,False,False,False,False,False,False,True,farthest_attack_region
6,strict_weight4_seed42,strict_frozen_weight4,42,future_query,attack,235935,chunk52:2106,processed/iotsim-combined-cycle-1.csv,1736938533.776227,5696095,UDP Scan,combined-cycle,0.009978474378798204,0.00641987793400463,0.9997420969631201,220.92788696289062,0.17677713930606842,-220.75111389160156,2.939835892077895e-05,0.9999706016410792,True,False,True,True,False,False,False,False,False,False,True,farthest_attack_region
6,strict_weight4_seed42,strict_frozen_weight4,42,future_query,attack,235936,chunk52:2107,processed/iotsim-combined-cycle-1.csv,1736938533.776245,5696096,UDP Scan,combined-cycle,0.02873816841657397,0.025179571971780397,0.9997420969631201,194.90301513671875,0.1566900610923767,-194.74632263183594,2.939835892077895e-05,0.9999706016410792,True,False,True,True,False,False,False,False,False,False,True,farthest_attack_region
6,strict_weight4_seed42,strict_frozen_weight4,42,future_query,attack,329982,chunk66:17,processed/iotsim-domotic-monitor-1.csv,1737236622.407368,82568,Reporting,domotic-monitor,0.0005341049064513134,-0.0030244915383422603,0.9997420969631201,194.52818298339844,0.131782665848732,-194.39639282226562,2.939835892077895e-05,0.9999706016410792,False,False,False,False,False,False,False,False,False,False,True,farthest_attack_region
6,strict_weight4_seed42,strict_frozen_weight4,42,future_query,attack,329983,chunk66:18,processed/iotsim-domotic-monitor-1.csv,1737236622.407405,82569,Reporting,domotic-monitor,0.0033417734033012333,-0.00021682304149234048,0.9997420969631201,194.09005737304688,0.20133717358112335,-193.8887176513672,2.939835892077895e-05,0.9999706016410792,False,False,False,False,False,False,False,False,False,False,True,farthest_attack_region
6,strict_weight4_seed42,strict_frozen_weight4,42,future_query,attack,329984,chunk66:19,processed/iotsim-domotic-monitor-1.csv,1737236622.407422,82570,Reporting,domotic-monitor,0.0033417734033012333,-0.00021682304149234048,0.9997420969631201,193.65257263183594,0.2005358338356018,-193.45204162597656,2.939835892077895e-05,0.9999706016410792,False,False,False,False,False,False,False,False,False,False,True,farthest_attack_region
6,strict_weight4_seed42,strict_frozen_weight4,42,future_query,attack,329985,chunk66:20,processed/iotsim-domotic-monitor-1.csv,1737236622.407476,82571,Reporting,domotic-monitor,0.0038171794686807994,0.0002585830238872257,0.9997420969631201,193.05068969726562,0.2189415842294693,-192.8317413330078,2.939835892077895e-05,0.9999706016410792,True,False,True,True,False,False,False,False,False,False,True,farthest_attack_region
6,strict_weight4_seed42,strict_frozen_weight4,42,future_query,attack,330022,chunk66:57,processed/iotsim-domotic-monitor-1.csv,1737236717.61629,113659,Reporting,domotic-monitor,0.0008366567580831284,-0.0027219396867104455,0.9997420969631201,52.37861633300781,0.13116183876991272,-52.24745559692383,2.939835892077895e-05,0.9999706016410792,False,False,False,False,False,False,False,False,False,False,True,farthest_attack_region
6,strict_weight4_seed42,strict_frozen_weight4,42,future_query,attack,330023,chunk66:58,processed/iotsim-domotic-monitor-1.csv,1737236717.616339,113660,Reporting,domotic-monitor,0.0044007561801602275,0.0008421597353666537,0.9997420969631201,52.25369644165039,0.23367272317409515,-52.020023345947266,2.939835892077895e-05,0.9999706016410792,True,False,True,True,False,False,False,False,False,False,True,farthest_attack_region
6,strict_weight4_seed42,strict_frozen_weight4,42,future_query,attack,330024,chunk66:59,processed/iotsim-domotic-monitor-1.csv,1737236717.61636,113661,Reporting,domotic-monitor,0.0044007561801602275,0.0008421597353666537,0.9997420969631201,52.129600524902344,0.23242326080799103,-51.897178649902344,2.939835892077895e-05,0.9999706016410792,True,False,True,True,False,False,False,False,False,False,True,farthest_attack_region
6,strict_weight4_seed42,strict_frozen_weight4,42,future_query,attack,330025,chunk66:60,processed/iotsim-domotic-monitor-1.csv,1737236717.616431,113662,Reporting,domotic-monitor,0.005026055113500841,0.0014674586687072676,0.9997420969631201,51.99764633178711,0.22811906039714813,-51.769527435302734,2.939835892077895e-05,0.9999706016410792,True,False,True,True,False,False,False,False,False,False,True,farthest_attack_region
6,strict_weight4_seed42,strict_frozen_weight4,42,future_query,attack,631,chunk18:522,processed/iotsim-air-quality-1.csv,1737236082.020221,5805,TCP Scan,air-quality,0.0010016715627902322,-0.0025569248820033414,0.9997420969631201,40.708351135253906,0.2681051194667816,-40.44024658203125,2.939835892077895e-05,0.9999706016410792,False,False,False,False,False,False,False,False,False,False,True,farthest_attack_region
6,strict_weight4_seed42,strict_frozen_weight4,42,future_query,attack,101320,chunk31:17,processed/iotsim-building-monitor-1.csv,1737236208.530775,42902,Reporting,building-monitor,0.00295812415938651,-0.0006004722854070638,0.9997420969631201,29.633089065551758,0.13168592751026154,-29.50140380859375,2.939835892077895e-05,0.9999706016410792,False,False,False,False,False,False,False,False,False,False,True,farthest_attack_region
6,strict_weight4_seed42,strict_frozen_weight4,42,future_query,attack,110723,chunk32:9332,processed/iotsim-building-monitor-1.csv,1737236104.647391,16305,TCP Scan,building-monitor,0.004796784052476262,0.0012381876076826884,0.9997420969631201,29.58332633972168,0.14590775966644287,-29.43741798400879,2.939835892077895e-05,0.9999706016410792,True,False,True,True,False,False,False,False,False,False,True,farthest_attack_region
6,strict_weight4_seed42,strict_frozen_weight4,42,future_query,attack,101321,chunk31:18,processed/iotsim-building-monitor-1.csv,1737236208.530833,42903,Reporting,building-monitor,0.006349492244087301,0.002790895799293727,0.9997420969631201,29.573589324951172,0.16594991087913513,-29.407638549804688,2.939835892077895e-05,0.9999706016410792,True,False,True,True,False,False,False,False,False,False,True,farthest_attack_region
6,strict_weight4_seed42,strict_frozen_weight4,42,future_query,attack,101322,chunk31:19,processed/iotsim-building-monitor-1.csv,1737236208.530856,42904,Reporting,building-monitor,0.006349492244087301,0.002790895799293727,0.9997420969631201,29.514589309692383,0.16496498882770538,-29.349624633789062,2.939835892077895e-05,0.9999706016410792,True,False,True,True,False,False,False,False,False,False,True,farthest_attack_region
6,strict_weight4_seed42,strict_frozen_weight4,42,future_query,attack,101323,chunk31:20,processed/iotsim-building-monitor-1.csv,1737236208.530954,42905,Reporting,building-monitor,0.009192312164252996,0.005633715719459422,0.9997420969631201,29.452844619750977,0.18251384794712067,-29.27033042907715,2.939835892077895e-05,0.9999706016410792,True,False,True,True,False,False,False,False,False,False,True,farthest_attack_region
6,strict_weight4_seed42,strict_frozen_weight4,42,future_query,attack,262298,chunk57:73,processed/iotsim-domotic-monitor-1.csv,1737237148.25047,147948,C&C Communication,domotic-monitor,0.0006561196431230015,-0.002902476801670572,0.9997081570289645,27.884366989135742,0.6443251371383667,-27.240041732788086,2.939835892077895e-05,0.9999706016410792,False,False,False,False,False,False,False,False,False,False,True,farthest_attack_region
6,strict_weight4_seed42,strict_frozen_weight4,42,future_query,attack,262299,chunk57:74,processed/iotsim-domotic-monitor-1.csv,1737237148.250525,147949,C&C Communication,domotic-monitor,0.0034639977258265828,-9.459871896699097e-05,0.9997420969631201,27.768606185913086,0.42644092440605164,-27.342164993286133,2.939835892077895e-05,0.9999706016410792,False,False,False,False,False,False,False,False,False,False,True,farthest_attack_region
6,strict_weight4_seed42,strict_frozen_weight4,42,future_query,attack,262300,chunk57:75,processed/iotsim-domotic-monitor-1.csv,1737237148.250648,147950,C&C Communication,domotic-monitor,0.0034639977258265828,-9.459871896699097e-05,0.9997420969631201,27.644166946411133,0.36779433488845825,-27.2763729095459,2.939835892077895e-05,0.9999706016410792,False,False,False,False,False,False,False,False,False,False,True,farthest_attack_region
6,strict_weight4_seed42,strict_frozen_weight4,42,future_query,attack,330469,chunk67:432,processed/iotsim-domotic-monitor-1.csv,1737236113.181752,6433,TCP Scan,domotic-monitor,0.005535974374631708,0.0019773779298381347,0.9997420969631201,24.192846298217773,0.2744864523410797,-23.918359756469727,2.939835892077895e-05,0.9999706016410792,True,False,True,True,False,False,False,False,False,False,True,farthest_attack_region
6,strict_weight4_seed42,strict_frozen_weight4,42,future_query,attack,238178,chunk54:17,processed/iotsim-combined-cycle-10.csv,1737236508.379027,60600,Reporting,combined-cycle,0.00295812415938651,-0.0006004722854070638,0.9997420969631201,21.0833740234375,0.13207687437534332,-20.951297760009766,2.939835892077895e-05,0.9999706016410792,False,False,False,False,False,False,False,False,False,False,True,farthest_attack_region
6,strict_weight4_seed42,strict_frozen_weight4,42,future_query,attack,238179,chunk54:18,processed/iotsim-combined-cycle-10.csv,1737236508.379073,60601,Reporting,combined-cycle,0.018275314720440642,0.014716718275647068,0.9997420969631201,21.038049697875977,0.1769929975271225,-20.86105728149414,2.939835892077895e-05,0.9999706016410792,True,False,True,True,False,False,False,False,False,False,True,farthest_attack_region
6,strict_weight4_seed42,strict_frozen_weight4,42,future_query,attack,238180,chunk54:19,processed/iotsim-combined-cycle-10.csv,1737236508.3791,60602,Reporting,combined-cycle,0.018275314720440642,0.014716718275647068,0.9997420969631201,20.99309539794922,0.17614436149597168,-20.816951751708984,2.939835892077895e-05,0.9999706016410792,True,False,True,True,False,False,False,False,False,False,True,farthest_attack_region
6,strict_weight4_seed42,strict_frozen_weight4,42,future_query,attack,238181,chunk54:20,processed/iotsim-combined-cycle-10.csv,1737236508.379181,60603,Reporting,combined-cycle,0.020830787660239453,0.01727219121544588,0.9997420969631201,20.94005012512207,0.19310685992240906,-20.7469425201416,2.939835892077895e-05,0.9999706016410792,True,False,True,True,False,False,False,False,False,False,True,farthest_attack_region
6,strict_weight4_seed42,strict_frozen_weight4,42,future_query,attack,111784,chunk32:10393,processed/iotsim-building-monitor-1.csv,1737236110.247048,17499,TCP Scan,building-monitor,0.00990253743757446,0.006343940992780886,0.9997420969631201,12.779280662536621,0.1317024976015091,-12.647578239440918,2.939835892077895e-05,0.9999706016410792,True,False,True,True,False,False,False,False,False,False,True,farthest_attack_region
6,strict_weight4_seed42,strict_frozen_weight4,42,future_query,attack,111786,chunk32:10395,processed/iotsim-building-monitor-1.csv,1737236110.247108,17501,TCP Scan,building-monitor,0.035203917881656034,0.03164532143686246,0.9997420969631201,12.737391471862793,0.13463209569454193,-12.60275936126709,2.939835892077895e-05,0.9999706016410792,True,False,True,True,False,False,False,False,False,False,True,farthest_attack_region
6,strict_weight4_seed42,strict_frozen_weight4,42,future_query,attack,181,chunk18:72,processed/iotsim-air-quality-1.csv,1737236040.176361,4828,TCP Scan,air-quality,0.0010016715627902322,-0.0025569248820033414,0.9997420969631201,8.100483894348145,0.21518801152706146,-7.885295867919922,2.939835892077895e-05,0.9999706016410792,False,False,False,False,False,False,False,False,False,False,True,farthest_attack_region
6,strict_weight4_seed42,strict_frozen_weight4,42,future_query,attack,342255,chunk68:218,processed/iotsim-domotic-monitor-1.csv,1737235835.391278,2752,Telnet Brute Force,domotic-monitor,0.006665034810995186,0.0031064383662016124,0.9997420969631201,7.350877285003662,0.13251720368862152,-7.21835994720459,2.939835892077895e-05,0.9999706016410792,True,False,True,True,False,False,False,False,False,False,True,farthest_attack_region
6,strict_weight4_seed42,strict_frozen_weight4,42,future_query,attack,126437,chunk35:941,processed/iotsim-city-power-1.csv,1737236110.243664,4905,TCP Scan,city-power,0.0010016715627902322,-0.0025569248820033414,0.9997420969631201,6.4045305252075195,0.21523378789424896,-6.189296722412109,2.939835892077895e-05,0.9999706016410792,False,False,False,False,False,False,False,False,False,False,True,farthest_attack_region
6,strict_weight4_seed42,strict_frozen_weight4,42,future_query,attack,125705,chunk35:209,processed/iotsim-city-power-1.csv,1737236055.978234,3338,TCP Scan,city-power,0.005535974374631708,0.0019773779298381347,0.9997420969631201,5.469536781311035,0.25526371598243713,-5.214272975921631,2.939835892077895e-05,0.9999706016410792,True,False,True,True,False,False,False,False,False,False,True,farthest_attack_region
6,strict_weight4_seed42,strict_frozen_weight4,42,future_query,attack,101328,chunk31:25,processed/iotsim-building-monitor-1.csv,1737236232.359181,49339,Reporting,building-monitor,0.003541667461925581,-1.6928982867992545e-05,0.9997420969631201,3.938964605331421,0.13137750327587128,-3.807587146759033,2.939835892077895e-05,0.9999706016410792,False,False,False,False,False,False,False,False,False,False,True,farthest_attack_region
6,strict_weight4_seed42,strict_frozen_weight4,42,future_query,attack,101329,chunk31:26,processed/iotsim-building-monitor-1.csv,1737236232.359229,49340,Reporting,building-monitor,0.018275314720440642,0.014716718275647068,0.9997420969631201,3.9267351627349854,0.176075279712677,-3.750659942626953,2.939835892077895e-05,0.9999706016410792,True,False,True,True,False,False,False,False,False,False,True,farthest_attack_region
6,strict_weight4_seed42,strict_frozen_weight4,42,future_query,attack,101330,chunk31:27,processed/iotsim-building-monitor-1.csv,1737236232.359243,49341,Reporting,building-monitor,0.018275314720440642,0.014716718275647068,0.9997420969631201,3.916656970977783,0.1753523200750351,-3.741304636001587,2.939835892077895e-05,0.9999706016410792,True,False,True,True,False,False,False,False,False,False,True,farthest_attack_region
6,strict_weight4_seed42,strict_frozen_weight4,42,future_query,attack,101331,chunk31:28,processed/iotsim-building-monitor-1.csv,1737236232.359325,49342,Reporting,building-monitor,0.01758424396694768,0.014025647522154107,0.9997420969631201,3.9092812538146973,0.19479012489318848,-3.714491128921509,2.939835892077895e-05,0.9999706016410792,True,False,True,True,False,False,False,False,False,False,True,farthest_attack_region
6,strict_weight4_seed42,strict_frozen_weight4,42,future_query,attack,329990,chunk66:25,processed/iotsim-domotic-monitor-1.csv,1737236646.970825,90077,Reporting,domotic-monitor,0.0010021230124969626,-0.002556473432296611,0.9997420969631201,3.278670072555542,0.13082255423069,-3.1478474140167236,2.939835892077895e-05,0.9999706016410792,False,False,False,False,False,False,False,False,False,False,True,farthest_attack_region
6,strict_weight4_seed42,strict_frozen_weight4,42,future_query,attack,329991,chunk66:26,processed/iotsim-domotic-monitor-1.csv,1737236646.970864,90078,Reporting,domotic-monitor,0.0044007561801602275,0.0008421597353666537,0.9997420969631201,3.267868757247925,0.21134185791015625,-3.0565268993377686,2.939835892077895e-05,0.9999706016410792,True,False,True,True,False,False,False,False,False,False,True,farthest_attack_region
6,strict_weight4_seed42,strict_frozen_weight4,42,future_query,attack,329992,chunk66:27,processed/iotsim-domotic-monitor-1.csv,1737236646.97088,90079,Reporting,domotic-monitor,0.0044007561801602275,0.0008421597353666537,0.9997420969631201,3.259603261947632,0.21070609986782074,-3.0488972663879395,2.939835892077895e-05,0.9999706016410792,True,False,True,True,False,False,False,False,False,False,True,farthest_attack_region
6,strict_weight4_seed42,strict_frozen_weight4,42,future_query,attack,329993,chunk66:28,processed/iotsim-domotic-monitor-1.csv,1737236646.97094,90080,Reporting,domotic-monitor,0.004232082326501793,0.0006734858817082196,0.9997420969631201,3.2557790279388428,0.2276638001203537,-3.0281152725219727,2.939835892077895e-05,0.9999706016410792,True,False,True,True,False,False,False,False,False,False,True,farthest_attack_region
6,strict_weight4_seed42,strict_frozen_weight4,42,future_query,attack,138947,chunk36:1451,processed/iotsim-city-power-1.csv,1737235989.39033,2173,Telnet Brute Force,city-power,0.0012070846893959136,-0.00235151175539766,0.9997420969631201,2.4334330558776855,0.12517356872558594,-2.3082594871520996,2.939835892077895e-05,0.9999706016410792,False,False,False,False,False,False,False,False,False,False,True,farthest_attack_region
6,strict_weight4_seed42,strict_frozen_weight4,42,future_query,attack,329998,chunk66:33,processed/iotsim-domotic-monitor-1.csv,1737236672.188832,98045,Reporting,domotic-monitor,0.0006397735605576378,-0.002918822884235936,0.9997420969631201,2.266392946243286,0.130800262093544,-2.1355926990509033,2.939835892077895e-05,0.9999706016410792,False,False,False,False,False,False,False,False,False,False,True,farthest_attack_region
6,strict_weight4_seed42,strict_frozen_weight4,42,future_query,attack,329999,chunk66:34,processed/iotsim-domotic-monitor-1.csv,1737236672.188871,98046,Reporting,domotic-monitor,0.0033417734033012333,-0.00021682304149234048,0.9997420969631201,2.2585577964782715,0.21827633678913116,-2.0402815341949463,2.939835892077895e-05,0.9999706016410792,False,False,False,False,False,False,False,False,False,False,True,farthest_attack_region
6,strict_weight4_seed42,strict_frozen_weight4,42,future_query,attack,330001,chunk66:36,processed/iotsim-domotic-monitor-1.csv,1737236672.188951,98048,Reporting,domotic-monitor,0.0038171794686807994,0.0002585830238872257,0.9997420969631201,2.2554125785827637,0.22749674320220947,-2.0279159545898438,2.939835892077895e-05,0.9999706016410792,True,False,True,True,False,False,False,False,False,False,True,farthest_attack_region
6,strict_weight4_seed42,strict_frozen_weight4,42,future_query,attack,330000,chunk66:35,processed/iotsim-domotic-monitor-1.csv,1737236672.188896,98047,Reporting,domotic-monitor,0.0033417734033012333,-0.00021682304149234048,0.9997420969631201,2.2542924880981445,0.21776050329208374,-2.036531925201416,2.939835892077895e-05,0.9999706016410792,False,False,False,False,False,False,False,False,False,False,True,farthest_attack_region
6,strict_weight4_seed42,strict_frozen_weight4,42,future_query,attack,101384,chunk31:81,processed/iotsim-building-monitor-1.csv,1737236461.387282,123860,Reporting,building-monitor,0.0006397735605576378,-0.002918822884235936,0.9997420969631201,2.1191811561584473,0.13082298636436462,-1.9883581399917603,2.939835892077895e-05,0.9999706016410792,False,False,False,False,False,False,False,False,False,False,True,farthest_attack_region
6,strict_weight4_seed42,strict_frozen_weight4,42,future_query,attack,101385,chunk31:82,processed/iotsim-building-monitor-1.csv,1737236461.387324,123861,Reporting,building-monitor,0.0033417734033012333,-0.00021682304149234048,0.9997420969631201,2.1110918521881104,0.2348332405090332,-1.8762586116790771,2.939835892077895e-05,0.9999706016410792,False,False,False,False,False,False,False,False,False,False,True,farthest_attack_region
6,strict_weight4_seed42,strict_frozen_weight4,42,future_query,attack,101386,chunk31:83,processed/iotsim-building-monitor-1.csv,1737236461.387353,123862,Reporting,building-monitor,0.0033417734033012333,-0.00021682304149234048,0.9997420969631201,2.106797456741333,0.22985579073429108,-1.8769416809082031,2.939835892077895e-05,0.9999706016410792,False,False,False,False,False,False,False,False,False,False,True,farthest_attack_region
6,strict_weight4_seed42,strict_frozen_weight4,42,future_query,attack,101387,chunk31:84,processed/iotsim-building-monitor-1.csv,1737236461.387413,123863,Reporting,building-monitor,0.0038171794686807994,0.0002585830238872257,0.9997420969631201,2.099545478820801,0.22742734849452972,-1.8721181154251099,2.939835892077895e-05,0.9999706016410792,True,False,True,True,False,False,False,False,False,False,True,farthest_attack_region
6,strict_weight4_seed42,strict_frozen_weight4,42,future_query,attack,13411,chunk19:1302,processed/iotsim-air-quality-1.csv,1737235976.492276,3974,Telnet Brute Force,air-quality,0.0012070846893959136,-0.00235151175539766,0.9997420969631201,1.9099282026290894,0.12661655247211456,-1.7833116054534912,2.939835892077895e-05,0.9999706016410792,False,False,False,False,False,False,False,False,False,False,True,farthest_attack_region
6,strict_weight4_seed42,strict_frozen_weight4,42,future_query,attack,138602,chunk36:1106,processed/iotsim-city-power-1.csv,1737235948.393962,1828,Telnet Brute Force,city-power,0.0012070846893959136,-0.00235151175539766,0.9997420969631201,1.7133253812789917,0.12661340832710266,-1.5867120027542114,2.939835892077895e-05,0.9999706016410792,False,False,False,False,False,False,False,False,False,False,True,farthest_attack_region
6,strict_weight4_seed42,strict_frozen_weight4,42,future_query,attack,342665,chunk68:628,processed/iotsim-domotic-monitor-1.csv,1737235914.090313,3203,Telnet Brute Force,domotic-monitor,0.018561354116720663,0.015002757671927089,0.9997420969631201,1.5041722059249878,0.12386102974414825,-1.380311131477356,2.939835892077895e-05,0.9999706016410792,True,False,True,True,False,False,False,False,False,False,True,farthest_attack_region
6,strict_weight4_seed42,strict_frozen_weight4,42,future_query,attack,137984,chunk36:488,processed/iotsim-city-power-1.csv,1737235868.090538,1210,Telnet Brute Force,city-power,0.006665034810995186,0.0031064383662016124,0.9997420969631201,1.5001300573349,0.12894552946090698,-1.3711845874786377,2.939835892077895e-05,0.9999706016410792,True,False,True,True,False,False,False,False,False,False,True,farthest_attack_region
6,strict_weight4_seed42,strict_frozen_weight4,42,future_query,attack,113812,chunk33:421,processed/iotsim-building-monitor-1.csv,1737235887.487947,3088,Telnet Brute Force,building-monitor,0.0006397735605576378,-0.002918822884235936,0.9997420969631201,1.3695290088653564,0.1262364387512207,-1.2432925701141357,2.939835892077895e-05,0.9999706016410792,False,False,False,False,False,False,False,False,False,False,True,farthest_attack_region
6,strict_weight4_seed42,strict_frozen_weight4,42,future_query,attack,238932,chunk55:707,processed/iotsim-combined-cycle-10.csv,1737236117.854815,5512,TCP Scan,combined-cycle,0.02409349244330895,0.020534895998515375,0.9997420969631201,1.3626099824905396,0.22740742564201355,-1.1352025270462036,2.939835892077895e-05,0.9999706016410792,True,False,True,True,False,False,False,False,False,False,True,farthest_attack_region
6,strict_weight4_seed42,strict_frozen_weight4,42,future_query,attack,330943,chunk67:906,processed/iotsim-domotic-monitor-1.csv,1737236153.70371,7835,TCP Scan,domotic-monitor,0.0010016715627902322,-0.0025569248820033414,0.9997420969631201,1.2974554300308228,0.23631447553634644,-1.061141014099121,2.939835892077895e-05,0.9999706016410792,False,False,False,False,False,False,False,False,False,False,True,farthest_attack_region
6,strict_weight4_seed42,strict_frozen_weight4,42,future_query,attack,113540,chunk33:149,processed/iotsim-building-monitor-1.csv,1737235803.795751,2804,Telnet Brute Force,building-monitor,0.005763904029028558,0.002205307584234984,0.9997420969631201,1.170908808708191,0.2324378341436386,-0.9384709596633911,2.939835892077895e-05,0.9999706016410792,True,False,True,True,False,False,False,False,False,False,True,farthest_attack_region
6,strict_weight4_seed42,strict_frozen_weight4,42,future_query,attack,138260,chunk36:764,processed/iotsim-city-power-1.csv,1737235907.089722,1486,Telnet Brute Force,city-power,0.0012070846893959136,-0.00235151175539766,0.9997420969631201,1.1001845598220825,0.21150730550289154,-0.8886772394180298,2.939835892077895e-05,0.9999706016410792,False,False,False,False,False,False,False,False,False,False,True,farthest_attack_region
6,strict_weight4_seed42,strict_frozen_weight4,42,future_query,attack,239905,chunk55:1680,processed/iotsim-combined-cycle-10.csv,1737236171.980722,7782,TCP Scan,combined-cycle,0.006131203627872121,0.002572607183078547,0.9997420969631201,1.0152792930603027,0.1350666880607605,-0.8802126049995422,2.939835892077895e-05,0.9999706016410792,True,False,True,True,False,False,False,False,False,False,True,farthest_attack_region
6,strict_weight4_seed42,strict_frozen_weight4,42,future_query,attack,330030,chunk66:65,processed/iotsim-domotic-monitor-1.csv,1737236770.666989,131718,Reporting,domotic-monitor,0.0005341049064513134,-0.0030244915383422603,0.9997420969631201,14120.62890625,0.3031083941459656,-14120.326171875,2.939835892077895e-05,0.9999706016410792,False,False,False,False,False,False,False,False,False,False,True,lowest_parent_attack
6,strict_weight4_seed42,strict_frozen_weight4,42,future_query,attack,329982,chunk66:17,processed/iotsim-domotic-monitor-1.csv,1737236622.407368,82568,Reporting,domotic-monitor,0.0005341049064513134,-0.0030244915383422603,0.9997420969631201,194.52818298339844,0.131782665848732,-194.39639282226562,2.939835892077895e-05,0.9999706016410792,False,False,False,False,False,False,False,False,False,False,True,lowest_parent_attack
6,strict_weight4_seed42,strict_frozen_weight4,42,future_query,attack,101336,chunk31:33,processed/iotsim-building-monitor-1.csv,1737236271.403884,61129,Reporting,building-monitor,0.0005341049064513134,-0.0030244915383422603,0.9997420969631201,767.556396484375,0.13833151757717133,-767.4180908203125,2.939835892077895e-05,0.9999706016410792,False,False,False,False,False,False,False,False,False,False,True,lowest_parent_attack
6,strict_weight4_seed42,strict_frozen_weight4,42,future_query,attack,101360,chunk31:57,processed/iotsim-building-monitor-1.csv,1737236327.832572,79098,Reporting,building-monitor,0.0005341049064513134,-0.0030244915383422603,0.9997420969631201,303.86383056640625,0.13197845220565796,-303.7318420410156,2.939835892077895e-05,0.9999706016410792,False,False,False,False,False,False,False,False,False,False,True,lowest_parent_attack
6,strict_weight4_seed42,strict_frozen_weight4,42,future_query,attack,238218,chunk54:57,processed/iotsim-combined-cycle-10.csv,1737236676.596267,109325,Reporting,combined-cycle,0.0005341049064513134,-0.0030244915383422603,0.9997420969631201,0.21957442164421082,0.13337798416614532,-0.08619643747806549,2.939835892077895e-05,0.9999706016410792,False,False,False,False,False,False,False,False,False,False,True,lowest_parent_attack
6,strict_weight4_seed42,strict_frozen_weight4,42,future_query,attack,330199,chunk67:162,processed/iotsim-domotic-monitor-1.csv,1737236072.159525,5454,TCP Scan,domotic-monitor,0.0006375460953001684,-0.0029210503494934053,0.9997420969631201,0.21910524368286133,0.12878531217575073,-0.0903199315071106,2.939835892077895e-05,0.9999706016410792,False,False,False,False,False,False,False,False,False,False,True,lowest_parent_attack
6,strict_weight4_seed42,strict_frozen_weight4,42,future_query,attack,137,chunk18:28,processed/iotsim-air-quality-1.csv,1737236003.613408,4409,TCP Scan,air-quality,0.0006397735605576378,-0.002918822884235936,0.9997420969631201,0.2197493463754654,0.11504828929901123,-0.10470105707645416,2.939835892077895e-05,0.9999706016410792,False,False,False,False,False,False,False,False,False,False,True,lowest_parent_attack
6,strict_weight4_seed42,strict_frozen_weight4,42,future_query,attack,115,chunk18:6,processed/iotsim-air-quality-1.csv,1737236000.592986,4387,TCP Scan,air-quality,0.0006397735605576378,-0.002918822884235936,0.9997420969631201,0.22022674977779388,0.12398628890514374,-0.09624046087265015,2.939835892077895e-05,0.9999706016410792,False,False,False,False,False,False,False,False,False,False,True,lowest_parent_attack
6,strict_weight4_seed42,strict_frozen_weight4,42,future_query,attack,114178,chunk33:787,processed/iotsim-building-monitor-1.csv,1737235968.311513,3478,Telnet Brute Force,building-monitor,0.0006397735605576378,-0.002918822884235936,0.9997420969631201,0.21954400837421417,0.10981175303459167,-0.1097322553396225,2.939835892077895e-05,0.9999706016410792,False,False,False,False,False,False,False,False,False,False,True,lowest_parent_attack
6,strict_weight4_seed42,strict_frozen_weight4,42,future_query,attack,114159,chunk33:768,processed/iotsim-building-monitor-1.csv,1737235964.594675,3459,Telnet Brute Force,building-monitor,0.0006397735605576378,-0.002918822884235936,0.9997420969631201,0.2191789597272873,0.13795983791351318,-0.08121912181377411,2.939835892077895e-05,0.9999706016410792,False,False,False,False,False,False,False,False,False,False,True,lowest_parent_attack
6,strict_weight4_seed42,strict_frozen_weight4,42,future_query,attack,114200,chunk33:809,processed/iotsim-building-monitor-1.csv,1737235971.104977,3500,Telnet Brute Force,building-monitor,0.0006397735605576378,-0.002918822884235936,0.9997420969631201,0.219171404838562,0.13594003021717072,-0.0832313746213913,2.939835892077895e-05,0.9999706016410792,False,False,False,False,False,False,False,False,False,False,True,lowest_parent_attack
6,strict_weight4_seed42,strict_frozen_weight4,42,future_query,attack,114196,chunk33:805,processed/iotsim-building-monitor-1.csv,1737235971.091442,3496,Telnet Brute Force,building-monitor,0.0006397735605576378,-0.002918822884235936,0.9997420969631201,0.21872757375240326,0.12594574689865112,-0.09278182685375214,2.939835892077895e-05,0.9999706016410792,False,False,False,False,False,False,False,False,False,False,True,lowest_parent_attack
6,strict_weight4_seed42,strict_frozen_weight4,42,future_query,attack,332417,chunk67:2380,processed/iotsim-domotic-monitor-1.csv,1737236233.990044,11214,TCP Scan,domotic-monitor,0.0006397735605576378,-0.002918822884235936,0.9997420969631201,0.21725274622440338,0.1196306049823761,-0.09762214124202728,2.939835892077895e-05,0.9999706016410792,False,False,False,False,False,False,False,False,False,False,True,lowest_parent_attack
6,strict_weight4_seed42,strict_frozen_weight4,42,future_query,attack,332416,chunk67:2379,processed/iotsim-domotic-monitor-1.csv,1737236233.989842,11213,TCP Scan,domotic-monitor,0.0006397735605576378,-0.002918822884235936,0.9997420969631201,0.21863457560539246,0.12215845286846161,-0.09647612273693085,2.939835892077895e-05,0.9999706016410792,False,False,False,False,False,False,False,False,False,False,True,lowest_parent_attack
6,strict_weight4_seed42,strict_frozen_weight4,42,future_query,attack,332415,chunk67:2378,processed/iotsim-domotic-monitor-1.csv,1737236233.989409,11212,TCP Scan,domotic-monitor,0.0006397735605576378,-0.002918822884235936,0.9997420969631201,0.21917052567005157,0.12424081563949585,-0.09492971003055573,2.939835892077895e-05,0.9999706016410792,False,False,False,False,False,False,False,False,False,False,True,lowest_parent_attack
6,strict_weight4_seed42,strict_frozen_weight4,42,future_query,attack,332414,chunk67:2377,processed/iotsim-domotic-monitor-1.csv,1737236233.97909,11211,TCP Scan,domotic-monitor,0.0006397735605576378,-0.002918822884235936,0.9997420969631201,0.21721181273460388,0.12209735810756683,-0.09511445462703705,2.939835892077895e-05,0.9999706016410792,False,False,False,False,False,False,False,False,False,False,True,lowest_parent_attack
6,strict_weight4_seed42,strict_frozen_weight4,42,future_query,attack,332413,chunk67:2376,processed/iotsim-domotic-monitor-1.csv,1737236233.979041,11210,TCP Scan,domotic-monitor,0.0006397735605576378,-0.002918822884235936,0.9997420969631201,0.2192586064338684,0.1268616020679474,-0.09239700436592102,2.939835892077895e-05,0.9999706016410792,False,False,False,False,False,False,False,False,False,False,True,lowest_parent_attack
6,strict_weight4_seed42,strict_frozen_weight4,42,future_query,attack,332412,chunk67:2375,processed/iotsim-domotic-monitor-1.csv,1737236233.973006,11209,TCP Scan,domotic-monitor,0.0006397735605576378,-0.002918822884235936,0.9997420969631201,0.21730436384677887,0.12175384163856506,-0.0955505222082138,2.939835892077895e-05,0.9999706016410792,False,False,False,False,False,False,False,False,False,False,True,lowest_parent_attack
6,strict_weight4_seed42,strict_frozen_weight4,42,future_query,attack,136,chunk18:27,processed/iotsim-air-quality-1.csv,1737236003.606784,4408,TCP Scan,air-quality,0.0006397735605576378,-0.002918822884235936,0.9997420969631201,0.2174433320760727,0.11544135212898254,-0.10200197994709015,2.939835892077895e-05,0.9999706016410792,False,False,False,False,False,False,False,False,False,False,True,lowest_parent_attack
6,strict_weight4_seed42,strict_frozen_weight4,42,future_query,attack,114182,chunk33:791,processed/iotsim-building-monitor-1.csv,1737235968.371111,3482,Telnet Brute Force,building-monitor,0.0006397735605576378,-0.002918822884235936,0.9997420969631201,0.21673311293125153,0.10996842384338379,-0.10676468908786774,2.939835892077895e-05,0.9999706016410792,False,False,False,False,False,False,False,False,False,False,True,lowest_parent_attack
6,strict_weight4_seed42,strict_frozen_weight4,42,future_query,attack,330749,chunk67:712,processed/iotsim-domotic-monitor-1.csv,1737236131.62576,7253,TCP Scan,domotic-monitor,0.0006397735605576378,-0.002918822884235936,0.9997420969631201,0.21838493645191193,0.12285172194242477,-0.09553321450948715,2.939835892077895e-05,0.9999706016410792,False,False,False,False,False,False,False,False,False,False,True,lowest_parent_attack
6,strict_weight4_seed42,strict_frozen_weight4,42,future_query,attack,330748,chunk67:711,processed/iotsim-domotic-monitor-1.csv,1737236131.6256,7252,TCP Scan,domotic-monitor,0.0006397735605576378,-0.002918822884235936,0.9997420969631201,0.21930408477783203,0.12487148493528366,-0.09443259984254837,2.939835892077895e-05,0.9999706016410792,False,False,False,False,False,False,False,False,False,False,True,lowest_parent_attack
6,strict_weight4_seed42,strict_frozen_weight4,42,future_query,attack,330747,chunk67:710,processed/iotsim-domotic-monitor-1.csv,1737236131.622325,7251,TCP Scan,domotic-monitor,0.0006397735605576378,-0.002918822884235936,0.9997420969631201,0.21821969747543335,0.1226293221116066,-0.09559037536382675,2.939835892077895e-05,0.9999706016410792,False,False,False,False,False,False,False,False,False,False,True,lowest_parent_attack
6,strict_weight4_seed42,strict_frozen_weight4,42,future_query,attack,330746,chunk67:709,processed/iotsim-domotic-monitor-1.csv,1737236131.62216,7250,TCP Scan,domotic-monitor,0.0006397735605576378,-0.002918822884235936,0.9997420969631201,0.21919238567352295,0.12489190697669983,-0.09430047869682312,2.939835892077895e-05,0.9999706016410792,False,False,False,False,False,False,False,False,False,False,True,lowest_parent_attack
6,strict_weight4_seed42,strict_frozen_weight4,42,future_query,attack,330745,chunk67:708,processed/iotsim-domotic-monitor-1.csv,1737236131.622129,7249,TCP Scan,domotic-monitor,0.0006397735605576378,-0.002918822884235936,0.9997420969631201,0.2196986824274063,0.12814775109291077,-0.09155093133449554,2.939835892077895e-05,0.9999706016410792,False,False,False,False,False,False,False,False,False,False,True,lowest_parent_attack
6,strict_weight4_seed42,strict_frozen_weight4,42,future_query,attack,330744,chunk67:707,processed/iotsim-domotic-monitor-1.csv,1737236131.616809,7248,TCP Scan,domotic-monitor,0.0006397735605576378,-0.002918822884235936,0.9997420969631201,0.21817609667778015,0.12291423976421356,-0.09526185691356659,2.939835892077895e-05,0.9999706016410792,False,False,False,False,False,False,False,False,False,False,True,lowest_parent_attack
6,strict_weight4_seed42,strict_frozen_weight4,42,future_query,attack,330578,chunk67:541,processed/iotsim-domotic-monitor-1.csv,1737236120.555438,6705,TCP Scan,domotic-monitor,0.0006397735605576378,-0.002918822884235936,0.9997420969631201,0.21742181479930878,0.11515364050865173,-0.10226817429065704,2.939835892077895e-05,0.9999706016410792,False,False,False,False,False,False,False,False,False,False,True,lowest_parent_attack
6,strict_weight4_seed42,strict_frozen_weight4,42,future_query,attack,330577,chunk67:540,processed/iotsim-domotic-monitor-1.csv,1737236120.555235,6704,TCP Scan,domotic-monitor,0.0006397735605576378,-0.002918822884235936,0.9997420969631201,0.21879714727401733,0.11662396043539047,-0.10217318683862686,2.939835892077895e-05,0.9999706016410792,False,False,False,False,False,False,False,False,False,False,True,lowest_parent_attack
6,strict_weight4_seed42,strict_frozen_weight4,42,future_query,attack,114157,chunk33:766,processed/iotsim-building-monitor-1.csv,1737235964.594528,3457,Telnet Brute Force,building-monitor,0.0006397735605576378,-0.002918822884235936,0.9997420969631201,0.2204744964838028,0.1463080197572708,-0.07416647672653198,2.939835892077895e-05,0.9999706016410792,False,False,False,False,False,False,False,False,False,False,True,lowest_parent_attack
6,strict_weight4_seed42,strict_frozen_weight4,42,future_query,attack,114156,chunk33:765,processed/iotsim-building-monitor-1.csv,1737235964.590191,3456,Telnet Brute Force,building-monitor,0.0006397735605576378,-0.002918822884235936,0.9997420969631201,0.2194962054491043,0.12192989140748978,-0.09756631404161453,2.939835892077895e-05,0.9999706016410792,False,False,False,False,False,False,False,False,False,False,True,lowest_parent_attack
6,strict_weight4_seed42,strict_frozen_weight4,42,future_query,attack,114155,chunk33:764,processed/iotsim-building-monitor-1.csv,1737235964.590127,3455,Telnet Brute Force,building-monitor,0.0006397735605576378,-0.002918822884235936,0.9997420969631201,0.22119806706905365,0.2055090367794037,-0.015689030289649963,2.939835892077895e-05,0.9999706016410792,False,False,False,False,False,False,False,False,False,False,True,lowest_parent_attack
6,strict_weight4_seed42,strict_frozen_weight4,42,future_query,attack,114177,chunk33:786,processed/iotsim-building-monitor-1.csv,1737235968.306796,3477,Telnet Brute Force,building-monitor,0.0006397735605576378,-0.002918822884235936,0.9997420969631201,0.2170311063528061,0.11074023693799973,-0.10629086941480637,2.939835892077895e-05,0.9999706016410792,False,False,False,False,False,False,False,False,False,False,True,lowest_parent_attack
6,strict_weight4_seed42,strict_frozen_weight4,42,future_query,attack,187,chunk18:78,processed/iotsim-air-quality-1.csv,1737236040.182855,4834,TCP Scan,air-quality,0.0006397735605576378,-0.002918822884235936,0.9997420969631201,0.21869215369224548,0.13761186599731445,-0.08108028769493103,2.939835892077895e-05,0.9999706016410792,False,False,False,False,False,False,False,False,False,False,True,lowest_parent_attack
6,strict_weight4_seed42,strict_frozen_weight4,42,future_query,attack,185,chunk18:76,processed/iotsim-air-quality-1.csv,1737236040.182512,4832,TCP Scan,air-quality,0.0006397735605576378,-0.002918822884235936,0.9997420969631201,0.21963579952716827,0.14752192795276642,-0.07211387157440186,2.939835892077895e-05,0.9999706016410792,False,False,False,False,False,False,False,False,False,False,True,lowest_parent_attack
6,strict_weight4_seed42,strict_frozen_weight4,42,future_query,attack,184,chunk18:75,processed/iotsim-air-quality-1.csv,1737236040.176603,4831,TCP Scan,air-quality,0.0006397735605576378,-0.002918822884235936,0.9997420969631201,0.2187981754541397,0.1939828097820282,-0.02481536567211151,2.939835892077895e-05,0.9999706016410792,False,False,False,False,False,False,False,False,False,False,True,lowest_parent_attack
6,strict_weight4_seed42,strict_frozen_weight4,42,future_query,attack,183,chunk18:74,processed/iotsim-air-quality-1.csv,1737236040.176435,4830,TCP Scan,air-quality,0.0006397735605576378,-0.002918822884235936,0.9997420969631201,0.21811912953853607,0.12747128307819366,-0.09064784646034241,2.939835892077895e-05,0.9999706016410792,False,False,False,False,False,False,False,False,False,False,True,lowest_parent_attack
6,strict_weight4_seed42,strict_frozen_weight4,42,future_query,attack,217,chunk18:108,processed/iotsim-air-quality-1.csv,1737236041.178272,4864,TCP Scan,air-quality,0.0006397735605576378,-0.002918822884235936,0.9997420969631201,0.21988379955291748,0.11472168564796448,-0.105162113904953,2.939835892077895e-05,0.9999706016410792,False,False,False,False,False,False,False,False,False,False,True,lowest_parent_attack
6,strict_weight4_seed42,strict_frozen_weight4,42,future_query,attack,330735,chunk67:698,processed/iotsim-domotic-monitor-1.csv,1737236130.272825,7156,TCP Scan,domotic-monitor,0.0006397735605576378,-0.002918822884235936,0.9997420969631201,0.21757030487060547,0.12322719395160675,-0.09434311091899872,2.939835892077895e-05,0.9999706016410792,False,False,False,False,False,False,False,False,False,False,True,lowest_parent_attack
6,strict_weight4_seed42,strict_frozen_weight4,42,future_query,attack,330570,chunk67:533,processed/iotsim-domotic-monitor-1.csv,1737236120.542885,6697,TCP Scan,domotic-monitor,0.0006397735605576378,-0.002918822884235936,0.9997420969631201,0.21744024753570557,0.11536089330911636,-0.1020793542265892,2.939835892077895e-05,0.9999706016410792,False,False,False,False,False,False,False,False,False,False,True,lowest_parent_attack
6,strict_weight4_seed42,strict_frozen_weight4,42,future_query,attack,330534,chunk67:497,processed/iotsim-domotic-monitor-1.csv,1737236117.963966,6583,TCP Scan,domotic-monitor,0.0006397735605576378,-0.002918822884235936,0.9997420969631201,0.21677112579345703,0.11321397870779037,-0.10355714708566666,2.939835892077895e-05,0.9999706016410792,False,False,False,False,False,False,False,False,False,False,True,lowest_parent_attack
6,strict_weight4_seed42,strict_frozen_weight4,42,future_query,attack,330533,chunk67:496,processed/iotsim-domotic-monitor-1.csv,1737236117.963538,6582,TCP Scan,domotic-monitor,0.0006397735605576378,-0.002918822884235936,0.9997420969631201,0.21844933927059174,0.11450023949146271,-0.10394909977912903,2.939835892077895e-05,0.9999706016410792,False,False,False,False,False,False,False,False,False,False,True,lowest_parent_attack
6,strict_weight4_seed42,strict_frozen_weight4,42,future_query,attack,330532,chunk67:495,processed/iotsim-domotic-monitor-1.csv,1737236117.95519,6581,TCP Scan,domotic-monitor,0.0006397735605576378,-0.002918822884235936,0.9997420969631201,0.21665522456169128,0.11309731006622314,-0.10355791449546814,2.939835892077895e-05,0.9999706016410792,False,False,False,False,False,False,False,False,False,False,True,lowest_parent_attack
6,strict_weight4_seed42,strict_frozen_weight4,42,future_query,attack,330531,chunk67:494,processed/iotsim-domotic-monitor-1.csv,1737236117.955031,6580,TCP Scan,domotic-monitor,0.0006397735605576378,-0.002918822884235936,0.9997420969631201,0.21822427213191986,0.1144278421998024,-0.10379642993211746,2.939835892077895e-05,0.9999706016410792,False,False,False,False,False,False,False,False,False,False,True,lowest_parent_attack
6,strict_weight4_seed42,strict_frozen_weight4,42,future_query,attack,330530,chunk67:493,processed/iotsim-domotic-monitor-1.csv,1737236117.954989,6579,TCP Scan,domotic-monitor,0.0006397735605576378,-0.002918822884235936,0.9997420969631201,0.21901489794254303,0.11574339121580124,-0.10327150672674179,2.939835892077895e-05,0.9999706016410792,False,False,False,False,False,False,False,False,False,False,True,lowest_parent_attack
6,strict_weight4_seed42,strict_frozen_weight4,42,future_query,attack,330529,chunk67:492,processed/iotsim-domotic-monitor-1.csv,1737236117.949749,6578,TCP Scan,domotic-monitor,0.0006397735605576378,-0.002918822884235936,0.9997420969631201,0.2164088636636734,0.11318334192037582,-0.10322552174329758,2.939835892077895e-05,0.9999706016410792,False,False,False,False,False,False,False,False,False,False,True,lowest_parent_attack
6,strict_weight4_seed42,strict_frozen_weight4,42,future_query,attack,749,chunk18:640,processed/iotsim-air-quality-1.csv,1737236085.424949,5938,TCP Scan,air-quality,0.0006397735605576378,-0.002918822884235936,0.9997420969631201,0.21980682015419006,0.12726619839668274,-0.09254062175750732,2.939835892077895e-05,0.9999706016410792,False,False,False,False,False,False,False,False,False,False,True,lowest_parent_attack
6,strict_weight4_seed42,strict_frozen_weight4,42,future_query,attack,748,chunk18:639,processed/iotsim-air-quality-1.csv,1737236085.420738,5937,TCP Scan,air-quality,0.0006397735605576378,-0.002918822884235936,0.9997420969631201,0.2184707224369049,0.12624116241931915,-0.09222956001758575,2.939835892077895e-05,0.9999706016410792,False,False,False,False,False,False,False,False,False,False,True,lowest_parent_attack
6,strict_weight4_seed42,strict_frozen_weight4,42,future_query,attack,138,chunk18:29,processed/iotsim-air-quality-1.csv,1737236003.613456,4410,TCP Scan,air-quality,0.0006397735605576378,-0.002918822884235936,0.9997420969631201,0.2167331576347351,0.11249235272407532,-0.10424080491065979,2.939835892077895e-05,0.9999706016410792,False,False,False,False,False,False,False,False,False,False,True,lowest_parent_attack
6,strict_weight4_seed42,strict_frozen_weight4,42,future_query,attack,330616,chunk67:579,processed/iotsim-domotic-monitor-1.csv,1737236122.777858,6826,TCP Scan,domotic-monitor,0.0006397735605576378,-0.002918822884235936,0.9997420969631201,0.21678563952445984,0.11844705790281296,-0.09833858162164688,2.939835892077895e-05,0.9999706016410792,False,False,False,False,False,False,False,False,False,False,True,lowest_parent_attack
6,strict_weight4_seed42,strict_frozen_weight4,42,future_query,attack,330615,chunk67:578,processed/iotsim-domotic-monitor-1.csv,1737236122.777723,6825,TCP Scan,domotic-monitor,0.0006397735605576378,-0.002918822884235936,0.9997420969631201,0.21785616874694824,0.12004415690898895,-0.09781201183795929,2.939835892077895e-05,0.9999706016410792,False,False,False,False,False,False,False,False,False,False,True,lowest_parent_attack
6,strict_weight4_seed42,strict_frozen_weight4,42,future_query,attack,330707,chunk67:670,processed/iotsim-domotic-monitor-1.csv,1737236127.973046,7084,TCP Scan,domotic-monitor,0.0006397735605576378,-0.002918822884235936,0.9997420969631201,0.21866917610168457,0.12296854704618454,-0.09570062905550003,2.939835892077895e-05,0.9999706016410792,False,False,False,False,False,False,False,False,False,False,True,lowest_parent_attack
6,strict_weight4_seed42,strict_frozen_weight4,42,future_query,attack,330706,chunk67:669,processed/iotsim-domotic-monitor-1.csv,1737236127.973017,7083,TCP Scan,domotic-monitor,0.0006397735605576378,-0.002918822884235936,0.9997420969631201,0.21924200654029846,0.12348155677318573,-0.09576044976711273,2.939835892077895e-05,0.9999706016410792,False,False,False,False,False,False,False,False,False,False,True,lowest_parent_attack
6,strict_weight4_seed42,strict_frozen_weight4,42,future_query,attack,330705,chunk67:668,processed/iotsim-domotic-monitor-1.csv,1737236127.96883,7082,TCP Scan,domotic-monitor,0.0006397735605576378,-0.002918822884235936,0.9997420969631201,0.21729032695293427,0.12157237529754639,-0.09571795165538788,2.939835892077895e-05,0.9999706016410792,False,False,False,False,False,False,False,False,False,False,True,lowest_parent_attack
6,strict_weight4_seed42,strict_frozen_weight4,42,future_query,attack,332339,chunk67:2302,processed/iotsim-domotic-monitor-1.csv,1737236230.575877,11097,TCP Scan,domotic-monitor,0.0006397735605576378,-0.002918822884235936,0.9997420969631201,0.2183934450149536,0.12433654069900513,-0.09405690431594849,2.939835892077895e-05,0.9999706016410792,False,False,False,False,False,False,False,False,False,False,True,lowest_parent_attack
6,strict_weight4_seed42,strict_frozen_weight4,42,future_query,attack,330526,chunk67:489,processed/iotsim-domotic-monitor-1.csv,1737236117.913894,6571,TCP Scan,domotic-monitor,0.0006397735605576378,-0.002918822884235936,0.9997420969631201,0.21663695573806763,0.12007634341716766,-0.09656061232089996,2.939835892077895e-05,0.9999706016410792,False,False,False,False,False,False,False,False,False,False,True,lowest_parent_attack
6,strict_weight4_seed42,strict_frozen_weight4,42,future_query,attack,330556,chunk67:519,processed/iotsim-domotic-monitor-1.csv,1737236120.4663,6676,TCP Scan,domotic-monitor,0.0006397735605576378,-0.002918822884235936,0.9997420969631201,0.21826386451721191,0.1268581748008728,-0.09140568971633911,2.939835892077895e-05,0.9999706016410792,False,False,False,False,False,False,False,False,False,False,True,lowest_parent_attack
6,strict_weight4_seed42,strict_frozen_weight4,42,future_query,attack,330554,chunk67:517,processed/iotsim-domotic-monitor-1.csv,1737236120.460906,6674,TCP Scan,domotic-monitor,0.0006397735605576378,-0.002918822884235936,0.9997420969631201,0.21823713183403015,0.1262010782957077,-0.09203605353832245,2.939835892077895e-05,0.9999706016410792,False,False,False,False,False,False,False,False,False,False,True,lowest_parent_attack
6,strict_weight4_seed42,strict_frozen_weight4,42,future_query,attack,637,chunk18:528,processed/iotsim-air-quality-1.csv,1737236082.026387,5811,TCP Scan,air-quality,0.0006397735605576378,-0.002918822884235936,0.9997420969631201,0.21883660554885864,0.1366237848997116,-0.08221282064914703,2.939835892077895e-05,0.9999706016410792,False,False,False,False,False,False,False,False,False,False,True,lowest_parent_attack
6,strict_weight4_seed42,strict_frozen_weight4,42,future_query,attack,330483,chunk67:446,processed/iotsim-domotic-monitor-1.csv,1737236114.203827,6480,TCP Scan,domotic-monitor,0.0006397735605576378,-0.002918822884235936,0.9997420969631201,0.21778604388237,0.1093493103981018,-0.10843673348426819,2.939835892077895e-05,0.9999706016410792,False,False,False,False,False,False,False,False,False,False,True,lowest_parent_attack
6,strict_weight4_seed42,strict_frozen_weight4,42,future_query,attack,330482,chunk67:445,processed/iotsim-domotic-monitor-1.csv,1737236114.203758,6478,TCP Scan,domotic-monitor,0.0006397735605576378,-0.002918822884235936,0.9997420969631201,0.2174399197101593,0.11111228913068771,-0.10632763057947159,2.939835892077895e-05,0.9999706016410792,False,False,False,False,False,False,False,False,False,False,True,lowest_parent_attack
6,strict_weight4_seed42,strict_frozen_weight4,42,future_query,attack,330481,chunk67:444,processed/iotsim-domotic-monitor-1.csv,1737236114.203452,6476,TCP Scan,domotic-monitor,0.0006397735605576378,-0.002918822884235936,0.9997420969631201,0.21758802235126495,0.1160203218460083,-0.10156770050525665,2.939835892077895e-05,0.9999706016410792,False,False,False,False,False,False,False,False,False,False,True,lowest_parent_attack
6,strict_weight4_seed42,strict_frozen_weight4,42,future_query,attack,330480,chunk67:443,processed/iotsim-domotic-monitor-1.csv,1737236114.17616,6472,TCP Scan,domotic-monitor,0.0006397735605576378,-0.002918822884235936,0.9997420969631201,0.21781262755393982,0.11075576394796371,-0.1070568636059761,2.939835892077895e-05,0.9999706016410792,False,False,False,False,False,False,False,False,False,False,True,lowest_parent_attack
6,strict_weight4_seed42,strict_frozen_weight4,42,future_query,attack,330574,chunk67:537,processed/iotsim-domotic-monitor-1.csv,1737236120.549136,6701,TCP Scan,domotic-monitor,0.0006397735605576378,-0.002918822884235936,0.9997420969631201,0.21750077605247498,0.11503981053829193,-0.10246096551418304,2.939835892077895e-05,0.9999706016410792,False,False,False,False,False,False,False,False,False,False,True,lowest_parent_attack
6,strict_weight4_seed42,strict_frozen_weight4,42,future_query,attack,330551,chunk67:514,processed/iotsim-domotic-monitor-1.csv,1737236120.449784,6671,TCP Scan,domotic-monitor,0.0006397735605576378,-0.002918822884235936,0.9997420969631201,0.21806006133556366,0.1282518208026886,-0.08980824053287506,2.939835892077895e-05,0.9999706016410792,False,False,False,False,False,False,False,False,False,False,True,lowest_parent_attack
6,strict_weight4_seed42,strict_frozen_weight4,42,future_query,attack,830,chunk18:721,processed/iotsim-air-quality-1.csv,1737236087.970422,6028,TCP Scan,air-quality,0.0006397735605576378,-0.002918822884235936,0.9997420969631201,0.2200900763273239,0.12980370223522186,-0.09028637409210205,2.939835892077895e-05,0.9999706016410792,False,False,False,False,False,False,False,False,False,False,True,lowest_parent_attack
6,strict_weight4_seed42,strict_frozen_weight4,42,future_query,attack,330738,chunk67:701,processed/iotsim-domotic-monitor-1.csv,1737236130.278516,7162,TCP Scan,domotic-monitor,0.0006397735605576378,-0.002918822884235936,0.9997420969631201,0.2170429676771164,0.12356891483068466,-0.09347405284643173,2.939835892077895e-05,0.9999706016410792,False,False,False,False,False,False,False,False,False,False,True,lowest_parent_attack
6,strict_weight4_seed42,strict_frozen_weight4,42,future_query,attack,221,chunk18:112,processed/iotsim-air-quality-1.csv,1737236041.184632,4868,TCP Scan,air-quality,0.0006397735605576378,-0.002918822884235936,0.9997420969631201,0.21871250867843628,0.11028038710355759,-0.10843212157487869,2.939835892077895e-05,0.9999706016410792,False,False,False,False,False,False,False,False,False,False,True,lowest_parent_attack
6,strict_weight4_seed42,strict_frozen_weight4,42,future_query,attack,220,chunk18:111,processed/iotsim-air-quality-1.csv,1737236041.184503,4867,TCP Scan,air-quality,0.0006397735605576378,-0.002918822884235936,0.9997420969631201,0.21873430907726288,0.11114425957202911,-0.10759004950523376,2.939835892077895e-05,0.9999706016410792,False,False,False,False,False,False,False,False,False,False,True,lowest_parent_attack
6,strict_weight4_seed42,strict_frozen_weight4,42,future_query,attack,219,chunk18:110,processed/iotsim-air-quality-1.csv,1737236041.184459,4866,TCP Scan,air-quality,0.0006397735605576378,-0.002918822884235936,0.9997420969631201,0.21830840408802032,0.1163521409034729,-0.10195626318454742,2.939835892077895e-05,0.9999706016410792,False,False,False,False,False,False,False,False,False,False,True,lowest_parent_attack
6,strict_weight4_seed42,strict_frozen_weight4,42,future_query,attack,218,chunk18:109,processed/iotsim-air-quality-1.csv,1737236041.178319,4865,TCP Scan,air-quality,0.0006397735605576378,-0.002918822884235936,0.9997420969631201,0.21939514577388763,0.11383397877216339,-0.10556116700172424,2.939835892077895e-05,0.9999706016410792,False,False,False,False,False,False,False,False,False,False,True,lowest_parent_attack
6,strict_weight4_seed42,strict_frozen_weight4,42,future_query,attack,338033,chunk67:7996,processed/iotsim-domotic-monitor-1.csv,1737236379.743311,20305,TCP Scan,domotic-monitor,0.0006397735605576378,-0.002918822884235936,0.9997420969631201,0.21975794434547424,0.12855786085128784,-0.0912000834941864,2.939835892077895e-05,0.9999706016410792,False,False,False,False,False,False,False,False,False,False,True,lowest_parent_attack
6,strict_weight4_seed42,strict_frozen_weight4,42,future_query,attack,338032,chunk67:7995,processed/iotsim-domotic-monitor-1.csv,1737236379.738003,20304,TCP Scan,domotic-monitor,0.0006397735605576378,-0.002918822884235936,0.9997420969631201,0.21837815642356873,0.12471842020750046,-0.09365973621606827,2.939835892077895e-05,0.9999706016410792,False,False,False,False,False,False,False,False,False,False,True,lowest_parent_attack
6,strict_weight4_seed42,strict_frozen_weight4,42,future_query,attack,338031,chunk67:7994,processed/iotsim-domotic-monitor-1.csv,1737236379.737772,20302,TCP Scan,domotic-monitor,0.0006397735605576378,-0.002918822884235936,0.9997420969631201,0.21971486508846283,0.13230444490909576,-0.08741042017936707,2.939835892077895e-05,0.9999706016410792,False,False,False,False,False,False,False,False,False,False,True,lowest_parent_attack
6,strict_weight4_seed42,strict_frozen_weight4,42,future_query,attack,338030,chunk67:7993,processed/iotsim-domotic-monitor-1.csv,1737236379.727464,20297,TCP Scan,domotic-monitor,0.0006397735605576378,-0.002918822884235936,0.9997420969631201,0.2183140516281128,0.12253328412771225,-0.09578076750040054,2.939835892077895e-05,0.9999706016410792,False,False,False,False,False,False,False,False,False,False,True,lowest_parent_attack
6,strict_weight4_seed42,strict_frozen_weight4,42,future_query,attack,239095,chunk55:870,processed/iotsim-combined-cycle-10.csv,1737236132.392422,6090,TCP Scan,combined-cycle,0.0006397735605576378,-0.002918822884235936,0.9997420969631201,0.21799950301647186,0.12595827877521515,-0.09204122424125671,2.939835892077895e-05,0.9999706016410792,False,False,False,False,False,False,False,False,False,False,True,lowest_parent_attack
6,strict_weight4_seed42,strict_frozen_weight4,42,future_query,attack,113987,chunk33:596,processed/iotsim-building-monitor-1.csv,1737235929.37372,3275,Telnet Brute Force,building-monitor,0.0006397735605576378,-0.002918822884235936,0.9997420969631201,0.21661485731601715,0.11348080635070801,-0.10313405096530914,2.939835892077895e-05,0.9999706016410792,False,False,False,False,False,False,False,False,False,False,True,lowest_parent_attack
6,strict_weight4_seed42,strict_frozen_weight4,42,future_query,attack,113989,chunk33:598,processed/iotsim-building-monitor-1.csv,1737235929.380706,3277,Telnet Brute Force,building-monitor,0.0006397735605576378,-0.002918822884235936,0.9997420969631201,0.21534974873065948,0.11216908693313599,-0.1031806617975235,2.939835892077895e-05,0.9999706016410792,False,False,False,False,False,False,False,False,False,False,True,lowest_parent_attack
6,strict_weight4_seed42,strict_frozen_weight4,42,future_query,attack,274,chunk18:165,processed/iotsim-air-quality-1.csv,1737236044.881619,4944,TCP Scan,air-quality,0.0006397735605576378,-0.002918822884235936,0.9997420969631201,0.21756765246391296,0.11567677557468414,-0.10189087688922882,2.939835892077895e-05,0.9999706016410792,False,False,False,False,False,False,False,False,False,False,True,lowest_parent_attack
6,strict_weight4_seed42,strict_frozen_weight4,42,future_query,attack,273,chunk18:164,processed/iotsim-air-quality-1.csv,1737236044.881497,4943,TCP Scan,air-quality,0.0006397735605576378,-0.002918822884235936,0.9997420969631201,0.21861161291599274,0.11632081121206284,-0.1022908017039299,2.939835892077895e-05,0.9999706016410792,False,False,False,False,False,False,False,False,False,False,True,lowest_parent_attack
6,strict_weight4_seed42,strict_frozen_weight4,42,future_query,attack,272,chunk18:163,processed/iotsim-air-quality-1.csv,1737236044.881468,4942,TCP Scan,air-quality,0.0006397735605576378,-0.002918822884235936,0.9997420969631201,0.21955354511737823,0.13121454417705536,-0.08833900094032288,2.939835892077895e-05,0.9999706016410792,False,False,False,False,False,False,False,False,False,False,True,lowest_parent_attack
6,strict_weight4_seed42,strict_frozen_weight4,42,sealed_final_attack,attack,110100,chunk99:14996,processed/iotsim-ip-camera-street-1.csv,1737236633.013649,1407900,Telnet Brute Force,ip-camera-street,0.04890629090369431,0.04534769445890074,0.9997420969631201,0.3083324432373047,0.2863526940345764,-0.02197974920272827,2.939835892077895e-05,0.9999706016410792,True,False,True,True,False,False,False,False,False,False,True,lowest_temporal_attack
6,strict_weight4_seed42,strict_frozen_weight4,42,sealed_final_attack,attack,110099,chunk99:14995,processed/iotsim-ip-camera-street-1.csv,1737236632.972108,1407899,Telnet Brute Force,ip-camera-street,0.04456658304275197,0.041007986597958394,0.9997420969631201,0.27811992168426514,0.31595873832702637,0.03783881664276123,2.939835892077895e-05,0.9999706016410792,True,False,True,True,False,False,False,False,False,False,True,lowest_temporal_attack
6,strict_weight4_seed42,strict_frozen_weight4,42,sealed_final_attack,attack,110098,chunk99:14994,processed/iotsim-ip-camera-street-1.csv,1737236632.972095,1407898,Telnet Brute Force,ip-camera-street,0.04890629090369431,0.04534769445890074,0.9997420969631201,0.2781084477901459,0.31604906916618347,0.0379406213760376,2.939835892077895e-05,0.9999706016410792,True,False,True,True,False,False,False,False,False,False,True,lowest_temporal_attack
6,strict_weight4_seed42,strict_frozen_weight4,42,sealed_final_attack,attack,110097,chunk99:14993,processed/iotsim-ip-camera-street-1.csv,1737236632.972079,1407897,Telnet Brute Force,ip-camera-street,0.04890629090369431,0.04534769445890074,0.9997420969631201,0.27810677886009216,0.3160566985607147,0.03794991970062256,2.939835892077895e-05,0.9999706016410792,True,False,True,True,False,False,False,False,False,False,True,lowest_temporal_attack
6,strict_weight4_seed42,strict_frozen_weight4,42,sealed_final_attack,attack,110096,chunk99:14992,processed/iotsim-ip-camera-street-1.csv,1737236632.972047,1407896,Telnet Brute Force,ip-camera-street,0.04890629090369431,0.04534769445890074,0.9997420969631201,0.27809804677963257,0.3161122798919678,0.038014233112335205,2.939835892077895e-05,0.9999706016410792,True,False,True,True,False,False,False,False,False,False,True,lowest_temporal_attack
6,strict_weight4_seed42,strict_frozen_weight4,42,sealed_final_attack,attack,110095,chunk99:14991,processed/iotsim-ip-camera-street-1.csv,1737236632.939799,1407868,Telnet Brute Force,ip-camera-street,0.04890629090369431,0.04534769445890074,0.9997420969631201,0.26490381360054016,0.3160664439201355,0.05116263031959534,2.939835892077895e-05,0.9999706016410792,True,False,True,True,False,False,False,False,False,False,True,lowest_temporal_attack
6,strict_weight4_seed42,strict_frozen_weight4,42,sealed_final_attack,attack,110094,chunk99:14990,processed/iotsim-ip-camera-street-1.csv,1737236632.933475,1407867,Telnet Brute Force,ip-camera-street,0.04890629090369431,0.04534769445890074,0.9997420969631201,0.3043029308319092,0.2859043776988983,-0.018398553133010864,2.939835892077895e-05,0.9999706016410792,True,False,True,True,False,False,False,False,False,False,True,lowest_temporal_attack
6,strict_weight4_seed42,strict_frozen_weight4,42,sealed_final_attack,attack,110093,chunk99:14989,processed/iotsim-ip-camera-street-1.csv,1737236632.933428,1407866,Telnet Brute Force,ip-camera-street,0.04890629090369431,0.04534769445890074,0.9997420969631201,0.26572877168655396,0.3159574568271637,0.05022868514060974,2.939835892077895e-05,0.9999706016410792,True,False,True,True,False,False,False,False,False,False,True,lowest_temporal_attack
6,strict_weight4_seed42,strict_frozen_weight4,42,sealed_final_attack,attack,110092,chunk99:14988,processed/iotsim-ip-camera-street-1.csv,1737236632.932011,1407865,Telnet Brute Force,ip-camera-street,0.04890629090369431,0.04534769445890074,0.9997420969631201,0.2657347619533539,0.31584370136260986,0.05010893940925598,2.939835892077895e-05,0.9999706016410792,True,False,True,True,False,False,False,False,False,False,True,lowest_temporal_attack
6,strict_weight4_seed42,strict_frozen_weight4,42,sealed_final_attack,attack,110091,chunk99:14987,processed/iotsim-ip-camera-street-1.csv,1737236632.897518,1407864,Telnet Brute Force,ip-camera-street,0.04890629090369431,0.04534769445890074,0.9997420969631201,0.2657375633716583,0.31571313738822937,0.049975574016571045,2.939835892077895e-05,0.9999706016410792,True,False,True,True,False,False,False,False,False,False,True,lowest_temporal_attack
6,strict_weight4_seed42,strict_frozen_weight4,42,sealed_final_attack,attack,110090,chunk99:14986,processed/iotsim-ip-camera-street-1.csv,1737236632.897495,1407863,Telnet Brute Force,ip-camera-street,0.04890629090369431,0.04534769445890074,0.9997420969631201,0.26574385166168213,0.31559130549430847,0.04984745383262634,2.939835892077895e-05,0.9999706016410792,True,False,True,True,False,False,False,False,False,False,True,lowest_temporal_attack
6,strict_weight4_seed42,strict_frozen_weight4,42,sealed_final_attack,attack,110089,chunk99:14985,processed/iotsim-ip-camera-street-1.csv,1737236632.891839,1407858,Telnet Brute Force,ip-camera-street,0.04890629090369431,0.04534769445890074,0.9997420969631201,0.3040429353713989,0.2856513559818268,-0.018391579389572144,2.939835892077895e-05,0.9999706016410792,True,False,True,True,False,False,False,False,False,False,True,lowest_temporal_attack
6,strict_weight4_seed42,strict_frozen_weight4,42,sealed_final_attack,attack,110088,chunk99:14984,processed/iotsim-ip-camera-street-1.csv,1737236632.891821,1407857,Telnet Brute Force,ip-camera-street,0.04890629090369431,0.04534769445890074,0.9997420969631201,0.3038422167301178,0.2856769263744354,-0.018165290355682373,2.939835892077895e-05,0.9999706016410792,True,False,True,True,False,False,False,False,False,False,True,lowest_temporal_attack
6,strict_weight4_seed42,strict_frozen_weight4,42,sealed_final_attack,attack,110087,chunk99:14983,processed/iotsim-ip-camera-street-1.csv,1737236632.891813,1407856,Telnet Brute Force,ip-camera-street,0.04890629090369431,0.04534769445890074,0.9997420969631201,0.2660834789276123,0.31545889377593994,0.04937541484832764,2.939835892077895e-05,0.9999706016410792,True,False,True,True,False,False,False,False,False,False,True,lowest_temporal_attack
6,strict_weight4_seed42,strict_frozen_weight4,42,sealed_final_attack,attack,110086,chunk99:14982,processed/iotsim-ip-camera-street-1.csv,1737236632.891785,1407855,Telnet Brute Force,ip-camera-street,0.04890629090369431,0.04534769445890074,0.9997420969631201,0.26609793305397034,0.3153189420700073,0.04922100901603699,2.939835892077895e-05,0.9999706016410792,True,False,True,True,False,False,False,False,False,False,True,lowest_temporal_attack
6,strict_weight4_seed42,strict_frozen_weight4,42,sealed_final_attack,attack,110085,chunk99:14981,processed/iotsim-ip-camera-street-1.csv,1737236632.885615,1407854,Telnet Brute Force,ip-camera-street,0.04890629090369431,0.04534769445890074,0.9997420969631201,0.3035491704940796,0.28566423058509827,-0.017884939908981323,2.939835892077895e-05,0.9999706016410792,True,False,True,True,False,False,False,False,False,False,True,lowest_temporal_attack
6,strict_weight4_seed42,strict_frozen_weight4,42,sealed_final_attack,attack,22,chunk88:22,processed/iotsim-ip-camera-street-1.csv,1737236130.062302,1254916,C&C Communication,ip-camera-street,0.0018534874274227574,-0.0017051090173708164,0.9997420969631201,0.2993846833705902,0.24578574299812317,-0.05359894037246704,2.939835892077895e-05,0.9999706016410792,False,False,False,False,False,False,False,False,False,False,True,lowest_temporal_attack
6,strict_weight4_seed42,strict_frozen_weight4,42,sealed_final_attack,attack,21,chunk88:21,processed/iotsim-ip-camera-street-1.csv,1737236114.703144,1249453,C&C Communication,ip-camera-street,0.013382592896549353,0.009823996451755778,0.9997420969631201,0.32902470231056213,0.24319866299629211,-0.08582603931427002,2.939835892077895e-05,0.9999706016410792,True,False,True,True,False,False,False,False,False,False,True,lowest_temporal_attack
6,strict_weight4_seed42,strict_frozen_weight4,42,sealed_final_attack,attack,20,chunk88:20,processed/iotsim-ip-camera-street-1.csv,1737236114.703107,1249452,C&C Communication,ip-camera-street,0.0018534874274227574,-0.0017051090173708164,0.9997420969631201,0.2974870502948761,0.24526621401309967,-0.05222083628177643,2.939835892077895e-05,0.9999706016410792,False,False,False,False,False,False,False,False,False,False,True,lowest_temporal_attack
6,strict_weight4_seed42,strict_frozen_weight4,42,sealed_final_attack,attack,19,chunk88:19,processed/iotsim-ip-camera-street-1.csv,1737236099.417942,1244471,C&C Communication,ip-camera-street,0.011287998697487533,0.007729402252693959,0.9997420969631201,0.27107757329940796,0.23122940957546234,-0.03984816372394562,2.939835892077895e-05,0.9999706016410792,True,False,True,True,False,False,False,False,False,False,True,lowest_temporal_attack
6,strict_weight4_seed42,strict_frozen_weight4,42,sealed_final_attack,attack,18,chunk88:18,processed/iotsim-ip-camera-street-1.csv,1737236099.417903,1244470,C&C Communication,ip-camera-street,0.0019275656042027965,-0.0016310308405907772,0.9997420969631201,0.3264863193035126,0.24247655272483826,-0.08400976657867432,2.939835892077895e-05,0.9999706016410792,False,False,False,False,False,False,False,False,False,False,True,lowest_temporal_attack
6,strict_weight4_seed42,strict_frozen_weight4,42,sealed_final_attack,attack,17,chunk88:17,processed/iotsim-ip-camera-street-1.csv,1737236099.411611,1244469,C&C Communication,ip-camera-street,0.011287998697487533,0.007729402252693959,0.9997420969631201,0.2713409960269928,0.24211207032203674,-0.029228925704956055,2.939835892077895e-05,0.9999706016410792,True,False,True,True,False,False,False,False,False,False,True,lowest_temporal_attack
6,strict_weight4_seed42,strict_frozen_weight4,42,sealed_final_attack,attack,16,chunk88:16,processed/iotsim-ip-camera-street-1.csv,1737236085.518457,1240135,C&C Communication,ip-camera-street,0.013659629796956759,0.010101033352163185,0.9997420969631201,0.2833462059497833,0.2442564070224762,-0.03908979892730713,2.939835892077895e-05,0.9999706016410792,True,False,True,True,False,False,False,False,False,False,True,lowest_temporal_attack
6,strict_weight4_seed42,strict_frozen_weight4,42,sealed_final_attack,attack,15,chunk88:15,processed/iotsim-ip-camera-street-1.csv,1737236085.518419,1240134,C&C Communication,ip-camera-street,0.001892314762883664,-0.0016662816819099098,0.9997420969631201,0.30747735500335693,0.244656503200531,-0.06282085180282593,2.939835892077895e-05,0.9999706016410792,False,False,False,False,False,False,False,False,False,False,True,lowest_temporal_attack
6,strict_weight4_seed42,strict_frozen_weight4,42,sealed_final_attack,attack,14,chunk88:14,processed/iotsim-ip-camera-street-1.csv,1737236070.158452,1234968,C&C Communication,ip-camera-street,0.03091656801433023,0.027357971569536656,0.9997420969631201,0.26207414269447327,0.24304915964603424,-0.019024983048439026,2.939835892077895e-05,0.9999706016410792,True,False,True,True,False,False,False,False,False,False,True,lowest_temporal_attack
6,strict_weight4_seed42,strict_frozen_weight4,42,sealed_final_attack,attack,13,chunk88:13,processed/iotsim-ip-camera-street-1.csv,1737236070.158414,1234967,C&C Communication,ip-camera-street,0.0018534874274227574,-0.0017051090173708164,0.9997420969631201,0.29735174775123596,0.24350601434707642,-0.053845733404159546,2.939835892077895e-05,0.9999706016410792,False,False,False,False,False,False,False,False,False,False,True,lowest_temporal_attack
6,strict_weight4_seed42,strict_frozen_weight4,42,sealed_final_attack,attack,12,chunk88:12,processed/iotsim-ip-camera-street-1.csv,1737236054.797974,1230506,C&C Communication,ip-camera-street,0.009122406104430705,0.005563809659637131,0.9997420969631201,0.7921360731124878,0.24145950376987457,-0.5506765842437744,2.939835892077895e-05,0.9999706016410792,True,False,True,True,False,False,False,False,False,False,True,lowest_temporal_attack
6,strict_weight4_seed42,strict_frozen_weight4,42,sealed_final_attack,attack,11,chunk88:11,processed/iotsim-ip-camera-street-1.csv,1737236054.797935,1230505,C&C Communication,ip-camera-street,0.0036582333344542285,9.963688966065478e-05,0.9997420969631201,0.775546669960022,0.24188518524169922,-0.5336614847183228,2.939835892077895e-05,0.9999706016410792,True,False,True,True,False,False,False,False,False,False,True,lowest_temporal_attack
6,strict_weight4_seed42,strict_frozen_weight4,42,sealed_final_attack,attack,10,chunk88:10,processed/iotsim-ip-camera-street-1.csv,1737236039.361447,1225048,C&C Communication,ip-camera-street,0.062237986998942084,0.05867939055414851,0.9997420969631201,0.2582334280014038,0.22813405096530914,-0.030099377036094666,2.939835892077895e-05,0.9999706016410792,True,False,True,True,False,False,False,False,False,False,True,lowest_temporal_attack
6,strict_weight4_seed42,strict_frozen_weight4,42,sealed_final_attack,attack,9,chunk88:9,processed/iotsim-ip-camera-street-1.csv,1737236039.361422,1225047,C&C Communication,ip-camera-street,0.03167056506642416,0.02811196862163059,0.9997420969631201,0.21150530874729156,0.22841757535934448,0.016912266612052917,2.939835892077895e-05,0.9999706016410792,True,False,True,True,False,False,False,False,False,False,True,lowest_temporal_attack
6,strict_weight4_seed42,strict_frozen_weight4,42,sealed_final_attack,attack,8,chunk88:8,processed/iotsim-ip-camera-street-1.csv,1737236039.36139,1225046,C&C Communication,ip-camera-street,0.030488352241658013,0.02692975579686444,0.9997420969631201,0.21150551736354828,0.2333386391401291,0.02183312177658081,2.939835892077895e-05,0.9999706016410792,True,False,True,True,False,False,False,False,False,False,True,lowest_temporal_attack
6,strict_weight4_seed42,strict_frozen_weight4,42,sealed_final_attack,attack,110101,chunk99:14997,processed/iotsim-ip-camera-street-1.csv,1737236633.013683,1407901,Telnet Brute Force,ip-camera-street,0.04890629090369431,0.04534769445890074,0.9997420969631201,0.3065774142742157,0.2863268256187439,-0.020250588655471802,2.939835892077895e-05,0.9999706016410792,True,False,True,True,False,False,False,False,False,False,True,lowest_temporal_attack
6,strict_weight4_seed42,strict_frozen_weight4,42,sealed_final_attack,attack,54,chunk88:54,processed/iotsim-ip-camera-street-1.csv,1737236339.679429,1338024,C&C Communication,ip-camera-street,0.016271965361147615,0.01271336891635404,0.9997420969631201,0.31383591890335083,0.24457097053527832,-0.06926494836807251,2.939835892077895e-05,0.9999706016410792,True,False,True,True,False,False,False,False,False,False,True,lowest_temporal_attack
6,strict_weight4_seed42,strict_frozen_weight4,42,sealed_final_attack,attack,53,chunk88:53,processed/iotsim-ip-camera-street-1.csv,1737236339.67261,1338023,C&C Communication,ip-camera-street,0.08907346628013352,0.08551486983533994,0.9997420969631201,0.23921313881874084,0.24323968589305878,0.004026547074317932,2.939835892077895e-05,0.9999706016410792,True,False,True,True,False,False,False,False,False,False,True,lowest_temporal_attack
6,strict_weight4_seed42,strict_frozen_weight4,42,sealed_final_attack,attack,52,chunk88:52,processed/iotsim-ip-camera-street-1.csv,1737236325.646732,1333155,C&C Communication,ip-camera-street,0.013659629796956759,0.010101033352163185,0.9997420969631201,0.22574082016944885,0.24549013376235962,0.019749313592910767,2.939835892077895e-05,0.9999706016410792,True,False,True,True,False,False,False,False,False,False,True,lowest_temporal_attack
6,strict_weight4_seed42,strict_frozen_weight4,42,sealed_final_attack,attack,51,chunk88:51,processed/iotsim-ip-camera-street-1.csv,1737236325.646689,1333154,C&C Communication,ip-camera-street,0.001892314762883664,-0.0016662816819099098,0.9997420969631201,0.3052062392234802,0.24705617129802704,-0.058150067925453186,2.939835892077895e-05,0.9999706016410792,False,False,False,False,False,False,False,False,False,False,True,lowest_temporal_attack
6,strict_weight4_seed42,strict_frozen_weight4,42,sealed_final_attack,attack,50,chunk88:50,processed/iotsim-ip-camera-street-1.csv,1737236310.29454,1325523,C&C Communication,ip-camera-street,0.013659629796956759,0.010101033352163185,0.9997420969631201,0.32087329030036926,0.2449498325586319,-0.07592345774173737,2.939835892077895e-05,0.9999706016410792,True,False,True,True,False,False,False,False,False,False,True,lowest_temporal_attack
6,strict_weight4_seed42,strict_frozen_weight4,42,sealed_final_attack,attack,49,chunk88:49,processed/iotsim-ip-camera-street-1.csv,1737236310.2945,1325522,C&C Communication,ip-camera-street,0.0018534874274227574,-0.0017051090173708164,0.9997420969631201,0.26422110199928284,0.24698425829410553,-0.017236843705177307,2.939835892077895e-05,0.9999706016410792,False,False,False,False,False,False,False,False,False,False,True,lowest_temporal_attack
6,strict_weight4_seed42,strict_frozen_weight4,42,sealed_final_attack,attack,48,chunk88:48,processed/iotsim-ip-camera-street-1.csv,1737236294.925676,1319050,C&C Communication,ip-camera-street,0.013382592896549353,0.009823996451755778,0.9997420969631201,0.25733649730682373,0.2437831312417984,-0.01355336606502533,2.939835892077895e-05,0.9999706016410792,True,False,True,True,False,False,False,False,False,False,True,lowest_temporal_attack
6,strict_weight4_seed42,strict_frozen_weight4,42,sealed_final_attack,attack,47,chunk88:47,processed/iotsim-ip-camera-street-1.csv,1737236294.925633,1319049,C&C Communication,ip-camera-street,0.0018534874274227574,-0.0017051090173708164,0.9997420969631201,0.2821638882160187,0.24669726192951202,-0.03546662628650665,2.939835892077895e-05,0.9999706016410792,False,False,False,False,False,False,False,False,False,False,True,lowest_temporal_attack
6,strict_weight4_seed42,strict_frozen_weight4,42,sealed_final_attack,attack,46,chunk88:46,processed/iotsim-ip-camera-street-1.csv,1737236279.613271,1312822,C&C Communication,ip-camera-street,0.011287998697487533,0.007729402252693959,0.9997420969631201,0.2664225995540619,0.23184041678905487,-0.03458218276500702,2.939835892077895e-05,0.9999706016410792,True,False,True,True,False,False,False,False,False,False,True,lowest_temporal_attack
6,strict_weight4_seed42,strict_frozen_weight4,42,sealed_final_attack,attack,45,chunk88:45,processed/iotsim-ip-camera-street-1.csv,1737236279.613232,1312821,C&C Communication,ip-camera-street,0.0019275656042027965,-0.0016310308405907772,0.9997420969631201,0.28086110949516296,0.24411746859550476,-0.0367436408996582,2.939835892077895e-05,0.9999706016410792,False,False,False,False,False,False,False,False,False,False,True,lowest_temporal_attack
6,strict_weight4_seed42,strict_frozen_weight4,42,sealed_final_attack,attack,44,chunk88:44,processed/iotsim-ip-camera-street-1.csv,1737236279.607598,1312819,C&C Communication,ip-camera-street,0.011287998697487533,0.007729402252693959,0.9997420969631201,0.2670758068561554,0.24290180206298828,-0.024174004793167114,2.939835892077895e-05,0.9999706016410792,True,False,True,True,False,False,False,False,False,False,True,lowest_temporal_attack
6,strict_weight4_seed42,strict_frozen_weight4,42,sealed_final_attack,attack,43,chunk88:43,processed/iotsim-ip-camera-street-1.csv,1737236265.74183,1306823,C&C Communication,ip-camera-street,0.013659629796956759,0.010101033352163185,0.9997420969631201,0.2998867630958557,0.24544832110404968,-0.05443844199180603,2.939835892077895e-05,0.9999706016410792,True,False,True,True,False,False,False,False,False,False,True,lowest_temporal_attack
6,strict_weight4_seed42,strict_frozen_weight4,42,sealed_final_attack,attack,42,chunk88:42,processed/iotsim-ip-camera-street-1.csv,1737236265.741777,1306822,C&C Communication,ip-camera-street,0.001892314762883664,-0.0016662816819099098,0.9997420969631201,0.2724018692970276,0.2468883991241455,-0.02551347017288208,2.939835892077895e-05,0.9999706016410792,False,False,False,False,False,False,False,False,False,False,True,lowest_temporal_attack
6,strict_weight4_seed42,strict_frozen_weight4,42,sealed_final_attack,attack,41,chunk88:41,processed/iotsim-ip-camera-street-1.csv,1737236250.389971,1300575,C&C Communication,ip-camera-street,0.013659629796956759,0.010101033352163185,0.9997420969631201,0.24835965037345886,0.24490495026111603,-0.0034547001123428345,2.939835892077895e-05,0.9999706016410792,True,False,True,True,False,False,False,False,False,False,True,lowest_temporal_attack
6,strict_weight4_seed42,strict_frozen_weight4,42,sealed_final_attack,attack,40,chunk88:40,processed/iotsim-ip-camera-street-1.csv,1737236250.389924,1300574,C&C Communication,ip-camera-street,0.001892314762883664,-0.0016662816819099098,0.9997420969631201,0.3084501624107361,0.24679894745349884,-0.061651214957237244,2.939835892077895e-05,0.9999706016410792,False,False,False,False,False,False,False,False,False,False,True,lowest_temporal_attack
6,strict_weight4_seed42,strict_frozen_weight4,42,sealed_final_attack,attack,39,chunk88:39,processed/iotsim-ip-camera-street-1.csv,1737236235.030848,1294114,C&C Communication,ip-camera-street,0.013382592896549353,0.009823996451755778,0.9997420969631201,0.25026699900627136,0.24406315386295319,-0.006203845143318176,2.939835892077895e-05,0.9999706016410792,True,False,True,True,False,False,False,False,False,False,True,lowest_temporal_attack
6,strict_weight4_seed42,strict_frozen_weight4,42,sealed_final_attack,attack,70,chunk88:70,processed/iotsim-ip-camera-street-1.csv,1737237165.842818,1477268,C&C Communication,ip-camera-street,0.005970563088225505,0.002411966643431931,0.9996700982497474,0.20745471119880676,1.2671040296554565,1.0596493482589722,2.939835892077895e-05,0.9999706016410792,True,False,True,True,False,False,False,False,False,False,True,lowest_temporal_attack
6,strict_weight4_seed42,strict_frozen_weight4,42,sealed_final_attack,attack,69,chunk88:69,processed/iotsim-ip-camera-street-1.csv,1737236425.157435,1377098,C&C Communication,ip-camera-street,0.10603527313333642,0.10247667668854285,0.9997420969631201,0.23265449702739716,0.22972823679447174,-0.002926260232925415,2.939835892077895e-05,0.9999706016410792,True,False,True,True,False,False,False,False,False,False,True,lowest_temporal_attack
6,strict_weight4_seed42,strict_frozen_weight4,42,sealed_final_attack,attack,68,chunk88:68,processed/iotsim-ip-camera-street-1.csv,1737236425.157396,1377095,C&C Communication,ip-camera-street,0.015978587404836823,0.012419990960043249,0.9997420969631201,0.293777734041214,0.23807761073112488,-0.05570012331008911,2.939835892077895e-05,0.9999706016410792,True,False,True,True,False,False,False,False,False,False,True,lowest_temporal_attack
6,strict_weight4_seed42,strict_frozen_weight4,42,sealed_final_attack,attack,67,chunk88:67,processed/iotsim-ip-camera-street-1.csv,1737236425.141351,1376900,C&C Communication,ip-camera-street,0.10408242562498132,0.10052382918018775,0.9997420969631201,0.31716614961624146,0.2359858751296997,-0.08118027448654175,2.939835892077895e-05,0.9999706016410792,True,False,True,True,False,False,False,False,False,False,True,lowest_temporal_attack
6,strict_weight4_seed42,strict_frozen_weight4,42,sealed_final_attack,attack,66,chunk88:66,processed/iotsim-ip-camera-street-1.csv,1737236415.246479,1372741,C&C Communication,ip-camera-street,0.10408242562498132,0.10052382918018775,0.9997420969631201,0.24291425943374634,0.2442566603422165,0.0013424009084701538,2.939835892077895e-05,0.9999706016410792,True,False,True,True,False,False,False,False,False,False,True,lowest_temporal_attack
6,strict_weight4_seed42,strict_frozen_weight4,42,sealed_final_attack,attack,65,chunk88:65,processed/iotsim-ip-camera-street-1.csv,1737236415.246451,1372740,C&C Communication,ip-camera-street,0.01565526520725948,0.012096668762465904,0.9997420969631201,0.276326060295105,0.24737006425857544,-0.02895599603652954,2.939835892077895e-05,0.9999706016410792,True,False,True,True,False,False,False,False,False,False,True,lowest_temporal_attack
6,strict_weight4_seed42,strict_frozen_weight4,42,sealed_final_attack,attack,64,chunk88:64,processed/iotsim-ip-camera-street-1.csv,1737236399.740011,1365904,C&C Communication,ip-camera-street,0.08907346628013352,0.08551486983533994,0.9997420969631201,0.25474902987480164,0.2320629507303238,-0.022686079144477844,2.939835892077895e-05,0.9999706016410792,True,False,True,True,False,False,False,False,False,False,True,lowest_temporal_attack
6,strict_weight4_seed42,strict_frozen_weight4,42,sealed_final_attack,attack,63,chunk88:63,processed/iotsim-ip-camera-street-1.csv,1737236399.739922,1365903,C&C Communication,ip-camera-street,0.016271965361147615,0.01271336891635404,0.9997420969631201,0.26844680309295654,0.24496042728424072,-0.02348637580871582,2.939835892077895e-05,0.9999706016410792,True,False,True,True,False,False,False,False,False,False,True,lowest_temporal_attack
6,strict_weight4_seed42,strict_frozen_weight4,42,sealed_final_attack,attack,62,chunk88:62,processed/iotsim-ip-camera-street-1.csv,1737236399.731935,1365902,C&C Communication,ip-camera-street,0.08907346628013352,0.08551486983533994,0.9997420969631201,0.25538939237594604,0.2435523122549057,-0.011837080121040344,2.939835892077895e-05,0.9999706016410792,True,False,True,True,False,False,False,False,False,False,True,lowest_temporal_attack
6,strict_weight4_seed42,strict_frozen_weight4,42,sealed_final_attack,attack,61,chunk88:61,processed/iotsim-ip-camera-street-1.csv,1737236385.550833,1359696,C&C Communication,ip-camera-street,0.10603527313333642,0.10247667668854285,0.9997420969631201,0.23046110570430756,0.24552135169506073,0.015060245990753174,2.939835892077895e-05,0.9999706016410792,True,False,True,True,False,False,False,False,False,False,True,lowest_temporal_attack
6,strict_weight4_seed42,strict_frozen_weight4,42,sealed_final_attack,attack,60,chunk88:60,processed/iotsim-ip-camera-street-1.csv,1737236385.550789,1359695,C&C Communication,ip-camera-street,0.015978587404836823,0.012419990960043249,0.9997420969631201,0.2853897511959076,0.2471703141927719,-0.03821943700313568,2.939835892077895e-05,0.9999706016410792,True,False,True,True,False,False,False,False,False,False,True,lowest_temporal_attack
6,strict_weight4_seed42,strict_frozen_weight4,42,sealed_final_attack,attack,59,chunk88:59,processed/iotsim-ip-camera-street-1.csv,1737236370.19391,1352887,C&C Communication,ip-camera-street,0.10603527313333642,0.10247667668854285,0.9997420969631201,0.2637054920196533,0.24495495855808258,-0.01875053346157074,2.939835892077895e-05,0.9999706016410792,True,False,True,True,False,False,False,False,False,False,True,lowest_temporal_attack
6,strict_weight4_seed42,strict_frozen_weight4,42,sealed_final_attack,attack,58,chunk88:58,processed/iotsim-ip-camera-street-1.csv,1737236370.193869,1352886,C&C Communication,ip-camera-street,0.01565526520725948,0.012096668762465904,0.9997420969631201,0.26864391565322876,0.24708348512649536,-0.0215604305267334,2.939835892077895e-05,0.9999706016410792,True,False,True,True,False,False,False,False,False,False,True,lowest_temporal_attack
6,strict_weight4_seed42,strict_frozen_weight4,42,sealed_final_attack,attack,57,chunk88:57,processed/iotsim-ip-camera-street-1.csv,1737236354.830573,1345485,C&C Communication,ip-camera-street,0.10408242562498132,0.10052382918018775,0.9997420969631201,0.31713277101516724,0.2435263991355896,-0.07360637187957764,2.939835892077895e-05,0.9999706016410792,True,False,True,True,False,False,False,False,False,False,True,lowest_temporal_attack
6,strict_weight4_seed42,strict_frozen_weight4,42,sealed_final_attack,attack,56,chunk88:56,processed/iotsim-ip-camera-street-1.csv,1737236354.830507,1345484,C&C Communication,ip-camera-street,0.01565526520725948,0.012096668762465904,0.9997420969631201,0.25786256790161133,0.24654200673103333,-0.011320561170578003,2.939835892077895e-05,0.9999706016410792,True,False,True,True,False,False,False,False,False,False,True,lowest_temporal_attack
6,strict_weight4_seed42,strict_frozen_weight4,42,sealed_final_attack,attack,55,chunk88:55,processed/iotsim-ip-camera-street-1.csv,1737236339.679473,1338025,C&C Communication,ip-camera-street,0.08907346628013352,0.08551486983533994,0.9997420969631201,0.23953354358673096,0.23196212947368622,-0.007571414113044739,2.939835892077895e-05,0.9999706016410792,True,False,True,True,False,False,False,False,False,False,True,lowest_temporal_attack
6,strict_weight4_seed42,strict_frozen_weight4,42,sealed_final_attack,attack,86,chunk88:86,processed/iotsim-ip-camera-street-1.csv,1737237499.613827,1511832,C&C Communication,ip-camera-street,0.019397236272958498,0.015838639828164924,0.9997420969631201,0.133906751871109,0.36241641640663147,0.22850966453552246,2.939835892077895e-05,0.9999706016410792,True,False,True,True,False,False,False,False,False,False,True,lowest_temporal_attack
6,strict_weight4_seed42,strict_frozen_weight4,42,sealed_final_attack,attack,85,chunk88:85,processed/iotsim-ip-camera-street-1.csv,1737237499.608787,1511831,C&C Communication,ip-camera-street,0.04353745521029049,0.039978858765496915,0.9996700982497474,0.18973857164382935,0.622920036315918,0.4331814646720886,2.939835892077895e-05,0.9999706016410792,True,False,True,True,False,False,False,False,False,False,True,lowest_temporal_attack
6,strict_weight4_seed42,strict_frozen_weight4,42,sealed_final_attack,attack,84,chunk88:84,processed/iotsim-ip-camera-street-1.csv,1737237499.608751,1511830,C&C Communication,ip-camera-street,0.019397236272958498,0.015838639828164924,0.9997084629461789,0.13307644426822662,0.4207397401332855,0.2876632809638977,2.939835892077895e-05,0.9999706016410792,True,False,True,True,False,False,False,False,False,False,True,lowest_temporal_attack
6,strict_weight4_seed42,strict_frozen_weight4,42,sealed_final_attack,attack,83,chunk88:83,processed/iotsim-ip-camera-street-1.csv,1737237499.603563,1511829,C&C Communication,ip-camera-street,0.0385909245243499,0.03503232807955633,0.9997081570289645,149.42034912109375,0.7925346493721008,-148.6278076171875,2.939835892077895e-05,0.9999706016410792,True,False,True,True,False,False,False,False,False,False,True,lowest_temporal_attack
6,strict_weight4_seed42,strict_frozen_weight4,42,sealed_final_attack,attack,82,chunk88:82,processed/iotsim-ip-camera-street-1.csv,1737237499.60352,1511828,C&C Communication,ip-camera-street,0.113478968285692,0.10992037184089842,0.9997081570289645,149.7841339111328,1.1242718696594238,-148.6598663330078,2.939835892077895e-05,0.9999706016410792,True,False,True,True,False,False,False,False,False,False,True,lowest_temporal_attack
6,strict_weight4_seed42,strict_frozen_weight4,42,sealed_final_attack,attack,81,chunk88:81,processed/iotsim-ip-camera-street-1.csv,1737237499.603475,1511827,C&C Communication,ip-camera-street,0.06860850806200196,0.06504991161720838,0.9997081570289645,150.15182495117188,0.6376084685325623,-149.51422119140625,2.939835892077895e-05,0.9999706016410792,True,False,True,True,False,False,False,False,False,False,True,lowest_temporal_attack
6,strict_weight4_seed42,strict_frozen_weight4,42,sealed_final_attack,attack,80,chunk88:80,processed/iotsim-ip-camera-street-1.csv,1737237499.586239,1511824,C&C Communication,ip-camera-street,0.2123695310346621,0.20881093458986855,0.9996700982497474,0.1815347820520401,1.0621014833450317,0.8805667161941528,2.939835892077895e-05,0.9999706016410792,True,False,True,True,False,False,False,False,False,False,True,lowest_temporal_attack
6,strict_weight4_seed42,strict_frozen_weight4,42,sealed_final_attack,attack,79,chunk88:79,processed/iotsim-ip-camera-street-1.csv,1737237167.399155,1477598,C&C Communication,ip-camera-street,0.03480106579175425,0.031242469346960677,0.9996700982497474,0.23113800585269928,0.6450604200363159,0.41392242908477783,2.939835892077895e-05,0.9999706016410792,True,False,True,True,False,False,False,False,False,False,True,lowest_temporal_attack
6,strict_weight4_seed42,strict_frozen_weight4,42,sealed_final_attack,attack,78,chunk88:78,processed/iotsim-ip-camera-street-1.csv,1737237167.399094,1477597,C&C Communication,ip-camera-street,0.017458083847302328,0.013899487402508754,0.9997084629461789,0.13834035396575928,0.4181792140007019,0.2798388600349426,2.939835892077895e-05,0.9999706016410792,True,False,True,True,False,False,False,False,False,False,True,lowest_temporal_attack
6,strict_weight4_seed42,strict_frozen_weight4,42,sealed_final_attack,attack,77,chunk88:77,processed/iotsim-ip-camera-street-1.csv,1737237167.391179,1477592,C&C Communication,ip-camera-street,0.03480106579175425,0.031242469346960677,0.9996700982497474,0.21471300721168518,0.6734905242919922,0.458777517080307,2.939835892077895e-05,0.9999706016410792,True,False,True,True,False,False,False,False,False,False,True,lowest_temporal_attack
6,strict_weight4_seed42,strict_frozen_weight4,42,sealed_final_attack,attack,76,chunk88:76,processed/iotsim-ip-camera-street-1.csv,1737237165.869466,1477274,C&C Communication,ip-camera-street,0.002880690871448518,-0.0006779055733450558,0.9996700982497474,0.2177981585264206,0.6043457984924316,0.38654762506484985,2.939835892077895e-05,0.9999706016410792,False,False,False,False,False,False,False,False,False,False,True,lowest_temporal_attack
6,strict_weight4_seed42,strict_frozen_weight4,42,sealed_final_attack,attack,75,chunk88:75,processed/iotsim-ip-camera-street-1.csv,1737237165.864456,1477273,C&C Communication,ip-camera-street,0.006604199436633063,0.003045602991839489,0.9996700982497474,0.20632372796535492,1.2027802467346191,0.996456503868103,2.939835892077895e-05,0.9999706016410792,True,False,True,True,False,False,False,False,False,False,True,lowest_temporal_attack
6,strict_weight4_seed42,strict_frozen_weight4,42,sealed_final_attack,attack,74,chunk88:74,processed/iotsim-ip-camera-street-1.csv,1737237165.864418,1477272,C&C Communication,ip-camera-street,0.002880690871448518,-0.0006779055733450558,0.9996700982497474,0.2172483652830124,0.7453525066375732,0.5281041264533997,2.939835892077895e-05,0.9999706016410792,False,False,False,False,False,False,False,False,False,False,True,lowest_temporal_attack
6,strict_weight4_seed42,strict_frozen_weight4,42,sealed_final_attack,attack,73,chunk88:73,processed/iotsim-ip-camera-street-1.csv,1737237165.859131,1477271,C&C Communication,ip-camera-street,0.0058282900067591105,0.0022696935619655367,0.9996700982497474,0.20670045912265778,1.2060046195983887,0.9993041753768921,2.939835892077895e-05,0.9999706016410792,True,False,True,True,False,False,False,False,False,False,True,lowest_temporal_attack
6,strict_weight4_seed42,strict_frozen_weight4,42,sealed_final_attack,attack,72,chunk88:72,processed/iotsim-ip-camera-street-1.csv,1737237165.859094,1477270,C&C Communication,ip-camera-street,0.0058282900067591105,0.0022696935619655367,0.9996700982497474,0.20709368586540222,1.2167890071868896,1.009695291519165,2.939835892077895e-05,0.9999706016410792,True,False,True,True,False,False,False,False,False,False,True,lowest_temporal_attack
6,strict_weight4_seed42,strict_frozen_weight4,42,sealed_final_attack,attack,71,chunk88:71,processed/iotsim-ip-camera-street-1.csv,1737237165.859039,1477269,C&C Communication,ip-camera-street,0.0054217461274307975,0.0018631496826372238,0.9997420969631201,0.21612001955509186,0.3838709890842438,0.16775096952915192,2.939835892077895e-05,0.9999706016410792,True,False,True,True,False,False,False,False,False,False,True,lowest_temporal_attack
6,strict_weight4_seed42,strict_frozen_weight4,42,sealed_final_attack,attack,110103,chunk99:14999,processed/iotsim-ip-camera-street-1.csv,1737236633.01373,1407903,Telnet Brute Force,ip-camera-street,0.04890629090369431,0.04534769445890074,0.9997420969631201,0.30390340089797974,0.2862786650657654,-0.017624735832214355,2.939835892077895e-05,0.9999706016410792,True,False,True,True,False,False,False,False,False,False,True,highest_temporal_ood_risk
6,strict_weight4_seed42,strict_frozen_weight4,42,sealed_final_attack,attack,7,chunk88:7,processed/iotsim-ip-camera-street-1.csv,1737236039.355664,1225045,C&C Communication,ip-camera-street,0.062237986998942084,0.05867939055414851,0.9997420969631201,0.25986582040786743,0.2329944521188736,-0.026871368288993835,2.939835892077895e-05,0.9999706016410792,True,False,True,True,False,False,False,False,False,False,True,highest_temporal_ood_risk
6,strict_weight4_seed42,strict_frozen_weight4,42,sealed_final_attack,attack,8,chunk88:8,processed/iotsim-ip-camera-street-1.csv,1737236039.36139,1225046,C&C Communication,ip-camera-street,0.030488352241658013,0.02692975579686444,0.9997420969631201,0.21150551736354828,0.2333386391401291,0.02183312177658081,2.939835892077895e-05,0.9999706016410792,True,False,True,True,False,False,False,False,False,False,True,highest_temporal_ood_risk
6,strict_weight4_seed42,strict_frozen_weight4,42,sealed_final_attack,attack,110087,chunk99:14983,processed/iotsim-ip-camera-street-1.csv,1737236632.891813,1407856,Telnet Brute Force,ip-camera-street,0.04890629090369431,0.04534769445890074,0.9997420969631201,0.2660834789276123,0.31545889377593994,0.04937541484832764,2.939835892077895e-05,0.9999706016410792,True,False,True,True,False,False,False,False,False,False,True,highest_temporal_ood_risk
6,strict_weight4_seed42,strict_frozen_weight4,42,sealed_final_attack,attack,110086,chunk99:14982,processed/iotsim-ip-camera-street-1.csv,1737236632.891785,1407855,Telnet Brute Force,ip-camera-street,0.04890629090369431,0.04534769445890074,0.9997420969631201,0.26609793305397034,0.3153189420700073,0.04922100901603699,2.939835892077895e-05,0.9999706016410792,True,False,True,True,False,False,False,False,False,False,True,highest_temporal_ood_risk
6,strict_weight4_seed42,strict_frozen_weight4,42,sealed_final_attack,attack,110085,chunk99:14981,processed/iotsim-ip-camera-street-1.csv,1737236632.885615,1407854,Telnet Brute Force,ip-camera-street,0.04890629090369431,0.04534769445890074,0.9997420969631201,0.3035491704940796,0.28566423058509827,-0.017884939908981323,2.939835892077895e-05,0.9999706016410792,True,False,True,True,False,False,False,False,False,False,True,highest_temporal_ood_risk
6,strict_weight4_seed42,strict_frozen_weight4,42,sealed_final_attack,attack,110084,chunk99:14980,processed/iotsim-ip-camera-street-1.csv,1737236632.885503,1407853,Telnet Brute Force,ip-camera-street,0.04890629090369431,0.04534769445890074,0.9997420969631201,0.3039906620979309,0.2856914699077606,-0.018299192190170288,2.939835892077895e-05,0.9999706016410792,True,False,True,True,False,False,False,False,False,False,True,highest_temporal_ood_risk
6,strict_weight4_seed42,strict_frozen_weight4,42,sealed_final_attack,attack,110083,chunk99:14979,processed/iotsim-ip-camera-street-1.csv,1737236632.885195,1407852,Telnet Brute Force,ip-camera-street,0.04890629090369431,0.04534769445890074,0.9997420969631201,0.304614782333374,0.2857188582420349,-0.01889592409133911,2.939835892077895e-05,0.9999706016410792,True,False,True,True,False,False,False,False,False,False,True,highest_temporal_ood_risk
6,strict_weight4_seed42,strict_frozen_weight4,42,sealed_final_attack,attack,110082,chunk99:14978,processed/iotsim-ip-camera-street-1.csv,1737236632.885118,1407851,Telnet Brute Force,ip-camera-street,0.04890629090369431,0.04534769445890074,0.9997420969631201,0.26895996928215027,0.31538406014442444,0.04642409086227417,2.939835892077895e-05,0.9999706016410792,True,False,True,True,False,False,False,False,False,False,True,highest_temporal_ood_risk
6,strict_weight4_seed42,strict_frozen_weight4,42,sealed_final_attack,attack,110081,chunk99:14977,processed/iotsim-ip-camera-street-1.csv,1737236632.885009,1407850,Telnet Brute Force,ip-camera-street,0.04890629090369431,0.04534769445890074,0.9997420969631201,0.3058508038520813,0.2857482433319092,-0.02010256052017212,2.939835892077895e-05,0.9999706016410792,True,False,True,True,False,False,False,False,False,False,True,highest_temporal_ood_risk
6,strict_weight4_seed42,strict_frozen_weight4,42,sealed_final_attack,attack,110080,chunk99:14976,processed/iotsim-ip-camera-street-1.csv,1737236632.884962,1407849,Telnet Brute Force,ip-camera-street,0.04890629090369431,0.04534769445890074,0.9997420969631201,0.27017930150032043,0.3161400556564331,0.04596075415611267,2.939835892077895e-05,0.9999706016410792,True,False,True,True,False,False,False,False,False,False,True,highest_temporal_ood_risk
6,strict_weight4_seed42,strict_frozen_weight4,42,sealed_final_attack,attack,110079,chunk99:14975,processed/iotsim-ip-camera-street-1.csv,1737236632.882466,1407848,Telnet Brute Force,ip-camera-street,0.04890629090369431,0.04534769445890074,0.9997420969631201,0.30743294954299927,0.28576764464378357,-0.021665304899215698,2.939835892077895e-05,0.9999706016410792,True,False,True,True,False,False,False,False,False,False,True,highest_temporal_ood_risk
6,strict_weight4_seed42,strict_frozen_weight4,42,sealed_final_attack,attack,110078,chunk99:14974,processed/iotsim-ip-camera-street-1.csv,1737236632.882403,1407847,Telnet Brute Force,ip-camera-street,0.04890629090369431,0.04534769445890074,0.9997420969631201,0.30846908688545227,0.285800039768219,-0.022669047117233276,2.939835892077895e-05,0.9999706016410792,True,False,True,True,False,False,False,False,False,False,True,highest_temporal_ood_risk
6,strict_weight4_seed42,strict_frozen_weight4,42,sealed_final_attack,attack,110077,chunk99:14973,processed/iotsim-ip-camera-street-1.csv,1737236632.881187,1407846,Telnet Brute Force,ip-camera-street,0.04890629090369431,0.04534769445890074,0.9997420969631201,0.273235559463501,0.3167545199394226,0.04351896047592163,2.939835892077895e-05,0.9999706016410792,True,False,True,True,False,False,False,False,False,False,True,highest_temporal_ood_risk
6,strict_weight4_seed42,strict_frozen_weight4,42,sealed_final_attack,attack,110076,chunk99:14972,processed/iotsim-ip-camera-street-1.csv,1737236632.881166,1407845,Telnet Brute Force,ip-camera-street,0.04890629090369431,0.04534769445890074,0.9997420969631201,0.27323681116104126,0.3167412579059601,0.04350444674491882,2.939835892077895e-05,0.9999706016410792,True,False,True,True,False,False,False,False,False,False,True,highest_temporal_ood_risk
6,strict_weight4_seed42,strict_frozen_weight4,42,sealed_final_attack,attack,110075,chunk99:14971,processed/iotsim-ip-camera-street-1.csv,1737236632.876033,1407844,Telnet Brute Force,ip-camera-street,0.04890629090369431,0.04534769445890074,0.9997420969631201,0.30976051092147827,0.2858085334300995,-0.023951977491378784,2.939835892077895e-05,0.9999706016410792,True,False,True,True,False,False,False,False,False,False,True,highest_temporal_ood_risk
6,strict_weight4_seed42,strict_frozen_weight4,42,sealed_final_attack,attack,110074,chunk99:14970,processed/iotsim-ip-camera-street-1.csv,1737236632.87582,1407843,Telnet Brute Force,ip-camera-street,0.04890629090369431,0.04534769445890074,0.9997420969631201,0.275085985660553,0.3167380392551422,0.04165205359458923,2.939835892077895e-05,0.9999706016410792,True,False,True,True,False,False,False,False,False,False,True,highest_temporal_ood_risk
6,strict_weight4_seed42,strict_frozen_weight4,42,sealed_final_attack,attack,110073,chunk99:14969,processed/iotsim-ip-camera-street-1.csv,1737236632.875746,1407842,Telnet Brute Force,ip-camera-street,0.04890629090369431,0.04534769445890074,0.9997420969631201,0.3115465044975281,0.2858424782752991,-0.025704026222229004,2.939835892077895e-05,0.9999706016410792,True,False,True,True,False,False,False,False,False,False,True,highest_temporal_ood_risk
6,strict_weight4_seed42,strict_frozen_weight4,42,sealed_final_attack,attack,110072,chunk99:14968,processed/iotsim-ip-camera-street-1.csv,1737236632.875694,1407841,Telnet Brute Force,ip-camera-street,0.04890629090369431,0.04534769445890074,0.9997420969631201,0.2771902084350586,0.31677138805389404,0.03958117961883545,2.939835892077895e-05,0.9999706016410792,True,False,True,True,False,False,False,False,False,False,True,highest_temporal_ood_risk
6,strict_weight4_seed42,strict_frozen_weight4,42,sealed_final_attack,attack,41,chunk88:41,processed/iotsim-ip-camera-street-1.csv,1737236250.389971,1300575,C&C Communication,ip-camera-street,0.013659629796956759,0.010101033352163185,0.9997420969631201,0.24835965037345886,0.24490495026111603,-0.0034547001123428345,2.939835892077895e-05,0.9999706016410792,True,False,True,True,False,False,False,False,False,False,True,highest_temporal_ood_risk
6,strict_weight4_seed42,strict_frozen_weight4,42,sealed_final_attack,attack,40,chunk88:40,processed/iotsim-ip-camera-street-1.csv,1737236250.389924,1300574,C&C Communication,ip-camera-street,0.001892314762883664,-0.0016662816819099098,0.9997420969631201,0.3084501624107361,0.24679894745349884,-0.061651214957237244,2.939835892077895e-05,0.9999706016410792,False,False,False,False,False,False,False,False,False,False,True,highest_temporal_ood_risk
6,strict_weight4_seed42,strict_frozen_weight4,42,sealed_final_attack,attack,39,chunk88:39,processed/iotsim-ip-camera-street-1.csv,1737236235.030848,1294114,C&C Communication,ip-camera-street,0.013382592896549353,0.009823996451755778,0.9997420969631201,0.25026699900627136,0.24406315386295319,-0.006203845143318176,2.939835892077895e-05,0.9999706016410792,True,False,True,True,False,False,False,False,False,False,True,highest_temporal_ood_risk
6,strict_weight4_seed42,strict_frozen_weight4,42,sealed_final_attack,attack,38,chunk88:38,processed/iotsim-ip-camera-street-1.csv,1737236235.030823,1294111,C&C Communication,ip-camera-street,0.0018534874274227574,-0.0017051090173708164,0.9997420969631201,0.30561959743499756,0.24684260785579681,-0.058776989579200745,2.939835892077895e-05,0.9999706016410792,False,False,False,False,False,False,False,False,False,False,True,highest_temporal_ood_risk
6,strict_weight4_seed42,strict_frozen_weight4,42,sealed_final_attack,attack,37,chunk88:37,processed/iotsim-ip-camera-street-1.csv,1737236219.548157,1287489,C&C Communication,ip-camera-street,0.011287998697487533,0.007729402252693959,0.9997420969631201,0.26263323426246643,0.2319170981645584,-0.03071613609790802,2.939835892077895e-05,0.9999706016410792,True,False,True,True,False,False,False,False,False,False,True,highest_temporal_ood_risk
6,strict_weight4_seed42,strict_frozen_weight4,42,sealed_final_attack,attack,36,chunk88:36,processed/iotsim-ip-camera-street-1.csv,1737236219.548118,1287488,C&C Communication,ip-camera-street,0.0019275656042027965,-0.0016310308405907772,0.9997420969631201,0.305759072303772,0.24445994198322296,-0.06129913032054901,2.939835892077895e-05,0.9999706016410792,False,False,False,False,False,False,False,False,False,False,True,highest_temporal_ood_risk
6,strict_weight4_seed42,strict_frozen_weight4,42,sealed_final_attack,attack,35,chunk88:35,processed/iotsim-ip-camera-street-1.csv,1737236219.542599,1287487,C&C Communication,ip-camera-street,0.011287998697487533,0.007729402252693959,0.9997420969631201,0.2638245224952698,0.24341753125190735,-0.020406991243362427,2.939835892077895e-05,0.9999706016410792,True,False,True,True,False,False,False,False,False,False,True,highest_temporal_ood_risk
6,strict_weight4_seed42,strict_frozen_weight4,42,sealed_final_attack,attack,34,chunk88:34,processed/iotsim-ip-camera-street-1.csv,1737236205.333071,1282748,C&C Communication,ip-camera-street,0.011287998697487533,0.007729402252693959,0.9997420969631201,0.2530723512172699,0.24532997608184814,-0.007742375135421753,2.939835892077895e-05,0.9999706016410792,True,False,True,True,False,False,False,False,False,False,True,highest_temporal_ood_risk
6,strict_weight4_seed42,strict_frozen_weight4,42,sealed_final_attack,attack,33,chunk88:33,processed/iotsim-ip-camera-street-1.csv,1737236205.333041,1282747,C&C Communication,ip-camera-street,0.0018534874274227574,-0.0017051090173708164,0.9997420969631201,0.3329817056655884,0.24657517671585083,-0.08640652894973755,2.939835892077895e-05,0.9999706016410792,False,False,False,False,False,False,False,False,False,False,True,highest_temporal_ood_risk
6,strict_weight4_seed42,strict_frozen_weight4,42,sealed_final_attack,attack,32,chunk88:32,processed/iotsim-ip-camera-street-1.csv,1737236189.964955,1276594,C&C Communication,ip-camera-street,0.013659629796956759,0.010101033352163185,0.9997420969631201,0.3009294271469116,0.24470138549804688,-0.056228041648864746,2.939835892077895e-05,0.9999706016410792,True,False,True,True,False,False,False,False,False,False,True,highest_temporal_ood_risk
6,strict_weight4_seed42,strict_frozen_weight4,42,sealed_final_attack,attack,31,chunk88:31,processed/iotsim-ip-camera-street-1.csv,1737236189.964914,1276593,C&C Communication,ip-camera-street,0.0018534874274227574,-0.0017051090173708164,0.9997420969631201,0.28849226236343384,0.24637292325496674,-0.0421193391084671,2.939835892077895e-05,0.9999706016410792,False,False,False,False,False,False,False,False,False,False,True,highest_temporal_ood_risk
6,strict_weight4_seed42,strict_frozen_weight4,42,sealed_final_attack,attack,30,chunk88:30,processed/iotsim-ip-camera-street-1.csv,1737236174.607697,1270732,C&C Communication,ip-camera-street,0.013382592896549353,0.009823996451755778,0.9997420969631201,0.2626663148403168,0.2432100623846054,-0.019456252455711365,2.939835892077895e-05,0.9999706016410792,True,False,True,True,False,False,False,False,False,False,True,highest_temporal_ood_risk
6,strict_weight4_seed42,strict_frozen_weight4,42,sealed_final_attack,attack,29,chunk88:29,processed/iotsim-ip-camera-street-1.csv,1737236174.607647,1270731,C&C Communication,ip-camera-street,0.0018534874274227574,-0.0017051090173708164,0.9997420969631201,0.3229503333568573,0.2457040250301361,-0.07724630832672119,2.939835892077895e-05,0.9999706016410792,False,False,False,False,False,False,False,False,False,False,True,highest_temporal_ood_risk
6,strict_weight4_seed42,strict_frozen_weight4,42,sealed_final_attack,attack,28,chunk88:28,processed/iotsim-ip-camera-street-1.csv,1737236159.483511,1265153,C&C Communication,ip-camera-street,0.011287998697487533,0.007729402252693959,0.9997420969631201,0.3122946619987488,0.23167136311531067,-0.08062329888343811,2.939835892077895e-05,0.9999706016410792,True,False,True,True,False,False,False,False,False,False,True,highest_temporal_ood_risk
6,strict_weight4_seed42,strict_frozen_weight4,42,sealed_final_attack,attack,27,chunk88:27,processed/iotsim-ip-camera-street-1.csv,1737236159.483469,1265152,C&C Communication,ip-camera-street,0.0019275656042027965,-0.0016310308405907772,0.9997420969631201,0.302896112203598,0.24371851980686188,-0.059177592396736145,2.939835892077895e-05,0.9999706016410792,False,False,False,False,False,False,False,False,False,False,True,highest_temporal_ood_risk
6,strict_weight4_seed42,strict_frozen_weight4,42,sealed_final_attack,attack,26,chunk88:26,processed/iotsim-ip-camera-street-1.csv,1737236159.477618,1265151,C&C Communication,ip-camera-street,0.011287998697487533,0.007729402252693959,0.9997420969631201,0.31362348794937134,0.2429409772157669,-0.07068251073360443,2.939835892077895e-05,0.9999706016410792,True,False,True,True,False,False,False,False,False,False,True,highest_temporal_ood_risk
6,strict_weight4_seed42,strict_frozen_weight4,42,sealed_final_attack,attack,57,chunk88:57,processed/iotsim-ip-camera-street-1.csv,1737236354.830573,1345485,C&C Communication,ip-camera-street,0.10408242562498132,0.10052382918018775,0.9997420969631201,0.31713277101516724,0.2435263991355896,-0.07360637187957764,2.939835892077895e-05,0.9999706016410792,True,False,True,True,False,False,False,False,False,False,True,highest_temporal_ood_risk
6,strict_weight4_seed42,strict_frozen_weight4,42,sealed_final_attack,attack,56,chunk88:56,processed/iotsim-ip-camera-street-1.csv,1737236354.830507,1345484,C&C Communication,ip-camera-street,0.01565526520725948,0.012096668762465904,0.9997420969631201,0.25786256790161133,0.24654200673103333,-0.011320561170578003,2.939835892077895e-05,0.9999706016410792,True,False,True,True,False,False,False,False,False,False,True,highest_temporal_ood_risk
6,strict_weight4_seed42,strict_frozen_weight4,42,sealed_final_attack,attack,55,chunk88:55,processed/iotsim-ip-camera-street-1.csv,1737236339.679473,1338025,C&C Communication,ip-camera-street,0.08907346628013352,0.08551486983533994,0.9997420969631201,0.23953354358673096,0.23196212947368622,-0.007571414113044739,2.939835892077895e-05,0.9999706016410792,True,False,True,True,False,False,False,False,False,False,True,highest_temporal_ood_risk
6,strict_weight4_seed42,strict_frozen_weight4,42,sealed_final_attack,attack,54,chunk88:54,processed/iotsim-ip-camera-street-1.csv,1737236339.679429,1338024,C&C Communication,ip-camera-street,0.016271965361147615,0.01271336891635404,0.9997420969631201,0.31383591890335083,0.24457097053527832,-0.06926494836807251,2.939835892077895e-05,0.9999706016410792,True,False,True,True,False,False,False,False,False,False,True,highest_temporal_ood_risk
6,strict_weight4_seed42,strict_frozen_weight4,42,sealed_final_attack,attack,53,chunk88:53,processed/iotsim-ip-camera-street-1.csv,1737236339.67261,1338023,C&C Communication,ip-camera-street,0.08907346628013352,0.08551486983533994,0.9997420969631201,0.23921313881874084,0.24323968589305878,0.004026547074317932,2.939835892077895e-05,0.9999706016410792,True,False,True,True,False,False,False,False,False,False,True,highest_temporal_ood_risk
6,strict_weight4_seed42,strict_frozen_weight4,42,sealed_final_attack,attack,52,chunk88:52,processed/iotsim-ip-camera-street-1.csv,1737236325.646732,1333155,C&C Communication,ip-camera-street,0.013659629796956759,0.010101033352163185,0.9997420969631201,0.22574082016944885,0.24549013376235962,0.019749313592910767,2.939835892077895e-05,0.9999706016410792,True,False,True,True,False,False,False,False,False,False,True,highest_temporal_ood_risk
6,strict_weight4_seed42,strict_frozen_weight4,42,sealed_final_attack,attack,51,chunk88:51,processed/iotsim-ip-camera-street-1.csv,1737236325.646689,1333154,C&C Communication,ip-camera-street,0.001892314762883664,-0.0016662816819099098,0.9997420969631201,0.3052062392234802,0.24705617129802704,-0.058150067925453186,2.939835892077895e-05,0.9999706016410792,False,False,False,False,False,False,False,False,False,False,True,highest_temporal_ood_risk
6,strict_weight4_seed42,strict_frozen_weight4,42,sealed_final_attack,attack,50,chunk88:50,processed/iotsim-ip-camera-street-1.csv,1737236310.29454,1325523,C&C Communication,ip-camera-street,0.013659629796956759,0.010101033352163185,0.9997420969631201,0.32087329030036926,0.2449498325586319,-0.07592345774173737,2.939835892077895e-05,0.9999706016410792,True,False,True,True,False,False,False,False,False,False,True,highest_temporal_ood_risk
6,strict_weight4_seed42,strict_frozen_weight4,42,sealed_final_attack,attack,49,chunk88:49,processed/iotsim-ip-camera-street-1.csv,1737236310.2945,1325522,C&C Communication,ip-camera-street,0.0018534874274227574,-0.0017051090173708164,0.9997420969631201,0.26422110199928284,0.24698425829410553,-0.017236843705177307,2.939835892077895e-05,0.9999706016410792,False,False,False,False,False,False,False,False,False,False,True,highest_temporal_ood_risk
6,strict_weight4_seed42,strict_frozen_weight4,42,sealed_final_attack,attack,48,chunk88:48,processed/iotsim-ip-camera-street-1.csv,1737236294.925676,1319050,C&C Communication,ip-camera-street,0.013382592896549353,0.009823996451755778,0.9997420969631201,0.25733649730682373,0.2437831312417984,-0.01355336606502533,2.939835892077895e-05,0.9999706016410792,True,False,True,True,False,False,False,False,False,False,True,highest_temporal_ood_risk
6,strict_weight4_seed42,strict_frozen_weight4,42,sealed_final_attack,attack,47,chunk88:47,processed/iotsim-ip-camera-street-1.csv,1737236294.925633,1319049,C&C Communication,ip-camera-street,0.0018534874274227574,-0.0017051090173708164,0.9997420969631201,0.2821638882160187,0.24669726192951202,-0.03546662628650665,2.939835892077895e-05,0.9999706016410792,False,False,False,False,False,False,False,False,False,False,True,highest_temporal_ood_risk
6,strict_weight4_seed42,strict_frozen_weight4,42,sealed_final_attack,attack,46,chunk88:46,processed/iotsim-ip-camera-street-1.csv,1737236279.613271,1312822,C&C Communication,ip-camera-street,0.011287998697487533,0.007729402252693959,0.9997420969631201,0.2664225995540619,0.23184041678905487,-0.03458218276500702,2.939835892077895e-05,0.9999706016410792,True,False,True,True,False,False,False,False,False,False,True,highest_temporal_ood_risk
6,strict_weight4_seed42,strict_frozen_weight4,42,sealed_final_attack,attack,45,chunk88:45,processed/iotsim-ip-camera-street-1.csv,1737236279.613232,1312821,C&C Communication,ip-camera-street,0.0019275656042027965,-0.0016310308405907772,0.9997420969631201,0.28086110949516296,0.24411746859550476,-0.0367436408996582,2.939835892077895e-05,0.9999706016410792,False,False,False,False,False,False,False,False,False,False,True,highest_temporal_ood_risk
6,strict_weight4_seed42,strict_frozen_weight4,42,sealed_final_attack,attack,44,chunk88:44,processed/iotsim-ip-camera-street-1.csv,1737236279.607598,1312819,C&C Communication,ip-camera-street,0.011287998697487533,0.007729402252693959,0.9997420969631201,0.2670758068561554,0.24290180206298828,-0.024174004793167114,2.939835892077895e-05,0.9999706016410792,True,False,True,True,False,False,False,False,False,False,True,highest_temporal_ood_risk
6,strict_weight4_seed42,strict_frozen_weight4,42,sealed_final_attack,attack,43,chunk88:43,processed/iotsim-ip-camera-street-1.csv,1737236265.74183,1306823,C&C Communication,ip-camera-street,0.013659629796956759,0.010101033352163185,0.9997420969631201,0.2998867630958557,0.24544832110404968,-0.05443844199180603,2.939835892077895e-05,0.9999706016410792,True,False,True,True,False,False,False,False,False,False,True,highest_temporal_ood_risk
6,strict_weight4_seed42,strict_frozen_weight4,42,sealed_final_attack,attack,42,chunk88:42,processed/iotsim-ip-camera-street-1.csv,1737236265.741777,1306822,C&C Communication,ip-camera-street,0.001892314762883664,-0.0016662816819099098,0.9997420969631201,0.2724018692970276,0.2468883991241455,-0.02551347017288208,2.939835892077895e-05,0.9999706016410792,False,False,False,False,False,False,False,False,False,False,True,highest_temporal_ood_risk
6,strict_weight4_seed42,strict_frozen_weight4,42,sealed_final_attack,attack,73,chunk88:73,processed/iotsim-ip-camera-street-1.csv,1737237165.859131,1477271,C&C Communication,ip-camera-street,0.0058282900067591105,0.0022696935619655367,0.9996700982497474,0.20670045912265778,1.2060046195983887,0.9993041753768921,2.939835892077895e-05,0.9999706016410792,True,False,True,True,False,False,False,False,False,False,True,highest_temporal_ood_risk
6,strict_weight4_seed42,strict_frozen_weight4,42,sealed_final_attack,attack,72,chunk88:72,processed/iotsim-ip-camera-street-1.csv,1737237165.859094,1477270,C&C Communication,ip-camera-street,0.0058282900067591105,0.0022696935619655367,0.9996700982497474,0.20709368586540222,1.2167890071868896,1.009695291519165,2.939835892077895e-05,0.9999706016410792,True,False,True,True,False,False,False,False,False,False,True,highest_temporal_ood_risk
6,strict_weight4_seed42,strict_frozen_weight4,42,sealed_final_attack,attack,71,chunk88:71,processed/iotsim-ip-camera-street-1.csv,1737237165.859039,1477269,C&C Communication,ip-camera-street,0.0054217461274307975,0.0018631496826372238,0.9997420969631201,0.21612001955509186,0.3838709890842438,0.16775096952915192,2.939835892077895e-05,0.9999706016410792,True,False,True,True,False,False,False,False,False,False,True,highest_temporal_ood_risk
6,strict_weight4_seed42,strict_frozen_weight4,42,sealed_final_attack,attack,70,chunk88:70,processed/iotsim-ip-camera-street-1.csv,1737237165.842818,1477268,C&C Communication,ip-camera-street,0.005970563088225505,0.002411966643431931,0.9996700982497474,0.20745471119880676,1.2671040296554565,1.0596493482589722,2.939835892077895e-05,0.9999706016410792,True,False,True,True,False,False,False,False,False,False,True,highest_temporal_ood_risk
6,strict_weight4_seed42,strict_frozen_weight4,42,sealed_final_attack,attack,69,chunk88:69,processed/iotsim-ip-camera-street-1.csv,1737236425.157435,1377098,C&C Communication,ip-camera-street,0.10603527313333642,0.10247667668854285,0.9997420969631201,0.23265449702739716,0.22972823679447174,-0.002926260232925415,2.939835892077895e-05,0.9999706016410792,True,False,True,True,False,False,False,False,False,False,True,highest_temporal_ood_risk
6,strict_weight4_seed42,strict_frozen_weight4,42,sealed_final_attack,attack,68,chunk88:68,processed/iotsim-ip-camera-street-1.csv,1737236425.157396,1377095,C&C Communication,ip-camera-street,0.015978587404836823,0.012419990960043249,0.9997420969631201,0.293777734041214,0.23807761073112488,-0.05570012331008911,2.939835892077895e-05,0.9999706016410792,True,False,True,True,False,False,False,False,False,False,True,highest_temporal_ood_risk
6,strict_weight4_seed42,strict_frozen_weight4,42,sealed_final_attack,attack,67,chunk88:67,processed/iotsim-ip-camera-street-1.csv,1737236425.141351,1376900,C&C Communication,ip-camera-street,0.10408242562498132,0.10052382918018775,0.9997420969631201,0.31716614961624146,0.2359858751296997,-0.08118027448654175,2.939835892077895e-05,0.9999706016410792,True,False,True,True,False,False,False,False,False,False,True,highest_temporal_ood_risk
6,strict_weight4_seed42,strict_frozen_weight4,42,sealed_final_attack,attack,66,chunk88:66,processed/iotsim-ip-camera-street-1.csv,1737236415.246479,1372741,C&C Communication,ip-camera-street,0.10408242562498132,0.10052382918018775,0.9997420969631201,0.24291425943374634,0.2442566603422165,0.0013424009084701538,2.939835892077895e-05,0.9999706016410792,True,False,True,True,False,False,False,False,False,False,True,highest_temporal_ood_risk
6,strict_weight4_seed42,strict_frozen_weight4,42,sealed_final_attack,attack,65,chunk88:65,processed/iotsim-ip-camera-street-1.csv,1737236415.246451,1372740,C&C Communication,ip-camera-street,0.01565526520725948,0.012096668762465904,0.9997420969631201,0.276326060295105,0.24737006425857544,-0.02895599603652954,2.939835892077895e-05,0.9999706016410792,True,False,True,True,False,False,False,False,False,False,True,highest_temporal_ood_risk
6,strict_weight4_seed42,strict_frozen_weight4,42,sealed_final_attack,attack,64,chunk88:64,processed/iotsim-ip-camera-street-1.csv,1737236399.740011,1365904,C&C Communication,ip-camera-street,0.08907346628013352,0.08551486983533994,0.9997420969631201,0.25474902987480164,0.2320629507303238,-0.022686079144477844,2.939835892077895e-05,0.9999706016410792,True,False,True,True,False,False,False,False,False,False,True,highest_temporal_ood_risk
6,strict_weight4_seed42,strict_frozen_weight4,42,sealed_final_attack,attack,63,chunk88:63,processed/iotsim-ip-camera-street-1.csv,1737236399.739922,1365903,C&C Communication,ip-camera-street,0.016271965361147615,0.01271336891635404,0.9997420969631201,0.26844680309295654,0.24496042728424072,-0.02348637580871582,2.939835892077895e-05,0.9999706016410792,True,False,True,True,False,False,False,False,False,False,True,highest_temporal_ood_risk
6,strict_weight4_seed42,strict_frozen_weight4,42,sealed_final_attack,attack,62,chunk88:62,processed/iotsim-ip-camera-street-1.csv,1737236399.731935,1365902,C&C Communication,ip-camera-street,0.08907346628013352,0.08551486983533994,0.9997420969631201,0.25538939237594604,0.2435523122549057,-0.011837080121040344,2.939835892077895e-05,0.9999706016410792,True,False,True,True,False,False,False,False,False,False,True,highest_temporal_ood_risk
6,strict_weight4_seed42,strict_frozen_weight4,42,sealed_final_attack,attack,61,chunk88:61,processed/iotsim-ip-camera-street-1.csv,1737236385.550833,1359696,C&C Communication,ip-camera-street,0.10603527313333642,0.10247667668854285,0.9997420969631201,0.23046110570430756,0.24552135169506073,0.015060245990753174,2.939835892077895e-05,0.9999706016410792,True,False,True,True,False,False,False,False,False,False,True,highest_temporal_ood_risk
6,strict_weight4_seed42,strict_frozen_weight4,42,sealed_final_attack,attack,60,chunk88:60,processed/iotsim-ip-camera-street-1.csv,1737236385.550789,1359695,C&C Communication,ip-camera-street,0.015978587404836823,0.012419990960043249,0.9997420969631201,0.2853897511959076,0.2471703141927719,-0.03821943700313568,2.939835892077895e-05,0.9999706016410792,True,False,True,True,False,False,False,False,False,False,True,highest_temporal_ood_risk
6,strict_weight4_seed42,strict_frozen_weight4,42,sealed_final_attack,attack,59,chunk88:59,processed/iotsim-ip-camera-street-1.csv,1737236370.19391,1352887,C&C Communication,ip-camera-street,0.10603527313333642,0.10247667668854285,0.9997420969631201,0.2637054920196533,0.24495495855808258,-0.01875053346157074,2.939835892077895e-05,0.9999706016410792,True,False,True,True,False,False,False,False,False,False,True,highest_temporal_ood_risk
6,strict_weight4_seed42,strict_frozen_weight4,42,sealed_final_attack,attack,58,chunk88:58,processed/iotsim-ip-camera-street-1.csv,1737236370.193869,1352886,C&C Communication,ip-camera-street,0.01565526520725948,0.012096668762465904,0.9997420969631201,0.26864391565322876,0.24708348512649536,-0.0215604305267334,2.939835892077895e-05,0.9999706016410792,True,False,True,True,False,False,False,False,False,False,True,highest_temporal_ood_risk
6,strict_weight4_seed42,strict_frozen_weight4,42,sealed_final_attack,attack,89,chunk88:89,processed/iotsim-ip-camera-street-1.csv,1737237499.877536,1511872,C&C Communication,ip-camera-street,0.04353745521029049,0.039978858765496915,0.9997084629461789,0.15162554383277893,0.4221022129058838,0.27047666907310486,2.939835892077895e-05,0.9999706016410792,True,False,True,True,False,False,False,False,False,False,True,highest_temporal_ood_risk
6,strict_weight4_seed42,strict_frozen_weight4,42,sealed_final_attack,attack,88,chunk88:88,processed/iotsim-ip-camera-street-1.csv,1737237499.877491,1511871,C&C Communication,ip-camera-street,0.019397236272958498,0.015838639828164924,0.9997084629461789,0.06247267872095108,0.3328569233417511,0.2703842520713806,2.939835892077895e-05,0.9999706016410792,True,False,True,True,False,False,False,False,False,False,True,highest_temporal_ood_risk
6,strict_weight4_seed42,strict_frozen_weight4,42,sealed_final_attack,attack,87,chunk88:87,processed/iotsim-ip-camera-street-1.csv,1737237499.872133,1511870,C&C Communication,ip-camera-street,0.0385909245243499,0.03503232807955633,0.9996700982497474,0.12753555178642273,0.49361416697502136,0.36607861518859863,2.939835892077895e-05,0.9999706016410792,True,False,True,True,False,False,False,False,False,False,True,highest_temporal_ood_risk
6,strict_weight4_seed42,strict_frozen_weight4,42,sealed_final_attack,attack,86,chunk88:86,processed/iotsim-ip-camera-street-1.csv,1737237499.613827,1511832,C&C Communication,ip-camera-street,0.019397236272958498,0.015838639828164924,0.9997420969631201,0.133906751871109,0.36241641640663147,0.22850966453552246,2.939835892077895e-05,0.9999706016410792,True,False,True,True,False,False,False,False,False,False,True,highest_temporal_ood_risk
6,strict_weight4_seed42,strict_frozen_weight4,42,sealed_final_attack,attack,85,chunk88:85,processed/iotsim-ip-camera-street-1.csv,1737237499.608787,1511831,C&C Communication,ip-camera-street,0.04353745521029049,0.039978858765496915,0.9996700982497474,0.18973857164382935,0.622920036315918,0.4331814646720886,2.939835892077895e-05,0.9999706016410792,True,False,True,True,False,False,False,False,False,False,True,highest_temporal_ood_risk
6,strict_weight4_seed42,strict_frozen_weight4,42,sealed_final_attack,attack,84,chunk88:84,processed/iotsim-ip-camera-street-1.csv,1737237499.608751,1511830,C&C Communication,ip-camera-street,0.019397236272958498,0.015838639828164924,0.9997084629461789,0.13307644426822662,0.4207397401332855,0.2876632809638977,2.939835892077895e-05,0.9999706016410792,True,False,True,True,False,False,False,False,False,False,True,highest_temporal_ood_risk
6,strict_weight4_seed42,strict_frozen_weight4,42,sealed_final_attack,attack,83,chunk88:83,processed/iotsim-ip-camera-street-1.csv,1737237499.603563,1511829,C&C Communication,ip-camera-street,0.0385909245243499,0.03503232807955633,0.9997081570289645,149.42034912109375,0.7925346493721008,-148.6278076171875,2.939835892077895e-05,0.9999706016410792,True,False,True,True,False,False,False,False,False,False,True,highest_temporal_ood_risk
6,strict_weight4_seed42,strict_frozen_weight4,42,sealed_final_attack,attack,82,chunk88:82,processed/iotsim-ip-camera-street-1.csv,1737237499.60352,1511828,C&C Communication,ip-camera-street,0.113478968285692,0.10992037184089842,0.9997081570289645,149.7841339111328,1.1242718696594238,-148.6598663330078,2.939835892077895e-05,0.9999706016410792,True,False,True,True,False,False,False,False,False,False,True,highest_temporal_ood_risk
6,strict_weight4_seed42,strict_frozen_weight4,42,sealed_final_attack,attack,81,chunk88:81,processed/iotsim-ip-camera-street-1.csv,1737237499.603475,1511827,C&C Communication,ip-camera-street,0.06860850806200196,0.06504991161720838,0.9997081570289645,150.15182495117188,0.6376084685325623,-149.51422119140625,2.939835892077895e-05,0.9999706016410792,True,False,True,True,False,False,False,False,False,False,True,highest_temporal_ood_risk
6,strict_weight4_seed42,strict_frozen_weight4,42,sealed_final_attack,attack,80,chunk88:80,processed/iotsim-ip-camera-street-1.csv,1737237499.586239,1511824,C&C Communication,ip-camera-street,0.2123695310346621,0.20881093458986855,0.9996700982497474,0.1815347820520401,1.0621014833450317,0.8805667161941528,2.939835892077895e-05,0.9999706016410792,True,False,True,True,False,False,False,False,False,False,True,highest_temporal_ood_risk
6,strict_weight4_seed42,strict_frozen_weight4,42,sealed_final_attack,attack,79,chunk88:79,processed/iotsim-ip-camera-street-1.csv,1737237167.399155,1477598,C&C Communication,ip-camera-street,0.03480106579175425,0.031242469346960677,0.9996700982497474,0.23113800585269928,0.6450604200363159,0.41392242908477783,2.939835892077895e-05,0.9999706016410792,True,False,True,True,False,False,False,False,False,False,True,highest_temporal_ood_risk
6,strict_weight4_seed42,strict_frozen_weight4,42,sealed_final_attack,attack,78,chunk88:78,processed/iotsim-ip-camera-street-1.csv,1737237167.399094,1477597,C&C Communication,ip-camera-street,0.017458083847302328,0.013899487402508754,0.9997084629461789,0.13834035396575928,0.4181792140007019,0.2798388600349426,2.939835892077895e-05,0.9999706016410792,True,False,True,True,False,False,False,False,False,False,True,highest_temporal_ood_risk
6,strict_weight4_seed42,strict_frozen_weight4,42,sealed_final_attack,attack,77,chunk88:77,processed/iotsim-ip-camera-street-1.csv,1737237167.391179,1477592,C&C Communication,ip-camera-street,0.03480106579175425,0.031242469346960677,0.9996700982497474,0.21471300721168518,0.6734905242919922,0.458777517080307,2.939835892077895e-05,0.9999706016410792,True,False,True,True,False,False,False,False,False,False,True,highest_temporal_ood_risk
6,strict_weight4_seed42,strict_frozen_weight4,42,sealed_final_attack,attack,81,chunk88:81,processed/iotsim-ip-camera-street-1.csv,1737237499.603475,1511827,C&C Communication,ip-camera-street,0.06860850806200196,0.06504991161720838,0.9997081570289645,150.15182495117188,0.6376084685325623,-149.51422119140625,2.939835892077895e-05,0.9999706016410792,True,False,True,True,False,False,False,False,False,False,True,farthest_attack_region
6,strict_weight4_seed42,strict_frozen_weight4,42,sealed_final_attack,attack,82,chunk88:82,processed/iotsim-ip-camera-street-1.csv,1737237499.60352,1511828,C&C Communication,ip-camera-street,0.113478968285692,0.10992037184089842,0.9997081570289645,149.7841339111328,1.1242718696594238,-148.6598663330078,2.939835892077895e-05,0.9999706016410792,True,False,True,True,False,False,False,False,False,False,True,farthest_attack_region
6,strict_weight4_seed42,strict_frozen_weight4,42,sealed_final_attack,attack,83,chunk88:83,processed/iotsim-ip-camera-street-1.csv,1737237499.603563,1511829,C&C Communication,ip-camera-street,0.0385909245243499,0.03503232807955633,0.9997081570289645,149.42034912109375,0.7925346493721008,-148.6278076171875,2.939835892077895e-05,0.9999706016410792,True,False,True,True,False,False,False,False,False,False,True,farthest_attack_region
6,strict_weight4_seed42,strict_frozen_weight4,42,sealed_final_attack,attack,80073,chunk97:43,processed/iotsim-ip-camera-street-1.csv,1737236296.436329,1319759,Reporting,ip-camera-street,0.0012100842970734263,-0.0023485121477201474,0.9997420969631201,77.28084564208984,0.2753342092037201,-77.00550842285156,2.939835892077895e-05,0.9999706016410792,False,False,False,False,False,False,False,False,False,False,True,farthest_attack_region
6,strict_weight4_seed42,strict_frozen_weight4,42,sealed_final_attack,attack,80074,chunk97:44,processed/iotsim-ip-camera-street-1.csv,1737236296.436372,1319760,Reporting,ip-camera-street,0.00696602445359631,0.0034074280088027364,0.9997420969631201,77.13395690917969,0.2385541945695877,-76.89540100097656,2.939835892077895e-05,0.9999706016410792,True,False,True,True,False,False,False,False,False,False,True,farthest_attack_region
6,strict_weight4_seed42,strict_frozen_weight4,42,sealed_final_attack,attack,80075,chunk97:45,processed/iotsim-ip-camera-street-1.csv,1737236296.436394,1319761,Reporting,ip-camera-street,0.00696602445359631,0.0034074280088027364,0.9997420969631201,76.98806762695312,0.23124569654464722,-76.75682067871094,2.939835892077895e-05,0.9999706016410792,True,False,True,True,False,False,False,False,False,False,True,farthest_attack_region
6,strict_weight4_seed42,strict_frozen_weight4,42,sealed_final_attack,attack,80076,chunk97:46,processed/iotsim-ip-camera-street-1.csv,1737236296.436494,1319762,Reporting,ip-camera-street,0.005240590438385314,0.0016819939935917403,0.9997420969631201,76.84468841552734,0.22808289527893066,-76.61660766601562,2.939835892077895e-05,0.9999706016410792,True,False,True,True,False,False,False,False,False,False,True,farthest_attack_region
6,strict_weight4_seed42,strict_frozen_weight4,42,sealed_final_attack,attack,90191,chunk98:10087,processed/iotsim-ip-camera-street-1.csv,1737236082.597133,1238988,TCP Scan,ip-camera-street,0.005149329426584278,0.001590732981790704,0.9997420969631201,49.626670837402344,0.2745801508426666,-49.352088928222656,2.939835892077895e-05,0.9999706016410792,True,False,True,True,False,False,False,False,False,False,True,farthest_attack_region
6,strict_weight4_seed42,strict_frozen_weight4,42,sealed_final_attack,attack,90192,chunk98:10088,processed/iotsim-ip-camera-street-1.csv,1737236082.597179,1238989,TCP Scan,ip-camera-street,0.06715433142398912,0.06359573497919555,0.9997420969631201,49.515079498291016,0.2279788702726364,-49.28710174560547,2.939835892077895e-05,0.9999706016410792,True,False,True,True,False,False,False,False,False,False,True,farthest_attack_region
6,strict_weight4_seed42,strict_frozen_weight4,42,sealed_final_attack,attack,93690,chunk98:13586,processed/iotsim-ip-camera-street-1.csv,1737236099.903452,1244655,TCP Scan,ip-camera-street,0.0021724898819332206,-0.0013861065628603532,0.9997420969631201,10.640719413757324,0.29194197058677673,-10.348777770996094,2.939835892077895e-05,0.9999706016410792,False,False,False,False,False,False,False,False,False,False,True,farthest_attack_region
6,strict_weight4_seed42,strict_frozen_weight4,42,sealed_final_attack,attack,87383,chunk98:7279,processed/iotsim-ip-camera-street-1.csv,1737236067.618389,1234264,TCP Scan,ip-camera-street,0.008466125680558744,0.00490752923576517,0.9997420969631201,9.978055953979492,0.2943890392780304,-9.683667182922363,2.939835892077895e-05,0.9999706016410792,True,False,True,True,False,False,False,False,False,False,True,farthest_attack_region
6,strict_weight4_seed42,strict_frozen_weight4,42,sealed_final_attack,attack,88480,chunk98:8376,processed/iotsim-ip-camera-street-1.csv,1737236073.712734,1236059,TCP Scan,ip-camera-street,0.005430483339401499,0.0018718868946079252,0.9997420969631201,1.6051814556121826,0.25167205929756165,-1.3535094261169434,2.939835892077895e-05,0.9999706016410792,True,False,True,True,False,False,False,False,False,False,True,farthest_attack_region
6,strict_weight4_seed42,strict_frozen_weight4,42,sealed_final_attack,attack,12,chunk88:12,processed/iotsim-ip-camera-street-1.csv,1737236054.797974,1230506,C&C Communication,ip-camera-street,0.009122406104430705,0.005563809659637131,0.9997420969631201,0.7921360731124878,0.24145950376987457,-0.5506765842437744,2.939835892077895e-05,0.9999706016410792,True,False,True,True,False,False,False,False,False,False,True,farthest_attack_region
6,strict_weight4_seed42,strict_frozen_weight4,42,sealed_final_attack,attack,11,chunk88:11,processed/iotsim-ip-camera-street-1.csv,1737236054.797935,1230505,C&C Communication,ip-camera-street,0.0036582333344542285,9.963688966065478e-05,0.9997420969631201,0.775546669960022,0.24188518524169922,-0.5336614847183228,2.939835892077895e-05,0.9999706016410792,True,False,True,True,False,False,False,False,False,False,True,farthest_attack_region
6,strict_weight4_seed42,strict_frozen_weight4,42,sealed_final_attack,attack,62064,chunk95:12034,processed/iotsim-ip-camera-street-1.csv,1737832005.787823,3604626,Mirai TCP Flooding,ip-camera-street,0.19464174046481839,0.19108314402002483,0.9996700982497474,0.7342653870582581,1.1527464389801025,0.4184810519218445,2.939835892077895e-05,0.9999706016410792,True,False,True,True,False,False,False,False,False,False,True,farthest_attack_region
6,strict_weight4_seed42,strict_frozen_weight4,42,sealed_final_attack,attack,62177,chunk95:12147,processed/iotsim-ip-camera-street-1.csv,1737832005.790491,3604739,Mirai TCP Flooding,ip-camera-street,0.19464174046481839,0.19108314402002483,0.9996700982497474,0.7325181365013123,1.1548092365264893,0.422291100025177,2.939835892077895e-05,0.9999706016410792,True,False,True,True,False,False,False,False,False,False,True,farthest_attack_region
6,strict_weight4_seed42,strict_frozen_weight4,42,sealed_final_attack,attack,91481,chunk98:11377,processed/iotsim-ip-camera-street-1.csv,1737236088.057183,1241111,TCP Scan,ip-camera-street,0.019233230669268027,0.015674634224474453,0.9997420969631201,0.7142639756202698,0.2431529313325882,-0.4711110591888428,2.939835892077895e-05,0.9999706016410792,True,False,True,True,False,False,False,False,False,False,True,farthest_attack_region
6,strict_weight4_seed42,strict_frozen_weight4,42,sealed_final_attack,attack,107553,chunk99:12449,processed/iotsim-ip-camera-street-1.csv,1737236532.348834,1393101,Telnet Brute Force,ip-camera-street,0.038741667800681785,0.03518307135588821,0.9997420969631201,0.42875680327415466,0.2699432671070099,-0.15881353616714478,2.939835892077895e-05,0.9999706016410792,True,False,True,True,False,False,False,False,False,False,True,farthest_attack_region
6,strict_weight4_seed42,strict_frozen_weight4,42,sealed_final_attack,attack,109798,chunk99:14694,processed/iotsim-ip-camera-street-1.csv,1737236624.089794,1406388,Telnet Brute Force,ip-camera-street,0.038741667800681785,0.03518307135588821,0.9997420969631201,0.42871373891830444,0.28336480259895325,-0.1453489363193512,2.939835892077895e-05,0.9999706016410792,True,False,True,True,False,False,False,False,False,False,True,farthest_attack_region
6,strict_weight4_seed42,strict_frozen_weight4,42,sealed_final_attack,attack,108729,chunk99:13625,processed/iotsim-ip-camera-street-1.csv,1737236578.389441,1399515,Telnet Brute Force,ip-camera-street,0.038741667800681785,0.03518307135588821,0.9997420969631201,0.42837750911712646,0.2832573652267456,-0.14512014389038086,2.939835892077895e-05,0.9999706016410792,True,False,True,True,False,False,False,False,False,False,True,farthest_attack_region
6,strict_weight4_seed42,strict_frozen_weight4,42,sealed_final_attack,attack,108360,chunk99:13256,processed/iotsim-ip-camera-street-1.csv,1737236559.976196,1397434,Telnet Brute Force,ip-camera-street,0.04890629090369431,0.04534769445890074,0.9997420969631201,0.4278985559940338,0.2852907180786133,-0.14260783791542053,2.939835892077895e-05,0.9999706016410792,True,False,True,True,False,False,False,False,False,False,True,farthest_attack_region
6,strict_weight4_seed42,strict_frozen_weight4,42,sealed_final_attack,attack,108359,chunk99:13255,processed/iotsim-ip-camera-street-1.csv,1737236559.976005,1397433,Telnet Brute Force,ip-camera-street,0.04890629090369431,0.04534769445890074,0.9997420969631201,0.4267752766609192,0.28532037138938904,-0.14145490527153015,2.939835892077895e-05,0.9999706016410792,True,False,True,True,False,False,False,False,False,False,True,farthest_attack_region
6,strict_weight4_seed42,strict_frozen_weight4,42,sealed_final_attack,attack,109236,chunk99:14132,processed/iotsim-ip-camera-street-1.csv,1737236594.924758,1402307,Telnet Brute Force,ip-camera-street,0.04890629090369431,0.04534769445890074,0.9997420969631201,0.42630842328071594,0.2936785817146301,-0.13262984156608582,2.939835892077895e-05,0.9999706016410792,True,False,True,True,False,False,False,False,False,False,True,farthest_attack_region
6,strict_weight4_seed42,strict_frozen_weight4,42,sealed_final_attack,attack,108352,chunk99:13248,processed/iotsim-ip-camera-street-1.csv,1737236559.875896,1397372,Telnet Brute Force,ip-camera-street,0.06408226000815011,0.06052366356335653,0.9997420969631201,0.4260849356651306,0.2854076623916626,-0.14067727327346802,2.939835892077895e-05,0.9999706016410792,True,False,True,True,False,False,False,False,False,False,True,farthest_attack_region
6,strict_weight4_seed42,strict_frozen_weight4,42,sealed_final_attack,attack,109233,chunk99:14129,processed/iotsim-ip-camera-street-1.csv,1737236594.90982,1402304,Telnet Brute Force,ip-camera-street,0.038741667800681785,0.03518307135588821,0.9997420969631201,0.42608433961868286,0.2940148115158081,-0.13206952810287476,2.939835892077895e-05,0.9999706016410792,True,False,True,True,False,False,False,False,False,False,True,farthest_attack_region
6,strict_weight4_seed42,strict_frozen_weight4,42,sealed_final_attack,attack,108347,chunk99:13243,processed/iotsim-ip-camera-street-1.csv,1737236559.789927,1397362,Telnet Brute Force,ip-camera-street,0.07522794310123487,0.0716693466564413,0.9997420969631201,0.42593973875045776,0.28564363718032837,-0.1402961015701294,2.939835892077895e-05,0.9999706016410792,True,False,True,True,False,False,False,False,False,False,True,farthest_attack_region
6,strict_weight4_seed42,strict_frozen_weight4,42,sealed_final_attack,attack,108362,chunk99:13258,processed/iotsim-ip-camera-street-1.csv,1737236559.979999,1397436,Telnet Brute Force,ip-camera-street,0.04890629090369431,0.04534769445890074,0.9997420969631201,0.4258479177951813,0.285267174243927,-0.14058074355125427,2.939835892077895e-05,0.9999706016410792,True,False,True,True,False,False,False,False,False,False,True,farthest_attack_region
6,strict_weight4_seed42,strict_frozen_weight4,42,sealed_final_attack,attack,109235,chunk99:14131,processed/iotsim-ip-camera-street-1.csv,1737236594.921808,1402306,Telnet Brute Force,ip-camera-street,0.06408226000815011,0.06052366356335653,0.9997420969631201,0.42583122849464417,0.29372096061706543,-0.13211026787757874,2.939835892077895e-05,0.9999706016410792,True,False,True,True,False,False,False,False,False,False,True,farthest_attack_region
6,strict_weight4_seed42,strict_frozen_weight4,42,sealed_final_attack,attack,109234,chunk99:14130,processed/iotsim-ip-camera-street-1.csv,1737236594.909848,1402305,Telnet Brute Force,ip-camera-street,0.038741667800681785,0.03518307135588821,0.9997420969631201,0.42574867606163025,0.2937961518764496,-0.13195252418518066,2.939835892077895e-05,0.9999706016410792,True,False,True,True,False,False,False,False,False,False,True,farthest_attack_region
6,strict_weight4_seed42,strict_frozen_weight4,42,sealed_final_attack,attack,108357,chunk99:13253,processed/iotsim-ip-camera-street-1.csv,1737236559.971354,1397431,Telnet Brute Force,ip-camera-street,0.04890629090369431,0.04534769445890074,0.9997420969631201,0.4255829155445099,0.2853502035140991,-0.14023271203041077,2.939835892077895e-05,0.9999706016410792,True,False,True,True,False,False,False,False,False,False,True,farthest_attack_region
6,strict_weight4_seed42,strict_frozen_weight4,42,sealed_final_attack,attack,108350,chunk99:13246,processed/iotsim-ip-camera-street-1.csv,1737236559.871004,1397370,Telnet Brute Force,ip-camera-street,0.06408226000815011,0.06052366356335653,0.9997420969631201,0.4254942238330841,0.285457044839859,-0.1400371789932251,2.939835892077895e-05,0.9999706016410792,True,False,True,True,False,False,False,False,False,False,True,farthest_attack_region
6,strict_weight4_seed42,strict_frozen_weight4,42,sealed_final_attack,attack,107193,chunk99:12089,processed/iotsim-ip-camera-street-1.csv,1737236515.539844,1390811,Telnet Brute Force,ip-camera-street,0.06408226000815011,0.06052366356335653,0.9997420969631201,0.4253513514995575,0.26972395181655884,-0.15562739968299866,2.939835892077895e-05,0.9999706016410792,True,False,True,True,False,False,False,False,False,False,True,farthest_attack_region
6,strict_weight4_seed42,strict_frozen_weight4,42,sealed_final_attack,attack,108796,chunk99:13692,processed/iotsim-ip-camera-street-1.csv,1737236581.696692,1400007,Telnet Brute Force,ip-camera-street,0.038741667800681785,0.03518307135588821,0.9997420969631201,0.4253511428833008,0.28204360604286194,-0.14330753684043884,2.939835892077895e-05,0.9999706016410792,True,False,True,True,False,False,False,False,False,False,True,farthest_attack_region
6,strict_weight4_seed42,strict_frozen_weight4,42,sealed_final_attack,attack,108794,chunk99:13690,processed/iotsim-ip-camera-street-1.csv,1737236581.688809,1400003,Telnet Brute Force,ip-camera-street,0.038741667800681785,0.03518307135588821,0.9997420969631201,0.42529192566871643,0.2821306586265564,-0.14316126704216003,2.939835892077895e-05,0.9999706016410792,True,False,True,True,False,False,False,False,False,False,True,farthest_attack_region
6,strict_weight4_seed42,strict_frozen_weight4,42,sealed_final_attack,attack,107326,chunk99:12222,processed/iotsim-ip-camera-street-1.csv,1737236519.376724,1391487,Telnet Brute Force,ip-camera-street,0.06408226000815011,0.06052366356335653,0.9997420969631201,0.4249781370162964,0.27345144748687744,-0.15152668952941895,2.939835892077895e-05,0.9999706016410792,True,False,True,True,False,False,False,False,False,False,True,farthest_attack_region
6,strict_weight4_seed42,strict_frozen_weight4,42,sealed_final_attack,attack,107433,chunk99:12329,processed/iotsim-ip-camera-street-1.csv,1737236526.00878,1392386,Telnet Brute Force,ip-camera-street,0.038741667800681785,0.03518307135588821,0.9997420969631201,0.4242597818374634,0.27161404490470886,-0.15264573693275452,2.939835892077895e-05,0.9999706016410792,True,False,True,True,False,False,False,False,False,False,True,farthest_attack_region
6,strict_weight4_seed42,strict_frozen_weight4,42,sealed_final_attack,attack,108798,chunk99:13694,processed/iotsim-ip-camera-street-1.csv,1737236581.702177,1400009,Telnet Brute Force,ip-camera-street,0.038741667800681785,0.03518307135588821,0.9997420969631201,0.42400646209716797,0.28197920322418213,-0.14202725887298584,2.939835892077895e-05,0.9999706016410792,True,False,True,True,False,False,False,False,False,False,True,farthest_attack_region
6,strict_weight4_seed42,strict_frozen_weight4,42,sealed_final_attack,attack,107363,chunk99:12259,processed/iotsim-ip-camera-street-1.csv,1737236521.090893,1391800,Telnet Brute Force,ip-camera-street,0.06408226000815011,0.06052366356335653,0.9997420969631201,0.42391976714134216,0.27357593178749084,-0.15034383535385132,2.939835892077895e-05,0.9999706016410792,True,False,True,True,False,False,False,False,False,False,True,farthest_attack_region
6,strict_weight4_seed42,strict_frozen_weight4,42,sealed_final_attack,attack,107799,chunk99:12695,processed/iotsim-ip-camera-street-1.csv,1737236546.695975,1394855,Telnet Brute Force,ip-camera-street,0.038741667800681785,0.03518307135588821,0.9997420969631201,0.4237593114376068,0.2644954025745392,-0.15926390886306763,2.939835892077895e-05,0.9999706016410792,True,False,True,True,False,False,False,False,False,False,True,farthest_attack_region
6,strict_weight4_seed42,strict_frozen_weight4,42,sealed_final_attack,attack,107205,chunk99:12101,processed/iotsim-ip-camera-street-1.csv,1737236515.718798,1390858,Telnet Brute Force,ip-camera-street,0.04890629090369431,0.04534769445890074,0.9997420969631201,0.42363208532333374,0.2693749964237213,-0.15425708889961243,2.939835892077895e-05,0.9999706016410792,True,False,True,True,False,False,False,False,False,False,True,farthest_attack_region
6,strict_weight4_seed42,strict_frozen_weight4,42,sealed_final_attack,attack,107196,chunk99:12092,processed/iotsim-ip-camera-street-1.csv,1737236515.572704,1390818,Telnet Brute Force,ip-camera-street,0.06408226000815011,0.06052366356335653,0.9997420969631201,0.4235779345035553,0.26959460973739624,-0.15398332476615906,2.939835892077895e-05,0.9999706016410792,True,False,True,True,False,False,False,False,False,False,True,farthest_attack_region
6,strict_weight4_seed42,strict_frozen_weight4,42,sealed_final_attack,attack,108791,chunk99:13687,processed/iotsim-ip-camera-street-1.csv,1737236580.688623,1399856,Telnet Brute Force,ip-camera-street,0.07522794310123487,0.0716693466564413,0.9997420969631201,0.4234301447868347,0.2834055423736572,-0.1400246024131775,2.939835892077895e-05,0.9999706016410792,True,False,True,True,False,False,False,False,False,False,True,farthest_attack_region
6,strict_weight4_seed42,strict_frozen_weight4,42,sealed_final_attack,attack,107554,chunk99:12450,processed/iotsim-ip-camera-street-1.csv,1737236532.353771,1393102,Telnet Brute Force,ip-camera-street,0.06408226000815011,0.06052366356335653,0.9997420969631201,0.4230988621711731,0.2697962522506714,-0.1533026099205017,2.939835892077895e-05,0.9999706016410792,True,False,True,True,False,False,False,False,False,False,True,farthest_attack_region
6,strict_weight4_seed42,strict_frozen_weight4,42,sealed_final_attack,attack,107198,chunk99:12094,processed/iotsim-ip-camera-street-1.csv,1737236515.588898,1390820,Telnet Brute Force,ip-camera-street,0.06408226000815011,0.06052366356335653,0.9997420969631201,0.4230453372001648,0.2695208489894867,-0.1535244882106781,2.939835892077895e-05,0.9999706016410792,True,False,True,True,False,False,False,False,False,False,True,farthest_attack_region
6,strict_weight4_seed42,strict_frozen_weight4,42,sealed_final_attack,attack,107200,chunk99:12096,processed/iotsim-ip-camera-street-1.csv,1737236515.63516,1390845,Telnet Brute Force,ip-camera-street,0.04890629090369431,0.04534769445890074,0.9997420969631201,0.42301154136657715,0.2694638967514038,-0.15354764461517334,2.939835892077895e-05,0.9999706016410792,True,False,True,True,False,False,False,False,False,False,True,farthest_attack_region
6,strict_weight4_seed42,strict_frozen_weight4,42,sealed_final_attack,attack,107203,chunk99:12099,processed/iotsim-ip-camera-street-1.csv,1737236515.712591,1390856,Telnet Brute Force,ip-camera-street,0.04890629090369431,0.04534769445890074,0.9997420969631201,0.42298170924186707,0.2694302201271057,-0.15355148911476135,2.939835892077895e-05,0.9999706016410792,True,False,True,True,False,False,False,False,False,False,True,farthest_attack_region
6,strict_weight4_seed42,strict_frozen_weight4,42,sealed_final_attack,attack,109248,chunk99:14144,processed/iotsim-ip-camera-street-1.csv,1737236594.971441,1402342,Telnet Brute Force,ip-camera-street,0.04890629090369431,0.04534769445890074,0.9997420969631201,0.422931045293808,0.2936331033706665,-0.12929794192314148,2.939835892077895e-05,0.9999706016410792,True,False,True,True,False,False,False,False,False,False,True,farthest_attack_region
6,strict_weight4_seed42,strict_frozen_weight4,42,sealed_final_attack,attack,107709,chunk99:12605,processed/iotsim-ip-camera-street-1.csv,1737236541.00378,1394012,Telnet Brute Force,ip-camera-street,0.038741667800681785,0.03518307135588821,0.9997420969631201,0.4228215217590332,0.2672242820262909,-0.1555972397327423,2.939835892077895e-05,0.9999706016410792,True,False,True,True,False,False,False,False,False,False,True,farthest_attack_region
6,strict_weight4_seed42,strict_frozen_weight4,42,sealed_final_attack,attack,107358,chunk99:12254,processed/iotsim-ip-camera-street-1.csv,1737236520.998618,1391793,Telnet Brute Force,ip-camera-street,0.06408226000815011,0.06052366356335653,0.9997420969631201,0.42263713479042053,0.27377015352249146,-0.14886698126792908,2.939835892077895e-05,0.9999706016410792,True,False,True,True,False,False,False,False,False,False,True,farthest_attack_region
6,strict_weight4_seed42,strict_frozen_weight4,42,sealed_final_attack,attack,107361,chunk99:12257,processed/iotsim-ip-camera-street-1.csv,1737236521.075879,1391798,Telnet Brute Force,ip-camera-street,0.06408226000815011,0.06052366356335653,0.9997420969631201,0.4224930703639984,0.27363938093185425,-0.14885368943214417,2.939835892077895e-05,0.9999706016410792,True,False,True,True,False,False,False,False,False,False,True,farthest_attack_region
6,strict_weight4_seed42,strict_frozen_weight4,42,sealed_final_attack,attack,109237,chunk99:14133,processed/iotsim-ip-camera-street-1.csv,1737236594.925795,1402308,Telnet Brute Force,ip-camera-street,0.04890629090369431,0.04534769445890074,0.9997420969631201,0.4222458600997925,0.29364532232284546,-0.12860053777694702,2.939835892077895e-05,0.9999706016410792,True,False,True,True,False,False,False,False,False,False,True,farthest_attack_region
6,strict_weight4_seed42,strict_frozen_weight4,42,sealed_final_attack,attack,107707,chunk99:12603,processed/iotsim-ip-camera-street-1.csv,1737236540.997755,1394010,Telnet Brute Force,ip-camera-street,0.038741667800681785,0.03518307135588821,0.9997420969631201,0.42211413383483887,0.2673652768135071,-0.1547488570213318,2.939835892077895e-05,0.9999706016410792,True,False,True,True,False,False,False,False,False,False,True,farthest_attack_region
6,strict_weight4_seed42,strict_frozen_weight4,42,sealed_final_attack,attack,108354,chunk99:13250,processed/iotsim-ip-camera-street-1.csv,1737236559.880978,1397374,Telnet Brute Force,ip-camera-street,0.04890629090369431,0.04534769445890074,0.9997420969631201,0.421827495098114,0.28537091612815857,-0.13645657896995544,2.939835892077895e-05,0.9999706016410792,True,False,True,True,False,False,False,False,False,False,True,farthest_attack_region
6,strict_weight4_seed42,strict_frozen_weight4,42,sealed_final_attack,attack,108621,chunk99:13517,processed/iotsim-ip-camera-street-1.csv,1737236572.086474,1398912,Telnet Brute Force,ip-camera-street,0.06408226000815011,0.06052366356335653,0.9997420969631201,0.4215129613876343,0.28572508692741394,-0.13578787446022034,2.939835892077895e-05,0.9999706016410792,True,False,True,True,False,False,False,False,False,False,True,farthest_attack_region
6,strict_weight4_seed42,strict_frozen_weight4,42,sealed_final_attack,attack,106731,chunk99:11627,processed/iotsim-ip-camera-street-1.csv,1737236499.471814,1388143,Telnet Brute Force,ip-camera-street,0.06408226000815011,0.06052366356335653,0.9997420969631201,0.4212817847728729,0.25989723205566406,-0.16138455271720886,2.939835892077895e-05,0.9999706016410792,True,False,True,True,False,False,False,False,False,False,True,farthest_attack_region
6,strict_weight4_seed42,strict_frozen_weight4,42,sealed_final_attack,attack,107434,chunk99:12330,processed/iotsim-ip-camera-street-1.csv,1737236526.008805,1392387,Telnet Brute Force,ip-camera-street,0.038741667800681785,0.03518307135588821,0.9997420969631201,0.42018216848373413,0.2714748680591583,-0.1487073004245758,2.939835892077895e-05,0.9999706016410792,True,False,True,True,False,False,False,False,False,False,True,farthest_attack_region
6,strict_weight4_seed42,strict_frozen_weight4,42,sealed_final_attack,attack,107370,chunk99:12266,processed/iotsim-ip-camera-street-1.csv,1737236521.474506,1391850,Telnet Brute Force,ip-camera-street,0.04890629090369431,0.04534769445890074,0.9997420969631201,0.41917458176612854,0.27341145277023315,-0.14576312899589539,2.939835892077895e-05,0.9999706016410792,True,False,True,True,False,False,False,False,False,False,True,farthest_attack_region
6,strict_weight4_seed42,strict_frozen_weight4,42,sealed_final_attack,attack,107206,chunk99:12102,processed/iotsim-ip-camera-street-1.csv,1737236515.718956,1390859,Telnet Brute Force,ip-camera-street,0.04890629090369431,0.04534769445890074,0.9997420969631201,0.4188891053199768,0.2693175971508026,-0.1495715081691742,2.939835892077895e-05,0.9999706016410792,True,False,True,True,False,False,False,False,False,False,True,farthest_attack_region
6,strict_weight4_seed42,strict_frozen_weight4,42,sealed_final_attack,attack,108917,chunk99:13813,processed/iotsim-ip-camera-street-1.csv,1737236586.477624,1400772,Telnet Brute Force,ip-camera-street,0.04890629090369431,0.04534769445890074,0.9997420969631201,0.4184941053390503,0.282193124294281,-0.1363009810447693,2.939835892077895e-05,0.9999706016410792,True,False,True,True,False,False,False,False,False,False,True,farthest_attack_region
6,strict_weight4_seed42,strict_frozen_weight4,42,sealed_final_attack,attack,108364,chunk99:13260,processed/iotsim-ip-camera-street-1.csv,1737236560.008782,1397438,Telnet Brute Force,ip-camera-street,0.04890629090369431,0.04534769445890074,0.9997420969631201,0.4183906018733978,0.2852852940559387,-0.1331053078174591,2.939835892077895e-05,0.9999706016410792,True,False,True,True,False,False,False,False,False,False,True,farthest_attack_region
6,strict_weight4_seed42,strict_frozen_weight4,42,sealed_final_attack,attack,106477,chunk99:11373,processed/iotsim-ip-camera-street-1.csv,1737236487.489525,1386951,Telnet Brute Force,ip-camera-street,0.07522794310123487,0.0716693466564413,0.9997420969631201,0.4178158640861511,0.2590356767177582,-0.15878018736839294,2.939835892077895e-05,0.9999706016410792,True,False,True,True,False,False,False,False,False,False,True,farthest_attack_region
6,strict_weight4_seed42,strict_frozen_weight4,42,sealed_final_attack,attack,109721,chunk99:14617,processed/iotsim-ip-camera-street-1.csv,1737236620.487382,1405708,Telnet Brute Force,ip-camera-street,0.038741667800681785,0.03518307135588821,0.9997420969631201,0.41741567850112915,0.28429561853408813,-0.13312005996704102,2.939835892077895e-05,0.9999706016410792,True,False,True,True,False,False,False,False,False,False,True,farthest_attack_region
6,strict_weight4_seed42,strict_frozen_weight4,42,sealed_final_attack,attack,109801,chunk99:14697,processed/iotsim-ip-camera-street-1.csv,1737236624.176862,1406394,Telnet Brute Force,ip-camera-street,0.06408226000815011,0.06052366356335653,0.9997420969631201,0.41718795895576477,0.2831800580024719,-0.13400790095329285,2.939835892077895e-05,0.9999706016410792,True,False,True,True,False,False,False,False,False,False,True,farthest_attack_region
6,strict_weight4_seed42,strict_frozen_weight4,42,sealed_final_attack,attack,106340,chunk99:11236,processed/iotsim-ip-camera-street-1.csv,1737236480.73081,1386096,Telnet Brute Force,ip-camera-street,0.06408226000815011,0.06052366356335653,0.9997420969631201,0.4167128801345825,0.2589047849178314,-0.1578080952167511,2.939835892077895e-05,0.9999706016410792,True,False,True,True,False,False,False,False,False,False,True,farthest_attack_region
6,strict_weight4_seed42,strict_frozen_weight4,42,sealed_final_attack,attack,106343,chunk99:11239,processed/iotsim-ip-camera-street-1.csv,1737236480.774034,1386103,Telnet Brute Force,ip-camera-street,0.06408226000815011,0.06052366356335653,0.9997420969631201,0.4157238304615021,0.2587891221046448,-0.1569347083568573,2.939835892077895e-05,0.9999706016410792,True,False,True,True,False,False,False,False,False,False,True,farthest_attack_region
6,strict_weight4_seed42,strict_frozen_weight4,42,sealed_final_attack,attack,106347,chunk99:11243,processed/iotsim-ip-camera-street-1.csv,1737236480.837672,1386111,Telnet Brute Force,ip-camera-street,0.04890629090369431,0.04534769445890074,0.9997420969631201,0.4154493808746338,0.25865647196769714,-0.15679290890693665,2.939835892077895e-05,0.9999706016410792,True,False,True,True,False,False,False,False,False,False,True,farthest_attack_region
6,strict_weight4_seed42,strict_frozen_weight4,42,sealed_final_attack,attack,106345,chunk99:11241,processed/iotsim-ip-camera-street-1.csv,1737236480.789848,1386105,Telnet Brute Force,ip-camera-street,0.04890629090369431,0.04534769445890074,0.9997420969631201,0.4154447913169861,0.2587115168571472,-0.15673327445983887,2.939835892077895e-05,0.9999706016410792,True,False,True,True,False,False,False,False,False,False,True,farthest_attack_region
6,strict_weight4_seed42,strict_frozen_weight4,42,sealed_final_attack,attack,108368,chunk99:13264,processed/iotsim-ip-camera-street-1.csv,1737236560.073961,1397449,Telnet Brute Force,ip-camera-street,0.04890629090369431,0.04534769445890074,0.9997420969631201,0.4153404235839844,0.2853647470474243,-0.12997567653656006,2.939835892077895e-05,0.9999706016410792,True,False,True,True,False,False,False,False,False,False,True,farthest_attack_region
6,strict_weight4_seed42,strict_frozen_weight4,42,sealed_final_attack,attack,107365,chunk99:12261,processed/iotsim-ip-camera-street-1.csv,1737236521.137745,1391804,Telnet Brute Force,ip-camera-street,0.04890629090369431,0.04534769445890074,0.9997420969631201,0.4152923822402954,0.27352553606033325,-0.14176684617996216,2.939835892077895e-05,0.9999706016410792,True,False,True,True,False,False,False,False,False,False,True,farthest_attack_region
6,strict_weight4_seed42,strict_frozen_weight4,42,sealed_final_attack,attack,109249,chunk99:14145,processed/iotsim-ip-camera-street-1.csv,1737236594.971468,1402343,Telnet Brute Force,ip-camera-street,0.04890629090369431,0.04534769445890074,0.9997420969631201,0.41521695256233215,0.29360538721084595,-0.1216115653514862,2.939835892077895e-05,0.9999706016410792,True,False,True,True,False,False,False,False,False,False,True,farthest_attack_region
6,strict_weight4_seed42,strict_frozen_weight4,42,sealed_final_attack,attack,106734,chunk99:11630,processed/iotsim-ip-camera-street-1.csv,1737236499.478455,1388146,Telnet Brute Force,ip-camera-street,0.06408226000815011,0.06052366356335653,0.9997420969631201,0.41468358039855957,0.2597832977771759,-0.15490028262138367,2.939835892077895e-05,0.9999706016410792,True,False,True,True,False,False,False,False,False,False,True,farthest_attack_region
6,strict_weight4_seed42,strict_frozen_weight4,42,sealed_final_attack,attack,106350,chunk99:11246,processed/iotsim-ip-camera-street-1.csv,1737236482.253522,1386293,Telnet Brute Force,ip-camera-street,0.038741667800681785,0.03518307135588821,0.9997420969631201,0.4138903319835663,0.2575305700302124,-0.15635976195335388,2.939835892077895e-05,0.9999706016410792,True,False,True,True,False,False,False,False,False,False,True,farthest_attack_region
6,strict_weight4_seed42,strict_frozen_weight4,42,sealed_final_attack,attack,107800,chunk99:12696,processed/iotsim-ip-camera-street-1.csv,1737236546.696017,1394856,Telnet Brute Force,ip-camera-street,0.038741667800681785,0.03518307135588821,0.9997420969631201,0.4138088524341583,0.26428112387657166,-0.14952772855758667,2.939835892077895e-05,0.9999706016410792,True,False,True,True,False,False,False,False,False,False,True,farthest_attack_region
6,strict_weight4_seed42,strict_frozen_weight4,42,sealed_final_attack,attack,108731,chunk99:13627,processed/iotsim-ip-camera-street-1.csv,1737236578.731814,1399559,Telnet Brute Force,ip-camera-street,0.038741667800681785,0.03518307135588821,0.9997420969631201,0.4133901298046112,0.2826840281486511,-0.13070610165596008,2.939835892077895e-05,0.9999706016410792,True,False,True,True,False,False,False,False,False,False,True,farthest_attack_region
6,strict_weight4_seed42,strict_frozen_weight4,42,sealed_final_attack,attack,106349,chunk99:11245,processed/iotsim-ip-camera-street-1.csv,1737236482.252837,1386292,Telnet Brute Force,ip-camera-street,0.038741667800681785,0.03518307135588821,0.9997420969631201,0.4133895933628082,0.25765442848205566,-0.15573516488075256,2.939835892077895e-05,0.9999706016410792,True,False,True,True,False,False,False,False,False,False,True,farthest_attack_region
6,strict_weight4_seed42,strict_frozen_weight4,42,sealed_final_attack,attack,107556,chunk99:12452,processed/iotsim-ip-camera-street-1.csv,1737236532.354539,1393104,Telnet Brute Force,ip-camera-street,0.06408226000815011,0.06052366356335653,0.9997420969631201,0.4133804440498352,0.2697102129459381,-0.1436702311038971,2.939835892077895e-05,0.9999706016410792,True,False,True,True,False,False,False,False,False,False,True,farthest_attack_region
6,strict_weight4_seed42,strict_frozen_weight4,42,sealed_final_attack,attack,107208,chunk99:12104,processed/iotsim-ip-camera-street-1.csv,1737236515.850827,1390869,Telnet Brute Force,ip-camera-street,0.04890629090369431,0.04534769445890074,0.9997420969631201,0.4132766127586365,0.2694111764431,-0.1438654363155365,2.939835892077895e-05,0.9999706016410792,True,False,True,True,False,False,False,False,False,False,True,farthest_attack_region
6,strict_weight4_seed42,strict_frozen_weight4,42,sealed_final_attack,attack,107327,chunk99:12223,processed/iotsim-ip-camera-street-1.csv,1737236519.378835,1391488,Telnet Brute Force,ip-camera-street,0.04890629090369431,0.04534769445890074,0.9997420969631201,0.4132714569568634,0.2733955681324005,-0.1398758888244629,2.939835892077895e-05,0.9999706016410792,True,False,True,True,False,False,False,False,False,False,True,farthest_attack_region
6,strict_weight4_seed42,strict_frozen_weight4,42,sealed_final_attack,attack,109845,chunk99:14741,processed/iotsim-ip-camera-street-1.csv,1737236626.391911,1406754,Telnet Brute Force,ip-camera-street,0.06408226000815011,0.06052366356335653,0.9997420969631201,0.4130522310733795,0.28229841589927673,-0.13075381517410278,2.939835892077895e-05,0.9999706016410792,True,False,True,True,False,False,False,False,False,False,True,farthest_attack_region
6,strict_weight4_seed42,strict_frozen_weight4,42,sealed_final_attack,attack,106355,chunk99:11251,processed/iotsim-ip-camera-street-1.csv,1737236482.273402,1386298,Telnet Brute Force,ip-camera-street,0.038741667800681785,0.03518307135588821,0.9997420969631201,0.41231265664100647,0.25743648409843445,-0.15487617254257202,2.939835892077895e-05,0.9999706016410792,True,False,True,True,False,False,False,False,False,False,True,farthest_attack_region
6,strict_weight4_seed42,strict_frozen_weight4,42,sealed_final_attack,attack,86286,chunk98:6182,processed/iotsim-ip-camera-street-1.csv,1737236061.894251,1232343,TCP Scan,ip-camera-street,0.0010303428122722955,-0.0025282536325212782,0.9997420969631201,0.35774844884872437,0.229885995388031,-0.12786245346069336,2.939835892077895e-05,0.9999706016410792,False,False,False,False,False,False,False,False,False,False,True,lowest_parent_attack
6,strict_weight4_seed42,strict_frozen_weight4,42,sealed_final_attack,attack,80052,chunk97:22,processed/iotsim-ip-camera-street-1.csv,1737236258.910189,1303724,Reporting,ip-camera-street,0.0011811143023480245,-0.0023774821424455495,0.9997420969631201,0.3416793942451477,0.3038310110569,-0.03784838318824768,2.939835892077895e-05,0.9999706016410792,False,False,False,False,False,False,False,False,False,False,True,lowest_parent_attack
6,strict_weight4_seed42,strict_frozen_weight4,42,sealed_final_attack,attack,80051,chunk97:21,processed/iotsim-ip-camera-street-1.csv,1737236258.906895,1303723,Reporting,ip-camera-street,0.0011811143023480245,-0.0023774821424455495,0.9997420969631201,0.34152325987815857,0.30758193135261536,-0.03394132852554321,2.939835892077895e-05,0.9999706016410792,False,False,False,False,False,False,False,False,False,False,True,lowest_parent_attack
6,strict_weight4_seed42,strict_frozen_weight4,42,sealed_final_attack,attack,80077,chunk97:47,processed/iotsim-ip-camera-street-1.csv,1737236296.442529,1319769,Reporting,ip-camera-street,0.0011852386395764323,-0.0023733578052171416,0.9997420969631201,0.3382720649242401,0.24206648766994476,-0.09620557725429535,2.939835892077895e-05,0.9999706016410792,False,False,False,False,False,False,False,False,False,False,True,lowest_parent_attack
6,strict_weight4_seed42,strict_frozen_weight4,42,sealed_final_attack,attack,80078,chunk97:48,processed/iotsim-ip-camera-street-1.csv,1737236296.446847,1319770,Reporting,ip-camera-street,0.0011852386395764323,-0.0023733578052171416,0.9997420969631201,0.3384651243686676,0.23408253490924835,-0.10438258945941925,2.939835892077895e-05,0.9999706016410792,False,False,False,False,False,False,False,False,False,False,True,lowest_parent_attack
6,strict_weight4_seed42,strict_frozen_weight4,42,sealed_final_attack,attack,80047,chunk97:17,processed/iotsim-ip-camera-street-1.csv,1737236258.901025,1303716,Reporting,ip-camera-street,0.0012100842970734263,-0.0023485121477201474,0.9997420969631201,0.3432686924934387,0.334977388381958,-0.008291304111480713,2.939835892077895e-05,0.9999706016410792,False,False,False,False,False,False,False,False,False,False,True,lowest_parent_attack
6,strict_weight4_seed42,strict_frozen_weight4,42,sealed_final_attack,attack,80073,chunk97:43,processed/iotsim-ip-camera-street-1.csv,1737236296.436329,1319759,Reporting,ip-camera-street,0.0012100842970734263,-0.0023485121477201474,0.9997420969631201,77.28084564208984,0.2753342092037201,-77.00550842285156,2.939835892077895e-05,0.9999706016410792,False,False,False,False,False,False,False,False,False,False,True,lowest_parent_attack
6,strict_weight4_seed42,strict_frozen_weight4,42,sealed_final_attack,attack,89214,chunk98:9110,processed/iotsim-ip-camera-street-1.csv,1737236077.428495,1237262,TCP Scan,ip-camera-street,0.0012667894467390296,-0.002291806998054544,0.9997420969631201,0.2977084517478943,0.24463705718517303,-0.05307139456272125,2.939835892077895e-05,0.9999706016410792,False,False,False,False,False,False,False,False,False,False,True,lowest_parent_attack
6,strict_weight4_seed42,strict_frozen_weight4,42,sealed_final_attack,attack,86098,chunk98:5994,processed/iotsim-ip-camera-street-1.csv,1737236060.131272,1232009,TCP Scan,ip-camera-street,0.0012830951336713656,-0.002275501311122208,0.9997420969631201,0.3364561200141907,0.2386571168899536,-0.09779900312423706,2.939835892077895e-05,0.9999706016410792,False,False,False,False,False,False,False,False,False,False,True,lowest_parent_attack
6,strict_weight4_seed42,strict_frozen_weight4,42,sealed_final_attack,attack,92679,chunk98:12575,processed/iotsim-ip-camera-street-1.csv,1737236095.002971,1243091,TCP Scan,ip-camera-street,0.0012830951336713656,-0.002275501311122208,0.9997420969631201,0.37172582745552063,0.33438462018966675,-0.03734120726585388,2.939835892077895e-05,0.9999706016410792,False,False,False,False,False,False,False,False,False,False,True,lowest_parent_attack
6,strict_weight4_seed42,strict_frozen_weight4,42,sealed_final_attack,attack,85922,chunk98:5818,processed/iotsim-ip-camera-street-1.csv,1737236059.046168,1231779,TCP Scan,ip-camera-street,0.0012830951336713656,-0.002275501311122208,0.9997420969631201,0.35217714309692383,0.24497804045677185,-0.10719910264015198,2.939835892077895e-05,0.9999706016410792,False,False,False,False,False,False,False,False,False,False,True,lowest_parent_attack
6,strict_weight4_seed42,strict_frozen_weight4,42,sealed_final_attack,attack,90651,chunk98:10547,processed/iotsim-ip-camera-street-1.csv,1737236084.179429,1239760,TCP Scan,ip-camera-street,0.0015774526550698408,-0.001981143789723733,0.9997420969631201,0.2975757420063019,0.29071280360221863,-0.006862938404083252,2.939835892077895e-05,0.9999706016410792,False,False,False,False,False,False,False,False,False,False,True,lowest_parent_attack
6,strict_weight4_seed42,strict_frozen_weight4,42,sealed_final_attack,attack,88857,chunk98:8753,processed/iotsim-ip-camera-street-1.csv,1737236075.858003,1236697,TCP Scan,ip-camera-street,0.0015774526550698408,-0.001981143789723733,0.9997420969631201,0.2975362241268158,0.23708225786685944,-0.06045396625995636,2.939835892077895e-05,0.9999706016410792,False,False,False,False,False,False,False,False,False,False,True,lowest_parent_attack
6,strict_weight4_seed42,strict_frozen_weight4,42,sealed_final_attack,attack,94693,chunk98:14589,processed/iotsim-ip-camera-street-1.csv,1737236104.589447,1246240,TCP Scan,ip-camera-street,0.0015774526550698408,-0.001981143789723733,0.9997420969631201,0.31895819306373596,0.2469155341386795,-0.07204265892505646,2.939835892077895e-05,0.9999706016410792,False,False,False,False,False,False,False,False,False,False,True,lowest_parent_attack
6,strict_weight4_seed42,strict_frozen_weight4,42,sealed_final_attack,attack,93657,chunk98:13553,processed/iotsim-ip-camera-street-1.csv,1737236099.893857,1244621,TCP Scan,ip-camera-street,0.00161410322835457,-0.0019444932164390037,0.9997420969631201,0.23504559695720673,0.15538039803504944,-0.07966519892215729,2.939835892077895e-05,0.9999706016410792,False,False,False,False,False,False,False,False,False,False,True,lowest_parent_attack
6,strict_weight4_seed42,strict_frozen_weight4,42,sealed_final_attack,attack,3236,chunk90:1915,processed/iotsim-ip-camera-street-1.csv,1737236208.44511,1283886,Ingress Tool Transfer,ip-camera-street,0.00161410322835457,-0.0019444932164390037,0.9997420969631201,0.2350815087556839,0.15729933977127075,-0.07778216898441315,2.939835892077895e-05,0.9999706016410792,False,False,False,False,False,False,False,False,False,False,True,lowest_parent_attack
6,strict_weight4_seed42,strict_frozen_weight4,42,sealed_final_attack,attack,80044,chunk97:14,processed/iotsim-ip-camera-street-1.csv,1737236155.126513,1263688,Reporting,ip-camera-street,0.0016857199297954492,-0.0018728765149981245,0.9997420969631201,0.3214832842350006,0.303333044052124,-0.018150240182876587,2.939835892077895e-05,0.9999706016410792,False,False,False,False,False,False,False,False,False,False,True,lowest_parent_attack
6,strict_weight4_seed42,strict_frozen_weight4,42,sealed_final_attack,attack,80043,chunk97:13,processed/iotsim-ip-camera-street-1.csv,1737236155.121838,1263683,Reporting,ip-camera-street,0.0016857199297954492,-0.0018728765149981245,0.9997420969631201,0.32104143500328064,0.30668309330940247,-0.014358341693878174,2.939835892077895e-05,0.9999706016410792,False,False,False,False,False,False,False,False,False,False,True,lowest_parent_attack
6,strict_weight4_seed42,strict_frozen_weight4,42,sealed_final_attack,attack,94126,chunk98:14022,processed/iotsim-ip-camera-street-1.csv,1737236101.356322,1245233,TCP Scan,ip-camera-street,0.0017589019505726937,-0.00179969449422088,0.9997420969631201,0.3699359893798828,0.33453986048698425,-0.03539612889289856,2.939835892077895e-05,0.9999706016410792,False,False,False,False,False,False,False,False,False,False,True,lowest_parent_attack
6,strict_weight4_seed42,strict_frozen_weight4,42,sealed_final_attack,attack,94127,chunk98:14023,processed/iotsim-ip-camera-street-1.csv,1737236101.359391,1245234,TCP Scan,ip-camera-street,0.0017589019505726937,-0.00179969449422088,0.9997420969631201,0.3699359893798828,0.344454288482666,-0.025481700897216797,2.939835892077895e-05,0.9999706016410792,False,False,False,False,False,False,False,False,False,False,True,lowest_parent_attack
6,strict_weight4_seed42,strict_frozen_weight4,42,sealed_final_attack,attack,86287,chunk98:6183,processed/iotsim-ip-camera-street-1.csv,1737236061.894282,1232344,TCP Scan,ip-camera-street,0.0017589019505726937,-0.00179969449422088,0.9997420969631201,0.35774844884872437,0.28580227494239807,-0.0719461739063263,2.939835892077895e-05,0.9999706016410792,False,False,False,False,False,False,False,False,False,False,True,lowest_parent_attack
6,strict_weight4_seed42,strict_frozen_weight4,42,sealed_final_attack,attack,91280,chunk98:11176,processed/iotsim-ip-camera-street-1.csv,1737236087.024376,1240737,TCP Scan,ip-camera-street,0.0017589019505726937,-0.00179969449422088,0.9997420969631201,0.342655748128891,0.2352755069732666,-0.10738024115562439,2.939835892077895e-05,0.9999706016410792,False,False,False,False,False,False,False,False,False,False,True,lowest_parent_attack
6,strict_weight4_seed42,strict_frozen_weight4,42,sealed_final_attack,attack,91281,chunk98:11177,processed/iotsim-ip-camera-street-1.csv,1737236087.028138,1240738,TCP Scan,ip-camera-street,0.0017589019505726937,-0.00179969449422088,0.9997420969631201,0.3426557779312134,0.2771705389022827,-0.06548523902893066,2.939835892077895e-05,0.9999706016410792,False,False,False,False,False,False,False,False,False,False,True,lowest_parent_attack
6,strict_weight4_seed42,strict_frozen_weight4,42,sealed_final_attack,attack,86289,chunk98:6185,processed/iotsim-ip-camera-street-1.csv,1737236061.898618,1232346,TCP Scan,ip-camera-street,0.0017589019505726937,-0.00179969449422088,0.9997420969631201,0.35774844884872437,0.2446328103542328,-0.11311563849449158,2.939835892077895e-05,0.9999706016410792,False,False,False,False,False,False,False,False,False,False,True,lowest_parent_attack
6,strict_weight4_seed42,strict_frozen_weight4,42,sealed_final_attack,attack,86464,chunk98:6360,processed/iotsim-ip-camera-street-1.csv,1737236062.019543,1232530,TCP Scan,ip-camera-street,0.0017589019505726937,-0.00179969449422088,0.9997420969631201,0.35496124625205994,0.2949899435043335,-0.05997130274772644,2.939835892077895e-05,0.9999706016410792,False,False,False,False,False,False,False,False,False,False,True,lowest_parent_attack
6,strict_weight4_seed42,strict_frozen_weight4,42,sealed_final_attack,attack,93873,chunk98:13769,processed/iotsim-ip-camera-street-1.csv,1737236100.08529,1244854,TCP Scan,ip-camera-street,0.0017589019505726937,-0.00179969449422088,0.9997420969631201,0.37297314405441284,0.2774292528629303,-0.09554389119148254,2.939835892077895e-05,0.9999706016410792,False,False,False,False,False,False,False,False,False,False,True,lowest_parent_attack
6,strict_weight4_seed42,strict_frozen_weight4,42,sealed_final_attack,attack,93874,chunk98:13770,processed/iotsim-ip-camera-street-1.csv,1737236100.090139,1244855,TCP Scan,ip-camera-street,0.0017589019505726937,-0.00179969449422088,0.9997420969631201,0.37297314405441284,0.23772311210632324,-0.1352500319480896,2.939835892077895e-05,0.9999706016410792,False,False,False,False,False,False,False,False,False,False,True,lowest_parent_attack
6,strict_weight4_seed42,strict_frozen_weight4,42,sealed_final_attack,attack,86288,chunk98:6184,processed/iotsim-ip-camera-street-1.csv,1737236061.897649,1232345,TCP Scan,ip-camera-street,0.0017589019505726937,-0.00179969449422088,0.9997420969631201,0.35774844884872437,0.23892830312252045,-0.11882014572620392,2.939835892077895e-05,0.9999706016410792,False,False,False,False,False,False,False,False,False,False,True,lowest_parent_attack
6,strict_weight4_seed42,strict_frozen_weight4,42,sealed_final_attack,attack,91282,chunk98:11178,processed/iotsim-ip-camera-street-1.csv,1737236087.031508,1240739,TCP Scan,ip-camera-street,0.0017589019505726937,-0.00179969449422088,0.9997420969631201,0.3426557779312134,0.2724025249481201,-0.07025325298309326,2.939835892077895e-05,0.9999706016410792,False,False,False,False,False,False,False,False,False,False,True,lowest_parent_attack
6,strict_weight4_seed42,strict_frozen_weight4,42,sealed_final_attack,attack,85731,chunk98:5627,processed/iotsim-ip-camera-street-1.csv,1737236058.962659,1231564,TCP Scan,ip-camera-street,0.0017589019505726937,-0.00179969449422088,0.9997420969631201,0.35441282391548157,0.2463979870080948,-0.10801483690738678,2.939835892077895e-05,0.9999706016410792,False,False,False,False,False,False,False,False,False,False,True,lowest_parent_attack
6,strict_weight4_seed42,strict_frozen_weight4,42,sealed_final_attack,attack,94124,chunk98:14020,processed/iotsim-ip-camera-street-1.csv,1737236101.345613,1245231,TCP Scan,ip-camera-street,0.0017589019505726937,-0.00179969449422088,0.9997420969631201,0.3699359893798828,0.2730830907821655,-0.09685289859771729,2.939835892077895e-05,0.9999706016410792,False,False,False,False,False,False,False,False,False,False,True,lowest_parent_attack
6,strict_weight4_seed42,strict_frozen_weight4,42,sealed_final_attack,attack,92518,chunk98:12414,processed/iotsim-ip-camera-street-1.csv,1737236093.977915,1242883,TCP Scan,ip-camera-street,0.0017589019505726937,-0.00179969449422088,0.9997420969631201,0.3576950132846832,0.253456175327301,-0.1042388379573822,2.939835892077895e-05,0.9999706016410792,False,False,False,False,False,False,False,False,False,False,True,lowest_parent_attack
6,strict_weight4_seed42,strict_frozen_weight4,42,sealed_final_attack,attack,92516,chunk98:12412,processed/iotsim-ip-camera-street-1.csv,1737236093.977829,1242881,TCP Scan,ip-camera-street,0.0017589019505726937,-0.00179969449422088,0.9997420969631201,0.3576950132846832,0.29835981130599976,-0.05933520197868347,2.939835892077895e-05,0.9999706016410792,False,False,False,False,False,False,False,False,False,False,True,lowest_parent_attack
6,strict_weight4_seed42,strict_frozen_weight4,42,sealed_final_attack,attack,93870,chunk98:13766,processed/iotsim-ip-camera-street-1.csv,1737236100.069771,1244849,TCP Scan,ip-camera-street,0.0017589019505726937,-0.00179969449422088,0.9997420969631201,0.37306615710258484,0.24130500853061676,-0.13176114857196808,2.939835892077895e-05,0.9999706016410792,False,False,False,False,False,False,False,False,False,False,True,lowest_parent_attack
6,strict_weight4_seed42,strict_frozen_weight4,42,sealed_final_attack,attack,92675,chunk98:12571,processed/iotsim-ip-camera-street-1.csv,1737236094.967946,1243087,TCP Scan,ip-camera-street,0.0017589019505726937,-0.00179969449422088,0.9997420969631201,0.36952778697013855,0.30089670419692993,-0.06863108277320862,2.939835892077895e-05,0.9999706016410792,False,False,False,False,False,False,False,False,False,False,True,lowest_parent_attack
6,strict_weight4_seed42,strict_frozen_weight4,42,sealed_final_attack,attack,93872,chunk98:13768,processed/iotsim-ip-camera-street-1.csv,1737236100.083955,1244853,TCP Scan,ip-camera-street,0.0017589019505726937,-0.00179969449422088,0.9997420969631201,0.37297314405441284,0.23542097210884094,-0.1375521719455719,2.939835892077895e-05,0.9999706016410792,False,False,False,False,False,False,False,False,False,False,True,lowest_parent_attack
6,strict_weight4_seed42,strict_frozen_weight4,42,sealed_final_attack,attack,92857,chunk98:12753,processed/iotsim-ip-camera-street-1.csv,1737236095.02871,1243277,TCP Scan,ip-camera-street,0.0017589019505726937,-0.00179969449422088,0.9997420969631201,0.37854596972465515,0.23669670522212982,-0.14184926450252533,2.939835892077895e-05,0.9999706016410792,False,False,False,False,False,False,False,False,False,False,True,lowest_parent_attack
6,strict_weight4_seed42,strict_frozen_weight4,42,sealed_final_attack,attack,93532,chunk98:13428,processed/iotsim-ip-camera-street-1.csv,1737236098.918859,1244444,TCP Scan,ip-camera-street,0.0017589019505726937,-0.00179969449422088,0.9997420969631201,0.36423566937446594,0.3371734917163849,-0.027062177658081055,2.939835892077895e-05,0.9999706016410792,False,False,False,False,False,False,False,False,False,False,True,lowest_parent_attack
6,strict_weight4_seed42,strict_frozen_weight4,42,sealed_final_attack,attack,92856,chunk98:12752,processed/iotsim-ip-camera-street-1.csv,1737236095.028679,1243276,TCP Scan,ip-camera-street,0.0017589019505726937,-0.00179969449422088,0.9997420969631201,0.37854599952697754,0.3062841594219208,-0.07226184010505676,2.939835892077895e-05,0.9999706016410792,False,False,False,False,False,False,False,False,False,False,True,lowest_parent_attack
6,strict_weight4_seed42,strict_frozen_weight4,42,sealed_final_attack,attack,92845,chunk98:12741,processed/iotsim-ip-camera-street-1.csv,1737236095.021718,1243259,TCP Scan,ip-camera-street,0.0017589019505726937,-0.00179969449422088,0.9997420969631201,0.3781096935272217,0.3256533741950989,-0.0524563193321228,2.939835892077895e-05,0.9999706016410792,False,False,False,False,False,False,False,False,False,False,True,lowest_parent_attack
6,strict_weight4_seed42,strict_frozen_weight4,42,sealed_final_attack,attack,93274,chunk98:13170,processed/iotsim-ip-camera-street-1.csv,1737236097.378448,1244016,TCP Scan,ip-camera-street,0.0017589019505726937,-0.00179969449422088,0.9997420969631201,0.35675567388534546,0.2942275404930115,-0.06252813339233398,2.939835892077895e-05,0.9999706016410792,False,False,False,False,False,False,False,False,False,False,True,lowest_parent_attack
6,strict_weight4_seed42,strict_frozen_weight4,42,sealed_final_attack,attack,93275,chunk98:13171,processed/iotsim-ip-camera-street-1.csv,1737236097.378487,1244017,TCP Scan,ip-camera-street,0.0017589019505726937,-0.00179969449422088,0.9997420969631201,0.35675567388534546,0.27317914366722107,-0.08357653021812439,2.939835892077895e-05,0.9999706016410792,False,False,False,False,False,False,False,False,False,False,True,lowest_parent_attack
6,strict_weight4_seed42,strict_frozen_weight4,42,sealed_final_attack,attack,93530,chunk98:13426,processed/iotsim-ip-camera-street-1.csv,1737236098.916379,1244442,TCP Scan,ip-camera-street,0.0017589019505726937,-0.00179969449422088,0.9997420969631201,0.36423566937446594,0.3422282934188843,-0.022007375955581665,2.939835892077895e-05,0.9999706016410792,False,False,False,False,False,False,False,False,False,False,True,lowest_parent_attack
6,strict_weight4_seed42,strict_frozen_weight4,42,sealed_final_attack,attack,93531,chunk98:13427,processed/iotsim-ip-camera-street-1.csv,1737236098.91811,1244443,TCP Scan,ip-camera-street,0.0017589019505726937,-0.00179969449422088,0.9997420969631201,0.36423566937446594,0.2783661484718323,-0.08586952090263367,2.939835892077895e-05,0.9999706016410792,False,False,False,False,False,False,False,False,False,False,True,lowest_parent_attack
6,strict_weight4_seed42,strict_frozen_weight4,42,sealed_final_attack,attack,93533,chunk98:13429,processed/iotsim-ip-camera-street-1.csv,1737236098.918891,1244445,TCP Scan,ip-camera-street,0.0017589019505726937,-0.00179969449422088,0.9997420969631201,0.36423566937446594,0.27781739830970764,-0.0864182710647583,2.939835892077895e-05,0.9999706016410792,False,False,False,False,False,False,False,False,False,False,True,lowest_parent_attack
6,strict_weight4_seed42,strict_frozen_weight4,42,sealed_final_attack,attack,93273,chunk98:13169,processed/iotsim-ip-camera-street-1.csv,1737236097.34974,1244014,TCP Scan,ip-camera-street,0.0017589019505726937,-0.00179969449422088,0.9997420969631201,0.3535170555114746,0.33482033014297485,-0.018696725368499756,2.939835892077895e-05,0.9999706016410792,False,False,False,False,False,False,False,False,False,False,True,lowest_parent_attack
6,strict_weight4_seed42,strict_frozen_weight4,42,sealed_final_attack,attack,93272,chunk98:13168,processed/iotsim-ip-camera-street-1.csv,1737236097.329118,1244013,TCP Scan,ip-camera-street,0.0017589019505726937,-0.00179969449422088,0.9997420969631201,0.3535170555114746,0.3029281795024872,-0.05058887600898743,2.939835892077895e-05,0.9999706016410792,False,False,False,False,False,False,False,False,False,False,True,lowest_parent_attack
6,strict_weight4_seed42,strict_frozen_weight4,42,sealed_final_attack,attack,93700,chunk98:13596,processed/iotsim-ip-camera-street-1.csv,1737236099.930536,1244665,TCP Scan,ip-camera-street,0.0017589019505726937,-0.00179969449422088,0.9997420969631201,0.36451807618141174,0.33883601427078247,-0.025682061910629272,2.939835892077895e-05,0.9999706016410792,False,False,False,False,False,False,False,False,False,False,True,lowest_parent_attack
6,strict_weight4_seed42,strict_frozen_weight4,42,sealed_final_attack,attack,92520,chunk98:12416,processed/iotsim-ip-camera-street-1.csv,1737236093.98227,1242885,TCP Scan,ip-camera-street,0.0017589019505726937,-0.00179969449422088,0.9997420969631201,0.35791611671447754,0.24713896214962006,-0.11077715456485748,2.939835892077895e-05,0.9999706016410792,False,False,False,False,False,False,False,False,False,False,True,lowest_parent_attack
6,strict_weight4_seed42,strict_frozen_weight4,42,sealed_final_attack,attack,92851,chunk98:12747,processed/iotsim-ip-camera-street-1.csv,1737236095.02574,1243265,TCP Scan,ip-camera-street,0.0017589019505726937,-0.00179969449422088,0.9997420969631201,0.37801334261894226,0.2551368176937103,-0.12287652492523193,2.939835892077895e-05,0.9999706016410792,False,False,False,False,False,False,False,False,False,False,True,lowest_parent_attack
6,strict_weight4_seed42,strict_frozen_weight4,42,sealed_final_attack,attack,85923,chunk98:5819,processed/iotsim-ip-camera-street-1.csv,1737236059.046198,1231780,TCP Scan,ip-camera-street,0.0017589019505726937,-0.00179969449422088,0.9997420969631201,0.35217714309692383,0.24205903708934784,-0.11011810600757599,2.939835892077895e-05,0.9999706016410792,False,False,False,False,False,False,False,False,False,False,True,lowest_parent_attack
6,strict_weight4_seed42,strict_frozen_weight4,42,sealed_final_attack,attack,93692,chunk98:13588,processed/iotsim-ip-camera-street-1.csv,1737236099.924779,1244657,TCP Scan,ip-camera-street,0.0017589019505726937,-0.00179969449422088,0.9997420969631201,0.36408254504203796,0.23568107187747955,-0.1284014731645584,2.939835892077895e-05,0.9999706016410792,False,False,False,False,False,False,False,False,False,False,True,lowest_parent_attack
6,strict_weight4_seed42,strict_frozen_weight4,42,sealed_final_attack,attack,93691,chunk98:13587,processed/iotsim-ip-camera-street-1.csv,1737236099.920246,1244656,TCP Scan,ip-camera-street,0.0017589019505726937,-0.00179969449422088,0.9997420969631201,0.364082932472229,0.2960418164730072,-0.0680411159992218,2.939835892077895e-05,0.9999706016410792,False,False,False,False,False,False,False,False,False,False,True,lowest_parent_attack
6,strict_weight4_seed42,strict_frozen_weight4,42,sealed_final_attack,attack,93694,chunk98:13590,processed/iotsim-ip-camera-street-1.csv,1737236099.924816,1244659,TCP Scan,ip-camera-street,0.0017589019505726937,-0.00179969449422088,0.9997420969631201,0.36408254504203796,0.24872519075870514,-0.11535735428333282,2.939835892077895e-05,0.9999706016410792,False,False,False,False,False,False,False,False,False,False,True,lowest_parent_attack
6,strict_weight4_seed42,strict_frozen_weight4,42,sealed_final_attack,attack,85195,chunk98:5091,processed/iotsim-ip-camera-street-1.csv,1737236055.557472,1230686,TCP Scan,ip-camera-street,0.0017589019505726937,-0.00179969449422088,0.9997420969631201,0.3540678918361664,0.23241232335567474,-0.12165556848049164,2.939835892077895e-05,0.9999706016410792,False,False,False,False,False,False,False,False,False,False,True,lowest_parent_attack
6,strict_weight4_seed42,strict_frozen_weight4,42,sealed_final_attack,attack,22,chunk88:22,processed/iotsim-ip-camera-street-1.csv,1737236130.062302,1254916,C&C Communication,ip-camera-street,0.0018534874274227574,-0.0017051090173708164,0.9997420969631201,0.2993846833705902,0.24578574299812317,-0.05359894037246704,2.939835892077895e-05,0.9999706016410792,False,False,False,False,False,False,False,False,False,False,True,lowest_parent_attack
6,strict_weight4_seed42,strict_frozen_weight4,42,sealed_final_attack,attack,38,chunk88:38,processed/iotsim-ip-camera-street-1.csv,1737236235.030823,1294111,C&C Communication,ip-camera-street,0.0018534874274227574,-0.0017051090173708164,0.9997420969631201,0.30561959743499756,0.24684260785579681,-0.058776989579200745,2.939835892077895e-05,0.9999706016410792,False,False,False,False,False,False,False,False,False,False,True,lowest_parent_attack
6,strict_weight4_seed42,strict_frozen_weight4,42,sealed_final_attack,attack,33,chunk88:33,processed/iotsim-ip-camera-street-1.csv,1737236205.333041,1282747,C&C Communication,ip-camera-street,0.0018534874274227574,-0.0017051090173708164,0.9997420969631201,0.3329817056655884,0.24657517671585083,-0.08640652894973755,2.939835892077895e-05,0.9999706016410792,False,False,False,False,False,False,False,False,False,False,True,lowest_parent_attack
6,strict_weight4_seed42,strict_frozen_weight4,42,sealed_final_attack,attack,31,chunk88:31,processed/iotsim-ip-camera-street-1.csv,1737236189.964914,1276593,C&C Communication,ip-camera-street,0.0018534874274227574,-0.0017051090173708164,0.9997420969631201,0.28849226236343384,0.24637292325496674,-0.0421193391084671,2.939835892077895e-05,0.9999706016410792,False,False,False,False,False,False,False,False,False,False,True,lowest_parent_attack
6,strict_weight4_seed42,strict_frozen_weight4,42,sealed_final_attack,attack,47,chunk88:47,processed/iotsim-ip-camera-street-1.csv,1737236294.925633,1319049,C&C Communication,ip-camera-street,0.0018534874274227574,-0.0017051090173708164,0.9997420969631201,0.2821638882160187,0.24669726192951202,-0.03546662628650665,2.939835892077895e-05,0.9999706016410792,False,False,False,False,False,False,False,False,False,False,True,lowest_parent_attack
6,strict_weight4_seed42,strict_frozen_weight4,42,sealed_final_attack,attack,20,chunk88:20,processed/iotsim-ip-camera-street-1.csv,1737236114.703107,1249452,C&C Communication,ip-camera-street,0.0018534874274227574,-0.0017051090173708164,0.9997420969631201,0.2974870502948761,0.24526621401309967,-0.05222083628177643,2.939835892077895e-05,0.9999706016410792,False,False,False,False,False,False,False,False,False,False,True,lowest_parent_attack
6,strict_weight4_seed42,strict_frozen_weight4,42,sealed_final_attack,attack,29,chunk88:29,processed/iotsim-ip-camera-street-1.csv,1737236174.607647,1270731,C&C Communication,ip-camera-street,0.0018534874274227574,-0.0017051090173708164,0.9997420969631201,0.3229503333568573,0.2457040250301361,-0.07724630832672119,2.939835892077895e-05,0.9999706016410792,False,False,False,False,False,False,False,False,False,False,True,lowest_parent_attack
6,strict_weight4_seed42,strict_frozen_weight4,42,sealed_final_attack,attack,13,chunk88:13,processed/iotsim-ip-camera-street-1.csv,1737236070.158414,1234967,C&C Communication,ip-camera-street,0.0018534874274227574,-0.0017051090173708164,0.9997420969631201,0.29735174775123596,0.24350601434707642,-0.053845733404159546,2.939835892077895e-05,0.9999706016410792,False,False,False,False,False,False,False,False,False,False,True,lowest_parent_attack
6,strict_weight4_seed42,strict_frozen_weight4,42,sealed_final_attack,attack,49,chunk88:49,processed/iotsim-ip-camera-street-1.csv,1737236310.2945,1325522,C&C Communication,ip-camera-street,0.0018534874274227574,-0.0017051090173708164,0.9997420969631201,0.26422110199928284,0.24698425829410553,-0.017236843705177307,2.939835892077895e-05,0.9999706016410792,False,False,False,False,False,False,False,False,False,False,True,lowest_parent_attack
6,strict_weight4_seed42,strict_frozen_weight4,42,sealed_final_attack,attack,40,chunk88:40,processed/iotsim-ip-camera-street-1.csv,1737236250.389924,1300574,C&C Communication,ip-camera-street,0.001892314762883664,-0.0016662816819099098,0.9997420969631201,0.3084501624107361,0.24679894745349884,-0.061651214957237244,2.939835892077895e-05,0.9999706016410792,False,False,False,False,False,False,False,False,False,False,True,lowest_parent_attack
6,strict_weight4_seed42,strict_frozen_weight4,42,sealed_final_attack,attack,51,chunk88:51,processed/iotsim-ip-camera-street-1.csv,1737236325.646689,1333154,C&C Communication,ip-camera-street,0.001892314762883664,-0.0016662816819099098,0.9997420969631201,0.3052062392234802,0.24705617129802704,-0.058150067925453186,2.939835892077895e-05,0.9999706016410792,False,False,False,False,False,False,False,False,False,False,True,lowest_parent_attack
6,strict_weight4_seed42,strict_frozen_weight4,42,sealed_final_attack,attack,42,chunk88:42,processed/iotsim-ip-camera-street-1.csv,1737236265.741777,1306822,C&C Communication,ip-camera-street,0.001892314762883664,-0.0016662816819099098,0.9997420969631201,0.2724018692970276,0.2468883991241455,-0.02551347017288208,2.939835892077895e-05,0.9999706016410792,False,False,False,False,False,False,False,False,False,False,True,lowest_parent_attack
6,strict_weight4_seed42,strict_frozen_weight4,42,sealed_final_attack,attack,15,chunk88:15,processed/iotsim-ip-camera-street-1.csv,1737236085.518419,1240134,C&C Communication,ip-camera-street,0.001892314762883664,-0.0016662816819099098,0.9997420969631201,0.30747735500335693,0.244656503200531,-0.06282085180282593,2.939835892077895e-05,0.9999706016410792,False,False,False,False,False,False,False,False,False,False,True,lowest_parent_attack
6,strict_weight4_seed42,strict_frozen_weight4,42,sealed_final_attack,attack,24,chunk88:24,processed/iotsim-ip-camera-street-1.csv,1737236145.424163,1260381,C&C Communication,ip-camera-street,0.001892314762883664,-0.0016662816819099098,0.9997420969631201,0.3013473451137543,0.24605122208595276,-0.055296123027801514,2.939835892077895e-05,0.9999706016410792,False,False,False,False,False,False,False,False,False,False,True,lowest_parent_attack
6,strict_weight4_seed42,strict_frozen_weight4,42,sealed_final_attack,attack,80063,chunk97:33,processed/iotsim-ip-camera-street-1.csv,1737236268.415494,1308106,Reporting,ip-camera-street,0.0019275656042027965,-0.0016310308405907772,0.9997420969631201,0.3006713390350342,0.23825527727603912,-0.062416061758995056,2.939835892077895e-05,0.9999706016410792,False,False,False,False,False,False,False,False,False,False,True,lowest_parent_attack
6,strict_weight4_seed42,strict_frozen_weight4,42,sealed_final_attack,attack,80059,chunk97:29,processed/iotsim-ip-camera-street-1.csv,1737236261.529522,1305017,Reporting,ip-camera-street,0.0019275656042027965,-0.0016310308405907772,0.9997420969631201,0.28775447607040405,0.2432113140821457,-0.04454316198825836,2.939835892077895e-05,0.9999706016410792,False,False,False,False,False,False,False,False,False,False,True,lowest_parent_attack
6,strict_weight4_seed42,strict_frozen_weight4,42,sealed_final_attack,attack,80055,chunk97:25,processed/iotsim-ip-camera-street-1.csv,1737236261.522624,1305007,Reporting,ip-camera-street,0.0019275656042027965,-0.0016310308405907772,0.9997420969631201,0.28617462515830994,0.2532011568546295,-0.03297346830368042,2.939835892077895e-05,0.9999706016410792,False,False,False,False,False,False,False,False,False,False,True,lowest_parent_attack
6,strict_weight4_seed42,strict_frozen_weight4,42,sealed_final_attack,attack,80069,chunk97:39,processed/iotsim-ip-camera-street-1.csv,1737236268.438366,1308116,Reporting,ip-camera-street,0.0019275656042027965,-0.0016310308405907772,0.9997420969631201,0.3054933249950409,0.2310234159231186,-0.0744699090719223,2.939835892077895e-05,0.9999706016410792,False,False,False,False,False,False,False,False,False,False,True,lowest_parent_attack
6,strict_weight4_seed42,strict_frozen_weight4,42,sealed_final_attack,attack,45,chunk88:45,processed/iotsim-ip-camera-street-1.csv,1737236279.613232,1312821,C&C Communication,ip-camera-street,0.0019275656042027965,-0.0016310308405907772,0.9997420969631201,0.28086110949516296,0.24411746859550476,-0.0367436408996582,2.939835892077895e-05,0.9999706016410792,False,False,False,False,False,False,False,False,False,False,True,lowest_parent_attack
6,strict_weight4_seed42,strict_frozen_weight4,42,sealed_final_attack,attack,36,chunk88:36,processed/iotsim-ip-camera-street-1.csv,1737236219.548118,1287488,C&C Communication,ip-camera-street,0.0019275656042027965,-0.0016310308405907772,0.9997420969631201,0.305759072303772,0.24445994198322296,-0.06129913032054901,2.939835892077895e-05,0.9999706016410792,False,False,False,False,False,False,False,False,False,False,True,lowest_parent_attack
6,strict_weight4_seed42,strict_frozen_weight4,42,sealed_final_attack,attack,18,chunk88:18,processed/iotsim-ip-camera-street-1.csv,1737236099.417903,1244470,C&C Communication,ip-camera-street,0.0019275656042027965,-0.0016310308405907772,0.9997420969631201,0.3264863193035126,0.24247655272483826,-0.08400976657867432,2.939835892077895e-05,0.9999706016410792,False,False,False,False,False,False,False,False,False,False,True,lowest_parent_attack
6,strict_weight4_seed42,strict_frozen_weight4,42,sealed_final_attack,attack,27,chunk88:27,processed/iotsim-ip-camera-street-1.csv,1737236159.483469,1265152,C&C Communication,ip-camera-street,0.0019275656042027965,-0.0016310308405907772,0.9997420969631201,0.302896112203598,0.24371851980686188,-0.059177592396736145,2.939835892077895e-05,0.9999706016410792,False,False,False,False,False,False,False,False,False,False,True,lowest_parent_attack
6,strict_weight4_seed42,strict_frozen_weight4,42,sealed_final_attack,attack,80060,chunk97:30,processed/iotsim-ip-camera-street-1.csv,1737236261.533135,1305018,Reporting,ip-camera-street,0.0019275656042027965,-0.0016310308405907772,0.9997420969631201,0.2877691090106964,0.2378215342760086,-0.049947574734687805,2.939835892077895e-05,0.9999706016410792,False,False,False,False,False,False,False,False,False,False,True,lowest_parent_attack
6,strict_weight4_seed42,strict_frozen_weight4,42,sealed_final_attack,attack,80068,chunk97:38,processed/iotsim-ip-camera-street-1.csv,1737236268.438331,1308115,Reporting,ip-camera-street,0.0019275656042027965,-0.0016310308405907772,0.9997420969631201,0.3054707646369934,0.23345527052879333,-0.07201549410820007,2.939835892077895e-05,0.9999706016410792,False,False,False,False,False,False,False,False,False,False,True,lowest_parent_attack
6,strict_weight4_seed42,strict_frozen_weight4,42,sealed_final_attack,attack,80039,chunk97:9,processed/iotsim-ip-camera-street-1.csv,1737236155.117648,1263676,Reporting,ip-camera-street,0.001967941688988057,-0.0015906547558055166,0.9997420969631201,0.31992802023887634,0.3329211175441742,0.012993097305297852,2.939835892077895e-05,0.9999706016410792,False,False,False,False,False,False,False,False,False,False,True,lowest_parent_attack
