job_index,job_label,weighting,seed,role,role_kind,row_index_in_role,global_id,source_group,packet_timestamp_epoch,recorded_index,attack_label,device,attack_score,attack_margin,ood_risk,d_attack_outer_min,d_benign_core_min,benign_minus_attack_distance,temporal_attack_score,temporal_ood_risk,raw_alarm,hard_alarm,suppress,high_ood_risk,strong_attack,temporal_raw_alarm,temporal_hard_alarm,temporal_suppress,temporal_high_ood_risk,temporal_strong_attack,temporal_unknown,selector
1,medium_ratio_seed42,medium_mass_ratio_recalibrated,42,ood_stress,benign_ood,229899,cert1m:699999,processed/iotsim-stream-consumer-1.csv,1736882455.2457,149999,benign,iotsim-stream-consumer-1,0.95145989269624,0.9344614074096002,0.017722441787885387,0.12537218630313873,1.1728665828704834,1.0474944114685059,0.9998206696579218,0.00017933034207811882,True,True,False,False,True,True,True,False,False,True,False,top_temporal_attack
1,medium_ratio_seed42,medium_mass_ratio_recalibrated,42,ood_stress,benign_ood,0,cert1m:205050,processed/iotsim-stream-consumer-2.csv,1736880021.888918,50,benign,iotsim-stream-consumer-2,0.9476297202882511,0.9306312350016113,0.017722441787885387,0.11604660749435425,0.20183995366096497,0.08579334616661072,0.9998206696579218,0.00017933034207811882,True,True,False,False,True,True,True,False,False,True,False,top_temporal_attack
1,medium_ratio_seed42,medium_mass_ratio_recalibrated,42,ood_stress,benign_ood,1,cert1m:205051,processed/iotsim-stream-consumer-2.csv,1736880021.88894,51,benign,iotsim-stream-consumer-2,0.9476297202882511,0.9306312350016113,0.017722441787885387,0.11536656320095062,0.20128022134304047,0.08591365814208984,0.9998206696579218,0.00017933034207811882,True,True,False,False,True,True,True,False,False,True,False,top_temporal_attack
1,medium_ratio_seed42,medium_mass_ratio_recalibrated,42,ood_stress,benign_ood,2,cert1m:205052,processed/iotsim-stream-consumer-2.csv,1736880021.888956,52,benign,iotsim-stream-consumer-2,0.9476297202882511,0.9306312350016113,0.017722441787885387,0.1147373616695404,0.20072050392627716,0.08598314225673676,0.9998206696579218,0.00017933034207811882,True,True,False,False,True,True,True,False,False,True,False,top_temporal_attack
1,medium_ratio_seed42,medium_mass_ratio_recalibrated,42,ood_stress,benign_ood,3,cert1m:205053,processed/iotsim-stream-consumer-2.csv,1736880021.888964,53,benign,iotsim-stream-consumer-2,0.9476297202882511,0.9306312350016113,0.017722441787885387,0.11415528506040573,0.20016077160835266,0.08600548654794693,0.9998206696579218,0.00017933034207811882,True,True,False,False,True,True,True,False,False,True,False,top_temporal_attack
1,medium_ratio_seed42,medium_mass_ratio_recalibrated,42,ood_stress,benign_ood,4,cert1m:205054,processed/iotsim-stream-consumer-2.csv,1736880021.889919,54,benign,iotsim-stream-consumer-2,0.95145989269624,0.9344614074096002,0.017722441787885387,0.13087692856788635,0.19962634146213531,0.06874941289424896,0.9998206696579218,0.00017933034207811882,True,True,False,False,True,True,True,False,False,True,False,top_temporal_attack
1,medium_ratio_seed42,medium_mass_ratio_recalibrated,42,ood_stress,benign_ood,5,cert1m:205055,processed/iotsim-stream-consumer-2.csv,1736880021.921612,55,benign,iotsim-stream-consumer-2,0.95145989269624,0.9344614074096002,0.017722441787885387,0.12956354022026062,0.19989344477653503,0.07032990455627441,0.9998206696579218,0.00017933034207811882,True,True,False,False,True,True,True,False,False,True,False,top_temporal_attack
1,medium_ratio_seed42,medium_mass_ratio_recalibrated,42,ood_stress,benign_ood,6,cert1m:205056,processed/iotsim-stream-consumer-2.csv,1736880021.922445,56,benign,iotsim-stream-consumer-2,0.95145989269624,0.9344614074096002,0.017722441787885387,0.12827955186367035,0.1993546038866043,0.07107505202293396,0.9998206696579218,0.00017933034207811882,True,True,False,False,True,True,True,False,False,True,False,top_temporal_attack
1,medium_ratio_seed42,medium_mass_ratio_recalibrated,42,ood_stress,benign_ood,7,cert1m:205057,processed/iotsim-stream-consumer-2.csv,1736880021.922457,57,benign,iotsim-stream-consumer-2,0.95145989269624,0.9344614074096002,0.017722441787885387,0.12813104689121246,0.19879482686519623,0.07066377997398376,0.9998206696579218,0.00017933034207811882,True,True,False,False,True,True,True,False,False,True,False,top_temporal_attack
1,medium_ratio_seed42,medium_mass_ratio_recalibrated,42,ood_stress,benign_ood,8,cert1m:205058,processed/iotsim-stream-consumer-2.csv,1736880021.961443,58,benign,iotsim-stream-consumer-2,0.95145989269624,0.9344614074096002,0.017722441787885387,0.12699371576309204,0.1992342621088028,0.07224054634571075,0.9998206696579218,0.00017933034207811882,True,True,False,False,True,True,True,False,False,True,False,top_temporal_attack
1,medium_ratio_seed42,medium_mass_ratio_recalibrated,42,ood_stress,benign_ood,9,cert1m:205059,processed/iotsim-stream-consumer-2.csv,1736880021.961463,59,benign,iotsim-stream-consumer-2,0.95145989269624,0.9344614074096002,0.017722441787885387,0.13168880343437195,0.19867409765720367,0.06698529422283173,0.9998206696579218,0.00017933034207811882,True,True,False,False,True,True,True,False,False,True,False,top_temporal_attack
1,medium_ratio_seed42,medium_mass_ratio_recalibrated,42,ood_stress,benign_ood,10,cert1m:205060,processed/iotsim-stream-consumer-2.csv,1736880022.00244,60,benign,iotsim-stream-consumer-2,0.95145989269624,0.9344614074096002,0.017722441787885387,0.1304343044757843,0.19911694526672363,0.06868264079093933,0.9998206696579218,0.00017933034207811882,True,True,False,False,True,True,True,False,False,True,False,top_temporal_attack
1,medium_ratio_seed42,medium_mass_ratio_recalibrated,42,ood_stress,benign_ood,11,cert1m:205061,processed/iotsim-stream-consumer-2.csv,1736880022.002488,61,benign,iotsim-stream-consumer-2,0.95145989269624,0.9344614074096002,0.017722441787885387,0.12933126091957092,0.1985568255186081,0.06922556459903717,0.9998206696579218,0.00017933034207811882,True,True,False,False,True,True,True,False,False,True,False,top_temporal_attack
1,medium_ratio_seed42,medium_mass_ratio_recalibrated,42,ood_stress,benign_ood,229883,cert1m:699983,processed/iotsim-stream-consumer-1.csv,1736882455.165545,149983,benign,iotsim-stream-consumer-1,0.95145989269624,0.9344614074096002,0.017722441787885387,0.12582623958587646,1.216896653175354,1.0910704135894775,0.9998206696579218,0.00017933034207811882,True,True,False,False,True,True,True,False,False,True,False,top_temporal_attack
1,medium_ratio_seed42,medium_mass_ratio_recalibrated,42,ood_stress,benign_ood,229882,cert1m:699982,processed/iotsim-stream-consumer-1.csv,1736882455.165538,149982,benign,iotsim-stream-consumer-1,0.95145989269624,0.9344614074096002,0.017722441787885387,0.12590830028057098,1.2206201553344727,1.0947118997573853,0.9998206696579218,0.00017933034207811882,True,True,False,False,True,True,True,False,False,True,False,top_temporal_attack
1,medium_ratio_seed42,medium_mass_ratio_recalibrated,42,ood_stress,benign_ood,229881,cert1m:699981,processed/iotsim-stream-consumer-1.csv,1736882455.165522,149981,benign,iotsim-stream-consumer-1,0.95145989269624,0.9344614074096002,0.017722441787885387,0.12599600851535797,1.22446608543396,1.0984700918197632,0.9998206696579218,0.00017933034207811882,True,True,False,False,True,True,True,False,False,True,False,top_temporal_attack
1,medium_ratio_seed42,medium_mass_ratio_recalibrated,42,ood_stress,benign_ood,229880,cert1m:699980,processed/iotsim-stream-consumer-1.csv,1736882455.165512,149980,benign,iotsim-stream-consumer-1,0.95145989269624,0.9344614074096002,0.017722441787885387,0.12608979642391205,1.2284400463104248,1.1023502349853516,0.9998206696579218,0.00017933034207811882,True,True,False,False,True,True,True,False,False,True,False,top_temporal_attack
1,medium_ratio_seed42,medium_mass_ratio_recalibrated,42,ood_stress,benign_ood,229879,cert1m:699979,processed/iotsim-stream-consumer-1.csv,1736882455.165486,149979,benign,iotsim-stream-consumer-1,0.95145989269624,0.9344614074096002,0.017722441787885387,0.1261899620294571,1.2325481176376343,1.1063581705093384,0.9998206696579218,0.00017933034207811882,True,True,False,False,True,True,True,False,False,True,False,top_temporal_attack
1,medium_ratio_seed42,medium_mass_ratio_recalibrated,42,ood_stress,benign_ood,229878,cert1m:699978,processed/iotsim-stream-consumer-1.csv,1736882455.134822,149978,benign,iotsim-stream-consumer-1,0.95145989269624,0.9344614074096002,0.017722441787885387,0.12622153759002686,1.2326027154922485,1.1063811779022217,0.9998206696579218,0.00017933034207811882,True,True,False,False,True,True,True,False,False,True,False,top_temporal_attack
1,medium_ratio_seed42,medium_mass_ratio_recalibrated,42,ood_stress,benign_ood,229877,cert1m:699977,processed/iotsim-stream-consumer-1.csv,1736882455.134785,149977,benign,iotsim-stream-consumer-1,0.95145989269624,0.9344614074096002,0.017722441787885387,0.12544000148773193,1.1726025342941284,1.0471625328063965,0.9998206696579218,0.00017933034207811882,True,True,False,False,True,True,True,False,False,True,False,top_temporal_attack
1,medium_ratio_seed42,medium_mass_ratio_recalibrated,42,ood_stress,benign_ood,229876,cert1m:699976,processed/iotsim-stream-consumer-1.csv,1736882455.094429,149976,benign,iotsim-stream-consumer-1,0.95145989269624,0.9344614074096002,0.017722441787885387,0.12536916136741638,1.1734706163406372,1.0481014251708984,0.9998206696579218,0.00017933034207811882,True,True,False,False,True,True,True,False,False,True,False,top_temporal_attack
1,medium_ratio_seed42,medium_mass_ratio_recalibrated,42,ood_stress,benign_ood,229875,cert1m:699975,processed/iotsim-stream-consumer-1.csv,1736882455.094405,149975,benign,iotsim-stream-consumer-1,0.95145989269624,0.9344614074096002,0.017722441787885387,0.12533323466777802,1.146292805671692,1.0209596157073975,0.9998206696579218,0.00017933034207811882,True,True,False,False,True,True,True,False,False,True,False,top_temporal_attack
1,medium_ratio_seed42,medium_mass_ratio_recalibrated,42,ood_stress,benign_ood,229874,cert1m:699974,processed/iotsim-stream-consumer-1.csv,1736882455.054714,149974,benign,iotsim-stream-consumer-1,0.95145989269624,0.9344614074096002,0.017722441787885387,0.12523195147514343,1.148334264755249,1.0231022834777832,0.9998206696579218,0.00017933034207811882,True,True,False,False,True,True,True,False,False,True,False,top_temporal_attack
1,medium_ratio_seed42,medium_mass_ratio_recalibrated,42,ood_stress,benign_ood,229873,cert1m:699973,processed/iotsim-stream-consumer-1.csv,1736882455.054691,149973,benign,iotsim-stream-consumer-1,0.95145989269624,0.9344614074096002,0.017722441787885387,0.12519407272338867,1.1497480869293213,1.0245540142059326,0.9998206696579218,0.00017933034207811882,True,True,False,False,True,True,True,False,False,True,False,top_temporal_attack
1,medium_ratio_seed42,medium_mass_ratio_recalibrated,42,ood_stress,benign_ood,229872,cert1m:699972,processed/iotsim-stream-consumer-1.csv,1736882455.015534,149972,benign,iotsim-stream-consumer-1,0.95145989269624,0.9344614074096002,0.017722441787885387,0.12509122490882874,1.1500765085220337,1.0249853134155273,0.9998206696579218,0.00017933034207811882,True,True,False,False,True,True,True,False,False,True,False,top_temporal_attack
1,medium_ratio_seed42,medium_mass_ratio_recalibrated,42,ood_stress,benign_ood,229871,cert1m:699971,processed/iotsim-stream-consumer-1.csv,1736882455.014479,149971,benign,iotsim-stream-consumer-1,0.95145989269624,0.9344614074096002,0.017722441787885387,0.12531593441963196,1.1268051862716675,1.001489281654358,0.9998206696579218,0.00017933034207811882,True,True,False,False,True,True,True,False,False,True,False,top_temporal_attack
1,medium_ratio_seed42,medium_mass_ratio_recalibrated,42,ood_stress,benign_ood,229870,cert1m:699970,processed/iotsim-stream-consumer-1.csv,1736882455.014466,149970,benign,iotsim-stream-consumer-1,0.95145989269624,0.9344614074096002,0.017722441787885387,0.12530913949012756,1.1282168626785278,1.0029077529907227,0.9998206696579218,0.00017933034207811882,True,True,False,False,True,True,True,False,False,True,False,top_temporal_attack
1,medium_ratio_seed42,medium_mass_ratio_recalibrated,42,ood_stress,benign_ood,229869,cert1m:699969,processed/iotsim-stream-consumer-1.csv,1736882455.014461,149969,benign,iotsim-stream-consumer-1,0.95145989269624,0.9344614074096002,0.017722441787885387,0.12530316412448883,1.1296625137329102,1.0043593645095825,0.9998206696579218,0.00017933034207811882,True,True,False,False,True,True,True,False,False,True,False,top_temporal_attack
1,medium_ratio_seed42,medium_mass_ratio_recalibrated,42,ood_stress,benign_ood,229868,cert1m:699968,processed/iotsim-stream-consumer-1.csv,1736882455.014454,149968,benign,iotsim-stream-consumer-1,0.95145989269624,0.9344614074096002,0.017722441787885387,0.12529803812503815,1.1311434507369995,1.0058454275131226,0.9998206696579218,0.00017933034207811882,True,True,False,False,True,True,True,False,False,True,False,top_temporal_attack
1,medium_ratio_seed42,medium_mass_ratio_recalibrated,42,ood_stress,benign_ood,44,cert1m:205094,processed/iotsim-stream-consumer-2.csv,1736880022.192955,94,benign,iotsim-stream-consumer-2,0.95145989269624,0.9344614074096002,0.017722441787885387,0.11718686670064926,0.1859748661518097,0.06878799945116043,0.9998206696579218,0.00017933034207811882,True,True,False,False,True,True,True,False,False,True,False,top_temporal_attack
1,medium_ratio_seed42,medium_mass_ratio_recalibrated,42,ood_stress,benign_ood,43,cert1m:205093,processed/iotsim-stream-consumer-2.csv,1736880022.192951,93,benign,iotsim-stream-consumer-2,0.95145989269624,0.9344614074096002,0.017722441787885387,0.11763161420822144,0.18653498589992523,0.0689033716917038,0.9998206696579218,0.00017933034207811882,True,True,False,False,True,True,True,False,False,True,False,top_temporal_attack
1,medium_ratio_seed42,medium_mass_ratio_recalibrated,42,ood_stress,benign_ood,42,cert1m:205092,processed/iotsim-stream-consumer-2.csv,1736880022.192943,92,benign,iotsim-stream-consumer-2,0.95145989269624,0.9344614074096002,0.017722441787885387,0.11810027062892914,0.18709519505500793,0.0689949244260788,0.9998206696579218,0.00017933034207811882,True,True,False,False,True,True,True,False,False,True,False,top_temporal_attack
1,medium_ratio_seed42,medium_mass_ratio_recalibrated,42,ood_stress,benign_ood,41,cert1m:205091,processed/iotsim-stream-consumer-2.csv,1736880022.192938,91,benign,iotsim-stream-consumer-2,0.95145989269624,0.9344614074096002,0.017722441787885387,0.1185944527387619,0.18765567243099213,0.06906121969223022,0.9998206696579218,0.00017933034207811882,True,True,False,False,True,True,True,False,False,True,False,top_temporal_attack
1,medium_ratio_seed42,medium_mass_ratio_recalibrated,42,ood_stress,benign_ood,40,cert1m:205090,processed/iotsim-stream-consumer-2.csv,1736880022.192933,90,benign,iotsim-stream-consumer-2,0.95145989269624,0.9344614074096002,0.017722441787885387,0.11911585181951523,0.18821635842323303,0.0691005066037178,0.9998206696579218,0.00017933034207811882,True,True,False,False,True,True,True,False,False,True,False,top_temporal_attack
1,medium_ratio_seed42,medium_mass_ratio_recalibrated,42,ood_stress,benign_ood,39,cert1m:205089,processed/iotsim-stream-consumer-2.csv,1736880022.192926,89,benign,iotsim-stream-consumer-2,0.95145989269624,0.9344614074096002,0.017722441787885387,0.11966633051633835,0.1887771487236023,0.06911081820726395,0.9998206696579218,0.00017933034207811882,True,True,False,False,True,True,True,False,False,True,False,top_temporal_attack
1,medium_ratio_seed42,medium_mass_ratio_recalibrated,42,ood_stress,benign_ood,38,cert1m:205088,processed/iotsim-stream-consumer-2.csv,1736880022.192919,88,benign,iotsim-stream-consumer-2,0.95145989269624,0.9344614074096002,0.017722441787885387,0.12024793773889542,0.18933814764022827,0.06909020990133286,0.9998206696579218,0.00017933034207811882,True,True,False,False,True,True,True,False,False,True,False,top_temporal_attack
1,medium_ratio_seed42,medium_mass_ratio_recalibrated,42,ood_stress,benign_ood,37,cert1m:205087,processed/iotsim-stream-consumer-2.csv,1736880022.192892,87,benign,iotsim-stream-consumer-2,0.95145989269624,0.9344614074096002,0.017722441787885387,0.12086287885904312,0.1898987889289856,0.06903591006994247,0.9998206696579218,0.00017933034207811882,True,True,False,False,True,True,True,False,False,True,False,top_temporal_attack
1,medium_ratio_seed42,medium_mass_ratio_recalibrated,42,ood_stress,benign_ood,36,cert1m:205086,processed/iotsim-stream-consumer-2.csv,1736880022.153671,86,benign,iotsim-stream-consumer-2,0.95145989269624,0.9344614074096002,0.017722441787885387,0.12145061790943146,0.18937307596206665,0.06792245805263519,0.9998206696579218,0.00017933034207811882,True,True,False,False,True,True,True,False,False,True,False,top_temporal_attack
1,medium_ratio_seed42,medium_mass_ratio_recalibrated,42,ood_stress,benign_ood,35,cert1m:205085,processed/iotsim-stream-consumer-2.csv,1736880022.153652,85,benign,iotsim-stream-consumer-2,0.95145989269624,0.9344614074096002,0.017722441787885387,0.12014739215373993,0.18993330001831055,0.06978590786457062,0.9998206696579218,0.00017933034207811882,True,True,False,False,True,True,True,False,False,True,False,top_temporal_attack
1,medium_ratio_seed42,medium_mass_ratio_recalibrated,42,ood_stress,benign_ood,34,cert1m:205084,processed/iotsim-stream-consumer-2.csv,1736880022.12447,84,benign,iotsim-stream-consumer-2,0.95145989269624,0.9344614074096002,0.017722441787885387,0.1207263171672821,0.18965762853622437,0.06893131136894226,0.9998206696579218,0.00017933034207811882,True,True,False,False,True,True,True,False,False,True,False,top_temporal_attack
1,medium_ratio_seed42,medium_mass_ratio_recalibrated,42,ood_stress,benign_ood,33,cert1m:205083,processed/iotsim-stream-consumer-2.csv,1736880022.124438,83,benign,iotsim-stream-consumer-2,0.95145989269624,0.9344614074096002,0.017722441787885387,0.12064430862665176,0.19021709263324738,0.06957278400659561,0.9998206696579218,0.00017933034207811882,True,True,False,False,True,True,True,False,False,True,False,top_temporal_attack
1,medium_ratio_seed42,medium_mass_ratio_recalibrated,42,ood_stress,benign_ood,32,cert1m:205082,processed/iotsim-stream-consumer-2.csv,1736880022.083569,82,benign,iotsim-stream-consumer-2,0.9196457470852503,0.9026472617986104,0.05442206970559179,0.21459266543388367,0.22321103513240814,0.008618369698524475,0.9998206696579218,0.00017933034207811882,True,True,False,False,True,True,True,False,False,True,False,top_temporal_attack
1,medium_ratio_seed42,medium_mass_ratio_recalibrated,42,ood_stress,benign_ood,31,cert1m:205081,processed/iotsim-stream-consumer-2.csv,1736880022.083524,81,benign,iotsim-stream-consumer-2,0.95145989269624,0.9344614074096002,0.017722441787885387,0.1214616522192955,0.18956004083156586,0.06809838861227036,0.9998206696579218,0.00017933034207811882,True,True,False,False,True,True,True,False,False,True,False,top_temporal_attack
1,medium_ratio_seed42,medium_mass_ratio_recalibrated,42,ood_stress,benign_ood,30,cert1m:205080,processed/iotsim-stream-consumer-2.csv,1736880022.083515,80,benign,iotsim-stream-consumer-2,0.95145989269624,0.9344614074096002,0.017722441787885387,0.11834385246038437,0.1901194304227829,0.07177557796239853,0.9998206696579218,0.00017933034207811882,True,True,False,False,True,True,True,False,False,True,False,top_temporal_attack
1,medium_ratio_seed42,medium_mass_ratio_recalibrated,42,ood_stress,benign_ood,29,cert1m:205079,processed/iotsim-stream-consumer-2.csv,1736880022.083481,79,benign,iotsim-stream-consumer-2,0.95145989269624,0.9344614074096002,0.017722441787885387,0.11891161650419235,0.19067825376987457,0.07176663726568222,0.9998206696579218,0.00017933034207811882,True,True,False,False,True,True,True,False,False,True,False,top_temporal_attack
1,medium_ratio_seed42,medium_mass_ratio_recalibrated,42,ood_stress,benign_ood,60,cert1m:205110,processed/iotsim-stream-consumer-2.csv,1736880022.315832,110,benign,iotsim-stream-consumer-2,0.95145989269624,0.9344614074096002,0.017722441787885387,0.13227857649326324,0.1811484545469284,0.04886987805366516,0.9998206696579218,0.00017933034207811882,True,True,False,False,True,True,True,False,False,True,False,top_temporal_attack
1,medium_ratio_seed42,medium_mass_ratio_recalibrated,42,ood_stress,benign_ood,59,cert1m:205109,processed/iotsim-stream-consumer-2.csv,1736880022.315808,109,benign,iotsim-stream-consumer-2,0.95145989269624,0.9344614074096002,0.017722441787885387,0.12445463240146637,0.1817084550857544,0.057253822684288025,0.9998206696579218,0.00017933034207811882,True,True,False,False,True,True,True,False,False,True,False,top_temporal_attack
1,medium_ratio_seed42,medium_mass_ratio_recalibrated,42,ood_stress,benign_ood,58,cert1m:205108,processed/iotsim-stream-consumer-2.csv,1736880022.273553,108,benign,iotsim-stream-consumer-2,0.95145989269624,0.9344614074096002,0.017722441787885387,0.1250821202993393,0.18091489374637604,0.05583277344703674,0.9998206696579218,0.00017933034207811882,True,True,False,False,True,True,True,False,False,True,False,top_temporal_attack
1,medium_ratio_seed42,medium_mass_ratio_recalibrated,42,ood_stress,benign_ood,57,cert1m:205107,processed/iotsim-stream-consumer-2.csv,1736880022.273526,107,benign,iotsim-stream-consumer-2,0.95145989269624,0.9344614074096002,0.017722441787885387,0.12306568026542664,0.181473970413208,0.05840829014778137,0.9998206696579218,0.00017933034207811882,True,True,False,False,True,True,True,False,False,True,False,top_temporal_attack
1,medium_ratio_seed42,medium_mass_ratio_recalibrated,42,ood_stress,benign_ood,56,cert1m:205106,processed/iotsim-stream-consumer-2.csv,1736880022.23293,106,benign,iotsim-stream-consumer-2,0.95145989269624,0.9344614074096002,0.017722441787885387,0.12363876402378082,0.18066194653511047,0.05702318251132965,0.9998206696579218,0.00017933034207811882,True,True,False,False,True,True,True,False,False,True,False,top_temporal_attack
1,medium_ratio_seed42,medium_mass_ratio_recalibrated,42,ood_stress,benign_ood,55,cert1m:205105,processed/iotsim-stream-consumer-2.csv,1736880022.232924,105,benign,iotsim-stream-consumer-2,0.95145989269624,0.9344614074096002,0.017722441787885387,0.12294425815343857,0.1812208890914917,0.05827663093805313,0.9998206696579218,0.00017933034207811882,True,True,False,False,True,True,True,False,False,True,False,top_temporal_attack
1,medium_ratio_seed42,medium_mass_ratio_recalibrated,42,ood_stress,benign_ood,54,cert1m:205104,processed/iotsim-stream-consumer-2.csv,1736880022.232898,104,benign,iotsim-stream-consumer-2,0.95145989269624,0.9344614074096002,0.017722441787885387,0.12359029054641724,0.18177935481071472,0.058189064264297485,0.9998206696579218,0.00017933034207811882,True,True,False,False,True,True,True,False,False,True,False,top_temporal_attack
1,medium_ratio_seed42,medium_mass_ratio_recalibrated,42,ood_stress,benign_ood,53,cert1m:205103,processed/iotsim-stream-consumer-2.csv,1736880022.193709,103,benign,iotsim-stream-consumer-2,0.95145989269624,0.9344614074096002,0.017722441787885387,0.12419071793556213,0.1809675246477127,0.056776806712150574,0.9998206696579218,0.00017933034207811882,True,True,False,False,True,True,True,False,False,True,False,top_temporal_attack
1,medium_ratio_seed42,medium_mass_ratio_recalibrated,42,ood_stress,benign_ood,52,cert1m:205102,processed/iotsim-stream-consumer-2.csv,1736880022.193704,102,benign,iotsim-stream-consumer-2,0.95145989269624,0.9344614074096002,0.017722441787885387,0.11433970183134079,0.1815258413553238,0.067186139523983,0.9998206696579218,0.00017933034207811882,True,True,False,False,True,True,True,False,False,True,False,top_temporal_attack
1,medium_ratio_seed42,medium_mass_ratio_recalibrated,42,ood_stress,benign_ood,51,cert1m:205101,processed/iotsim-stream-consumer-2.csv,1736880022.193696,101,benign,iotsim-stream-consumer-2,0.95145989269624,0.9344614074096002,0.017722441787885387,0.11463675647974014,0.18208423256874084,0.0674474760890007,0.9998206696579218,0.00017933034207811882,True,True,False,False,True,True,True,False,False,True,False,top_temporal_attack
1,medium_ratio_seed42,medium_mass_ratio_recalibrated,42,ood_stress,benign_ood,50,cert1m:205100,processed/iotsim-stream-consumer-2.csv,1736880022.19299,100,benign,iotsim-stream-consumer-2,0.95145989269624,0.9344614074096002,0.017722441787885387,0.1149473711848259,0.18261858820915222,0.06767121702432632,0.9998206696579218,0.00017933034207811882,True,True,False,False,True,True,True,False,False,True,False,top_temporal_attack
1,medium_ratio_seed42,medium_mass_ratio_recalibrated,42,ood_stress,benign_ood,49,cert1m:205099,processed/iotsim-stream-consumer-2.csv,1736880022.192985,99,benign,iotsim-stream-consumer-2,0.95145989269624,0.9344614074096002,0.017722441787885387,0.11527528613805771,0.18317748606204987,0.06790219992399216,0.9998206696579218,0.00017933034207811882,True,True,False,False,True,True,True,False,False,True,False,top_temporal_attack
1,medium_ratio_seed42,medium_mass_ratio_recalibrated,42,ood_stress,benign_ood,48,cert1m:205098,processed/iotsim-stream-consumer-2.csv,1736880022.19298,98,benign,iotsim-stream-consumer-2,0.95145989269624,0.9344614074096002,0.017722441787885387,0.115619957447052,0.18373659253120422,0.06811663508415222,0.9998206696579218,0.00017933034207811882,True,True,False,False,True,True,True,False,False,True,False,top_temporal_attack
1,medium_ratio_seed42,medium_mass_ratio_recalibrated,42,ood_stress,benign_ood,47,cert1m:205097,processed/iotsim-stream-consumer-2.csv,1736880022.192973,97,benign,iotsim-stream-consumer-2,0.95145989269624,0.9344614074096002,0.017722441787885387,0.11598233878612518,0.18429583311080933,0.06831349432468414,0.9998206696579218,0.00017933034207811882,True,True,False,False,True,True,True,False,False,True,False,top_temporal_attack
1,medium_ratio_seed42,medium_mass_ratio_recalibrated,42,ood_stress,benign_ood,46,cert1m:205096,processed/iotsim-stream-consumer-2.csv,1736880022.192968,96,benign,iotsim-stream-consumer-2,0.95145989269624,0.9344614074096002,0.017722441787885387,0.1163635104894638,0.18485534191131592,0.06849183142185211,0.9998206696579218,0.00017933034207811882,True,True,False,False,True,True,True,False,False,True,False,top_temporal_attack
1,medium_ratio_seed42,medium_mass_ratio_recalibrated,42,ood_stress,benign_ood,45,cert1m:205095,processed/iotsim-stream-consumer-2.csv,1736880022.19296,95,benign,iotsim-stream-consumer-2,0.95145989269624,0.9344614074096002,0.017722441787885387,0.1167646124958992,0.18541495501995087,0.06865034252405167,0.9998206696579218,0.00017933034207811882,True,True,False,False,True,True,True,False,False,True,False,top_temporal_attack
1,medium_ratio_seed42,medium_mass_ratio_recalibrated,42,ood_stress,benign_ood,76,cert1m:205126,processed/iotsim-stream-consumer-2.csv,1736880022.356662,126,benign,iotsim-stream-consumer-2,0.95145989269624,0.9344614074096002,0.017722441787885387,0.12122326344251633,0.1734476536512375,0.05222439020872116,0.9998206696579218,0.00017933034207811882,True,True,False,False,True,True,True,False,False,True,False,top_temporal_attack
1,medium_ratio_seed42,medium_mass_ratio_recalibrated,42,ood_stress,benign_ood,75,cert1m:205125,processed/iotsim-stream-consumer-2.csv,1736880022.356647,125,benign,iotsim-stream-consumer-2,0.95145989269624,0.9344614074096002,0.017722441787885387,0.12171512842178345,0.1740056574344635,0.052290529012680054,0.9998206696579218,0.00017933034207811882,True,True,False,False,True,True,True,False,False,True,False,top_temporal_attack
1,medium_ratio_seed42,medium_mass_ratio_recalibrated,42,ood_stress,benign_ood,74,cert1m:205124,processed/iotsim-stream-consumer-2.csv,1736880022.355832,124,benign,iotsim-stream-consumer-2,0.95145989269624,0.9344614074096002,0.017722441787885387,0.12222576141357422,0.17453376948833466,0.05230800807476044,0.9998206696579218,0.00017933034207811882,True,True,False,False,True,True,True,False,False,True,False,top_temporal_attack
1,medium_ratio_seed42,medium_mass_ratio_recalibrated,42,ood_stress,benign_ood,73,cert1m:205123,processed/iotsim-stream-consumer-2.csv,1736880022.355824,123,benign,iotsim-stream-consumer-2,0.95145989269624,0.9344614074096002,0.017722441787885387,0.12275922298431396,0.1750924289226532,0.05233320593833923,0.9998206696579218,0.00017933034207811882,True,True,False,False,True,True,True,False,False,True,False,top_temporal_attack
1,medium_ratio_seed42,medium_mass_ratio_recalibrated,42,ood_stress,benign_ood,72,cert1m:205122,processed/iotsim-stream-consumer-2.csv,1736880022.355817,122,benign,iotsim-stream-consumer-2,0.95145989269624,0.9344614074096002,0.017722441787885387,0.12331533432006836,0.17565138638019562,0.05233605206012726,0.9998206696579218,0.00017933034207811882,True,True,False,False,True,True,True,False,False,True,False,top_temporal_attack
1,medium_ratio_seed42,medium_mass_ratio_recalibrated,42,ood_stress,benign_ood,71,cert1m:205121,processed/iotsim-stream-consumer-2.csv,1736880022.355795,121,benign,iotsim-stream-consumer-2,0.95145989269624,0.9344614074096002,0.017722441787885387,0.12389540672302246,0.17621000111103058,0.05231459438800812,0.9998206696579218,0.00017933034207811882,True,True,False,False,True,True,True,False,False,True,False,top_temporal_attack
1,medium_ratio_seed42,medium_mass_ratio_recalibrated,42,ood_stress,benign_ood,70,cert1m:205120,processed/iotsim-stream-consumer-2.csv,1736880022.355041,120,benign,iotsim-stream-consumer-2,0.95145989269624,0.9344614074096002,0.017722441787885387,0.12449945509433746,0.17674298584461212,0.05224353075027466,0.9998206696579218,0.00017933034207811882,True,True,False,False,True,True,True,False,False,True,False,top_temporal_attack
1,medium_ratio_seed42,medium_mass_ratio_recalibrated,42,ood_stress,benign_ood,69,cert1m:205119,processed/iotsim-stream-consumer-2.csv,1736880022.354285,119,benign,iotsim-stream-consumer-2,0.95145989269624,0.9344614074096002,0.017722441787885387,0.12512995302677155,0.17727646231651306,0.052146509289741516,0.9998206696579218,0.00017933034207811882,True,True,False,False,True,True,True,False,False,True,False,top_temporal_attack
1,medium_ratio_seed42,medium_mass_ratio_recalibrated,42,ood_stress,benign_ood,68,cert1m:205118,processed/iotsim-stream-consumer-2.csv,1736880022.354277,118,benign,iotsim-stream-consumer-2,0.95145989269624,0.9344614074096002,0.017722441787885387,0.1257897913455963,0.17783617973327637,0.052046388387680054,0.9998206696579218,0.00017933034207811882,True,True,False,False,True,True,True,False,False,True,False,top_temporal_attack
1,medium_ratio_seed42,medium_mass_ratio_recalibrated,42,ood_stress,benign_ood,67,cert1m:205117,processed/iotsim-stream-consumer-2.csv,1736880022.354272,117,benign,iotsim-stream-consumer-2,0.95145989269624,0.9344614074096002,0.017722441787885387,0.12647973001003265,0.17839619517326355,0.051916465163230896,0.9998206696579218,0.00017933034207811882,True,True,False,False,True,True,True,False,False,True,False,top_temporal_attack
1,medium_ratio_seed42,medium_mass_ratio_recalibrated,42,ood_stress,benign_ood,66,cert1m:205116,processed/iotsim-stream-consumer-2.csv,1736880022.354264,116,benign,iotsim-stream-consumer-2,0.95145989269624,0.9344614074096002,0.017722441787885387,0.12720173597335815,0.1789563149213791,0.051754578948020935,0.9998206696579218,0.00017933034207811882,True,True,False,False,True,True,True,False,False,True,False,top_temporal_attack
1,medium_ratio_seed42,medium_mass_ratio_recalibrated,42,ood_stress,benign_ood,65,cert1m:205115,processed/iotsim-stream-consumer-2.csv,1736880022.354258,115,benign,iotsim-stream-consumer-2,0.95145989269624,0.9344614074096002,0.017722441787885387,0.12795785069465637,0.17951668798923492,0.05155883729457855,0.9998206696579218,0.00017933034207811882,True,True,False,False,True,True,True,False,False,True,False,top_temporal_attack
1,medium_ratio_seed42,medium_mass_ratio_recalibrated,42,ood_stress,benign_ood,64,cert1m:205114,processed/iotsim-stream-consumer-2.csv,1736880022.354253,114,benign,iotsim-stream-consumer-2,0.95145989269624,0.9344614074096002,0.017722441787885387,0.12875038385391235,0.18007729947566986,0.05132691562175751,0.9998206696579218,0.00017933034207811882,True,True,False,False,True,True,True,False,False,True,False,top_temporal_attack
1,medium_ratio_seed42,medium_mass_ratio_recalibrated,42,ood_stress,benign_ood,63,cert1m:205113,processed/iotsim-stream-consumer-2.csv,1736880022.354242,113,benign,iotsim-stream-consumer-2,0.95145989269624,0.9344614074096002,0.017722441787885387,0.12958182394504547,0.18063794076442719,0.051056116819381714,0.9998206696579218,0.00017933034207811882,True,True,False,False,True,True,True,False,False,True,False,top_temporal_attack
1,medium_ratio_seed42,medium_mass_ratio_recalibrated,42,ood_stress,benign_ood,62,cert1m:205112,processed/iotsim-stream-consumer-2.csv,1736880022.354236,112,benign,iotsim-stream-consumer-2,0.95145989269624,0.9344614074096002,0.017722441787885387,0.1304548680782318,0.18119889497756958,0.05074402689933777,0.9998206696579218,0.00017933034207811882,True,True,False,False,True,True,True,False,False,True,False,top_temporal_attack
1,medium_ratio_seed42,medium_mass_ratio_recalibrated,42,ood_stress,benign_ood,61,cert1m:205111,processed/iotsim-stream-consumer-2.csv,1736880022.354217,111,benign,iotsim-stream-consumer-2,0.95145989269624,0.9344614074096002,0.017722441787885387,0.13137251138687134,0.18175968527793884,0.050387173891067505,0.9998206696579218,0.00017933034207811882,True,True,False,False,True,True,True,False,False,True,False,top_temporal_attack
1,medium_ratio_seed42,medium_mass_ratio_recalibrated,42,ood_stress,benign_ood,92,cert1m:205142,processed/iotsim-stream-consumer-2.csv,1736880022.515915,142,benign,iotsim-stream-consumer-2,0.95145989269624,0.9344614074096002,0.017722441787885387,0.13147000968456268,0.1701493114233017,0.038679301738739014,0.9998206696579218,0.00017933034207811882,True,True,False,False,True,True,True,False,False,True,False,top_temporal_attack
1,medium_ratio_seed42,medium_mass_ratio_recalibrated,42,ood_stress,benign_ood,91,cert1m:205141,processed/iotsim-stream-consumer-2.csv,1736880022.515911,141,benign,iotsim-stream-consumer-2,0.95145989269624,0.9344614074096002,0.017722441787885387,0.13224464654922485,0.17070916295051575,0.038464516401290894,0.9998206696579218,0.00017933034207811882,True,True,False,False,True,True,True,False,False,True,False,top_temporal_attack
1,medium_ratio_seed42,medium_mass_ratio_recalibrated,42,ood_stress,benign_ood,90,cert1m:205140,processed/iotsim-stream-consumer-2.csv,1736880022.515906,140,benign,iotsim-stream-consumer-2,0.95145989269624,0.9344614074096002,0.017722441787885387,0.1330534964799881,0.17126913368701935,0.03821563720703125,0.9998206696579218,0.00017933034207811882,True,True,False,False,True,True,True,False,False,True,False,top_temporal_attack
1,medium_ratio_seed42,medium_mass_ratio_recalibrated,42,ood_stress,benign_ood,22958,cert1m:228008,processed/iotsim-stream-consumer-2.csv,1736880364.183862,23008,benign,iotsim-stream-consumer-2,0.9768736942773663,0.9598752089907264,0.017046214423948026,0.13174915313720703,1.45285964012146,1.321110486984253,0.9998206696579218,0.00017933034207811882,True,True,False,False,True,True,True,False,False,True,False,top_parent_attack
1,medium_ratio_seed42,medium_mass_ratio_recalibrated,42,ood_stress,benign_ood,189457,cert1m:659557,processed/iotsim-stream-consumer-1.csv,1736881803.434767,109557,benign,iotsim-stream-consumer-1,0.9768736942773663,0.9598752089907264,0.017046214423948026,0.12823298573493958,1.4371403455734253,1.308907389640808,0.9998206696579218,0.00017933034207811882,True,True,False,False,True,True,True,False,False,True,False,top_parent_attack
1,medium_ratio_seed42,medium_mass_ratio_recalibrated,42,ood_stress,benign_ood,93076,cert1m:563176,processed/iotsim-stream-consumer-1.csv,1736880203.435424,13176,benign,iotsim-stream-consumer-1,0.9768736942773663,0.9598752089907264,0.01026822606875949,0.14000028371810913,1.4965753555297852,1.3565750122070312,0.9998206696579218,0.00017933034207811882,True,True,False,False,True,True,True,False,False,True,False,top_parent_attack
1,medium_ratio_seed42,medium_mass_ratio_recalibrated,42,ood_stress,benign_ood,24588,cert1m:229638,processed/iotsim-stream-consumer-2.csv,1736880374.18222,24638,benign,iotsim-stream-consumer-2,0.9768736942773663,0.9598752089907264,0.017046214423948026,0.1320326328277588,1.4887757301330566,1.3567430973052979,0.9998206696579218,0.00017933034207811882,True,True,False,False,True,True,True,False,False,True,False,top_parent_attack
1,medium_ratio_seed42,medium_mass_ratio_recalibrated,42,ood_stress,benign_ood,208744,cert1m:678844,processed/iotsim-stream-consumer-1.csv,1736882123.436156,128844,benign,iotsim-stream-consumer-1,0.9768736942773663,0.9598752089907264,0.01026822606875949,0.137310191988945,1.5190075635910034,1.381697416305542,0.9998206696579218,0.00017933034207811882,True,True,False,False,True,True,True,False,False,True,False,top_parent_attack
1,medium_ratio_seed42,medium_mass_ratio_recalibrated,42,ood_stress,benign_ood,94733,cert1m:564833,processed/iotsim-stream-consumer-1.csv,1736880213.434378,14833,benign,iotsim-stream-consumer-1,0.9768736942773663,0.9598752089907264,0.017046214423948026,0.12896642088890076,1.4405632019042969,1.3115967512130737,0.9998206696579218,0.00017933034207811882,True,True,False,False,True,True,True,False,False,True,False,top_parent_attack
1,medium_ratio_seed42,medium_mass_ratio_recalibrated,42,ood_stress,benign_ood,32618,cert1m:237668,processed/iotsim-stream-consumer-2.csv,1736880524.183084,32668,benign,iotsim-stream-consumer-2,0.9768736942773663,0.9598752089907264,0.01026822606875949,0.13882000744342804,1.539324164390564,1.4005041122436523,0.9998206696579218,0.00017933034207811882,True,True,False,False,True,True,True,False,False,True,False,top_parent_attack
1,medium_ratio_seed42,medium_mass_ratio_recalibrated,42,ood_stress,benign_ood,191020,cert1m:661120,processed/iotsim-stream-consumer-1.csv,1736881813.434926,111120,benign,iotsim-stream-consumer-1,0.9768736942773663,0.9598752089907264,0.01026822606875949,0.14057227969169617,1.5312323570251465,1.390660047531128,0.9998206696579218,0.00017933034207811882,True,True,False,False,True,True,True,False,False,True,False,top_parent_attack
1,medium_ratio_seed42,medium_mass_ratio_recalibrated,42,ood_stress,benign_ood,221602,cert1m:691702,processed/iotsim-stream-consumer-1.csv,1736882303.43463,141702,benign,iotsim-stream-consumer-1,0.9768736942773663,0.9598752089907264,0.017046214423948026,0.1297902911901474,1.4591350555419922,1.3293447494506836,0.9998206696579218,0.00017933034207811882,True,True,False,False,True,True,True,False,False,True,False,top_parent_attack
1,medium_ratio_seed42,medium_mass_ratio_recalibrated,42,ood_stress,benign_ood,14971,cert1m:220021,processed/iotsim-stream-consumer-2.csv,1736880214.184331,15021,benign,iotsim-stream-consumer-2,0.9768736942773663,0.9598752089907264,0.017046214423948026,0.1290612518787384,1.437279462814331,1.308218240737915,0.9998206696579218,0.00017933034207811882,True,True,False,False,True,True,True,False,False,True,False,top_parent_attack
1,medium_ratio_seed42,medium_mass_ratio_recalibrated,42,ood_stress,benign_ood,199143,cert1m:669243,processed/iotsim-stream-consumer-1.csv,1736881963.435077,119243,benign,iotsim-stream-consumer-1,0.9768736942773663,0.9598752089907264,0.01026822606875949,0.1458885669708252,1.4994724988937378,1.3535839319229126,0.9998206696579218,0.00017933034207811882,True,True,False,False,True,True,True,False,False,True,False,top_parent_attack
1,medium_ratio_seed42,medium_mass_ratio_recalibrated,42,ood_stress,benign_ood,141247,cert1m:611347,processed/iotsim-stream-consumer-1.csv,1736881003.43541,61347,benign,iotsim-stream-consumer-1,0.9768736942773663,0.9598752089907264,0.017046214423948026,0.13219913840293884,1.470743179321289,1.3385440111160278,0.9998206696579218,0.00017933034207811882,True,True,False,False,True,True,True,False,False,True,False,top_parent_attack
1,medium_ratio_seed42,medium_mass_ratio_recalibrated,42,ood_stress,benign_ood,227962,cert1m:698062,processed/iotsim-stream-consumer-1.csv,1736882443.434676,148062,benign,iotsim-stream-consumer-1,0.9768736942773663,0.9598752089907264,0.017046214423948026,0.12738366425037384,1.4151878356933594,1.287804126739502,0.9998206696579218,0.00017933034207811882,True,True,False,False,True,True,True,False,False,True,False,top_parent_attack
1,medium_ratio_seed42,medium_mass_ratio_recalibrated,42,ood_stress,benign_ood,72725,cert1m:277775,processed/iotsim-stream-consumer-2.csv,1736881174.183462,72775,benign,iotsim-stream-consumer-2,0.9768736942773663,0.9598752089907264,0.01026822606875949,0.13767091929912567,1.536063313484192,1.3983924388885498,0.9998206696579218,0.00017933034207811882,True,True,False,False,True,True,True,False,False,True,False,top_parent_attack
1,medium_ratio_seed42,medium_mass_ratio_recalibrated,42,ood_stress,benign_ood,43856,cert1m:248906,processed/iotsim-stream-consumer-2.csv,1736880694.183181,43906,benign,iotsim-stream-consumer-2,0.9768736942773663,0.9598752089907264,0.017046214423948026,0.13379745185375214,1.4895713329315186,1.35577392578125,0.9998206696579218,0.00017933034207811882,True,True,False,False,True,True,True,False,False,True,False,top_parent_attack
1,medium_ratio_seed42,medium_mass_ratio_recalibrated,42,ood_stress,benign_ood,139606,cert1m:609706,processed/iotsim-stream-consumer-1.csv,1736880993.441539,59706,benign,iotsim-stream-consumer-1,0.9768736942773663,0.9598752089907264,0.01026822606875949,0.1401798576116562,1.5290051698684692,1.3888252973556519,0.9998206696579218,0.00017933034207811882,True,True,False,False,True,True,True,False,False,True,False,top_parent_attack
1,medium_ratio_seed42,medium_mass_ratio_recalibrated,42,ood_stress,benign_ood,192697,cert1m:662797,processed/iotsim-stream-consumer-1.csv,1736881823.434812,112797,benign,iotsim-stream-consumer-1,0.9768736942773663,0.9598752089907264,0.01026822606875949,0.13595107197761536,1.5063210725784302,1.3703700304031372,0.9998206696579218,0.00017933034207811882,True,True,False,False,True,True,True,False,False,True,False,top_parent_attack
1,medium_ratio_seed42,medium_mass_ratio_recalibrated,42,ood_stress,benign_ood,362,cert1m:205412,processed/iotsim-stream-consumer-2.csv,1736880024.182836,412,benign,iotsim-stream-consumer-2,0.9768736942773663,0.9598752089907264,0.01026822606875949,0.14512015879154205,0.10989944636821747,-0.035220712423324585,0.9998206696579218,0.00017933034207811882,True,True,False,False,True,True,True,False,False,True,False,top_parent_attack
1,medium_ratio_seed42,medium_mass_ratio_recalibrated,42,ood_stress,benign_ood,133242,cert1m:603342,processed/iotsim-stream-consumer-1.csv,1736880853.435856,53342,benign,iotsim-stream-consumer-1,0.9768736942773663,0.9598752089907264,0.01026822606875949,0.13934695720672607,1.538102388381958,1.398755431175232,0.9998206696579218,0.00017933034207811882,True,True,False,False,True,True,True,False,False,True,False,top_parent_attack
1,medium_ratio_seed42,medium_mass_ratio_recalibrated,42,ood_stress,benign_ood,30997,cert1m:236047,processed/iotsim-stream-consumer-2.csv,1736880514.183397,31047,benign,iotsim-stream-consumer-2,0.9768736942773663,0.9598752089907264,0.017046214423948026,0.12828440964221954,1.4413975477218628,1.3131130933761597,0.9998206696579218,0.00017933034207811882,True,True,False,False,True,True,True,False,False,True,False,top_parent_attack
1,medium_ratio_seed42,medium_mass_ratio_recalibrated,42,ood_stress,benign_ood,366,cert1m:205416,processed/iotsim-stream-consumer-2.csv,1736880024.207958,416,benign,iotsim-stream-consumer-2,0.9768736942773663,0.9598752089907264,0.01026822606875949,0.15657296776771545,0.10995875298976898,-0.04661421477794647,0.9998206696579218,0.00017933034207811882,True,True,False,False,True,True,True,False,False,True,False,top_parent_attack
1,medium_ratio_seed42,medium_mass_ratio_recalibrated,42,ood_stress,benign_ood,202412,cert1m:672512,processed/iotsim-stream-consumer-1.csv,1736881983.434119,122512,benign,iotsim-stream-consumer-1,0.9768736942773663,0.9598752089907264,0.017046214423948026,0.1279732882976532,1.4486092329025269,1.3206359148025513,0.9998206696579218,0.00017933034207811882,True,True,False,False,True,True,True,False,False,True,False,top_parent_attack
1,medium_ratio_seed42,medium_mass_ratio_recalibrated,42,ood_stress,benign_ood,101169,cert1m:571269,processed/iotsim-stream-consumer-1.csv,1736880353.435231,21269,benign,iotsim-stream-consumer-1,0.9768736942773663,0.9598752089907264,0.017046214423948026,0.12461316585540771,1.3828234672546387,1.258210301399231,0.9998206696579218,0.00017933034207811882,True,True,False,False,True,True,True,False,False,True,False,top_parent_attack
1,medium_ratio_seed42,medium_mass_ratio_recalibrated,42,ood_stress,benign_ood,104370,cert1m:574470,processed/iotsim-stream-consumer-1.csv,1736880373.436414,24470,benign,iotsim-stream-consumer-1,0.9768736942773663,0.9598752089907264,0.01026822606875949,0.13914337754249573,1.5411237478256226,1.4019804000854492,0.9998206696579218,0.00017933034207811882,True,True,False,False,True,True,True,False,False,True,False,top_parent_attack
1,medium_ratio_seed42,medium_mass_ratio_recalibrated,42,ood_stress,benign_ood,210348,cert1m:680448,processed/iotsim-stream-consumer-1.csv,1736882133.43462,130448,benign,iotsim-stream-consumer-1,0.9768736942773663,0.9598752089907264,0.01026822606875949,0.1356915384531021,1.5027247667312622,1.3670332431793213,0.9998206696579218,0.00017933034207811882,True,True,False,False,True,True,True,False,False,True,False,top_parent_attack
1,medium_ratio_seed42,medium_mass_ratio_recalibrated,42,ood_stress,benign_ood,229581,cert1m:699681,processed/iotsim-stream-consumer-1.csv,1736882453.433818,149681,benign,iotsim-stream-consumer-1,0.9768736942773663,0.9598752089907264,0.01026822606875949,0.13643774390220642,1.5195934772491455,1.3831557035446167,0.9998206696579218,0.00017933034207811882,True,True,False,False,True,True,True,False,False,True,False,top_parent_attack
1,medium_ratio_seed42,medium_mass_ratio_recalibrated,42,ood_stress,benign_ood,131579,cert1m:601679,processed/iotsim-stream-consumer-1.csv,1736880843.434632,51679,benign,iotsim-stream-consumer-1,0.9768736942773663,0.9598752089907264,0.017046214423948026,0.13188286125659943,1.4671674966812134,1.3352845907211304,0.9998206696579218,0.00017933034207811882,True,True,False,False,True,True,True,False,False,True,False,top_parent_attack
1,medium_ratio_seed42,medium_mass_ratio_recalibrated,42,ood_stress,benign_ood,129994,cert1m:600094,processed/iotsim-stream-consumer-1.csv,1736880833.434328,50094,benign,iotsim-stream-consumer-1,0.9768736942773663,0.9598752089907264,0.017046214423948026,0.12895220518112183,1.4369016885757446,1.3079495429992676,0.9998206696579218,0.00017933034207811882,True,True,False,False,True,True,True,False,False,True,False,top_parent_attack
1,medium_ratio_seed42,medium_mass_ratio_recalibrated,42,ood_stress,benign_ood,53472,cert1m:258522,processed/iotsim-stream-consumer-2.csv,1736880854.183624,53522,benign,iotsim-stream-consumer-2,0.9768736942773663,0.9598752089907264,0.01026822606875949,0.13588763773441315,1.5057237148284912,1.3698360919952393,0.9998206696579218,0.00017933034207811882,True,True,False,False,True,True,True,False,False,True,False,top_parent_attack
1,medium_ratio_seed42,medium_mass_ratio_recalibrated,42,ood_stress,benign_ood,123644,cert1m:593744,processed/iotsim-stream-consumer-1.csv,1736880693.43525,43744,benign,iotsim-stream-consumer-1,0.9768736942773663,0.9598752089907264,0.01026822606875949,0.1376684606075287,1.5343085527420044,1.3966400623321533,0.9998206696579218,0.00017933034207811882,True,True,False,False,True,True,True,False,False,True,False,top_parent_attack
1,medium_ratio_seed42,medium_mass_ratio_recalibrated,42,ood_stress,benign_ood,183072,cert1m:653172,processed/iotsim-stream-consumer-1.csv,1736881663.435311,103172,benign,iotsim-stream-consumer-1,0.9768736942773663,0.9598752089907264,0.017046214423948026,0.1311863660812378,1.474273443222046,1.343087077140808,0.9998206696579218,0.00017933034207811882,True,True,False,False,True,True,True,False,False,True,False,top_parent_attack
1,medium_ratio_seed42,medium_mass_ratio_recalibrated,42,ood_stress,benign_ood,51809,cert1m:256859,processed/iotsim-stream-consumer-2.csv,1736880844.18345,51859,benign,iotsim-stream-consumer-2,0.9768736942773663,0.9598752089907264,0.01026822606875949,0.1367766559123993,1.5036131143569946,1.366836428642273,0.9998206696579218,0.00017933034207811882,True,True,False,False,True,True,True,False,False,True,False,top_parent_attack
1,medium_ratio_seed42,medium_mass_ratio_recalibrated,42,ood_stress,benign_ood,13309,cert1m:218359,processed/iotsim-stream-consumer-2.csv,1736880204.183942,13359,benign,iotsim-stream-consumer-2,0.9768736942773663,0.9598752089907264,0.017046214423948026,0.13073782622814178,1.4736745357513428,1.3429367542266846,0.9998206696579218,0.00017933034207811882,True,True,False,False,True,True,True,False,False,True,False,top_parent_attack
1,medium_ratio_seed42,medium_mass_ratio_recalibrated,42,ood_stress,benign_ood,220006,cert1m:690106,processed/iotsim-stream-consumer-1.csv,1736882293.434395,140106,benign,iotsim-stream-consumer-1,0.9768736942773663,0.9598752089907264,0.017046214423948026,0.13182665407657623,1.475406289100647,1.343579649925232,0.9998206696579218,0.00017933034207811882,True,True,False,False,True,True,True,False,False,True,False,top_parent_attack
1,medium_ratio_seed42,medium_mass_ratio_recalibrated,42,ood_stress,benign_ood,110778,cert1m:580878,processed/iotsim-stream-consumer-1.csv,1736880513.435091,30878,benign,iotsim-stream-consumer-1,0.9768736942773663,0.9598752089907264,0.017046214423948026,0.12958702445030212,1.4545409679412842,1.3249539136886597,0.9998206696579218,0.00017933034207811882,True,True,False,False,True,True,True,False,False,True,False,top_parent_attack
1,medium_ratio_seed42,medium_mass_ratio_recalibrated,42,ood_stress,benign_ood,40610,cert1m:245660,processed/iotsim-stream-consumer-2.csv,1736880674.183272,40660,benign,iotsim-stream-consumer-2,0.9768736942773663,0.9598752089907264,0.01026822606875949,0.1426858901977539,1.5099385976791382,1.3672527074813843,0.9998206696579218,0.00017933034207811882,True,True,False,False,True,True,True,False,False,True,False,top_parent_attack
1,medium_ratio_seed42,medium_mass_ratio_recalibrated,42,ood_stress,benign_ood,200782,cert1m:670882,processed/iotsim-stream-consumer-1.csv,1736881973.435236,120882,benign,iotsim-stream-consumer-1,0.9768736942773663,0.9598752089907264,0.017046214423948026,0.12979985773563385,1.447312593460083,1.3175127506256104,0.9998206696579218,0.00017933034207811882,True,True,False,False,True,True,True,False,False,True,False,top_parent_attack
1,medium_ratio_seed42,medium_mass_ratio_recalibrated,42,ood_stress,benign_ood,112401,cert1m:582501,processed/iotsim-stream-consumer-1.csv,1736880523.435315,32501,benign,iotsim-stream-consumer-1,0.9768736942773663,0.9598752089907264,0.01026822606875949,0.14079530537128448,1.552328109741211,1.4115327596664429,0.9998206696579218,0.00017933034207811882,True,True,False,False,True,True,True,False,False,True,False,top_parent_attack
1,medium_ratio_seed42,medium_mass_ratio_recalibrated,42,ood_stress,benign_ood,179816,cert1m:649916,processed/iotsim-stream-consumer-1.csv,1736881643.435963,99916,benign,iotsim-stream-consumer-1,0.9768736942773663,0.9598752089907264,0.01026822606875949,0.14132080972194672,1.5386053323745728,1.3972845077514648,0.9998206696579218,0.00017933034207811882,True,True,False,False,True,True,True,False,False,True,False,top_parent_attack
1,medium_ratio_seed42,medium_mass_ratio_recalibrated,42,ood_stress,benign_ood,21329,cert1m:226379,processed/iotsim-stream-consumer-2.csv,1736880354.183364,21379,benign,iotsim-stream-consumer-2,0.9768736942773663,0.9598752089907264,0.017046214423948026,0.1345643401145935,1.4827854633331299,1.3482210636138916,0.9998206696579218,0.00017933034207811882,True,True,False,False,True,True,True,False,False,True,False,top_parent_attack
1,medium_ratio_seed42,medium_mass_ratio_recalibrated,42,ood_stress,benign_ood,50212,cert1m:255262,processed/iotsim-stream-consumer-2.csv,1736880834.183764,50262,benign,iotsim-stream-consumer-2,0.9768736942773663,0.9598752089907264,0.017046214423948026,0.13310371339321136,1.4614317417144775,1.328328013420105,0.9998206696579218,0.00017933034207811882,True,True,False,False,True,True,True,False,False,True,False,top_parent_attack
1,medium_ratio_seed42,medium_mass_ratio_recalibrated,42,ood_stress,benign_ood,114031,cert1m:584131,processed/iotsim-stream-consumer-1.csv,1736880533.434522,34131,benign,iotsim-stream-consumer-1,0.9768736942773663,0.9598752089907264,0.01026822606875949,0.13749177753925323,1.517101764678955,1.3796099424362183,0.9998206696579218,0.00017933034207811882,True,True,False,False,True,True,True,False,False,True,False,top_parent_attack
1,medium_ratio_seed42,medium_mass_ratio_recalibrated,42,ood_stress,benign_ood,42267,cert1m:247317,processed/iotsim-stream-consumer-2.csv,1736880684.183689,42317,benign,iotsim-stream-consumer-2,0.9768736942773663,0.9598752089907264,0.01026822606875949,0.13476285338401794,1.5080493688583374,1.373286485671997,0.9998206696579218,0.00017933034207811882,True,True,False,False,True,True,True,False,False,True,False,top_parent_attack
1,medium_ratio_seed42,medium_mass_ratio_recalibrated,42,ood_stress,benign_ood,218346,cert1m:688446,processed/iotsim-stream-consumer-1.csv,1736882283.435021,138446,benign,iotsim-stream-consumer-1,0.9768736942773663,0.9598752089907264,0.01026822606875949,0.13666516542434692,1.5207271575927734,1.3840620517730713,0.9998206696579218,0.00017933034207811882,True,True,False,False,True,True,True,False,False,True,False,top_parent_attack
1,medium_ratio_seed42,medium_mass_ratio_recalibrated,42,ood_stress,benign_ood,3656,cert1m:208706,processed/iotsim-stream-consumer-2.csv,1736880044.182685,3706,benign,iotsim-stream-consumer-2,0.9768736942773663,0.9598752089907264,0.01026822606875949,0.13789503276348114,0.8418154120445251,0.7039203643798828,0.9998206696579218,0.00017933034207811882,True,True,False,False,True,True,True,False,False,True,False,top_parent_attack
1,medium_ratio_seed42,medium_mass_ratio_recalibrated,42,ood_stress,benign_ood,1998,cert1m:207048,processed/iotsim-stream-consumer-2.csv,1736880034.182772,2048,benign,iotsim-stream-consumer-2,0.9768736942773663,0.9598752089907264,0.01026822606875949,0.14066872000694275,0.452012300491333,0.31134358048439026,0.9998206696579218,0.00017933034207811882,True,True,False,False,True,True,True,False,False,True,False,top_parent_attack
1,medium_ratio_seed42,medium_mass_ratio_recalibrated,42,ood_stress,benign_ood,122055,cert1m:592155,processed/iotsim-stream-consumer-1.csv,1736880683.434669,42155,benign,iotsim-stream-consumer-1,0.9768736942773663,0.9598752089907264,0.01026822606875949,0.13785921037197113,1.5346091985702515,1.3967499732971191,0.9998206696579218,0.00017933034207811882,True,True,False,False,True,True,True,False,False,True,False,top_parent_attack
1,medium_ratio_seed42,medium_mass_ratio_recalibrated,42,ood_stress,benign_ood,120398,cert1m:590498,processed/iotsim-stream-consumer-1.csv,1736880673.434718,40498,benign,iotsim-stream-consumer-1,0.9768736942773663,0.9598752089907264,0.01026822606875949,0.14441193640232086,1.5019633769989014,1.3575514554977417,0.9998206696579218,0.00017933034207811882,True,True,False,False,True,True,True,False,False,True,False,top_parent_attack
1,medium_ratio_seed42,medium_mass_ratio_recalibrated,42,ood_stress,benign_ood,211984,cert1m:682084,processed/iotsim-stream-consumer-1.csv,1736882143.434325,132084,benign,iotsim-stream-consumer-1,0.9768736942773663,0.9598752089907264,0.01026822606875949,0.14702367782592773,1.5634685754776,1.4164448976516724,0.9998206696579218,0.00017933034207811882,True,True,False,False,True,True,True,False,False,True,False,top_parent_attack
1,medium_ratio_seed42,medium_mass_ratio_recalibrated,42,ood_stress,benign_ood,5261,cert1m:210311,processed/iotsim-stream-consumer-2.csv,1736880054.183964,5311,benign,iotsim-stream-consumer-2,0.9768736942773663,0.9598752089907264,0.017046214423948026,0.1330435574054718,1.1725285053253174,1.039484977722168,0.9998206696579218,0.00017933034207811882,True,True,False,False,True,True,True,False,False,True,False,top_parent_attack
1,medium_ratio_seed42,medium_mass_ratio_recalibrated,42,ood_stress,benign_ood,181474,cert1m:651574,processed/iotsim-stream-consumer-1.csv,1736881653.434856,101574,benign,iotsim-stream-consumer-1,0.9768736942773663,0.9598752089907264,0.01026822606875949,0.13506677746772766,1.5108035802841187,1.3757368326187134,0.9998206696579218,0.00017933034207811882,True,True,False,False,True,True,True,False,False,True,False,top_parent_attack
1,medium_ratio_seed42,medium_mass_ratio_recalibrated,42,ood_stress,benign_ood,11667,cert1m:216717,processed/iotsim-stream-consumer-2.csv,1736880194.183288,11717,benign,iotsim-stream-consumer-2,0.9768736942773663,0.9598752089907264,0.017046214423948026,0.13031788170337677,1.4505048990249634,1.320186972618103,0.9998206696579218,0.00017933034207811882,True,True,False,False,True,True,True,False,False,True,False,top_parent_attack
1,medium_ratio_seed42,medium_mass_ratio_recalibrated,42,ood_stress,benign_ood,34250,cert1m:239300,processed/iotsim-stream-consumer-2.csv,1736880534.191911,34300,benign,iotsim-stream-consumer-2,0.9768736942773663,0.9598752089907264,0.01026822606875949,0.1372699737548828,1.534691333770752,1.3974213600158691,0.9998206696579218,0.00017933034207811882,True,True,False,False,True,True,True,False,False,True,False,top_parent_attack
1,medium_ratio_seed42,medium_mass_ratio_recalibrated,42,ood_stress,benign_ood,102753,cert1m:572853,processed/iotsim-stream-consumer-1.csv,1736880363.436822,22853,benign,iotsim-stream-consumer-1,0.9768736942773663,0.9598752089907264,0.017046214423948026,0.12745928764343262,1.4233444929122925,1.2958852052688599,0.9998206696579218,0.00017933034207811882,True,True,False,False,True,True,True,False,False,True,False,top_parent_attack
1,medium_ratio_seed42,medium_mass_ratio_recalibrated,42,ood_stress,benign_ood,59852,cert1m:264902,processed/iotsim-stream-consumer-2.csv,1736880994.182874,59902,benign,iotsim-stream-consumer-2,0.9768736942773663,0.9598752089907264,0.01026822606875949,0.1445969194173813,1.4953616857528687,1.3507647514343262,0.9998206696579218,0.00017933034207811882,True,True,False,False,True,True,True,False,False,True,False,top_parent_attack
1,medium_ratio_seed42,medium_mass_ratio_recalibrated,42,ood_stress,benign_ood,61485,cert1m:266535,processed/iotsim-stream-consumer-2.csv,1736881004.188747,61535,benign,iotsim-stream-consumer-2,0.9768736942773663,0.9598752089907264,0.01026822606875949,0.14095880091190338,1.5474439859390259,1.4064851999282837,0.9998206696579218,0.00017933034207811882,True,True,False,False,True,True,True,False,False,True,False,top_parent_attack
1,medium_ratio_seed42,medium_mass_ratio_recalibrated,42,ood_stress,benign_ood,63137,cert1m:268187,processed/iotsim-stream-consumer-2.csv,1736881014.184334,63187,benign,iotsim-stream-consumer-2,0.9768736942773663,0.9598752089907264,0.017046214423948026,0.13111987709999084,1.47859787940979,1.3474780321121216,0.9998206696579218,0.00017933034207811882,True,True,False,False,True,True,True,False,False,True,False,top_parent_attack
1,medium_ratio_seed42,medium_mass_ratio_recalibrated,42,ood_stress,benign_ood,171797,cert1m:641897,processed/iotsim-stream-consumer-1.csv,1736881493.4349,91897,benign,iotsim-stream-consumer-1,0.9768736942773663,0.9598752089907264,0.01026822606875949,0.1433907300233841,1.559766411781311,1.4163756370544434,0.9998206696579218,0.00017933034207811882,True,True,False,False,True,True,True,False,False,True,False,top_parent_attack
1,medium_ratio_seed42,medium_mass_ratio_recalibrated,42,ood_stress,benign_ood,170180,cert1m:640280,processed/iotsim-stream-consumer-1.csv,1736881483.434212,90280,benign,iotsim-stream-consumer-1,0.9768736942773663,0.9598752089907264,0.017046214423948026,0.13344770669937134,1.5004570484161377,1.3670094013214111,0.9998206696579218,0.00017933034207811882,True,True,False,False,True,True,True,False,False,True,False,top_parent_attack
1,medium_ratio_seed42,medium_mass_ratio_recalibrated,42,ood_stress,benign_ood,162167,cert1m:632267,processed/iotsim-stream-consumer-1.csv,1736881333.434903,82267,benign,iotsim-stream-consumer-1,0.9768736942773663,0.9598752089907264,0.017046214423948026,0.12648466229438782,1.4179168939590454,1.29143226146698,0.9998206696579218,0.00017933034207811882,True,True,False,False,True,True,True,False,False,True,False,top_parent_attack
1,medium_ratio_seed42,medium_mass_ratio_recalibrated,42,ood_stress,benign_ood,69491,cert1m:274541,processed/iotsim-stream-consumer-2.csv,1736881154.182192,69541,benign,iotsim-stream-consumer-2,0.9768736942773663,0.9598752089907264,0.017046214423948026,0.1338968425989151,1.500566005706787,1.3666691780090332,0.9998206696579218,0.00017933034207811882,True,True,False,False,True,True,True,False,False,True,False,top_parent_attack
1,medium_ratio_seed42,medium_mass_ratio_recalibrated,42,ood_stress,benign_ood,71083,cert1m:276133,processed/iotsim-stream-consumer-2.csv,1736881164.184017,71133,benign,iotsim-stream-consumer-2,0.9768736942773663,0.9598752089907264,0.01026822606875949,0.13608992099761963,1.5086393356323242,1.3725494146347046,0.9998206696579218,0.00017933034207811882,True,True,False,False,True,True,True,False,False,True,False,top_parent_attack
1,medium_ratio_seed42,medium_mass_ratio_recalibrated,42,ood_stress,benign_ood,160573,cert1m:630673,processed/iotsim-stream-consumer-1.csv,1736881323.436286,80673,benign,iotsim-stream-consumer-1,0.9768736942773663,0.9598752089907264,0.017046214423948026,0.12627722322940826,1.4175043106079102,1.291227102279663,0.9998206696579218,0.00017933034207811882,True,True,False,False,True,True,True,False,False,True,False,top_parent_attack
1,medium_ratio_seed42,medium_mass_ratio_recalibrated,42,ood_stress,benign_ood,158914,cert1m:629014,processed/iotsim-stream-consumer-1.csv,1736881313.434771,79014,benign,iotsim-stream-consumer-1,0.9768736942773663,0.9598752089907264,0.017046214423948026,0.1291515827178955,1.4637742042541504,1.3346226215362549,0.9998206696579218,0.00017933034207811882,True,True,False,False,True,True,True,False,False,True,False,top_parent_attack
1,medium_ratio_seed42,medium_mass_ratio_recalibrated,42,ood_stress,benign_ood,152488,cert1m:622588,processed/iotsim-stream-consumer-1.csv,1736881173.435631,72588,benign,iotsim-stream-consumer-1,0.9768736942773663,0.9598752089907264,0.01026822606875949,0.1376095861196518,1.5291301012039185,1.3915205001831055,0.9998206696579218,0.00017933034207811882,True,True,False,False,True,True,True,False,False,True,False,top_parent_attack
1,medium_ratio_seed42,medium_mass_ratio_recalibrated,42,ood_stress,benign_ood,79142,cert1m:284192,processed/iotsim-stream-consumer-2.csv,1736881314.183764,79192,benign,iotsim-stream-consumer-2,0.9768736942773663,0.9598752089907264,0.017046214423948026,0.12353876233100891,1.3976041078567505,1.274065375328064,0.9998206696579218,0.00017933034207811882,True,True,False,False,True,True,True,False,False,True,False,top_parent_attack
1,medium_ratio_seed42,medium_mass_ratio_recalibrated,42,ood_stress,benign_ood,80126,cert1m:550226,processed/iotsim-stream-consumer-1.csv,1736880023.43391,226,benign,iotsim-stream-consumer-1,0.9768736942773663,0.9598752089907264,0.01026822606875949,0.1552206128835678,0.1464705467224121,-0.0087500661611557,0.9998206696579218,0.00017933034207811882,True,True,False,False,True,True,True,False,False,True,False,top_parent_attack
1,medium_ratio_seed42,medium_mass_ratio_recalibrated,42,ood_stress,benign_ood,80130,cert1m:550230,processed/iotsim-stream-consumer-1.csv,1736880023.454785,230,benign,iotsim-stream-consumer-1,0.9768736942773663,0.9598752089907264,0.01026822606875949,0.1721307933330536,0.1457136869430542,-0.02641710638999939,0.9998206696579218,0.00017933034207811882,True,True,False,False,True,True,True,False,False,True,False,top_parent_attack
1,medium_ratio_seed42,medium_mass_ratio_recalibrated,42,ood_stress,benign_ood,81742,cert1m:551842,processed/iotsim-stream-consumer-1.csv,1736880033.437075,1842,benign,iotsim-stream-consumer-1,0.9768736942773663,0.9598752089907264,0.01026822606875949,0.1531813144683838,0.3997355103492737,0.2465541958808899,0.9998206696579218,0.00017933034207811882,True,True,False,False,True,True,True,False,False,True,False,top_parent_attack
1,medium_ratio_seed42,medium_mass_ratio_recalibrated,42,ood_stress,benign_ood,83424,cert1m:553524,processed/iotsim-stream-consumer-1.csv,1736880043.434155,3524,benign,iotsim-stream-consumer-1,0.9768736942773663,0.9598752089907264,0.017046214423948026,0.13182523846626282,0.8011155724525452,0.66929030418396,0.9998206696579218,0.00017933034207811882,True,True,False,False,True,True,True,False,False,True,False,top_parent_attack
1,medium_ratio_seed42,medium_mass_ratio_recalibrated,42,ood_stress,benign_ood,150845,cert1m:620945,processed/iotsim-stream-consumer-1.csv,1736881163.438259,70945,benign,iotsim-stream-consumer-1,0.9768736942773663,0.9598752089907264,0.017046214423948026,0.13554613292217255,1.4986430406570435,1.3630969524383545,0.9998206696579218,0.00017933034207811882,True,True,False,False,True,True,True,False,False,True,False,top_parent_attack
1,medium_ratio_seed42,medium_mass_ratio_recalibrated,42,ood_stress,benign_ood,149253,cert1m:619353,processed/iotsim-stream-consumer-1.csv,1736881153.434154,69353,benign,iotsim-stream-consumer-1,0.9768736942773663,0.9598752089907264,0.01026822606875949,0.14455753564834595,1.493505835533142,1.3489482402801514,0.9998206696579218,0.00017933034207811882,True,True,False,False,True,True,True,False,False,True,False,top_parent_attack
1,medium_ratio_seed42,medium_mass_ratio_recalibrated,42,ood_stress,benign_ood,142889,cert1m:612989,processed/iotsim-stream-consumer-1.csv,1736881013.43503,62989,benign,iotsim-stream-consumer-1,0.9768736942773663,0.9598752089907264,0.017046214423948026,0.13289695978164673,1.4942750930786133,1.3613781929016113,0.9998206696579218,0.00017933034207811882,True,True,False,False,True,True,True,False,False,True,False,top_parent_attack
1,medium_ratio_seed42,medium_mass_ratio_recalibrated,42,ood_stress,benign_ood,91432,cert1m:561532,processed/iotsim-stream-consumer-1.csv,1736880193.43497,11532,benign,iotsim-stream-consumer-1,0.9768736942773663,0.9598752089907264,0.01026822606875949,0.13733235001564026,1.504207968711853,1.3668756484985352,0.9998206696579218,0.00017933034207811882,True,True,False,False,True,True,True,False,False,True,False,top_parent_attack
1,medium_ratio_seed42,medium_mass_ratio_recalibrated,42,ood_stress,benign_ood,178180,cert1m:648280,processed/iotsim-stream-consumer-1.csv,1736881633.434906,98280,benign,iotsim-stream-consumer-1,0.975500385062659,0.9585018997760192,0.017046214423948026,0.13059492409229279,1.4551076889038086,1.3245127201080322,0.9998206696579218,0.00017933034207811882,True,True,False,False,True,True,True,False,False,True,False,top_parent_attack
1,medium_ratio_seed42,medium_mass_ratio_recalibrated,42,ood_stress,benign_ood,10062,cert1m:215112,processed/iotsim-stream-consumer-2.csv,1736880184.186385,10112,benign,iotsim-stream-consumer-2,0.975500385062659,0.9585018997760192,0.017046214423948026,0.13553740084171295,1.4834797382354736,1.3479423522949219,0.9998206696579218,0.00017933034207811882,True,True,False,False,True,True,True,False,False,True,False,top_parent_attack
1,medium_ratio_seed42,medium_mass_ratio_recalibrated,42,ood_stress,benign_ood,89840,cert1m:559940,processed/iotsim-stream-consumer-1.csv,1736880183.435951,9940,benign,iotsim-stream-consumer-1,0.975500385062659,0.9585018997760192,0.01026822606875949,0.13599726557731628,1.4755860567092896,1.3395887613296509,0.9998206696579218,0.00017933034207811882,True,True,False,False,True,True,True,False,False,True,False,top_parent_attack
1,medium_ratio_seed42,medium_mass_ratio_recalibrated,42,ood_stress,benign_ood,168552,cert1m:638652,processed/iotsim-stream-consumer-1.csv,1736881473.434833,88652,benign,iotsim-stream-consumer-1,0.975500385062659,0.9585018997760192,0.017046214423948026,0.12812386453151703,1.4389079809188843,1.310784101486206,0.9998206696579218,0.00017933034207811882,True,True,False,False,True,True,True,False,False,True,False,top_parent_attack
1,medium_ratio_seed42,medium_mass_ratio_recalibrated,42,ood_stress,benign_ood,188033,cert1m:658133,processed/iotsim-stream-consumer-1.csv,1736881794.493046,108133,benign,iotsim-stream-consumer-1,0.969300758535183,0.9523022732485432,0.017046214423948026,0.13247166574001312,1.453112006187439,1.3206403255462646,0.9998206696579218,0.00017933034207811882,True,True,False,False,True,True,True,False,False,True,False,top_parent_attack
1,medium_ratio_seed42,medium_mass_ratio_recalibrated,42,ood_stress,benign_ood,39672,cert1m:244722,processed/iotsim-stream-consumer-2.csv,1736880668.208722,39722,benign,iotsim-stream-consumer-2,0.969300758535183,0.9523022732485432,0.017046214423948026,0.12928856909275055,1.427165150642395,1.2978765964508057,0.9998206696579218,0.00017933034207811882,True,True,False,False,True,True,True,False,False,True,False,top_parent_attack
1,medium_ratio_seed42,medium_mass_ratio_recalibrated,42,ood_stress,benign_ood,229886,cert1m:699986,processed/iotsim-stream-consumer-1.csv,1736882455.16557,149986,benign,iotsim-stream-consumer-1,0.95145989269624,0.9344614074096002,0.017722441787885387,0.12561102211475372,1.2064090967178345,1.0807980298995972,0.9998206696579218,0.00017933034207811882,True,True,False,False,True,True,True,False,False,True,False,lowest_temporal_ood_risk
1,medium_ratio_seed42,medium_mass_ratio_recalibrated,42,ood_stress,benign_ood,229885,cert1m:699985,processed/iotsim-stream-consumer-1.csv,1736882455.165563,149985,benign,iotsim-stream-consumer-1,0.95145989269624,0.9344614074096002,0.017722441787885387,0.1256778985261917,1.2097959518432617,1.0841180086135864,0.9998206696579218,0.00017933034207811882,True,True,False,False,True,True,True,False,False,True,False,lowest_temporal_ood_risk
1,medium_ratio_seed42,medium_mass_ratio_recalibrated,42,ood_stress,benign_ood,229884,cert1m:699984,processed/iotsim-stream-consumer-1.csv,1736882455.165557,149984,benign,iotsim-stream-consumer-1,0.95145989269624,0.9344614074096002,0.017722441787885387,0.12574954330921173,1.2132903337478638,1.0875407457351685,0.9998206696579218,0.00017933034207811882,True,True,False,False,True,True,True,False,False,True,False,lowest_temporal_ood_risk
1,medium_ratio_seed42,medium_mass_ratio_recalibrated,42,ood_stress,benign_ood,229883,cert1m:699983,processed/iotsim-stream-consumer-1.csv,1736882455.165545,149983,benign,iotsim-stream-consumer-1,0.95145989269624,0.9344614074096002,0.017722441787885387,0.12582623958587646,1.216896653175354,1.0910704135894775,0.9998206696579218,0.00017933034207811882,True,True,False,False,True,True,True,False,False,True,False,lowest_temporal_ood_risk
1,medium_ratio_seed42,medium_mass_ratio_recalibrated,42,ood_stress,benign_ood,229882,cert1m:699982,processed/iotsim-stream-consumer-1.csv,1736882455.165538,149982,benign,iotsim-stream-consumer-1,0.95145989269624,0.9344614074096002,0.017722441787885387,0.12590830028057098,1.2206201553344727,1.0947118997573853,0.9998206696579218,0.00017933034207811882,True,True,False,False,True,True,True,False,False,True,False,lowest_temporal_ood_risk
1,medium_ratio_seed42,medium_mass_ratio_recalibrated,42,ood_stress,benign_ood,229881,cert1m:699981,processed/iotsim-stream-consumer-1.csv,1736882455.165522,149981,benign,iotsim-stream-consumer-1,0.95145989269624,0.9344614074096002,0.017722441787885387,0.12599600851535797,1.22446608543396,1.0984700918197632,0.9998206696579218,0.00017933034207811882,True,True,False,False,True,True,True,False,False,True,False,lowest_temporal_ood_risk
1,medium_ratio_seed42,medium_mass_ratio_recalibrated,42,ood_stress,benign_ood,229880,cert1m:699980,processed/iotsim-stream-consumer-1.csv,1736882455.165512,149980,benign,iotsim-stream-consumer-1,0.95145989269624,0.9344614074096002,0.017722441787885387,0.12608979642391205,1.2284400463104248,1.1023502349853516,0.9998206696579218,0.00017933034207811882,True,True,False,False,True,True,True,False,False,True,False,lowest_temporal_ood_risk
1,medium_ratio_seed42,medium_mass_ratio_recalibrated,42,ood_stress,benign_ood,229879,cert1m:699979,processed/iotsim-stream-consumer-1.csv,1736882455.165486,149979,benign,iotsim-stream-consumer-1,0.95145989269624,0.9344614074096002,0.017722441787885387,0.1261899620294571,1.2325481176376343,1.1063581705093384,0.9998206696579218,0.00017933034207811882,True,True,False,False,True,True,True,False,False,True,False,lowest_temporal_ood_risk
1,medium_ratio_seed42,medium_mass_ratio_recalibrated,42,ood_stress,benign_ood,229878,cert1m:699978,processed/iotsim-stream-consumer-1.csv,1736882455.134822,149978,benign,iotsim-stream-consumer-1,0.95145989269624,0.9344614074096002,0.017722441787885387,0.12622153759002686,1.2326027154922485,1.1063811779022217,0.9998206696579218,0.00017933034207811882,True,True,False,False,True,True,True,False,False,True,False,lowest_temporal_ood_risk
1,medium_ratio_seed42,medium_mass_ratio_recalibrated,42,ood_stress,benign_ood,229877,cert1m:699977,processed/iotsim-stream-consumer-1.csv,1736882455.134785,149977,benign,iotsim-stream-consumer-1,0.95145989269624,0.9344614074096002,0.017722441787885387,0.12544000148773193,1.1726025342941284,1.0471625328063965,0.9998206696579218,0.00017933034207811882,True,True,False,False,True,True,True,False,False,True,False,lowest_temporal_ood_risk
1,medium_ratio_seed42,medium_mass_ratio_recalibrated,42,ood_stress,benign_ood,229876,cert1m:699976,processed/iotsim-stream-consumer-1.csv,1736882455.094429,149976,benign,iotsim-stream-consumer-1,0.95145989269624,0.9344614074096002,0.017722441787885387,0.12536916136741638,1.1734706163406372,1.0481014251708984,0.9998206696579218,0.00017933034207811882,True,True,False,False,True,True,True,False,False,True,False,lowest_temporal_ood_risk
1,medium_ratio_seed42,medium_mass_ratio_recalibrated,42,ood_stress,benign_ood,229875,cert1m:699975,processed/iotsim-stream-consumer-1.csv,1736882455.094405,149975,benign,iotsim-stream-consumer-1,0.95145989269624,0.9344614074096002,0.017722441787885387,0.12533323466777802,1.146292805671692,1.0209596157073975,0.9998206696579218,0.00017933034207811882,True,True,False,False,True,True,True,False,False,True,False,lowest_temporal_ood_risk
1,medium_ratio_seed42,medium_mass_ratio_recalibrated,42,ood_stress,benign_ood,229874,cert1m:699974,processed/iotsim-stream-consumer-1.csv,1736882455.054714,149974,benign,iotsim-stream-consumer-1,0.95145989269624,0.9344614074096002,0.017722441787885387,0.12523195147514343,1.148334264755249,1.0231022834777832,0.9998206696579218,0.00017933034207811882,True,True,False,False,True,True,True,False,False,True,False,lowest_temporal_ood_risk
1,medium_ratio_seed42,medium_mass_ratio_recalibrated,42,ood_stress,benign_ood,229873,cert1m:699973,processed/iotsim-stream-consumer-1.csv,1736882455.054691,149973,benign,iotsim-stream-consumer-1,0.95145989269624,0.9344614074096002,0.017722441787885387,0.12519407272338867,1.1497480869293213,1.0245540142059326,0.9998206696579218,0.00017933034207811882,True,True,False,False,True,True,True,False,False,True,False,lowest_temporal_ood_risk
1,medium_ratio_seed42,medium_mass_ratio_recalibrated,42,ood_stress,benign_ood,229872,cert1m:699972,processed/iotsim-stream-consumer-1.csv,1736882455.015534,149972,benign,iotsim-stream-consumer-1,0.95145989269624,0.9344614074096002,0.017722441787885387,0.12509122490882874,1.1500765085220337,1.0249853134155273,0.9998206696579218,0.00017933034207811882,True,True,False,False,True,True,True,False,False,True,False,lowest_temporal_ood_risk
1,medium_ratio_seed42,medium_mass_ratio_recalibrated,42,ood_stress,benign_ood,229871,cert1m:699971,processed/iotsim-stream-consumer-1.csv,1736882455.014479,149971,benign,iotsim-stream-consumer-1,0.95145989269624,0.9344614074096002,0.017722441787885387,0.12531593441963196,1.1268051862716675,1.001489281654358,0.9998206696579218,0.00017933034207811882,True,True,False,False,True,True,True,False,False,True,False,lowest_temporal_ood_risk
1,medium_ratio_seed42,medium_mass_ratio_recalibrated,42,ood_stress,benign_ood,15,cert1m:205065,processed/iotsim-stream-consumer-2.csv,1736880022.041425,65,benign,iotsim-stream-consumer-2,0.95145989269624,0.9344614074096002,0.017722441787885387,0.1250051110982895,0.19722451269626617,0.07221940159797668,0.9998206696579218,0.00017933034207811882,True,True,False,False,True,True,True,False,False,True,False,lowest_temporal_ood_risk
1,medium_ratio_seed42,medium_mass_ratio_recalibrated,42,ood_stress,benign_ood,14,cert1m:205064,processed/iotsim-stream-consumer-2.csv,1736880022.041419,64,benign,iotsim-stream-consumer-2,0.95145989269624,0.9344614074096002,0.017722441787885387,0.12600353360176086,0.19778575003147125,0.07178221642971039,0.9998206696579218,0.00017933034207811882,True,True,False,False,True,True,True,False,False,True,False,lowest_temporal_ood_risk
1,medium_ratio_seed42,medium_mass_ratio_recalibrated,42,ood_stress,benign_ood,13,cert1m:205063,processed/iotsim-stream-consumer-2.csv,1736880022.041406,63,benign,iotsim-stream-consumer-2,0.95145989269624,0.9344614074096002,0.017722441787885387,0.12706305086612701,0.19834700226783752,0.07128395140171051,0.9998206696579218,0.00017933034207811882,True,True,False,False,True,True,True,False,False,True,False,lowest_temporal_ood_risk
1,medium_ratio_seed42,medium_mass_ratio_recalibrated,42,ood_stress,benign_ood,12,cert1m:205062,processed/iotsim-stream-consumer-2.csv,1736880022.041385,62,benign,iotsim-stream-consumer-2,0.95145989269624,0.9344614074096002,0.017722441787885387,0.1281881183385849,0.1989082396030426,0.0707201212644577,0.9998206696579218,0.00017933034207811882,True,True,False,False,True,True,True,False,False,True,False,lowest_temporal_ood_risk
1,medium_ratio_seed42,medium_mass_ratio_recalibrated,42,ood_stress,benign_ood,11,cert1m:205061,processed/iotsim-stream-consumer-2.csv,1736880022.002488,61,benign,iotsim-stream-consumer-2,0.95145989269624,0.9344614074096002,0.017722441787885387,0.12933126091957092,0.1985568255186081,0.06922556459903717,0.9998206696579218,0.00017933034207811882,True,True,False,False,True,True,True,False,False,True,False,lowest_temporal_ood_risk
1,medium_ratio_seed42,medium_mass_ratio_recalibrated,42,ood_stress,benign_ood,10,cert1m:205060,processed/iotsim-stream-consumer-2.csv,1736880022.00244,60,benign,iotsim-stream-consumer-2,0.95145989269624,0.9344614074096002,0.017722441787885387,0.1304343044757843,0.19911694526672363,0.06868264079093933,0.9998206696579218,0.00017933034207811882,True,True,False,False,True,True,True,False,False,True,False,lowest_temporal_ood_risk
1,medium_ratio_seed42,medium_mass_ratio_recalibrated,42,ood_stress,benign_ood,9,cert1m:205059,processed/iotsim-stream-consumer-2.csv,1736880021.961463,59,benign,iotsim-stream-consumer-2,0.95145989269624,0.9344614074096002,0.017722441787885387,0.13168880343437195,0.19867409765720367,0.06698529422283173,0.9998206696579218,0.00017933034207811882,True,True,False,False,True,True,True,False,False,True,False,lowest_temporal_ood_risk
1,medium_ratio_seed42,medium_mass_ratio_recalibrated,42,ood_stress,benign_ood,8,cert1m:205058,processed/iotsim-stream-consumer-2.csv,1736880021.961443,58,benign,iotsim-stream-consumer-2,0.95145989269624,0.9344614074096002,0.017722441787885387,0.12699371576309204,0.1992342621088028,0.07224054634571075,0.9998206696579218,0.00017933034207811882,True,True,False,False,True,True,True,False,False,True,False,lowest_temporal_ood_risk
1,medium_ratio_seed42,medium_mass_ratio_recalibrated,42,ood_stress,benign_ood,7,cert1m:205057,processed/iotsim-stream-consumer-2.csv,1736880021.922457,57,benign,iotsim-stream-consumer-2,0.95145989269624,0.9344614074096002,0.017722441787885387,0.12813104689121246,0.19879482686519623,0.07066377997398376,0.9998206696579218,0.00017933034207811882,True,True,False,False,True,True,True,False,False,True,False,lowest_temporal_ood_risk
1,medium_ratio_seed42,medium_mass_ratio_recalibrated,42,ood_stress,benign_ood,6,cert1m:205056,processed/iotsim-stream-consumer-2.csv,1736880021.922445,56,benign,iotsim-stream-consumer-2,0.95145989269624,0.9344614074096002,0.017722441787885387,0.12827955186367035,0.1993546038866043,0.07107505202293396,0.9998206696579218,0.00017933034207811882,True,True,False,False,True,True,True,False,False,True,False,lowest_temporal_ood_risk
1,medium_ratio_seed42,medium_mass_ratio_recalibrated,42,ood_stress,benign_ood,5,cert1m:205055,processed/iotsim-stream-consumer-2.csv,1736880021.921612,55,benign,iotsim-stream-consumer-2,0.95145989269624,0.9344614074096002,0.017722441787885387,0.12956354022026062,0.19989344477653503,0.07032990455627441,0.9998206696579218,0.00017933034207811882,True,True,False,False,True,True,True,False,False,True,False,lowest_temporal_ood_risk
1,medium_ratio_seed42,medium_mass_ratio_recalibrated,42,ood_stress,benign_ood,4,cert1m:205054,processed/iotsim-stream-consumer-2.csv,1736880021.889919,54,benign,iotsim-stream-consumer-2,0.95145989269624,0.9344614074096002,0.017722441787885387,0.13087692856788635,0.19962634146213531,0.06874941289424896,0.9998206696579218,0.00017933034207811882,True,True,False,False,True,True,True,False,False,True,False,lowest_temporal_ood_risk
1,medium_ratio_seed42,medium_mass_ratio_recalibrated,42,ood_stress,benign_ood,3,cert1m:205053,processed/iotsim-stream-consumer-2.csv,1736880021.888964,53,benign,iotsim-stream-consumer-2,0.9476297202882511,0.9306312350016113,0.017722441787885387,0.11415528506040573,0.20016077160835266,0.08600548654794693,0.9998206696579218,0.00017933034207811882,True,True,False,False,True,True,True,False,False,True,False,lowest_temporal_ood_risk
1,medium_ratio_seed42,medium_mass_ratio_recalibrated,42,ood_stress,benign_ood,2,cert1m:205052,processed/iotsim-stream-consumer-2.csv,1736880021.888956,52,benign,iotsim-stream-consumer-2,0.9476297202882511,0.9306312350016113,0.017722441787885387,0.1147373616695404,0.20072050392627716,0.08598314225673676,0.9998206696579218,0.00017933034207811882,True,True,False,False,True,True,True,False,False,True,False,lowest_temporal_ood_risk
1,medium_ratio_seed42,medium_mass_ratio_recalibrated,42,ood_stress,benign_ood,1,cert1m:205051,processed/iotsim-stream-consumer-2.csv,1736880021.88894,51,benign,iotsim-stream-consumer-2,0.9476297202882511,0.9306312350016113,0.017722441787885387,0.11536656320095062,0.20128022134304047,0.08591365814208984,0.9998206696579218,0.00017933034207811882,True,True,False,False,True,True,True,False,False,True,False,lowest_temporal_ood_risk
1,medium_ratio_seed42,medium_mass_ratio_recalibrated,42,ood_stress,benign_ood,229887,cert1m:699987,processed/iotsim-stream-consumer-1.csv,1736882455.165581,149987,benign,iotsim-stream-consumer-1,0.95145989269624,0.9344614074096002,0.017722441787885387,0.12554863095283508,1.203125,1.0775763988494873,0.9998206696579218,0.00017933034207811882,True,True,False,False,True,True,True,False,False,True,False,lowest_temporal_ood_risk
1,medium_ratio_seed42,medium_mass_ratio_recalibrated,42,ood_stress,benign_ood,47,cert1m:205097,processed/iotsim-stream-consumer-2.csv,1736880022.192973,97,benign,iotsim-stream-consumer-2,0.95145989269624,0.9344614074096002,0.017722441787885387,0.11598233878612518,0.18429583311080933,0.06831349432468414,0.9998206696579218,0.00017933034207811882,True,True,False,False,True,True,True,False,False,True,False,lowest_temporal_ood_risk
1,medium_ratio_seed42,medium_mass_ratio_recalibrated,42,ood_stress,benign_ood,46,cert1m:205096,processed/iotsim-stream-consumer-2.csv,1736880022.192968,96,benign,iotsim-stream-consumer-2,0.95145989269624,0.9344614074096002,0.017722441787885387,0.1163635104894638,0.18485534191131592,0.06849183142185211,0.9998206696579218,0.00017933034207811882,True,True,False,False,True,True,True,False,False,True,False,lowest_temporal_ood_risk
1,medium_ratio_seed42,medium_mass_ratio_recalibrated,42,ood_stress,benign_ood,45,cert1m:205095,processed/iotsim-stream-consumer-2.csv,1736880022.19296,95,benign,iotsim-stream-consumer-2,0.95145989269624,0.9344614074096002,0.017722441787885387,0.1167646124958992,0.18541495501995087,0.06865034252405167,0.9998206696579218,0.00017933034207811882,True,True,False,False,True,True,True,False,False,True,False,lowest_temporal_ood_risk
1,medium_ratio_seed42,medium_mass_ratio_recalibrated,42,ood_stress,benign_ood,44,cert1m:205094,processed/iotsim-stream-consumer-2.csv,1736880022.192955,94,benign,iotsim-stream-consumer-2,0.95145989269624,0.9344614074096002,0.017722441787885387,0.11718686670064926,0.1859748661518097,0.06878799945116043,0.9998206696579218,0.00017933034207811882,True,True,False,False,True,True,True,False,False,True,False,lowest_temporal_ood_risk
1,medium_ratio_seed42,medium_mass_ratio_recalibrated,42,ood_stress,benign_ood,43,cert1m:205093,processed/iotsim-stream-consumer-2.csv,1736880022.192951,93,benign,iotsim-stream-consumer-2,0.95145989269624,0.9344614074096002,0.017722441787885387,0.11763161420822144,0.18653498589992523,0.0689033716917038,0.9998206696579218,0.00017933034207811882,True,True,False,False,True,True,True,False,False,True,False,lowest_temporal_ood_risk
1,medium_ratio_seed42,medium_mass_ratio_recalibrated,42,ood_stress,benign_ood,42,cert1m:205092,processed/iotsim-stream-consumer-2.csv,1736880022.192943,92,benign,iotsim-stream-consumer-2,0.95145989269624,0.9344614074096002,0.017722441787885387,0.11810027062892914,0.18709519505500793,0.0689949244260788,0.9998206696579218,0.00017933034207811882,True,True,False,False,True,True,True,False,False,True,False,lowest_temporal_ood_risk
1,medium_ratio_seed42,medium_mass_ratio_recalibrated,42,ood_stress,benign_ood,41,cert1m:205091,processed/iotsim-stream-consumer-2.csv,1736880022.192938,91,benign,iotsim-stream-consumer-2,0.95145989269624,0.9344614074096002,0.017722441787885387,0.1185944527387619,0.18765567243099213,0.06906121969223022,0.9998206696579218,0.00017933034207811882,True,True,False,False,True,True,True,False,False,True,False,lowest_temporal_ood_risk
1,medium_ratio_seed42,medium_mass_ratio_recalibrated,42,ood_stress,benign_ood,40,cert1m:205090,processed/iotsim-stream-consumer-2.csv,1736880022.192933,90,benign,iotsim-stream-consumer-2,0.95145989269624,0.9344614074096002,0.017722441787885387,0.11911585181951523,0.18821635842323303,0.0691005066037178,0.9998206696579218,0.00017933034207811882,True,True,False,False,True,True,True,False,False,True,False,lowest_temporal_ood_risk
1,medium_ratio_seed42,medium_mass_ratio_recalibrated,42,ood_stress,benign_ood,39,cert1m:205089,processed/iotsim-stream-consumer-2.csv,1736880022.192926,89,benign,iotsim-stream-consumer-2,0.95145989269624,0.9344614074096002,0.017722441787885387,0.11966633051633835,0.1887771487236023,0.06911081820726395,0.9998206696579218,0.00017933034207811882,True,True,False,False,True,True,True,False,False,True,False,lowest_temporal_ood_risk
1,medium_ratio_seed42,medium_mass_ratio_recalibrated,42,ood_stress,benign_ood,38,cert1m:205088,processed/iotsim-stream-consumer-2.csv,1736880022.192919,88,benign,iotsim-stream-consumer-2,0.95145989269624,0.9344614074096002,0.017722441787885387,0.12024793773889542,0.18933814764022827,0.06909020990133286,0.9998206696579218,0.00017933034207811882,True,True,False,False,True,True,True,False,False,True,False,lowest_temporal_ood_risk
1,medium_ratio_seed42,medium_mass_ratio_recalibrated,42,ood_stress,benign_ood,37,cert1m:205087,processed/iotsim-stream-consumer-2.csv,1736880022.192892,87,benign,iotsim-stream-consumer-2,0.95145989269624,0.9344614074096002,0.017722441787885387,0.12086287885904312,0.1898987889289856,0.06903591006994247,0.9998206696579218,0.00017933034207811882,True,True,False,False,True,True,True,False,False,True,False,lowest_temporal_ood_risk
1,medium_ratio_seed42,medium_mass_ratio_recalibrated,42,ood_stress,benign_ood,36,cert1m:205086,processed/iotsim-stream-consumer-2.csv,1736880022.153671,86,benign,iotsim-stream-consumer-2,0.95145989269624,0.9344614074096002,0.017722441787885387,0.12145061790943146,0.18937307596206665,0.06792245805263519,0.9998206696579218,0.00017933034207811882,True,True,False,False,True,True,True,False,False,True,False,lowest_temporal_ood_risk
1,medium_ratio_seed42,medium_mass_ratio_recalibrated,42,ood_stress,benign_ood,35,cert1m:205085,processed/iotsim-stream-consumer-2.csv,1736880022.153652,85,benign,iotsim-stream-consumer-2,0.95145989269624,0.9344614074096002,0.017722441787885387,0.12014739215373993,0.18993330001831055,0.06978590786457062,0.9998206696579218,0.00017933034207811882,True,True,False,False,True,True,True,False,False,True,False,lowest_temporal_ood_risk
1,medium_ratio_seed42,medium_mass_ratio_recalibrated,42,ood_stress,benign_ood,34,cert1m:205084,processed/iotsim-stream-consumer-2.csv,1736880022.12447,84,benign,iotsim-stream-consumer-2,0.95145989269624,0.9344614074096002,0.017722441787885387,0.1207263171672821,0.18965762853622437,0.06893131136894226,0.9998206696579218,0.00017933034207811882,True,True,False,False,True,True,True,False,False,True,False,lowest_temporal_ood_risk
1,medium_ratio_seed42,medium_mass_ratio_recalibrated,42,ood_stress,benign_ood,33,cert1m:205083,processed/iotsim-stream-consumer-2.csv,1736880022.124438,83,benign,iotsim-stream-consumer-2,0.95145989269624,0.9344614074096002,0.017722441787885387,0.12064430862665176,0.19021709263324738,0.06957278400659561,0.9998206696579218,0.00017933034207811882,True,True,False,False,True,True,True,False,False,True,False,lowest_temporal_ood_risk
1,medium_ratio_seed42,medium_mass_ratio_recalibrated,42,ood_stress,benign_ood,32,cert1m:205082,processed/iotsim-stream-consumer-2.csv,1736880022.083569,82,benign,iotsim-stream-consumer-2,0.9196457470852503,0.9026472617986104,0.05442206970559179,0.21459266543388367,0.22321103513240814,0.008618369698524475,0.9998206696579218,0.00017933034207811882,True,True,False,False,True,True,True,False,False,True,False,lowest_temporal_ood_risk
1,medium_ratio_seed42,medium_mass_ratio_recalibrated,42,ood_stress,benign_ood,63,cert1m:205113,processed/iotsim-stream-consumer-2.csv,1736880022.354242,113,benign,iotsim-stream-consumer-2,0.95145989269624,0.9344614074096002,0.017722441787885387,0.12958182394504547,0.18063794076442719,0.051056116819381714,0.9998206696579218,0.00017933034207811882,True,True,False,False,True,True,True,False,False,True,False,lowest_temporal_ood_risk
1,medium_ratio_seed42,medium_mass_ratio_recalibrated,42,ood_stress,benign_ood,62,cert1m:205112,processed/iotsim-stream-consumer-2.csv,1736880022.354236,112,benign,iotsim-stream-consumer-2,0.95145989269624,0.9344614074096002,0.017722441787885387,0.1304548680782318,0.18119889497756958,0.05074402689933777,0.9998206696579218,0.00017933034207811882,True,True,False,False,True,True,True,False,False,True,False,lowest_temporal_ood_risk
1,medium_ratio_seed42,medium_mass_ratio_recalibrated,42,ood_stress,benign_ood,61,cert1m:205111,processed/iotsim-stream-consumer-2.csv,1736880022.354217,111,benign,iotsim-stream-consumer-2,0.95145989269624,0.9344614074096002,0.017722441787885387,0.13137251138687134,0.18175968527793884,0.050387173891067505,0.9998206696579218,0.00017933034207811882,True,True,False,False,True,True,True,False,False,True,False,lowest_temporal_ood_risk
1,medium_ratio_seed42,medium_mass_ratio_recalibrated,42,ood_stress,benign_ood,60,cert1m:205110,processed/iotsim-stream-consumer-2.csv,1736880022.315832,110,benign,iotsim-stream-consumer-2,0.95145989269624,0.9344614074096002,0.017722441787885387,0.13227857649326324,0.1811484545469284,0.04886987805366516,0.9998206696579218,0.00017933034207811882,True,True,False,False,True,True,True,False,False,True,False,lowest_temporal_ood_risk
1,medium_ratio_seed42,medium_mass_ratio_recalibrated,42,ood_stress,benign_ood,59,cert1m:205109,processed/iotsim-stream-consumer-2.csv,1736880022.315808,109,benign,iotsim-stream-consumer-2,0.95145989269624,0.9344614074096002,0.017722441787885387,0.12445463240146637,0.1817084550857544,0.057253822684288025,0.9998206696579218,0.00017933034207811882,True,True,False,False,True,True,True,False,False,True,False,lowest_temporal_ood_risk
1,medium_ratio_seed42,medium_mass_ratio_recalibrated,42,ood_stress,benign_ood,58,cert1m:205108,processed/iotsim-stream-consumer-2.csv,1736880022.273553,108,benign,iotsim-stream-consumer-2,0.95145989269624,0.9344614074096002,0.017722441787885387,0.1250821202993393,0.18091489374637604,0.05583277344703674,0.9998206696579218,0.00017933034207811882,True,True,False,False,True,True,True,False,False,True,False,lowest_temporal_ood_risk
1,medium_ratio_seed42,medium_mass_ratio_recalibrated,42,ood_stress,benign_ood,57,cert1m:205107,processed/iotsim-stream-consumer-2.csv,1736880022.273526,107,benign,iotsim-stream-consumer-2,0.95145989269624,0.9344614074096002,0.017722441787885387,0.12306568026542664,0.181473970413208,0.05840829014778137,0.9998206696579218,0.00017933034207811882,True,True,False,False,True,True,True,False,False,True,False,lowest_temporal_ood_risk
1,medium_ratio_seed42,medium_mass_ratio_recalibrated,42,ood_stress,benign_ood,56,cert1m:205106,processed/iotsim-stream-consumer-2.csv,1736880022.23293,106,benign,iotsim-stream-consumer-2,0.95145989269624,0.9344614074096002,0.017722441787885387,0.12363876402378082,0.18066194653511047,0.05702318251132965,0.9998206696579218,0.00017933034207811882,True,True,False,False,True,True,True,False,False,True,False,lowest_temporal_ood_risk
1,medium_ratio_seed42,medium_mass_ratio_recalibrated,42,ood_stress,benign_ood,55,cert1m:205105,processed/iotsim-stream-consumer-2.csv,1736880022.232924,105,benign,iotsim-stream-consumer-2,0.95145989269624,0.9344614074096002,0.017722441787885387,0.12294425815343857,0.1812208890914917,0.05827663093805313,0.9998206696579218,0.00017933034207811882,True,True,False,False,True,True,True,False,False,True,False,lowest_temporal_ood_risk
1,medium_ratio_seed42,medium_mass_ratio_recalibrated,42,ood_stress,benign_ood,54,cert1m:205104,processed/iotsim-stream-consumer-2.csv,1736880022.232898,104,benign,iotsim-stream-consumer-2,0.95145989269624,0.9344614074096002,0.017722441787885387,0.12359029054641724,0.18177935481071472,0.058189064264297485,0.9998206696579218,0.00017933034207811882,True,True,False,False,True,True,True,False,False,True,False,lowest_temporal_ood_risk
1,medium_ratio_seed42,medium_mass_ratio_recalibrated,42,ood_stress,benign_ood,53,cert1m:205103,processed/iotsim-stream-consumer-2.csv,1736880022.193709,103,benign,iotsim-stream-consumer-2,0.95145989269624,0.9344614074096002,0.017722441787885387,0.12419071793556213,0.1809675246477127,0.056776806712150574,0.9998206696579218,0.00017933034207811882,True,True,False,False,True,True,True,False,False,True,False,lowest_temporal_ood_risk
1,medium_ratio_seed42,medium_mass_ratio_recalibrated,42,ood_stress,benign_ood,52,cert1m:205102,processed/iotsim-stream-consumer-2.csv,1736880022.193704,102,benign,iotsim-stream-consumer-2,0.95145989269624,0.9344614074096002,0.017722441787885387,0.11433970183134079,0.1815258413553238,0.067186139523983,0.9998206696579218,0.00017933034207811882,True,True,False,False,True,True,True,False,False,True,False,lowest_temporal_ood_risk
1,medium_ratio_seed42,medium_mass_ratio_recalibrated,42,ood_stress,benign_ood,51,cert1m:205101,processed/iotsim-stream-consumer-2.csv,1736880022.193696,101,benign,iotsim-stream-consumer-2,0.95145989269624,0.9344614074096002,0.017722441787885387,0.11463675647974014,0.18208423256874084,0.0674474760890007,0.9998206696579218,0.00017933034207811882,True,True,False,False,True,True,True,False,False,True,False,lowest_temporal_ood_risk
1,medium_ratio_seed42,medium_mass_ratio_recalibrated,42,ood_stress,benign_ood,50,cert1m:205100,processed/iotsim-stream-consumer-2.csv,1736880022.19299,100,benign,iotsim-stream-consumer-2,0.95145989269624,0.9344614074096002,0.017722441787885387,0.1149473711848259,0.18261858820915222,0.06767121702432632,0.9998206696579218,0.00017933034207811882,True,True,False,False,True,True,True,False,False,True,False,lowest_temporal_ood_risk
1,medium_ratio_seed42,medium_mass_ratio_recalibrated,42,ood_stress,benign_ood,49,cert1m:205099,processed/iotsim-stream-consumer-2.csv,1736880022.192985,99,benign,iotsim-stream-consumer-2,0.95145989269624,0.9344614074096002,0.017722441787885387,0.11527528613805771,0.18317748606204987,0.06790219992399216,0.9998206696579218,0.00017933034207811882,True,True,False,False,True,True,True,False,False,True,False,lowest_temporal_ood_risk
1,medium_ratio_seed42,medium_mass_ratio_recalibrated,42,ood_stress,benign_ood,48,cert1m:205098,processed/iotsim-stream-consumer-2.csv,1736880022.19298,98,benign,iotsim-stream-consumer-2,0.95145989269624,0.9344614074096002,0.017722441787885387,0.115619957447052,0.18373659253120422,0.06811663508415222,0.9998206696579218,0.00017933034207811882,True,True,False,False,True,True,True,False,False,True,False,lowest_temporal_ood_risk
1,medium_ratio_seed42,medium_mass_ratio_recalibrated,42,ood_stress,benign_ood,79,cert1m:205129,processed/iotsim-stream-consumer-2.csv,1736880022.396651,129,benign,iotsim-stream-consumer-2,0.95145989269624,0.9344614074096002,0.017722441787885387,0.12576939165592194,0.17328260838985443,0.047513216733932495,0.9998206696579218,0.00017933034207811882,True,True,False,False,True,True,True,False,False,True,False,lowest_temporal_ood_risk
1,medium_ratio_seed42,medium_mass_ratio_recalibrated,42,ood_stress,benign_ood,78,cert1m:205128,processed/iotsim-stream-consumer-2.csv,1736880022.396624,128,benign,iotsim-stream-consumer-2,0.95145989269624,0.9344614074096002,0.017722441787885387,0.12640583515167236,0.17384089529514313,0.047435060143470764,0.9998206696579218,0.00017933034207811882,True,True,False,False,True,True,True,False,False,True,False,lowest_temporal_ood_risk
1,medium_ratio_seed42,medium_mass_ratio_recalibrated,42,ood_stress,benign_ood,77,cert1m:205127,processed/iotsim-stream-consumer-2.csv,1736880022.357331,127,benign,iotsim-stream-consumer-2,0.95145989269624,0.9344614074096002,0.017722441787885387,0.1269935816526413,0.1729152351617813,0.045921653509140015,0.9998206696579218,0.00017933034207811882,True,True,False,False,True,True,True,False,False,True,False,lowest_temporal_ood_risk
1,medium_ratio_seed42,medium_mass_ratio_recalibrated,42,ood_stress,benign_ood,76,cert1m:205126,processed/iotsim-stream-consumer-2.csv,1736880022.356662,126,benign,iotsim-stream-consumer-2,0.95145989269624,0.9344614074096002,0.017722441787885387,0.12122326344251633,0.1734476536512375,0.05222439020872116,0.9998206696579218,0.00017933034207811882,True,True,False,False,True,True,True,False,False,True,False,lowest_temporal_ood_risk
1,medium_ratio_seed42,medium_mass_ratio_recalibrated,42,ood_stress,benign_ood,75,cert1m:205125,processed/iotsim-stream-consumer-2.csv,1736880022.356647,125,benign,iotsim-stream-consumer-2,0.95145989269624,0.9344614074096002,0.017722441787885387,0.12171512842178345,0.1740056574344635,0.052290529012680054,0.9998206696579218,0.00017933034207811882,True,True,False,False,True,True,True,False,False,True,False,lowest_temporal_ood_risk
1,medium_ratio_seed42,medium_mass_ratio_recalibrated,42,ood_stress,benign_ood,74,cert1m:205124,processed/iotsim-stream-consumer-2.csv,1736880022.355832,124,benign,iotsim-stream-consumer-2,0.95145989269624,0.9344614074096002,0.017722441787885387,0.12222576141357422,0.17453376948833466,0.05230800807476044,0.9998206696579218,0.00017933034207811882,True,True,False,False,True,True,True,False,False,True,False,lowest_temporal_ood_risk
1,medium_ratio_seed42,medium_mass_ratio_recalibrated,42,ood_stress,benign_ood,73,cert1m:205123,processed/iotsim-stream-consumer-2.csv,1736880022.355824,123,benign,iotsim-stream-consumer-2,0.95145989269624,0.9344614074096002,0.017722441787885387,0.12275922298431396,0.1750924289226532,0.05233320593833923,0.9998206696579218,0.00017933034207811882,True,True,False,False,True,True,True,False,False,True,False,lowest_temporal_ood_risk
1,medium_ratio_seed42,medium_mass_ratio_recalibrated,42,ood_stress,benign_ood,72,cert1m:205122,processed/iotsim-stream-consumer-2.csv,1736880022.355817,122,benign,iotsim-stream-consumer-2,0.95145989269624,0.9344614074096002,0.017722441787885387,0.12331533432006836,0.17565138638019562,0.05233605206012726,0.9998206696579218,0.00017933034207811882,True,True,False,False,True,True,True,False,False,True,False,lowest_temporal_ood_risk
1,medium_ratio_seed42,medium_mass_ratio_recalibrated,42,ood_stress,benign_ood,71,cert1m:205121,processed/iotsim-stream-consumer-2.csv,1736880022.355795,121,benign,iotsim-stream-consumer-2,0.95145989269624,0.9344614074096002,0.017722441787885387,0.12389540672302246,0.17621000111103058,0.05231459438800812,0.9998206696579218,0.00017933034207811882,True,True,False,False,True,True,True,False,False,True,False,lowest_temporal_ood_risk
1,medium_ratio_seed42,medium_mass_ratio_recalibrated,42,ood_stress,benign_ood,70,cert1m:205120,processed/iotsim-stream-consumer-2.csv,1736880022.355041,120,benign,iotsim-stream-consumer-2,0.95145989269624,0.9344614074096002,0.017722441787885387,0.12449945509433746,0.17674298584461212,0.05224353075027466,0.9998206696579218,0.00017933034207811882,True,True,False,False,True,True,True,False,False,True,False,lowest_temporal_ood_risk
1,medium_ratio_seed42,medium_mass_ratio_recalibrated,42,ood_stress,benign_ood,69,cert1m:205119,processed/iotsim-stream-consumer-2.csv,1736880022.354285,119,benign,iotsim-stream-consumer-2,0.95145989269624,0.9344614074096002,0.017722441787885387,0.12512995302677155,0.17727646231651306,0.052146509289741516,0.9998206696579218,0.00017933034207811882,True,True,False,False,True,True,True,False,False,True,False,lowest_temporal_ood_risk
1,medium_ratio_seed42,medium_mass_ratio_recalibrated,42,ood_stress,benign_ood,68,cert1m:205118,processed/iotsim-stream-consumer-2.csv,1736880022.354277,118,benign,iotsim-stream-consumer-2,0.95145989269624,0.9344614074096002,0.017722441787885387,0.1257897913455963,0.17783617973327637,0.052046388387680054,0.9998206696579218,0.00017933034207811882,True,True,False,False,True,True,True,False,False,True,False,lowest_temporal_ood_risk
1,medium_ratio_seed42,medium_mass_ratio_recalibrated,42,ood_stress,benign_ood,67,cert1m:205117,processed/iotsim-stream-consumer-2.csv,1736880022.354272,117,benign,iotsim-stream-consumer-2,0.95145989269624,0.9344614074096002,0.017722441787885387,0.12647973001003265,0.17839619517326355,0.051916465163230896,0.9998206696579218,0.00017933034207811882,True,True,False,False,True,True,True,False,False,True,False,lowest_temporal_ood_risk
1,medium_ratio_seed42,medium_mass_ratio_recalibrated,42,ood_stress,benign_ood,66,cert1m:205116,processed/iotsim-stream-consumer-2.csv,1736880022.354264,116,benign,iotsim-stream-consumer-2,0.95145989269624,0.9344614074096002,0.017722441787885387,0.12720173597335815,0.1789563149213791,0.051754578948020935,0.9998206696579218,0.00017933034207811882,True,True,False,False,True,True,True,False,False,True,False,lowest_temporal_ood_risk
1,medium_ratio_seed42,medium_mass_ratio_recalibrated,42,ood_stress,benign_ood,65,cert1m:205115,processed/iotsim-stream-consumer-2.csv,1736880022.354258,115,benign,iotsim-stream-consumer-2,0.95145989269624,0.9344614074096002,0.017722441787885387,0.12795785069465637,0.17951668798923492,0.05155883729457855,0.9998206696579218,0.00017933034207811882,True,True,False,False,True,True,True,False,False,True,False,lowest_temporal_ood_risk
1,medium_ratio_seed42,medium_mass_ratio_recalibrated,42,ood_stress,benign_ood,64,cert1m:205114,processed/iotsim-stream-consumer-2.csv,1736880022.354253,114,benign,iotsim-stream-consumer-2,0.95145989269624,0.9344614074096002,0.017722441787885387,0.12875038385391235,0.18007729947566986,0.05132691562175751,0.9998206696579218,0.00017933034207811882,True,True,False,False,True,True,True,False,False,True,False,lowest_temporal_ood_risk
1,medium_ratio_seed42,medium_mass_ratio_recalibrated,42,ood_stress,benign_ood,79974,cert1m:550074,processed/iotsim-stream-consumer-1.csv,1736880022.41164,74,benign,iotsim-stream-consumer-1,0.95145989269624,0.9344614074096002,0.017722441787885387,0.10913441330194473,0.19264726340770721,0.08351285010576248,0.9998206696579218,0.00017933034207811882,True,True,False,False,True,True,True,False,False,True,False,nearest_attack_region
1,medium_ratio_seed42,medium_mass_ratio_recalibrated,42,ood_stress,benign_ood,79973,cert1m:550073,processed/iotsim-stream-consumer-1.csv,1736880022.411616,73,benign,iotsim-stream-consumer-1,0.95145989269624,0.9344614074096002,0.017722441787885387,0.10927853733301163,0.193206787109375,0.08392824977636337,0.9998206696579218,0.00017933034207811882,True,True,False,False,True,True,True,False,False,True,False,nearest_attack_region
1,medium_ratio_seed42,medium_mass_ratio_recalibrated,42,ood_stress,benign_ood,79972,cert1m:550072,processed/iotsim-stream-consumer-1.csv,1736880022.374494,72,benign,iotsim-stream-consumer-1,0.95145989269624,0.9344614074096002,0.017722441787885387,0.1093669980764389,0.19268906116485596,0.08332206308841705,0.9998206696579218,0.00017933034207811882,True,True,False,False,True,True,True,False,False,True,False,nearest_attack_region
1,medium_ratio_seed42,medium_mass_ratio_recalibrated,42,ood_stress,benign_ood,79971,cert1m:550071,processed/iotsim-stream-consumer-1.csv,1736880022.374486,71,benign,iotsim-stream-consumer-1,0.95145989269624,0.9344614074096002,0.017722441787885387,0.10940597951412201,0.19324836134910583,0.08384238183498383,0.9998206696579218,0.00017933034207811882,True,True,False,False,True,True,True,False,False,True,False,nearest_attack_region
1,medium_ratio_seed42,medium_mass_ratio_recalibrated,42,ood_stress,benign_ood,79994,cert1m:550094,processed/iotsim-stream-consumer-1.csv,1736880022.532951,94,benign,iotsim-stream-consumer-1,0.95145989269624,0.9344614074096002,0.017722441787885387,0.10958891361951828,0.18471461534500122,0.07512570172548294,0.9998206696579218,0.00017933034207811882,True,True,False,False,True,True,True,False,False,True,False,nearest_attack_region
1,medium_ratio_seed42,medium_mass_ratio_recalibrated,42,ood_stress,benign_ood,79970,cert1m:550070,processed/iotsim-stream-consumer-1.csv,1736880022.374464,70,benign,iotsim-stream-consumer-1,0.95145989269624,0.9344614074096002,0.017722441787885387,0.10959963500499725,0.193807452917099,0.08420781791210175,0.9998206696579218,0.00017933034207811882,True,True,False,False,True,True,True,False,False,True,False,nearest_attack_region
1,medium_ratio_seed42,medium_mass_ratio_recalibrated,42,ood_stress,benign_ood,79993,cert1m:550093,processed/iotsim-stream-consumer-1.csv,1736880022.532944,93,benign,iotsim-stream-consumer-1,0.95145989269624,0.9344614074096002,0.017722441787885387,0.1097206398844719,0.18527381122112274,0.07555317133665085,0.9998206696579218,0.00017933034207811882,True,True,False,False,True,True,True,False,False,True,False,nearest_attack_region
1,medium_ratio_seed42,medium_mass_ratio_recalibrated,42,ood_stress,benign_ood,79969,cert1m:550069,processed/iotsim-stream-consumer-1.csv,1736880022.374459,69,benign,iotsim-stream-consumer-1,0.95145989269624,0.9344614074096002,0.017722441787885387,0.10981184989213943,0.19436724483966827,0.08455539494752884,0.9998206696579218,0.00017933034207811882,True,True,False,False,True,True,True,False,False,True,False,nearest_attack_region
1,medium_ratio_seed42,medium_mass_ratio_recalibrated,42,ood_stress,benign_ood,79992,cert1m:550092,processed/iotsim-stream-consumer-1.csv,1736880022.532939,92,benign,iotsim-stream-consumer-1,0.95145989269624,0.9344614074096002,0.017722441787885387,0.10986360162496567,0.18583326041698456,0.07596965879201889,0.9998206696579218,0.00017933034207811882,True,True,False,False,True,True,True,False,False,True,False,nearest_attack_region
1,medium_ratio_seed42,medium_mass_ratio_recalibrated,42,ood_stress,benign_ood,79991,cert1m:550091,processed/iotsim-stream-consumer-1.csv,1736880022.532933,91,benign,iotsim-stream-consumer-1,0.95145989269624,0.9344614074096002,0.017722441787885387,0.11001863330602646,0.1863929033279419,0.07637427002191544,0.9998206696579218,0.00017933034207811882,True,True,False,False,True,True,True,False,False,True,False,nearest_attack_region
1,medium_ratio_seed42,medium_mass_ratio_recalibrated,42,ood_stress,benign_ood,79968,cert1m:550068,processed/iotsim-stream-consumer-1.csv,1736880022.374453,68,benign,iotsim-stream-consumer-1,0.95145989269624,0.9344614074096002,0.017722441787885387,0.11004407703876495,0.1949271559715271,0.08488307893276215,0.9998206696579218,0.00017933034207811882,True,True,False,False,True,True,True,False,False,True,False,nearest_attack_region
1,medium_ratio_seed42,medium_mass_ratio_recalibrated,42,ood_stress,benign_ood,79990,cert1m:550090,processed/iotsim-stream-consumer-1.csv,1736880022.532922,90,benign,iotsim-stream-consumer-1,0.95145989269624,0.9344614074096002,0.017722441787885387,0.11018665134906769,0.18695257604122162,0.07676592469215393,0.9998206696579218,0.00017933034207811882,True,True,False,False,True,True,True,False,False,True,False,nearest_attack_region
1,medium_ratio_seed42,medium_mass_ratio_recalibrated,42,ood_stress,benign_ood,79976,cert1m:550076,processed/iotsim-stream-consumer-1.csv,1736880022.451398,76,benign,iotsim-stream-consumer-1,0.95145989269624,0.9344614074096002,0.017722441787885387,0.11021867394447327,0.19265177845954895,0.08243310451507568,0.9998206696579218,0.00017933034207811882,True,True,False,False,True,True,True,False,False,True,False,nearest_attack_region
1,medium_ratio_seed42,medium_mass_ratio_recalibrated,42,ood_stress,benign_ood,79967,cert1m:550067,processed/iotsim-stream-consumer-1.csv,1736880022.37444,67,benign,iotsim-stream-consumer-1,0.95145989269624,0.9344614074096002,0.017722441787885387,0.11029791831970215,0.19548708200454712,0.08518916368484497,0.9998206696579218,0.00017933034207811882,True,True,False,False,True,True,True,False,False,True,False,nearest_attack_region
1,medium_ratio_seed42,medium_mass_ratio_recalibrated,42,ood_stress,benign_ood,79989,cert1m:550089,processed/iotsim-stream-consumer-1.csv,1736880022.53218,89,benign,iotsim-stream-consumer-1,0.95145989269624,0.9344614074096002,0.017722441787885387,0.11036723107099533,0.1874900907278061,0.07712285965681076,0.9998206696579218,0.00017933034207811882,True,True,False,False,True,True,True,False,False,True,False,nearest_attack_region
1,medium_ratio_seed42,medium_mass_ratio_recalibrated,42,ood_stress,benign_ood,79975,cert1m:550075,processed/iotsim-stream-consumer-1.csv,1736880022.411646,75,benign,iotsim-stream-consumer-1,0.95145989269624,0.9344614074096002,0.017722441787885387,0.11037994921207428,0.19208741188049316,0.08170746266841888,0.9998206696579218,0.00017933034207811882,True,True,False,False,True,True,True,False,False,True,False,nearest_attack_region
1,medium_ratio_seed42,medium_mass_ratio_recalibrated,42,ood_stress,benign_ood,79988,cert1m:550088,processed/iotsim-stream-consumer-1.csv,1736880022.532176,88,benign,iotsim-stream-consumer-1,0.95145989269624,0.9344614074096002,0.017722441787885387,0.11056432127952576,0.18805034458637238,0.07748602330684662,0.9998206696579218,0.00017933034207811882,True,True,False,False,True,True,True,False,False,True,False,nearest_attack_region
1,medium_ratio_seed42,medium_mass_ratio_recalibrated,42,ood_stress,benign_ood,79966,cert1m:550066,processed/iotsim-stream-consumer-1.csv,1736880022.374435,66,benign,iotsim-stream-consumer-1,0.95145989269624,0.9344614074096002,0.017722441787885387,0.11057516932487488,0.19604742527008057,0.08547225594520569,0.9998206696579218,0.00017933034207811882,True,True,False,False,True,True,True,False,False,True,False,nearest_attack_region
1,medium_ratio_seed42,medium_mass_ratio_recalibrated,42,ood_stress,benign_ood,79987,cert1m:550087,processed/iotsim-stream-consumer-1.csv,1736880022.532169,87,benign,iotsim-stream-consumer-1,0.95145989269624,0.9344614074096002,0.017722441787885387,0.11077765375375748,0.18861070275306702,0.07783304899930954,0.9998206696579218,0.00017933034207811882,True,True,False,False,True,True,True,False,False,True,False,nearest_attack_region
1,medium_ratio_seed42,medium_mass_ratio_recalibrated,42,ood_stress,benign_ood,79965,cert1m:550065,processed/iotsim-stream-consumer-1.csv,1736880022.374426,65,benign,iotsim-stream-consumer-1,0.95145989269624,0.9344614074096002,0.017722441787885387,0.11087775975465775,0.1966078281402588,0.08573006838560104,0.9998206696579218,0.00017933034207811882,True,True,False,False,True,True,True,False,False,True,False,nearest_attack_region
1,medium_ratio_seed42,medium_mass_ratio_recalibrated,42,ood_stress,benign_ood,79986,cert1m:550086,processed/iotsim-stream-consumer-1.csv,1736880022.532164,86,benign,iotsim-stream-consumer-1,0.95145989269624,0.9344614074096002,0.017722441787885387,0.11100853234529495,0.18917131423950195,0.078162781894207,0.9998206696579218,0.00017933034207811882,True,True,False,False,True,True,True,False,False,True,False,nearest_attack_region
1,medium_ratio_seed42,medium_mass_ratio_recalibrated,42,ood_stress,benign_ood,79964,cert1m:550064,processed/iotsim-stream-consumer-1.csv,1736880022.374421,64,benign,iotsim-stream-consumer-1,0.95145989269624,0.9344614074096002,0.017722441787885387,0.11120784282684326,0.1971685141324997,0.08596067130565643,0.9998206696579218,0.00017933034207811882,True,True,False,False,True,True,True,False,False,True,False,nearest_attack_region
1,medium_ratio_seed42,medium_mass_ratio_recalibrated,42,ood_stress,benign_ood,79985,cert1m:550085,processed/iotsim-stream-consumer-1.csv,1736880022.532142,85,benign,iotsim-stream-consumer-1,0.95145989269624,0.9344614074096002,0.017722441787885387,0.1112583726644516,0.189731627702713,0.07847325503826141,0.9998206696579218,0.00017933034207811882,True,True,False,False,True,True,True,False,False,True,False,nearest_attack_region
1,medium_ratio_seed42,medium_mass_ratio_recalibrated,42,ood_stress,benign_ood,79984,cert1m:550084,processed/iotsim-stream-consumer-1.csv,1736880022.532137,84,benign,iotsim-stream-consumer-1,0.95145989269624,0.9344614074096002,0.017722441787885387,0.11152885109186172,0.1902925968170166,0.07876374572515488,0.9998206696579218,0.00017933034207811882,True,True,False,False,True,True,True,False,False,True,False,nearest_attack_region
1,medium_ratio_seed42,medium_mass_ratio_recalibrated,42,ood_stress,benign_ood,79963,cert1m:550063,processed/iotsim-stream-consumer-1.csv,1736880022.374415,63,benign,iotsim-stream-consumer-1,0.95145989269624,0.9344614074096002,0.017722441787885387,0.11156772822141647,0.19772937893867493,0.08616165071725845,0.9998206696579218,0.00017933034207811882,True,True,False,False,True,True,True,False,False,True,False,nearest_attack_region
1,medium_ratio_seed42,medium_mass_ratio_recalibrated,42,ood_stress,benign_ood,79997,cert1m:550097,processed/iotsim-stream-consumer-1.csv,1736880022.575175,97,benign,iotsim-stream-consumer-1,0.95145989269624,0.9344614074096002,0.017722441787885387,0.11158310621976852,0.18440960347652435,0.07282649725675583,0.9998206696579218,0.00017933034207811882,True,True,False,False,True,True,True,False,False,True,False,nearest_attack_region
1,medium_ratio_seed42,medium_mass_ratio_recalibrated,42,ood_stress,benign_ood,79983,cert1m:550083,processed/iotsim-stream-consumer-1.csv,1736880022.532132,83,benign,iotsim-stream-consumer-1,0.95145989269624,0.9344614074096002,0.017722441787885387,0.11182166635990143,0.1908537596464157,0.07903209328651428,0.9998206696579218,0.00017933034207811882,True,True,False,False,True,True,True,False,False,True,False,nearest_attack_region
1,medium_ratio_seed42,medium_mass_ratio_recalibrated,42,ood_stress,benign_ood,79996,cert1m:550096,processed/iotsim-stream-consumer-1.csv,1736880022.574264,96,benign,iotsim-stream-consumer-1,0.95145989269624,0.9344614074096002,0.017722441787885387,0.11186602711677551,0.18494082987308502,0.07307480275630951,0.9998206696579218,0.00017933034207811882,True,True,False,False,True,True,True,False,False,True,False,nearest_attack_region
1,medium_ratio_seed42,medium_mass_ratio_recalibrated,42,ood_stress,benign_ood,79962,cert1m:550062,processed/iotsim-stream-consumer-1.csv,1736880022.3744,62,benign,iotsim-stream-consumer-1,0.95145989269624,0.9344614074096002,0.017722441787885387,0.11195997893810272,0.19829018414020538,0.08633020520210266,0.9998206696579218,0.00017933034207811882,True,True,False,False,True,True,True,False,False,True,False,nearest_attack_region
1,medium_ratio_seed42,medium_mass_ratio_recalibrated,42,ood_stress,benign_ood,79978,cert1m:550078,processed/iotsim-stream-consumer-1.csv,1736880022.491638,78,benign,iotsim-stream-consumer-1,0.95145989269624,0.9344614074096002,0.017722441787885387,0.11207370460033417,0.19261643290519714,0.08054272830486298,0.9998206696579218,0.00017933034207811882,True,True,False,False,True,True,True,False,False,True,False,nearest_attack_region
1,medium_ratio_seed42,medium_mass_ratio_recalibrated,42,ood_stress,benign_ood,79995,cert1m:550095,processed/iotsim-stream-consumer-1.csv,1736880022.532956,95,benign,iotsim-stream-consumer-1,0.95145989269624,0.9344614074096002,0.017722441787885387,0.11208727955818176,0.18415553867816925,0.07206825911998749,0.9998206696579218,0.00017933034207811882,True,True,False,False,True,True,True,False,False,True,False,nearest_attack_region
1,medium_ratio_seed42,medium_mass_ratio_recalibrated,42,ood_stress,benign_ood,79982,cert1m:550082,processed/iotsim-stream-consumer-1.csv,1736880022.53212,82,benign,iotsim-stream-consumer-1,0.95145989269624,0.9344614074096002,0.017722441787885387,0.1121387705206871,0.191414937376976,0.07927616685628891,0.9998206696579218,0.00017933034207811882,True,True,False,False,True,True,True,False,False,True,False,nearest_attack_region
1,medium_ratio_seed42,medium_mass_ratio_recalibrated,42,ood_stress,benign_ood,79950,cert1m:550050,processed/iotsim-stream-consumer-1.csv,1736880022.33054,50,benign,iotsim-stream-consumer-1,0.9476297202882511,0.9306312350016113,0.017722441787885387,0.11220426857471466,0.20419509708881378,0.09199082851409912,0.9998206696579218,0.00017933034207811882,True,True,False,False,True,True,True,False,False,True,False,nearest_attack_region
1,medium_ratio_seed42,medium_mass_ratio_recalibrated,42,ood_stress,benign_ood,79977,cert1m:550077,processed/iotsim-stream-consumer-1.csv,1736880022.451426,77,benign,iotsim-stream-consumer-1,0.95145989269624,0.9344614074096002,0.017722441787885387,0.1123720109462738,0.1920918971300125,0.07971988618373871,0.9998206696579218,0.00017933034207811882,True,True,False,False,True,True,True,False,False,True,False,nearest_attack_region
1,medium_ratio_seed42,medium_mass_ratio_recalibrated,42,ood_stress,benign_ood,79961,cert1m:550061,processed/iotsim-stream-consumer-1.csv,1736880022.374394,61,benign,iotsim-stream-consumer-1,0.95145989269624,0.9344614074096002,0.017722441787885387,0.11238744854927063,0.19885140657424927,0.08646395802497864,0.9998206696579218,0.00017933034207811882,True,True,False,False,True,True,True,False,False,True,False,nearest_attack_region
1,medium_ratio_seed42,medium_mass_ratio_recalibrated,42,ood_stress,benign_ood,79981,cert1m:550081,processed/iotsim-stream-consumer-1.csv,1736880022.532114,81,benign,iotsim-stream-consumer-1,0.95145989269624,0.9344614074096002,0.017722441787885387,0.11248236149549484,0.19197644293308258,0.07949408143758774,0.9998206696579218,0.00017933034207811882,True,True,False,False,True,True,True,False,False,True,False,nearest_attack_region
1,medium_ratio_seed42,medium_mass_ratio_recalibrated,42,ood_stress,benign_ood,79960,cert1m:550060,processed/iotsim-stream-consumer-1.csv,1736880022.374388,60,benign,iotsim-stream-consumer-1,0.95145989269624,0.9344614074096002,0.017722441787885387,0.1128532662987709,0.1994127780199051,0.08655951172113419,0.9998206696579218,0.00017933034207811882,True,True,False,False,True,True,True,False,False,True,False,nearest_attack_region
1,medium_ratio_seed42,medium_mass_ratio_recalibrated,42,ood_stress,benign_ood,79980,cert1m:550080,processed/iotsim-stream-consumer-1.csv,1736880022.532095,80,benign,iotsim-stream-consumer-1,0.95145989269624,0.9344614074096002,0.017722441787885387,0.11285482347011566,0.1925377994775772,0.07968297600746155,0.9998206696579218,0.00017933034207811882,True,True,False,False,True,True,True,False,False,True,False,nearest_attack_region
1,medium_ratio_seed42,medium_mass_ratio_recalibrated,42,ood_stress,benign_ood,79979,cert1m:550079,processed/iotsim-stream-consumer-1.csv,1736880022.491658,79,benign,iotsim-stream-consumer-1,0.95145989269624,0.9344614074096002,0.017722441787885387,0.11319306492805481,0.19205568730831146,0.07886262238025665,0.9998206696579218,0.00017933034207811882,True,True,False,False,True,True,True,False,False,True,False,nearest_attack_region
1,medium_ratio_seed42,medium_mass_ratio_recalibrated,42,ood_stress,benign_ood,79959,cert1m:550059,processed/iotsim-stream-consumer-1.csv,1736880022.374376,59,benign,iotsim-stream-consumer-1,0.95145989269624,0.9344614074096002,0.017722441787885387,0.11336088925600052,0.1999742090702057,0.08661331981420517,0.9998206696579218,0.00017933034207811882,True,True,False,False,True,True,True,False,False,True,False,nearest_attack_region
1,medium_ratio_seed42,medium_mass_ratio_recalibrated,42,ood_stress,benign_ood,79958,cert1m:550058,processed/iotsim-stream-consumer-1.csv,1736880022.37436,58,benign,iotsim-stream-consumer-1,0.95145989269624,0.9344614074096002,0.017722441787885387,0.11391416192054749,0.20053571462631226,0.08662155270576477,0.9998206696579218,0.00017933034207811882,True,True,False,False,True,True,True,False,False,True,False,nearest_attack_region
1,medium_ratio_seed42,medium_mass_ratio_recalibrated,42,ood_stress,benign_ood,3,cert1m:205053,processed/iotsim-stream-consumer-2.csv,1736880021.888964,53,benign,iotsim-stream-consumer-2,0.9476297202882511,0.9306312350016113,0.017722441787885387,0.11415528506040573,0.20016077160835266,0.08600548654794693,0.9998206696579218,0.00017933034207811882,True,True,False,False,True,True,True,False,False,True,False,nearest_attack_region
1,medium_ratio_seed42,medium_mass_ratio_recalibrated,42,ood_stress,benign_ood,52,cert1m:205102,processed/iotsim-stream-consumer-2.csv,1736880022.193704,102,benign,iotsim-stream-consumer-2,0.95145989269624,0.9344614074096002,0.017722441787885387,0.11433970183134079,0.1815258413553238,0.067186139523983,0.9998206696579218,0.00017933034207811882,True,True,False,False,True,True,True,False,False,True,False,nearest_attack_region
1,medium_ratio_seed42,medium_mass_ratio_recalibrated,42,ood_stress,benign_ood,79957,cert1m:550057,processed/iotsim-stream-consumer-1.csv,1736880022.373113,57,benign,iotsim-stream-consumer-1,0.95145989269624,0.9344614074096002,0.017722441787885387,0.11451562494039536,0.20107075572013855,0.0865551307797432,0.9998206696579218,0.00017933034207811882,True,True,False,False,True,True,True,False,False,True,False,nearest_attack_region
1,medium_ratio_seed42,medium_mass_ratio_recalibrated,42,ood_stress,benign_ood,74039,cert1m:279089,processed/iotsim-stream-consumer-2.csv,1736881282.799557,74089,benign,iotsim-stream-consumer-2,0.8758459941200307,0.8588475088333909,0.017722441787885387,0.11453482508659363,1.2648725509643555,1.1503376960754395,0.9998206696579218,0.00017933034207811882,True,True,False,False,True,True,True,False,False,True,False,nearest_attack_region
1,medium_ratio_seed42,medium_mass_ratio_recalibrated,42,ood_stress,benign_ood,74038,cert1m:279088,processed/iotsim-stream-consumer-2.csv,1736881282.799546,74088,benign,iotsim-stream-consumer-2,0.8758459941200307,0.8588475088333909,0.017722441787885387,0.1146034449338913,1.2662220001220703,1.1516185998916626,0.9998206696579218,0.00017933034207811882,True,True,False,False,True,True,True,False,False,True,False,nearest_attack_region
1,medium_ratio_seed42,medium_mass_ratio_recalibrated,42,ood_stress,benign_ood,51,cert1m:205101,processed/iotsim-stream-consumer-2.csv,1736880022.193696,101,benign,iotsim-stream-consumer-2,0.95145989269624,0.9344614074096002,0.017722441787885387,0.11463675647974014,0.18208423256874084,0.0674474760890007,0.9998206696579218,0.00017933034207811882,True,True,False,False,True,True,True,False,False,True,False,nearest_attack_region
1,medium_ratio_seed42,medium_mass_ratio_recalibrated,42,ood_stress,benign_ood,79999,cert1m:550099,processed/iotsim-stream-consumer-1.csv,1736880022.612345,99,benign,iotsim-stream-consumer-1,0.95145989269624,0.9344614074096002,0.017722441787885387,0.11464184522628784,0.18446111679077148,0.06981927156448364,0.9998206696579218,0.00017933034207811882,True,True,False,False,True,True,True,False,False,True,False,nearest_attack_region
1,medium_ratio_seed42,medium_mass_ratio_recalibrated,42,ood_stress,benign_ood,74037,cert1m:279087,processed/iotsim-stream-consumer-2.csv,1736881282.799539,74087,benign,iotsim-stream-consumer-2,0.8758459941200307,0.8588475088333909,0.017722441787885387,0.11467486619949341,1.2675895690917969,1.1529147624969482,0.9998206696579218,0.00017933034207811882,True,True,False,False,True,True,True,False,False,True,False,nearest_attack_region
1,medium_ratio_seed42,medium_mass_ratio_recalibrated,42,ood_stress,benign_ood,2,cert1m:205052,processed/iotsim-stream-consumer-2.csv,1736880021.888956,52,benign,iotsim-stream-consumer-2,0.9476297202882511,0.9306312350016113,0.017722441787885387,0.1147373616695404,0.20072050392627716,0.08598314225673676,0.9998206696579218,0.00017933034207811882,True,True,False,False,True,True,True,False,False,True,False,nearest_attack_region
1,medium_ratio_seed42,medium_mass_ratio_recalibrated,42,ood_stress,benign_ood,74036,cert1m:279086,processed/iotsim-stream-consumer-2.csv,1736881282.799527,74086,benign,iotsim-stream-consumer-2,0.8758459941200307,0.8588475088333909,0.017722441787885387,0.11474914848804474,1.2689756155014038,1.1542264223098755,0.9998206696579218,0.00017933034207811882,True,True,False,False,True,True,True,False,False,True,False,nearest_attack_region
1,medium_ratio_seed42,medium_mass_ratio_recalibrated,42,ood_stress,benign_ood,74035,cert1m:279085,processed/iotsim-stream-consumer-2.csv,1736881282.79952,74085,benign,iotsim-stream-consumer-2,0.8758459941200307,0.8588475088333909,0.017722441787885387,0.11482641100883484,1.2703804969787598,1.1555540561676025,0.9998206696579218,0.00017933034207811882,True,True,False,False,True,True,True,False,False,True,False,nearest_attack_region
1,medium_ratio_seed42,medium_mass_ratio_recalibrated,42,ood_stress,benign_ood,74034,cert1m:279084,processed/iotsim-stream-consumer-2.csv,1736881282.799512,74084,benign,iotsim-stream-consumer-2,0.8758459941200307,0.8588475088333909,0.017722441787885387,0.11490674316883087,1.2718048095703125,1.156898021697998,0.9998206696579218,0.00017933034207811882,True,True,False,False,True,True,True,False,False,True,False,nearest_attack_region
1,medium_ratio_seed42,medium_mass_ratio_recalibrated,42,ood_stress,benign_ood,50,cert1m:205100,processed/iotsim-stream-consumer-2.csv,1736880022.19299,100,benign,iotsim-stream-consumer-2,0.95145989269624,0.9344614074096002,0.017722441787885387,0.1149473711848259,0.18261858820915222,0.06767121702432632,0.9998206696579218,0.00017933034207811882,True,True,False,False,True,True,True,False,False,True,False,nearest_attack_region
1,medium_ratio_seed42,medium_mass_ratio_recalibrated,42,ood_stress,benign_ood,74033,cert1m:279083,processed/iotsim-stream-consumer-2.csv,1736881282.7995,74083,benign,iotsim-stream-consumer-2,0.8758459941200307,0.8588475088333909,0.017722441787885387,0.11499021202325821,1.2732486724853516,1.1582584381103516,0.9998206696579218,0.00017933034207811882,True,True,False,False,True,True,True,False,False,True,False,nearest_attack_region
1,medium_ratio_seed42,medium_mass_ratio_recalibrated,42,ood_stress,benign_ood,79998,cert1m:550098,processed/iotsim-stream-consumer-1.csv,1736880022.575977,98,benign,iotsim-stream-consumer-1,0.95145989269624,0.9344614074096002,0.017722441787885387,0.11502416431903839,0.18387553095817566,0.06885136663913727,0.9998206696579218,0.00017933034207811882,True,True,False,False,True,True,True,False,False,True,False,nearest_attack_region
1,medium_ratio_seed42,medium_mass_ratio_recalibrated,42,ood_stress,benign_ood,74032,cert1m:279082,processed/iotsim-stream-consumer-2.csv,1736881282.799493,74082,benign,iotsim-stream-consumer-2,0.8758459941200307,0.8588475088333909,0.017722441787885387,0.11507697403430939,1.2747125625610352,1.1596355438232422,0.9998206696579218,0.00017933034207811882,True,True,False,False,True,True,True,False,False,True,False,nearest_attack_region
1,medium_ratio_seed42,medium_mass_ratio_recalibrated,42,ood_stress,benign_ood,74040,cert1m:279090,processed/iotsim-stream-consumer-2.csv,1736881282.799564,74090,benign,iotsim-stream-consumer-2,0.8758459941200307,0.8588475088333909,0.017722441787885387,0.11507824808359146,1.2571390867233276,1.1420608758926392,0.9998206696579218,0.00017933034207811882,True,True,False,False,True,True,True,False,False,True,False,nearest_attack_region
1,medium_ratio_seed42,medium_mass_ratio_recalibrated,42,ood_stress,benign_ood,74041,cert1m:279091,processed/iotsim-stream-consumer-2.csv,1736881282.838998,74091,benign,iotsim-stream-consumer-2,0.8758459941200307,0.8588475088333909,0.017722441787885387,0.11512401700019836,1.2566571235656738,1.1415331363677979,0.9998206696579218,0.00017933034207811882,True,True,False,False,True,True,True,False,False,True,False,nearest_attack_region
1,medium_ratio_seed42,medium_mass_ratio_recalibrated,42,ood_stress,benign_ood,74031,cert1m:279081,processed/iotsim-stream-consumer-2.csv,1736881282.799483,74081,benign,iotsim-stream-consumer-2,0.8758459941200307,0.8588475088333909,0.017722441787885387,0.11516706645488739,1.276197075843811,1.1610300540924072,0.9998206696579218,0.00017933034207811882,True,True,False,False,True,True,True,False,False,True,False,nearest_attack_region
1,medium_ratio_seed42,medium_mass_ratio_recalibrated,42,ood_stress,benign_ood,79956,cert1m:550056,processed/iotsim-stream-consumer-1.csv,1736880022.373107,56,benign,iotsim-stream-consumer-1,0.95145989269624,0.9344614074096002,0.017722441787885387,0.11517283320426941,0.2016327828168869,0.08645994961261749,0.9998206696579218,0.00017933034207811882,True,True,False,False,True,True,True,False,False,True,False,nearest_attack_region
1,medium_ratio_seed42,medium_mass_ratio_recalibrated,42,ood_stress,benign_ood,74042,cert1m:279092,processed/iotsim-stream-consumer-2.csv,1736881282.839023,74092,benign,iotsim-stream-consumer-2,0.8758459941200307,0.8588475088333909,0.017722441787885387,0.11522950232028961,1.2507517337799072,1.1355222463607788,0.9998206696579218,0.00017933034207811882,True,True,False,False,True,True,True,False,False,True,False,nearest_attack_region
1,medium_ratio_seed42,medium_mass_ratio_recalibrated,42,ood_stress,benign_ood,74030,cert1m:279080,processed/iotsim-stream-consumer-2.csv,1736881282.799463,74080,benign,iotsim-stream-consumer-2,0.8758459941200307,0.8588475088333909,0.017722441787885387,0.11526060104370117,1.2777024507522583,1.1624418497085571,0.9998206696579218,0.00017933034207811882,True,True,False,False,True,True,True,False,False,True,False,nearest_attack_region
1,medium_ratio_seed42,medium_mass_ratio_recalibrated,42,ood_stress,benign_ood,49,cert1m:205099,processed/iotsim-stream-consumer-2.csv,1736880022.192985,99,benign,iotsim-stream-consumer-2,0.95145989269624,0.9344614074096002,0.017722441787885387,0.11527528613805771,0.18317748606204987,0.06790219992399216,0.9998206696579218,0.00017933034207811882,True,True,False,False,True,True,True,False,False,True,False,nearest_attack_region
1,medium_ratio_seed42,medium_mass_ratio_recalibrated,42,ood_stress,benign_ood,74043,cert1m:279093,processed/iotsim-stream-consumer-2.csv,1736881282.883313,74093,benign,iotsim-stream-consumer-2,0.8758459941200307,0.8588475088333909,0.017722441787885387,0.1152905821800232,1.2494421005249023,1.1341514587402344,0.9998206696579218,0.00017933034207811882,True,True,False,False,True,True,True,False,False,True,False,nearest_attack_region
1,medium_ratio_seed42,medium_mass_ratio_recalibrated,42,ood_stress,benign_ood,153787,cert1m:623887,processed/iotsim-stream-consumer-1.csv,1736881281.856448,73887,benign,iotsim-stream-consumer-1,0.8758459941200307,0.8588475088333909,0.017722441787885387,0.1153537780046463,1.349059820175171,1.233705997467041,0.9998206696579218,0.00017933034207811882,True,True,False,False,True,True,True,False,False,True,False,nearest_attack_region
1,medium_ratio_seed42,medium_mass_ratio_recalibrated,42,ood_stress,benign_ood,74029,cert1m:279079,processed/iotsim-stream-consumer-2.csv,1736881282.799456,74079,benign,iotsim-stream-consumer-2,0.8758459941200307,0.8588475088333909,0.017722441787885387,0.11535774916410446,1.2792291641235352,1.16387140750885,0.9998206696579218,0.00017933034207811882,True,True,False,False,True,True,True,False,False,True,False,nearest_attack_region
1,medium_ratio_seed42,medium_mass_ratio_recalibrated,42,ood_stress,benign_ood,1,cert1m:205051,processed/iotsim-stream-consumer-2.csv,1736880021.88894,51,benign,iotsim-stream-consumer-2,0.9476297202882511,0.9306312350016113,0.017722441787885387,0.11536656320095062,0.20128022134304047,0.08591365814208984,0.9998206696579218,0.00017933034207811882,True,True,False,False,True,True,True,False,False,True,False,nearest_attack_region
1,medium_ratio_seed42,medium_mass_ratio_recalibrated,42,ood_stress,benign_ood,74028,cert1m:279078,processed/iotsim-stream-consumer-2.csv,1736881282.799444,74078,benign,iotsim-stream-consumer-2,0.8758459941200307,0.8588475088333909,0.017722441787885387,0.11545857042074203,1.2807775735855103,1.1653189659118652,0.9998206696579218,0.00017933034207811882,True,True,False,False,True,True,True,False,False,True,False,nearest_attack_region
1,medium_ratio_seed42,medium_mass_ratio_recalibrated,42,ood_stress,benign_ood,153786,cert1m:623886,processed/iotsim-stream-consumer-1.csv,1736881281.856438,73886,benign,iotsim-stream-consumer-1,0.8758459941200307,0.8588475088333909,0.017722441787885387,0.11549339443445206,1.351170539855957,1.2356771230697632,0.9998206696579218,0.00017933034207811882,True,True,False,False,True,True,True,False,False,True,False,nearest_attack_region
1,medium_ratio_seed42,medium_mass_ratio_recalibrated,42,ood_stress,benign_ood,74027,cert1m:279077,processed/iotsim-stream-consumer-2.csv,1736881282.799436,74077,benign,iotsim-stream-consumer-2,0.8758459941200307,0.8588475088333909,0.017722441787885387,0.11556322127580643,1.282348394393921,1.1667851209640503,0.9998206696579218,0.00017933034207811882,True,True,False,False,True,True,True,False,False,True,False,nearest_attack_region
1,medium_ratio_seed42,medium_mass_ratio_recalibrated,42,ood_stress,benign_ood,48,cert1m:205098,processed/iotsim-stream-consumer-2.csv,1736880022.19298,98,benign,iotsim-stream-consumer-2,0.95145989269624,0.9344614074096002,0.017722441787885387,0.115619957447052,0.18373659253120422,0.06811663508415222,0.9998206696579218,0.00017933034207811882,True,True,False,False,True,True,True,False,False,True,False,nearest_attack_region
1,medium_ratio_seed42,medium_mass_ratio_recalibrated,42,ood_stress,benign_ood,153785,cert1m:623885,processed/iotsim-stream-consumer-1.csv,1736881281.854879,73885,benign,iotsim-stream-consumer-1,0.8758459941200307,0.8588475088333909,0.017722441787885387,0.11563248932361603,1.3533101081848145,1.2376775741577148,0.9998206696579218,0.00017933034207811882,True,True,False,False,True,True,True,False,False,True,False,nearest_attack_region
1,medium_ratio_seed42,medium_mass_ratio_recalibrated,42,ood_stress,benign_ood,74026,cert1m:279076,processed/iotsim-stream-consumer-2.csv,1736881282.799429,74076,benign,iotsim-stream-consumer-2,0.8758459941200307,0.8588475088333909,0.017722441787885387,0.1156717985868454,1.2839419841766357,1.168270230293274,0.9998206696579218,0.00017933034207811882,True,True,False,False,True,True,True,False,False,True,False,nearest_attack_region
1,medium_ratio_seed42,medium_mass_ratio_recalibrated,42,ood_stress,benign_ood,153784,cert1m:623884,processed/iotsim-stream-consumer-1.csv,1736881281.85487,73884,benign,iotsim-stream-consumer-1,0.8758459941200307,0.8588475088333909,0.017722441787885387,0.11578189581632614,1.3554716110229492,1.2396897077560425,0.9998206696579218,0.00017933034207811882,True,True,False,False,True,True,True,False,False,True,False,nearest_attack_region
1,medium_ratio_seed42,medium_mass_ratio_recalibrated,42,ood_stress,benign_ood,74025,cert1m:279075,processed/iotsim-stream-consumer-2.csv,1736881282.799417,74075,benign,iotsim-stream-consumer-2,0.8758459941200307,0.8588475088333909,0.017722441787885387,0.1157844066619873,1.2855589389801025,1.1697745323181152,0.9998206696579218,0.00017933034207811882,True,True,False,False,True,True,True,False,False,True,False,nearest_attack_region
1,medium_ratio_seed42,medium_mass_ratio_recalibrated,42,ood_stress,benign_ood,79955,cert1m:550055,processed/iotsim-stream-consumer-1.csv,1736880022.373092,55,benign,iotsim-stream-consumer-1,0.95145989269624,0.9344614074096002,0.017722441787885387,0.1158897876739502,0.20219482481479645,0.08630503714084625,0.9998206696579218,0.00017933034207811882,True,True,False,False,True,True,True,False,False,True,False,nearest_attack_region
1,medium_ratio_seed42,medium_mass_ratio_recalibrated,42,ood_stress,benign_ood,74024,cert1m:279074,processed/iotsim-stream-consumer-2.csv,1736881282.799409,74074,benign,iotsim-stream-consumer-2,0.8758459941200307,0.8588475088333909,0.017722441787885387,0.11590123176574707,1.28719961643219,1.1712983846664429,0.9998206696579218,0.00017933034207811882,True,True,False,False,True,True,True,False,False,True,False,nearest_attack_region
1,medium_ratio_seed42,medium_mass_ratio_recalibrated,42,ood_stress,benign_ood,153783,cert1m:623883,processed/iotsim-stream-consumer-1.csv,1736881281.854864,73883,benign,iotsim-stream-consumer-1,0.8758459941200307,0.8588475088333909,0.017722441787885387,0.11593636125326157,1.3576631546020508,1.2417267560958862,0.9998206696579218,0.00017933034207811882,True,True,False,False,True,True,True,False,False,True,False,nearest_attack_region
1,medium_ratio_seed42,medium_mass_ratio_recalibrated,42,ood_stress,benign_ood,47,cert1m:205097,processed/iotsim-stream-consumer-2.csv,1736880022.192973,97,benign,iotsim-stream-consumer-2,0.95145989269624,0.9344614074096002,0.017722441787885387,0.11598233878612518,0.18429583311080933,0.06831349432468414,0.9998206696579218,0.00017933034207811882,True,True,False,False,True,True,True,False,False,True,False,nearest_attack_region
1,medium_ratio_seed42,medium_mass_ratio_recalibrated,42,ood_stress,benign_ood,64100,cert1m:269150,processed/iotsim-stream-consumer-2.csv,1736881020.214372,64150,benign,iotsim-stream-consumer-2,0.9395537771870387,0.9225552919003989,0.01026822606875949,0.14372240006923676,1.5945165157318115,1.4507941007614136,0.9998206696579218,0.00017933034207811882,True,True,False,False,True,True,True,False,False,True,False,highest_benign_minus_attack
1,medium_ratio_seed42,medium_mass_ratio_recalibrated,42,ood_stress,benign_ood,192551,cert1m:662651,processed/iotsim-stream-consumer-1.csv,1736881822.577403,112651,benign,iotsim-stream-consumer-1,0.95145989269624,0.9344614074096002,0.01026822606875949,0.14210696518421173,1.5768038034439087,1.4346967935562134,0.9998206696579218,0.00017933034207811882,True,True,False,False,True,True,True,False,False,True,False,highest_benign_minus_attack
1,medium_ratio_seed42,medium_mass_ratio_recalibrated,42,ood_stress,benign_ood,192926,cert1m:663026,processed/iotsim-stream-consumer-1.csv,1736881824.463051,113026,benign,iotsim-stream-consumer-1,0.9395537771870387,0.9225552919003989,0.01026822606875949,0.14100393652915955,1.5754364728927612,1.4344325065612793,0.9998206696579218,0.00017933034207811882,True,True,False,False,True,True,True,False,False,True,False,highest_benign_minus_attack
1,medium_ratio_seed42,medium_mass_ratio_recalibrated,42,ood_stress,benign_ood,124133,cert1m:594233,processed/iotsim-stream-consumer-1.csv,1736880696.495971,44233,benign,iotsim-stream-consumer-1,0.95145989269624,0.9344614074096002,0.01026822606875949,0.1417378932237625,1.5756276845932007,1.4338897466659546,0.9998206696579218,0.00017933034207811882,True,True,False,False,True,True,True,False,False,True,False,highest_benign_minus_attack
1,medium_ratio_seed42,medium_mass_ratio_recalibrated,42,ood_stress,benign_ood,222224,cert1m:692324,processed/iotsim-stream-consumer-1.csv,1736882307.419556,142324,benign,iotsim-stream-consumer-1,0.95145989269624,0.9344614074096002,0.01026822606875949,0.14316628873348236,1.5769320726394653,1.4337657690048218,0.9998206696579218,0.00017933034207811882,True,True,False,False,True,True,True,False,False,True,False,highest_benign_minus_attack
1,medium_ratio_seed42,medium_mass_ratio_recalibrated,42,ood_stress,benign_ood,44372,cert1m:249422,processed/iotsim-stream-consumer-2.csv,1736880697.444293,44422,benign,iotsim-stream-consumer-2,0.95145989269624,0.9344614074096002,0.01026822606875949,0.14216038584709167,1.5751466751098633,1.4329862594604492,0.9998206696579218,0.00017933034207811882,True,True,False,False,True,True,True,False,False,True,False,highest_benign_minus_attack
1,medium_ratio_seed42,medium_mass_ratio_recalibrated,42,ood_stress,benign_ood,222225,cert1m:692325,processed/iotsim-stream-consumer-1.csv,1736882307.419585,142325,benign,iotsim-stream-consumer-1,0.95145989269624,0.9344614074096002,0.01026822606875949,0.14219734072685242,1.5736392736434937,1.4314419031143188,0.9998206696579218,0.00017933034207811882,True,True,False,False,True,True,True,False,False,True,False,highest_benign_minus_attack
1,medium_ratio_seed42,medium_mass_ratio_recalibrated,42,ood_stress,benign_ood,222223,cert1m:692323,processed/iotsim-stream-consumer-1.csv,1736882307.370008,142323,benign,iotsim-stream-consumer-1,0.95145989269624,0.9344614074096002,0.01026822606875949,0.14411762356758118,1.5754988193511963,1.4313812255859375,0.9998206696579218,0.00017933034207811882,True,True,False,False,True,True,True,False,False,True,False,highest_benign_minus_attack
1,medium_ratio_seed42,medium_mass_ratio_recalibrated,42,ood_stress,benign_ood,191250,cert1m:661350,processed/iotsim-stream-consumer-1.csv,1736881814.495724,111350,benign,iotsim-stream-consumer-1,0.95145989269624,0.9344614074096002,0.01026822606875949,0.1404782235622406,1.570994257926941,1.430516004562378,0.9998206696579218,0.00017933034207811882,True,True,False,False,True,True,True,False,False,True,False,highest_benign_minus_attack
1,medium_ratio_seed42,medium_mass_ratio_recalibrated,42,ood_stress,benign_ood,222099,cert1m:692199,processed/iotsim-stream-consumer-1.csv,1736882306.572659,142199,benign,iotsim-stream-consumer-1,0.95145989269624,0.9344614074096002,0.01026822606875949,0.1414116472005844,1.570631742477417,1.4292200803756714,0.9998206696579218,0.00017933034207811882,True,True,False,False,True,True,True,False,False,True,False,highest_benign_minus_attack
1,medium_ratio_seed42,medium_mass_ratio_recalibrated,42,ood_stress,benign_ood,192550,cert1m:662650,processed/iotsim-stream-consumer-1.csv,1736881822.576456,112650,benign,iotsim-stream-consumer-1,0.95145989269624,0.9344614074096002,0.01026822606875949,0.1430654376745224,1.5721112489700317,1.4290457963943481,0.9998206696579218,0.00017933034207811882,True,True,False,False,True,True,True,False,False,True,False,highest_benign_minus_attack
1,medium_ratio_seed42,medium_mass_ratio_recalibrated,42,ood_stress,benign_ood,124132,cert1m:594232,processed/iotsim-stream-consumer-1.csv,1736880696.495952,44232,benign,iotsim-stream-consumer-1,0.95145989269624,0.9344614074096002,0.01026822606875949,0.1426851749420166,1.5713865756988525,1.428701400756836,0.9998206696579218,0.00017933034207811882,True,True,False,False,True,True,True,False,False,True,False,highest_benign_minus_attack
1,medium_ratio_seed42,medium_mass_ratio_recalibrated,42,ood_stress,benign_ood,162839,cert1m:632939,processed/iotsim-stream-consumer-1.csv,1736881337.733047,82939,benign,iotsim-stream-consumer-1,0.95145989269624,0.9344614074096002,0.01026822606875949,0.14252343773841858,1.5702568292617798,1.4277334213256836,0.9998206696579218,0.00017933034207811882,True,True,False,False,True,True,True,False,False,True,False,highest_benign_minus_attack
1,medium_ratio_seed42,medium_mass_ratio_recalibrated,42,ood_stress,benign_ood,44371,cert1m:249421,processed/iotsim-stream-consumer-2.csv,1736880697.444259,44421,benign,iotsim-stream-consumer-2,0.95145989269624,0.9344614074096002,0.01026822606875949,0.14312483370304108,1.570508360862732,1.427383542060852,0.9998206696579218,0.00017933034207811882,True,True,False,False,True,True,True,False,False,True,False,highest_benign_minus_attack
1,medium_ratio_seed42,medium_mass_ratio_recalibrated,42,ood_stress,benign_ood,222255,cert1m:692355,processed/iotsim-stream-consumer-1.csv,1736882307.466414,142355,benign,iotsim-stream-consumer-1,0.9395537771870387,0.9225552919003989,0.01026822606875949,0.14400894939899445,1.571315050125122,1.427306056022644,0.9998206696579218,0.00017933034207811882,True,True,False,False,True,True,True,False,False,True,False,highest_benign_minus_attack
1,medium_ratio_seed42,medium_mass_ratio_recalibrated,42,ood_stress,benign_ood,171748,cert1m:641848,processed/iotsim-stream-consumer-1.csv,1736881493.137439,91848,benign,iotsim-stream-consumer-1,0.95145989269624,0.9344614074096002,0.01026822606875949,0.14105241000652313,1.5678744316101074,1.4268220663070679,0.9998206696579218,0.00017933034207811882,True,True,False,False,True,True,True,False,False,True,False,highest_benign_minus_attack
1,medium_ratio_seed42,medium_mass_ratio_recalibrated,42,ood_stress,benign_ood,44245,cert1m:249295,processed/iotsim-stream-consumer-2.csv,1736880696.604899,44295,benign,iotsim-stream-consumer-2,0.95145989269624,0.9344614074096002,0.01026822606875949,0.14089156687259674,1.5676751136779785,1.426783561706543,0.9998206696579218,0.00017933034207811882,True,True,False,False,True,True,True,False,False,True,False,highest_benign_minus_attack
1,medium_ratio_seed42,medium_mass_ratio_recalibrated,42,ood_stress,benign_ood,192549,cert1m:662649,processed/iotsim-stream-consumer-1.csv,1736881822.531246,112649,benign,iotsim-stream-consumer-1,0.95145989269624,0.9344614074096002,0.01026822606875949,0.14400938153266907,1.5706782341003418,1.4266688823699951,0.9998206696579218,0.00017933034207811882,True,True,False,False,True,True,True,False,False,True,False,highest_benign_minus_attack
1,medium_ratio_seed42,medium_mass_ratio_recalibrated,42,ood_stress,benign_ood,133012,cert1m:603112,processed/iotsim-stream-consumer-1.csv,1736880852.054682,53112,benign,iotsim-stream-consumer-1,0.95145989269624,0.9344614074096002,0.01026822606875949,0.14099913835525513,1.567504644393921,1.4265055656433105,0.9998206696579218,0.00017933034207811882,True,True,False,False,True,True,True,False,False,True,False,highest_benign_minus_attack
1,medium_ratio_seed42,medium_mass_ratio_recalibrated,42,ood_stress,benign_ood,124131,cert1m:594231,processed/iotsim-stream-consumer-1.csv,1736880696.448821,44231,benign,iotsim-stream-consumer-1,0.95145989269624,0.9344614074096002,0.01026822606875949,0.14361479878425598,1.5699878931045532,1.4263731241226196,0.9998206696579218,0.00017933034207811882,True,True,False,False,True,True,True,False,False,True,False,highest_benign_minus_attack
1,medium_ratio_seed42,medium_mass_ratio_recalibrated,42,ood_stress,benign_ood,191249,cert1m:661349,processed/iotsim-stream-consumer-1.csv,1736881814.495693,111349,benign,iotsim-stream-consumer-1,0.95145989269624,0.9344614074096002,0.01026822606875949,0.14143000543117523,1.567521572113037,1.4260915517807007,0.9998206696579218,0.00017933034207811882,True,True,False,False,True,True,True,False,False,True,False,highest_benign_minus_attack
1,medium_ratio_seed42,medium_mass_ratio_recalibrated,42,ood_stress,benign_ood,201534,cert1m:671634,processed/iotsim-stream-consumer-1.csv,1736881978.130129,121634,benign,iotsim-stream-consumer-1,0.95145989269624,0.9344614074096002,0.01026822606875949,0.14114801585674286,1.5668690204620361,1.4257210493087769,0.9998206696579218,0.00017933034207811882,True,True,False,False,True,True,True,False,False,True,False,highest_benign_minus_attack
1,medium_ratio_seed42,medium_mass_ratio_recalibrated,42,ood_stress,benign_ood,192424,cert1m:662524,processed/iotsim-stream-consumer-1.csv,1736881821.735355,112524,benign,iotsim-stream-consumer-1,0.95145989269624,0.9344614074096002,0.01026822606875949,0.14090494811534882,1.5662060976028442,1.425301194190979,0.9998206696579218,0.00017933034207811882,True,True,False,False,True,True,True,False,False,True,False,highest_benign_minus_attack
1,medium_ratio_seed42,medium_mass_ratio_recalibrated,42,ood_stress,benign_ood,44370,cert1m:249420,processed/iotsim-stream-consumer-2.csv,1736880697.403028,44420,benign,iotsim-stream-consumer-2,0.95145989269624,0.9344614074096002,0.01026822606875949,0.14408376812934875,1.5690408945083618,1.4249571561813354,0.9998206696579218,0.00017933034207811882,True,True,False,False,True,True,True,False,False,True,False,highest_benign_minus_attack
1,medium_ratio_seed42,medium_mass_ratio_recalibrated,42,ood_stress,benign_ood,162712,cert1m:632812,processed/iotsim-stream-consumer-1.csv,1736881336.886668,82812,benign,iotsim-stream-consumer-1,0.95145989269624,0.9344614074096002,0.01026822606875949,0.14120520651340485,1.566117763519287,1.4249125719070435,0.9998206696579218,0.00017933034207811882,True,True,False,False,True,True,True,False,False,True,False,highest_benign_minus_attack
1,medium_ratio_seed42,medium_mass_ratio_recalibrated,42,ood_stress,benign_ood,134057,cert1m:604157,processed/iotsim-stream-consumer-1.csv,1736880858.461095,54157,benign,iotsim-stream-consumer-1,0.9395537771870387,0.9225552919003989,0.01026822606875949,0.14229801297187805,1.5667061805725098,1.424408197402954,0.9998206696579218,0.00017933034207811882,True,True,False,False,True,True,True,False,False,True,False,highest_benign_minus_attack
1,medium_ratio_seed42,medium_mass_ratio_recalibrated,42,ood_stress,benign_ood,133141,cert1m:603241,processed/iotsim-stream-consumer-1.csv,1736880852.908085,53241,benign,iotsim-stream-consumer-1,0.95145989269624,0.9344614074096002,0.01026822606875949,0.14077505469322205,1.5648733377456665,1.424098253250122,0.9998206696579218,0.00017933034207811882,True,True,False,False,True,True,True,False,False,True,False,highest_benign_minus_attack
1,medium_ratio_seed42,medium_mass_ratio_recalibrated,42,ood_stress,benign_ood,171749,cert1m:641849,processed/iotsim-stream-consumer-1.csv,1736881493.168555,91849,benign,iotsim-stream-consumer-1,0.95145989269624,0.9344614074096002,0.01026822606875949,0.1401749551296234,1.564019799232483,1.423844814300537,0.9998206696579218,0.00017933034207811882,True,True,False,False,True,True,True,False,False,True,False,highest_benign_minus_attack
1,medium_ratio_seed42,medium_mass_ratio_recalibrated,42,ood_stress,benign_ood,124006,cert1m:594106,processed/iotsim-stream-consumer-1.csv,1736880695.651414,44106,benign,iotsim-stream-consumer-1,0.95145989269624,0.9344614074096002,0.01026822606875949,0.1405130922794342,1.5640575885772705,1.4235445261001587,0.9998206696579218,0.00017933034207811882,True,True,False,False,True,True,True,False,False,True,False,highest_benign_minus_attack
1,medium_ratio_seed42,medium_mass_ratio_recalibrated,42,ood_stress,benign_ood,171773,cert1m:641873,processed/iotsim-stream-consumer-1.csv,1736881493.290404,91873,benign,iotsim-stream-consumer-1,0.95145989269624,0.9344614074096002,0.01026822606875949,0.14146967232227325,1.5646212100982666,1.4231514930725098,0.9998206696579218,0.00017933034207811882,True,True,False,False,True,True,True,False,False,True,False,highest_benign_minus_attack
1,medium_ratio_seed42,medium_mass_ratio_recalibrated,42,ood_stress,benign_ood,44373,cert1m:249423,processed/iotsim-stream-consumer-2.csv,1736880697.445663,44423,benign,iotsim-stream-consumer-2,0.95145989269624,0.9344614074096002,0.01026822606875949,0.1412510871887207,1.5643352270126343,1.4230841398239136,0.9998206696579218,0.00017933034207811882,True,True,False,False,True,True,True,False,False,True,False,highest_benign_minus_attack
1,medium_ratio_seed42,medium_mass_ratio_recalibrated,42,ood_stress,benign_ood,171774,cert1m:641874,processed/iotsim-stream-consumer-1.csv,1736881493.33031,91874,benign,iotsim-stream-consumer-1,0.95145989269624,0.9344614074096002,0.01026822606875949,0.14059646427631378,1.5629851818084717,1.4223886728286743,0.9998206696579218,0.00017933034207811882,True,True,False,False,True,True,True,False,False,True,False,highest_benign_minus_attack
1,medium_ratio_seed42,medium_mass_ratio_recalibrated,42,ood_stress,benign_ood,162838,cert1m:632938,processed/iotsim-stream-consumer-1.csv,1736881337.733012,82938,benign,iotsim-stream-consumer-1,0.95145989269624,0.9344614074096002,0.01026822606875949,0.14348448812961578,1.56564462184906,1.4221601486206055,0.9998206696579218,0.00017933034207811882,True,True,False,False,True,True,True,False,False,True,False,highest_benign_minus_attack
1,medium_ratio_seed42,medium_mass_ratio_recalibrated,42,ood_stress,benign_ood,191248,cert1m:661348,processed/iotsim-stream-consumer-1.csv,1736881814.494218,111348,benign,iotsim-stream-consumer-1,0.95145989269624,0.9344614074096002,0.01026822606875949,0.14243964850902557,1.5645925998687744,1.4221529960632324,0.9998206696579218,0.00017933034207811882,True,True,False,False,True,True,True,False,False,True,False,highest_benign_minus_attack
1,medium_ratio_seed42,medium_mass_ratio_recalibrated,42,ood_stress,benign_ood,162840,cert1m:632940,processed/iotsim-stream-consumer-1.csv,1736881337.733057,82940,benign,iotsim-stream-consumer-1,0.95145989269624,0.9344614074096002,0.01026822606875949,0.14161786437034607,1.5636730194091797,1.4220551252365112,0.9998206696579218,0.00017933034207811882,True,True,False,False,True,True,True,False,False,True,False,highest_benign_minus_attack
1,medium_ratio_seed42,medium_mass_ratio_recalibrated,42,ood_stress,benign_ood,54295,cert1m:259345,processed/iotsim-stream-consumer-2.csv,1736880859.219102,54345,benign,iotsim-stream-consumer-2,0.9395537771870387,0.9225552919003989,0.01026822606875949,0.1493583768606186,1.5711833238601685,1.4218249320983887,0.9998206696579218,0.00017933034207811882,True,True,False,False,True,True,True,False,False,True,False,highest_benign_minus_attack
1,medium_ratio_seed42,medium_mass_ratio_recalibrated,42,ood_stress,benign_ood,201660,cert1m:671760,processed/iotsim-stream-consumer-1.csv,1736881978.967845,121760,benign,iotsim-stream-consumer-1,0.95145989269624,0.9344614074096002,0.01026822606875949,0.14204050600528717,1.5636475086212158,1.4216070175170898,0.9998206696579218,0.00017933034207811882,True,True,False,False,True,True,True,False,False,True,False,highest_benign_minus_attack
1,medium_ratio_seed42,medium_mass_ratio_recalibrated,42,ood_stress,benign_ood,191247,cert1m:661347,processed/iotsim-stream-consumer-1.csv,1736881814.494211,111347,benign,iotsim-stream-consumer-1,0.95145989269624,0.9344614074096002,0.01026822606875949,0.14351147413253784,1.5649950504302979,1.4214835166931152,0.9998206696579218,0.00017933034207811882,True,True,False,False,True,True,True,False,False,True,False,highest_benign_minus_attack
1,medium_ratio_seed42,medium_mass_ratio_recalibrated,42,ood_stress,benign_ood,192552,cert1m:662652,processed/iotsim-stream-consumer-1.csv,1736881822.577428,112652,benign,iotsim-stream-consumer-1,0.95145989269624,0.9344614074096002,0.01026822606875949,0.1412028819322586,1.5623273849487305,1.4211244583129883,0.9998206696579218,0.00017933034207811882,True,True,False,False,True,True,True,False,False,True,False,highest_benign_minus_attack
1,medium_ratio_seed42,medium_mass_ratio_recalibrated,42,ood_stress,benign_ood,143855,cert1m:613955,processed/iotsim-stream-consumer-1.csv,1736881019.466661,63955,benign,iotsim-stream-consumer-1,0.9395537771870387,0.9225552919003989,0.01026822606875949,0.14132145047187805,1.562266230583191,1.4209448099136353,0.9998206696579218,0.00017933034207811882,True,True,False,False,True,True,True,False,False,True,False,highest_benign_minus_attack
1,medium_ratio_seed42,medium_mass_ratio_recalibrated,42,ood_stress,benign_ood,53399,cert1m:258449,processed/iotsim-stream-consumer-2.csv,1736880853.844146,53449,benign,iotsim-stream-consumer-2,0.95145989269624,0.9344614074096002,0.01026822606875949,0.14242331683635712,1.5629844665527344,1.4205611944198608,0.9998206696579218,0.00017933034207811882,True,True,False,False,True,True,True,False,False,True,False,highest_benign_minus_attack
1,medium_ratio_seed42,medium_mass_ratio_recalibrated,42,ood_stress,benign_ood,44220,cert1m:249270,processed/iotsim-stream-consumer-2.csv,1736880696.444253,44270,benign,iotsim-stream-consumer-2,0.95145989269624,0.9344614074096002,0.01026822606875949,0.14050638675689697,1.5608452558517456,1.4203388690948486,0.9998206696579218,0.00017933034207811882,True,True,False,False,True,True,True,False,False,True,False,highest_benign_minus_attack
1,medium_ratio_seed42,medium_mass_ratio_recalibrated,42,ood_stress,benign_ood,191251,cert1m:661351,processed/iotsim-stream-consumer-1.csv,1736881814.495731,111351,benign,iotsim-stream-consumer-1,0.95145989269624,0.9344614074096002,0.01026822606875949,0.1395825296640396,1.5598119497299194,1.420229434967041,0.9998206696579218,0.00017933034207811882,True,True,False,False,True,True,True,False,False,True,False,highest_benign_minus_attack
1,medium_ratio_seed42,medium_mass_ratio_recalibrated,42,ood_stress,benign_ood,210501,cert1m:680601,processed/iotsim-stream-consumer-1.csv,1736882134.371418,130601,benign,iotsim-stream-consumer-1,0.95145989269624,0.9344614074096002,0.01026822606875949,0.1416206955909729,1.5617830753326416,1.4201624393463135,0.9998206696579218,0.00017933034207811882,True,True,False,False,True,True,True,False,False,True,False,highest_benign_minus_attack
1,medium_ratio_seed42,medium_mass_ratio_recalibrated,42,ood_stress,benign_ood,124134,cert1m:594234,processed/iotsim-stream-consumer-1.csv,1736880696.495985,44234,benign,iotsim-stream-consumer-1,0.95145989269624,0.9344614074096002,0.01026822606875949,0.14084561169147491,1.5609993934631348,1.4201537370681763,0.9998206696579218,0.00017933034207811882,True,True,False,False,True,True,True,False,False,True,False,highest_benign_minus_attack
1,medium_ratio_seed42,medium_mass_ratio_recalibrated,42,ood_stress,benign_ood,53400,cert1m:258450,processed/iotsim-stream-consumer-2.csv,1736880853.844155,53450,benign,iotsim-stream-consumer-2,0.95145989269624,0.9344614074096002,0.01026822606875949,0.14150956273078918,1.5614292621612549,1.419919729232788,0.9998206696579218,0.00017933034207811882,True,True,False,False,True,True,True,False,False,True,False,highest_benign_minus_attack
1,medium_ratio_seed42,medium_mass_ratio_recalibrated,42,ood_stress,benign_ood,162837,cert1m:632937,processed/iotsim-stream-consumer-1.csv,1736881337.693189,82937,benign,iotsim-stream-consumer-1,0.95145989269624,0.9344614074096002,0.01026822606875949,0.1444411277770996,1.564185619354248,1.4197444915771484,0.9998206696579218,0.00017933034207811882,True,True,False,False,True,True,True,False,False,True,False,highest_benign_minus_attack
1,medium_ratio_seed42,medium_mass_ratio_recalibrated,42,ood_stress,benign_ood,132987,cert1m:603087,processed/iotsim-stream-consumer-1.csv,1736880851.89189,53087,benign,iotsim-stream-consumer-1,0.95145989269624,0.9344614074096002,0.01026822606875949,0.14053337275981903,1.5601065158843994,1.419573187828064,0.9998206696579218,0.00017933034207811882,True,True,False,False,True,True,True,False,False,True,False,highest_benign_minus_attack
1,medium_ratio_seed42,medium_mass_ratio_recalibrated,42,ood_stress,benign_ood,222074,cert1m:692174,processed/iotsim-stream-consumer-1.csv,1736882306.414562,142174,benign,iotsim-stream-consumer-1,0.95145989269624,0.9344614074096002,0.01026822606875949,0.1407979279756546,1.5602710247039795,1.4194730520248413,0.9998206696579218,0.00017933034207811882,True,True,False,False,True,True,True,False,False,True,False,highest_benign_minus_attack
1,medium_ratio_seed42,medium_mass_ratio_recalibrated,42,ood_stress,benign_ood,153619,cert1m:623719,processed/iotsim-stream-consumer-1.csv,1736881180.46783,73719,benign,iotsim-stream-consumer-1,0.9395537771870387,0.9225552919003989,0.01026822606875949,0.14974549412727356,1.5689821243286133,1.419236660003662,0.9998206696579218,0.00017933034207811882,True,True,False,False,True,True,True,False,False,True,False,highest_benign_minus_attack
1,medium_ratio_seed42,medium_mass_ratio_recalibrated,42,ood_stress,benign_ood,62328,cert1m:267378,processed/iotsim-stream-consumer-2.csv,1736881009.397458,62378,benign,iotsim-stream-consumer-2,0.95145989269624,0.9344614074096002,0.01026822606875949,0.14114859700202942,1.560019850730896,1.418871283531189,0.9998206696579218,0.00017933034207811882,True,True,False,False,True,True,True,False,False,True,False,highest_benign_minus_attack
1,medium_ratio_seed42,medium_mass_ratio_recalibrated,42,ood_stress,benign_ood,211985,cert1m:682085,processed/iotsim-stream-consumer-1.csv,1736882143.451578,132085,benign,iotsim-stream-consumer-1,0.95145989269624,0.9344614074096002,0.01026822606875949,0.14594213664531708,1.5646194219589233,1.4186773300170898,0.9998206696579218,0.00017933034207811882,True,True,False,False,True,True,True,False,False,True,False,highest_benign_minus_attack
1,medium_ratio_seed42,medium_mass_ratio_recalibrated,42,ood_stress,benign_ood,34751,cert1m:239801,processed/iotsim-stream-consumer-2.csv,1736880537.220386,34801,benign,iotsim-stream-consumer-2,0.9395537771870387,0.9225552919003989,0.01026822606875949,0.13709953427314758,1.555618405342102,1.4185189008712769,0.9998206696579218,0.00017933034207811882,True,True,False,False,True,True,True,False,False,True,False,highest_benign_minus_attack
1,medium_ratio_seed42,medium_mass_ratio_recalibrated,42,ood_stress,benign_ood,222100,cert1m:692200,processed/iotsim-stream-consumer-1.csv,1736882306.613602,142200,benign,iotsim-stream-consumer-1,0.95145989269624,0.9344614074096002,0.01026822606875949,0.1405288726091385,1.5589388608932495,1.4184099435806274,0.9998206696579218,0.00017933034207811882,True,True,False,False,True,True,True,False,False,True,False,highest_benign_minus_attack
1,medium_ratio_seed42,medium_mass_ratio_recalibrated,42,ood_stress,benign_ood,133142,cert1m:603242,processed/iotsim-stream-consumer-1.csv,1736880852.90928,53242,benign,iotsim-stream-consumer-1,0.95145989269624,0.9344614074096002,0.01026822606875949,0.13994182646274567,1.5582282543182373,1.4182864427566528,0.9998206696579218,0.00017933034207811882,True,True,False,False,True,True,True,False,False,True,False,highest_benign_minus_attack
1,medium_ratio_seed42,medium_mass_ratio_recalibrated,42,ood_stress,benign_ood,211987,cert1m:682087,processed/iotsim-stream-consumer-1.csv,1736882143.506249,132087,benign,iotsim-stream-consumer-1,0.95145989269624,0.9344614074096002,0.01026822606875949,0.14584550261497498,1.5640043020248413,1.418158769607544,0.9998206696579218,0.00017933034207811882,True,True,False,False,True,True,True,False,False,True,False,highest_benign_minus_attack
1,medium_ratio_seed42,medium_mass_ratio_recalibrated,42,ood_stress,benign_ood,133140,cert1m:603240,processed/iotsim-stream-consumer-1.csv,1736880852.908068,53240,benign,iotsim-stream-consumer-1,0.95145989269624,0.9344614074096002,0.01026822606875949,0.14166316390037537,1.559815526008606,1.4181523323059082,0.9998206696579218,0.00017933034207811882,True,True,False,False,True,True,True,False,False,True,False,highest_benign_minus_attack
1,medium_ratio_seed42,medium_mass_ratio_recalibrated,42,ood_stress,benign_ood,123981,cert1m:594081,processed/iotsim-stream-consumer-1.csv,1736880695.488598,44081,benign,iotsim-stream-consumer-1,0.95145989269624,0.9344614074096002,0.01026822606875949,0.14012807607650757,1.5578125715255737,1.417684555053711,0.9998206696579218,0.00017933034207811882,True,True,False,False,True,True,True,False,False,True,False,highest_benign_minus_attack
1,medium_ratio_seed42,medium_mass_ratio_recalibrated,42,ood_stress,benign_ood,142030,cert1m:612130,processed/iotsim-stream-consumer-1.csv,1736881008.291651,62130,benign,iotsim-stream-consumer-1,0.95145989269624,0.9344614074096002,0.01026822606875949,0.14086277782917023,1.558343529701233,1.417480707168579,0.9998206696579218,0.00017933034207811882,True,True,False,False,True,True,True,False,False,True,False,highest_benign_minus_attack
1,medium_ratio_seed42,medium_mass_ratio_recalibrated,42,ood_stress,benign_ood,222226,cert1m:692326,processed/iotsim-stream-consumer-1.csv,1736882307.419592,142326,benign,iotsim-stream-consumer-1,0.95145989269624,0.9344614074096002,0.01026822606875949,0.14128582179546356,1.5586916208267212,1.4174058437347412,0.9998206696579218,0.00017933034207811882,True,True,False,False,True,True,True,False,False,True,False,highest_benign_minus_attack
1,medium_ratio_seed42,medium_mass_ratio_recalibrated,42,ood_stress,benign_ood,124285,cert1m:594385,processed/iotsim-stream-consumer-1.csv,1736880697.421611,44385,benign,iotsim-stream-consumer-1,0.9395537771870387,0.9225552919003989,0.01026822606875949,0.14990149438381195,1.5671800374984741,1.417278528213501,0.9998206696579218,0.00017933034207811882,True,True,False,False,True,True,True,False,False,True,False,highest_benign_minus_attack
1,medium_ratio_seed42,medium_mass_ratio_recalibrated,42,ood_stress,benign_ood,180806,cert1m:650906,processed/iotsim-stream-consumer-1.csv,1736881649.532212,100906,benign,iotsim-stream-consumer-1,0.95145989269624,0.9344614074096002,0.01026822606875949,0.1408717781305313,1.558035135269165,1.417163372039795,0.9998206696579218,0.00017933034207811882,True,True,False,False,True,True,True,False,False,True,False,highest_benign_minus_attack
1,medium_ratio_seed42,medium_mass_ratio_recalibrated,42,ood_stress,benign_ood,44221,cert1m:249271,processed/iotsim-stream-consumer-2.csv,1736880696.484191,44271,benign,iotsim-stream-consumer-2,0.95145989269624,0.9344614074096002,0.01026822606875949,0.1396365761756897,1.5567443370819092,1.4171078205108643,0.9998206696579218,0.00017933034207811882,True,True,False,False,True,True,True,False,False,True,False,highest_benign_minus_attack
1,medium_ratio_seed42,medium_mass_ratio_recalibrated,42,ood_stress,benign_ood,142055,cert1m:612155,processed/iotsim-stream-consumer-1.csv,1736881008.452213,62155,benign,iotsim-stream-consumer-1,0.95145989269624,0.9344614074096002,0.01026822606875949,0.14142334461212158,1.5583174228668213,1.4168940782546997,0.9998206696579218,0.00017933034207811882,True,True,False,False,True,True,True,False,False,True,False,highest_benign_minus_attack
1,medium_ratio_seed42,medium_mass_ratio_recalibrated,42,ood_stress,benign_ood,201661,cert1m:671761,processed/iotsim-stream-consumer-1.csv,1736881978.967862,121761,benign,iotsim-stream-consumer-1,0.95145989269624,0.9344614074096002,0.01026822606875949,0.1411551535129547,1.5577623844146729,1.4166072607040405,0.9998206696579218,0.00017933034207811882,True,True,False,False,True,True,True,False,False,True,False,highest_benign_minus_attack
1,medium_ratio_seed42,medium_mass_ratio_recalibrated,42,ood_stress,benign_ood,211984,cert1m:682084,processed/iotsim-stream-consumer-1.csv,1736882143.434325,132084,benign,iotsim-stream-consumer-1,0.9768736942773663,0.9598752089907264,0.01026822606875949,0.14702367782592773,1.5634685754776,1.4164448976516724,0.9998206696579218,0.00017933034207811882,True,True,False,False,True,True,True,False,False,True,False,highest_benign_minus_attack
1,medium_ratio_seed42,medium_mass_ratio_recalibrated,42,ood_stress,benign_ood,171797,cert1m:641897,processed/iotsim-stream-consumer-1.csv,1736881493.4349,91897,benign,iotsim-stream-consumer-1,0.9768736942773663,0.9598752089907264,0.01026822606875949,0.1433907300233841,1.559766411781311,1.4163756370544434,0.9998206696579218,0.00017933034207811882,True,True,False,False,True,True,True,False,False,True,False,highest_benign_minus_attack
1,medium_ratio_seed42,medium_mass_ratio_recalibrated,42,ood_stress,benign_ood,222075,cert1m:692175,processed/iotsim-stream-consumer-1.csv,1736882306.451854,142175,benign,iotsim-stream-consumer-1,0.95145989269624,0.9344614074096002,0.01026822606875949,0.1399146467447281,1.556244969367981,1.416330337524414,0.9998206696579218,0.00017933034207811882,True,True,False,False,True,True,True,False,False,True,False,highest_benign_minus_attack
1,medium_ratio_seed42,medium_mass_ratio_recalibrated,42,ood_stress,benign_ood,62303,cert1m:267353,processed/iotsim-stream-consumer-2.csv,1736881009.238095,62353,benign,iotsim-stream-consumer-2,0.95145989269624,0.9344614074096002,0.01026822606875949,0.14052489399909973,1.556702971458435,1.4161781072616577,0.9998206696579218,0.00017933034207811882,True,True,False,False,True,True,True,False,False,True,False,highest_benign_minus_attack
1,medium_ratio_seed42,medium_mass_ratio_recalibrated,42,ood_stress,benign_ood,132988,cert1m:603088,processed/iotsim-stream-consumer-1.csv,1736880851.936916,53088,benign,iotsim-stream-consumer-1,0.95145989269624,0.9344614074096002,0.01026822606875949,0.13964791595935822,1.5557541847229004,1.4161062240600586,0.9998206696579218,0.00017933034207811882,True,True,False,False,True,True,True,False,False,True,False,highest_benign_minus_attack
1,medium_ratio_seed42,medium_mass_ratio_recalibrated,42,ood_stress,benign_ood,44246,cert1m:249296,processed/iotsim-stream-consumer-2.csv,1736880696.648223,44296,benign,iotsim-stream-consumer-2,0.95145989269624,0.9344614074096002,0.01026822606875949,0.1400286704301834,1.5560412406921387,1.4160125255584717,0.9998206696579218,0.00017933034207811882,True,True,False,False,True,True,True,False,False,True,False,highest_benign_minus_attack
1,medium_ratio_seed42,medium_mass_ratio_recalibrated,42,ood_stress,benign_ood,201509,cert1m:671609,processed/iotsim-stream-consumer-1.csv,1736881977.969318,121609,benign,iotsim-stream-consumer-1,0.95145989269624,0.9344614074096002,0.01026822606875949,0.14053022861480713,1.5565344095230103,1.4160041809082031,0.9998206696579218,0.00017933034207811882,True,True,False,False,True,True,True,False,False,True,False,highest_benign_minus_attack
1,medium_ratio_seed42,medium_mass_ratio_recalibrated,42,ood_stress,benign_ood,201659,cert1m:671759,processed/iotsim-stream-consumer-1.csv,1736881978.967816,121759,benign,iotsim-stream-consumer-1,0.95145989269624,0.9344614074096002,0.01026822606875949,0.14297953248023987,1.5589145421981812,1.4159350395202637,0.9998206696579218,0.00017933034207811882,True,True,False,False,True,True,True,False,False,True,False,highest_benign_minus_attack
1,medium_ratio_seed42,medium_mass_ratio_recalibrated,42,ood_stress,benign_ood,133139,cert1m:603239,processed/iotsim-stream-consumer-1.csv,1736880852.85294,53239,benign,iotsim-stream-consumer-1,0.95145989269624,0.9344614074096002,0.01026822606875949,0.14252229034900665,1.5583653450012207,1.4158430099487305,0.9998206696579218,0.00017933034207811882,True,True,False,False,True,True,True,False,False,True,False,highest_benign_minus_attack
1,medium_ratio_seed42,medium_mass_ratio_recalibrated,42,ood_stress,benign_ood,53248,cert1m:258298,processed/iotsim-stream-consumer-2.csv,1736880852.846358,53298,benign,iotsim-stream-consumer-2,0.95145989269624,0.9344614074096002,0.01026822606875949,0.14058971405029297,1.5563633441925049,1.415773630142212,0.9998206696579218,0.00017933034207811882,True,True,False,False,True,True,True,False,False,True,False,highest_benign_minus_attack
1,medium_ratio_seed42,medium_mass_ratio_recalibrated,42,ood_stress,benign_ood,142056,cert1m:612156,processed/iotsim-stream-consumer-1.csv,1736881008.493056,62156,benign,iotsim-stream-consumer-1,0.95145989269624,0.9344614074096002,0.01026822606875949,0.1405434012413025,1.5561531782150269,1.4156098365783691,0.9998206696579218,0.00017933034207811882,True,True,False,False,True,True,True,False,False,True,False,highest_benign_minus_attack
1,medium_ratio_seed42,medium_mass_ratio_recalibrated,42,ood_stress,benign_ood,192399,cert1m:662499,processed/iotsim-stream-consumer-1.csv,1736881821.574015,112499,benign,iotsim-stream-consumer-1,0.95145989269624,0.9344614074096002,0.01026822606875949,0.14027157425880432,1.555778980255127,1.415507435798645,0.9998206696579218,0.00017933034207811882,True,True,False,False,True,True,True,False,False,True,False,highest_benign_minus_attack
1,medium_ratio_seed42,medium_mass_ratio_recalibrated,42,ood_stress,benign_ood,211986,cert1m:682086,processed/iotsim-stream-consumer-1.csv,1736882143.4516,132086,benign,iotsim-stream-consumer-1,0.95145989269624,0.9344614074096002,0.01026822606875949,0.14698372781276703,1.5624483823776245,1.4154646396636963,0.9998206696579218,0.00017933034207811882,True,True,False,False,True,True,True,False,False,True,False,highest_benign_minus_attack
1,medium_ratio_seed42,medium_mass_ratio_recalibrated,42,ood_stress,benign_ood,133015,cert1m:603115,processed/iotsim-stream-consumer-1.csv,1736880852.09399,53115,benign,iotsim-stream-consumer-1,0.95145989269624,0.9344614074096002,0.01026822606875949,0.14045660197734833,1.5557950735092163,1.4153385162353516,0.9998206696579218,0.00017933034207811882,True,True,False,False,True,True,True,False,False,True,False,highest_benign_minus_attack
1,medium_ratio_seed42,medium_mass_ratio_recalibrated,42,ood_stress,benign_ood,62329,cert1m:267379,processed/iotsim-stream-consumer-2.csv,1736881009.442392,62379,benign,iotsim-stream-consumer-2,0.95145989269624,0.9344614074096002,0.01026822606875949,0.1402820199728012,1.5554662942886353,1.4151842594146729,0.9998206696579218,0.00017933034207811882,True,True,False,False,True,True,True,False,False,True,False,highest_benign_minus_attack
1,medium_ratio_seed42,medium_mass_ratio_recalibrated,42,sealed_final_ood,benign_ood,154899,cert1m:799999,processed/iotsim-ip-camera-street-2.csv,1736880988.543067,99999,benign,iotsim-ip-camera-street-2,0.95145989269624,0.9344614074096002,0.017722441787885387,0.12686286866664886,1.1843661069869995,1.0575032234191895,0.9998206696579218,0.00017933034207811882,True,True,False,False,True,True,True,False,False,True,False,top_temporal_attack
1,medium_ratio_seed42,medium_mass_ratio_recalibrated,42,sealed_final_ood,benign_ood,0,cert1m:285050,processed/iotsim-ip-camera-museum-2.csv,1736880021.068375,50,benign,iotsim-ip-camera-museum-2,0.9476297202882511,0.9306312350016113,0.017722441787885387,0.1273471564054489,0.20440484583377838,0.07705768942832947,0.9998206696579218,0.00017933034207811882,True,True,False,False,True,True,True,False,False,True,False,top_temporal_attack
1,medium_ratio_seed42,medium_mass_ratio_recalibrated,42,sealed_final_ood,benign_ood,1,cert1m:285051,processed/iotsim-ip-camera-museum-2.csv,1736880021.068383,51,benign,iotsim-ip-camera-museum-2,0.9476297202882511,0.9306312350016113,0.017722441787885387,0.1259886473417282,0.20384234189987183,0.07785369455814362,0.9998206696579218,0.00017933034207811882,True,True,False,False,True,True,True,False,False,True,False,top_temporal_attack
1,medium_ratio_seed42,medium_mass_ratio_recalibrated,42,sealed_final_ood,benign_ood,2,cert1m:285052,processed/iotsim-ip-camera-museum-2.csv,1736880021.068391,52,benign,iotsim-ip-camera-museum-2,0.9476297202882511,0.9306312350016113,0.017722441787885387,0.12472657114267349,0.20328004658222198,0.07855347543954849,0.9998206696579218,0.00017933034207811882,True,True,False,False,True,True,True,False,False,True,False,top_temporal_attack
1,medium_ratio_seed42,medium_mass_ratio_recalibrated,42,sealed_final_ood,benign_ood,3,cert1m:285053,processed/iotsim-ip-camera-museum-2.csv,1736880021.068402,53,benign,iotsim-ip-camera-museum-2,0.9476297202882511,0.9306312350016113,0.017722441787885387,0.12355313450098038,0.20271794497966766,0.07916481047868729,0.9998206696579218,0.00017933034207811882,True,True,False,False,True,True,True,False,False,True,False,top_temporal_attack
1,medium_ratio_seed42,medium_mass_ratio_recalibrated,42,sealed_final_ood,benign_ood,4,cert1m:285054,processed/iotsim-ip-camera-museum-2.csv,1736880021.068413,54,benign,iotsim-ip-camera-museum-2,0.95145989269624,0.9344614074096002,0.017722441787885387,0.12246132642030716,0.20215603709220886,0.0796947106719017,0.9998206696579218,0.00017933034207811882,True,True,False,False,True,True,True,False,False,True,False,top_temporal_attack
1,medium_ratio_seed42,medium_mass_ratio_recalibrated,42,sealed_final_ood,benign_ood,154883,cert1m:799983,processed/iotsim-ip-camera-street-2.csv,1736880988.542889,99983,benign,iotsim-ip-camera-street-2,0.95145989269624,0.9344614074096002,0.017722441787885387,0.12907937169075012,1.2871097326278687,1.158030390739441,0.9998206696579218,0.00017933034207811882,True,True,False,False,True,True,True,False,False,True,False,top_temporal_attack
1,medium_ratio_seed42,medium_mass_ratio_recalibrated,42,sealed_final_ood,benign_ood,154882,cert1m:799982,processed/iotsim-ip-camera-street-2.csv,1736880988.54288,99982,benign,iotsim-ip-camera-street-2,0.95145989269624,0.9344614074096002,0.017722441787885387,0.12944063544273376,1.2978307008743286,1.1683900356292725,0.9998206696579218,0.00017933034207811882,True,True,False,False,True,True,True,False,False,True,False,top_temporal_attack
1,medium_ratio_seed42,medium_mass_ratio_recalibrated,42,sealed_final_ood,benign_ood,154881,cert1m:799981,processed/iotsim-ip-camera-street-2.csv,1736880988.542867,99981,benign,iotsim-ip-camera-street-2,0.95145989269624,0.9344614074096002,0.017722441787885387,0.12985199689865112,1.3093912601470947,1.1795392036437988,0.9998206696579218,0.00017933034207811882,True,True,False,False,True,True,True,False,False,True,False,top_temporal_attack
1,medium_ratio_seed42,medium_mass_ratio_recalibrated,42,sealed_final_ood,benign_ood,154880,cert1m:799980,processed/iotsim-ip-camera-street-2.csv,1736880988.542853,99980,benign,iotsim-ip-camera-street-2,0.95145989269624,0.9344614074096002,0.017722441787885387,0.13032075762748718,1.321884274482727,1.1915634870529175,0.9998206696579218,0.00017933034207811882,True,True,False,False,True,True,True,False,False,True,False,top_temporal_attack
1,medium_ratio_seed42,medium_mass_ratio_recalibrated,42,sealed_final_ood,benign_ood,154879,cert1m:799979,processed/iotsim-ip-camera-street-2.csv,1736880988.542844,99979,benign,iotsim-ip-camera-street-2,0.95145989269624,0.9344614074096002,0.017722441787885387,0.1308554708957672,1.3354157209396362,1.2045602798461914,0.9998206696579218,0.00017933034207811882,True,True,False,False,True,True,True,False,False,True,False,top_temporal_attack
1,medium_ratio_seed42,medium_mass_ratio_recalibrated,42,sealed_final_ood,benign_ood,154878,cert1m:799978,processed/iotsim-ip-camera-street-2.csv,1736880988.542829,99978,benign,iotsim-ip-camera-street-2,0.95145989269624,0.9344614074096002,0.017722441787885387,0.1314663141965866,1.3501067161560059,1.2186404466629028,0.9998206696579218,0.00017933034207811882,True,True,False,False,True,True,True,False,False,True,False,top_temporal_attack
1,medium_ratio_seed42,medium_mass_ratio_recalibrated,42,sealed_final_ood,benign_ood,154877,cert1m:799977,processed/iotsim-ip-camera-street-2.csv,1736880988.542819,99977,benign,iotsim-ip-camera-street-2,0.95145989269624,0.9344614074096002,0.017046214423948026,0.13216522336006165,1.3660962581634521,1.233931064605713,0.9998206696579218,0.00017933034207811882,True,True,False,False,True,True,True,False,False,True,False,top_temporal_attack
1,medium_ratio_seed42,medium_mass_ratio_recalibrated,42,sealed_final_ood,benign_ood,154876,cert1m:799976,processed/iotsim-ip-camera-street-2.csv,1736880988.542794,99976,benign,iotsim-ip-camera-street-2,0.95145989269624,0.9344614074096002,0.017046214423948026,0.13296645879745483,1.383543848991394,1.250577449798584,0.9998206696579218,0.00017933034207811882,True,True,False,False,True,True,True,False,False,True,False,top_temporal_attack
1,medium_ratio_seed42,medium_mass_ratio_recalibrated,42,sealed_final_ood,benign_ood,154875,cert1m:799975,processed/iotsim-ip-camera-street-2.csv,1736880988.542782,99975,benign,iotsim-ip-camera-street-2,0.95145989269624,0.9344614074096002,0.017046214423948026,0.13388706743717194,1.4026321172714233,1.2687450647354126,0.9998206696579218,0.00017933034207811882,True,True,False,False,True,True,True,False,False,True,False,top_temporal_attack
1,medium_ratio_seed42,medium_mass_ratio_recalibrated,42,sealed_final_ood,benign_ood,154874,cert1m:799974,processed/iotsim-ip-camera-street-2.csv,1736880988.542749,99974,benign,iotsim-ip-camera-street-2,0.95145989269624,0.9344614074096002,0.017046214423948026,0.13494740426540375,1.4235715866088867,1.2886241674423218,0.9998206696579218,0.00017933034207811882,True,True,False,False,True,True,True,False,False,True,False,top_temporal_attack
1,medium_ratio_seed42,medium_mass_ratio_recalibrated,42,sealed_final_ood,benign_ood,154873,cert1m:799973,processed/iotsim-ip-camera-street-2.csv,1736880988.47228,99973,benign,iotsim-ip-camera-street-2,0.95145989269624,0.9344614074096002,0.017046214423948026,0.13609476387500763,1.4403107166290283,1.304215908050537,0.9998206696579218,0.00017933034207811882,True,True,False,False,True,True,True,False,False,True,False,top_temporal_attack
1,medium_ratio_seed42,medium_mass_ratio_recalibrated,42,sealed_final_ood,benign_ood,154872,cert1m:799972,processed/iotsim-ip-camera-street-2.csv,1736880988.411869,99972,benign,iotsim-ip-camera-street-2,0.95145989269624,0.9344614074096002,0.017722441787885387,0.13182982802391052,1.359992265701294,1.228162407875061,0.9998206696579218,0.00017933034207811882,True,True,False,False,True,True,True,False,False,True,False,top_temporal_attack
1,medium_ratio_seed42,medium_mass_ratio_recalibrated,42,sealed_final_ood,benign_ood,154871,cert1m:799971,processed/iotsim-ip-camera-street-2.csv,1736880988.341379,99971,benign,iotsim-ip-camera-street-2,0.95145989269624,0.9344614074096002,0.017722441787885387,0.12934528291225433,1.3091601133346558,1.1798148155212402,0.9998206696579218,0.00017933034207811882,True,True,False,False,True,True,True,False,False,True,False,top_temporal_attack
1,medium_ratio_seed42,medium_mass_ratio_recalibrated,42,sealed_final_ood,benign_ood,154870,cert1m:799970,processed/iotsim-ip-camera-street-2.csv,1736880988.281124,99970,benign,iotsim-ip-camera-street-2,0.95145989269624,0.9344614074096002,0.017722441787885387,0.12961527705192566,1.3120115995407104,1.1823962926864624,0.9998206696579218,0.00017933034207811882,True,True,False,False,True,True,True,False,False,True,False,top_temporal_attack
1,medium_ratio_seed42,medium_mass_ratio_recalibrated,42,sealed_final_ood,benign_ood,154869,cert1m:799969,processed/iotsim-ip-camera-street-2.csv,1736880988.281117,99969,benign,iotsim-ip-camera-street-2,0.95145989269624,0.9344614074096002,0.017722441787885387,0.12724541127681732,1.2061148881912231,1.0788694620132446,0.9998206696579218,0.00017933034207811882,True,True,False,False,True,True,True,False,False,True,False,top_temporal_attack
1,medium_ratio_seed42,medium_mass_ratio_recalibrated,42,sealed_final_ood,benign_ood,154868,cert1m:799968,processed/iotsim-ip-camera-street-2.csv,1736880988.281105,99968,benign,iotsim-ip-camera-street-2,0.95145989269624,0.9344614074096002,0.017722441787885387,0.12733399868011475,1.2115137577056885,1.0841797590255737,0.9998206696579218,0.00017933034207811882,True,True,False,False,True,True,True,False,False,True,False,top_temporal_attack
1,medium_ratio_seed42,medium_mass_ratio_recalibrated,42,sealed_final_ood,benign_ood,37,cert1m:285087,processed/iotsim-ip-camera-museum-2.csv,1736880021.229819,87,benign,iotsim-ip-camera-museum-2,0.95145989269624,0.9344614074096002,0.017722441787885387,0.11635024100542068,0.1876942664384842,0.07134402543306351,0.9998206696579218,0.00017933034207811882,True,True,False,False,True,True,True,False,False,True,False,top_temporal_attack
1,medium_ratio_seed42,medium_mass_ratio_recalibrated,42,sealed_final_ood,benign_ood,36,cert1m:285086,processed/iotsim-ip-camera-museum-2.csv,1736880021.229802,86,benign,iotsim-ip-camera-museum-2,0.95145989269624,0.9344614074096002,0.017722441787885387,0.11681830883026123,0.18825364112854004,0.07143533229827881,0.9998206696579218,0.00017933034207811882,True,True,False,False,True,True,True,False,False,True,False,top_temporal_attack
1,medium_ratio_seed42,medium_mass_ratio_recalibrated,42,sealed_final_ood,benign_ood,35,cert1m:285085,processed/iotsim-ip-camera-museum-2.csv,1736880021.229791,85,benign,iotsim-ip-camera-museum-2,0.95145989269624,0.9344614074096002,0.017722441787885387,0.1173124611377716,0.18881343305110931,0.07150097191333771,0.9998206696579218,0.00017933034207811882,True,True,False,False,True,True,True,False,False,True,False,top_temporal_attack
1,medium_ratio_seed42,medium_mass_ratio_recalibrated,42,sealed_final_ood,benign_ood,34,cert1m:285084,processed/iotsim-ip-camera-museum-2.csv,1736880021.229777,84,benign,iotsim-ip-camera-museum-2,0.95145989269624,0.9344614074096002,0.017722441787885387,0.11783432960510254,0.18937331438064575,0.07153898477554321,0.9998206696579218,0.00017933034207811882,True,True,False,False,True,True,True,False,False,True,False,top_temporal_attack
1,medium_ratio_seed42,medium_mass_ratio_recalibrated,42,sealed_final_ood,benign_ood,33,cert1m:285083,processed/iotsim-ip-camera-museum-2.csv,1736880021.22976,83,benign,iotsim-ip-camera-museum-2,0.95145989269624,0.9344614074096002,0.017722441787885387,0.11838574707508087,0.18993331491947174,0.07154756784439087,0.9998206696579218,0.00017933034207811882,True,True,False,False,True,True,True,False,False,True,False,top_temporal_attack
1,medium_ratio_seed42,medium_mass_ratio_recalibrated,42,sealed_final_ood,benign_ood,32,cert1m:285082,processed/iotsim-ip-camera-museum-2.csv,1736880021.229748,82,benign,iotsim-ip-camera-museum-2,0.95145989269624,0.9344614074096002,0.017722441787885387,0.1189686730504036,0.190493643283844,0.0715249702334404,0.9998206696579218,0.00017933034207811882,True,True,False,False,True,True,True,False,False,True,False,top_temporal_attack
1,medium_ratio_seed42,medium_mass_ratio_recalibrated,42,sealed_final_ood,benign_ood,31,cert1m:285081,processed/iotsim-ip-camera-museum-2.csv,1736880021.229734,81,benign,iotsim-ip-camera-museum-2,0.95145989269624,0.9344614074096002,0.017722441787885387,0.11958521604537964,0.19105412065982819,0.07146890461444855,0.9998206696579218,0.00017933034207811882,True,True,False,False,True,True,True,False,False,True,False,top_temporal_attack
1,medium_ratio_seed42,medium_mass_ratio_recalibrated,42,sealed_final_ood,benign_ood,30,cert1m:285080,processed/iotsim-ip-camera-museum-2.csv,1736880021.229719,80,benign,iotsim-ip-camera-museum-2,0.95145989269624,0.9344614074096002,0.017722441787885387,0.12023770809173584,0.19161474704742432,0.07137703895568848,0.9998206696579218,0.00017933034207811882,True,True,False,False,True,True,True,False,False,True,False,top_temporal_attack
1,medium_ratio_seed42,medium_mass_ratio_recalibrated,42,sealed_final_ood,benign_ood,29,cert1m:285079,processed/iotsim-ip-camera-museum-2.csv,1736880021.229705,79,benign,iotsim-ip-camera-museum-2,0.95145989269624,0.9344614074096002,0.017722441787885387,0.12092865258455276,0.19217561185359955,0.07124695926904678,0.9998206696579218,0.00017933034207811882,True,True,False,False,True,True,True,False,False,True,False,top_temporal_attack
1,medium_ratio_seed42,medium_mass_ratio_recalibrated,42,sealed_final_ood,benign_ood,28,cert1m:285078,processed/iotsim-ip-camera-museum-2.csv,1736880021.229688,78,benign,iotsim-ip-camera-museum-2,0.95145989269624,0.9344614074096002,0.017722441787885387,0.12166082113981247,0.19273655116558075,0.07107573002576828,0.9998206696579218,0.00017933034207811882,True,True,False,False,True,True,True,False,False,True,False,top_temporal_attack
1,medium_ratio_seed42,medium_mass_ratio_recalibrated,42,sealed_final_ood,benign_ood,27,cert1m:285077,processed/iotsim-ip-camera-museum-2.csv,1736880021.229676,77,benign,iotsim-ip-camera-museum-2,0.95145989269624,0.9344614074096002,0.017722441787885387,0.12243723124265671,0.19329781830310822,0.07086058706045151,0.9998206696579218,0.00017933034207811882,True,True,False,False,True,True,True,False,False,True,False,top_temporal_attack
1,medium_ratio_seed42,medium_mass_ratio_recalibrated,42,sealed_final_ood,benign_ood,26,cert1m:285076,processed/iotsim-ip-camera-museum-2.csv,1736880021.229662,76,benign,iotsim-ip-camera-museum-2,0.95145989269624,0.9344614074096002,0.017722441787885387,0.12326116114854813,0.19385923445224762,0.0705980733036995,0.9998206696579218,0.00017933034207811882,True,True,False,False,True,True,True,False,False,True,False,top_temporal_attack
1,medium_ratio_seed42,medium_mass_ratio_recalibrated,42,sealed_final_ood,benign_ood,25,cert1m:285075,processed/iotsim-ip-camera-museum-2.csv,1736880021.229635,75,benign,iotsim-ip-camera-museum-2,0.95145989269624,0.9344614074096002,0.017722441787885387,0.12413624674081802,0.19442051649093628,0.07028426975011826,0.9998206696579218,0.00017933034207811882,True,True,False,False,True,True,True,False,False,True,False,top_temporal_attack
1,medium_ratio_seed42,medium_mass_ratio_recalibrated,42,sealed_final_ood,benign_ood,24,cert1m:285074,processed/iotsim-ip-camera-museum-2.csv,1736880021.229622,74,benign,iotsim-ip-camera-museum-2,0.95145989269624,0.9344614074096002,0.017722441787885387,0.12506651878356934,0.19498227536678314,0.0699157565832138,0.9998206696579218,0.00017933034207811882,True,True,False,False,True,True,True,False,False,True,False,top_temporal_attack
1,medium_ratio_seed42,medium_mass_ratio_recalibrated,42,sealed_final_ood,benign_ood,23,cert1m:285073,processed/iotsim-ip-camera-museum-2.csv,1736880021.229586,73,benign,iotsim-ip-camera-museum-2,0.95145989269624,0.9344614074096002,0.017722441787885387,0.12605634331703186,0.19554373621940613,0.06948739290237427,0.9998206696579218,0.00017933034207811882,True,True,False,False,True,True,True,False,False,True,False,top_temporal_attack
1,medium_ratio_seed42,medium_mass_ratio_recalibrated,42,sealed_final_ood,benign_ood,22,cert1m:285072,processed/iotsim-ip-camera-museum-2.csv,1736880021.18932,72,benign,iotsim-ip-camera-museum-2,0.95145989269624,0.9344614074096002,0.017722441787885387,0.12705634534358978,0.19515293836593628,0.0680965930223465,0.9998206696579218,0.00017933034207811882,True,True,False,False,True,True,True,False,False,True,False,top_temporal_attack
1,medium_ratio_seed42,medium_mass_ratio_recalibrated,42,sealed_final_ood,benign_ood,53,cert1m:285103,processed/iotsim-ip-camera-museum-2.csv,1736880021.390976,103,benign,iotsim-ip-camera-museum-2,0.95145989269624,0.9344614074096002,0.017722441787885387,0.12227634340524673,0.18371854722499847,0.06144220381975174,0.9998206696579218,0.00017933034207811882,True,True,False,False,True,True,True,False,False,True,False,top_temporal_attack
1,medium_ratio_seed42,medium_mass_ratio_recalibrated,42,sealed_final_ood,benign_ood,52,cert1m:285102,processed/iotsim-ip-camera-museum-2.csv,1736880021.390964,102,benign,iotsim-ip-camera-museum-2,0.95145989269624,0.9344614074096002,0.017722441787885387,0.12292712926864624,0.18427947163581848,0.06135234236717224,0.9998206696579218,0.00017933034207811882,True,True,False,False,True,True,True,False,False,True,False,top_temporal_attack
1,medium_ratio_seed42,medium_mass_ratio_recalibrated,42,sealed_final_ood,benign_ood,51,cert1m:285101,processed/iotsim-ip-camera-museum-2.csv,1736880021.390939,101,benign,iotsim-ip-camera-museum-2,0.95145989269624,0.9344614074096002,0.017722441787885387,0.1236136257648468,0.18484020233154297,0.06122657656669617,0.9998206696579218,0.00017933034207811882,True,True,False,False,True,True,True,False,False,True,False,top_temporal_attack
1,medium_ratio_seed42,medium_mass_ratio_recalibrated,42,sealed_final_ood,benign_ood,50,cert1m:285100,processed/iotsim-ip-camera-museum-2.csv,1736880021.390909,100,benign,iotsim-ip-camera-museum-2,0.95145989269624,0.9344614074096002,0.017722441787885387,0.12433847784996033,0.18540100753307343,0.0610625296831131,0.9998206696579218,0.00017933034207811882,True,True,False,False,True,True,True,False,False,True,False,top_temporal_attack
1,medium_ratio_seed42,medium_mass_ratio_recalibrated,42,sealed_final_ood,benign_ood,49,cert1m:285099,processed/iotsim-ip-camera-museum-2.csv,1736880021.350632,99,benign,iotsim-ip-camera-museum-2,0.95145989269624,0.9344614074096002,0.017722441787885387,0.12504099309444427,0.18479947745800018,0.05975848436355591,0.9998206696579218,0.00017933034207811882,True,True,False,False,True,True,True,False,False,True,False,top_temporal_attack
1,medium_ratio_seed42,medium_mass_ratio_recalibrated,42,sealed_final_ood,benign_ood,48,cert1m:285098,processed/iotsim-ip-camera-museum-2.csv,1736880021.350603,98,benign,iotsim-ip-camera-museum-2,0.95145989269624,0.9344614074096002,0.017722441787885387,0.12270718067884445,0.1853596419095993,0.06265246123075485,0.9998206696579218,0.00017933034207811882,True,True,False,False,True,True,True,False,False,True,False,top_temporal_attack
1,medium_ratio_seed42,medium_mass_ratio_recalibrated,42,sealed_final_ood,benign_ood,47,cert1m:285097,processed/iotsim-ip-camera-museum-2.csv,1736880021.31036,97,benign,iotsim-ip-camera-museum-2,0.95145989269624,0.9344614074096002,0.017722441787885387,0.12333826720714569,0.18470264971256256,0.06136438250541687,0.9998206696579218,0.00017933034207811882,True,True,False,False,True,True,True,False,False,True,False,top_temporal_attack
1,medium_ratio_seed42,medium_mass_ratio_recalibrated,42,sealed_final_ood,benign_ood,46,cert1m:285096,processed/iotsim-ip-camera-museum-2.csv,1736880021.310312,96,benign,iotsim-ip-camera-museum-2,0.95145989269624,0.9344614074096002,0.017722441787885387,0.1232670322060585,0.18526151776313782,0.061994485557079315,0.9998206696579218,0.00017933034207811882,True,True,False,False,True,True,True,False,False,True,False,top_temporal_attack
1,medium_ratio_seed42,medium_mass_ratio_recalibrated,42,sealed_final_ood,benign_ood,45,cert1m:285095,processed/iotsim-ip-camera-museum-2.csv,1736880021.270044,95,benign,iotsim-ip-camera-museum-2,0.95145989269624,0.9344614074096002,0.017722441787885387,0.12391651421785355,0.18454115092754364,0.060624636709690094,0.9998206696579218,0.00017933034207811882,True,True,False,False,True,True,True,False,False,True,False,top_temporal_attack
1,medium_ratio_seed42,medium_mass_ratio_recalibrated,42,sealed_final_ood,benign_ood,44,cert1m:285094,processed/iotsim-ip-camera-museum-2.csv,1736880021.270032,94,benign,iotsim-ip-camera-museum-2,0.95145989269624,0.9344614074096002,0.017722441787885387,0.12239991873502731,0.18510036170482635,0.06270044296979904,0.9998206696579218,0.00017933034207811882,True,True,False,False,True,True,True,False,False,True,False,top_temporal_attack
1,medium_ratio_seed42,medium_mass_ratio_recalibrated,42,sealed_final_ood,benign_ood,43,cert1m:285093,processed/iotsim-ip-camera-museum-2.csv,1736880021.269996,93,benign,iotsim-ip-camera-museum-2,0.95145989269624,0.9344614074096002,0.017722441787885387,0.12309207022190094,0.1856589913368225,0.06256692111492157,0.9998206696579218,0.00017933034207811882,True,True,False,False,True,True,True,False,False,True,False,top_temporal_attack
1,medium_ratio_seed42,medium_mass_ratio_recalibrated,42,sealed_final_ood,benign_ood,42,cert1m:285092,processed/iotsim-ip-camera-museum-2.csv,1736880021.229911,92,benign,iotsim-ip-camera-museum-2,0.95145989269624,0.9344614074096002,0.017722441787885387,0.12374396622180939,0.18490055203437805,0.061156585812568665,0.9998206696579218,0.00017933034207811882,True,True,False,False,True,True,True,False,False,True,False,top_temporal_attack
1,medium_ratio_seed42,medium_mass_ratio_recalibrated,42,sealed_final_ood,benign_ood,41,cert1m:285091,processed/iotsim-ip-camera-museum-2.csv,1736880021.229895,91,benign,iotsim-ip-camera-museum-2,0.95145989269624,0.9344614074096002,0.017722441787885387,0.11470942199230194,0.1854589432477951,0.07074952125549316,0.9998206696579218,0.00017933034207811882,True,True,False,False,True,True,True,False,False,True,False,top_temporal_attack
1,medium_ratio_seed42,medium_mass_ratio_recalibrated,42,sealed_final_ood,benign_ood,40,cert1m:285090,processed/iotsim-ip-camera-museum-2.csv,1736880021.229883,90,benign,iotsim-ip-camera-museum-2,0.95145989269624,0.9344614074096002,0.017722441787885387,0.1150875836610794,0.1860176920890808,0.0709301084280014,0.9998206696579218,0.00017933034207811882,True,True,False,False,True,True,True,False,False,True,False,top_temporal_attack
1,medium_ratio_seed42,medium_mass_ratio_recalibrated,42,sealed_final_ood,benign_ood,39,cert1m:285089,processed/iotsim-ip-camera-museum-2.csv,1736880021.229869,89,benign,iotsim-ip-camera-museum-2,0.95145989269624,0.9344614074096002,0.017722441787885387,0.11548628658056259,0.18657657504081726,0.07109028846025467,0.9998206696579218,0.00017933034207811882,True,True,False,False,True,True,True,False,False,True,False,top_temporal_attack
1,medium_ratio_seed42,medium_mass_ratio_recalibrated,42,sealed_final_ood,benign_ood,38,cert1m:285088,processed/iotsim-ip-camera-museum-2.csv,1736880021.229833,88,benign,iotsim-ip-camera-museum-2,0.95145989269624,0.9344614074096002,0.017722441787885387,0.11590669304132462,0.18713495135307312,0.0712282583117485,0.9998206696579218,0.00017933034207811882,True,True,False,False,True,True,True,False,False,True,False,top_temporal_attack
1,medium_ratio_seed42,medium_mass_ratio_recalibrated,42,sealed_final_ood,benign_ood,69,cert1m:285119,processed/iotsim-ip-camera-museum-2.csv,1736880021.431372,119,benign,iotsim-ip-camera-museum-2,0.95145989269624,0.9344614074096002,0.017722441787885387,0.11613206565380096,0.17622558772563934,0.06009352207183838,0.9998206696579218,0.00017933034207811882,True,True,False,False,True,True,True,False,False,True,False,top_temporal_attack
1,medium_ratio_seed42,medium_mass_ratio_recalibrated,42,sealed_final_ood,benign_ood,68,cert1m:285118,processed/iotsim-ip-camera-museum-2.csv,1736880021.431356,118,benign,iotsim-ip-camera-museum-2,0.95145989269624,0.9344614074096002,0.017722441787885387,0.11646737158298492,0.17678438127040863,0.060317009687423706,0.9998206696579218,0.00017933034207811882,True,True,False,False,True,True,True,False,False,True,False,top_temporal_attack
1,medium_ratio_seed42,medium_mass_ratio_recalibrated,42,sealed_final_ood,benign_ood,67,cert1m:285117,processed/iotsim-ip-camera-museum-2.csv,1736880021.431305,117,benign,iotsim-ip-camera-museum-2,0.95145989269624,0.9344614074096002,0.017722441787885387,0.11681879311800003,0.17734216153621674,0.060523368418216705,0.9998206696579218,0.00017933034207811882,True,True,False,False,True,True,True,False,False,True,False,top_temporal_attack
1,medium_ratio_seed42,medium_mass_ratio_recalibrated,42,sealed_final_ood,benign_ood,66,cert1m:285116,processed/iotsim-ip-camera-museum-2.csv,1736880021.391158,116,benign,iotsim-ip-camera-museum-2,0.95145989269624,0.9344614074096002,0.017722441787885387,0.11710526794195175,0.17644591629505157,0.05934064835309982,0.9998206696579218,0.00017933034207811882,True,True,False,False,True,True,True,False,False,True,False,top_temporal_attack
1,medium_ratio_seed42,medium_mass_ratio_recalibrated,42,sealed_final_ood,benign_ood,65,cert1m:285115,processed/iotsim-ip-camera-museum-2.csv,1736880021.391144,115,benign,iotsim-ip-camera-museum-2,0.95145989269624,0.9344614074096002,0.017722441787885387,0.11654476076364517,0.17700406908988953,0.060459308326244354,0.9998206696579218,0.00017933034207811882,True,True,False,False,True,True,True,False,False,True,False,top_temporal_attack
1,medium_ratio_seed42,medium_mass_ratio_recalibrated,42,sealed_final_ood,benign_ood,64,cert1m:285114,processed/iotsim-ip-camera-museum-2.csv,1736880021.391128,114,benign,iotsim-ip-camera-museum-2,0.95145989269624,0.9344614074096002,0.017722441787885387,0.11690835654735565,0.1775623857975006,0.06065402925014496,0.9998206696579218,0.00017933034207811882,True,True,False,False,True,True,True,False,False,True,False,top_temporal_attack
1,medium_ratio_seed42,medium_mass_ratio_recalibrated,42,sealed_final_ood,benign_ood,63,cert1m:285113,processed/iotsim-ip-camera-museum-2.csv,1736880021.391114,113,benign,iotsim-ip-camera-museum-2,0.95145989269624,0.9344614074096002,0.017722441787885387,0.11728876829147339,0.17812098562717438,0.06083221733570099,0.9998206696579218,0.00017933034207811882,True,True,False,False,True,True,True,False,False,True,False,top_temporal_attack
1,medium_ratio_seed42,medium_mass_ratio_recalibrated,42,sealed_final_ood,benign_ood,62,cert1m:285112,processed/iotsim-ip-camera-museum-2.csv,1736880021.391098,112,benign,iotsim-ip-camera-museum-2,0.95145989269624,0.9344614074096002,0.017722441787885387,0.11768700927495956,0.1786797195672989,0.060992710292339325,0.9998206696579218,0.00017933034207811882,True,True,False,False,True,True,True,False,False,True,False,top_temporal_attack
1,medium_ratio_seed42,medium_mass_ratio_recalibrated,42,sealed_final_ood,benign_ood,61,cert1m:285111,processed/iotsim-ip-camera-museum-2.csv,1736880021.391086,111,benign,iotsim-ip-camera-museum-2,0.95145989269624,0.9344614074096002,0.017722441787885387,0.11810407042503357,0.17923882603645325,0.06113475561141968,0.9998206696579218,0.00017933034207811882,True,True,False,False,True,True,True,False,False,True,False,top_temporal_attack
1,medium_ratio_seed42,medium_mass_ratio_recalibrated,42,sealed_final_ood,benign_ood,60,cert1m:285110,processed/iotsim-ip-camera-museum-2.csv,1736880021.391072,110,benign,iotsim-ip-camera-museum-2,0.95145989269624,0.9344614074096002,0.017722441787885387,0.11854113638401031,0.17979806661605835,0.061256930232048035,0.9998206696579218,0.00017933034207811882,True,True,False,False,True,True,True,False,False,True,False,top_temporal_attack
1,medium_ratio_seed42,medium_mass_ratio_recalibrated,42,sealed_final_ood,benign_ood,59,cert1m:285109,processed/iotsim-ip-camera-museum-2.csv,1736880021.391056,109,benign,iotsim-ip-camera-museum-2,0.95145989269624,0.9344614074096002,0.017722441787885387,0.11899936199188232,0.1803574413061142,0.06135807931423187,0.9998206696579218,0.00017933034207811882,True,True,False,False,True,True,True,False,False,True,False,top_temporal_attack
1,medium_ratio_seed42,medium_mass_ratio_recalibrated,42,sealed_final_ood,benign_ood,58,cert1m:285108,processed/iotsim-ip-camera-museum-2.csv,1736880021.391044,108,benign,iotsim-ip-camera-museum-2,0.95145989269624,0.9344614074096002,0.017722441787885387,0.11948012560606003,0.1809171587228775,0.061437033116817474,0.9998206696579218,0.00017933034207811882,True,True,False,False,True,True,True,False,False,True,False,top_temporal_attack
1,medium_ratio_seed42,medium_mass_ratio_recalibrated,42,sealed_final_ood,benign_ood,57,cert1m:285107,processed/iotsim-ip-camera-museum-2.csv,1736880021.391033,107,benign,iotsim-ip-camera-museum-2,0.95145989269624,0.9344614074096002,0.017722441787885387,0.11998482793569565,0.1814771145582199,0.06149228662252426,0.9998206696579218,0.00017933034207811882,True,True,False,False,True,True,True,False,False,True,False,top_temporal_attack
1,medium_ratio_seed42,medium_mass_ratio_recalibrated,42,sealed_final_ood,benign_ood,56,cert1m:285106,processed/iotsim-ip-camera-museum-2.csv,1736880021.391017,106,benign,iotsim-ip-camera-museum-2,0.95145989269624,0.9344614074096002,0.017722441787885387,0.12051502615213394,0.1820371150970459,0.06152208894491196,0.9998206696579218,0.00017933034207811882,True,True,False,False,True,True,True,False,False,True,False,top_temporal_attack
1,medium_ratio_seed42,medium_mass_ratio_recalibrated,42,sealed_final_ood,benign_ood,55,cert1m:285105,processed/iotsim-ip-camera-museum-2.csv,1736880021.391006,105,benign,iotsim-ip-camera-museum-2,0.95145989269624,0.9344614074096002,0.017722441787885387,0.12107241153717041,0.18259748816490173,0.06152507662773132,0.9998206696579218,0.00017933034207811882,True,True,False,False,True,True,True,False,False,True,False,top_temporal_attack
1,medium_ratio_seed42,medium_mass_ratio_recalibrated,42,sealed_final_ood,benign_ood,54,cert1m:285104,processed/iotsim-ip-camera-museum-2.csv,1736880021.39099,104,benign,iotsim-ip-camera-museum-2,0.95145989269624,0.9344614074096002,0.017722441787885387,0.12165884673595428,0.18315787613391876,0.06149902939796448,0.9998206696579218,0.00017933034207811882,True,True,False,False,True,True,True,False,False,True,False,top_temporal_attack
1,medium_ratio_seed42,medium_mass_ratio_recalibrated,42,sealed_final_ood,benign_ood,85,cert1m:285135,processed/iotsim-ip-camera-museum-2.csv,1736880021.552417,135,benign,iotsim-ip-camera-museum-2,0.95145989269624,0.9344614074096002,0.017722441787885387,0.12159150838851929,0.17135848104953766,0.04976697266101837,0.9998206696579218,0.00017933034207811882,True,True,False,False,True,True,True,False,False,True,False,top_temporal_attack
1,medium_ratio_seed42,medium_mass_ratio_recalibrated,42,sealed_final_ood,benign_ood,84,cert1m:285134,processed/iotsim-ip-camera-museum-2.csv,1736880021.552405,134,benign,iotsim-ip-camera-museum-2,0.95145989269624,0.9344614074096002,0.017722441787885387,0.12208890914916992,0.17191754281520844,0.04982863366603851,0.9998206696579218,0.00017933034207811882,True,True,False,False,True,True,True,False,False,True,False,top_temporal_attack
1,medium_ratio_seed42,medium_mass_ratio_recalibrated,42,sealed_final_ood,benign_ood,83,cert1m:285133,processed/iotsim-ip-camera-museum-2.csv,1736880021.552393,133,benign,iotsim-ip-camera-museum-2,0.95145989269624,0.9344614074096002,0.017722441787885387,0.1226087138056755,0.1724768429994583,0.049868129193782806,0.9998206696579218,0.00017933034207811882,True,True,False,False,True,True,True,False,False,True,False,top_temporal_attack
1,medium_ratio_seed42,medium_mass_ratio_recalibrated,42,sealed_final_ood,benign_ood,82,cert1m:285132,processed/iotsim-ip-camera-museum-2.csv,1736880021.552377,132,benign,iotsim-ip-camera-museum-2,0.95145989269624,0.9344614074096002,0.017722441787885387,0.12315231561660767,0.17303621768951416,0.049883902072906494,0.9998206696579218,0.00017933034207811882,True,True,False,False,True,True,True,False,False,True,False,top_temporal_attack
1,medium_ratio_seed42,medium_mass_ratio_recalibrated,42,sealed_final_ood,benign_ood,81,cert1m:285131,processed/iotsim-ip-camera-museum-2.csv,1736880021.552365,131,benign,iotsim-ip-camera-museum-2,0.95145989269624,0.9344614074096002,0.017722441787885387,0.12372127175331116,0.17359595000743866,0.0498746782541275,0.9998206696579218,0.00017933034207811882,True,True,False,False,True,True,True,False,False,True,False,top_temporal_attack
1,medium_ratio_seed42,medium_mass_ratio_recalibrated,42,sealed_final_ood,benign_ood,80,cert1m:285130,processed/iotsim-ip-camera-museum-2.csv,1736880021.552348,130,benign,iotsim-ip-camera-museum-2,0.95145989269624,0.9344614074096002,0.017722441787885387,0.1243172287940979,0.17415569722652435,0.04983846843242645,0.9998206696579218,0.00017933034207811882,True,True,False,False,True,True,True,False,False,True,False,top_temporal_attack
1,medium_ratio_seed42,medium_mass_ratio_recalibrated,42,sealed_final_ood,benign_ood,79,cert1m:285129,processed/iotsim-ip-camera-museum-2.csv,1736880021.552336,129,benign,iotsim-ip-camera-museum-2,0.95145989269624,0.9344614074096002,0.017722441787885387,0.12494204938411713,0.17471586167812347,0.04977381229400635,0.9998206696579218,0.00017933034207811882,True,True,False,False,True,True,True,False,False,True,False,top_temporal_attack
1,medium_ratio_seed42,medium_mass_ratio_recalibrated,42,sealed_final_ood,benign_ood,78,cert1m:285128,processed/iotsim-ip-camera-museum-2.csv,1736880021.552318,128,benign,iotsim-ip-camera-museum-2,0.95145989269624,0.9344614074096002,0.017722441787885387,0.12559768557548523,0.1752760112285614,0.04967832565307617,0.9998206696579218,0.00017933034207811882,True,True,False,False,True,True,True,False,False,True,False,top_temporal_attack
1,medium_ratio_seed42,medium_mass_ratio_recalibrated,42,sealed_final_ood,benign_ood,77,cert1m:285127,processed/iotsim-ip-camera-museum-2.csv,1736880021.552282,127,benign,iotsim-ip-camera-museum-2,0.95145989269624,0.9344614074096002,0.017722441787885387,0.1262863129377365,0.17583580315113068,0.049549490213394165,0.9998206696579218,0.00017933034207811882,True,True,False,False,True,True,True,False,False,True,False,top_temporal_attack
1,medium_ratio_seed42,medium_mass_ratio_recalibrated,42,sealed_final_ood,benign_ood,76,cert1m:285126,processed/iotsim-ip-camera-museum-2.csv,1736880021.552267,126,benign,iotsim-ip-camera-museum-2,0.95145989269624,0.9344614074096002,0.017722441787885387,0.12701034545898438,0.1763964742422104,0.04938612878322601,0.9998206696579218,0.00017933034207811882,True,True,False,False,True,True,True,False,False,True,False,top_temporal_attack
1,medium_ratio_seed42,medium_mass_ratio_recalibrated,42,sealed_final_ood,benign_ood,75606,cert1m:720706,processed/iotsim-ip-camera-street-2.csv,1736880218.480435,20706,benign,iotsim-ip-camera-street-2,0.9768736942773663,0.9598752089907264,0.017046214423948026,0.2080313265323639,1.4254785776138306,1.217447280883789,0.9998206696579218,0.00017933034207811882,True,True,False,False,True,True,True,False,False,True,False,top_parent_attack
1,medium_ratio_seed42,medium_mass_ratio_recalibrated,42,sealed_final_ood,benign_ood,16141,cert1m:301191,processed/iotsim-ip-camera-museum-2.csv,1736880120.112219,16191,benign,iotsim-ip-camera-museum-2,0.9768736942773663,0.9598752089907264,0.017046214423948026,0.1276189535856247,1.435988187789917,1.3083692789077759,0.9998206696579218,0.00017933034207811882,True,True,False,False,True,True,True,False,False,True,False,top_parent_attack
1,medium_ratio_seed42,medium_mass_ratio_recalibrated,42,sealed_final_ood,benign_ood,11241,cert1m:296291,processed/iotsim-ip-camera-museum-2.csv,1736880089.993403,11291,benign,iotsim-ip-camera-museum-2,0.9768736942773663,0.9598752089907264,0.01026822606875949,0.13893508911132812,1.5213085412979126,1.3823734521865845,0.9998206696579218,0.00017933034207811882,True,True,False,False,True,True,True,False,False,True,False,top_parent_attack
1,medium_ratio_seed42,medium_mass_ratio_recalibrated,42,sealed_final_ood,benign_ood,4070,cert1m:289120,processed/iotsim-ip-camera-museum-2.csv,1736880046.177438,4120,benign,iotsim-ip-camera-museum-2,0.9768736942773663,0.9598752089907264,0.01026822606875949,0.14471226930618286,0.9289426803588867,0.7842304110527039,0.9998206696579218,0.00017933034207811882,True,True,False,False,True,True,True,False,False,True,False,top_parent_attack
1,medium_ratio_seed42,medium_mass_ratio_recalibrated,42,sealed_final_ood,benign_ood,57283,cert1m:702383,processed/iotsim-ip-camera-street-2.csv,1736880041.605001,2383,benign,iotsim-ip-camera-street-2,0.9768736942773663,0.9598752089907264,0.01026822606875949,0.14995713531970978,0.49109676480293274,0.34113961458206177,0.9998206696579218,0.00017933034207811882,True,True,False,False,True,True,True,False,False,True,False,top_parent_attack
1,medium_ratio_seed42,medium_mass_ratio_recalibrated,42,sealed_final_ood,benign_ood,67267,cert1m:712367,processed/iotsim-ip-camera-street-2.csv,1736880137.609698,12367,benign,iotsim-ip-camera-street-2,0.9768736942773663,0.9598752089907264,0.017046214423948026,0.21897315979003906,1.4481602907180786,1.2291871309280396,0.9998206696579218,0.00017933034207811882,True,True,False,False,True,True,True,False,False,True,False,top_parent_attack
1,medium_ratio_seed42,medium_mass_ratio_recalibrated,42,sealed_final_ood,benign_ood,59767,cert1m:704867,processed/iotsim-ip-camera-street-2.csv,1736880066.881162,4867,benign,iotsim-ip-camera-street-2,0.9768736942773663,0.9598752089907264,0.017046214423948026,0.13225127756595612,0.9462463855743408,0.8139951229095459,0.9998206696579218,0.00017933034207811882,True,True,False,False,True,True,True,False,False,True,False,top_parent_attack
1,medium_ratio_seed42,medium_mass_ratio_recalibrated,42,sealed_final_ood,benign_ood,38066,cert1m:323116,processed/iotsim-ip-camera-museum-2.csv,1736880255.434491,38116,benign,iotsim-ip-camera-museum-2,0.9768736942773663,0.9598752089907264,0.01026822606875949,0.12790647149085999,1.9384243488311768,1.8105179071426392,0.9998206696579218,0.00017933034207811882,True,True,False,False,True,True,True,False,False,True,False,top_parent_attack
1,medium_ratio_seed42,medium_mass_ratio_recalibrated,42,sealed_final_ood,benign_ood,154445,cert1m:799545,processed/iotsim-ip-camera-street-2.csv,1736880984.161827,99545,benign,iotsim-ip-camera-street-2,0.9768736942773663,0.9598752089907264,0.017046214423948026,0.1318281590938568,1.483994722366333,1.3521665334701538,0.9998206696579218,0.00017933034207811882,True,True,False,False,True,True,True,False,False,True,False,top_parent_attack
1,medium_ratio_seed42,medium_mass_ratio_recalibrated,42,sealed_final_ood,benign_ood,59014,cert1m:704114,processed/iotsim-ip-camera-street-2.csv,1736880056.746911,4114,benign,iotsim-ip-camera-street-2,0.9768736942773663,0.9598752089907264,0.01026822606875949,0.17039203643798828,0.8414541482925415,0.6710621118545532,0.9998206696579218,0.00017933034207811882,True,True,False,False,True,True,True,False,False,True,False,top_parent_attack
1,medium_ratio_seed42,medium_mass_ratio_recalibrated,42,sealed_final_ood,benign_ood,41305,cert1m:326355,processed/iotsim-ip-camera-museum-2.csv,1736880275.475136,41355,benign,iotsim-ip-camera-museum-2,0.9768736942773663,0.9598752089907264,0.01026822606875949,0.1462642103433609,1.633852481842041,1.4875882863998413,0.9998206696579218,0.00017933034207811882,True,True,False,False,True,True,True,False,False,True,False,top_parent_attack
1,medium_ratio_seed42,medium_mass_ratio_recalibrated,42,sealed_final_ood,benign_ood,54359,cert1m:339409,processed/iotsim-ip-camera-museum-2.csv,1736880355.672449,54409,benign,iotsim-ip-camera-museum-2,0.9768736942773663,0.9598752089907264,0.01026822606875949,0.1364096999168396,1.5862587690353394,1.4498491287231445,0.9998206696579218,0.00017933034207811882,True,True,False,False,True,True,True,False,False,True,False,top_parent_attack
1,medium_ratio_seed42,medium_mass_ratio_recalibrated,42,sealed_final_ood,benign_ood,41548,cert1m:326598,processed/iotsim-ip-camera-museum-2.csv,1736880276.578571,41598,benign,iotsim-ip-camera-museum-2,0.9768736942773663,0.9598752089907264,0.01026822606875949,0.12857313454151154,1.506118893623352,1.377545714378357,0.9998206696579218,0.00017933034207811882,True,True,False,False,True,True,True,False,False,True,False,top_parent_attack
1,medium_ratio_seed42,medium_mass_ratio_recalibrated,42,sealed_final_ood,benign_ood,154635,cert1m:799735,processed/iotsim-ip-camera-street-2.csv,1736880986.014427,99735,benign,iotsim-ip-camera-street-2,0.9768736942773663,0.9598752089907264,0.01026822606875949,0.15532463788986206,1.668794870376587,1.51347017288208,0.9998206696579218,0.00017933034207811882,True,True,False,False,True,True,True,False,False,True,False,top_parent_attack
1,medium_ratio_seed42,medium_mass_ratio_recalibrated,42,sealed_final_ood,benign_ood,20163,cert1m:305213,processed/iotsim-ip-camera-museum-2.csv,1736880145.191916,20213,benign,iotsim-ip-camera-museum-2,0.9768736942773663,0.9598752089907264,0.017046214423948026,0.13123230636119843,1.4700844287872314,1.3388521671295166,0.9998206696579218,0.00017933034207811882,True,True,False,False,True,True,True,False,False,True,False,top_parent_attack
1,medium_ratio_seed42,medium_mass_ratio_recalibrated,42,sealed_final_ood,benign_ood,55178,cert1m:700278,processed/iotsim-ip-camera-street-2.csv,1736880021.346817,278,benign,iotsim-ip-camera-street-2,0.9768736942773663,0.9598752089907264,0.017722441787885387,0.2123548686504364,0.1551312804222107,-0.05722358822822571,0.9998206696579218,0.00017933034207811882,True,True,False,False,True,True,True,False,False,True,False,top_parent_attack
1,medium_ratio_seed42,medium_mass_ratio_recalibrated,42,sealed_final_ood,benign_ood,24072,cert1m:309122,processed/iotsim-ip-camera-museum-2.csv,1736880169.058029,24122,benign,iotsim-ip-camera-museum-2,0.9768736942773663,0.9598752089907264,0.01026822606875949,0.1455235332250595,1.6168122291564941,1.4712886810302734,0.9998206696579218,0.00017933034207811882,True,True,False,False,True,True,True,False,False,True,False,top_parent_attack
1,medium_ratio_seed42,medium_mass_ratio_recalibrated,42,sealed_final_ood,benign_ood,23417,cert1m:308467,processed/iotsim-ip-camera-museum-2.csv,1736880165.228663,23467,benign,iotsim-ip-camera-museum-2,0.9768736942773663,0.9598752089907264,0.01026822606875949,0.14098526537418365,1.7148715257644653,1.5738862752914429,0.9998206696579218,0.00017933034207811882,True,True,False,False,True,True,True,False,False,True,False,top_parent_attack
1,medium_ratio_seed42,medium_mass_ratio_recalibrated,42,sealed_final_ood,benign_ood,44041,cert1m:329091,processed/iotsim-ip-camera-museum-2.csv,1736880291.938863,44091,benign,iotsim-ip-camera-museum-2,0.9768736942773663,0.9598752089907264,0.017046214423948026,0.1259763240814209,1.4616552591323853,1.3356789350509644,0.9998206696579218,0.00017933034207811882,True,True,False,False,True,True,True,False,False,True,False,top_parent_attack
1,medium_ratio_seed42,medium_mass_ratio_recalibrated,42,sealed_final_ood,benign_ood,53525,cert1m:338575,processed/iotsim-ip-camera-museum-2.csv,1736880350.670541,53575,benign,iotsim-ip-camera-museum-2,0.9768736942773663,0.9598752089907264,0.01026822606875949,0.13250434398651123,1.5563422441482544,1.4238379001617432,0.9998206696579218,0.00017933034207811882,True,True,False,False,True,True,True,False,False,True,False,top_parent_attack
1,medium_ratio_seed42,medium_mass_ratio_recalibrated,42,sealed_final_ood,benign_ood,20969,cert1m:306019,processed/iotsim-ip-camera-museum-2.csv,1736880150.194855,21019,benign,iotsim-ip-camera-museum-2,0.9768736942773663,0.9598752089907264,0.01026822606875949,0.14933007955551147,1.6153899431228638,1.466059923171997,0.9998206696579218,0.00017933034207811882,True,True,False,False,True,True,True,False,False,True,False,top_parent_attack
1,medium_ratio_seed42,medium_mass_ratio_recalibrated,42,sealed_final_ood,benign_ood,64118,cert1m:709218,processed/iotsim-ip-camera-street-2.csv,1736880108.641595,9218,benign,iotsim-ip-camera-street-2,0.9768736942773663,0.9598752089907264,0.017046214423948026,0.13231948018074036,1.4366323947906494,1.3043129444122314,0.9998206696579218,0.00017933034207811882,True,True,False,False,True,True,True,False,False,True,False,top_parent_attack
1,medium_ratio_seed42,medium_mass_ratio_recalibrated,42,sealed_final_ood,benign_ood,12035,cert1m:297085,processed/iotsim-ip-camera-museum-2.csv,1736880094.994528,12085,benign,iotsim-ip-camera-museum-2,0.9768736942773663,0.9598752089907264,0.01026822606875949,0.1389106959104538,1.5336384773254395,1.3947278261184692,0.9998206696579218,0.00017933034207811882,True,True,False,False,True,True,True,False,False,True,False,top_parent_attack
1,medium_ratio_seed42,medium_mass_ratio_recalibrated,42,sealed_final_ood,benign_ood,7955,cert1m:293005,processed/iotsim-ip-camera-museum-2.csv,1736880069.953648,8005,benign,iotsim-ip-camera-museum-2,0.9768736942773663,0.9598752089907264,0.017046214423948026,0.1301354318857193,1.4393582344055176,1.3092228174209595,0.9998206696579218,0.00017933034207811882,True,True,False,False,True,True,True,False,False,True,False,top_parent_attack
1,medium_ratio_seed42,medium_mass_ratio_recalibrated,42,sealed_final_ood,benign_ood,35624,cert1m:320674,processed/iotsim-ip-camera-museum-2.csv,1736880240.391826,35674,benign,iotsim-ip-camera-museum-2,0.9768736942773663,0.9598752089907264,0.017046214423948026,0.1295306384563446,1.4956576824188232,1.3661270141601562,0.9998206696579218,0.00017933034207811882,True,True,False,False,True,True,True,False,False,True,False,top_parent_attack
1,medium_ratio_seed42,medium_mass_ratio_recalibrated,42,sealed_final_ood,benign_ood,65051,cert1m:710151,processed/iotsim-ip-camera-street-2.csv,1736880117.347707,10151,benign,iotsim-ip-camera-street-2,0.9768736942773663,0.9598752089907264,0.017046214423948026,0.1380750834941864,1.5013771057128906,1.3633019924163818,0.9998206696579218,0.00017933034207811882,True,True,False,False,True,True,True,False,False,True,False,top_parent_attack
1,medium_ratio_seed42,medium_mass_ratio_recalibrated,42,sealed_final_ood,benign_ood,51455,cert1m:336505,processed/iotsim-ip-camera-museum-2.csv,1736880338.017788,51505,benign,iotsim-ip-camera-museum-2,0.9768736942773663,0.9598752089907264,0.01026822606875949,0.14691941440105438,1.6449745893478394,1.4980552196502686,0.9998206696579218,0.00017933034207811882,True,True,False,False,True,True,True,False,False,True,False,top_parent_attack
1,medium_ratio_seed42,medium_mass_ratio_recalibrated,42,sealed_final_ood,benign_ood,51070,cert1m:336120,processed/iotsim-ip-camera-museum-2.csv,1736880335.635348,51120,benign,iotsim-ip-camera-museum-2,0.9768736942773663,0.9598752089907264,0.01026822606875949,0.14114807546138763,1.6106584072113037,1.4695103168487549,0.9998206696579218,0.00017933034207811882,True,True,False,False,True,True,True,False,False,True,False,top_parent_attack
1,medium_ratio_seed42,medium_mass_ratio_recalibrated,42,sealed_final_ood,benign_ood,73421,cert1m:718521,processed/iotsim-ip-camera-street-2.csv,1736880198.280177,18521,benign,iotsim-ip-camera-street-2,0.9768736942773663,0.9598752089907264,0.017046214423948026,0.12885378301143646,1.4487884044647217,1.319934606552124,0.9998206696579218,0.00017933034207811882,True,True,False,False,True,True,True,False,False,True,False,top_parent_attack
1,medium_ratio_seed42,medium_mass_ratio_recalibrated,42,sealed_final_ood,benign_ood,40503,cert1m:325553,processed/iotsim-ip-camera-museum-2.csv,1736880270.472907,40553,benign,iotsim-ip-camera-museum-2,0.9768736942773663,0.9598752089907264,0.017046214423948026,0.12856215238571167,1.4848613739013672,1.3562991619110107,0.9998206696579218,0.00017933034207811882,True,True,False,False,True,True,True,False,False,True,False,top_parent_attack
1,medium_ratio_seed42,medium_mass_ratio_recalibrated,42,sealed_final_ood,benign_ood,47822,cert1m:332872,processed/iotsim-ip-camera-museum-2.csv,1736880315.63078,47872,benign,iotsim-ip-camera-museum-2,0.9768736942773663,0.9598752089907264,0.01026822606875949,0.1457275152206421,1.6329818964004517,1.4872543811798096,0.9998206696579218,0.00017933034207811882,True,True,False,False,True,True,True,False,False,True,False,top_parent_attack
1,medium_ratio_seed42,medium_mass_ratio_recalibrated,42,sealed_final_ood,benign_ood,45389,cert1m:330439,processed/iotsim-ip-camera-museum-2.csv,1736880300.555229,45439,benign,iotsim-ip-camera-museum-2,0.9768736942773663,0.9598752089907264,0.01026822606875949,0.13167239725589752,1.5293844938278198,1.3977121114730835,0.9998206696579218,0.00017933034207811882,True,True,False,False,True,True,True,False,False,True,False,top_parent_attack
1,medium_ratio_seed42,medium_mass_ratio_recalibrated,42,sealed_final_ood,benign_ood,46194,cert1m:331244,processed/iotsim-ip-camera-museum-2.csv,1736880305.596092,46244,benign,iotsim-ip-camera-museum-2,0.9768736942773663,0.9598752089907264,0.01026822606875949,0.15031445026397705,1.6801029443740845,1.5297884941101074,0.9998206696579218,0.00017933034207811882,True,True,False,False,True,True,True,False,False,True,False,top_parent_attack
1,medium_ratio_seed42,medium_mass_ratio_recalibrated,42,sealed_final_ood,benign_ood,39051,cert1m:324101,processed/iotsim-ip-camera-museum-2.csv,1736880261.217999,39101,benign,iotsim-ip-camera-museum-2,0.9768736942773663,0.9598752089907264,0.017046214423948026,0.1287202686071396,1.5005898475646973,1.3718695640563965,0.9998206696579218,0.00017933034207811882,True,True,False,False,True,True,True,False,False,True,False,top_parent_attack
1,medium_ratio_seed42,medium_mass_ratio_recalibrated,42,sealed_final_ood,benign_ood,52706,cert1m:337756,processed/iotsim-ip-camera-museum-2.csv,1736880345.668825,52756,benign,iotsim-ip-camera-museum-2,0.9768736942773663,0.9598752089907264,0.01026822606875949,0.14485932886600494,1.6492398977279663,1.5043805837631226,0.9998206696579218,0.00017933034207811882,True,True,False,False,True,True,True,False,False,True,False,top_parent_attack
1,medium_ratio_seed42,medium_mass_ratio_recalibrated,42,sealed_final_ood,benign_ood,59317,cert1m:704417,processed/iotsim-ip-camera-street-2.csv,1736880061.812855,4417,benign,iotsim-ip-camera-street-2,0.9768736942773663,0.9598752089907264,0.01026822606875949,0.19706477224826813,0.8697690367698669,0.67270427942276,0.9998206696579218,0.00017933034207811882,True,True,False,False,True,True,True,False,False,True,False,top_parent_attack
1,medium_ratio_seed42,medium_mass_ratio_recalibrated,42,sealed_final_ood,benign_ood,14076,cert1m:299126,processed/iotsim-ip-camera-museum-2.csv,1736880107.61804,14126,benign,iotsim-ip-camera-museum-2,0.9768736942773663,0.9598752089907264,0.01026822606875949,0.1359613835811615,1.512647271156311,1.3766858577728271,0.9998206696579218,0.00017933034207811882,True,True,False,False,True,True,True,False,False,True,False,top_parent_attack
1,medium_ratio_seed42,medium_mass_ratio_recalibrated,42,sealed_final_ood,benign_ood,67434,cert1m:712534,processed/iotsim-ip-camera-street-2.csv,1736880139.361459,12534,benign,iotsim-ip-camera-street-2,0.9768736942773663,0.9598752089907264,0.01026822606875949,0.19544875621795654,1.5012900829315186,1.305841326713562,0.9998206696579218,0.00017933034207811882,True,True,False,False,True,True,True,False,False,True,False,top_parent_attack
1,medium_ratio_seed42,medium_mass_ratio_recalibrated,42,sealed_final_ood,benign_ood,56234,cert1m:701334,processed/iotsim-ip-camera-street-2.csv,1736880031.842182,1334,benign,iotsim-ip-camera-street-2,0.9768736942773663,0.9598752089907264,0.017046214423948026,0.13386358320713043,0.25273260474205017,0.11886902153491974,0.9998206696579218,0.00017933034207811882,True,True,False,False,True,True,True,False,False,True,False,top_parent_attack
1,medium_ratio_seed42,medium_mass_ratio_recalibrated,42,sealed_final_ood,benign_ood,615,cert1m:285665,processed/iotsim-ip-camera-museum-2.csv,1736880024.911286,665,benign,iotsim-ip-camera-museum-2,0.9768736942773663,0.9598752089907264,0.01026822606875949,0.17138490080833435,0.11874206364154816,-0.052642837166786194,0.9998206696579218,0.00017933034207811882,True,True,False,False,True,True,True,False,False,True,False,top_parent_attack
1,medium_ratio_seed42,medium_mass_ratio_recalibrated,42,sealed_final_ood,benign_ood,17732,cert1m:302782,processed/iotsim-ip-camera-museum-2.csv,1736880130.154919,17782,benign,iotsim-ip-camera-museum-2,0.9768736942773663,0.9598752089907264,0.017046214423948026,0.12816490232944489,1.4381077289581299,1.3099428415298462,0.9998206696579218,0.00017933034207811882,True,True,False,False,True,True,True,False,False,True,False,top_parent_attack
1,medium_ratio_seed42,medium_mass_ratio_recalibrated,42,sealed_final_ood,benign_ood,70785,cert1m:715885,processed/iotsim-ip-camera-street-2.csv,1736880170.081997,15885,benign,iotsim-ip-camera-street-2,0.9768736942773663,0.9598752089907264,0.01026822606875949,0.15421658754348755,1.486275315284729,1.3320586681365967,0.9998206696579218,0.00017933034207811882,True,True,False,False,True,True,True,False,False,True,False,top_parent_attack
1,medium_ratio_seed42,medium_mass_ratio_recalibrated,42,sealed_final_ood,benign_ood,68715,cert1m:713815,processed/iotsim-ip-camera-street-2.csv,1736880152.814233,13815,benign,iotsim-ip-camera-street-2,0.9768736942773663,0.9598752089907264,0.01026822606875949,0.14007332921028137,1.525301218032837,1.385227918624878,0.9998206696579218,0.00017933034207811882,True,True,False,False,True,True,True,False,False,True,False,top_parent_attack
1,medium_ratio_seed42,medium_mass_ratio_recalibrated,42,sealed_final_ood,benign_ood,50263,cert1m:335313,processed/iotsim-ip-camera-museum-2.csv,1736880330.634831,50313,benign,iotsim-ip-camera-museum-2,0.9768736942773663,0.9598752089907264,0.01026822606875949,0.1428479254245758,1.624712347984314,1.4818644523620605,0.9998206696579218,0.00017933034207811882,True,True,False,False,True,True,True,False,False,True,False,top_parent_attack
1,medium_ratio_seed42,medium_mass_ratio_recalibrated,42,sealed_final_ood,benign_ood,42121,cert1m:327171,processed/iotsim-ip-camera-museum-2.csv,1736880280.507508,42171,benign,iotsim-ip-camera-museum-2,0.9768736942773663,0.9598752089907264,0.01026822606875949,0.13956357538700104,1.5885162353515625,1.4489526748657227,0.9998206696579218,0.00017933034207811882,True,True,False,False,True,True,True,False,False,True,False,top_parent_attack
1,medium_ratio_seed42,medium_mass_ratio_recalibrated,42,sealed_final_ood,benign_ood,6338,cert1m:291388,processed/iotsim-ip-camera-museum-2.csv,1736880059.950712,6388,benign,iotsim-ip-camera-museum-2,0.9768736942773663,0.9598752089907264,0.01026822606875949,0.13860338926315308,1.3892302513122559,1.250626802444458,0.9998206696579218,0.00017933034207811882,True,True,False,False,True,True,True,False,False,True,False,top_parent_attack
1,medium_ratio_seed42,medium_mass_ratio_recalibrated,42,sealed_final_ood,benign_ood,7128,cert1m:292178,processed/iotsim-ip-camera-museum-2.csv,1736880064.951496,7178,benign,iotsim-ip-camera-museum-2,0.9768736942773663,0.9598752089907264,0.01026822606875949,0.1536923199892044,1.3772109746932983,1.2235186100006104,0.9998206696579218,0.00017933034207811882,True,True,False,False,True,True,True,False,False,True,False,top_parent_attack
1,medium_ratio_seed42,medium_mass_ratio_recalibrated,42,sealed_final_ood,benign_ood,2257,cert1m:287307,processed/iotsim-ip-camera-museum-2.csv,1736880034.914907,2307,benign,iotsim-ip-camera-museum-2,0.9768736942773663,0.9598752089907264,0.017046214423948026,0.13648323714733124,0.5181458592414856,0.38166260719299316,0.9998206696579218,0.00017933034207811882,True,True,False,False,True,True,True,False,False,True,False,top_parent_attack
1,medium_ratio_seed42,medium_mass_ratio_recalibrated,42,sealed_final_ood,benign_ood,59354,cert1m:704454,processed/iotsim-ip-camera-street-2.csv,1736880062.562529,4454,benign,iotsim-ip-camera-street-2,0.9768736942773663,0.9598752089907264,0.017722441787885387,0.2306513786315918,0.8717868328094482,0.6411354541778564,0.9998206696579218,0.00017933034207811882,True,True,False,False,True,True,True,False,False,True,False,top_parent_attack
1,medium_ratio_seed42,medium_mass_ratio_recalibrated,42,sealed_final_ood,benign_ood,43753,cert1m:328803,processed/iotsim-ip-camera-museum-2.csv,1736880290.512628,43803,benign,iotsim-ip-camera-museum-2,0.9768736942773663,0.9598752089907264,0.01026822606875949,0.1375659853219986,1.5774821043014526,1.4399161338806152,0.9998206696579218,0.00017933034207811882,True,True,False,False,True,True,True,False,False,True,False,top_parent_attack
1,medium_ratio_seed42,medium_mass_ratio_recalibrated,42,sealed_final_ood,benign_ood,31559,cert1m:316609,processed/iotsim-ip-camera-museum-2.csv,1736880215.138299,31609,benign,iotsim-ip-camera-museum-2,0.9768736942773663,0.9598752089907264,0.01026822606875949,0.1380545198917389,1.5769881010055542,1.4389336109161377,0.9998206696579218,0.00017933034207811882,True,True,False,False,True,True,True,False,False,True,False,top_parent_attack
1,medium_ratio_seed42,medium_mass_ratio_recalibrated,42,sealed_final_ood,benign_ood,62251,cert1m:707351,processed/iotsim-ip-camera-street-2.csv,1736880087.075612,7351,benign,iotsim-ip-camera-street-2,0.9768736942773663,0.9598752089907264,0.017046214423948026,0.12623731791973114,1.4215660095214844,1.2953287363052368,0.9998206696579218,0.00017933034207811882,True,True,False,False,True,True,True,False,False,True,False,top_parent_attack
1,medium_ratio_seed42,medium_mass_ratio_recalibrated,42,sealed_final_ood,benign_ood,72342,cert1m:717442,processed/iotsim-ip-camera-street-2.csv,1736880188.205456,17442,benign,iotsim-ip-camera-street-2,0.9768736942773663,0.9598752089907264,0.017046214423948026,0.13045433163642883,1.4405121803283691,1.3100578784942627,0.9998206696579218,0.00017933034207811882,True,True,False,False,True,True,True,False,False,True,False,top_parent_attack
1,medium_ratio_seed42,medium_mass_ratio_recalibrated,42,sealed_final_ood,benign_ood,5514,cert1m:290564,processed/iotsim-ip-camera-museum-2.csv,1736880054.949598,5564,benign,iotsim-ip-camera-museum-2,0.9768736942773663,0.9598752089907264,0.01026822606875949,0.13596424460411072,1.227615237236023,1.0916509628295898,0.9998206696579218,0.00017933034207811882,True,True,False,False,True,True,True,False,False,True,False,top_parent_attack
1,medium_ratio_seed42,medium_mass_ratio_recalibrated,42,sealed_final_ood,benign_ood,63951,cert1m:709051,processed/iotsim-ip-camera-street-2.csv,1736880107.272065,9051,benign,iotsim-ip-camera-street-2,0.9768736942773663,0.9598752089907264,0.017046214423948026,0.1443716585636139,1.4999102354049683,1.3555386066436768,0.9998206696579218,0.00017933034207811882,True,True,False,False,True,True,True,False,False,True,False,top_parent_attack
1,medium_ratio_seed42,medium_mass_ratio_recalibrated,42,sealed_final_ood,benign_ood,21787,cert1m:306837,processed/iotsim-ip-camera-museum-2.csv,1736880155.196438,21837,benign,iotsim-ip-camera-museum-2,0.9768736942773663,0.9598752089907264,0.01026822606875949,0.13424652814865112,1.5162222385406494,1.3819756507873535,0.9998206696579218,0.00017933034207811882,True,True,False,False,True,True,True,False,False,True,False,top_parent_attack
1,medium_ratio_seed42,medium_mass_ratio_recalibrated,42,sealed_final_ood,benign_ood,55557,cert1m:700657,processed/iotsim-ip-camera-street-2.csv,1736880026.412648,657,benign,iotsim-ip-camera-street-2,0.9768736942773663,0.9598752089907264,0.017046214423948026,0.15624769032001495,0.11940734088420868,-0.036840349435806274,0.9998206696579218,0.00017933034207811882,True,True,False,False,True,True,True,False,False,True,False,top_parent_attack
1,medium_ratio_seed42,medium_mass_ratio_recalibrated,42,sealed_final_ood,benign_ood,69244,cert1m:714344,processed/iotsim-ip-camera-street-2.csv,1736880157.871888,14344,benign,iotsim-ip-camera-street-2,0.9768736942773663,0.9598752089907264,0.017046214423948026,0.12787947058677673,1.4129767417907715,1.2850972414016724,0.9998206696579218,0.00017933034207811882,True,True,False,False,True,True,True,False,False,True,False,top_parent_attack
1,medium_ratio_seed42,medium_mass_ratio_recalibrated,42,sealed_final_ood,benign_ood,28297,cert1m:313347,processed/iotsim-ip-camera-museum-2.csv,1736880195.307888,28347,benign,iotsim-ip-camera-museum-2,0.9768736942773663,0.9598752089907264,0.00615633276678626,0.13109029829502106,1.9246183633804321,1.7935280799865723,0.9998206696579218,0.00017933034207811882,True,True,False,False,True,True,True,False,False,True,False,top_parent_attack
1,medium_ratio_seed42,medium_mass_ratio_recalibrated,42,sealed_final_ood,benign_ood,8791,cert1m:293841,processed/iotsim-ip-camera-museum-2.csv,1736880074.955558,8841,benign,iotsim-ip-camera-museum-2,0.9768736942773663,0.9598752089907264,0.01026822606875949,0.14713817834854126,1.4364694356918335,1.2893311977386475,0.9998206696579218,0.00017933034207811882,True,True,False,False,True,True,True,False,False,True,False,top_parent_attack
1,medium_ratio_seed42,medium_mass_ratio_recalibrated,42,sealed_final_ood,benign_ood,4685,cert1m:289735,processed/iotsim-ip-camera-museum-2.csv,1736880049.948037,4735,benign,iotsim-ip-camera-museum-2,0.9768736942773663,0.9598752089907264,0.01026822606875949,0.15121234953403473,1.058595061302185,0.9073827266693115,0.9998206696579218,0.00017933034207811882,True,True,False,False,True,True,True,False,False,True,False,top_parent_attack
1,medium_ratio_seed42,medium_mass_ratio_recalibrated,42,sealed_final_ood,benign_ood,53961,cert1m:339011,processed/iotsim-ip-camera-museum-2.csv,1736880353.378806,54011,benign,iotsim-ip-camera-museum-2,0.9768736942773663,0.9598752089907264,0.01026822606875949,0.14027388393878937,1.6140183210372925,1.4737443923950195,0.9998206696579218,0.00017933034207811882,True,True,False,False,True,True,True,False,False,True,False,top_parent_attack
1,medium_ratio_seed42,medium_mass_ratio_recalibrated,42,sealed_final_ood,benign_ood,9590,cert1m:294640,processed/iotsim-ip-camera-museum-2.csv,1736880079.987664,9640,benign,iotsim-ip-camera-museum-2,0.9768736942773663,0.9598752089907264,0.01026822606875949,0.14211054146289825,1.4649579524993896,1.3228473663330078,0.9998206696579218,0.00017933034207811882,True,True,False,False,True,True,True,False,False,True,False,top_parent_attack
1,medium_ratio_seed42,medium_mass_ratio_recalibrated,42,sealed_final_ood,benign_ood,12831,cert1m:297881,processed/iotsim-ip-camera-museum-2.csv,1736880100.034912,12881,benign,iotsim-ip-camera-museum-2,0.9768736942773663,0.9598752089907264,0.01026822606875949,0.13865821063518524,1.525131344795227,1.3864731788635254,0.9998206696579218,0.00017933034207811882,True,True,False,False,True,True,True,False,False,True,False,top_parent_attack
1,medium_ratio_seed42,medium_mass_ratio_recalibrated,42,sealed_final_ood,benign_ood,71482,cert1m:716582,processed/iotsim-ip-camera-street-2.csv,1736880178.081539,16582,benign,iotsim-ip-camera-street-2,0.9768736942773663,0.9598752089907264,0.01026822606875949,0.14106060564517975,1.515551209449768,1.3744906187057495,0.9998206696579218,0.00017933034207811882,True,True,False,False,True,True,True,False,False,True,False,top_parent_attack
1,medium_ratio_seed42,medium_mass_ratio_recalibrated,42,sealed_final_ood,benign_ood,27483,cert1m:312533,processed/iotsim-ip-camera-museum-2.csv,1736880190.276199,27533,benign,iotsim-ip-camera-museum-2,0.9768736942773663,0.9598752089907264,0.01026822606875949,0.13914301991462708,1.5589725971221924,1.4198296070098877,0.9998206696579218,0.00017933034207811882,True,True,False,False,True,True,True,False,False,True,False,top_parent_attack
1,medium_ratio_seed42,medium_mass_ratio_recalibrated,42,sealed_final_ood,benign_ood,72872,cert1m:717972,processed/iotsim-ip-camera-street-2.csv,1736880193.212084,17972,benign,iotsim-ip-camera-street-2,0.9768736942773663,0.9598752089907264,0.01026822606875949,0.1473170667886734,1.5324037075042725,1.3850866556167603,0.9998206696579218,0.00017933034207811882,True,True,False,False,True,True,True,False,False,True,False,top_parent_attack
1,medium_ratio_seed42,medium_mass_ratio_recalibrated,42,sealed_final_ood,benign_ood,65927,cert1m:711027,processed/iotsim-ip-camera-street-2.csv,1736880124.00123,11027,benign,iotsim-ip-camera-street-2,0.9768736942773663,0.9598752089907264,0.01026822606875949,0.1366487294435501,1.5135269165039062,1.3768781423568726,0.9998206696579218,0.00017933034207811882,True,True,False,False,True,True,True,False,False,True,False,top_parent_attack
1,medium_ratio_seed42,medium_mass_ratio_recalibrated,42,sealed_final_ood,benign_ood,36546,cert1m:321596,processed/iotsim-ip-camera-museum-2.csv,1736880245.857208,36596,benign,iotsim-ip-camera-museum-2,0.9768736942773663,0.9598752089907264,0.01026822606875949,0.135920912027359,1.557999849319458,1.4220789670944214,0.9998206696579218,0.00017933034207811882,True,True,False,False,True,True,True,False,False,True,False,top_parent_attack
1,medium_ratio_seed42,medium_mass_ratio_recalibrated,42,sealed_final_ood,benign_ood,33178,cert1m:318228,processed/iotsim-ip-camera-museum-2.csv,1736880225.34773,33228,benign,iotsim-ip-camera-museum-2,0.9768736942773663,0.9598752089907264,0.00615633276678626,0.13393168151378632,1.9426687955856323,1.8087371587753296,0.9998206696579218,0.00017933034207811882,True,True,False,False,True,True,True,False,False,True,False,top_parent_attack
1,medium_ratio_seed42,medium_mass_ratio_recalibrated,42,sealed_final_ood,benign_ood,13689,cert1m:298739,processed/iotsim-ip-camera-museum-2.csv,1736880105.036373,13739,benign,iotsim-ip-camera-museum-2,0.9768736942773663,0.9598752089907264,0.017046214423948026,0.1384812444448471,1.488256812095642,1.3497755527496338,0.9998206696579218,0.00017933034207811882,True,True,False,False,True,True,True,False,False,True,False,top_parent_attack
1,medium_ratio_seed42,medium_mass_ratio_recalibrated,42,sealed_final_ood,benign_ood,49481,cert1m:334531,processed/iotsim-ip-camera-museum-2.csv,1736880325.633707,49531,benign,iotsim-ip-camera-museum-2,0.9768736942773663,0.9598752089907264,0.01026822606875949,0.14381667971611023,1.6381112337112427,1.49429452419281,0.9998206696579218,0.00017933034207811882,True,True,False,False,True,True,True,False,False,True,False,top_parent_attack
1,medium_ratio_seed42,medium_mass_ratio_recalibrated,42,sealed_final_ood,benign_ood,56168,cert1m:701268,processed/iotsim-ip-camera-street-2.csv,1736880031.479958,1268,benign,iotsim-ip-camera-street-2,0.9768736942773663,0.9598752089907264,0.017046214423948026,0.14173945784568787,0.23871801793575287,0.096978560090065,0.9998206696579218,0.00017933034207811882,True,True,False,False,True,True,True,False,False,True,False,top_parent_attack
1,medium_ratio_seed42,medium_mass_ratio_recalibrated,42,sealed_final_ood,benign_ood,21574,cert1m:306624,processed/iotsim-ip-camera-museum-2.csv,1736880153.698307,21624,benign,iotsim-ip-camera-museum-2,0.9768736942773663,0.9598752089907264,0.01026822606875949,0.13834331929683685,1.5497056245803833,1.4113622903823853,0.9998206696579218,0.00017933034207811882,True,True,False,False,True,True,True,False,False,True,False,top_parent_attack
1,medium_ratio_seed42,medium_mass_ratio_recalibrated,42,sealed_final_ood,benign_ood,62873,cert1m:707973,processed/iotsim-ip-camera-street-2.csv,1736880093.281714,7973,benign,iotsim-ip-camera-street-2,0.9768736942773663,0.9598752089907264,0.017046214423948026,0.13499757647514343,1.4886618852615356,1.3536642789840698,0.9998206696579218,0.00017933034207811882,True,True,False,False,True,True,True,False,False,True,False,top_parent_attack
1,medium_ratio_seed42,medium_mass_ratio_recalibrated,42,sealed_final_ood,benign_ood,48636,cert1m:333686,processed/iotsim-ip-camera-museum-2.csv,1736880320.63272,48686,benign,iotsim-ip-camera-museum-2,0.9768736942773663,0.9598752089907264,0.01026822606875949,0.13381150364875793,1.549994707107544,1.4161832332611084,0.9998206696579218,0.00017933034207811882,True,True,False,False,True,True,True,False,False,True,False,top_parent_attack
1,medium_ratio_seed42,medium_mass_ratio_recalibrated,42,sealed_final_ood,benign_ood,60863,cert1m:705963,processed/iotsim-ip-camera-street-2.csv,1736880076.947196,5963,benign,iotsim-ip-camera-street-2,0.9768736942773663,0.9598752089907264,0.01026822606875949,0.1587924361228943,1.1506638526916504,0.9918714165687561,0.9998206696579218,0.00017933034207811882,True,True,False,False,True,True,True,False,False,True,False,top_parent_attack
1,medium_ratio_seed42,medium_mass_ratio_recalibrated,42,sealed_final_ood,benign_ood,72004,cert1m:717104,processed/iotsim-ip-camera-street-2.csv,1736880185.442364,17104,benign,iotsim-ip-camera-street-2,0.9768736942773663,0.9598752089907264,0.017046214423948026,0.13041046261787415,1.407978892326355,1.2775684595108032,0.9998206696579218,0.00017933034207811882,True,True,False,False,True,True,True,False,False,True,False,top_parent_attack
1,medium_ratio_seed42,medium_mass_ratio_recalibrated,42,sealed_final_ood,benign_ood,77054,cert1m:722154,processed/iotsim-ip-camera-street-2.csv,1736880233.613061,22154,benign,iotsim-ip-camera-street-2,0.9768736942773663,0.9598752089907264,0.01026822606875949,0.13741832971572876,1.5076135396957397,1.3701951503753662,0.9998206696579218,0.00017933034207811882,True,True,False,False,True,True,True,False,False,True,False,top_parent_attack
1,medium_ratio_seed42,medium_mass_ratio_recalibrated,42,sealed_final_ood,benign_ood,10394,cert1m:295444,processed/iotsim-ip-camera-museum-2.csv,1736880084.990528,10444,benign,iotsim-ip-camera-museum-2,0.9768736942773663,0.9598752089907264,0.017046214423948026,0.13405953347682953,1.4845054149627686,1.3504458665847778,0.9998206696579218,0.00017933034207811882,True,True,False,False,True,True,True,False,False,True,False,top_parent_attack
1,medium_ratio_seed42,medium_mass_ratio_recalibrated,42,sealed_final_ood,benign_ood,154893,cert1m:799993,processed/iotsim-ip-camera-street-2.csv,1736880988.543001,99993,benign,iotsim-ip-camera-street-2,0.95145989269624,0.9344614074096002,0.017722441787885387,0.12719514966011047,1.2120357751846313,1.0848406553268433,0.9998206696579218,0.00017933034207811882,True,True,False,False,True,True,True,False,False,True,False,lowest_temporal_ood_risk
1,medium_ratio_seed42,medium_mass_ratio_recalibrated,42,sealed_final_ood,benign_ood,154892,cert1m:799992,processed/iotsim-ip-camera-street-2.csv,1736880988.542986,99992,benign,iotsim-ip-camera-street-2,0.95145989269624,0.9344614074096002,0.017722441787885387,0.12728963792324066,1.2176074981689453,1.0903178453445435,0.9998206696579218,0.00017933034207811882,True,True,False,False,True,True,True,False,False,True,False,lowest_temporal_ood_risk
1,medium_ratio_seed42,medium_mass_ratio_recalibrated,42,sealed_final_ood,benign_ood,154891,cert1m:799991,processed/iotsim-ip-camera-street-2.csv,1736880988.542977,99991,benign,iotsim-ip-camera-street-2,0.95145989269624,0.9344614074096002,0.017722441787885387,0.12739889323711395,1.2235147953033447,1.0961159467697144,0.9998206696579218,0.00017933034207811882,True,True,False,False,True,True,True,False,False,True,False,lowest_temporal_ood_risk
1,medium_ratio_seed42,medium_mass_ratio_recalibrated,42,sealed_final_ood,benign_ood,154890,cert1m:799990,processed/iotsim-ip-camera-street-2.csv,1736880988.542968,99990,benign,iotsim-ip-camera-street-2,0.95145989269624,0.9344614074096002,0.017722441787885387,0.1275247186422348,1.2297865152359009,1.1022617816925049,0.9998206696579218,0.00017933034207811882,True,True,False,False,True,True,True,False,False,True,False,lowest_temporal_ood_risk
1,medium_ratio_seed42,medium_mass_ratio_recalibrated,42,sealed_final_ood,benign_ood,154889,cert1m:799989,processed/iotsim-ip-camera-street-2.csv,1736880988.542954,99989,benign,iotsim-ip-camera-street-2,0.95145989269624,0.9344614074096002,0.017722441787885387,0.1276690661907196,1.2364548444747925,1.1087857484817505,0.9998206696579218,0.00017933034207811882,True,True,False,False,True,True,True,False,False,True,False,lowest_temporal_ood_risk
1,medium_ratio_seed42,medium_mass_ratio_recalibrated,42,sealed_final_ood,benign_ood,154888,cert1m:799988,processed/iotsim-ip-camera-street-2.csv,1736880988.542945,99988,benign,iotsim-ip-camera-street-2,0.95145989269624,0.9344614074096002,0.017722441787885387,0.1278342604637146,1.2435550689697266,1.1157207489013672,0.9998206696579218,0.00017933034207811882,True,True,False,False,True,True,True,False,False,True,False,lowest_temporal_ood_risk
1,medium_ratio_seed42,medium_mass_ratio_recalibrated,42,sealed_final_ood,benign_ood,154887,cert1m:799987,processed/iotsim-ip-camera-street-2.csv,1736880988.542935,99987,benign,iotsim-ip-camera-street-2,0.95145989269624,0.9344614074096002,0.017722441787885387,0.1280229091644287,1.251127004623413,1.1231040954589844,0.9998206696579218,0.00017933034207811882,True,True,False,False,True,True,True,False,False,True,False,lowest_temporal_ood_risk
1,medium_ratio_seed42,medium_mass_ratio_recalibrated,42,sealed_final_ood,benign_ood,154886,cert1m:799986,processed/iotsim-ip-camera-street-2.csv,1736880988.542921,99986,benign,iotsim-ip-camera-street-2,0.95145989269624,0.9344614074096002,0.017722441787885387,0.1282380223274231,1.259215235710144,1.1309771537780762,0.9998206696579218,0.00017933034207811882,True,True,False,False,True,True,True,False,False,True,False,lowest_temporal_ood_risk
1,medium_ratio_seed42,medium_mass_ratio_recalibrated,42,sealed_final_ood,benign_ood,154885,cert1m:799985,processed/iotsim-ip-camera-street-2.csv,1736880988.542912,99985,benign,iotsim-ip-camera-street-2,0.95145989269624,0.9344614074096002,0.017722441787885387,0.12848304212093353,1.2678697109222412,1.1393866539001465,0.9998206696579218,0.00017933034207811882,True,True,False,False,True,True,True,False,False,True,False,lowest_temporal_ood_risk
1,medium_ratio_seed42,medium_mass_ratio_recalibrated,42,sealed_final_ood,benign_ood,154884,cert1m:799984,processed/iotsim-ip-camera-street-2.csv,1736880988.542898,99984,benign,iotsim-ip-camera-street-2,0.95145989269624,0.9344614074096002,0.017722441787885387,0.12876194715499878,1.277146816253662,1.1483848094940186,0.9998206696579218,0.00017933034207811882,True,True,False,False,True,True,True,False,False,True,False,lowest_temporal_ood_risk
1,medium_ratio_seed42,medium_mass_ratio_recalibrated,42,sealed_final_ood,benign_ood,154883,cert1m:799983,processed/iotsim-ip-camera-street-2.csv,1736880988.542889,99983,benign,iotsim-ip-camera-street-2,0.95145989269624,0.9344614074096002,0.017722441787885387,0.12907937169075012,1.2871097326278687,1.158030390739441,0.9998206696579218,0.00017933034207811882,True,True,False,False,True,True,True,False,False,True,False,lowest_temporal_ood_risk
1,medium_ratio_seed42,medium_mass_ratio_recalibrated,42,sealed_final_ood,benign_ood,154882,cert1m:799982,processed/iotsim-ip-camera-street-2.csv,1736880988.54288,99982,benign,iotsim-ip-camera-street-2,0.95145989269624,0.9344614074096002,0.017722441787885387,0.12944063544273376,1.2978307008743286,1.1683900356292725,0.9998206696579218,0.00017933034207811882,True,True,False,False,True,True,True,False,False,True,False,lowest_temporal_ood_risk
1,medium_ratio_seed42,medium_mass_ratio_recalibrated,42,sealed_final_ood,benign_ood,154881,cert1m:799981,processed/iotsim-ip-camera-street-2.csv,1736880988.542867,99981,benign,iotsim-ip-camera-street-2,0.95145989269624,0.9344614074096002,0.017722441787885387,0.12985199689865112,1.3093912601470947,1.1795392036437988,0.9998206696579218,0.00017933034207811882,True,True,False,False,True,True,True,False,False,True,False,lowest_temporal_ood_risk
1,medium_ratio_seed42,medium_mass_ratio_recalibrated,42,sealed_final_ood,benign_ood,154880,cert1m:799980,processed/iotsim-ip-camera-street-2.csv,1736880988.542853,99980,benign,iotsim-ip-camera-street-2,0.95145989269624,0.9344614074096002,0.017722441787885387,0.13032075762748718,1.321884274482727,1.1915634870529175,0.9998206696579218,0.00017933034207811882,True,True,False,False,True,True,True,False,False,True,False,lowest_temporal_ood_risk
1,medium_ratio_seed42,medium_mass_ratio_recalibrated,42,sealed_final_ood,benign_ood,154879,cert1m:799979,processed/iotsim-ip-camera-street-2.csv,1736880988.542844,99979,benign,iotsim-ip-camera-street-2,0.95145989269624,0.9344614074096002,0.017722441787885387,0.1308554708957672,1.3354157209396362,1.2045602798461914,0.9998206696579218,0.00017933034207811882,True,True,False,False,True,True,True,False,False,True,False,lowest_temporal_ood_risk
1,medium_ratio_seed42,medium_mass_ratio_recalibrated,42,sealed_final_ood,benign_ood,154878,cert1m:799978,processed/iotsim-ip-camera-street-2.csv,1736880988.542829,99978,benign,iotsim-ip-camera-street-2,0.95145989269624,0.9344614074096002,0.017722441787885387,0.1314663141965866,1.3501067161560059,1.2186404466629028,0.9998206696579218,0.00017933034207811882,True,True,False,False,True,True,True,False,False,True,False,lowest_temporal_ood_risk
1,medium_ratio_seed42,medium_mass_ratio_recalibrated,42,sealed_final_ood,benign_ood,15,cert1m:285065,processed/iotsim-ip-camera-museum-2.csv,1736880021.068602,65,benign,iotsim-ip-camera-museum-2,0.95145989269624,0.9344614074096002,0.017722441787885387,0.11648647487163544,0.19598829746246338,0.07950182259082794,0.9998206696579218,0.00017933034207811882,True,True,False,False,True,True,True,False,False,True,False,lowest_temporal_ood_risk
1,medium_ratio_seed42,medium_mass_ratio_recalibrated,42,sealed_final_ood,benign_ood,14,cert1m:285064,processed/iotsim-ip-camera-museum-2.csv,1736880021.068595,64,benign,iotsim-ip-camera-museum-2,0.95145989269624,0.9344614074096002,0.017722441787885387,0.1148853674530983,0.19654832780361176,0.08166296035051346,0.9998206696579218,0.00017933034207811882,True,True,False,False,True,True,True,False,False,True,False,lowest_temporal_ood_risk
1,medium_ratio_seed42,medium_mass_ratio_recalibrated,42,sealed_final_ood,benign_ood,13,cert1m:285063,processed/iotsim-ip-camera-museum-2.csv,1736880021.068587,63,benign,iotsim-ip-camera-museum-2,0.95145989269624,0.9344614074096002,0.017722441787885387,0.11543047428131104,0.19710856676101685,0.08167809247970581,0.9998206696579218,0.00017933034207811882,True,True,False,False,True,True,True,False,False,True,False,lowest_temporal_ood_risk
1,medium_ratio_seed42,medium_mass_ratio_recalibrated,42,sealed_final_ood,benign_ood,12,cert1m:285062,processed/iotsim-ip-camera-museum-2.csv,1736880021.068575,62,benign,iotsim-ip-camera-museum-2,0.95145989269624,0.9344614074096002,0.017722441787885387,0.11601398885250092,0.19766885042190552,0.0816548615694046,0.9998206696579218,0.00017933034207811882,True,True,False,False,True,True,True,False,False,True,False,lowest_temporal_ood_risk
1,medium_ratio_seed42,medium_mass_ratio_recalibrated,42,sealed_final_ood,benign_ood,11,cert1m:285061,processed/iotsim-ip-camera-museum-2.csv,1736880021.068564,61,benign,iotsim-ip-camera-museum-2,0.95145989269624,0.9344614074096002,0.017722441787885387,0.11663872748613358,0.1982293426990509,0.08159061521291733,0.9998206696579218,0.00017933034207811882,True,True,False,False,True,True,True,False,False,True,False,lowest_temporal_ood_risk
1,medium_ratio_seed42,medium_mass_ratio_recalibrated,42,sealed_final_ood,benign_ood,10,cert1m:285060,processed/iotsim-ip-camera-museum-2.csv,1736880021.068469,60,benign,iotsim-ip-camera-museum-2,0.95145989269624,0.9344614074096002,0.017722441787885387,0.1173076182603836,0.19878795742988586,0.08148033916950226,0.9998206696579218,0.00017933034207811882,True,True,False,False,True,True,True,False,False,True,False,lowest_temporal_ood_risk
1,medium_ratio_seed42,medium_mass_ratio_recalibrated,42,sealed_final_ood,benign_ood,9,cert1m:285059,processed/iotsim-ip-camera-museum-2.csv,1736880021.06846,59,benign,iotsim-ip-camera-museum-2,0.95145989269624,0.9344614074096002,0.017722441787885387,0.11802423745393753,0.19934885203838348,0.08132461458444595,0.9998206696579218,0.00017933034207811882,True,True,False,False,True,True,True,False,False,True,False,lowest_temporal_ood_risk
1,medium_ratio_seed42,medium_mass_ratio_recalibrated,42,sealed_final_ood,benign_ood,8,cert1m:285058,processed/iotsim-ip-camera-museum-2.csv,1736880021.068452,58,benign,iotsim-ip-camera-museum-2,0.95145989269624,0.9344614074096002,0.017722441787885387,0.1187921017408371,0.199909970164299,0.08111786842346191,0.9998206696579218,0.00017933034207811882,True,True,False,False,True,True,True,False,False,True,False,lowest_temporal_ood_risk
1,medium_ratio_seed42,medium_mass_ratio_recalibrated,42,sealed_final_ood,benign_ood,7,cert1m:285057,processed/iotsim-ip-camera-museum-2.csv,1736880021.068441,57,benign,iotsim-ip-camera-museum-2,0.95145989269624,0.9344614074096002,0.017722441787885387,0.11961519718170166,0.2004711925983429,0.08085599541664124,0.9998206696579218,0.00017933034207811882,True,True,False,False,True,True,True,False,False,True,False,lowest_temporal_ood_risk
1,medium_ratio_seed42,medium_mass_ratio_recalibrated,42,sealed_final_ood,benign_ood,6,cert1m:285056,processed/iotsim-ip-camera-museum-2.csv,1736880021.068433,56,benign,iotsim-ip-camera-museum-2,0.95145989269624,0.9344614074096002,0.017722441787885387,0.12049784511327744,0.20103266835212708,0.08053482323884964,0.9998206696579218,0.00017933034207811882,True,True,False,False,True,True,True,False,False,True,False,lowest_temporal_ood_risk
1,medium_ratio_seed42,medium_mass_ratio_recalibrated,42,sealed_final_ood,benign_ood,5,cert1m:285055,processed/iotsim-ip-camera-museum-2.csv,1736880021.068424,55,benign,iotsim-ip-camera-museum-2,0.95145989269624,0.9344614074096002,0.017722441787885387,0.12144481390714645,0.201594278216362,0.08014946430921555,0.9998206696579218,0.00017933034207811882,True,True,False,False,True,True,True,False,False,True,False,lowest_temporal_ood_risk
1,medium_ratio_seed42,medium_mass_ratio_recalibrated,42,sealed_final_ood,benign_ood,4,cert1m:285054,processed/iotsim-ip-camera-museum-2.csv,1736880021.068413,54,benign,iotsim-ip-camera-museum-2,0.95145989269624,0.9344614074096002,0.017722441787885387,0.12246132642030716,0.20215603709220886,0.0796947106719017,0.9998206696579218,0.00017933034207811882,True,True,False,False,True,True,True,False,False,True,False,lowest_temporal_ood_risk
1,medium_ratio_seed42,medium_mass_ratio_recalibrated,42,sealed_final_ood,benign_ood,3,cert1m:285053,processed/iotsim-ip-camera-museum-2.csv,1736880021.068402,53,benign,iotsim-ip-camera-museum-2,0.9476297202882511,0.9306312350016113,0.017722441787885387,0.12355313450098038,0.20271794497966766,0.07916481047868729,0.9998206696579218,0.00017933034207811882,True,True,False,False,True,True,True,False,False,True,False,lowest_temporal_ood_risk
1,medium_ratio_seed42,medium_mass_ratio_recalibrated,42,sealed_final_ood,benign_ood,2,cert1m:285052,processed/iotsim-ip-camera-museum-2.csv,1736880021.068391,52,benign,iotsim-ip-camera-museum-2,0.9476297202882511,0.9306312350016113,0.017722441787885387,0.12472657114267349,0.20328004658222198,0.07855347543954849,0.9998206696579218,0.00017933034207811882,True,True,False,False,True,True,True,False,False,True,False,lowest_temporal_ood_risk
1,medium_ratio_seed42,medium_mass_ratio_recalibrated,42,sealed_final_ood,benign_ood,1,cert1m:285051,processed/iotsim-ip-camera-museum-2.csv,1736880021.068383,51,benign,iotsim-ip-camera-museum-2,0.9476297202882511,0.9306312350016113,0.017722441787885387,0.1259886473417282,0.20384234189987183,0.07785369455814362,0.9998206696579218,0.00017933034207811882,True,True,False,False,True,True,True,False,False,True,False,lowest_temporal_ood_risk
1,medium_ratio_seed42,medium_mass_ratio_recalibrated,42,sealed_final_ood,benign_ood,154894,cert1m:799994,processed/iotsim-ip-camera-street-2.csv,1736880988.54301,99994,benign,iotsim-ip-camera-street-2,0.95145989269624,0.9344614074096002,0.017722441787885387,0.12711389362812042,1.2067739963531494,1.0796600580215454,0.9998206696579218,0.00017933034207811882,True,True,False,False,True,True,True,False,False,True,False,lowest_temporal_ood_risk
1,medium_ratio_seed42,medium_mass_ratio_recalibrated,42,sealed_final_ood,benign_ood,47,cert1m:285097,processed/iotsim-ip-camera-museum-2.csv,1736880021.31036,97,benign,iotsim-ip-camera-museum-2,0.95145989269624,0.9344614074096002,0.017722441787885387,0.12333826720714569,0.18470264971256256,0.06136438250541687,0.9998206696579218,0.00017933034207811882,True,True,False,False,True,True,True,False,False,True,False,lowest_temporal_ood_risk
1,medium_ratio_seed42,medium_mass_ratio_recalibrated,42,sealed_final_ood,benign_ood,46,cert1m:285096,processed/iotsim-ip-camera-museum-2.csv,1736880021.310312,96,benign,iotsim-ip-camera-museum-2,0.95145989269624,0.9344614074096002,0.017722441787885387,0.1232670322060585,0.18526151776313782,0.061994485557079315,0.9998206696579218,0.00017933034207811882,True,True,False,False,True,True,True,False,False,True,False,lowest_temporal_ood_risk
1,medium_ratio_seed42,medium_mass_ratio_recalibrated,42,sealed_final_ood,benign_ood,45,cert1m:285095,processed/iotsim-ip-camera-museum-2.csv,1736880021.270044,95,benign,iotsim-ip-camera-museum-2,0.95145989269624,0.9344614074096002,0.017722441787885387,0.12391651421785355,0.18454115092754364,0.060624636709690094,0.9998206696579218,0.00017933034207811882,True,True,False,False,True,True,True,False,False,True,False,lowest_temporal_ood_risk
1,medium_ratio_seed42,medium_mass_ratio_recalibrated,42,sealed_final_ood,benign_ood,44,cert1m:285094,processed/iotsim-ip-camera-museum-2.csv,1736880021.270032,94,benign,iotsim-ip-camera-museum-2,0.95145989269624,0.9344614074096002,0.017722441787885387,0.12239991873502731,0.18510036170482635,0.06270044296979904,0.9998206696579218,0.00017933034207811882,True,True,False,False,True,True,True,False,False,True,False,lowest_temporal_ood_risk
1,medium_ratio_seed42,medium_mass_ratio_recalibrated,42,sealed_final_ood,benign_ood,43,cert1m:285093,processed/iotsim-ip-camera-museum-2.csv,1736880021.269996,93,benign,iotsim-ip-camera-museum-2,0.95145989269624,0.9344614074096002,0.017722441787885387,0.12309207022190094,0.1856589913368225,0.06256692111492157,0.9998206696579218,0.00017933034207811882,True,True,False,False,True,True,True,False,False,True,False,lowest_temporal_ood_risk
1,medium_ratio_seed42,medium_mass_ratio_recalibrated,42,sealed_final_ood,benign_ood,42,cert1m:285092,processed/iotsim-ip-camera-museum-2.csv,1736880021.229911,92,benign,iotsim-ip-camera-museum-2,0.95145989269624,0.9344614074096002,0.017722441787885387,0.12374396622180939,0.18490055203437805,0.061156585812568665,0.9998206696579218,0.00017933034207811882,True,True,False,False,True,True,True,False,False,True,False,lowest_temporal_ood_risk
1,medium_ratio_seed42,medium_mass_ratio_recalibrated,42,sealed_final_ood,benign_ood,41,cert1m:285091,processed/iotsim-ip-camera-museum-2.csv,1736880021.229895,91,benign,iotsim-ip-camera-museum-2,0.95145989269624,0.9344614074096002,0.017722441787885387,0.11470942199230194,0.1854589432477951,0.07074952125549316,0.9998206696579218,0.00017933034207811882,True,True,False,False,True,True,True,False,False,True,False,lowest_temporal_ood_risk
1,medium_ratio_seed42,medium_mass_ratio_recalibrated,42,sealed_final_ood,benign_ood,40,cert1m:285090,processed/iotsim-ip-camera-museum-2.csv,1736880021.229883,90,benign,iotsim-ip-camera-museum-2,0.95145989269624,0.9344614074096002,0.017722441787885387,0.1150875836610794,0.1860176920890808,0.0709301084280014,0.9998206696579218,0.00017933034207811882,True,True,False,False,True,True,True,False,False,True,False,lowest_temporal_ood_risk
1,medium_ratio_seed42,medium_mass_ratio_recalibrated,42,sealed_final_ood,benign_ood,39,cert1m:285089,processed/iotsim-ip-camera-museum-2.csv,1736880021.229869,89,benign,iotsim-ip-camera-museum-2,0.95145989269624,0.9344614074096002,0.017722441787885387,0.11548628658056259,0.18657657504081726,0.07109028846025467,0.9998206696579218,0.00017933034207811882,True,True,False,False,True,True,True,False,False,True,False,lowest_temporal_ood_risk
1,medium_ratio_seed42,medium_mass_ratio_recalibrated,42,sealed_final_ood,benign_ood,38,cert1m:285088,processed/iotsim-ip-camera-museum-2.csv,1736880021.229833,88,benign,iotsim-ip-camera-museum-2,0.95145989269624,0.9344614074096002,0.017722441787885387,0.11590669304132462,0.18713495135307312,0.0712282583117485,0.9998206696579218,0.00017933034207811882,True,True,False,False,True,True,True,False,False,True,False,lowest_temporal_ood_risk
1,medium_ratio_seed42,medium_mass_ratio_recalibrated,42,sealed_final_ood,benign_ood,37,cert1m:285087,processed/iotsim-ip-camera-museum-2.csv,1736880021.229819,87,benign,iotsim-ip-camera-museum-2,0.95145989269624,0.9344614074096002,0.017722441787885387,0.11635024100542068,0.1876942664384842,0.07134402543306351,0.9998206696579218,0.00017933034207811882,True,True,False,False,True,True,True,False,False,True,False,lowest_temporal_ood_risk
1,medium_ratio_seed42,medium_mass_ratio_recalibrated,42,sealed_final_ood,benign_ood,36,cert1m:285086,processed/iotsim-ip-camera-museum-2.csv,1736880021.229802,86,benign,iotsim-ip-camera-museum-2,0.95145989269624,0.9344614074096002,0.017722441787885387,0.11681830883026123,0.18825364112854004,0.07143533229827881,0.9998206696579218,0.00017933034207811882,True,True,False,False,True,True,True,False,False,True,False,lowest_temporal_ood_risk
1,medium_ratio_seed42,medium_mass_ratio_recalibrated,42,sealed_final_ood,benign_ood,35,cert1m:285085,processed/iotsim-ip-camera-museum-2.csv,1736880021.229791,85,benign,iotsim-ip-camera-museum-2,0.95145989269624,0.9344614074096002,0.017722441787885387,0.1173124611377716,0.18881343305110931,0.07150097191333771,0.9998206696579218,0.00017933034207811882,True,True,False,False,True,True,True,False,False,True,False,lowest_temporal_ood_risk
1,medium_ratio_seed42,medium_mass_ratio_recalibrated,42,sealed_final_ood,benign_ood,34,cert1m:285084,processed/iotsim-ip-camera-museum-2.csv,1736880021.229777,84,benign,iotsim-ip-camera-museum-2,0.95145989269624,0.9344614074096002,0.017722441787885387,0.11783432960510254,0.18937331438064575,0.07153898477554321,0.9998206696579218,0.00017933034207811882,True,True,False,False,True,True,True,False,False,True,False,lowest_temporal_ood_risk
1,medium_ratio_seed42,medium_mass_ratio_recalibrated,42,sealed_final_ood,benign_ood,33,cert1m:285083,processed/iotsim-ip-camera-museum-2.csv,1736880021.22976,83,benign,iotsim-ip-camera-museum-2,0.95145989269624,0.9344614074096002,0.017722441787885387,0.11838574707508087,0.18993331491947174,0.07154756784439087,0.9998206696579218,0.00017933034207811882,True,True,False,False,True,True,True,False,False,True,False,lowest_temporal_ood_risk
1,medium_ratio_seed42,medium_mass_ratio_recalibrated,42,sealed_final_ood,benign_ood,32,cert1m:285082,processed/iotsim-ip-camera-museum-2.csv,1736880021.229748,82,benign,iotsim-ip-camera-museum-2,0.95145989269624,0.9344614074096002,0.017722441787885387,0.1189686730504036,0.190493643283844,0.0715249702334404,0.9998206696579218,0.00017933034207811882,True,True,False,False,True,True,True,False,False,True,False,lowest_temporal_ood_risk
1,medium_ratio_seed42,medium_mass_ratio_recalibrated,42,sealed_final_ood,benign_ood,63,cert1m:285113,processed/iotsim-ip-camera-museum-2.csv,1736880021.391114,113,benign,iotsim-ip-camera-museum-2,0.95145989269624,0.9344614074096002,0.017722441787885387,0.11728876829147339,0.17812098562717438,0.06083221733570099,0.9998206696579218,0.00017933034207811882,True,True,False,False,True,True,True,False,False,True,False,lowest_temporal_ood_risk
1,medium_ratio_seed42,medium_mass_ratio_recalibrated,42,sealed_final_ood,benign_ood,62,cert1m:285112,processed/iotsim-ip-camera-museum-2.csv,1736880021.391098,112,benign,iotsim-ip-camera-museum-2,0.95145989269624,0.9344614074096002,0.017722441787885387,0.11768700927495956,0.1786797195672989,0.060992710292339325,0.9998206696579218,0.00017933034207811882,True,True,False,False,True,True,True,False,False,True,False,lowest_temporal_ood_risk
1,medium_ratio_seed42,medium_mass_ratio_recalibrated,42,sealed_final_ood,benign_ood,61,cert1m:285111,processed/iotsim-ip-camera-museum-2.csv,1736880021.391086,111,benign,iotsim-ip-camera-museum-2,0.95145989269624,0.9344614074096002,0.017722441787885387,0.11810407042503357,0.17923882603645325,0.06113475561141968,0.9998206696579218,0.00017933034207811882,True,True,False,False,True,True,True,False,False,True,False,lowest_temporal_ood_risk
1,medium_ratio_seed42,medium_mass_ratio_recalibrated,42,sealed_final_ood,benign_ood,60,cert1m:285110,processed/iotsim-ip-camera-museum-2.csv,1736880021.391072,110,benign,iotsim-ip-camera-museum-2,0.95145989269624,0.9344614074096002,0.017722441787885387,0.11854113638401031,0.17979806661605835,0.061256930232048035,0.9998206696579218,0.00017933034207811882,True,True,False,False,True,True,True,False,False,True,False,lowest_temporal_ood_risk
1,medium_ratio_seed42,medium_mass_ratio_recalibrated,42,sealed_final_ood,benign_ood,59,cert1m:285109,processed/iotsim-ip-camera-museum-2.csv,1736880021.391056,109,benign,iotsim-ip-camera-museum-2,0.95145989269624,0.9344614074096002,0.017722441787885387,0.11899936199188232,0.1803574413061142,0.06135807931423187,0.9998206696579218,0.00017933034207811882,True,True,False,False,True,True,True,False,False,True,False,lowest_temporal_ood_risk
1,medium_ratio_seed42,medium_mass_ratio_recalibrated,42,sealed_final_ood,benign_ood,58,cert1m:285108,processed/iotsim-ip-camera-museum-2.csv,1736880021.391044,108,benign,iotsim-ip-camera-museum-2,0.95145989269624,0.9344614074096002,0.017722441787885387,0.11948012560606003,0.1809171587228775,0.061437033116817474,0.9998206696579218,0.00017933034207811882,True,True,False,False,True,True,True,False,False,True,False,lowest_temporal_ood_risk
1,medium_ratio_seed42,medium_mass_ratio_recalibrated,42,sealed_final_ood,benign_ood,57,cert1m:285107,processed/iotsim-ip-camera-museum-2.csv,1736880021.391033,107,benign,iotsim-ip-camera-museum-2,0.95145989269624,0.9344614074096002,0.017722441787885387,0.11998482793569565,0.1814771145582199,0.06149228662252426,0.9998206696579218,0.00017933034207811882,True,True,False,False,True,True,True,False,False,True,False,lowest_temporal_ood_risk
1,medium_ratio_seed42,medium_mass_ratio_recalibrated,42,sealed_final_ood,benign_ood,56,cert1m:285106,processed/iotsim-ip-camera-museum-2.csv,1736880021.391017,106,benign,iotsim-ip-camera-museum-2,0.95145989269624,0.9344614074096002,0.017722441787885387,0.12051502615213394,0.1820371150970459,0.06152208894491196,0.9998206696579218,0.00017933034207811882,True,True,False,False,True,True,True,False,False,True,False,lowest_temporal_ood_risk
1,medium_ratio_seed42,medium_mass_ratio_recalibrated,42,sealed_final_ood,benign_ood,55,cert1m:285105,processed/iotsim-ip-camera-museum-2.csv,1736880021.391006,105,benign,iotsim-ip-camera-museum-2,0.95145989269624,0.9344614074096002,0.017722441787885387,0.12107241153717041,0.18259748816490173,0.06152507662773132,0.9998206696579218,0.00017933034207811882,True,True,False,False,True,True,True,False,False,True,False,lowest_temporal_ood_risk
1,medium_ratio_seed42,medium_mass_ratio_recalibrated,42,sealed_final_ood,benign_ood,54,cert1m:285104,processed/iotsim-ip-camera-museum-2.csv,1736880021.39099,104,benign,iotsim-ip-camera-museum-2,0.95145989269624,0.9344614074096002,0.017722441787885387,0.12165884673595428,0.18315787613391876,0.06149902939796448,0.9998206696579218,0.00017933034207811882,True,True,False,False,True,True,True,False,False,True,False,lowest_temporal_ood_risk
1,medium_ratio_seed42,medium_mass_ratio_recalibrated,42,sealed_final_ood,benign_ood,53,cert1m:285103,processed/iotsim-ip-camera-museum-2.csv,1736880021.390976,103,benign,iotsim-ip-camera-museum-2,0.95145989269624,0.9344614074096002,0.017722441787885387,0.12227634340524673,0.18371854722499847,0.06144220381975174,0.9998206696579218,0.00017933034207811882,True,True,False,False,True,True,True,False,False,True,False,lowest_temporal_ood_risk
1,medium_ratio_seed42,medium_mass_ratio_recalibrated,42,sealed_final_ood,benign_ood,52,cert1m:285102,processed/iotsim-ip-camera-museum-2.csv,1736880021.390964,102,benign,iotsim-ip-camera-museum-2,0.95145989269624,0.9344614074096002,0.017722441787885387,0.12292712926864624,0.18427947163581848,0.06135234236717224,0.9998206696579218,0.00017933034207811882,True,True,False,False,True,True,True,False,False,True,False,lowest_temporal_ood_risk
1,medium_ratio_seed42,medium_mass_ratio_recalibrated,42,sealed_final_ood,benign_ood,51,cert1m:285101,processed/iotsim-ip-camera-museum-2.csv,1736880021.390939,101,benign,iotsim-ip-camera-museum-2,0.95145989269624,0.9344614074096002,0.017722441787885387,0.1236136257648468,0.18484020233154297,0.06122657656669617,0.9998206696579218,0.00017933034207811882,True,True,False,False,True,True,True,False,False,True,False,lowest_temporal_ood_risk
1,medium_ratio_seed42,medium_mass_ratio_recalibrated,42,sealed_final_ood,benign_ood,50,cert1m:285100,processed/iotsim-ip-camera-museum-2.csv,1736880021.390909,100,benign,iotsim-ip-camera-museum-2,0.95145989269624,0.9344614074096002,0.017722441787885387,0.12433847784996033,0.18540100753307343,0.0610625296831131,0.9998206696579218,0.00017933034207811882,True,True,False,False,True,True,True,False,False,True,False,lowest_temporal_ood_risk
1,medium_ratio_seed42,medium_mass_ratio_recalibrated,42,sealed_final_ood,benign_ood,49,cert1m:285099,processed/iotsim-ip-camera-museum-2.csv,1736880021.350632,99,benign,iotsim-ip-camera-museum-2,0.95145989269624,0.9344614074096002,0.017722441787885387,0.12504099309444427,0.18479947745800018,0.05975848436355591,0.9998206696579218,0.00017933034207811882,True,True,False,False,True,True,True,False,False,True,False,lowest_temporal_ood_risk
1,medium_ratio_seed42,medium_mass_ratio_recalibrated,42,sealed_final_ood,benign_ood,48,cert1m:285098,processed/iotsim-ip-camera-museum-2.csv,1736880021.350603,98,benign,iotsim-ip-camera-museum-2,0.95145989269624,0.9344614074096002,0.017722441787885387,0.12270718067884445,0.1853596419095993,0.06265246123075485,0.9998206696579218,0.00017933034207811882,True,True,False,False,True,True,True,False,False,True,False,lowest_temporal_ood_risk
1,medium_ratio_seed42,medium_mass_ratio_recalibrated,42,sealed_final_ood,benign_ood,79,cert1m:285129,processed/iotsim-ip-camera-museum-2.csv,1736880021.552336,129,benign,iotsim-ip-camera-museum-2,0.95145989269624,0.9344614074096002,0.017722441787885387,0.12494204938411713,0.17471586167812347,0.04977381229400635,0.9998206696579218,0.00017933034207811882,True,True,False,False,True,True,True,False,False,True,False,lowest_temporal_ood_risk
1,medium_ratio_seed42,medium_mass_ratio_recalibrated,42,sealed_final_ood,benign_ood,78,cert1m:285128,processed/iotsim-ip-camera-museum-2.csv,1736880021.552318,128,benign,iotsim-ip-camera-museum-2,0.95145989269624,0.9344614074096002,0.017722441787885387,0.12559768557548523,0.1752760112285614,0.04967832565307617,0.9998206696579218,0.00017933034207811882,True,True,False,False,True,True,True,False,False,True,False,lowest_temporal_ood_risk
1,medium_ratio_seed42,medium_mass_ratio_recalibrated,42,sealed_final_ood,benign_ood,77,cert1m:285127,processed/iotsim-ip-camera-museum-2.csv,1736880021.552282,127,benign,iotsim-ip-camera-museum-2,0.95145989269624,0.9344614074096002,0.017722441787885387,0.1262863129377365,0.17583580315113068,0.049549490213394165,0.9998206696579218,0.00017933034207811882,True,True,False,False,True,True,True,False,False,True,False,lowest_temporal_ood_risk
1,medium_ratio_seed42,medium_mass_ratio_recalibrated,42,sealed_final_ood,benign_ood,76,cert1m:285126,processed/iotsim-ip-camera-museum-2.csv,1736880021.552267,126,benign,iotsim-ip-camera-museum-2,0.95145989269624,0.9344614074096002,0.017722441787885387,0.12701034545898438,0.1763964742422104,0.04938612878322601,0.9998206696579218,0.00017933034207811882,True,True,False,False,True,True,True,False,False,True,False,lowest_temporal_ood_risk
1,medium_ratio_seed42,medium_mass_ratio_recalibrated,42,sealed_final_ood,benign_ood,75,cert1m:285125,processed/iotsim-ip-camera-museum-2.csv,1736880021.55223,125,benign,iotsim-ip-camera-museum-2,0.95145989269624,0.9344614074096002,0.017722441787885387,0.12777237594127655,0.1769566386938095,0.04918426275253296,0.9998206696579218,0.00017933034207811882,True,True,False,False,True,True,True,False,False,True,False,lowest_temporal_ood_risk
1,medium_ratio_seed42,medium_mass_ratio_recalibrated,42,sealed_final_ood,benign_ood,74,cert1m:285124,processed/iotsim-ip-camera-museum-2.csv,1736880021.511942,124,benign,iotsim-ip-camera-museum-2,0.95145989269624,0.9344614074096002,0.017722441787885387,0.1285094916820526,0.17622032761573792,0.0477108359336853,0.9998206696579218,0.00017933034207811882,True,True,False,False,True,True,True,False,False,True,False,lowest_temporal_ood_risk
1,medium_ratio_seed42,medium_mass_ratio_recalibrated,42,sealed_final_ood,benign_ood,73,cert1m:285123,processed/iotsim-ip-camera-museum-2.csv,1736880021.511903,123,benign,iotsim-ip-camera-museum-2,0.95145989269624,0.9344614074096002,0.017722441787885387,0.1251549869775772,0.17677974700927734,0.051624760031700134,0.9998206696579218,0.00017933034207811882,True,True,False,False,True,True,True,False,False,True,False,lowest_temporal_ood_risk
1,medium_ratio_seed42,medium_mass_ratio_recalibrated,42,sealed_final_ood,benign_ood,72,cert1m:285122,processed/iotsim-ip-camera-museum-2.csv,1736880021.471634,122,benign,iotsim-ip-camera-museum-2,0.95145989269624,0.9344614074096002,0.017722441787885387,0.1257811188697815,0.1759788691997528,0.050197750329971313,0.9998206696579218,0.00017933034207811882,True,True,False,False,True,True,True,False,False,True,False,lowest_temporal_ood_risk
1,medium_ratio_seed42,medium_mass_ratio_recalibrated,42,sealed_final_ood,benign_ood,71,cert1m:285121,processed/iotsim-ip-camera-museum-2.csv,1736880021.471595,121,benign,iotsim-ip-camera-museum-2,0.95145989269624,0.9344614074096002,0.017722441787885387,0.12263035774230957,0.17653751373291016,0.053907155990600586,0.9998206696579218,0.00017933034207811882,True,True,False,False,True,True,True,False,False,True,False,lowest_temporal_ood_risk
1,medium_ratio_seed42,medium_mass_ratio_recalibrated,42,sealed_final_ood,benign_ood,70,cert1m:285120,processed/iotsim-ip-camera-museum-2.csv,1736880021.431386,120,benign,iotsim-ip-camera-museum-2,0.95145989269624,0.9344614074096002,0.017722441787885387,0.12315389513969421,0.1756669580936432,0.052513062953948975,0.9998206696579218,0.00017933034207811882,True,True,False,False,True,True,True,False,False,True,False,lowest_temporal_ood_risk
1,medium_ratio_seed42,medium_mass_ratio_recalibrated,42,sealed_final_ood,benign_ood,69,cert1m:285119,processed/iotsim-ip-camera-museum-2.csv,1736880021.431372,119,benign,iotsim-ip-camera-museum-2,0.95145989269624,0.9344614074096002,0.017722441787885387,0.11613206565380096,0.17622558772563934,0.06009352207183838,0.9998206696579218,0.00017933034207811882,True,True,False,False,True,True,True,False,False,True,False,lowest_temporal_ood_risk
1,medium_ratio_seed42,medium_mass_ratio_recalibrated,42,sealed_final_ood,benign_ood,68,cert1m:285118,processed/iotsim-ip-camera-museum-2.csv,1736880021.431356,118,benign,iotsim-ip-camera-museum-2,0.95145989269624,0.9344614074096002,0.017722441787885387,0.11646737158298492,0.17678438127040863,0.060317009687423706,0.9998206696579218,0.00017933034207811882,True,True,False,False,True,True,True,False,False,True,False,lowest_temporal_ood_risk
1,medium_ratio_seed42,medium_mass_ratio_recalibrated,42,sealed_final_ood,benign_ood,67,cert1m:285117,processed/iotsim-ip-camera-museum-2.csv,1736880021.431305,117,benign,iotsim-ip-camera-museum-2,0.95145989269624,0.9344614074096002,0.017722441787885387,0.11681879311800003,0.17734216153621674,0.060523368418216705,0.9998206696579218,0.00017933034207811882,True,True,False,False,True,True,True,False,False,True,False,lowest_temporal_ood_risk
1,medium_ratio_seed42,medium_mass_ratio_recalibrated,42,sealed_final_ood,benign_ood,66,cert1m:285116,processed/iotsim-ip-camera-museum-2.csv,1736880021.391158,116,benign,iotsim-ip-camera-museum-2,0.95145989269624,0.9344614074096002,0.017722441787885387,0.11710526794195175,0.17644591629505157,0.05934064835309982,0.9998206696579218,0.00017933034207811882,True,True,False,False,True,True,True,False,False,True,False,lowest_temporal_ood_risk
1,medium_ratio_seed42,medium_mass_ratio_recalibrated,42,sealed_final_ood,benign_ood,65,cert1m:285115,processed/iotsim-ip-camera-museum-2.csv,1736880021.391144,115,benign,iotsim-ip-camera-museum-2,0.95145989269624,0.9344614074096002,0.017722441787885387,0.11654476076364517,0.17700406908988953,0.060459308326244354,0.9998206696579218,0.00017933034207811882,True,True,False,False,True,True,True,False,False,True,False,lowest_temporal_ood_risk
1,medium_ratio_seed42,medium_mass_ratio_recalibrated,42,sealed_final_ood,benign_ood,64,cert1m:285114,processed/iotsim-ip-camera-museum-2.csv,1736880021.391128,114,benign,iotsim-ip-camera-museum-2,0.95145989269624,0.9344614074096002,0.017722441787885387,0.11690835654735565,0.1775623857975006,0.06065402925014496,0.9998206696579218,0.00017933034207811882,True,True,False,False,True,True,True,False,False,True,False,lowest_temporal_ood_risk
1,medium_ratio_seed42,medium_mass_ratio_recalibrated,42,sealed_final_ood,benign_ood,41,cert1m:285091,processed/iotsim-ip-camera-museum-2.csv,1736880021.229895,91,benign,iotsim-ip-camera-museum-2,0.95145989269624,0.9344614074096002,0.017722441787885387,0.11470942199230194,0.1854589432477951,0.07074952125549316,0.9998206696579218,0.00017933034207811882,True,True,False,False,True,True,True,False,False,True,False,nearest_attack_region
1,medium_ratio_seed42,medium_mass_ratio_recalibrated,42,sealed_final_ood,benign_ood,14,cert1m:285064,processed/iotsim-ip-camera-museum-2.csv,1736880021.068595,64,benign,iotsim-ip-camera-museum-2,0.95145989269624,0.9344614074096002,0.017722441787885387,0.1148853674530983,0.19654832780361176,0.08166296035051346,0.9998206696579218,0.00017933034207811882,True,True,False,False,True,True,True,False,False,True,False,nearest_attack_region
1,medium_ratio_seed42,medium_mass_ratio_recalibrated,42,sealed_final_ood,benign_ood,40,cert1m:285090,processed/iotsim-ip-camera-museum-2.csv,1736880021.229883,90,benign,iotsim-ip-camera-museum-2,0.95145989269624,0.9344614074096002,0.017722441787885387,0.1150875836610794,0.1860176920890808,0.0709301084280014,0.9998206696579218,0.00017933034207811882,True,True,False,False,True,True,True,False,False,True,False,nearest_attack_region
1,medium_ratio_seed42,medium_mass_ratio_recalibrated,42,sealed_final_ood,benign_ood,17,cert1m:285067,processed/iotsim-ip-camera-museum-2.csv,1736880021.10874,67,benign,iotsim-ip-camera-museum-2,0.95145989269624,0.9344614074096002,0.017722441787885387,0.11542343348264694,0.19592703878879547,0.08050360530614853,0.9998206696579218,0.00017933034207811882,True,True,False,False,True,True,True,False,False,True,False,nearest_attack_region
1,medium_ratio_seed42,medium_mass_ratio_recalibrated,42,sealed_final_ood,benign_ood,13,cert1m:285063,processed/iotsim-ip-camera-museum-2.csv,1736880021.068587,63,benign,iotsim-ip-camera-museum-2,0.95145989269624,0.9344614074096002,0.017722441787885387,0.11543047428131104,0.19710856676101685,0.08167809247970581,0.9998206696579218,0.00017933034207811882,True,True,False,False,True,True,True,False,False,True,False,nearest_attack_region
1,medium_ratio_seed42,medium_mass_ratio_recalibrated,42,sealed_final_ood,benign_ood,39,cert1m:285089,processed/iotsim-ip-camera-museum-2.csv,1736880021.229869,89,benign,iotsim-ip-camera-museum-2,0.95145989269624,0.9344614074096002,0.017722441787885387,0.11548628658056259,0.18657657504081726,0.07109028846025467,0.9998206696579218,0.00017933034207811882,True,True,False,False,True,True,True,False,False,True,False,nearest_attack_region
1,medium_ratio_seed42,medium_mass_ratio_recalibrated,42,sealed_final_ood,benign_ood,38,cert1m:285088,processed/iotsim-ip-camera-museum-2.csv,1736880021.229833,88,benign,iotsim-ip-camera-museum-2,0.95145989269624,0.9344614074096002,0.017722441787885387,0.11590669304132462,0.18713495135307312,0.0712282583117485,0.9998206696579218,0.00017933034207811882,True,True,False,False,True,True,True,False,False,True,False,nearest_attack_region
1,medium_ratio_seed42,medium_mass_ratio_recalibrated,42,sealed_final_ood,benign_ood,16,cert1m:285066,processed/iotsim-ip-camera-museum-2.csv,1736880021.108703,66,benign,iotsim-ip-camera-museum-2,0.95145989269624,0.9344614074096002,0.017722441787885387,0.11596933752298355,0.1964869648218155,0.08051762729883194,0.9998206696579218,0.00017933034207811882,True,True,False,False,True,True,True,False,False,True,False,nearest_attack_region
1,medium_ratio_seed42,medium_mass_ratio_recalibrated,42,sealed_final_ood,benign_ood,12,cert1m:285062,processed/iotsim-ip-camera-museum-2.csv,1736880021.068575,62,benign,iotsim-ip-camera-museum-2,0.95145989269624,0.9344614074096002,0.017722441787885387,0.11601398885250092,0.19766885042190552,0.0816548615694046,0.9998206696579218,0.00017933034207811882,True,True,False,False,True,True,True,False,False,True,False,nearest_attack_region
1,medium_ratio_seed42,medium_mass_ratio_recalibrated,42,sealed_final_ood,benign_ood,69,cert1m:285119,processed/iotsim-ip-camera-museum-2.csv,1736880021.431372,119,benign,iotsim-ip-camera-museum-2,0.95145989269624,0.9344614074096002,0.017722441787885387,0.11613206565380096,0.17622558772563934,0.06009352207183838,0.9998206696579218,0.00017933034207811882,True,True,False,False,True,True,True,False,False,True,False,nearest_attack_region
1,medium_ratio_seed42,medium_mass_ratio_recalibrated,42,sealed_final_ood,benign_ood,37,cert1m:285087,processed/iotsim-ip-camera-museum-2.csv,1736880021.229819,87,benign,iotsim-ip-camera-museum-2,0.95145989269624,0.9344614074096002,0.017722441787885387,0.11635024100542068,0.1876942664384842,0.07134402543306351,0.9998206696579218,0.00017933034207811882,True,True,False,False,True,True,True,False,False,True,False,nearest_attack_region
1,medium_ratio_seed42,medium_mass_ratio_recalibrated,42,sealed_final_ood,benign_ood,68,cert1m:285118,processed/iotsim-ip-camera-museum-2.csv,1736880021.431356,118,benign,iotsim-ip-camera-museum-2,0.95145989269624,0.9344614074096002,0.017722441787885387,0.11646737158298492,0.17678438127040863,0.060317009687423706,0.9998206696579218,0.00017933034207811882,True,True,False,False,True,True,True,False,False,True,False,nearest_attack_region
1,medium_ratio_seed42,medium_mass_ratio_recalibrated,42,sealed_final_ood,benign_ood,15,cert1m:285065,processed/iotsim-ip-camera-museum-2.csv,1736880021.068602,65,benign,iotsim-ip-camera-museum-2,0.95145989269624,0.9344614074096002,0.017722441787885387,0.11648647487163544,0.19598829746246338,0.07950182259082794,0.9998206696579218,0.00017933034207811882,True,True,False,False,True,True,True,False,False,True,False,nearest_attack_region
1,medium_ratio_seed42,medium_mass_ratio_recalibrated,42,sealed_final_ood,benign_ood,65,cert1m:285115,processed/iotsim-ip-camera-museum-2.csv,1736880021.391144,115,benign,iotsim-ip-camera-museum-2,0.95145989269624,0.9344614074096002,0.017722441787885387,0.11654476076364517,0.17700406908988953,0.060459308326244354,0.9998206696579218,0.00017933034207811882,True,True,False,False,True,True,True,False,False,True,False,nearest_attack_region
1,medium_ratio_seed42,medium_mass_ratio_recalibrated,42,sealed_final_ood,benign_ood,11,cert1m:285061,processed/iotsim-ip-camera-museum-2.csv,1736880021.068564,61,benign,iotsim-ip-camera-museum-2,0.95145989269624,0.9344614074096002,0.017722441787885387,0.11663872748613358,0.1982293426990509,0.08159061521291733,0.9998206696579218,0.00017933034207811882,True,True,False,False,True,True,True,False,False,True,False,nearest_attack_region
1,medium_ratio_seed42,medium_mass_ratio_recalibrated,42,sealed_final_ood,benign_ood,36,cert1m:285086,processed/iotsim-ip-camera-museum-2.csv,1736880021.229802,86,benign,iotsim-ip-camera-museum-2,0.95145989269624,0.9344614074096002,0.017722441787885387,0.11681830883026123,0.18825364112854004,0.07143533229827881,0.9998206696579218,0.00017933034207811882,True,True,False,False,True,True,True,False,False,True,False,nearest_attack_region
1,medium_ratio_seed42,medium_mass_ratio_recalibrated,42,sealed_final_ood,benign_ood,67,cert1m:285117,processed/iotsim-ip-camera-museum-2.csv,1736880021.431305,117,benign,iotsim-ip-camera-museum-2,0.95145989269624,0.9344614074096002,0.017722441787885387,0.11681879311800003,0.17734216153621674,0.060523368418216705,0.9998206696579218,0.00017933034207811882,True,True,False,False,True,True,True,False,False,True,False,nearest_attack_region
1,medium_ratio_seed42,medium_mass_ratio_recalibrated,42,sealed_final_ood,benign_ood,64,cert1m:285114,processed/iotsim-ip-camera-museum-2.csv,1736880021.391128,114,benign,iotsim-ip-camera-museum-2,0.95145989269624,0.9344614074096002,0.017722441787885387,0.11690835654735565,0.1775623857975006,0.06065402925014496,0.9998206696579218,0.00017933034207811882,True,True,False,False,True,True,True,False,False,True,False,nearest_attack_region
1,medium_ratio_seed42,medium_mass_ratio_recalibrated,42,sealed_final_ood,benign_ood,66,cert1m:285116,processed/iotsim-ip-camera-museum-2.csv,1736880021.391158,116,benign,iotsim-ip-camera-museum-2,0.95145989269624,0.9344614074096002,0.017722441787885387,0.11710526794195175,0.17644591629505157,0.05934064835309982,0.9998206696579218,0.00017933034207811882,True,True,False,False,True,True,True,False,False,True,False,nearest_attack_region
1,medium_ratio_seed42,medium_mass_ratio_recalibrated,42,sealed_final_ood,benign_ood,63,cert1m:285113,processed/iotsim-ip-camera-museum-2.csv,1736880021.391114,113,benign,iotsim-ip-camera-museum-2,0.95145989269624,0.9344614074096002,0.017722441787885387,0.11728876829147339,0.17812098562717438,0.06083221733570099,0.9998206696579218,0.00017933034207811882,True,True,False,False,True,True,True,False,False,True,False,nearest_attack_region
1,medium_ratio_seed42,medium_mass_ratio_recalibrated,42,sealed_final_ood,benign_ood,10,cert1m:285060,processed/iotsim-ip-camera-museum-2.csv,1736880021.068469,60,benign,iotsim-ip-camera-museum-2,0.95145989269624,0.9344614074096002,0.017722441787885387,0.1173076182603836,0.19878795742988586,0.08148033916950226,0.9998206696579218,0.00017933034207811882,True,True,False,False,True,True,True,False,False,True,False,nearest_attack_region
1,medium_ratio_seed42,medium_mass_ratio_recalibrated,42,sealed_final_ood,benign_ood,35,cert1m:285085,processed/iotsim-ip-camera-museum-2.csv,1736880021.229791,85,benign,iotsim-ip-camera-museum-2,0.95145989269624,0.9344614074096002,0.017722441787885387,0.1173124611377716,0.18881343305110931,0.07150097191333771,0.9998206696579218,0.00017933034207811882,True,True,False,False,True,True,True,False,False,True,False,nearest_attack_region
1,medium_ratio_seed42,medium_mass_ratio_recalibrated,42,sealed_final_ood,benign_ood,62,cert1m:285112,processed/iotsim-ip-camera-museum-2.csv,1736880021.391098,112,benign,iotsim-ip-camera-museum-2,0.95145989269624,0.9344614074096002,0.017722441787885387,0.11768700927495956,0.1786797195672989,0.060992710292339325,0.9998206696579218,0.00017933034207811882,True,True,False,False,True,True,True,False,False,True,False,nearest_attack_region
1,medium_ratio_seed42,medium_mass_ratio_recalibrated,42,sealed_final_ood,benign_ood,34,cert1m:285084,processed/iotsim-ip-camera-museum-2.csv,1736880021.229777,84,benign,iotsim-ip-camera-museum-2,0.95145989269624,0.9344614074096002,0.017722441787885387,0.11783432960510254,0.18937331438064575,0.07153898477554321,0.9998206696579218,0.00017933034207811882,True,True,False,False,True,True,True,False,False,True,False,nearest_attack_region
1,medium_ratio_seed42,medium_mass_ratio_recalibrated,42,sealed_final_ood,benign_ood,9,cert1m:285059,processed/iotsim-ip-camera-museum-2.csv,1736880021.06846,59,benign,iotsim-ip-camera-museum-2,0.95145989269624,0.9344614074096002,0.017722441787885387,0.11802423745393753,0.19934885203838348,0.08132461458444595,0.9998206696579218,0.00017933034207811882,True,True,False,False,True,True,True,False,False,True,False,nearest_attack_region
1,medium_ratio_seed42,medium_mass_ratio_recalibrated,42,sealed_final_ood,benign_ood,61,cert1m:285111,processed/iotsim-ip-camera-museum-2.csv,1736880021.391086,111,benign,iotsim-ip-camera-museum-2,0.95145989269624,0.9344614074096002,0.017722441787885387,0.11810407042503357,0.17923882603645325,0.06113475561141968,0.9998206696579218,0.00017933034207811882,True,True,False,False,True,True,True,False,False,True,False,nearest_attack_region
1,medium_ratio_seed42,medium_mass_ratio_recalibrated,42,sealed_final_ood,benign_ood,33,cert1m:285083,processed/iotsim-ip-camera-museum-2.csv,1736880021.22976,83,benign,iotsim-ip-camera-museum-2,0.95145989269624,0.9344614074096002,0.017722441787885387,0.11838574707508087,0.18993331491947174,0.07154756784439087,0.9998206696579218,0.00017933034207811882,True,True,False,False,True,True,True,False,False,True,False,nearest_attack_region
1,medium_ratio_seed42,medium_mass_ratio_recalibrated,42,sealed_final_ood,benign_ood,60,cert1m:285110,processed/iotsim-ip-camera-museum-2.csv,1736880021.391072,110,benign,iotsim-ip-camera-museum-2,0.95145989269624,0.9344614074096002,0.017722441787885387,0.11854113638401031,0.17979806661605835,0.061256930232048035,0.9998206696579218,0.00017933034207811882,True,True,False,False,True,True,True,False,False,True,False,nearest_attack_region
1,medium_ratio_seed42,medium_mass_ratio_recalibrated,42,sealed_final_ood,benign_ood,92,cert1m:285142,processed/iotsim-ip-camera-museum-2.csv,1736880021.552538,142,benign,iotsim-ip-camera-museum-2,0.95145989269624,0.9344614074096002,0.017722441787885387,0.1186390072107315,0.16745270788669586,0.048813700675964355,0.9998206696579218,0.00017933034207811882,True,True,False,False,True,True,True,False,False,True,False,nearest_attack_region
1,medium_ratio_seed42,medium_mass_ratio_recalibrated,42,sealed_final_ood,benign_ood,200,cert1m:285250,processed/iotsim-ip-camera-museum-2.csv,1736880022.18771,250,benign,iotsim-ip-camera-museum-2,0.95145989269624,0.9344614074096002,0.017722441787885387,0.1186482310295105,0.13553856313228607,0.016890332102775574,0.9998206696579218,0.00017933034207811882,True,True,False,False,True,True,True,False,False,True,False,nearest_attack_region
1,medium_ratio_seed42,medium_mass_ratio_recalibrated,42,sealed_final_ood,benign_ood,19,cert1m:285069,processed/iotsim-ip-camera-museum-2.csv,1736880021.149017,69,benign,iotsim-ip-camera-museum-2,0.95145989269624,0.9344614074096002,0.017722441787885387,0.11871163547039032,0.1958436369895935,0.07713200151920319,0.9998206696579218,0.00017933034207811882,True,True,False,False,True,True,True,False,False,True,False,nearest_attack_region
1,medium_ratio_seed42,medium_mass_ratio_recalibrated,42,sealed_final_ood,benign_ood,8,cert1m:285058,processed/iotsim-ip-camera-museum-2.csv,1736880021.068452,58,benign,iotsim-ip-camera-museum-2,0.95145989269624,0.9344614074096002,0.017722441787885387,0.1187921017408371,0.199909970164299,0.08111786842346191,0.9998206696579218,0.00017933034207811882,True,True,False,False,True,True,True,False,False,True,False,nearest_attack_region
1,medium_ratio_seed42,medium_mass_ratio_recalibrated,42,sealed_final_ood,benign_ood,199,cert1m:285249,processed/iotsim-ip-camera-museum-2.csv,1736880022.187699,249,benign,iotsim-ip-camera-museum-2,0.95145989269624,0.9344614074096002,0.017722441787885387,0.11884015798568726,0.13608711957931519,0.01724696159362793,0.9998206696579218,0.00017933034207811882,True,True,False,False,True,True,True,False,False,True,False,nearest_attack_region
1,medium_ratio_seed42,medium_mass_ratio_recalibrated,42,sealed_final_ood,benign_ood,32,cert1m:285082,processed/iotsim-ip-camera-museum-2.csv,1736880021.229748,82,benign,iotsim-ip-camera-museum-2,0.95145989269624,0.9344614074096002,0.017722441787885387,0.1189686730504036,0.190493643283844,0.0715249702334404,0.9998206696579218,0.00017933034207811882,True,True,False,False,True,True,True,False,False,True,False,nearest_attack_region
1,medium_ratio_seed42,medium_mass_ratio_recalibrated,42,sealed_final_ood,benign_ood,59,cert1m:285109,processed/iotsim-ip-camera-museum-2.csv,1736880021.391056,109,benign,iotsim-ip-camera-museum-2,0.95145989269624,0.9344614074096002,0.017722441787885387,0.11899936199188232,0.1803574413061142,0.06135807931423187,0.9998206696579218,0.00017933034207811882,True,True,False,False,True,True,True,False,False,True,False,nearest_attack_region
1,medium_ratio_seed42,medium_mass_ratio_recalibrated,42,sealed_final_ood,benign_ood,91,cert1m:285141,processed/iotsim-ip-camera-museum-2.csv,1736880021.552526,141,benign,iotsim-ip-camera-museum-2,0.95145989269624,0.9344614074096002,0.017722441787885387,0.11901108175516129,0.16801020503044128,0.04899912327528,0.9998206696579218,0.00017933034207811882,True,True,False,False,True,True,True,False,False,True,False,nearest_attack_region
1,medium_ratio_seed42,medium_mass_ratio_recalibrated,42,sealed_final_ood,benign_ood,198,cert1m:285248,processed/iotsim-ip-camera-museum-2.csv,1736880022.187685,248,benign,iotsim-ip-camera-museum-2,0.95145989269624,0.9344614074096002,0.017722441787885387,0.1190386414527893,0.1366358995437622,0.0175972580909729,0.9998206696579218,0.00017933034207811882,True,True,False,False,True,True,True,False,False,True,False,nearest_attack_region
1,medium_ratio_seed42,medium_mass_ratio_recalibrated,42,sealed_final_ood,benign_ood,197,cert1m:285247,processed/iotsim-ip-camera-museum-2.csv,1736880022.187669,247,benign,iotsim-ip-camera-museum-2,0.95145989269624,0.9344614074096002,0.017722441787885387,0.1192440539598465,0.13718491792678833,0.017940863966941833,0.9998206696579218,0.00017933034207811882,True,True,False,False,True,True,True,False,False,True,False,nearest_attack_region
1,medium_ratio_seed42,medium_mass_ratio_recalibrated,42,sealed_final_ood,benign_ood,18,cert1m:285068,processed/iotsim-ip-camera-museum-2.csv,1736880021.108755,68,benign,iotsim-ip-camera-museum-2,0.95145989269624,0.9344614074096002,0.017722441787885387,0.1193588599562645,0.1953667551279068,0.0760078951716423,0.9998206696579218,0.00017933034207811882,True,True,False,False,True,True,True,False,False,True,False,nearest_attack_region
1,medium_ratio_seed42,medium_mass_ratio_recalibrated,42,sealed_final_ood,benign_ood,90,cert1m:285140,processed/iotsim-ip-camera-museum-2.csv,1736880021.552508,140,benign,iotsim-ip-camera-museum-2,0.95145989269624,0.9344614074096002,0.017722441787885387,0.11939824372529984,0.16856767237186432,0.049169428646564484,0.9998206696579218,0.00017933034207811882,True,True,False,False,True,True,True,False,False,True,False,nearest_attack_region
1,medium_ratio_seed42,medium_mass_ratio_recalibrated,42,sealed_final_ood,benign_ood,196,cert1m:285246,processed/iotsim-ip-camera-museum-2.csv,1736880022.187658,246,benign,iotsim-ip-camera-museum-2,0.95145989269624,0.9344614074096002,0.017722441787885387,0.11945682764053345,0.1377345472574234,0.018277719616889954,0.9998206696579218,0.00017933034207811882,True,True,False,False,True,True,True,False,False,True,False,nearest_attack_region
1,medium_ratio_seed42,medium_mass_ratio_recalibrated,42,sealed_final_ood,benign_ood,58,cert1m:285108,processed/iotsim-ip-camera-museum-2.csv,1736880021.391044,108,benign,iotsim-ip-camera-museum-2,0.95145989269624,0.9344614074096002,0.017722441787885387,0.11948012560606003,0.1809171587228775,0.061437033116817474,0.9998206696579218,0.00017933034207811882,True,True,False,False,True,True,True,False,False,True,False,nearest_attack_region
1,medium_ratio_seed42,medium_mass_ratio_recalibrated,42,sealed_final_ood,benign_ood,31,cert1m:285081,processed/iotsim-ip-camera-museum-2.csv,1736880021.229734,81,benign,iotsim-ip-camera-museum-2,0.95145989269624,0.9344614074096002,0.017722441787885387,0.11958521604537964,0.19105412065982819,0.07146890461444855,0.9998206696579218,0.00017933034207811882,True,True,False,False,True,True,True,False,False,True,False,nearest_attack_region
1,medium_ratio_seed42,medium_mass_ratio_recalibrated,42,sealed_final_ood,benign_ood,7,cert1m:285057,processed/iotsim-ip-camera-museum-2.csv,1736880021.068441,57,benign,iotsim-ip-camera-museum-2,0.95145989269624,0.9344614074096002,0.017722441787885387,0.11961519718170166,0.2004711925983429,0.08085599541664124,0.9998206696579218,0.00017933034207811882,True,True,False,False,True,True,True,False,False,True,False,nearest_attack_region
1,medium_ratio_seed42,medium_mass_ratio_recalibrated,42,sealed_final_ood,benign_ood,58098,cert1m:703198,processed/iotsim-ip-camera-street-2.csv,1736880046.814308,3198,benign,iotsim-ip-camera-street-2,0.95145989269624,0.9344614074096002,0.017722441787885387,0.11963120847940445,0.6870385408401489,0.5674073100090027,0.9998206696579218,0.00017933034207811882,True,True,False,False,True,True,True,False,False,True,False,nearest_attack_region
1,medium_ratio_seed42,medium_mass_ratio_recalibrated,42,sealed_final_ood,benign_ood,58181,cert1m:703281,processed/iotsim-ip-camera-street-2.csv,1736880047.408921,3281,benign,iotsim-ip-camera-street-2,0.95145989269624,0.9344614074096002,0.017722441787885387,0.11964050680398941,0.7067480087280273,0.5871074795722961,0.9998206696579218,0.00017933034207811882,True,True,False,False,True,True,True,False,False,True,False,nearest_attack_region
1,medium_ratio_seed42,medium_mass_ratio_recalibrated,42,sealed_final_ood,benign_ood,58180,cert1m:703280,processed/iotsim-ip-camera-street-2.csv,1736880047.408908,3280,benign,iotsim-ip-camera-street-2,0.95145989269624,0.9344614074096002,0.017722441787885387,0.11964546889066696,0.7064508199691772,0.5868053436279297,0.9998206696579218,0.00017933034207811882,True,True,False,False,True,True,True,False,False,True,False,nearest_attack_region
1,medium_ratio_seed42,medium_mass_ratio_recalibrated,42,sealed_final_ood,benign_ood,58179,cert1m:703279,processed/iotsim-ip-camera-street-2.csv,1736880047.40889,3279,benign,iotsim-ip-camera-street-2,0.95145989269624,0.9344614074096002,0.017722441787885387,0.1196528896689415,0.706153929233551,0.5865010619163513,0.9998206696579218,0.00017933034207811882,True,True,False,False,True,True,True,False,False,True,False,nearest_attack_region
1,medium_ratio_seed42,medium_mass_ratio_recalibrated,42,sealed_final_ood,benign_ood,58178,cert1m:703278,processed/iotsim-ip-camera-street-2.csv,1736880047.408878,3278,benign,iotsim-ip-camera-street-2,0.95145989269624,0.9344614074096002,0.017722441787885387,0.11966299265623093,0.705857515335083,0.5861945152282715,0.9998206696579218,0.00017933034207811882,True,True,False,False,True,True,True,False,False,True,False,nearest_attack_region
1,medium_ratio_seed42,medium_mass_ratio_recalibrated,42,sealed_final_ood,benign_ood,58177,cert1m:703277,processed/iotsim-ip-camera-street-2.csv,1736880047.408865,3277,benign,iotsim-ip-camera-street-2,0.95145989269624,0.9344614074096002,0.017722441787885387,0.11967605352401733,0.7055613994598389,0.5858853459358215,0.9998206696579218,0.00017933034207811882,True,True,False,False,True,True,True,False,False,True,False,nearest_attack_region
1,medium_ratio_seed42,medium_mass_ratio_recalibrated,42,sealed_final_ood,benign_ood,195,cert1m:285245,processed/iotsim-ip-camera-museum-2.csv,1736880022.187644,245,benign,iotsim-ip-camera-museum-2,0.95145989269624,0.9344614074096002,0.017722441787885387,0.11967737972736359,0.138284370303154,0.018606990575790405,0.9998206696579218,0.00017933034207811882,True,True,False,False,True,True,True,False,False,True,False,nearest_attack_region
1,medium_ratio_seed42,medium_mass_ratio_recalibrated,42,sealed_final_ood,benign_ood,58176,cert1m:703276,processed/iotsim-ip-camera-street-2.csv,1736880047.408848,3276,benign,iotsim-ip-camera-street-2,0.95145989269624,0.9344614074096002,0.017722441787885387,0.11969231069087982,0.7052656412124634,0.5855733156204224,0.9998206696579218,0.00017933034207811882,True,True,False,False,True,True,True,False,False,True,False,nearest_attack_region
1,medium_ratio_seed42,medium_mass_ratio_recalibrated,42,sealed_final_ood,benign_ood,58175,cert1m:703275,processed/iotsim-ip-camera-street-2.csv,1736880047.408836,3275,benign,iotsim-ip-camera-street-2,0.95145989269624,0.9344614074096002,0.017722441787885387,0.11971211433410645,0.7049702405929565,0.5852581262588501,0.9998206696579218,0.00017933034207811882,True,True,False,False,True,True,True,False,False,True,False,nearest_attack_region
1,medium_ratio_seed42,medium_mass_ratio_recalibrated,42,sealed_final_ood,benign_ood,58182,cert1m:703282,processed/iotsim-ip-camera-street-2.csv,1736880047.408937,3282,benign,iotsim-ip-camera-street-2,0.95145989269624,0.9344614074096002,0.017722441787885387,0.11973263323307037,0.7070456147193909,0.5873129963874817,0.9998206696579218,0.00017933034207811882,True,True,False,False,True,True,True,False,False,True,False,nearest_attack_region
1,medium_ratio_seed42,medium_mass_ratio_recalibrated,42,sealed_final_ood,benign_ood,58174,cert1m:703274,processed/iotsim-ip-camera-street-2.csv,1736880047.408823,3274,benign,iotsim-ip-camera-street-2,0.95145989269624,0.9344614074096002,0.017722441787885387,0.11973576247692108,0.7046753168106079,0.5849395394325256,0.9998206696579218,0.00017933034207811882,True,True,False,False,True,True,True,False,False,True,False,nearest_attack_region
1,medium_ratio_seed42,medium_mass_ratio_recalibrated,42,sealed_final_ood,benign_ood,58186,cert1m:703286,processed/iotsim-ip-camera-street-2.csv,1736880047.47916,3286,benign,iotsim-ip-camera-street-2,0.95145989269624,0.9344614074096002,0.017722441787885387,0.11974677443504333,0.7076696157455444,0.5879228115081787,0.9998206696579218,0.00017933034207811882,True,True,False,False,True,True,True,False,False,True,False,nearest_attack_region
1,medium_ratio_seed42,medium_mass_ratio_recalibrated,42,sealed_final_ood,benign_ood,58148,cert1m:703248,processed/iotsim-ip-camera-street-2.csv,1736880047.207089,3248,benign,iotsim-ip-camera-street-2,0.95145989269624,0.9344614074096002,0.017722441787885387,0.11974780261516571,0.6988160014152527,0.5790681838989258,0.9998206696579218,0.00017933034207811882,True,True,False,False,True,True,True,False,False,True,False,nearest_attack_region
1,medium_ratio_seed42,medium_mass_ratio_recalibrated,42,sealed_final_ood,benign_ood,58173,cert1m:703273,processed/iotsim-ip-camera-street-2.csv,1736880047.408807,3273,benign,iotsim-ip-camera-street-2,0.95145989269624,0.9344614074096002,0.017722441787885387,0.11976365000009537,0.7043806910514832,0.584617018699646,0.9998206696579218,0.00017933034207811882,True,True,False,False,True,True,True,False,False,True,False,nearest_attack_region
1,medium_ratio_seed42,medium_mass_ratio_recalibrated,42,sealed_final_ood,benign_ood,58028,cert1m:703128,processed/iotsim-ip-camera-street-2.csv,1736880046.542603,3128,benign,iotsim-ip-camera-street-2,0.95145989269624,0.9344614074096002,0.017722441787885387,0.11976548284292221,0.6681064963340759,0.5483410358428955,0.9998206696579218,0.00017933034207811882,True,True,False,False,True,True,True,False,False,True,False,nearest_attack_region
1,medium_ratio_seed42,medium_mass_ratio_recalibrated,42,sealed_final_ood,benign_ood,58027,cert1m:703127,processed/iotsim-ip-camera-street-2.csv,1736880046.542581,3127,benign,iotsim-ip-camera-street-2,0.95145989269624,0.9344614074096002,0.017722441787885387,0.11976655572652817,0.6678107380867004,0.5480442047119141,0.9998206696579218,0.00017933034207811882,True,True,False,False,True,True,True,False,False,True,False,nearest_attack_region
1,medium_ratio_seed42,medium_mass_ratio_recalibrated,42,sealed_final_ood,benign_ood,58026,cert1m:703126,processed/iotsim-ip-camera-street-2.csv,1736880046.542563,3126,benign,iotsim-ip-camera-street-2,0.95145989269624,0.9344614074096002,0.017722441787885387,0.11976931989192963,0.6675153374671936,0.5477460026741028,0.9998206696579218,0.00017933034207811882,True,True,False,False,True,True,True,False,False,True,False,nearest_attack_region
1,medium_ratio_seed42,medium_mass_ratio_recalibrated,42,sealed_final_ood,benign_ood,58147,cert1m:703247,processed/iotsim-ip-camera-street-2.csv,1736880047.207078,3247,benign,iotsim-ip-camera-street-2,0.95145989269624,0.9344614074096002,0.017722441787885387,0.11977222561836243,0.6985197067260742,0.5787475109100342,0.9998206696579218,0.00017933034207811882,True,True,False,False,True,True,True,False,False,True,False,nearest_attack_region
1,medium_ratio_seed42,medium_mass_ratio_recalibrated,42,sealed_final_ood,benign_ood,58025,cert1m:703125,processed/iotsim-ip-camera-street-2.csv,1736880046.542547,3125,benign,iotsim-ip-camera-street-2,0.95145989269624,0.9344614074096002,0.017722441787885387,0.11977383494377136,0.667220413684845,0.547446608543396,0.9998206696579218,0.00017933034207811882,True,True,False,False,True,True,True,False,False,True,False,nearest_attack_region
1,medium_ratio_seed42,medium_mass_ratio_recalibrated,42,sealed_final_ood,benign_ood,58185,cert1m:703285,processed/iotsim-ip-camera-street-2.csv,1736880047.479137,3285,benign,iotsim-ip-camera-street-2,0.95145989269624,0.9344614074096002,0.017722441787885387,0.11977618932723999,0.7073751091957092,0.5875989198684692,0.9998206696579218,0.00017933034207811882,True,True,False,False,True,True,True,False,False,True,False,nearest_attack_region
1,medium_ratio_seed42,medium_mass_ratio_recalibrated,42,sealed_final_ood,benign_ood,58024,cert1m:703124,processed/iotsim-ip-camera-street-2.csv,1736880046.54252,3124,benign,iotsim-ip-camera-street-2,0.95145989269624,0.9344614074096002,0.017722441787885387,0.11978024244308472,0.6669259071350098,0.547145664691925,0.9998206696579218,0.00017933034207811882,True,True,False,False,True,True,True,False,False,True,False,nearest_attack_region
1,medium_ratio_seed42,medium_mass_ratio_recalibrated,42,sealed_final_ood,benign_ood,58029,cert1m:703129,processed/iotsim-ip-camera-street-2.csv,1736880046.542619,3129,benign,iotsim-ip-camera-street-2,0.95145989269624,0.9344614074096002,0.017722441787885387,0.1197858601808548,0.6684026122093201,0.5486167669296265,0.9998206696579218,0.00017933034207811882,True,True,False,False,True,True,True,False,False,True,False,nearest_attack_region
1,medium_ratio_seed42,medium_mass_ratio_recalibrated,42,sealed_final_ood,benign_ood,58023,cert1m:703123,processed/iotsim-ip-camera-street-2.csv,1736880046.542495,3123,benign,iotsim-ip-camera-street-2,0.95145989269624,0.9344614074096002,0.017722441787885387,0.11978867650032043,0.6666317582130432,0.5468430519104004,0.9998206696579218,0.00017933034207811882,True,True,False,False,True,True,True,False,False,True,False,nearest_attack_region
1,medium_ratio_seed42,medium_mass_ratio_recalibrated,42,sealed_final_ood,benign_ood,58078,cert1m:703178,processed/iotsim-ip-camera-street-2.csv,1736880046.814156,3178,benign,iotsim-ip-camera-street-2,0.95145989269624,0.9344614074096002,0.017722441787885387,0.11979334056377411,0.681012749671936,0.5612193942070007,0.9998206696579218,0.00017933034207811882,True,True,False,False,True,True,True,False,False,True,False,nearest_attack_region
1,medium_ratio_seed42,medium_mass_ratio_recalibrated,42,sealed_final_ood,benign_ood,58079,cert1m:703179,processed/iotsim-ip-camera-street-2.csv,1736880046.814165,3179,benign,iotsim-ip-camera-street-2,0.95145989269624,0.9344614074096002,0.017722441787885387,0.11979373544454575,0.6813104152679443,0.5615167021751404,0.9998206696579218,0.00017933034207811882,True,True,False,False,True,True,True,False,False,True,False,nearest_attack_region
1,medium_ratio_seed42,medium_mass_ratio_recalibrated,42,sealed_final_ood,benign_ood,58077,cert1m:703177,processed/iotsim-ip-camera-street-2.csv,1736880046.81415,3177,benign,iotsim-ip-camera-street-2,0.95145989269624,0.9344614074096002,0.017722441787885387,0.11979455500841141,0.6807154417037964,0.5609208941459656,0.9998206696579218,0.00017933034207811882,True,True,False,False,True,True,True,False,False,True,False,nearest_attack_region
1,medium_ratio_seed42,medium_mass_ratio_recalibrated,42,sealed_final_ood,benign_ood,58080,cert1m:703180,processed/iotsim-ip-camera-street-2.csv,1736880046.814171,3180,benign,iotsim-ip-camera-street-2,0.95145989269624,0.9344614074096002,0.017722441787885387,0.11979557573795319,0.6816085577011108,0.5618129968643188,0.9998206696579218,0.00017933034207811882,True,True,False,False,True,True,True,False,False,True,False,nearest_attack_region
1,medium_ratio_seed42,medium_mass_ratio_recalibrated,42,sealed_final_ood,benign_ood,58172,cert1m:703272,processed/iotsim-ip-camera-street-2.csv,1736880047.408793,3272,benign,iotsim-ip-camera-street-2,0.95145989269624,0.9344614074096002,0.017722441787885387,0.11979618668556213,0.7040864825248718,0.5842902660369873,0.9998206696579218,0.00017933034207811882,True,True,False,False,True,True,True,False,False,True,False,nearest_attack_region
1,medium_ratio_seed42,medium_mass_ratio_recalibrated,42,sealed_final_ood,benign_ood,58076,cert1m:703176,processed/iotsim-ip-camera-street-2.csv,1736880046.814144,3176,benign,iotsim-ip-camera-street-2,0.95145989269624,0.9344614074096002,0.017722441787885387,0.11979746073484421,0.6804185509681702,0.5606210827827454,0.9998206696579218,0.00017933034207811882,True,True,False,False,True,True,True,False,False,True,False,nearest_attack_region
1,medium_ratio_seed42,medium_mass_ratio_recalibrated,42,sealed_final_ood,benign_ood,58081,cert1m:703181,processed/iotsim-ip-camera-street-2.csv,1736880046.814183,3181,benign,iotsim-ip-camera-street-2,0.95145989269624,0.9344614074096002,0.017722441787885387,0.11979880183935165,0.6819069385528564,0.5621081590652466,0.9998206696579218,0.00017933034207811882,True,True,False,False,True,True,True,False,False,True,False,nearest_attack_region
1,medium_ratio_seed42,medium_mass_ratio_recalibrated,42,sealed_final_ood,benign_ood,401,cert1m:285451,processed/iotsim-ip-camera-museum-2.csv,1736880023.468196,451,benign,iotsim-ip-camera-museum-2,0.95145989269624,0.9344614074096002,0.017722441787885387,0.11979885399341583,0.10371313244104385,-0.01608572155237198,0.9998206696579218,0.00017933034207811882,True,True,False,False,True,True,True,False,False,True,False,nearest_attack_region
1,medium_ratio_seed42,medium_mass_ratio_recalibrated,42,sealed_final_ood,benign_ood,58022,cert1m:703122,processed/iotsim-ip-camera-street-2.csv,1736880046.542459,3122,benign,iotsim-ip-camera-street-2,0.95145989269624,0.9344614074096002,0.017722441787885387,0.11979930102825165,0.6663379669189453,0.5465386509895325,0.9998206696579218,0.00017933034207811882,True,True,False,False,True,True,True,False,False,True,False,nearest_attack_region
1,medium_ratio_seed42,medium_mass_ratio_recalibrated,42,sealed_final_ood,benign_ood,89,cert1m:285139,processed/iotsim-ip-camera-museum-2.csv,1736880021.552492,139,benign,iotsim-ip-camera-museum-2,0.95145989269624,0.9344614074096002,0.017722441787885387,0.11980132758617401,0.16912546753883362,0.04932413995265961,0.9998206696579218,0.00017933034207811882,True,True,False,False,True,True,True,False,False,True,False,nearest_attack_region
1,medium_ratio_seed42,medium_mass_ratio_recalibrated,42,sealed_final_ood,benign_ood,58075,cert1m:703175,processed/iotsim-ip-camera-street-2.csv,1736880046.814135,3175,benign,iotsim-ip-camera-street-2,0.95145989269624,0.9344614074096002,0.017722441787885387,0.11980219930410385,0.6801219582557678,0.5603197813034058,0.9998206696579218,0.00017933034207811882,True,True,False,False,True,True,True,False,False,True,False,nearest_attack_region
1,medium_ratio_seed42,medium_mass_ratio_recalibrated,42,sealed_final_ood,benign_ood,58082,cert1m:703182,processed/iotsim-ip-camera-street-2.csv,1736880046.814189,3182,benign,iotsim-ip-camera-street-2,0.95145989269624,0.9344614074096002,0.017722441787885387,0.11980326473712921,0.6822057366371155,0.5624024868011475,0.9998206696579218,0.00017933034207811882,True,True,False,False,True,True,True,False,False,True,False,nearest_attack_region
1,medium_ratio_seed42,medium_mass_ratio_recalibrated,42,sealed_final_ood,benign_ood,58083,cert1m:703183,processed/iotsim-ip-camera-street-2.csv,1736880046.814195,3183,benign,iotsim-ip-camera-street-2,0.95145989269624,0.9344614074096002,0.017722441787885387,0.11980888992547989,0.6825050115585327,0.562696099281311,0.9998206696579218,0.00017933034207811882,True,True,False,False,True,True,True,False,False,True,False,nearest_attack_region
1,medium_ratio_seed42,medium_mass_ratio_recalibrated,42,sealed_final_ood,benign_ood,33266,cert1m:318316,processed/iotsim-ip-camera-museum-2.csv,1736880225.832159,33316,benign,iotsim-ip-camera-museum-2,0.95145989269624,0.9344614074096002,0.01026822606875949,0.1291351169347763,2.011899471282959,1.8827643394470215,0.9998206696579218,0.00017933034207811882,True,True,False,False,True,True,True,False,False,True,False,highest_benign_minus_attack
1,medium_ratio_seed42,medium_mass_ratio_recalibrated,42,sealed_final_ood,benign_ood,33194,cert1m:318244,processed/iotsim-ip-camera-museum-2.csv,1736880225.347992,33244,benign,iotsim-ip-camera-museum-2,0.95145989269624,0.9344614074096002,0.00615633276678626,0.12856237590312958,2.0111684799194336,1.8826061487197876,0.9998206696579218,0.00017933034207811882,True,True,False,False,True,True,True,False,False,True,False,highest_benign_minus_attack
1,medium_ratio_seed42,medium_mass_ratio_recalibrated,42,sealed_final_ood,benign_ood,33204,cert1m:318254,processed/iotsim-ip-camera-museum-2.csv,1736880225.509167,33254,benign,iotsim-ip-camera-museum-2,0.95145989269624,0.9344614074096002,0.00615633276678626,0.12968984246253967,2.0122768878936768,1.8825870752334595,0.9998206696579218,0.00017933034207811882,True,True,False,False,True,True,True,False,False,True,False,highest_benign_minus_attack
1,medium_ratio_seed42,medium_mass_ratio_recalibrated,42,sealed_final_ood,benign_ood,33276,cert1m:318326,processed/iotsim-ip-camera-museum-2.csv,1736880225.993186,33326,benign,iotsim-ip-camera-museum-2,0.95145989269624,0.9344614074096002,0.00615633276678626,0.13029806315898895,2.0125842094421387,1.8822861909866333,0.9998206696579218,0.00017933034207811882,True,True,False,False,True,True,True,False,False,True,False,highest_benign_minus_attack
1,medium_ratio_seed42,medium_mass_ratio_recalibrated,42,sealed_final_ood,benign_ood,33238,cert1m:318288,processed/iotsim-ip-camera-museum-2.csv,1736880225.670771,33288,benign,iotsim-ip-camera-museum-2,0.95145989269624,0.9344614074096002,0.01026822606875949,0.12904299795627594,2.0102765560150146,1.8812335729599,0.9998206696579218,0.00017933034207811882,True,True,False,False,True,True,True,False,False,True,False,highest_benign_minus_attack
1,medium_ratio_seed42,medium_mass_ratio_recalibrated,42,sealed_final_ood,benign_ood,33299,cert1m:318349,processed/iotsim-ip-camera-museum-2.csv,1736880226.073885,33349,benign,iotsim-ip-camera-museum-2,0.95145989269624,0.9344614074096002,0.01026822606875949,0.1303817182779312,2.0113117694854736,1.8809300661087036,0.9998206696579218,0.00017933034207811882,True,True,False,False,True,True,True,False,False,True,False,highest_benign_minus_attack
1,medium_ratio_seed42,medium_mass_ratio_recalibrated,42,sealed_final_ood,benign_ood,33193,cert1m:318243,processed/iotsim-ip-camera-museum-2.csv,1736880225.347976,33243,benign,iotsim-ip-camera-museum-2,0.95145989269624,0.9344614074096002,0.00615633276678626,0.12877488136291504,2.009675979614258,1.8809010982513428,0.9998206696579218,0.00017933034207811882,True,True,False,False,True,True,True,False,False,True,False,highest_benign_minus_attack
1,medium_ratio_seed42,medium_mass_ratio_recalibrated,42,sealed_final_ood,benign_ood,33311,cert1m:318361,processed/iotsim-ip-camera-museum-2.csv,1736880226.154678,33361,benign,iotsim-ip-camera-museum-2,0.95145989269624,0.9344614074096002,0.01026822606875949,0.12954328954219818,2.0101470947265625,1.8806037902832031,0.9998206696579218,0.00017933034207811882,True,True,False,False,True,True,True,False,False,True,False,highest_benign_minus_attack
1,medium_ratio_seed42,medium_mass_ratio_recalibrated,42,sealed_final_ood,benign_ood,33147,cert1m:318197,processed/iotsim-ip-camera-museum-2.csv,1736880225.196377,33197,benign,iotsim-ip-camera-museum-2,0.95145989269624,0.9344614074096002,0.00615633276678626,0.13003011047840118,2.010580539703369,1.8805503845214844,0.9998206696579218,0.00017933034207811882,True,True,False,False,True,True,True,False,False,True,False,highest_benign_minus_attack
1,medium_ratio_seed42,medium_mass_ratio_recalibrated,42,sealed_final_ood,benign_ood,33121,cert1m:318171,processed/iotsim-ip-camera-museum-2.csv,1736880225.034746,33171,benign,iotsim-ip-camera-museum-2,0.95145989269624,0.9344614074096002,0.00615633276678626,0.12996366620063782,2.010094404220581,1.8801307678222656,0.9998206696579218,0.00017933034207811882,True,True,False,False,True,True,True,False,False,True,False,highest_benign_minus_attack
1,medium_ratio_seed42,medium_mass_ratio_recalibrated,42,sealed_final_ood,benign_ood,33274,cert1m:318324,processed/iotsim-ip-camera-museum-2.csv,1736880225.952888,33324,benign,iotsim-ip-camera-museum-2,0.95145989269624,0.9344614074096002,0.00615633276678626,0.13003453612327576,2.0100324153900146,1.8799978494644165,0.9998206696579218,0.00017933034207811882,True,True,False,False,True,True,True,False,False,True,False,highest_benign_minus_attack
1,medium_ratio_seed42,medium_mass_ratio_recalibrated,42,sealed_final_ood,benign_ood,33268,cert1m:318318,processed/iotsim-ip-camera-museum-2.csv,1736880225.832194,33318,benign,iotsim-ip-camera-museum-2,0.95145989269624,0.9344614074096002,0.01026822606875949,0.12926876544952393,2.009248971939087,1.879980206489563,0.9998206696579218,0.00017933034207811882,True,True,False,False,True,True,True,False,False,True,False,highest_benign_minus_attack
1,medium_ratio_seed42,medium_mass_ratio_recalibrated,42,sealed_final_ood,benign_ood,33326,cert1m:318376,processed/iotsim-ip-camera-museum-2.csv,1736880226.275533,33376,benign,iotsim-ip-camera-museum-2,0.95145989269624,0.9344614074096002,0.01026822606875949,0.1306966245174408,2.010497570037842,1.8798009157180786,0.9998206696579218,0.00017933034207811882,True,True,False,False,True,True,True,False,False,True,False,highest_benign_minus_attack
1,medium_ratio_seed42,medium_mass_ratio_recalibrated,42,sealed_final_ood,benign_ood,33327,cert1m:318377,processed/iotsim-ip-camera-museum-2.csv,1736880226.315815,33377,benign,iotsim-ip-camera-museum-2,0.95145989269624,0.9344614074096002,0.01026822606875949,0.13041695952415466,2.010211944580078,1.879794955253601,0.9998206696579218,0.00017933034207811882,True,True,False,False,True,True,True,False,False,True,False,highest_benign_minus_attack
1,medium_ratio_seed42,medium_mass_ratio_recalibrated,42,sealed_final_ood,benign_ood,33237,cert1m:318287,processed/iotsim-ip-camera-museum-2.csv,1736880225.670754,33287,benign,iotsim-ip-camera-museum-2,0.95145989269624,0.9344614074096002,0.01026822606875949,0.12929518520832062,2.0088984966278076,1.8796032667160034,0.9998206696579218,0.00017933034207811882,True,True,False,False,True,True,True,False,False,True,False,highest_benign_minus_attack
1,medium_ratio_seed42,medium_mass_ratio_recalibrated,42,sealed_final_ood,benign_ood,33310,cert1m:318360,processed/iotsim-ip-camera-museum-2.csv,1736880226.154658,33360,benign,iotsim-ip-camera-museum-2,0.95145989269624,0.9344614074096002,0.01026822606875949,0.12981796264648438,2.009158134460449,1.8793401718139648,0.9998206696579218,0.00017933034207811882,True,True,False,False,True,True,True,False,False,True,False,highest_benign_minus_attack
1,medium_ratio_seed42,medium_mass_ratio_recalibrated,42,sealed_final_ood,benign_ood,33300,cert1m:318350,processed/iotsim-ip-camera-museum-2.csv,1736880226.114187,33350,benign,iotsim-ip-camera-museum-2,0.95145989269624,0.9344614074096002,0.01026822606875949,0.13013231754302979,2.0092661380767822,1.8791338205337524,0.9998206696579218,0.00017933034207811882,True,True,False,False,True,True,True,False,False,True,False,highest_benign_minus_attack
1,medium_ratio_seed42,medium_mass_ratio_recalibrated,42,sealed_final_ood,benign_ood,33272,cert1m:318322,processed/iotsim-ip-camera-museum-2.csv,1736880225.912608,33322,benign,iotsim-ip-camera-museum-2,0.95145989269624,0.9344614074096002,0.00615633276678626,0.12974539399147034,2.0088086128234863,1.8790632486343384,0.9998206696579218,0.00017933034207811882,True,True,False,False,True,True,True,False,False,True,False,highest_benign_minus_attack
1,medium_ratio_seed42,medium_mass_ratio_recalibrated,42,sealed_final_ood,benign_ood,33267,cert1m:318317,processed/iotsim-ip-camera-museum-2.csv,1736880225.832176,33317,benign,iotsim-ip-camera-museum-2,0.95145989269624,0.9344614074096002,0.01026822606875949,0.1289021223783493,2.0078017711639404,1.8788996934890747,0.9998206696579218,0.00017933034207811882,True,True,False,False,True,True,True,False,False,True,False,highest_benign_minus_attack
1,medium_ratio_seed42,medium_mass_ratio_recalibrated,42,sealed_final_ood,benign_ood,33271,cert1m:318321,processed/iotsim-ip-camera-museum-2.csv,1736880225.872363,33321,benign,iotsim-ip-camera-museum-2,0.95145989269624,0.9344614074096002,0.00615633276678626,0.1299615055322647,2.008568286895752,1.8786067962646484,0.9998206696579218,0.00017933034207811882,True,True,False,False,True,True,True,False,False,True,False,highest_benign_minus_attack
1,medium_ratio_seed42,medium_mass_ratio_recalibrated,42,sealed_final_ood,benign_ood,33197,cert1m:318247,processed/iotsim-ip-camera-museum-2.csv,1736880225.388309,33247,benign,iotsim-ip-camera-museum-2,0.95145989269624,0.9344614074096002,0.00615633276678626,0.12906575202941895,2.00732684135437,1.8782610893249512,0.9998206696579218,0.00017933034207811882,True,True,False,False,True,True,True,False,False,True,False,highest_benign_minus_attack
1,medium_ratio_seed42,medium_mass_ratio_recalibrated,42,sealed_final_ood,benign_ood,33275,cert1m:318325,processed/iotsim-ip-camera-museum-2.csv,1736880225.952908,33325,benign,iotsim-ip-camera-museum-2,0.95145989269624,0.9344614074096002,0.00615633276678626,0.13057680428028107,2.0074515342712402,1.8768746852874756,0.9998206696579218,0.00017933034207811882,True,True,False,False,True,True,True,False,False,True,False,highest_benign_minus_attack
1,medium_ratio_seed42,medium_mass_ratio_recalibrated,42,sealed_final_ood,benign_ood,33265,cert1m:318315,processed/iotsim-ip-camera-museum-2.csv,1736880225.832148,33315,benign,iotsim-ip-camera-museum-2,0.95145989269624,0.9344614074096002,0.01026822606875949,0.12938249111175537,2.0054986476898193,1.876116156578064,0.9998206696579218,0.00017933034207811882,True,True,False,False,True,True,True,False,False,True,False,highest_benign_minus_attack
1,medium_ratio_seed42,medium_mass_ratio_recalibrated,42,sealed_final_ood,benign_ood,33122,cert1m:318172,processed/iotsim-ip-camera-museum-2.csv,1736880225.034758,33172,benign,iotsim-ip-camera-museum-2,0.95145989269624,0.9344614074096002,0.00615633276678626,0.12965793907642365,2.004997491836548,1.8753395080566406,0.9998206696579218,0.00017933034207811882,True,True,False,False,True,True,True,False,False,True,False,highest_benign_minus_attack
1,medium_ratio_seed42,medium_mass_ratio_recalibrated,42,sealed_final_ood,benign_ood,33273,cert1m:318323,processed/iotsim-ip-camera-museum-2.csv,1736880225.912652,33323,benign,iotsim-ip-camera-museum-2,0.95145989269624,0.9344614074096002,0.00615633276678626,0.13028235733509064,2.005455255508423,1.8751728534698486,0.9998206696579218,0.00017933034207811882,True,True,False,False,True,True,True,False,False,True,False,highest_benign_minus_attack
1,medium_ratio_seed42,medium_mass_ratio_recalibrated,42,sealed_final_ood,benign_ood,33192,cert1m:318242,processed/iotsim-ip-camera-museum-2.csv,1736880225.347962,33242,benign,iotsim-ip-camera-museum-2,0.95145989269624,0.9344614074096002,0.00615633276678626,0.12899935245513916,2.003892660140991,1.874893307685852,0.9998206696579218,0.00017933034207811882,True,True,False,False,True,True,True,False,False,True,False,highest_benign_minus_attack
1,medium_ratio_seed42,medium_mass_ratio_recalibrated,42,sealed_final_ood,benign_ood,33203,cert1m:318253,processed/iotsim-ip-camera-museum-2.csv,1736880225.509116,33253,benign,iotsim-ip-camera-museum-2,0.95145989269624,0.9344614074096002,0.00615633276678626,0.1299971044063568,2.004836082458496,1.874838948249817,0.9998206696579218,0.00017933034207811882,True,True,False,False,True,True,True,False,False,True,False,highest_benign_minus_attack
1,medium_ratio_seed42,medium_mass_ratio_recalibrated,42,sealed_final_ood,benign_ood,33269,cert1m:318319,processed/iotsim-ip-camera-museum-2.csv,1736880225.872307,33319,benign,iotsim-ip-camera-museum-2,0.95145989269624,0.9344614074096002,0.00615633276678626,0.12910005450248718,2.003901243209839,1.8748011589050293,0.9998206696579218,0.00017933034207811882,True,True,False,False,True,True,True,False,False,True,False,highest_benign_minus_attack
1,medium_ratio_seed42,medium_mass_ratio_recalibrated,42,sealed_final_ood,benign_ood,33219,cert1m:318269,processed/iotsim-ip-camera-museum-2.csv,1736880225.509455,33269,benign,iotsim-ip-camera-museum-2,0.95145989269624,0.9344614074096002,0.00615633276678626,0.1300775706768036,2.004577398300171,1.874499797821045,0.9998206696579218,0.00017933034207811882,True,True,False,False,True,True,True,False,False,True,False,highest_benign_minus_attack
1,medium_ratio_seed42,medium_mass_ratio_recalibrated,42,sealed_final_ood,benign_ood,33148,cert1m:318198,processed/iotsim-ip-camera-museum-2.csv,1736880225.196389,33198,benign,iotsim-ip-camera-museum-2,0.95145989269624,0.9344614074096002,0.00615633276678626,0.1297285407781601,2.004148244857788,1.8744196891784668,0.9998206696579218,0.00017933034207811882,True,True,False,False,True,True,True,False,False,True,False,highest_benign_minus_attack
1,medium_ratio_seed42,medium_mass_ratio_recalibrated,42,sealed_final_ood,benign_ood,33205,cert1m:318255,processed/iotsim-ip-camera-museum-2.csv,1736880225.50918,33255,benign,iotsim-ip-camera-museum-2,0.95145989269624,0.9344614074096002,0.00615633276678626,0.12940382957458496,2.0038228034973145,1.8744189739227295,0.9998206696579218,0.00017933034207811882,True,True,False,False,True,True,True,False,False,True,False,highest_benign_minus_attack
1,medium_ratio_seed42,medium_mass_ratio_recalibrated,42,sealed_final_ood,benign_ood,33201,cert1m:318251,processed/iotsim-ip-camera-museum-2.csv,1736880225.468814,33251,benign,iotsim-ip-camera-museum-2,0.95145989269624,0.9344614074096002,0.00615633276678626,0.129719078540802,2.003425121307373,1.8737061023712158,0.9998206696579218,0.00017933034207811882,True,True,False,False,True,True,True,False,False,True,False,highest_benign_minus_attack
1,medium_ratio_seed42,medium_mass_ratio_recalibrated,42,sealed_final_ood,benign_ood,33239,cert1m:318289,processed/iotsim-ip-camera-museum-2.csv,1736880225.670786,33289,benign,iotsim-ip-camera-museum-2,0.95145989269624,0.9344614074096002,0.01026822606875949,0.12880627810955048,2.0023245811462402,1.8735183477401733,0.9998206696579218,0.00017933034207811882,True,True,False,False,True,True,True,False,False,True,False,highest_benign_minus_attack
1,medium_ratio_seed42,medium_mass_ratio_recalibrated,42,sealed_final_ood,benign_ood,33277,cert1m:318327,processed/iotsim-ip-camera-museum-2.csv,1736880225.99322,33327,benign,iotsim-ip-camera-museum-2,0.95145989269624,0.9344614074096002,0.00615633276678626,0.12997379899024963,2.0030665397644043,1.873092770576477,0.9998206696579218,0.00017933034207811882,True,True,False,False,True,True,True,False,False,True,False,highest_benign_minus_attack
1,medium_ratio_seed42,medium_mass_ratio_recalibrated,42,sealed_final_ood,benign_ood,33146,cert1m:318196,processed/iotsim-ip-camera-museum-2.csv,1736880225.196363,33196,benign,iotsim-ip-camera-museum-2,0.95145989269624,0.9344614074096002,0.00615633276678626,0.13035431504249573,2.0030837059020996,1.8727294206619263,0.9998206696579218,0.00017933034207811882,True,True,False,False,True,True,True,False,False,True,False,highest_benign_minus_attack
1,medium_ratio_seed42,medium_mass_ratio_recalibrated,42,sealed_final_ood,benign_ood,33312,cert1m:318362,processed/iotsim-ip-camera-museum-2.csv,1736880226.154693,33362,benign,iotsim-ip-camera-museum-2,0.95145989269624,0.9344614074096002,0.01026822606875949,0.12928596138954163,2.0019521713256836,1.8726662397384644,0.9998206696579218,0.00017933034207811882,True,True,False,False,True,True,True,False,False,True,False,highest_benign_minus_attack
1,medium_ratio_seed42,medium_mass_ratio_recalibrated,42,sealed_final_ood,benign_ood,33236,cert1m:318286,processed/iotsim-ip-camera-museum-2.csv,1736880225.670743,33286,benign,iotsim-ip-camera-museum-2,0.95145989269624,0.9344614074096002,0.01026822606875949,0.12956403195858002,2.002149820327759,1.8725857734680176,0.9998206696579218,0.00017933034207811882,True,True,False,False,True,True,True,False,False,True,False,highest_benign_minus_attack
1,medium_ratio_seed42,medium_mass_ratio_recalibrated,42,sealed_final_ood,benign_ood,33120,cert1m:318170,processed/iotsim-ip-camera-museum-2.csv,1736880225.034735,33170,benign,iotsim-ip-camera-museum-2,0.95145989269624,0.9344614074096002,0.00615633276678626,0.13029304146766663,2.0025062561035156,1.8722132444381714,0.9998206696579218,0.00017933034207811882,True,True,False,False,True,True,True,False,False,True,False,highest_benign_minus_attack
1,medium_ratio_seed42,medium_mass_ratio_recalibrated,42,sealed_final_ood,benign_ood,33309,cert1m:318359,processed/iotsim-ip-camera-museum-2.csv,1736880226.154644,33359,benign,iotsim-ip-camera-museum-2,0.95145989269624,0.9344614074096002,0.01026822606875949,0.13011132180690765,2.0021283626556396,1.8720170259475708,0.9998206696579218,0.00017933034207811882,True,True,False,False,True,True,True,False,False,True,False,highest_benign_minus_attack
1,medium_ratio_seed42,medium_mass_ratio_recalibrated,42,sealed_final_ood,benign_ood,33196,cert1m:318246,processed/iotsim-ip-camera-museum-2.csv,1736880225.388222,33246,benign,iotsim-ip-camera-museum-2,0.95145989269624,0.9344614074096002,0.00615633276678626,0.1293095499277115,2.0012495517730713,1.871940016746521,0.9998206696579218,0.00017933034207811882,True,True,False,False,True,True,True,False,False,True,False,highest_benign_minus_attack
1,medium_ratio_seed42,medium_mass_ratio_recalibrated,42,sealed_final_ood,benign_ood,33195,cert1m:318245,processed/iotsim-ip-camera-museum-2.csv,1736880225.348006,33245,benign,iotsim-ip-camera-museum-2,0.95145989269624,0.9344614074096002,0.00615633276678626,0.12947939336299896,2.0006425380706787,1.8711631298065186,0.9998206696579218,0.00017933034207811882,True,True,False,False,True,True,True,False,False,True,False,highest_benign_minus_attack
1,medium_ratio_seed42,medium_mass_ratio_recalibrated,42,sealed_final_ood,benign_ood,33328,cert1m:318378,processed/iotsim-ip-camera-museum-2.csv,1736880226.31586,33378,benign,iotsim-ip-camera-museum-2,0.95145989269624,0.9344614074096002,0.01026822606875949,0.13009154796600342,2.000706911087036,1.8706153631210327,0.9998206696579218,0.00017933034207811882,True,True,False,False,True,True,True,False,False,True,False,highest_benign_minus_attack
1,medium_ratio_seed42,medium_mass_ratio_recalibrated,42,sealed_final_ood,benign_ood,33138,cert1m:318188,processed/iotsim-ip-camera-museum-2.csv,1736880225.075116,33188,benign,iotsim-ip-camera-museum-2,0.95145989269624,0.9344614074096002,0.00615633276678626,0.1303488165140152,2.0007638931274414,1.8704150915145874,0.9998206696579218,0.00017933034207811882,True,True,False,False,True,True,True,False,False,True,False,highest_benign_minus_attack
1,medium_ratio_seed42,medium_mass_ratio_recalibrated,42,sealed_final_ood,benign_ood,33247,cert1m:318297,processed/iotsim-ip-camera-museum-2.csv,1736880225.751257,33297,benign,iotsim-ip-camera-museum-2,0.95145989269624,0.9344614074096002,0.01026822606875949,0.12983055412769318,2.0001730918884277,1.870342493057251,0.9998206696579218,0.00017933034207811882,True,True,False,False,True,True,True,False,False,True,False,highest_benign_minus_attack
1,medium_ratio_seed42,medium_mass_ratio_recalibrated,42,sealed_final_ood,benign_ood,33202,cert1m:318252,processed/iotsim-ip-camera-museum-2.csv,1736880225.468854,33252,benign,iotsim-ip-camera-museum-2,0.95145989269624,0.9344614074096002,0.00615633276678626,0.13025134801864624,2.000267505645752,1.870016098022461,0.9998206696579218,0.00017933034207811882,True,True,False,False,True,True,True,False,False,True,False,highest_benign_minus_attack
1,medium_ratio_seed42,medium_mass_ratio_recalibrated,42,sealed_final_ood,benign_ood,33264,cert1m:318314,processed/iotsim-ip-camera-museum-2.csv,1736880225.832125,33314,benign,iotsim-ip-camera-museum-2,0.95145989269624,0.9344614074096002,0.01026822606875949,0.1296451836824417,1.9990166425704956,1.8693714141845703,0.9998206696579218,0.00017933034207811882,True,True,False,False,True,True,True,False,False,True,False,highest_benign_minus_attack
1,medium_ratio_seed42,medium_mass_ratio_recalibrated,42,sealed_final_ood,benign_ood,33191,cert1m:318241,processed/iotsim-ip-camera-museum-2.csv,1736880225.347946,33241,benign,iotsim-ip-camera-museum-2,0.95145989269624,0.9344614074096002,0.00615633276678626,0.12923650443553925,1.9980475902557373,1.8688111305236816,0.9998206696579218,0.00017933034207811882,True,True,False,False,True,True,True,False,False,True,False,highest_benign_minus_attack
1,medium_ratio_seed42,medium_mass_ratio_recalibrated,42,sealed_final_ood,benign_ood,33200,cert1m:318250,processed/iotsim-ip-camera-museum-2.csv,1736880225.428535,33250,benign,iotsim-ip-camera-museum-2,0.95145989269624,0.9344614074096002,0.00615633276678626,0.12994125485420227,1.9972187280654907,1.8672775030136108,0.9998206696579218,0.00017933034207811882,True,True,False,False,True,True,True,False,False,True,False,highest_benign_minus_attack
1,medium_ratio_seed42,medium_mass_ratio_recalibrated,42,sealed_final_ood,benign_ood,33223,cert1m:318273,processed/iotsim-ip-camera-museum-2.csv,1736880225.589951,33273,benign,iotsim-ip-camera-museum-2,0.95145989269624,0.9344614074096002,0.00615633276678626,0.1296713799238205,1.9968887567520142,1.8672174215316772,0.9998206696579218,0.00017933034207811882,True,True,False,False,True,True,True,False,False,True,False,highest_benign_minus_attack
1,medium_ratio_seed42,medium_mass_ratio_recalibrated,42,sealed_final_ood,benign_ood,33270,cert1m:318320,processed/iotsim-ip-camera-museum-2.csv,1736880225.872351,33320,benign,iotsim-ip-camera-museum-2,0.95145989269624,0.9344614074096002,0.00615633276678626,0.1288640946149826,1.9960167407989502,1.8671526908874512,0.9998206696579218,0.00017933034207811882,True,True,False,False,True,True,True,False,False,True,False,highest_benign_minus_attack
1,medium_ratio_seed42,medium_mass_ratio_recalibrated,42,sealed_final_ood,benign_ood,33123,cert1m:318173,processed/iotsim-ip-camera-museum-2.csv,1736880225.034776,33173,benign,iotsim-ip-camera-museum-2,0.95145989269624,0.9344614074096002,0.00615633276678626,0.12937398254871368,1.9958709478378296,1.8664969205856323,0.9998206696579218,0.00017933034207811882,True,True,False,False,True,True,True,False,False,True,False,highest_benign_minus_attack
1,medium_ratio_seed42,medium_mass_ratio_recalibrated,42,sealed_final_ood,benign_ood,33323,cert1m:318373,processed/iotsim-ip-camera-museum-2.csv,1736880226.235179,33373,benign,iotsim-ip-camera-museum-2,0.95145989269624,0.9344614074096002,0.01026822606875949,0.12936931848526,1.995806336402893,1.8664369583129883,0.9998206696579218,0.00017933034207811882,True,True,False,False,True,True,True,False,False,True,False,highest_benign_minus_attack
1,medium_ratio_seed42,medium_mass_ratio_recalibrated,42,sealed_final_ood,benign_ood,33139,cert1m:318189,processed/iotsim-ip-camera-museum-2.csv,1736880225.115737,33189,benign,iotsim-ip-camera-museum-2,0.95145989269624,0.9344614074096002,0.00615633276678626,0.13010470569133759,1.9964263439178467,1.8663216829299927,0.9998206696579218,0.00017933034207811882,True,True,False,False,True,True,True,False,False,True,False,highest_benign_minus_attack
1,medium_ratio_seed42,medium_mass_ratio_recalibrated,42,sealed_final_ood,benign_ood,33324,cert1m:318374,processed/iotsim-ip-camera-museum-2.csv,1736880226.235207,33374,benign,iotsim-ip-camera-museum-2,0.95145989269624,0.9344614074096002,0.01026822606875949,0.12974698841571808,1.99587881565094,1.8661317825317383,0.9998206696579218,0.00017933034207811882,True,True,False,False,True,True,True,False,False,True,False,highest_benign_minus_attack
1,medium_ratio_seed42,medium_mass_ratio_recalibrated,42,sealed_final_ood,benign_ood,33240,cert1m:318290,processed/iotsim-ip-camera-museum-2.csv,1736880225.670799,33290,benign,iotsim-ip-camera-museum-2,0.95145989269624,0.9344614074096002,0.01026822606875949,0.12858405709266663,1.9946887493133545,1.8661047220230103,0.9998206696579218,0.00017933034207811882,True,True,False,False,True,True,True,False,False,True,False,highest_benign_minus_attack
1,medium_ratio_seed42,medium_mass_ratio_recalibrated,42,sealed_final_ood,benign_ood,33092,cert1m:318142,processed/iotsim-ip-camera-museum-2.csv,1736880224.873383,33142,benign,iotsim-ip-camera-museum-2,0.95145989269624,0.9344614074096002,0.00615633276678626,0.129969984292984,1.996055006980896,1.8660850524902344,0.9998206696579218,0.00017933034207811882,True,True,False,False,True,True,True,False,False,True,False,highest_benign_minus_attack
1,medium_ratio_seed42,medium_mass_ratio_recalibrated,42,sealed_final_ood,benign_ood,33206,cert1m:318256,processed/iotsim-ip-camera-museum-2.csv,1736880225.509203,33256,benign,iotsim-ip-camera-museum-2,0.95145989269624,0.9344614074096002,0.00615633276678626,0.1291375458240509,1.9951598644256592,1.8660223484039307,0.9998206696579218,0.00017933034207811882,True,True,False,False,True,True,True,False,False,True,False,highest_benign_minus_attack
1,medium_ratio_seed42,medium_mass_ratio_recalibrated,42,sealed_final_ood,benign_ood,33149,cert1m:318199,processed/iotsim-ip-camera-museum-2.csv,1736880225.196406,33199,benign,iotsim-ip-camera-museum-2,0.95145989269624,0.9344614074096002,0.00615633276678626,0.12944792211055756,1.995290994644165,1.8658430576324463,0.9998206696579218,0.00017933034207811882,True,True,False,False,True,True,True,False,False,True,False,highest_benign_minus_attack
1,medium_ratio_seed42,medium_mass_ratio_recalibrated,42,sealed_final_ood,benign_ood,33235,cert1m:318285,processed/iotsim-ip-camera-museum-2.csv,1736880225.670725,33285,benign,iotsim-ip-camera-museum-2,0.95145989269624,0.9344614074096002,0.01026822606875949,0.12985073029994965,1.9953149557113647,1.865464210510254,0.9998206696579218,0.00017933034207811882,True,True,False,False,True,True,True,False,False,True,False,highest_benign_minus_attack
1,medium_ratio_seed42,medium_mass_ratio_recalibrated,42,sealed_final_ood,benign_ood,33245,cert1m:318295,processed/iotsim-ip-camera-museum-2.csv,1736880225.710985,33295,benign,iotsim-ip-camera-museum-2,0.95145989269624,0.9344614074096002,0.01026822606875949,0.12972107529640198,1.9951189756393433,1.8653979301452637,0.9998206696579218,0.00017933034207811882,True,True,False,False,True,True,True,False,False,True,False,highest_benign_minus_attack
1,medium_ratio_seed42,medium_mass_ratio_recalibrated,42,sealed_final_ood,benign_ood,33246,cert1m:318296,processed/iotsim-ip-camera-museum-2.csv,1736880225.710994,33296,benign,iotsim-ip-camera-museum-2,0.95145989269624,0.9344614074096002,0.01026822606875949,0.13005861639976501,1.9951168298721313,1.865058183670044,0.9998206696579218,0.00017933034207811882,True,True,False,False,True,True,True,False,False,True,False,highest_benign_minus_attack
1,medium_ratio_seed42,medium_mass_ratio_recalibrated,42,sealed_final_ood,benign_ood,33313,cert1m:318363,processed/iotsim-ip-camera-museum-2.csv,1736880226.154707,33363,benign,iotsim-ip-camera-museum-2,0.95145989269624,0.9344614074096002,0.01026822606875949,0.1290447860956192,1.9940941333770752,1.8650493621826172,0.9998206696579218,0.00017933034207811882,True,True,False,False,True,True,True,False,False,True,False,highest_benign_minus_attack
1,medium_ratio_seed42,medium_mass_ratio_recalibrated,42,sealed_final_ood,benign_ood,33243,cert1m:318293,processed/iotsim-ip-camera-museum-2.csv,1736880225.670844,33293,benign,iotsim-ip-camera-museum-2,0.95145989269624,0.9344614074096002,0.01026822606875949,0.1302361935377121,1.9950602054595947,1.8648240566253662,0.9998206696579218,0.00017933034207811882,True,True,False,False,True,True,True,False,False,True,False,highest_benign_minus_attack
1,medium_ratio_seed42,medium_mass_ratio_recalibrated,42,sealed_final_ood,benign_ood,33145,cert1m:318195,processed/iotsim-ip-camera-museum-2.csv,1736880225.196337,33195,benign,iotsim-ip-camera-museum-2,0.95145989269624,0.9344614074096002,0.00615633276678626,0.13070306181907654,1.9954882860183716,1.8647851943969727,0.9998206696579218,0.00017933034207811882,True,True,False,False,True,True,True,False,False,True,False,highest_benign_minus_attack
1,medium_ratio_seed42,medium_mass_ratio_recalibrated,42,sealed_final_ood,benign_ood,33117,cert1m:318167,processed/iotsim-ip-camera-museum-2.csv,1736880224.994439,33167,benign,iotsim-ip-camera-museum-2,0.95145989269624,0.9344614074096002,0.00615633276678626,0.13137231767177582,1.9960966110229492,1.8647242784500122,0.9998206696579218,0.00017933034207811882,True,True,False,False,True,True,True,False,False,True,False,highest_benign_minus_attack
1,medium_ratio_seed42,medium_mass_ratio_recalibrated,42,sealed_final_ood,benign_ood,33308,cert1m:318358,processed/iotsim-ip-camera-museum-2.csv,1736880226.154623,33358,benign,iotsim-ip-camera-museum-2,0.95145989269624,0.9344614074096002,0.01026822606875949,0.13042476773262024,1.9950052499771118,1.864580512046814,0.9998206696579218,0.00017933034207811882,True,True,False,False,True,True,True,False,False,True,False,highest_benign_minus_attack
1,medium_ratio_seed42,medium_mass_ratio_recalibrated,42,sealed_final_ood,benign_ood,33090,cert1m:318140,processed/iotsim-ip-camera-museum-2.csv,1736880224.833146,33140,benign,iotsim-ip-camera-museum-2,0.95145989269624,0.9344614074096002,0.00615633276678626,0.1302313357591629,1.9944993257522583,1.8642679452896118,0.9998206696579218,0.00017933034207811882,True,True,False,False,True,True,True,False,False,True,False,highest_benign_minus_attack
1,medium_ratio_seed42,medium_mass_ratio_recalibrated,42,sealed_final_ood,benign_ood,33278,cert1m:318328,processed/iotsim-ip-camera-museum-2.csv,1736880225.993229,33328,benign,iotsim-ip-camera-museum-2,0.95145989269624,0.9344614074096002,0.00615633276678626,0.1296735405921936,1.9938510656356812,1.8641774654388428,0.9998206696579218,0.00017933034207811882,True,True,False,False,True,True,True,False,False,True,False,highest_benign_minus_attack
1,medium_ratio_seed42,medium_mass_ratio_recalibrated,42,sealed_final_ood,benign_ood,33119,cert1m:318169,processed/iotsim-ip-camera-museum-2.csv,1736880225.034705,33169,benign,iotsim-ip-camera-museum-2,0.95145989269624,0.9344614074096002,0.00615633276678626,0.13064804673194885,1.9948216676712036,1.8641736507415771,0.9998206696579218,0.00017933034207811882,True,True,False,False,True,True,True,False,False,True,False,highest_benign_minus_attack
1,medium_ratio_seed42,medium_mass_ratio_recalibrated,42,sealed_final_ood,benign_ood,33190,cert1m:318240,processed/iotsim-ip-camera-museum-2.csv,1736880225.347935,33240,benign,iotsim-ip-camera-museum-2,0.95145989269624,0.9344614074096002,0.00615633276678626,0.12948717176914215,1.9921435117721558,1.8626563549041748,0.9998206696579218,0.00017933034207811882,True,True,False,False,True,True,True,False,False,True,False,highest_benign_minus_attack
1,medium_ratio_seed42,medium_mass_ratio_recalibrated,42,sealed_final_ood,benign_ood,33199,cert1m:318249,processed/iotsim-ip-camera-museum-2.csv,1736880225.428503,33249,benign,iotsim-ip-camera-museum-2,0.95145989269624,0.9344614074096002,0.00615633276678626,0.1298905313014984,1.9924875497817993,1.8625969886779785,0.9998206696579218,0.00017933034207811882,True,True,False,False,True,True,True,False,False,True,False,highest_benign_minus_attack
1,medium_ratio_seed42,medium_mass_ratio_recalibrated,42,sealed_final_ood,benign_ood,33263,cert1m:318313,processed/iotsim-ip-camera-museum-2.csv,1736880225.832108,33313,benign,iotsim-ip-camera-museum-2,0.95145989269624,0.9344614074096002,0.01026822606875949,0.12992429733276367,1.9924561977386475,1.8625319004058838,0.9998206696579218,0.00017933034207811882,True,True,False,False,True,True,True,False,False,True,False,highest_benign_minus_attack
1,medium_ratio_seed42,medium_mass_ratio_recalibrated,42,sealed_final_ood,benign_ood,33221,cert1m:318271,processed/iotsim-ip-camera-museum-2.csv,1736880225.549601,33271,benign,iotsim-ip-camera-museum-2,0.95145989269624,0.9344614074096002,0.00615633276678626,0.12957818806171417,1.991801381111145,1.8622231483459473,0.9998206696579218,0.00017933034207811882,True,True,False,False,True,True,True,False,False,True,False,highest_benign_minus_attack
1,medium_ratio_seed42,medium_mass_ratio_recalibrated,42,sealed_final_ood,benign_ood,33222,cert1m:318272,processed/iotsim-ip-camera-museum-2.csv,1736880225.549651,33272,benign,iotsim-ip-camera-museum-2,0.95145989269624,0.9344614074096002,0.00615633276678626,0.12989050149917603,1.9919378757476807,1.8620474338531494,0.9998206696579218,0.00017933034207811882,True,True,False,False,True,True,True,False,False,True,False,highest_benign_minus_attack
1,medium_ratio_seed42,medium_mass_ratio_recalibrated,42,sealed_final_ood,benign_ood,33329,cert1m:318379,processed/iotsim-ip-camera-museum-2.csv,1736880226.315888,33379,benign,iotsim-ip-camera-museum-2,0.95145989269624,0.9344614074096002,0.01026822606875949,0.12978999316692352,1.991653323173523,1.861863374710083,0.9998206696579218,0.00017933034207811882,True,True,False,False,True,True,True,False,False,True,False,highest_benign_minus_attack
1,medium_ratio_seed42,medium_mass_ratio_recalibrated,42,sealed_final_ood,benign_ood,33198,cert1m:318248,processed/iotsim-ip-camera-museum-2.csv,1736880225.388333,33248,benign,iotsim-ip-camera-museum-2,0.95145989269624,0.9344614074096002,0.00615633276678626,0.1301032453775406,1.9917728900909424,1.861669659614563,0.9998206696579218,0.00017933034207811882,True,True,False,False,True,True,True,False,False,True,False,highest_benign_minus_attack
1,medium_ratio_seed42,medium_mass_ratio_recalibrated,42,sealed_final_ood,benign_ood,33322,cert1m:318372,processed/iotsim-ip-camera-museum-2.csv,1736880226.194936,33372,benign,iotsim-ip-camera-museum-2,0.95145989269624,0.9344614074096002,0.01026822606875949,0.1295551061630249,1.9902151823043823,1.8606600761413574,0.9998206696579218,0.00017933034207811882,True,True,False,False,True,True,True,False,False,True,False,highest_benign_minus_attack
1,medium_ratio_seed42,medium_mass_ratio_recalibrated,42,sealed_final_ood,benign_ood,33225,cert1m:318275,processed/iotsim-ip-camera-museum-2.csv,1736880225.630242,33275,benign,iotsim-ip-camera-museum-2,0.95145989269624,0.9344614074096002,0.01026822606875949,0.13023842871189117,1.9906425476074219,1.860404133796692,0.9998206696579218,0.00017933034207811882,True,True,False,False,True,True,True,False,False,True,False,highest_benign_minus_attack
1,medium_ratio_seed42,medium_mass_ratio_recalibrated,42,sealed_final_ood,benign_ood,33325,cert1m:318375,processed/iotsim-ip-camera-museum-2.csv,1736880226.275484,33375,benign,iotsim-ip-camera-museum-2,0.95145989269624,0.9344614074096002,0.01026822606875949,0.1295388638973236,1.9897150993347168,1.8601762056350708,0.9998206696579218,0.00017933034207811882,True,True,False,False,True,True,True,False,False,True,False,highest_benign_minus_attack
1,medium_ratio_seed42,medium_mass_ratio_recalibrated,42,sealed_final_ood,benign_ood,33136,cert1m:318186,processed/iotsim-ip-camera-museum-2.csv,1736880225.075061,33186,benign,iotsim-ip-camera-museum-2,0.95145989269624,0.9344614074096002,0.00615633276678626,0.12877406179904938,1.9880499839782715,1.8592759370803833,0.9998206696579218,0.00017933034207811882,True,True,False,False,True,True,True,False,False,True,False,highest_benign_minus_attack
6,strict_weight4_seed42,strict_frozen_weight4,42,ood_stress,benign_ood,229899,cert1m:699999,processed/iotsim-stream-consumer-1.csv,1736882455.2457,149999,benign,iotsim-stream-consumer-1,0.9961096050362873,0.9925510085914937,0.011102438655913637,0.12537218630313873,1.1728665828704834,1.0474944114685059,0.9998206696579218,0.00017933034207811882,True,True,False,False,True,True,True,False,False,True,False,top_temporal_attack
6,strict_weight4_seed42,strict_frozen_weight4,42,ood_stress,benign_ood,0,cert1m:205050,processed/iotsim-stream-consumer-2.csv,1736880021.888918,50,benign,iotsim-stream-consumer-2,0.995709340826264,0.9921507443814704,0.011102438655913637,0.11604660749435425,0.20183995366096497,0.08579334616661072,0.9998206696579218,0.00017933034207811882,True,True,False,False,True,True,True,False,False,True,False,top_temporal_attack
6,strict_weight4_seed42,strict_frozen_weight4,42,ood_stress,benign_ood,1,cert1m:205051,processed/iotsim-stream-consumer-2.csv,1736880021.88894,51,benign,iotsim-stream-consumer-2,0.995709340826264,0.9921507443814704,0.011102438655913637,0.11536656320095062,0.20128022134304047,0.08591365814208984,0.9998206696579218,0.00017933034207811882,True,True,False,False,True,True,True,False,False,True,False,top_temporal_attack
6,strict_weight4_seed42,strict_frozen_weight4,42,ood_stress,benign_ood,2,cert1m:205052,processed/iotsim-stream-consumer-2.csv,1736880021.888956,52,benign,iotsim-stream-consumer-2,0.995709340826264,0.9921507443814704,0.011102438655913637,0.1147373616695404,0.20072050392627716,0.08598314225673676,0.9998206696579218,0.00017933034207811882,True,True,False,False,True,True,True,False,False,True,False,top_temporal_attack
6,strict_weight4_seed42,strict_frozen_weight4,42,ood_stress,benign_ood,3,cert1m:205053,processed/iotsim-stream-consumer-2.csv,1736880021.888964,53,benign,iotsim-stream-consumer-2,0.995709340826264,0.9921507443814704,0.011102438655913637,0.11415528506040573,0.20016077160835266,0.08600548654794693,0.9998206696579218,0.00017933034207811882,True,True,False,False,True,True,True,False,False,True,False,top_temporal_attack
6,strict_weight4_seed42,strict_frozen_weight4,42,ood_stress,benign_ood,4,cert1m:205054,processed/iotsim-stream-consumer-2.csv,1736880021.889919,54,benign,iotsim-stream-consumer-2,0.995709340826264,0.9921507443814704,0.011102438655913637,0.13087692856788635,0.19962634146213531,0.06874941289424896,0.9998206696579218,0.00017933034207811882,True,True,False,False,True,True,True,False,False,True,False,top_temporal_attack
6,strict_weight4_seed42,strict_frozen_weight4,42,ood_stress,benign_ood,5,cert1m:205055,processed/iotsim-stream-consumer-2.csv,1736880021.921612,55,benign,iotsim-stream-consumer-2,0.995709340826264,0.9921507443814704,0.011102438655913637,0.12956354022026062,0.19989344477653503,0.07032990455627441,0.9998206696579218,0.00017933034207811882,True,True,False,False,True,True,True,False,False,True,False,top_temporal_attack
6,strict_weight4_seed42,strict_frozen_weight4,42,ood_stress,benign_ood,6,cert1m:205056,processed/iotsim-stream-consumer-2.csv,1736880021.922445,56,benign,iotsim-stream-consumer-2,0.995709340826264,0.9921507443814704,0.011102438655913637,0.12827955186367035,0.1993546038866043,0.07107505202293396,0.9998206696579218,0.00017933034207811882,True,True,False,False,True,True,True,False,False,True,False,top_temporal_attack
6,strict_weight4_seed42,strict_frozen_weight4,42,ood_stress,benign_ood,7,cert1m:205057,processed/iotsim-stream-consumer-2.csv,1736880021.922457,57,benign,iotsim-stream-consumer-2,0.995709340826264,0.9921507443814704,0.011102438655913637,0.12813104689121246,0.19879482686519623,0.07066377997398376,0.9998206696579218,0.00017933034207811882,True,True,False,False,True,True,True,False,False,True,False,top_temporal_attack
6,strict_weight4_seed42,strict_frozen_weight4,42,ood_stress,benign_ood,8,cert1m:205058,processed/iotsim-stream-consumer-2.csv,1736880021.961443,58,benign,iotsim-stream-consumer-2,0.995709340826264,0.9921507443814704,0.011102438655913637,0.12699371576309204,0.1992342621088028,0.07224054634571075,0.9998206696579218,0.00017933034207811882,True,True,False,False,True,True,True,False,False,True,False,top_temporal_attack
6,strict_weight4_seed42,strict_frozen_weight4,42,ood_stress,benign_ood,9,cert1m:205059,processed/iotsim-stream-consumer-2.csv,1736880021.961463,59,benign,iotsim-stream-consumer-2,0.995709340826264,0.9921507443814704,0.011102438655913637,0.13168880343437195,0.19867409765720367,0.06698529422283173,0.9998206696579218,0.00017933034207811882,True,True,False,False,True,True,True,False,False,True,False,top_temporal_attack
6,strict_weight4_seed42,strict_frozen_weight4,42,ood_stress,benign_ood,229883,cert1m:699983,processed/iotsim-stream-consumer-1.csv,1736882455.165545,149983,benign,iotsim-stream-consumer-1,0.9961096050362873,0.9925510085914937,0.011102438655913637,0.12582623958587646,1.216896653175354,1.0910704135894775,0.9998206696579218,0.00017933034207811882,True,True,False,False,True,True,True,False,False,True,False,top_temporal_attack
6,strict_weight4_seed42,strict_frozen_weight4,42,ood_stress,benign_ood,229882,cert1m:699982,processed/iotsim-stream-consumer-1.csv,1736882455.165538,149982,benign,iotsim-stream-consumer-1,0.9961096050362873,0.9925510085914937,0.011102438655913637,0.12590830028057098,1.2206201553344727,1.0947118997573853,0.9998206696579218,0.00017933034207811882,True,True,False,False,True,True,True,False,False,True,False,top_temporal_attack
6,strict_weight4_seed42,strict_frozen_weight4,42,ood_stress,benign_ood,229881,cert1m:699981,processed/iotsim-stream-consumer-1.csv,1736882455.165522,149981,benign,iotsim-stream-consumer-1,0.9961096050362873,0.9925510085914937,0.011102438655913637,0.12599600851535797,1.22446608543396,1.0984700918197632,0.9998206696579218,0.00017933034207811882,True,True,False,False,True,True,True,False,False,True,False,top_temporal_attack
6,strict_weight4_seed42,strict_frozen_weight4,42,ood_stress,benign_ood,229880,cert1m:699980,processed/iotsim-stream-consumer-1.csv,1736882455.165512,149980,benign,iotsim-stream-consumer-1,0.9961096050362873,0.9925510085914937,0.011102438655913637,0.12608979642391205,1.2284400463104248,1.1023502349853516,0.9998206696579218,0.00017933034207811882,True,True,False,False,True,True,True,False,False,True,False,top_temporal_attack
6,strict_weight4_seed42,strict_frozen_weight4,42,ood_stress,benign_ood,229879,cert1m:699979,processed/iotsim-stream-consumer-1.csv,1736882455.165486,149979,benign,iotsim-stream-consumer-1,0.9961096050362873,0.9925510085914937,0.011102438655913637,0.1261899620294571,1.2325481176376343,1.1063581705093384,0.9998206696579218,0.00017933034207811882,True,True,False,False,True,True,True,False,False,True,False,top_temporal_attack
6,strict_weight4_seed42,strict_frozen_weight4,42,ood_stress,benign_ood,229878,cert1m:699978,processed/iotsim-stream-consumer-1.csv,1736882455.134822,149978,benign,iotsim-stream-consumer-1,0.9961096050362873,0.9925510085914937,0.011102438655913637,0.12622153759002686,1.2326027154922485,1.1063811779022217,0.9998206696579218,0.00017933034207811882,True,True,False,False,True,True,True,False,False,True,False,top_temporal_attack
6,strict_weight4_seed42,strict_frozen_weight4,42,ood_stress,benign_ood,229877,cert1m:699977,processed/iotsim-stream-consumer-1.csv,1736882455.134785,149977,benign,iotsim-stream-consumer-1,0.9961096050362873,0.9925510085914937,0.011102438655913637,0.12544000148773193,1.1726025342941284,1.0471625328063965,0.9998206696579218,0.00017933034207811882,True,True,False,False,True,True,True,False,False,True,False,top_temporal_attack
6,strict_weight4_seed42,strict_frozen_weight4,42,ood_stress,benign_ood,229876,cert1m:699976,processed/iotsim-stream-consumer-1.csv,1736882455.094429,149976,benign,iotsim-stream-consumer-1,0.9961096050362873,0.9925510085914937,0.011102438655913637,0.12536916136741638,1.1734706163406372,1.0481014251708984,0.9998206696579218,0.00017933034207811882,True,True,False,False,True,True,True,False,False,True,False,top_temporal_attack
6,strict_weight4_seed42,strict_frozen_weight4,42,ood_stress,benign_ood,229875,cert1m:699975,processed/iotsim-stream-consumer-1.csv,1736882455.094405,149975,benign,iotsim-stream-consumer-1,0.9961096050362873,0.9925510085914937,0.011102438655913637,0.12533323466777802,1.146292805671692,1.0209596157073975,0.9998206696579218,0.00017933034207811882,True,True,False,False,True,True,True,False,False,True,False,top_temporal_attack
6,strict_weight4_seed42,strict_frozen_weight4,42,ood_stress,benign_ood,229874,cert1m:699974,processed/iotsim-stream-consumer-1.csv,1736882455.054714,149974,benign,iotsim-stream-consumer-1,0.9961096050362873,0.9925510085914937,0.011102438655913637,0.12523195147514343,1.148334264755249,1.0231022834777832,0.9998206696579218,0.00017933034207811882,True,True,False,False,True,True,True,False,False,True,False,top_temporal_attack
6,strict_weight4_seed42,strict_frozen_weight4,42,ood_stress,benign_ood,229873,cert1m:699973,processed/iotsim-stream-consumer-1.csv,1736882455.054691,149973,benign,iotsim-stream-consumer-1,0.9961096050362873,0.9925510085914937,0.011102438655913637,0.12519407272338867,1.1497480869293213,1.0245540142059326,0.9998206696579218,0.00017933034207811882,True,True,False,False,True,True,True,False,False,True,False,top_temporal_attack
6,strict_weight4_seed42,strict_frozen_weight4,42,ood_stress,benign_ood,229872,cert1m:699972,processed/iotsim-stream-consumer-1.csv,1736882455.015534,149972,benign,iotsim-stream-consumer-1,0.9961096050362873,0.9925510085914937,0.011102438655913637,0.12509122490882874,1.1500765085220337,1.0249853134155273,0.9998206696579218,0.00017933034207811882,True,True,False,False,True,True,True,False,False,True,False,top_temporal_attack
6,strict_weight4_seed42,strict_frozen_weight4,42,ood_stress,benign_ood,229871,cert1m:699971,processed/iotsim-stream-consumer-1.csv,1736882455.014479,149971,benign,iotsim-stream-consumer-1,0.9961096050362873,0.9925510085914937,0.011102438655913637,0.12531593441963196,1.1268051862716675,1.001489281654358,0.9998206696579218,0.00017933034207811882,True,True,False,False,True,True,True,False,False,True,False,top_temporal_attack
6,strict_weight4_seed42,strict_frozen_weight4,42,ood_stress,benign_ood,229870,cert1m:699970,processed/iotsim-stream-consumer-1.csv,1736882455.014466,149970,benign,iotsim-stream-consumer-1,0.9961096050362873,0.9925510085914937,0.011102438655913637,0.12530913949012756,1.1282168626785278,1.0029077529907227,0.9998206696579218,0.00017933034207811882,True,True,False,False,True,True,True,False,False,True,False,top_temporal_attack
6,strict_weight4_seed42,strict_frozen_weight4,42,ood_stress,benign_ood,229869,cert1m:699969,processed/iotsim-stream-consumer-1.csv,1736882455.014461,149969,benign,iotsim-stream-consumer-1,0.9961096050362873,0.9925510085914937,0.011102438655913637,0.12530316412448883,1.1296625137329102,1.0043593645095825,0.9998206696579218,0.00017933034207811882,True,True,False,False,True,True,True,False,False,True,False,top_temporal_attack
6,strict_weight4_seed42,strict_frozen_weight4,42,ood_stress,benign_ood,229868,cert1m:699968,processed/iotsim-stream-consumer-1.csv,1736882455.014454,149968,benign,iotsim-stream-consumer-1,0.9961096050362873,0.9925510085914937,0.011102438655913637,0.12529803812503815,1.1311434507369995,1.0058454275131226,0.9998206696579218,0.00017933034207811882,True,True,False,False,True,True,True,False,False,True,False,top_temporal_attack
6,strict_weight4_seed42,strict_frozen_weight4,42,ood_stress,benign_ood,42,cert1m:205092,processed/iotsim-stream-consumer-2.csv,1736880022.192943,92,benign,iotsim-stream-consumer-2,0.995709340826264,0.9921507443814704,0.011102438655913637,0.11810027062892914,0.18709519505500793,0.0689949244260788,0.9998206696579218,0.00017933034207811882,True,True,False,False,True,True,True,False,False,True,False,top_temporal_attack
6,strict_weight4_seed42,strict_frozen_weight4,42,ood_stress,benign_ood,41,cert1m:205091,processed/iotsim-stream-consumer-2.csv,1736880022.192938,91,benign,iotsim-stream-consumer-2,0.995709340826264,0.9921507443814704,0.011102438655913637,0.1185944527387619,0.18765567243099213,0.06906121969223022,0.9998206696579218,0.00017933034207811882,True,True,False,False,True,True,True,False,False,True,False,top_temporal_attack
6,strict_weight4_seed42,strict_frozen_weight4,42,ood_stress,benign_ood,40,cert1m:205090,processed/iotsim-stream-consumer-2.csv,1736880022.192933,90,benign,iotsim-stream-consumer-2,0.995709340826264,0.9921507443814704,0.011102438655913637,0.11911585181951523,0.18821635842323303,0.0691005066037178,0.9998206696579218,0.00017933034207811882,True,True,False,False,True,True,True,False,False,True,False,top_temporal_attack
6,strict_weight4_seed42,strict_frozen_weight4,42,ood_stress,benign_ood,39,cert1m:205089,processed/iotsim-stream-consumer-2.csv,1736880022.192926,89,benign,iotsim-stream-consumer-2,0.995709340826264,0.9921507443814704,0.011102438655913637,0.11966633051633835,0.1887771487236023,0.06911081820726395,0.9998206696579218,0.00017933034207811882,True,True,False,False,True,True,True,False,False,True,False,top_temporal_attack
6,strict_weight4_seed42,strict_frozen_weight4,42,ood_stress,benign_ood,38,cert1m:205088,processed/iotsim-stream-consumer-2.csv,1736880022.192919,88,benign,iotsim-stream-consumer-2,0.995709340826264,0.9921507443814704,0.011102438655913637,0.12024793773889542,0.18933814764022827,0.06909020990133286,0.9998206696579218,0.00017933034207811882,True,True,False,False,True,True,True,False,False,True,False,top_temporal_attack
6,strict_weight4_seed42,strict_frozen_weight4,42,ood_stress,benign_ood,37,cert1m:205087,processed/iotsim-stream-consumer-2.csv,1736880022.192892,87,benign,iotsim-stream-consumer-2,0.995709340826264,0.9921507443814704,0.011102438655913637,0.12086287885904312,0.1898987889289856,0.06903591006994247,0.9998206696579218,0.00017933034207811882,True,True,False,False,True,True,True,False,False,True,False,top_temporal_attack
6,strict_weight4_seed42,strict_frozen_weight4,42,ood_stress,benign_ood,36,cert1m:205086,processed/iotsim-stream-consumer-2.csv,1736880022.153671,86,benign,iotsim-stream-consumer-2,0.995709340826264,0.9921507443814704,0.011102438655913637,0.12145061790943146,0.18937307596206665,0.06792245805263519,0.9998206696579218,0.00017933034207811882,True,True,False,False,True,True,True,False,False,True,False,top_temporal_attack
6,strict_weight4_seed42,strict_frozen_weight4,42,ood_stress,benign_ood,35,cert1m:205085,processed/iotsim-stream-consumer-2.csv,1736880022.153652,85,benign,iotsim-stream-consumer-2,0.995709340826264,0.9921507443814704,0.011102438655913637,0.12014739215373993,0.18993330001831055,0.06978590786457062,0.9998206696579218,0.00017933034207811882,True,True,False,False,True,True,True,False,False,True,False,top_temporal_attack
6,strict_weight4_seed42,strict_frozen_weight4,42,ood_stress,benign_ood,34,cert1m:205084,processed/iotsim-stream-consumer-2.csv,1736880022.12447,84,benign,iotsim-stream-consumer-2,0.995709340826264,0.9921507443814704,0.011102438655913637,0.1207263171672821,0.18965762853622437,0.06893131136894226,0.9998206696579218,0.00017933034207811882,True,True,False,False,True,True,True,False,False,True,False,top_temporal_attack
6,strict_weight4_seed42,strict_frozen_weight4,42,ood_stress,benign_ood,33,cert1m:205083,processed/iotsim-stream-consumer-2.csv,1736880022.124438,83,benign,iotsim-stream-consumer-2,0.995709340826264,0.9921507443814704,0.011102438655913637,0.12064430862665176,0.19021709263324738,0.06957278400659561,0.9998206696579218,0.00017933034207811882,True,True,False,False,True,True,True,False,False,True,False,top_temporal_attack
6,strict_weight4_seed42,strict_frozen_weight4,42,ood_stress,benign_ood,32,cert1m:205082,processed/iotsim-stream-consumer-2.csv,1736880022.083569,82,benign,iotsim-stream-consumer-2,0.9946914459039758,0.9911328494591822,0.011102438655913637,0.21459266543388367,0.22321103513240814,0.008618369698524475,0.9998206696579218,0.00017933034207811882,True,True,False,False,True,True,True,False,False,True,False,top_temporal_attack
6,strict_weight4_seed42,strict_frozen_weight4,42,ood_stress,benign_ood,31,cert1m:205081,processed/iotsim-stream-consumer-2.csv,1736880022.083524,81,benign,iotsim-stream-consumer-2,0.995709340826264,0.9921507443814704,0.011102438655913637,0.1214616522192955,0.18956004083156586,0.06809838861227036,0.9998206696579218,0.00017933034207811882,True,True,False,False,True,True,True,False,False,True,False,top_temporal_attack
6,strict_weight4_seed42,strict_frozen_weight4,42,ood_stress,benign_ood,30,cert1m:205080,processed/iotsim-stream-consumer-2.csv,1736880022.083515,80,benign,iotsim-stream-consumer-2,0.995709340826264,0.9921507443814704,0.011102438655913637,0.11834385246038437,0.1901194304227829,0.07177557796239853,0.9998206696579218,0.00017933034207811882,True,True,False,False,True,True,True,False,False,True,False,top_temporal_attack
6,strict_weight4_seed42,strict_frozen_weight4,42,ood_stress,benign_ood,29,cert1m:205079,processed/iotsim-stream-consumer-2.csv,1736880022.083481,79,benign,iotsim-stream-consumer-2,0.995709340826264,0.9921507443814704,0.011102438655913637,0.11891161650419235,0.19067825376987457,0.07176663726568222,0.9998206696579218,0.00017933034207811882,True,True,False,False,True,True,True,False,False,True,False,top_temporal_attack
6,strict_weight4_seed42,strict_frozen_weight4,42,ood_stress,benign_ood,28,cert1m:205078,processed/iotsim-stream-consumer-2.csv,1736880022.041563,78,benign,iotsim-stream-consumer-2,0.995709340826264,0.9921507443814704,0.011102438655913637,0.11943327635526657,0.1899469792842865,0.07051370292901993,0.9998206696579218,0.00017933034207811882,True,True,False,False,True,True,True,False,False,True,False,top_temporal_attack
6,strict_weight4_seed42,strict_frozen_weight4,42,ood_stress,benign_ood,27,cert1m:205077,processed/iotsim-stream-consumer-2.csv,1736880022.041558,77,benign,iotsim-stream-consumer-2,0.995709340826264,0.9921507443814704,0.011102438655913637,0.11658161133527756,0.19050580263137817,0.07392419129610062,0.9998206696579218,0.00017933034207811882,True,True,False,False,True,True,True,False,False,True,False,top_temporal_attack
6,strict_weight4_seed42,strict_frozen_weight4,42,ood_stress,benign_ood,58,cert1m:205108,processed/iotsim-stream-consumer-2.csv,1736880022.273553,108,benign,iotsim-stream-consumer-2,0.9961096050362873,0.9925510085914937,0.011102438655913637,0.1250821202993393,0.18091489374637604,0.05583277344703674,0.9998206696579218,0.00017933034207811882,True,True,False,False,True,True,True,False,False,True,False,top_temporal_attack
6,strict_weight4_seed42,strict_frozen_weight4,42,ood_stress,benign_ood,57,cert1m:205107,processed/iotsim-stream-consumer-2.csv,1736880022.273526,107,benign,iotsim-stream-consumer-2,0.9961096050362873,0.9925510085914937,0.011102438655913637,0.12306568026542664,0.181473970413208,0.05840829014778137,0.9998206696579218,0.00017933034207811882,True,True,False,False,True,True,True,False,False,True,False,top_temporal_attack
6,strict_weight4_seed42,strict_frozen_weight4,42,ood_stress,benign_ood,56,cert1m:205106,processed/iotsim-stream-consumer-2.csv,1736880022.23293,106,benign,iotsim-stream-consumer-2,0.9961096050362873,0.9925510085914937,0.011102438655913637,0.12363876402378082,0.18066194653511047,0.05702318251132965,0.9998206696579218,0.00017933034207811882,True,True,False,False,True,True,True,False,False,True,False,top_temporal_attack
6,strict_weight4_seed42,strict_frozen_weight4,42,ood_stress,benign_ood,55,cert1m:205105,processed/iotsim-stream-consumer-2.csv,1736880022.232924,105,benign,iotsim-stream-consumer-2,0.9961096050362873,0.9925510085914937,0.011102438655913637,0.12294425815343857,0.1812208890914917,0.05827663093805313,0.9998206696579218,0.00017933034207811882,True,True,False,False,True,True,True,False,False,True,False,top_temporal_attack
6,strict_weight4_seed42,strict_frozen_weight4,42,ood_stress,benign_ood,54,cert1m:205104,processed/iotsim-stream-consumer-2.csv,1736880022.232898,104,benign,iotsim-stream-consumer-2,0.9961096050362873,0.9925510085914937,0.011102438655913637,0.12359029054641724,0.18177935481071472,0.058189064264297485,0.9998206696579218,0.00017933034207811882,True,True,False,False,True,True,True,False,False,True,False,top_temporal_attack
6,strict_weight4_seed42,strict_frozen_weight4,42,ood_stress,benign_ood,53,cert1m:205103,processed/iotsim-stream-consumer-2.csv,1736880022.193709,103,benign,iotsim-stream-consumer-2,0.9961096050362873,0.9925510085914937,0.011102438655913637,0.12419071793556213,0.1809675246477127,0.056776806712150574,0.9998206696579218,0.00017933034207811882,True,True,False,False,True,True,True,False,False,True,False,top_temporal_attack
6,strict_weight4_seed42,strict_frozen_weight4,42,ood_stress,benign_ood,52,cert1m:205102,processed/iotsim-stream-consumer-2.csv,1736880022.193704,102,benign,iotsim-stream-consumer-2,0.9961096050362873,0.9925510085914937,0.011102438655913637,0.11433970183134079,0.1815258413553238,0.067186139523983,0.9998206696579218,0.00017933034207811882,True,True,False,False,True,True,True,False,False,True,False,top_temporal_attack
6,strict_weight4_seed42,strict_frozen_weight4,42,ood_stress,benign_ood,51,cert1m:205101,processed/iotsim-stream-consumer-2.csv,1736880022.193696,101,benign,iotsim-stream-consumer-2,0.9961096050362873,0.9925510085914937,0.011102438655913637,0.11463675647974014,0.18208423256874084,0.0674474760890007,0.9998206696579218,0.00017933034207811882,True,True,False,False,True,True,True,False,False,True,False,top_temporal_attack
6,strict_weight4_seed42,strict_frozen_weight4,42,ood_stress,benign_ood,50,cert1m:205100,processed/iotsim-stream-consumer-2.csv,1736880022.19299,100,benign,iotsim-stream-consumer-2,0.9961096050362873,0.9925510085914937,0.011102438655913637,0.1149473711848259,0.18261858820915222,0.06767121702432632,0.9998206696579218,0.00017933034207811882,True,True,False,False,True,True,True,False,False,True,False,top_temporal_attack
6,strict_weight4_seed42,strict_frozen_weight4,42,ood_stress,benign_ood,49,cert1m:205099,processed/iotsim-stream-consumer-2.csv,1736880022.192985,99,benign,iotsim-stream-consumer-2,0.9961096050362873,0.9925510085914937,0.011102438655913637,0.11527528613805771,0.18317748606204987,0.06790219992399216,0.9998206696579218,0.00017933034207811882,True,True,False,False,True,True,True,False,False,True,False,top_temporal_attack
6,strict_weight4_seed42,strict_frozen_weight4,42,ood_stress,benign_ood,48,cert1m:205098,processed/iotsim-stream-consumer-2.csv,1736880022.19298,98,benign,iotsim-stream-consumer-2,0.995709340826264,0.9921507443814704,0.011102438655913637,0.115619957447052,0.18373659253120422,0.06811663508415222,0.9998206696579218,0.00017933034207811882,True,True,False,False,True,True,True,False,False,True,False,top_temporal_attack
6,strict_weight4_seed42,strict_frozen_weight4,42,ood_stress,benign_ood,47,cert1m:205097,processed/iotsim-stream-consumer-2.csv,1736880022.192973,97,benign,iotsim-stream-consumer-2,0.995709340826264,0.9921507443814704,0.011102438655913637,0.11598233878612518,0.18429583311080933,0.06831349432468414,0.9998206696579218,0.00017933034207811882,True,True,False,False,True,True,True,False,False,True,False,top_temporal_attack
6,strict_weight4_seed42,strict_frozen_weight4,42,ood_stress,benign_ood,46,cert1m:205096,processed/iotsim-stream-consumer-2.csv,1736880022.192968,96,benign,iotsim-stream-consumer-2,0.995709340826264,0.9921507443814704,0.011102438655913637,0.1163635104894638,0.18485534191131592,0.06849183142185211,0.9998206696579218,0.00017933034207811882,True,True,False,False,True,True,True,False,False,True,False,top_temporal_attack
6,strict_weight4_seed42,strict_frozen_weight4,42,ood_stress,benign_ood,45,cert1m:205095,processed/iotsim-stream-consumer-2.csv,1736880022.19296,95,benign,iotsim-stream-consumer-2,0.995709340826264,0.9921507443814704,0.011102438655913637,0.1167646124958992,0.18541495501995087,0.06865034252405167,0.9998206696579218,0.00017933034207811882,True,True,False,False,True,True,True,False,False,True,False,top_temporal_attack
6,strict_weight4_seed42,strict_frozen_weight4,42,ood_stress,benign_ood,44,cert1m:205094,processed/iotsim-stream-consumer-2.csv,1736880022.192955,94,benign,iotsim-stream-consumer-2,0.995709340826264,0.9921507443814704,0.011102438655913637,0.11718686670064926,0.1859748661518097,0.06878799945116043,0.9998206696579218,0.00017933034207811882,True,True,False,False,True,True,True,False,False,True,False,top_temporal_attack
6,strict_weight4_seed42,strict_frozen_weight4,42,ood_stress,benign_ood,43,cert1m:205093,processed/iotsim-stream-consumer-2.csv,1736880022.192951,93,benign,iotsim-stream-consumer-2,0.995709340826264,0.9921507443814704,0.011102438655913637,0.11763161420822144,0.18653498589992523,0.0689033716917038,0.9998206696579218,0.00017933034207811882,True,True,False,False,True,True,True,False,False,True,False,top_temporal_attack
6,strict_weight4_seed42,strict_frozen_weight4,42,ood_stress,benign_ood,74,cert1m:205124,processed/iotsim-stream-consumer-2.csv,1736880022.355832,124,benign,iotsim-stream-consumer-2,0.9961096050362873,0.9925510085914937,0.011102438655913637,0.12222576141357422,0.17453376948833466,0.05230800807476044,0.9998206696579218,0.00017933034207811882,True,True,False,False,True,True,True,False,False,True,False,top_temporal_attack
6,strict_weight4_seed42,strict_frozen_weight4,42,ood_stress,benign_ood,73,cert1m:205123,processed/iotsim-stream-consumer-2.csv,1736880022.355824,123,benign,iotsim-stream-consumer-2,0.9961096050362873,0.9925510085914937,0.011102438655913637,0.12275922298431396,0.1750924289226532,0.05233320593833923,0.9998206696579218,0.00017933034207811882,True,True,False,False,True,True,True,False,False,True,False,top_temporal_attack
6,strict_weight4_seed42,strict_frozen_weight4,42,ood_stress,benign_ood,72,cert1m:205122,processed/iotsim-stream-consumer-2.csv,1736880022.355817,122,benign,iotsim-stream-consumer-2,0.9961096050362873,0.9925510085914937,0.011102438655913637,0.12331533432006836,0.17565138638019562,0.05233605206012726,0.9998206696579218,0.00017933034207811882,True,True,False,False,True,True,True,False,False,True,False,top_temporal_attack
6,strict_weight4_seed42,strict_frozen_weight4,42,ood_stress,benign_ood,71,cert1m:205121,processed/iotsim-stream-consumer-2.csv,1736880022.355795,121,benign,iotsim-stream-consumer-2,0.9961096050362873,0.9925510085914937,0.011102438655913637,0.12389540672302246,0.17621000111103058,0.05231459438800812,0.9998206696579218,0.00017933034207811882,True,True,False,False,True,True,True,False,False,True,False,top_temporal_attack
6,strict_weight4_seed42,strict_frozen_weight4,42,ood_stress,benign_ood,70,cert1m:205120,processed/iotsim-stream-consumer-2.csv,1736880022.355041,120,benign,iotsim-stream-consumer-2,0.9961096050362873,0.9925510085914937,0.011102438655913637,0.12449945509433746,0.17674298584461212,0.05224353075027466,0.9998206696579218,0.00017933034207811882,True,True,False,False,True,True,True,False,False,True,False,top_temporal_attack
6,strict_weight4_seed42,strict_frozen_weight4,42,ood_stress,benign_ood,69,cert1m:205119,processed/iotsim-stream-consumer-2.csv,1736880022.354285,119,benign,iotsim-stream-consumer-2,0.9961096050362873,0.9925510085914937,0.011102438655913637,0.12512995302677155,0.17727646231651306,0.052146509289741516,0.9998206696579218,0.00017933034207811882,True,True,False,False,True,True,True,False,False,True,False,top_temporal_attack
6,strict_weight4_seed42,strict_frozen_weight4,42,ood_stress,benign_ood,68,cert1m:205118,processed/iotsim-stream-consumer-2.csv,1736880022.354277,118,benign,iotsim-stream-consumer-2,0.9961096050362873,0.9925510085914937,0.011102438655913637,0.1257897913455963,0.17783617973327637,0.052046388387680054,0.9998206696579218,0.00017933034207811882,True,True,False,False,True,True,True,False,False,True,False,top_temporal_attack
6,strict_weight4_seed42,strict_frozen_weight4,42,ood_stress,benign_ood,67,cert1m:205117,processed/iotsim-stream-consumer-2.csv,1736880022.354272,117,benign,iotsim-stream-consumer-2,0.9961096050362873,0.9925510085914937,0.011102438655913637,0.12647973001003265,0.17839619517326355,0.051916465163230896,0.9998206696579218,0.00017933034207811882,True,True,False,False,True,True,True,False,False,True,False,top_temporal_attack
6,strict_weight4_seed42,strict_frozen_weight4,42,ood_stress,benign_ood,66,cert1m:205116,processed/iotsim-stream-consumer-2.csv,1736880022.354264,116,benign,iotsim-stream-consumer-2,0.9961096050362873,0.9925510085914937,0.011102438655913637,0.12720173597335815,0.1789563149213791,0.051754578948020935,0.9998206696579218,0.00017933034207811882,True,True,False,False,True,True,True,False,False,True,False,top_temporal_attack
6,strict_weight4_seed42,strict_frozen_weight4,42,ood_stress,benign_ood,65,cert1m:205115,processed/iotsim-stream-consumer-2.csv,1736880022.354258,115,benign,iotsim-stream-consumer-2,0.9961096050362873,0.9925510085914937,0.011102438655913637,0.12795785069465637,0.17951668798923492,0.05155883729457855,0.9998206696579218,0.00017933034207811882,True,True,False,False,True,True,True,False,False,True,False,top_temporal_attack
6,strict_weight4_seed42,strict_frozen_weight4,42,ood_stress,benign_ood,64,cert1m:205114,processed/iotsim-stream-consumer-2.csv,1736880022.354253,114,benign,iotsim-stream-consumer-2,0.9961096050362873,0.9925510085914937,0.011102438655913637,0.12875038385391235,0.18007729947566986,0.05132691562175751,0.9998206696579218,0.00017933034207811882,True,True,False,False,True,True,True,False,False,True,False,top_temporal_attack
6,strict_weight4_seed42,strict_frozen_weight4,42,ood_stress,benign_ood,63,cert1m:205113,processed/iotsim-stream-consumer-2.csv,1736880022.354242,113,benign,iotsim-stream-consumer-2,0.9961096050362873,0.9925510085914937,0.011102438655913637,0.12958182394504547,0.18063794076442719,0.051056116819381714,0.9998206696579218,0.00017933034207811882,True,True,False,False,True,True,True,False,False,True,False,top_temporal_attack
6,strict_weight4_seed42,strict_frozen_weight4,42,ood_stress,benign_ood,62,cert1m:205112,processed/iotsim-stream-consumer-2.csv,1736880022.354236,112,benign,iotsim-stream-consumer-2,0.9961096050362873,0.9925510085914937,0.011102438655913637,0.1304548680782318,0.18119889497756958,0.05074402689933777,0.9998206696579218,0.00017933034207811882,True,True,False,False,True,True,True,False,False,True,False,top_temporal_attack
6,strict_weight4_seed42,strict_frozen_weight4,42,ood_stress,benign_ood,61,cert1m:205111,processed/iotsim-stream-consumer-2.csv,1736880022.354217,111,benign,iotsim-stream-consumer-2,0.9961096050362873,0.9925510085914937,0.011102438655913637,0.13137251138687134,0.18175968527793884,0.050387173891067505,0.9998206696579218,0.00017933034207811882,True,True,False,False,True,True,True,False,False,True,False,top_temporal_attack
6,strict_weight4_seed42,strict_frozen_weight4,42,ood_stress,benign_ood,60,cert1m:205110,processed/iotsim-stream-consumer-2.csv,1736880022.315832,110,benign,iotsim-stream-consumer-2,0.9961096050362873,0.9925510085914937,0.011102438655913637,0.13227857649326324,0.1811484545469284,0.04886987805366516,0.9998206696579218,0.00017933034207811882,True,True,False,False,True,True,True,False,False,True,False,top_temporal_attack
6,strict_weight4_seed42,strict_frozen_weight4,42,ood_stress,benign_ood,59,cert1m:205109,processed/iotsim-stream-consumer-2.csv,1736880022.315808,109,benign,iotsim-stream-consumer-2,0.9961096050362873,0.9925510085914937,0.011102438655913637,0.12445463240146637,0.1817084550857544,0.057253822684288025,0.9998206696579218,0.00017933034207811882,True,True,False,False,True,True,True,False,False,True,False,top_temporal_attack
6,strict_weight4_seed42,strict_frozen_weight4,42,ood_stress,benign_ood,90,cert1m:205140,processed/iotsim-stream-consumer-2.csv,1736880022.515906,140,benign,iotsim-stream-consumer-2,0.9961096050362873,0.9925510085914937,0.011102438655913637,0.1330534964799881,0.17126913368701935,0.03821563720703125,0.9998206696579218,0.00017933034207811882,True,True,False,False,True,True,True,False,False,True,False,top_temporal_attack
6,strict_weight4_seed42,strict_frozen_weight4,42,ood_stress,benign_ood,89,cert1m:205139,processed/iotsim-stream-consumer-2.csv,1736880022.515898,139,benign,iotsim-stream-consumer-2,0.9961096050362873,0.9925510085914937,0.011102438655913637,0.1338987946510315,0.1718292385339737,0.0379304438829422,0.9998206696579218,0.00017933034207811882,True,True,False,False,True,True,True,False,False,True,False,top_temporal_attack
6,strict_weight4_seed42,strict_frozen_weight4,42,ood_stress,benign_ood,88,cert1m:205138,processed/iotsim-stream-consumer-2.csv,1736880022.515893,138,benign,iotsim-stream-consumer-2,0.9961096050362873,0.9925510085914937,0.011102438655913637,0.13478299975395203,0.17238964140415192,0.03760664165019989,0.9998206696579218,0.00017933034207811882,True,True,False,False,True,True,True,False,False,True,False,top_temporal_attack
6,strict_weight4_seed42,strict_frozen_weight4,42,ood_stress,benign_ood,87,cert1m:205137,processed/iotsim-stream-consumer-2.csv,1736880022.515882,137,benign,iotsim-stream-consumer-2,0.9961096050362873,0.9925510085914937,0.011102438655913637,0.1357087790966034,0.17295007407665253,0.03724129498004913,0.9998206696579218,0.00017933034207811882,True,True,False,False,True,True,True,False,False,True,False,top_temporal_attack
6,strict_weight4_seed42,strict_frozen_weight4,42,ood_stress,benign_ood,86,cert1m:205136,processed/iotsim-stream-consumer-2.csv,1736880022.515875,136,benign,iotsim-stream-consumer-2,0.9961096050362873,0.9925510085914937,0.011102438655913637,0.1366790533065796,0.1735108345746994,0.03683178126811981,0.9998206696579218,0.00017933034207811882,True,True,False,False,True,True,True,False,False,True,False,top_temporal_attack
6,strict_weight4_seed42,strict_frozen_weight4,42,ood_stress,benign_ood,80130,cert1m:550230,processed/iotsim-stream-consumer-1.csv,1736880023.454785,230,benign,iotsim-stream-consumer-1,0.9991743380362454,0.9956157415914518,0.011102438655913637,0.1721307933330536,0.1457136869430542,-0.02641710638999939,0.9998206696579218,0.00017933034207811882,True,True,False,False,True,True,True,False,False,True,False,top_parent_attack
6,strict_weight4_seed42,strict_frozen_weight4,42,ood_stress,benign_ood,362,cert1m:205412,processed/iotsim-stream-consumer-2.csv,1736880024.182836,412,benign,iotsim-stream-consumer-2,0.9991743380362454,0.9956157415914518,0.011102438655913637,0.14512015879154205,0.10989944636821747,-0.035220712423324585,0.9998206696579218,0.00017933034207811882,True,True,False,False,True,True,True,False,False,True,False,top_parent_attack
6,strict_weight4_seed42,strict_frozen_weight4,42,ood_stress,benign_ood,366,cert1m:205416,processed/iotsim-stream-consumer-2.csv,1736880024.207958,416,benign,iotsim-stream-consumer-2,0.9991743380362454,0.9956157415914518,0.011102438655913637,0.15657296776771545,0.10995875298976898,-0.04661421477794647,0.9998206696579218,0.00017933034207811882,True,True,False,False,True,True,True,False,False,True,False,top_parent_attack
6,strict_weight4_seed42,strict_frozen_weight4,42,ood_stress,benign_ood,80126,cert1m:550226,processed/iotsim-stream-consumer-1.csv,1736880023.43391,226,benign,iotsim-stream-consumer-1,0.9991743380362454,0.9956157415914518,0.011102438655913637,0.1552206128835678,0.1464705467224121,-0.0087500661611557,0.9998206696579218,0.00017933034207811882,True,True,False,False,True,True,True,False,False,True,False,top_parent_attack
6,strict_weight4_seed42,strict_frozen_weight4,42,ood_stress,benign_ood,1998,cert1m:207048,processed/iotsim-stream-consumer-2.csv,1736880034.182772,2048,benign,iotsim-stream-consumer-2,0.9990972510251027,0.9955386545803091,0.011102438655913637,0.14066872000694275,0.452012300491333,0.31134358048439026,0.9998206696579218,0.00017933034207811882,True,True,False,False,True,True,True,False,False,True,False,top_parent_attack
6,strict_weight4_seed42,strict_frozen_weight4,42,ood_stress,benign_ood,81742,cert1m:551842,processed/iotsim-stream-consumer-1.csv,1736880033.437075,1842,benign,iotsim-stream-consumer-1,0.9990972510251027,0.9955386545803091,0.011102438655913637,0.1531813144683838,0.3997355103492737,0.2465541958808899,0.9998206696579218,0.00017933034207811882,True,True,False,False,True,True,True,False,False,True,False,top_parent_attack
6,strict_weight4_seed42,strict_frozen_weight4,42,ood_stress,benign_ood,2866,cert1m:207916,processed/iotsim-stream-consumer-2.csv,1736880039.521353,2916,benign,iotsim-stream-consumer-2,0.9989702177798946,0.995411621335101,0.011102438655913637,0.14037148654460907,0.6609827876091003,0.5206112861633301,0.9998206696579218,0.00017933034207811882,True,True,False,False,True,True,True,False,False,True,False,top_parent_attack
6,strict_weight4_seed42,strict_frozen_weight4,42,ood_stress,benign_ood,82603,cert1m:552703,processed/iotsim-stream-consumer-1.csv,1736880038.498378,2703,benign,iotsim-stream-consumer-1,0.9989702177798946,0.995411621335101,0.011102438655913637,0.13351181149482727,0.6116383671760559,0.47812655568122864,0.9998206696579218,0.00017933034207811882,True,True,False,False,True,True,True,False,False,True,False,top_parent_attack
6,strict_weight4_seed42,strict_frozen_weight4,42,ood_stress,benign_ood,3656,cert1m:208706,processed/iotsim-stream-consumer-2.csv,1736880044.182685,3706,benign,iotsim-stream-consumer-2,0.9971268452469112,0.9935682488021176,0.011102438655913637,0.13789503276348114,0.8418154120445251,0.7039203643798828,0.9998206696579218,0.00017933034207811882,True,True,False,False,True,True,True,False,False,True,False,top_parent_attack
6,strict_weight4_seed42,strict_frozen_weight4,42,ood_stress,benign_ood,24588,cert1m:229638,processed/iotsim-stream-consumer-2.csv,1736880374.18222,24638,benign,iotsim-stream-consumer-2,0.9971268452469112,0.9935682488021176,0.011102438655913637,0.1320326328277588,1.4887757301330566,1.3567430973052979,0.9998206696579218,0.00017933034207811882,True,True,False,False,True,True,True,False,False,True,False,top_parent_attack
6,strict_weight4_seed42,strict_frozen_weight4,42,ood_stress,benign_ood,30997,cert1m:236047,processed/iotsim-stream-consumer-2.csv,1736880514.183397,31047,benign,iotsim-stream-consumer-2,0.9971268452469112,0.9935682488021176,0.011102438655913637,0.12828440964221954,1.4413975477218628,1.3131130933761597,0.9998206696579218,0.00017933034207811882,True,True,False,False,True,True,True,False,False,True,False,top_parent_attack
6,strict_weight4_seed42,strict_frozen_weight4,42,ood_stress,benign_ood,14971,cert1m:220021,processed/iotsim-stream-consumer-2.csv,1736880214.184331,15021,benign,iotsim-stream-consumer-2,0.9971268452469112,0.9935682488021176,0.011102438655913637,0.1290612518787384,1.437279462814331,1.308218240737915,0.9998206696579218,0.00017933034207811882,True,True,False,False,True,True,True,False,False,True,False,top_parent_attack
6,strict_weight4_seed42,strict_frozen_weight4,42,ood_stress,benign_ood,51809,cert1m:256859,processed/iotsim-stream-consumer-2.csv,1736880844.18345,51859,benign,iotsim-stream-consumer-2,0.9971268452469112,0.9935682488021176,0.011102438655913637,0.1367766559123993,1.5036131143569946,1.366836428642273,0.9998206696579218,0.00017933034207811882,True,True,False,False,True,True,True,False,False,True,False,top_parent_attack
6,strict_weight4_seed42,strict_frozen_weight4,42,ood_stress,benign_ood,227962,cert1m:698062,processed/iotsim-stream-consumer-1.csv,1736882443.434676,148062,benign,iotsim-stream-consumer-1,0.9971268452469112,0.9935682488021176,0.011102438655913637,0.12738366425037384,1.4151878356933594,1.287804126739502,0.9998206696579218,0.00017933034207811882,True,True,False,False,True,True,True,False,False,True,False,top_parent_attack
6,strict_weight4_seed42,strict_frozen_weight4,42,ood_stress,benign_ood,42267,cert1m:247317,processed/iotsim-stream-consumer-2.csv,1736880684.183689,42317,benign,iotsim-stream-consumer-2,0.9971268452469112,0.9935682488021176,0.011102438655913637,0.13476285338401794,1.5080493688583374,1.373286485671997,0.9998206696579218,0.00017933034207811882,True,True,False,False,True,True,True,False,False,True,False,top_parent_attack
6,strict_weight4_seed42,strict_frozen_weight4,42,ood_stress,benign_ood,72725,cert1m:277775,processed/iotsim-stream-consumer-2.csv,1736881174.183462,72775,benign,iotsim-stream-consumer-2,0.9971268452469112,0.9935682488021176,0.011102438655913637,0.13767091929912567,1.536063313484192,1.3983924388885498,0.9998206696579218,0.00017933034207811882,True,True,False,False,True,True,True,False,False,True,False,top_parent_attack
6,strict_weight4_seed42,strict_frozen_weight4,42,ood_stress,benign_ood,221602,cert1m:691702,processed/iotsim-stream-consumer-1.csv,1736882303.43463,141702,benign,iotsim-stream-consumer-1,0.9971268452469112,0.9935682488021176,0.011102438655913637,0.1297902911901474,1.4591350555419922,1.3293447494506836,0.9998206696579218,0.00017933034207811882,True,True,False,False,True,True,True,False,False,True,False,top_parent_attack
6,strict_weight4_seed42,strict_frozen_weight4,42,ood_stress,benign_ood,149253,cert1m:619353,processed/iotsim-stream-consumer-1.csv,1736881153.434154,69353,benign,iotsim-stream-consumer-1,0.9971268452469112,0.9935682488021176,0.011102438655913637,0.14455753564834595,1.493505835533142,1.3489482402801514,0.9998206696579218,0.00017933034207811882,True,True,False,False,True,True,True,False,False,True,False,top_parent_attack
6,strict_weight4_seed42,strict_frozen_weight4,42,ood_stress,benign_ood,63137,cert1m:268187,processed/iotsim-stream-consumer-2.csv,1736881014.184334,63187,benign,iotsim-stream-consumer-2,0.9971268452469112,0.9935682488021176,0.011102438655913637,0.13111987709999084,1.47859787940979,1.3474780321121216,0.9998206696579218,0.00017933034207811882,True,True,False,False,True,True,True,False,False,True,False,top_parent_attack
6,strict_weight4_seed42,strict_frozen_weight4,42,ood_stress,benign_ood,218346,cert1m:688446,processed/iotsim-stream-consumer-1.csv,1736882283.435021,138446,benign,iotsim-stream-consumer-1,0.9971268452469112,0.9935682488021176,0.011102438655913637,0.13666516542434692,1.5207271575927734,1.3840620517730713,0.9998206696579218,0.00017933034207811882,True,True,False,False,True,True,True,False,False,True,False,top_parent_attack
6,strict_weight4_seed42,strict_frozen_weight4,42,ood_stress,benign_ood,211984,cert1m:682084,processed/iotsim-stream-consumer-1.csv,1736882143.434325,132084,benign,iotsim-stream-consumer-1,0.9971268452469112,0.9935682488021176,0.011102438655913637,0.14702367782592773,1.5634685754776,1.4164448976516724,0.9998206696579218,0.00017933034207811882,True,True,False,False,True,True,True,False,False,True,False,top_parent_attack
6,strict_weight4_seed42,strict_frozen_weight4,42,ood_stress,benign_ood,150845,cert1m:620945,processed/iotsim-stream-consumer-1.csv,1736881163.438259,70945,benign,iotsim-stream-consumer-1,0.9971268452469112,0.9935682488021176,0.011102438655913637,0.13554613292217255,1.4986430406570435,1.3630969524383545,0.9998206696579218,0.00017933034207811882,True,True,False,False,True,True,True,False,False,True,False,top_parent_attack
6,strict_weight4_seed42,strict_frozen_weight4,42,ood_stress,benign_ood,152488,cert1m:622588,processed/iotsim-stream-consumer-1.csv,1736881173.435631,72588,benign,iotsim-stream-consumer-1,0.9971268452469112,0.9935682488021176,0.011102438655913637,0.1376095861196518,1.5291301012039185,1.3915205001831055,0.9998206696579218,0.00017933034207811882,True,True,False,False,True,True,True,False,False,True,False,top_parent_attack
6,strict_weight4_seed42,strict_frozen_weight4,42,ood_stress,benign_ood,179816,cert1m:649916,processed/iotsim-stream-consumer-1.csv,1736881643.435963,99916,benign,iotsim-stream-consumer-1,0.9971268452469112,0.9935682488021176,0.011102438655913637,0.14132080972194672,1.5386053323745728,1.3972845077514648,0.9998206696579218,0.00017933034207811882,True,True,False,False,True,True,True,False,False,True,False,top_parent_attack
6,strict_weight4_seed42,strict_frozen_weight4,42,ood_stress,benign_ood,158914,cert1m:629014,processed/iotsim-stream-consumer-1.csv,1736881313.434771,79014,benign,iotsim-stream-consumer-1,0.9971268452469112,0.9935682488021176,0.011102438655913637,0.1291515827178955,1.4637742042541504,1.3346226215362549,0.9998206696579218,0.00017933034207811882,True,True,False,False,True,True,True,False,False,True,False,top_parent_attack
6,strict_weight4_seed42,strict_frozen_weight4,42,ood_stress,benign_ood,160573,cert1m:630673,processed/iotsim-stream-consumer-1.csv,1736881323.436286,80673,benign,iotsim-stream-consumer-1,0.9971268452469112,0.9935682488021176,0.011102438655913637,0.12627722322940826,1.4175043106079102,1.291227102279663,0.9998206696579218,0.00017933034207811882,True,True,False,False,True,True,True,False,False,True,False,top_parent_attack
6,strict_weight4_seed42,strict_frozen_weight4,42,ood_stress,benign_ood,162167,cert1m:632267,processed/iotsim-stream-consumer-1.csv,1736881333.434903,82267,benign,iotsim-stream-consumer-1,0.9971268452469112,0.9935682488021176,0.011102438655913637,0.12648466229438782,1.4179168939590454,1.29143226146698,0.9998206696579218,0.00017933034207811882,True,True,False,False,True,True,True,False,False,True,False,top_parent_attack
6,strict_weight4_seed42,strict_frozen_weight4,42,ood_stress,benign_ood,220006,cert1m:690106,processed/iotsim-stream-consumer-1.csv,1736882293.434395,140106,benign,iotsim-stream-consumer-1,0.9971268452469112,0.9935682488021176,0.011102438655913637,0.13182665407657623,1.475406289100647,1.343579649925232,0.9998206696579218,0.00017933034207811882,True,True,False,False,True,True,True,False,False,True,False,top_parent_attack
6,strict_weight4_seed42,strict_frozen_weight4,42,ood_stress,benign_ood,83424,cert1m:553524,processed/iotsim-stream-consumer-1.csv,1736880043.434155,3524,benign,iotsim-stream-consumer-1,0.9971268452469112,0.9935682488021176,0.011102438655913637,0.13182523846626282,0.8011155724525452,0.66929030418396,0.9998206696579218,0.00017933034207811882,True,True,False,False,True,True,True,False,False,True,False,top_parent_attack
6,strict_weight4_seed42,strict_frozen_weight4,42,ood_stress,benign_ood,210348,cert1m:680448,processed/iotsim-stream-consumer-1.csv,1736882133.43462,130448,benign,iotsim-stream-consumer-1,0.9971268452469112,0.9935682488021176,0.011102438655913637,0.1356915384531021,1.5027247667312622,1.3670332431793213,0.9998206696579218,0.00017933034207811882,True,True,False,False,True,True,True,False,False,True,False,top_parent_attack
6,strict_weight4_seed42,strict_frozen_weight4,42,ood_stress,benign_ood,208744,cert1m:678844,processed/iotsim-stream-consumer-1.csv,1736882123.436156,128844,benign,iotsim-stream-consumer-1,0.9971268452469112,0.9935682488021176,0.011102438655913637,0.137310191988945,1.5190075635910034,1.381697416305542,0.9998206696579218,0.00017933034207811882,True,True,False,False,True,True,True,False,False,True,False,top_parent_attack
6,strict_weight4_seed42,strict_frozen_weight4,42,ood_stress,benign_ood,202412,cert1m:672512,processed/iotsim-stream-consumer-1.csv,1736881983.434119,122512,benign,iotsim-stream-consumer-1,0.9971268452469112,0.9935682488021176,0.011102438655913637,0.1279732882976532,1.4486092329025269,1.3206359148025513,0.9998206696579218,0.00017933034207811882,True,True,False,False,True,True,True,False,False,True,False,top_parent_attack
6,strict_weight4_seed42,strict_frozen_weight4,42,ood_stress,benign_ood,170180,cert1m:640280,processed/iotsim-stream-consumer-1.csv,1736881483.434212,90280,benign,iotsim-stream-consumer-1,0.9971268452469112,0.9935682488021176,0.011102438655913637,0.13344770669937134,1.5004570484161377,1.3670094013214111,0.9998206696579218,0.00017933034207811882,True,True,False,False,True,True,True,False,False,True,False,top_parent_attack
6,strict_weight4_seed42,strict_frozen_weight4,42,ood_stress,benign_ood,229581,cert1m:699681,processed/iotsim-stream-consumer-1.csv,1736882453.433818,149681,benign,iotsim-stream-consumer-1,0.9971268452469112,0.9935682488021176,0.011102438655913637,0.13643774390220642,1.5195934772491455,1.3831557035446167,0.9998206696579218,0.00017933034207811882,True,True,False,False,True,True,True,False,False,True,False,top_parent_attack
6,strict_weight4_seed42,strict_frozen_weight4,42,ood_stress,benign_ood,11667,cert1m:216717,processed/iotsim-stream-consumer-2.csv,1736880194.183288,11717,benign,iotsim-stream-consumer-2,0.9971268452469112,0.9935682488021176,0.011102438655913637,0.13031788170337677,1.4505048990249634,1.320186972618103,0.9998206696579218,0.00017933034207811882,True,True,False,False,True,True,True,False,False,True,False,top_parent_attack
6,strict_weight4_seed42,strict_frozen_weight4,42,ood_stress,benign_ood,40610,cert1m:245660,processed/iotsim-stream-consumer-2.csv,1736880674.183272,40660,benign,iotsim-stream-consumer-2,0.9971268452469112,0.9935682488021176,0.011102438655913637,0.1426858901977539,1.5099385976791382,1.3672527074813843,0.9998206696579218,0.00017933034207811882,True,True,False,False,True,True,True,False,False,True,False,top_parent_attack
6,strict_weight4_seed42,strict_frozen_weight4,42,ood_stress,benign_ood,59852,cert1m:264902,processed/iotsim-stream-consumer-2.csv,1736880994.182874,59902,benign,iotsim-stream-consumer-2,0.9971268452469112,0.9935682488021176,0.011102438655913637,0.1445969194173813,1.4953616857528687,1.3507647514343262,0.9998206696579218,0.00017933034207811882,True,True,False,False,True,True,True,False,False,True,False,top_parent_attack
6,strict_weight4_seed42,strict_frozen_weight4,42,ood_stress,benign_ood,53472,cert1m:258522,processed/iotsim-stream-consumer-2.csv,1736880854.183624,53522,benign,iotsim-stream-consumer-2,0.9971268452469112,0.9935682488021176,0.011102438655913637,0.13588763773441315,1.5057237148284912,1.3698360919952393,0.9998206696579218,0.00017933034207811882,True,True,False,False,True,True,True,False,False,True,False,top_parent_attack
6,strict_weight4_seed42,strict_frozen_weight4,42,ood_stress,benign_ood,61485,cert1m:266535,processed/iotsim-stream-consumer-2.csv,1736881004.188747,61535,benign,iotsim-stream-consumer-2,0.9971268452469112,0.9935682488021176,0.011102438655913637,0.14095880091190338,1.5474439859390259,1.4064851999282837,0.9998206696579218,0.00017933034207811882,True,True,False,False,True,True,True,False,False,True,False,top_parent_attack
6,strict_weight4_seed42,strict_frozen_weight4,42,ood_stress,benign_ood,43856,cert1m:248906,processed/iotsim-stream-consumer-2.csv,1736880694.183181,43906,benign,iotsim-stream-consumer-2,0.9971268452469112,0.9935682488021176,0.011102438655913637,0.13379745185375214,1.4895713329315186,1.35577392578125,0.9998206696579218,0.00017933034207811882,True,True,False,False,True,True,True,False,False,True,False,top_parent_attack
6,strict_weight4_seed42,strict_frozen_weight4,42,ood_stress,benign_ood,69491,cert1m:274541,processed/iotsim-stream-consumer-2.csv,1736881154.182192,69541,benign,iotsim-stream-consumer-2,0.9971268452469112,0.9935682488021176,0.011102438655913637,0.1338968425989151,1.500566005706787,1.3666691780090332,0.9998206696579218,0.00017933034207811882,True,True,False,False,True,True,True,False,False,True,False,top_parent_attack
6,strict_weight4_seed42,strict_frozen_weight4,42,ood_stress,benign_ood,34250,cert1m:239300,processed/iotsim-stream-consumer-2.csv,1736880534.191911,34300,benign,iotsim-stream-consumer-2,0.9971268452469112,0.9935682488021176,0.011102438655913637,0.1372699737548828,1.534691333770752,1.3974213600158691,0.9998206696579218,0.00017933034207811882,True,True,False,False,True,True,True,False,False,True,False,top_parent_attack
6,strict_weight4_seed42,strict_frozen_weight4,42,ood_stress,benign_ood,79142,cert1m:284192,processed/iotsim-stream-consumer-2.csv,1736881314.183764,79192,benign,iotsim-stream-consumer-2,0.9971268452469112,0.9935682488021176,0.011102438655913637,0.12353876233100891,1.3976041078567505,1.274065375328064,0.9998206696579218,0.00017933034207811882,True,True,False,False,True,True,True,False,False,True,False,top_parent_attack
6,strict_weight4_seed42,strict_frozen_weight4,42,ood_stress,benign_ood,21329,cert1m:226379,processed/iotsim-stream-consumer-2.csv,1736880354.183364,21379,benign,iotsim-stream-consumer-2,0.9971268452469112,0.9935682488021176,0.011102438655913637,0.1345643401145935,1.4827854633331299,1.3482210636138916,0.9998206696579218,0.00017933034207811882,True,True,False,False,True,True,True,False,False,True,False,top_parent_attack
6,strict_weight4_seed42,strict_frozen_weight4,42,ood_stress,benign_ood,50212,cert1m:255262,processed/iotsim-stream-consumer-2.csv,1736880834.183764,50262,benign,iotsim-stream-consumer-2,0.9971268452469112,0.9935682488021176,0.011102438655913637,0.13310371339321136,1.4614317417144775,1.328328013420105,0.9998206696579218,0.00017933034207811882,True,True,False,False,True,True,True,False,False,True,False,top_parent_attack
6,strict_weight4_seed42,strict_frozen_weight4,42,ood_stress,benign_ood,5261,cert1m:210311,processed/iotsim-stream-consumer-2.csv,1736880054.183964,5311,benign,iotsim-stream-consumer-2,0.9971268452469112,0.9935682488021176,0.011102438655913637,0.1330435574054718,1.1725285053253174,1.039484977722168,0.9998206696579218,0.00017933034207811882,True,True,False,False,True,True,True,False,False,True,False,top_parent_attack
6,strict_weight4_seed42,strict_frozen_weight4,42,ood_stress,benign_ood,13309,cert1m:218359,processed/iotsim-stream-consumer-2.csv,1736880204.183942,13359,benign,iotsim-stream-consumer-2,0.9971268452469112,0.9935682488021176,0.011102438655913637,0.13073782622814178,1.4736745357513428,1.3429367542266846,0.9998206696579218,0.00017933034207811882,True,True,False,False,True,True,True,False,False,True,False,top_parent_attack
6,strict_weight4_seed42,strict_frozen_weight4,42,ood_stress,benign_ood,22958,cert1m:228008,processed/iotsim-stream-consumer-2.csv,1736880364.183862,23008,benign,iotsim-stream-consumer-2,0.9971268452469112,0.9935682488021176,0.011102438655913637,0.13174915313720703,1.45285964012146,1.321110486984253,0.9998206696579218,0.00017933034207811882,True,True,False,False,True,True,True,False,False,True,False,top_parent_attack
6,strict_weight4_seed42,strict_frozen_weight4,42,ood_stress,benign_ood,171797,cert1m:641897,processed/iotsim-stream-consumer-1.csv,1736881493.4349,91897,benign,iotsim-stream-consumer-1,0.9971268452469112,0.9935682488021176,0.011102438655913637,0.1433907300233841,1.559766411781311,1.4163756370544434,0.9998206696579218,0.00017933034207811882,True,True,False,False,True,True,True,False,False,True,False,top_parent_attack
6,strict_weight4_seed42,strict_frozen_weight4,42,ood_stress,benign_ood,71083,cert1m:276133,processed/iotsim-stream-consumer-2.csv,1736881164.184017,71133,benign,iotsim-stream-consumer-2,0.9971268452469112,0.9935682488021176,0.011102438655913637,0.13608992099761963,1.5086393356323242,1.3725494146347046,0.9998206696579218,0.00017933034207811882,True,True,False,False,True,True,True,False,False,True,False,top_parent_attack
6,strict_weight4_seed42,strict_frozen_weight4,42,ood_stress,benign_ood,32618,cert1m:237668,processed/iotsim-stream-consumer-2.csv,1736880524.183084,32668,benign,iotsim-stream-consumer-2,0.9971268452469112,0.9935682488021176,0.011102438655913637,0.13882000744342804,1.539324164390564,1.4005041122436523,0.9998206696579218,0.00017933034207811882,True,True,False,False,True,True,True,False,False,True,False,top_parent_attack
6,strict_weight4_seed42,strict_frozen_weight4,42,ood_stress,benign_ood,200782,cert1m:670882,processed/iotsim-stream-consumer-1.csv,1736881973.435236,120882,benign,iotsim-stream-consumer-1,0.9971268452469112,0.9935682488021176,0.011102438655913637,0.12979985773563385,1.447312593460083,1.3175127506256104,0.9998206696579218,0.00017933034207811882,True,True,False,False,True,True,True,False,False,True,False,top_parent_attack
6,strict_weight4_seed42,strict_frozen_weight4,42,ood_stress,benign_ood,91432,cert1m:561532,processed/iotsim-stream-consumer-1.csv,1736880193.43497,11532,benign,iotsim-stream-consumer-1,0.9971268452469112,0.9935682488021176,0.011102438655913637,0.13733235001564026,1.504207968711853,1.3668756484985352,0.9998206696579218,0.00017933034207811882,True,True,False,False,True,True,True,False,False,True,False,top_parent_attack
6,strict_weight4_seed42,strict_frozen_weight4,42,ood_stress,benign_ood,93076,cert1m:563176,processed/iotsim-stream-consumer-1.csv,1736880203.435424,13176,benign,iotsim-stream-consumer-1,0.9971268452469112,0.9935682488021176,0.011102438655913637,0.14000028371810913,1.4965753555297852,1.3565750122070312,0.9998206696579218,0.00017933034207811882,True,True,False,False,True,True,True,False,False,True,False,top_parent_attack
6,strict_weight4_seed42,strict_frozen_weight4,42,ood_stress,benign_ood,94733,cert1m:564833,processed/iotsim-stream-consumer-1.csv,1736880213.434378,14833,benign,iotsim-stream-consumer-1,0.9971268452469112,0.9935682488021176,0.011102438655913637,0.12896642088890076,1.4405632019042969,1.3115967512130737,0.9998206696579218,0.00017933034207811882,True,True,False,False,True,True,True,False,False,True,False,top_parent_attack
6,strict_weight4_seed42,strict_frozen_weight4,42,ood_stress,benign_ood,199143,cert1m:669243,processed/iotsim-stream-consumer-1.csv,1736881963.435077,119243,benign,iotsim-stream-consumer-1,0.9971268452469112,0.9935682488021176,0.011102438655913637,0.1458885669708252,1.4994724988937378,1.3535839319229126,0.9998206696579218,0.00017933034207811882,True,True,False,False,True,True,True,False,False,True,False,top_parent_attack
6,strict_weight4_seed42,strict_frozen_weight4,42,ood_stress,benign_ood,101169,cert1m:571269,processed/iotsim-stream-consumer-1.csv,1736880353.435231,21269,benign,iotsim-stream-consumer-1,0.9971268452469112,0.9935682488021176,0.011102438655913637,0.12461316585540771,1.3828234672546387,1.258210301399231,0.9998206696579218,0.00017933034207811882,True,True,False,False,True,True,True,False,False,True,False,top_parent_attack
6,strict_weight4_seed42,strict_frozen_weight4,42,ood_stress,benign_ood,102753,cert1m:572853,processed/iotsim-stream-consumer-1.csv,1736880363.436822,22853,benign,iotsim-stream-consumer-1,0.9971268452469112,0.9935682488021176,0.011102438655913637,0.12745928764343262,1.4233444929122925,1.2958852052688599,0.9998206696579218,0.00017933034207811882,True,True,False,False,True,True,True,False,False,True,False,top_parent_attack
6,strict_weight4_seed42,strict_frozen_weight4,42,ood_stress,benign_ood,104370,cert1m:574470,processed/iotsim-stream-consumer-1.csv,1736880373.436414,24470,benign,iotsim-stream-consumer-1,0.9971268452469112,0.9935682488021176,0.011102438655913637,0.13914337754249573,1.5411237478256226,1.4019804000854492,0.9998206696579218,0.00017933034207811882,True,True,False,False,True,True,True,False,False,True,False,top_parent_attack
6,strict_weight4_seed42,strict_frozen_weight4,42,ood_stress,benign_ood,192697,cert1m:662797,processed/iotsim-stream-consumer-1.csv,1736881823.434812,112797,benign,iotsim-stream-consumer-1,0.9971268452469112,0.9935682488021176,0.011102438655913637,0.13595107197761536,1.5063210725784302,1.3703700304031372,0.9998206696579218,0.00017933034207811882,True,True,False,False,True,True,True,False,False,True,False,top_parent_attack
6,strict_weight4_seed42,strict_frozen_weight4,42,ood_stress,benign_ood,110778,cert1m:580878,processed/iotsim-stream-consumer-1.csv,1736880513.435091,30878,benign,iotsim-stream-consumer-1,0.9971268452469112,0.9935682488021176,0.011102438655913637,0.12958702445030212,1.4545409679412842,1.3249539136886597,0.9998206696579218,0.00017933034207811882,True,True,False,False,True,True,True,False,False,True,False,top_parent_attack
6,strict_weight4_seed42,strict_frozen_weight4,42,ood_stress,benign_ood,112401,cert1m:582501,processed/iotsim-stream-consumer-1.csv,1736880523.435315,32501,benign,iotsim-stream-consumer-1,0.9971268452469112,0.9935682488021176,0.011102438655913637,0.14079530537128448,1.552328109741211,1.4115327596664429,0.9998206696579218,0.00017933034207811882,True,True,False,False,True,True,True,False,False,True,False,top_parent_attack
6,strict_weight4_seed42,strict_frozen_weight4,42,ood_stress,benign_ood,114031,cert1m:584131,processed/iotsim-stream-consumer-1.csv,1736880533.434522,34131,benign,iotsim-stream-consumer-1,0.9971268452469112,0.9935682488021176,0.011102438655913637,0.13749177753925323,1.517101764678955,1.3796099424362183,0.9998206696579218,0.00017933034207811882,True,True,False,False,True,True,True,False,False,True,False,top_parent_attack
6,strict_weight4_seed42,strict_frozen_weight4,42,ood_stress,benign_ood,191020,cert1m:661120,processed/iotsim-stream-consumer-1.csv,1736881813.434926,111120,benign,iotsim-stream-consumer-1,0.9971268452469112,0.9935682488021176,0.011102438655913637,0.14057227969169617,1.5312323570251465,1.390660047531128,0.9998206696579218,0.00017933034207811882,True,True,False,False,True,True,True,False,False,True,False,top_parent_attack
6,strict_weight4_seed42,strict_frozen_weight4,42,ood_stress,benign_ood,120398,cert1m:590498,processed/iotsim-stream-consumer-1.csv,1736880673.434718,40498,benign,iotsim-stream-consumer-1,0.9971268452469112,0.9935682488021176,0.011102438655913637,0.14441193640232086,1.5019633769989014,1.3575514554977417,0.9998206696579218,0.00017933034207811882,True,True,False,False,True,True,True,False,False,True,False,top_parent_attack
6,strict_weight4_seed42,strict_frozen_weight4,42,ood_stress,benign_ood,122055,cert1m:592155,processed/iotsim-stream-consumer-1.csv,1736880683.434669,42155,benign,iotsim-stream-consumer-1,0.9971268452469112,0.9935682488021176,0.011102438655913637,0.13785921037197113,1.5346091985702515,1.3967499732971191,0.9998206696579218,0.00017933034207811882,True,True,False,False,True,True,True,False,False,True,False,top_parent_attack
6,strict_weight4_seed42,strict_frozen_weight4,42,ood_stress,benign_ood,123644,cert1m:593744,processed/iotsim-stream-consumer-1.csv,1736880693.43525,43744,benign,iotsim-stream-consumer-1,0.9971268452469112,0.9935682488021176,0.011102438655913637,0.1376684606075287,1.5343085527420044,1.3966400623321533,0.9998206696579218,0.00017933034207811882,True,True,False,False,True,True,True,False,False,True,False,top_parent_attack
6,strict_weight4_seed42,strict_frozen_weight4,42,ood_stress,benign_ood,189457,cert1m:659557,processed/iotsim-stream-consumer-1.csv,1736881803.434767,109557,benign,iotsim-stream-consumer-1,0.9971268452469112,0.9935682488021176,0.011102438655913637,0.12823298573493958,1.4371403455734253,1.308907389640808,0.9998206696579218,0.00017933034207811882,True,True,False,False,True,True,True,False,False,True,False,top_parent_attack
6,strict_weight4_seed42,strict_frozen_weight4,42,ood_stress,benign_ood,129994,cert1m:600094,processed/iotsim-stream-consumer-1.csv,1736880833.434328,50094,benign,iotsim-stream-consumer-1,0.9971268452469112,0.9935682488021176,0.011102438655913637,0.12895220518112183,1.4369016885757446,1.3079495429992676,0.9998206696579218,0.00017933034207811882,True,True,False,False,True,True,True,False,False,True,False,top_parent_attack
6,strict_weight4_seed42,strict_frozen_weight4,42,ood_stress,benign_ood,131579,cert1m:601679,processed/iotsim-stream-consumer-1.csv,1736880843.434632,51679,benign,iotsim-stream-consumer-1,0.9971268452469112,0.9935682488021176,0.011102438655913637,0.13188286125659943,1.4671674966812134,1.3352845907211304,0.9998206696579218,0.00017933034207811882,True,True,False,False,True,True,True,False,False,True,False,top_parent_attack
6,strict_weight4_seed42,strict_frozen_weight4,42,ood_stress,benign_ood,133242,cert1m:603342,processed/iotsim-stream-consumer-1.csv,1736880853.435856,53342,benign,iotsim-stream-consumer-1,0.9971268452469112,0.9935682488021176,0.011102438655913637,0.13934695720672607,1.538102388381958,1.398755431175232,0.9998206696579218,0.00017933034207811882,True,True,False,False,True,True,True,False,False,True,False,top_parent_attack
6,strict_weight4_seed42,strict_frozen_weight4,42,ood_stress,benign_ood,183072,cert1m:653172,processed/iotsim-stream-consumer-1.csv,1736881663.435311,103172,benign,iotsim-stream-consumer-1,0.9971268452469112,0.9935682488021176,0.011102438655913637,0.1311863660812378,1.474273443222046,1.343087077140808,0.9998206696579218,0.00017933034207811882,True,True,False,False,True,True,True,False,False,True,False,top_parent_attack
6,strict_weight4_seed42,strict_frozen_weight4,42,ood_stress,benign_ood,139606,cert1m:609706,processed/iotsim-stream-consumer-1.csv,1736880993.441539,59706,benign,iotsim-stream-consumer-1,0.9971268452469112,0.9935682488021176,0.011102438655913637,0.1401798576116562,1.5290051698684692,1.3888252973556519,0.9998206696579218,0.00017933034207811882,True,True,False,False,True,True,True,False,False,True,False,top_parent_attack
6,strict_weight4_seed42,strict_frozen_weight4,42,ood_stress,benign_ood,141247,cert1m:611347,processed/iotsim-stream-consumer-1.csv,1736881003.43541,61347,benign,iotsim-stream-consumer-1,0.9971268452469112,0.9935682488021176,0.011102438655913637,0.13219913840293884,1.470743179321289,1.3385440111160278,0.9998206696579218,0.00017933034207811882,True,True,False,False,True,True,True,False,False,True,False,top_parent_attack
6,strict_weight4_seed42,strict_frozen_weight4,42,ood_stress,benign_ood,142889,cert1m:612989,processed/iotsim-stream-consumer-1.csv,1736881013.43503,62989,benign,iotsim-stream-consumer-1,0.9971268452469112,0.9935682488021176,0.011102438655913637,0.13289695978164673,1.4942750930786133,1.3613781929016113,0.9998206696579218,0.00017933034207811882,True,True,False,False,True,True,True,False,False,True,False,top_parent_attack
6,strict_weight4_seed42,strict_frozen_weight4,42,ood_stress,benign_ood,181474,cert1m:651574,processed/iotsim-stream-consumer-1.csv,1736881653.434856,101574,benign,iotsim-stream-consumer-1,0.9971268452469112,0.9935682488021176,0.011102438655913637,0.13506677746772766,1.5108035802841187,1.3757368326187134,0.9998206696579218,0.00017933034207811882,True,True,False,False,True,True,True,False,False,True,False,top_parent_attack
6,strict_weight4_seed42,strict_frozen_weight4,42,ood_stress,benign_ood,32409,cert1m:237459,processed/iotsim-stream-consumer-2.csv,1736880522.857144,32459,benign,iotsim-stream-consumer-2,0.9967234492889732,0.9931648528441795,0.011102438655913637,0.13258913159370422,1.4836217164993286,1.3510326147079468,0.9998206696579218,0.00017933034207811882,True,True,False,False,True,True,True,False,False,True,False,top_parent_attack
6,strict_weight4_seed42,strict_frozen_weight4,42,ood_stress,benign_ood,51840,cert1m:256890,processed/iotsim-stream-consumer-2.csv,1736880844.386255,51890,benign,iotsim-stream-consumer-2,0.9967234492889732,0.9931648528441795,0.011102438655913637,0.1373051404953003,1.5098382234573364,1.3725330829620361,0.9998206696579218,0.00017933034207811882,True,True,False,False,True,True,True,False,False,True,False,top_parent_attack
6,strict_weight4_seed42,strict_frozen_weight4,42,ood_stress,benign_ood,71438,cert1m:276488,processed/iotsim-stream-consumer-2.csv,1736881166.434506,71488,benign,iotsim-stream-consumer-2,0.9967234492889732,0.9931648528441795,0.011102438655913637,0.14040416479110718,1.5360147953033447,1.3956105709075928,0.9998206696579218,0.00017933034207811882,True,True,False,False,True,True,True,False,False,True,False,top_parent_attack
6,strict_weight4_seed42,strict_frozen_weight4,42,ood_stress,benign_ood,61731,cert1m:266781,processed/iotsim-stream-consumer-2.csv,1736881005.666155,61781,benign,iotsim-stream-consumer-2,0.9967234492889732,0.9931648528441795,0.011102438655913637,0.12889057397842407,1.4488117694854736,1.3199212551116943,0.9998206696579218,0.00017933034207811882,True,True,False,False,True,True,True,False,False,True,False,top_parent_attack
6,strict_weight4_seed42,strict_frozen_weight4,42,ood_stress,benign_ood,229888,cert1m:699988,processed/iotsim-stream-consumer-1.csv,1736882455.165585,149988,benign,iotsim-stream-consumer-1,0.9961096050362873,0.9925510085914937,0.011102438655913637,0.1254904717206955,1.1999396085739136,1.0744491815567017,0.9998206696579218,0.00017933034207811882,True,True,False,False,True,True,True,False,False,True,False,lowest_temporal_ood_risk
6,strict_weight4_seed42,strict_frozen_weight4,42,ood_stress,benign_ood,229887,cert1m:699987,processed/iotsim-stream-consumer-1.csv,1736882455.165581,149987,benign,iotsim-stream-consumer-1,0.9961096050362873,0.9925510085914937,0.011102438655913637,0.12554863095283508,1.203125,1.0775763988494873,0.9998206696579218,0.00017933034207811882,True,True,False,False,True,True,True,False,False,True,False,lowest_temporal_ood_risk
6,strict_weight4_seed42,strict_frozen_weight4,42,ood_stress,benign_ood,229886,cert1m:699986,processed/iotsim-stream-consumer-1.csv,1736882455.16557,149986,benign,iotsim-stream-consumer-1,0.9961096050362873,0.9925510085914937,0.011102438655913637,0.12561102211475372,1.2064090967178345,1.0807980298995972,0.9998206696579218,0.00017933034207811882,True,True,False,False,True,True,True,False,False,True,False,lowest_temporal_ood_risk
6,strict_weight4_seed42,strict_frozen_weight4,42,ood_stress,benign_ood,229885,cert1m:699985,processed/iotsim-stream-consumer-1.csv,1736882455.165563,149985,benign,iotsim-stream-consumer-1,0.9961096050362873,0.9925510085914937,0.011102438655913637,0.1256778985261917,1.2097959518432617,1.0841180086135864,0.9998206696579218,0.00017933034207811882,True,True,False,False,True,True,True,False,False,True,False,lowest_temporal_ood_risk
6,strict_weight4_seed42,strict_frozen_weight4,42,ood_stress,benign_ood,229884,cert1m:699984,processed/iotsim-stream-consumer-1.csv,1736882455.165557,149984,benign,iotsim-stream-consumer-1,0.9961096050362873,0.9925510085914937,0.011102438655913637,0.12574954330921173,1.2132903337478638,1.0875407457351685,0.9998206696579218,0.00017933034207811882,True,True,False,False,True,True,True,False,False,True,False,lowest_temporal_ood_risk
6,strict_weight4_seed42,strict_frozen_weight4,42,ood_stress,benign_ood,229883,cert1m:699983,processed/iotsim-stream-consumer-1.csv,1736882455.165545,149983,benign,iotsim-stream-consumer-1,0.9961096050362873,0.9925510085914937,0.011102438655913637,0.12582623958587646,1.216896653175354,1.0910704135894775,0.9998206696579218,0.00017933034207811882,True,True,False,False,True,True,True,False,False,True,False,lowest_temporal_ood_risk
6,strict_weight4_seed42,strict_frozen_weight4,42,ood_stress,benign_ood,229882,cert1m:699982,processed/iotsim-stream-consumer-1.csv,1736882455.165538,149982,benign,iotsim-stream-consumer-1,0.9961096050362873,0.9925510085914937,0.011102438655913637,0.12590830028057098,1.2206201553344727,1.0947118997573853,0.9998206696579218,0.00017933034207811882,True,True,False,False,True,True,True,False,False,True,False,lowest_temporal_ood_risk
6,strict_weight4_seed42,strict_frozen_weight4,42,ood_stress,benign_ood,229881,cert1m:699981,processed/iotsim-stream-consumer-1.csv,1736882455.165522,149981,benign,iotsim-stream-consumer-1,0.9961096050362873,0.9925510085914937,0.011102438655913637,0.12599600851535797,1.22446608543396,1.0984700918197632,0.9998206696579218,0.00017933034207811882,True,True,False,False,True,True,True,False,False,True,False,lowest_temporal_ood_risk
6,strict_weight4_seed42,strict_frozen_weight4,42,ood_stress,benign_ood,229880,cert1m:699980,processed/iotsim-stream-consumer-1.csv,1736882455.165512,149980,benign,iotsim-stream-consumer-1,0.9961096050362873,0.9925510085914937,0.011102438655913637,0.12608979642391205,1.2284400463104248,1.1023502349853516,0.9998206696579218,0.00017933034207811882,True,True,False,False,True,True,True,False,False,True,False,lowest_temporal_ood_risk
6,strict_weight4_seed42,strict_frozen_weight4,42,ood_stress,benign_ood,229879,cert1m:699979,processed/iotsim-stream-consumer-1.csv,1736882455.165486,149979,benign,iotsim-stream-consumer-1,0.9961096050362873,0.9925510085914937,0.011102438655913637,0.1261899620294571,1.2325481176376343,1.1063581705093384,0.9998206696579218,0.00017933034207811882,True,True,False,False,True,True,True,False,False,True,False,lowest_temporal_ood_risk
6,strict_weight4_seed42,strict_frozen_weight4,42,ood_stress,benign_ood,229878,cert1m:699978,processed/iotsim-stream-consumer-1.csv,1736882455.134822,149978,benign,iotsim-stream-consumer-1,0.9961096050362873,0.9925510085914937,0.011102438655913637,0.12622153759002686,1.2326027154922485,1.1063811779022217,0.9998206696579218,0.00017933034207811882,True,True,False,False,True,True,True,False,False,True,False,lowest_temporal_ood_risk
6,strict_weight4_seed42,strict_frozen_weight4,42,ood_stress,benign_ood,229877,cert1m:699977,processed/iotsim-stream-consumer-1.csv,1736882455.134785,149977,benign,iotsim-stream-consumer-1,0.9961096050362873,0.9925510085914937,0.011102438655913637,0.12544000148773193,1.1726025342941284,1.0471625328063965,0.9998206696579218,0.00017933034207811882,True,True,False,False,True,True,True,False,False,True,False,lowest_temporal_ood_risk
6,strict_weight4_seed42,strict_frozen_weight4,42,ood_stress,benign_ood,229876,cert1m:699976,processed/iotsim-stream-consumer-1.csv,1736882455.094429,149976,benign,iotsim-stream-consumer-1,0.9961096050362873,0.9925510085914937,0.011102438655913637,0.12536916136741638,1.1734706163406372,1.0481014251708984,0.9998206696579218,0.00017933034207811882,True,True,False,False,True,True,True,False,False,True,False,lowest_temporal_ood_risk
6,strict_weight4_seed42,strict_frozen_weight4,42,ood_stress,benign_ood,229875,cert1m:699975,processed/iotsim-stream-consumer-1.csv,1736882455.094405,149975,benign,iotsim-stream-consumer-1,0.9961096050362873,0.9925510085914937,0.011102438655913637,0.12533323466777802,1.146292805671692,1.0209596157073975,0.9998206696579218,0.00017933034207811882,True,True,False,False,True,True,True,False,False,True,False,lowest_temporal_ood_risk
6,strict_weight4_seed42,strict_frozen_weight4,42,ood_stress,benign_ood,229874,cert1m:699974,processed/iotsim-stream-consumer-1.csv,1736882455.054714,149974,benign,iotsim-stream-consumer-1,0.9961096050362873,0.9925510085914937,0.011102438655913637,0.12523195147514343,1.148334264755249,1.0231022834777832,0.9998206696579218,0.00017933034207811882,True,True,False,False,True,True,True,False,False,True,False,lowest_temporal_ood_risk
6,strict_weight4_seed42,strict_frozen_weight4,42,ood_stress,benign_ood,229873,cert1m:699973,processed/iotsim-stream-consumer-1.csv,1736882455.054691,149973,benign,iotsim-stream-consumer-1,0.9961096050362873,0.9925510085914937,0.011102438655913637,0.12519407272338867,1.1497480869293213,1.0245540142059326,0.9998206696579218,0.00017933034207811882,True,True,False,False,True,True,True,False,False,True,False,lowest_temporal_ood_risk
6,strict_weight4_seed42,strict_frozen_weight4,42,ood_stress,benign_ood,15,cert1m:205065,processed/iotsim-stream-consumer-2.csv,1736880022.041425,65,benign,iotsim-stream-consumer-2,0.995709340826264,0.9921507443814704,0.011102438655913637,0.1250051110982895,0.19722451269626617,0.07221940159797668,0.9998206696579218,0.00017933034207811882,True,True,False,False,True,True,True,False,False,True,False,lowest_temporal_ood_risk
6,strict_weight4_seed42,strict_frozen_weight4,42,ood_stress,benign_ood,14,cert1m:205064,processed/iotsim-stream-consumer-2.csv,1736880022.041419,64,benign,iotsim-stream-consumer-2,0.995709340826264,0.9921507443814704,0.011102438655913637,0.12600353360176086,0.19778575003147125,0.07178221642971039,0.9998206696579218,0.00017933034207811882,True,True,False,False,True,True,True,False,False,True,False,lowest_temporal_ood_risk
6,strict_weight4_seed42,strict_frozen_weight4,42,ood_stress,benign_ood,13,cert1m:205063,processed/iotsim-stream-consumer-2.csv,1736880022.041406,63,benign,iotsim-stream-consumer-2,0.995709340826264,0.9921507443814704,0.011102438655913637,0.12706305086612701,0.19834700226783752,0.07128395140171051,0.9998206696579218,0.00017933034207811882,True,True,False,False,True,True,True,False,False,True,False,lowest_temporal_ood_risk
6,strict_weight4_seed42,strict_frozen_weight4,42,ood_stress,benign_ood,12,cert1m:205062,processed/iotsim-stream-consumer-2.csv,1736880022.041385,62,benign,iotsim-stream-consumer-2,0.995709340826264,0.9921507443814704,0.011102438655913637,0.1281881183385849,0.1989082396030426,0.0707201212644577,0.9998206696579218,0.00017933034207811882,True,True,False,False,True,True,True,False,False,True,False,lowest_temporal_ood_risk
6,strict_weight4_seed42,strict_frozen_weight4,42,ood_stress,benign_ood,11,cert1m:205061,processed/iotsim-stream-consumer-2.csv,1736880022.002488,61,benign,iotsim-stream-consumer-2,0.995709340826264,0.9921507443814704,0.011102438655913637,0.12933126091957092,0.1985568255186081,0.06922556459903717,0.9998206696579218,0.00017933034207811882,True,True,False,False,True,True,True,False,False,True,False,lowest_temporal_ood_risk
6,strict_weight4_seed42,strict_frozen_weight4,42,ood_stress,benign_ood,10,cert1m:205060,processed/iotsim-stream-consumer-2.csv,1736880022.00244,60,benign,iotsim-stream-consumer-2,0.995709340826264,0.9921507443814704,0.011102438655913637,0.1304343044757843,0.19911694526672363,0.06868264079093933,0.9998206696579218,0.00017933034207811882,True,True,False,False,True,True,True,False,False,True,False,lowest_temporal_ood_risk
6,strict_weight4_seed42,strict_frozen_weight4,42,ood_stress,benign_ood,9,cert1m:205059,processed/iotsim-stream-consumer-2.csv,1736880021.961463,59,benign,iotsim-stream-consumer-2,0.995709340826264,0.9921507443814704,0.011102438655913637,0.13168880343437195,0.19867409765720367,0.06698529422283173,0.9998206696579218,0.00017933034207811882,True,True,False,False,True,True,True,False,False,True,False,lowest_temporal_ood_risk
6,strict_weight4_seed42,strict_frozen_weight4,42,ood_stress,benign_ood,8,cert1m:205058,processed/iotsim-stream-consumer-2.csv,1736880021.961443,58,benign,iotsim-stream-consumer-2,0.995709340826264,0.9921507443814704,0.011102438655913637,0.12699371576309204,0.1992342621088028,0.07224054634571075,0.9998206696579218,0.00017933034207811882,True,True,False,False,True,True,True,False,False,True,False,lowest_temporal_ood_risk
6,strict_weight4_seed42,strict_frozen_weight4,42,ood_stress,benign_ood,7,cert1m:205057,processed/iotsim-stream-consumer-2.csv,1736880021.922457,57,benign,iotsim-stream-consumer-2,0.995709340826264,0.9921507443814704,0.011102438655913637,0.12813104689121246,0.19879482686519623,0.07066377997398376,0.9998206696579218,0.00017933034207811882,True,True,False,False,True,True,True,False,False,True,False,lowest_temporal_ood_risk
6,strict_weight4_seed42,strict_frozen_weight4,42,ood_stress,benign_ood,6,cert1m:205056,processed/iotsim-stream-consumer-2.csv,1736880021.922445,56,benign,iotsim-stream-consumer-2,0.995709340826264,0.9921507443814704,0.011102438655913637,0.12827955186367035,0.1993546038866043,0.07107505202293396,0.9998206696579218,0.00017933034207811882,True,True,False,False,True,True,True,False,False,True,False,lowest_temporal_ood_risk
6,strict_weight4_seed42,strict_frozen_weight4,42,ood_stress,benign_ood,5,cert1m:205055,processed/iotsim-stream-consumer-2.csv,1736880021.921612,55,benign,iotsim-stream-consumer-2,0.995709340826264,0.9921507443814704,0.011102438655913637,0.12956354022026062,0.19989344477653503,0.07032990455627441,0.9998206696579218,0.00017933034207811882,True,True,False,False,True,True,True,False,False,True,False,lowest_temporal_ood_risk
6,strict_weight4_seed42,strict_frozen_weight4,42,ood_stress,benign_ood,4,cert1m:205054,processed/iotsim-stream-consumer-2.csv,1736880021.889919,54,benign,iotsim-stream-consumer-2,0.995709340826264,0.9921507443814704,0.011102438655913637,0.13087692856788635,0.19962634146213531,0.06874941289424896,0.9998206696579218,0.00017933034207811882,True,True,False,False,True,True,True,False,False,True,False,lowest_temporal_ood_risk
6,strict_weight4_seed42,strict_frozen_weight4,42,ood_stress,benign_ood,3,cert1m:205053,processed/iotsim-stream-consumer-2.csv,1736880021.888964,53,benign,iotsim-stream-consumer-2,0.995709340826264,0.9921507443814704,0.011102438655913637,0.11415528506040573,0.20016077160835266,0.08600548654794693,0.9998206696579218,0.00017933034207811882,True,True,False,False,True,True,True,False,False,True,False,lowest_temporal_ood_risk
6,strict_weight4_seed42,strict_frozen_weight4,42,ood_stress,benign_ood,2,cert1m:205052,processed/iotsim-stream-consumer-2.csv,1736880021.888956,52,benign,iotsim-stream-consumer-2,0.995709340826264,0.9921507443814704,0.011102438655913637,0.1147373616695404,0.20072050392627716,0.08598314225673676,0.9998206696579218,0.00017933034207811882,True,True,False,False,True,True,True,False,False,True,False,lowest_temporal_ood_risk
6,strict_weight4_seed42,strict_frozen_weight4,42,ood_stress,benign_ood,1,cert1m:205051,processed/iotsim-stream-consumer-2.csv,1736880021.88894,51,benign,iotsim-stream-consumer-2,0.995709340826264,0.9921507443814704,0.011102438655913637,0.11536656320095062,0.20128022134304047,0.08591365814208984,0.9998206696579218,0.00017933034207811882,True,True,False,False,True,True,True,False,False,True,False,lowest_temporal_ood_risk
6,strict_weight4_seed42,strict_frozen_weight4,42,ood_stress,benign_ood,229889,cert1m:699989,processed/iotsim-stream-consumer-1.csv,1736882455.16559,149989,benign,iotsim-stream-consumer-1,0.9961096050362873,0.9925510085914937,0.011102438655913637,0.12543632090091705,1.196848750114441,1.071412444114685,0.9998206696579218,0.00017933034207811882,True,True,False,False,True,True,True,False,False,True,False,lowest_temporal_ood_risk
6,strict_weight4_seed42,strict_frozen_weight4,42,ood_stress,benign_ood,47,cert1m:205097,processed/iotsim-stream-consumer-2.csv,1736880022.192973,97,benign,iotsim-stream-consumer-2,0.995709340826264,0.9921507443814704,0.011102438655913637,0.11598233878612518,0.18429583311080933,0.06831349432468414,0.9998206696579218,0.00017933034207811882,True,True,False,False,True,True,True,False,False,True,False,lowest_temporal_ood_risk
6,strict_weight4_seed42,strict_frozen_weight4,42,ood_stress,benign_ood,46,cert1m:205096,processed/iotsim-stream-consumer-2.csv,1736880022.192968,96,benign,iotsim-stream-consumer-2,0.995709340826264,0.9921507443814704,0.011102438655913637,0.1163635104894638,0.18485534191131592,0.06849183142185211,0.9998206696579218,0.00017933034207811882,True,True,False,False,True,True,True,False,False,True,False,lowest_temporal_ood_risk
6,strict_weight4_seed42,strict_frozen_weight4,42,ood_stress,benign_ood,45,cert1m:205095,processed/iotsim-stream-consumer-2.csv,1736880022.19296,95,benign,iotsim-stream-consumer-2,0.995709340826264,0.9921507443814704,0.011102438655913637,0.1167646124958992,0.18541495501995087,0.06865034252405167,0.9998206696579218,0.00017933034207811882,True,True,False,False,True,True,True,False,False,True,False,lowest_temporal_ood_risk
6,strict_weight4_seed42,strict_frozen_weight4,42,ood_stress,benign_ood,44,cert1m:205094,processed/iotsim-stream-consumer-2.csv,1736880022.192955,94,benign,iotsim-stream-consumer-2,0.995709340826264,0.9921507443814704,0.011102438655913637,0.11718686670064926,0.1859748661518097,0.06878799945116043,0.9998206696579218,0.00017933034207811882,True,True,False,False,True,True,True,False,False,True,False,lowest_temporal_ood_risk
6,strict_weight4_seed42,strict_frozen_weight4,42,ood_stress,benign_ood,43,cert1m:205093,processed/iotsim-stream-consumer-2.csv,1736880022.192951,93,benign,iotsim-stream-consumer-2,0.995709340826264,0.9921507443814704,0.011102438655913637,0.11763161420822144,0.18653498589992523,0.0689033716917038,0.9998206696579218,0.00017933034207811882,True,True,False,False,True,True,True,False,False,True,False,lowest_temporal_ood_risk
6,strict_weight4_seed42,strict_frozen_weight4,42,ood_stress,benign_ood,42,cert1m:205092,processed/iotsim-stream-consumer-2.csv,1736880022.192943,92,benign,iotsim-stream-consumer-2,0.995709340826264,0.9921507443814704,0.011102438655913637,0.11810027062892914,0.18709519505500793,0.0689949244260788,0.9998206696579218,0.00017933034207811882,True,True,False,False,True,True,True,False,False,True,False,lowest_temporal_ood_risk
6,strict_weight4_seed42,strict_frozen_weight4,42,ood_stress,benign_ood,41,cert1m:205091,processed/iotsim-stream-consumer-2.csv,1736880022.192938,91,benign,iotsim-stream-consumer-2,0.995709340826264,0.9921507443814704,0.011102438655913637,0.1185944527387619,0.18765567243099213,0.06906121969223022,0.9998206696579218,0.00017933034207811882,True,True,False,False,True,True,True,False,False,True,False,lowest_temporal_ood_risk
6,strict_weight4_seed42,strict_frozen_weight4,42,ood_stress,benign_ood,40,cert1m:205090,processed/iotsim-stream-consumer-2.csv,1736880022.192933,90,benign,iotsim-stream-consumer-2,0.995709340826264,0.9921507443814704,0.011102438655913637,0.11911585181951523,0.18821635842323303,0.0691005066037178,0.9998206696579218,0.00017933034207811882,True,True,False,False,True,True,True,False,False,True,False,lowest_temporal_ood_risk
6,strict_weight4_seed42,strict_frozen_weight4,42,ood_stress,benign_ood,39,cert1m:205089,processed/iotsim-stream-consumer-2.csv,1736880022.192926,89,benign,iotsim-stream-consumer-2,0.995709340826264,0.9921507443814704,0.011102438655913637,0.11966633051633835,0.1887771487236023,0.06911081820726395,0.9998206696579218,0.00017933034207811882,True,True,False,False,True,True,True,False,False,True,False,lowest_temporal_ood_risk
6,strict_weight4_seed42,strict_frozen_weight4,42,ood_stress,benign_ood,38,cert1m:205088,processed/iotsim-stream-consumer-2.csv,1736880022.192919,88,benign,iotsim-stream-consumer-2,0.995709340826264,0.9921507443814704,0.011102438655913637,0.12024793773889542,0.18933814764022827,0.06909020990133286,0.9998206696579218,0.00017933034207811882,True,True,False,False,True,True,True,False,False,True,False,lowest_temporal_ood_risk
6,strict_weight4_seed42,strict_frozen_weight4,42,ood_stress,benign_ood,37,cert1m:205087,processed/iotsim-stream-consumer-2.csv,1736880022.192892,87,benign,iotsim-stream-consumer-2,0.995709340826264,0.9921507443814704,0.011102438655913637,0.12086287885904312,0.1898987889289856,0.06903591006994247,0.9998206696579218,0.00017933034207811882,True,True,False,False,True,True,True,False,False,True,False,lowest_temporal_ood_risk
6,strict_weight4_seed42,strict_frozen_weight4,42,ood_stress,benign_ood,36,cert1m:205086,processed/iotsim-stream-consumer-2.csv,1736880022.153671,86,benign,iotsim-stream-consumer-2,0.995709340826264,0.9921507443814704,0.011102438655913637,0.12145061790943146,0.18937307596206665,0.06792245805263519,0.9998206696579218,0.00017933034207811882,True,True,False,False,True,True,True,False,False,True,False,lowest_temporal_ood_risk
6,strict_weight4_seed42,strict_frozen_weight4,42,ood_stress,benign_ood,35,cert1m:205085,processed/iotsim-stream-consumer-2.csv,1736880022.153652,85,benign,iotsim-stream-consumer-2,0.995709340826264,0.9921507443814704,0.011102438655913637,0.12014739215373993,0.18993330001831055,0.06978590786457062,0.9998206696579218,0.00017933034207811882,True,True,False,False,True,True,True,False,False,True,False,lowest_temporal_ood_risk
6,strict_weight4_seed42,strict_frozen_weight4,42,ood_stress,benign_ood,34,cert1m:205084,processed/iotsim-stream-consumer-2.csv,1736880022.12447,84,benign,iotsim-stream-consumer-2,0.995709340826264,0.9921507443814704,0.011102438655913637,0.1207263171672821,0.18965762853622437,0.06893131136894226,0.9998206696579218,0.00017933034207811882,True,True,False,False,True,True,True,False,False,True,False,lowest_temporal_ood_risk
6,strict_weight4_seed42,strict_frozen_weight4,42,ood_stress,benign_ood,33,cert1m:205083,processed/iotsim-stream-consumer-2.csv,1736880022.124438,83,benign,iotsim-stream-consumer-2,0.995709340826264,0.9921507443814704,0.011102438655913637,0.12064430862665176,0.19021709263324738,0.06957278400659561,0.9998206696579218,0.00017933034207811882,True,True,False,False,True,True,True,False,False,True,False,lowest_temporal_ood_risk
6,strict_weight4_seed42,strict_frozen_weight4,42,ood_stress,benign_ood,32,cert1m:205082,processed/iotsim-stream-consumer-2.csv,1736880022.083569,82,benign,iotsim-stream-consumer-2,0.9946914459039758,0.9911328494591822,0.011102438655913637,0.21459266543388367,0.22321103513240814,0.008618369698524475,0.9998206696579218,0.00017933034207811882,True,True,False,False,True,True,True,False,False,True,False,lowest_temporal_ood_risk
6,strict_weight4_seed42,strict_frozen_weight4,42,ood_stress,benign_ood,63,cert1m:205113,processed/iotsim-stream-consumer-2.csv,1736880022.354242,113,benign,iotsim-stream-consumer-2,0.9961096050362873,0.9925510085914937,0.011102438655913637,0.12958182394504547,0.18063794076442719,0.051056116819381714,0.9998206696579218,0.00017933034207811882,True,True,False,False,True,True,True,False,False,True,False,lowest_temporal_ood_risk
6,strict_weight4_seed42,strict_frozen_weight4,42,ood_stress,benign_ood,62,cert1m:205112,processed/iotsim-stream-consumer-2.csv,1736880022.354236,112,benign,iotsim-stream-consumer-2,0.9961096050362873,0.9925510085914937,0.011102438655913637,0.1304548680782318,0.18119889497756958,0.05074402689933777,0.9998206696579218,0.00017933034207811882,True,True,False,False,True,True,True,False,False,True,False,lowest_temporal_ood_risk
6,strict_weight4_seed42,strict_frozen_weight4,42,ood_stress,benign_ood,61,cert1m:205111,processed/iotsim-stream-consumer-2.csv,1736880022.354217,111,benign,iotsim-stream-consumer-2,0.9961096050362873,0.9925510085914937,0.011102438655913637,0.13137251138687134,0.18175968527793884,0.050387173891067505,0.9998206696579218,0.00017933034207811882,True,True,False,False,True,True,True,False,False,True,False,lowest_temporal_ood_risk
6,strict_weight4_seed42,strict_frozen_weight4,42,ood_stress,benign_ood,60,cert1m:205110,processed/iotsim-stream-consumer-2.csv,1736880022.315832,110,benign,iotsim-stream-consumer-2,0.9961096050362873,0.9925510085914937,0.011102438655913637,0.13227857649326324,0.1811484545469284,0.04886987805366516,0.9998206696579218,0.00017933034207811882,True,True,False,False,True,True,True,False,False,True,False,lowest_temporal_ood_risk
6,strict_weight4_seed42,strict_frozen_weight4,42,ood_stress,benign_ood,59,cert1m:205109,processed/iotsim-stream-consumer-2.csv,1736880022.315808,109,benign,iotsim-stream-consumer-2,0.9961096050362873,0.9925510085914937,0.011102438655913637,0.12445463240146637,0.1817084550857544,0.057253822684288025,0.9998206696579218,0.00017933034207811882,True,True,False,False,True,True,True,False,False,True,False,lowest_temporal_ood_risk
6,strict_weight4_seed42,strict_frozen_weight4,42,ood_stress,benign_ood,58,cert1m:205108,processed/iotsim-stream-consumer-2.csv,1736880022.273553,108,benign,iotsim-stream-consumer-2,0.9961096050362873,0.9925510085914937,0.011102438655913637,0.1250821202993393,0.18091489374637604,0.05583277344703674,0.9998206696579218,0.00017933034207811882,True,True,False,False,True,True,True,False,False,True,False,lowest_temporal_ood_risk
6,strict_weight4_seed42,strict_frozen_weight4,42,ood_stress,benign_ood,57,cert1m:205107,processed/iotsim-stream-consumer-2.csv,1736880022.273526,107,benign,iotsim-stream-consumer-2,0.9961096050362873,0.9925510085914937,0.011102438655913637,0.12306568026542664,0.181473970413208,0.05840829014778137,0.9998206696579218,0.00017933034207811882,True,True,False,False,True,True,True,False,False,True,False,lowest_temporal_ood_risk
6,strict_weight4_seed42,strict_frozen_weight4,42,ood_stress,benign_ood,56,cert1m:205106,processed/iotsim-stream-consumer-2.csv,1736880022.23293,106,benign,iotsim-stream-consumer-2,0.9961096050362873,0.9925510085914937,0.011102438655913637,0.12363876402378082,0.18066194653511047,0.05702318251132965,0.9998206696579218,0.00017933034207811882,True,True,False,False,True,True,True,False,False,True,False,lowest_temporal_ood_risk
6,strict_weight4_seed42,strict_frozen_weight4,42,ood_stress,benign_ood,55,cert1m:205105,processed/iotsim-stream-consumer-2.csv,1736880022.232924,105,benign,iotsim-stream-consumer-2,0.9961096050362873,0.9925510085914937,0.011102438655913637,0.12294425815343857,0.1812208890914917,0.05827663093805313,0.9998206696579218,0.00017933034207811882,True,True,False,False,True,True,True,False,False,True,False,lowest_temporal_ood_risk
6,strict_weight4_seed42,strict_frozen_weight4,42,ood_stress,benign_ood,54,cert1m:205104,processed/iotsim-stream-consumer-2.csv,1736880022.232898,104,benign,iotsim-stream-consumer-2,0.9961096050362873,0.9925510085914937,0.011102438655913637,0.12359029054641724,0.18177935481071472,0.058189064264297485,0.9998206696579218,0.00017933034207811882,True,True,False,False,True,True,True,False,False,True,False,lowest_temporal_ood_risk
6,strict_weight4_seed42,strict_frozen_weight4,42,ood_stress,benign_ood,53,cert1m:205103,processed/iotsim-stream-consumer-2.csv,1736880022.193709,103,benign,iotsim-stream-consumer-2,0.9961096050362873,0.9925510085914937,0.011102438655913637,0.12419071793556213,0.1809675246477127,0.056776806712150574,0.9998206696579218,0.00017933034207811882,True,True,False,False,True,True,True,False,False,True,False,lowest_temporal_ood_risk
6,strict_weight4_seed42,strict_frozen_weight4,42,ood_stress,benign_ood,52,cert1m:205102,processed/iotsim-stream-consumer-2.csv,1736880022.193704,102,benign,iotsim-stream-consumer-2,0.9961096050362873,0.9925510085914937,0.011102438655913637,0.11433970183134079,0.1815258413553238,0.067186139523983,0.9998206696579218,0.00017933034207811882,True,True,False,False,True,True,True,False,False,True,False,lowest_temporal_ood_risk
6,strict_weight4_seed42,strict_frozen_weight4,42,ood_stress,benign_ood,51,cert1m:205101,processed/iotsim-stream-consumer-2.csv,1736880022.193696,101,benign,iotsim-stream-consumer-2,0.9961096050362873,0.9925510085914937,0.011102438655913637,0.11463675647974014,0.18208423256874084,0.0674474760890007,0.9998206696579218,0.00017933034207811882,True,True,False,False,True,True,True,False,False,True,False,lowest_temporal_ood_risk
6,strict_weight4_seed42,strict_frozen_weight4,42,ood_stress,benign_ood,50,cert1m:205100,processed/iotsim-stream-consumer-2.csv,1736880022.19299,100,benign,iotsim-stream-consumer-2,0.9961096050362873,0.9925510085914937,0.011102438655913637,0.1149473711848259,0.18261858820915222,0.06767121702432632,0.9998206696579218,0.00017933034207811882,True,True,False,False,True,True,True,False,False,True,False,lowest_temporal_ood_risk
6,strict_weight4_seed42,strict_frozen_weight4,42,ood_stress,benign_ood,49,cert1m:205099,processed/iotsim-stream-consumer-2.csv,1736880022.192985,99,benign,iotsim-stream-consumer-2,0.9961096050362873,0.9925510085914937,0.011102438655913637,0.11527528613805771,0.18317748606204987,0.06790219992399216,0.9998206696579218,0.00017933034207811882,True,True,False,False,True,True,True,False,False,True,False,lowest_temporal_ood_risk
6,strict_weight4_seed42,strict_frozen_weight4,42,ood_stress,benign_ood,48,cert1m:205098,processed/iotsim-stream-consumer-2.csv,1736880022.19298,98,benign,iotsim-stream-consumer-2,0.995709340826264,0.9921507443814704,0.011102438655913637,0.115619957447052,0.18373659253120422,0.06811663508415222,0.9998206696579218,0.00017933034207811882,True,True,False,False,True,True,True,False,False,True,False,lowest_temporal_ood_risk
6,strict_weight4_seed42,strict_frozen_weight4,42,ood_stress,benign_ood,79,cert1m:205129,processed/iotsim-stream-consumer-2.csv,1736880022.396651,129,benign,iotsim-stream-consumer-2,0.9961096050362873,0.9925510085914937,0.011102438655913637,0.12576939165592194,0.17328260838985443,0.047513216733932495,0.9998206696579218,0.00017933034207811882,True,True,False,False,True,True,True,False,False,True,False,lowest_temporal_ood_risk
6,strict_weight4_seed42,strict_frozen_weight4,42,ood_stress,benign_ood,78,cert1m:205128,processed/iotsim-stream-consumer-2.csv,1736880022.396624,128,benign,iotsim-stream-consumer-2,0.9961096050362873,0.9925510085914937,0.011102438655913637,0.12640583515167236,0.17384089529514313,0.047435060143470764,0.9998206696579218,0.00017933034207811882,True,True,False,False,True,True,True,False,False,True,False,lowest_temporal_ood_risk
6,strict_weight4_seed42,strict_frozen_weight4,42,ood_stress,benign_ood,77,cert1m:205127,processed/iotsim-stream-consumer-2.csv,1736880022.357331,127,benign,iotsim-stream-consumer-2,0.9961096050362873,0.9925510085914937,0.011102438655913637,0.1269935816526413,0.1729152351617813,0.045921653509140015,0.9998206696579218,0.00017933034207811882,True,True,False,False,True,True,True,False,False,True,False,lowest_temporal_ood_risk
6,strict_weight4_seed42,strict_frozen_weight4,42,ood_stress,benign_ood,76,cert1m:205126,processed/iotsim-stream-consumer-2.csv,1736880022.356662,126,benign,iotsim-stream-consumer-2,0.9961096050362873,0.9925510085914937,0.011102438655913637,0.12122326344251633,0.1734476536512375,0.05222439020872116,0.9998206696579218,0.00017933034207811882,True,True,False,False,True,True,True,False,False,True,False,lowest_temporal_ood_risk
6,strict_weight4_seed42,strict_frozen_weight4,42,ood_stress,benign_ood,75,cert1m:205125,processed/iotsim-stream-consumer-2.csv,1736880022.356647,125,benign,iotsim-stream-consumer-2,0.9961096050362873,0.9925510085914937,0.011102438655913637,0.12171512842178345,0.1740056574344635,0.052290529012680054,0.9998206696579218,0.00017933034207811882,True,True,False,False,True,True,True,False,False,True,False,lowest_temporal_ood_risk
6,strict_weight4_seed42,strict_frozen_weight4,42,ood_stress,benign_ood,74,cert1m:205124,processed/iotsim-stream-consumer-2.csv,1736880022.355832,124,benign,iotsim-stream-consumer-2,0.9961096050362873,0.9925510085914937,0.011102438655913637,0.12222576141357422,0.17453376948833466,0.05230800807476044,0.9998206696579218,0.00017933034207811882,True,True,False,False,True,True,True,False,False,True,False,lowest_temporal_ood_risk
6,strict_weight4_seed42,strict_frozen_weight4,42,ood_stress,benign_ood,73,cert1m:205123,processed/iotsim-stream-consumer-2.csv,1736880022.355824,123,benign,iotsim-stream-consumer-2,0.9961096050362873,0.9925510085914937,0.011102438655913637,0.12275922298431396,0.1750924289226532,0.05233320593833923,0.9998206696579218,0.00017933034207811882,True,True,False,False,True,True,True,False,False,True,False,lowest_temporal_ood_risk
6,strict_weight4_seed42,strict_frozen_weight4,42,ood_stress,benign_ood,72,cert1m:205122,processed/iotsim-stream-consumer-2.csv,1736880022.355817,122,benign,iotsim-stream-consumer-2,0.9961096050362873,0.9925510085914937,0.011102438655913637,0.12331533432006836,0.17565138638019562,0.05233605206012726,0.9998206696579218,0.00017933034207811882,True,True,False,False,True,True,True,False,False,True,False,lowest_temporal_ood_risk
6,strict_weight4_seed42,strict_frozen_weight4,42,ood_stress,benign_ood,71,cert1m:205121,processed/iotsim-stream-consumer-2.csv,1736880022.355795,121,benign,iotsim-stream-consumer-2,0.9961096050362873,0.9925510085914937,0.011102438655913637,0.12389540672302246,0.17621000111103058,0.05231459438800812,0.9998206696579218,0.00017933034207811882,True,True,False,False,True,True,True,False,False,True,False,lowest_temporal_ood_risk
6,strict_weight4_seed42,strict_frozen_weight4,42,ood_stress,benign_ood,70,cert1m:205120,processed/iotsim-stream-consumer-2.csv,1736880022.355041,120,benign,iotsim-stream-consumer-2,0.9961096050362873,0.9925510085914937,0.011102438655913637,0.12449945509433746,0.17674298584461212,0.05224353075027466,0.9998206696579218,0.00017933034207811882,True,True,False,False,True,True,True,False,False,True,False,lowest_temporal_ood_risk
6,strict_weight4_seed42,strict_frozen_weight4,42,ood_stress,benign_ood,69,cert1m:205119,processed/iotsim-stream-consumer-2.csv,1736880022.354285,119,benign,iotsim-stream-consumer-2,0.9961096050362873,0.9925510085914937,0.011102438655913637,0.12512995302677155,0.17727646231651306,0.052146509289741516,0.9998206696579218,0.00017933034207811882,True,True,False,False,True,True,True,False,False,True,False,lowest_temporal_ood_risk
6,strict_weight4_seed42,strict_frozen_weight4,42,ood_stress,benign_ood,68,cert1m:205118,processed/iotsim-stream-consumer-2.csv,1736880022.354277,118,benign,iotsim-stream-consumer-2,0.9961096050362873,0.9925510085914937,0.011102438655913637,0.1257897913455963,0.17783617973327637,0.052046388387680054,0.9998206696579218,0.00017933034207811882,True,True,False,False,True,True,True,False,False,True,False,lowest_temporal_ood_risk
6,strict_weight4_seed42,strict_frozen_weight4,42,ood_stress,benign_ood,67,cert1m:205117,processed/iotsim-stream-consumer-2.csv,1736880022.354272,117,benign,iotsim-stream-consumer-2,0.9961096050362873,0.9925510085914937,0.011102438655913637,0.12647973001003265,0.17839619517326355,0.051916465163230896,0.9998206696579218,0.00017933034207811882,True,True,False,False,True,True,True,False,False,True,False,lowest_temporal_ood_risk
6,strict_weight4_seed42,strict_frozen_weight4,42,ood_stress,benign_ood,66,cert1m:205116,processed/iotsim-stream-consumer-2.csv,1736880022.354264,116,benign,iotsim-stream-consumer-2,0.9961096050362873,0.9925510085914937,0.011102438655913637,0.12720173597335815,0.1789563149213791,0.051754578948020935,0.9998206696579218,0.00017933034207811882,True,True,False,False,True,True,True,False,False,True,False,lowest_temporal_ood_risk
6,strict_weight4_seed42,strict_frozen_weight4,42,ood_stress,benign_ood,65,cert1m:205115,processed/iotsim-stream-consumer-2.csv,1736880022.354258,115,benign,iotsim-stream-consumer-2,0.9961096050362873,0.9925510085914937,0.011102438655913637,0.12795785069465637,0.17951668798923492,0.05155883729457855,0.9998206696579218,0.00017933034207811882,True,True,False,False,True,True,True,False,False,True,False,lowest_temporal_ood_risk
6,strict_weight4_seed42,strict_frozen_weight4,42,ood_stress,benign_ood,64,cert1m:205114,processed/iotsim-stream-consumer-2.csv,1736880022.354253,114,benign,iotsim-stream-consumer-2,0.9961096050362873,0.9925510085914937,0.011102438655913637,0.12875038385391235,0.18007729947566986,0.05132691562175751,0.9998206696579218,0.00017933034207811882,True,True,False,False,True,True,True,False,False,True,False,lowest_temporal_ood_risk
6,strict_weight4_seed42,strict_frozen_weight4,42,ood_stress,benign_ood,79974,cert1m:550074,processed/iotsim-stream-consumer-1.csv,1736880022.41164,74,benign,iotsim-stream-consumer-1,0.995709340826264,0.9921507443814704,0.011102438655913637,0.10913441330194473,0.19264726340770721,0.08351285010576248,0.9998206696579218,0.00017933034207811882,True,True,False,False,True,True,True,False,False,True,False,nearest_attack_region
6,strict_weight4_seed42,strict_frozen_weight4,42,ood_stress,benign_ood,79973,cert1m:550073,processed/iotsim-stream-consumer-1.csv,1736880022.411616,73,benign,iotsim-stream-consumer-1,0.995709340826264,0.9921507443814704,0.011102438655913637,0.10927853733301163,0.193206787109375,0.08392824977636337,0.9998206696579218,0.00017933034207811882,True,True,False,False,True,True,True,False,False,True,False,nearest_attack_region
6,strict_weight4_seed42,strict_frozen_weight4,42,ood_stress,benign_ood,79972,cert1m:550072,processed/iotsim-stream-consumer-1.csv,1736880022.374494,72,benign,iotsim-stream-consumer-1,0.995709340826264,0.9921507443814704,0.011102438655913637,0.1093669980764389,0.19268906116485596,0.08332206308841705,0.9998206696579218,0.00017933034207811882,True,True,False,False,True,True,True,False,False,True,False,nearest_attack_region
6,strict_weight4_seed42,strict_frozen_weight4,42,ood_stress,benign_ood,79971,cert1m:550071,processed/iotsim-stream-consumer-1.csv,1736880022.374486,71,benign,iotsim-stream-consumer-1,0.995709340826264,0.9921507443814704,0.011102438655913637,0.10940597951412201,0.19324836134910583,0.08384238183498383,0.9998206696579218,0.00017933034207811882,True,True,False,False,True,True,True,False,False,True,False,nearest_attack_region
6,strict_weight4_seed42,strict_frozen_weight4,42,ood_stress,benign_ood,79994,cert1m:550094,processed/iotsim-stream-consumer-1.csv,1736880022.532951,94,benign,iotsim-stream-consumer-1,0.995709340826264,0.9921507443814704,0.011102438655913637,0.10958891361951828,0.18471461534500122,0.07512570172548294,0.9998206696579218,0.00017933034207811882,True,True,False,False,True,True,True,False,False,True,False,nearest_attack_region
6,strict_weight4_seed42,strict_frozen_weight4,42,ood_stress,benign_ood,79970,cert1m:550070,processed/iotsim-stream-consumer-1.csv,1736880022.374464,70,benign,iotsim-stream-consumer-1,0.995709340826264,0.9921507443814704,0.011102438655913637,0.10959963500499725,0.193807452917099,0.08420781791210175,0.9998206696579218,0.00017933034207811882,True,True,False,False,True,True,True,False,False,True,False,nearest_attack_region
6,strict_weight4_seed42,strict_frozen_weight4,42,ood_stress,benign_ood,79993,cert1m:550093,processed/iotsim-stream-consumer-1.csv,1736880022.532944,93,benign,iotsim-stream-consumer-1,0.995709340826264,0.9921507443814704,0.011102438655913637,0.1097206398844719,0.18527381122112274,0.07555317133665085,0.9998206696579218,0.00017933034207811882,True,True,False,False,True,True,True,False,False,True,False,nearest_attack_region
6,strict_weight4_seed42,strict_frozen_weight4,42,ood_stress,benign_ood,79969,cert1m:550069,processed/iotsim-stream-consumer-1.csv,1736880022.374459,69,benign,iotsim-stream-consumer-1,0.995709340826264,0.9921507443814704,0.011102438655913637,0.10981184989213943,0.19436724483966827,0.08455539494752884,0.9998206696579218,0.00017933034207811882,True,True,False,False,True,True,True,False,False,True,False,nearest_attack_region
6,strict_weight4_seed42,strict_frozen_weight4,42,ood_stress,benign_ood,79992,cert1m:550092,processed/iotsim-stream-consumer-1.csv,1736880022.532939,92,benign,iotsim-stream-consumer-1,0.995709340826264,0.9921507443814704,0.011102438655913637,0.10986360162496567,0.18583326041698456,0.07596965879201889,0.9998206696579218,0.00017933034207811882,True,True,False,False,True,True,True,False,False,True,False,nearest_attack_region
6,strict_weight4_seed42,strict_frozen_weight4,42,ood_stress,benign_ood,79991,cert1m:550091,processed/iotsim-stream-consumer-1.csv,1736880022.532933,91,benign,iotsim-stream-consumer-1,0.995709340826264,0.9921507443814704,0.011102438655913637,0.11001863330602646,0.1863929033279419,0.07637427002191544,0.9998206696579218,0.00017933034207811882,True,True,False,False,True,True,True,False,False,True,False,nearest_attack_region
6,strict_weight4_seed42,strict_frozen_weight4,42,ood_stress,benign_ood,79968,cert1m:550068,processed/iotsim-stream-consumer-1.csv,1736880022.374453,68,benign,iotsim-stream-consumer-1,0.995709340826264,0.9921507443814704,0.011102438655913637,0.11004407703876495,0.1949271559715271,0.08488307893276215,0.9998206696579218,0.00017933034207811882,True,True,False,False,True,True,True,False,False,True,False,nearest_attack_region
6,strict_weight4_seed42,strict_frozen_weight4,42,ood_stress,benign_ood,79990,cert1m:550090,processed/iotsim-stream-consumer-1.csv,1736880022.532922,90,benign,iotsim-stream-consumer-1,0.995709340826264,0.9921507443814704,0.011102438655913637,0.11018665134906769,0.18695257604122162,0.07676592469215393,0.9998206696579218,0.00017933034207811882,True,True,False,False,True,True,True,False,False,True,False,nearest_attack_region
6,strict_weight4_seed42,strict_frozen_weight4,42,ood_stress,benign_ood,79976,cert1m:550076,processed/iotsim-stream-consumer-1.csv,1736880022.451398,76,benign,iotsim-stream-consumer-1,0.995709340826264,0.9921507443814704,0.011102438655913637,0.11021867394447327,0.19265177845954895,0.08243310451507568,0.9998206696579218,0.00017933034207811882,True,True,False,False,True,True,True,False,False,True,False,nearest_attack_region
6,strict_weight4_seed42,strict_frozen_weight4,42,ood_stress,benign_ood,79967,cert1m:550067,processed/iotsim-stream-consumer-1.csv,1736880022.37444,67,benign,iotsim-stream-consumer-1,0.995709340826264,0.9921507443814704,0.011102438655913637,0.11029791831970215,0.19548708200454712,0.08518916368484497,0.9998206696579218,0.00017933034207811882,True,True,False,False,True,True,True,False,False,True,False,nearest_attack_region
6,strict_weight4_seed42,strict_frozen_weight4,42,ood_stress,benign_ood,79989,cert1m:550089,processed/iotsim-stream-consumer-1.csv,1736880022.53218,89,benign,iotsim-stream-consumer-1,0.995709340826264,0.9921507443814704,0.011102438655913637,0.11036723107099533,0.1874900907278061,0.07712285965681076,0.9998206696579218,0.00017933034207811882,True,True,False,False,True,True,True,False,False,True,False,nearest_attack_region
6,strict_weight4_seed42,strict_frozen_weight4,42,ood_stress,benign_ood,79975,cert1m:550075,processed/iotsim-stream-consumer-1.csv,1736880022.411646,75,benign,iotsim-stream-consumer-1,0.995709340826264,0.9921507443814704,0.011102438655913637,0.11037994921207428,0.19208741188049316,0.08170746266841888,0.9998206696579218,0.00017933034207811882,True,True,False,False,True,True,True,False,False,True,False,nearest_attack_region
6,strict_weight4_seed42,strict_frozen_weight4,42,ood_stress,benign_ood,79988,cert1m:550088,processed/iotsim-stream-consumer-1.csv,1736880022.532176,88,benign,iotsim-stream-consumer-1,0.995709340826264,0.9921507443814704,0.011102438655913637,0.11056432127952576,0.18805034458637238,0.07748602330684662,0.9998206696579218,0.00017933034207811882,True,True,False,False,True,True,True,False,False,True,False,nearest_attack_region
6,strict_weight4_seed42,strict_frozen_weight4,42,ood_stress,benign_ood,79966,cert1m:550066,processed/iotsim-stream-consumer-1.csv,1736880022.374435,66,benign,iotsim-stream-consumer-1,0.995709340826264,0.9921507443814704,0.011102438655913637,0.11057516932487488,0.19604742527008057,0.08547225594520569,0.9998206696579218,0.00017933034207811882,True,True,False,False,True,True,True,False,False,True,False,nearest_attack_region
6,strict_weight4_seed42,strict_frozen_weight4,42,ood_stress,benign_ood,79987,cert1m:550087,processed/iotsim-stream-consumer-1.csv,1736880022.532169,87,benign,iotsim-stream-consumer-1,0.995709340826264,0.9921507443814704,0.011102438655913637,0.11077765375375748,0.18861070275306702,0.07783304899930954,0.9998206696579218,0.00017933034207811882,True,True,False,False,True,True,True,False,False,True,False,nearest_attack_region
6,strict_weight4_seed42,strict_frozen_weight4,42,ood_stress,benign_ood,79965,cert1m:550065,processed/iotsim-stream-consumer-1.csv,1736880022.374426,65,benign,iotsim-stream-consumer-1,0.995709340826264,0.9921507443814704,0.011102438655913637,0.11087775975465775,0.1966078281402588,0.08573006838560104,0.9998206696579218,0.00017933034207811882,True,True,False,False,True,True,True,False,False,True,False,nearest_attack_region
6,strict_weight4_seed42,strict_frozen_weight4,42,ood_stress,benign_ood,79986,cert1m:550086,processed/iotsim-stream-consumer-1.csv,1736880022.532164,86,benign,iotsim-stream-consumer-1,0.995709340826264,0.9921507443814704,0.011102438655913637,0.11100853234529495,0.18917131423950195,0.078162781894207,0.9998206696579218,0.00017933034207811882,True,True,False,False,True,True,True,False,False,True,False,nearest_attack_region
6,strict_weight4_seed42,strict_frozen_weight4,42,ood_stress,benign_ood,79964,cert1m:550064,processed/iotsim-stream-consumer-1.csv,1736880022.374421,64,benign,iotsim-stream-consumer-1,0.995709340826264,0.9921507443814704,0.011102438655913637,0.11120784282684326,0.1971685141324997,0.08596067130565643,0.9998206696579218,0.00017933034207811882,True,True,False,False,True,True,True,False,False,True,False,nearest_attack_region
6,strict_weight4_seed42,strict_frozen_weight4,42,ood_stress,benign_ood,79985,cert1m:550085,processed/iotsim-stream-consumer-1.csv,1736880022.532142,85,benign,iotsim-stream-consumer-1,0.995709340826264,0.9921507443814704,0.011102438655913637,0.1112583726644516,0.189731627702713,0.07847325503826141,0.9998206696579218,0.00017933034207811882,True,True,False,False,True,True,True,False,False,True,False,nearest_attack_region
6,strict_weight4_seed42,strict_frozen_weight4,42,ood_stress,benign_ood,79984,cert1m:550084,processed/iotsim-stream-consumer-1.csv,1736880022.532137,84,benign,iotsim-stream-consumer-1,0.995709340826264,0.9921507443814704,0.011102438655913637,0.11152885109186172,0.1902925968170166,0.07876374572515488,0.9998206696579218,0.00017933034207811882,True,True,False,False,True,True,True,False,False,True,False,nearest_attack_region
6,strict_weight4_seed42,strict_frozen_weight4,42,ood_stress,benign_ood,79963,cert1m:550063,processed/iotsim-stream-consumer-1.csv,1736880022.374415,63,benign,iotsim-stream-consumer-1,0.995709340826264,0.9921507443814704,0.011102438655913637,0.11156772822141647,0.19772937893867493,0.08616165071725845,0.9998206696579218,0.00017933034207811882,True,True,False,False,True,True,True,False,False,True,False,nearest_attack_region
6,strict_weight4_seed42,strict_frozen_weight4,42,ood_stress,benign_ood,79997,cert1m:550097,processed/iotsim-stream-consumer-1.csv,1736880022.575175,97,benign,iotsim-stream-consumer-1,0.995709340826264,0.9921507443814704,0.011102438655913637,0.11158310621976852,0.18440960347652435,0.07282649725675583,0.9998206696579218,0.00017933034207811882,True,True,False,False,True,True,True,False,False,True,False,nearest_attack_region
6,strict_weight4_seed42,strict_frozen_weight4,42,ood_stress,benign_ood,79983,cert1m:550083,processed/iotsim-stream-consumer-1.csv,1736880022.532132,83,benign,iotsim-stream-consumer-1,0.995709340826264,0.9921507443814704,0.011102438655913637,0.11182166635990143,0.1908537596464157,0.07903209328651428,0.9998206696579218,0.00017933034207811882,True,True,False,False,True,True,True,False,False,True,False,nearest_attack_region
6,strict_weight4_seed42,strict_frozen_weight4,42,ood_stress,benign_ood,79996,cert1m:550096,processed/iotsim-stream-consumer-1.csv,1736880022.574264,96,benign,iotsim-stream-consumer-1,0.995709340826264,0.9921507443814704,0.011102438655913637,0.11186602711677551,0.18494082987308502,0.07307480275630951,0.9998206696579218,0.00017933034207811882,True,True,False,False,True,True,True,False,False,True,False,nearest_attack_region
6,strict_weight4_seed42,strict_frozen_weight4,42,ood_stress,benign_ood,79962,cert1m:550062,processed/iotsim-stream-consumer-1.csv,1736880022.3744,62,benign,iotsim-stream-consumer-1,0.995709340826264,0.9921507443814704,0.011102438655913637,0.11195997893810272,0.19829018414020538,0.08633020520210266,0.9998206696579218,0.00017933034207811882,True,True,False,False,True,True,True,False,False,True,False,nearest_attack_region
6,strict_weight4_seed42,strict_frozen_weight4,42,ood_stress,benign_ood,79978,cert1m:550078,processed/iotsim-stream-consumer-1.csv,1736880022.491638,78,benign,iotsim-stream-consumer-1,0.995709340826264,0.9921507443814704,0.011102438655913637,0.11207370460033417,0.19261643290519714,0.08054272830486298,0.9998206696579218,0.00017933034207811882,True,True,False,False,True,True,True,False,False,True,False,nearest_attack_region
6,strict_weight4_seed42,strict_frozen_weight4,42,ood_stress,benign_ood,79995,cert1m:550095,processed/iotsim-stream-consumer-1.csv,1736880022.532956,95,benign,iotsim-stream-consumer-1,0.995709340826264,0.9921507443814704,0.011102438655913637,0.11208727955818176,0.18415553867816925,0.07206825911998749,0.9998206696579218,0.00017933034207811882,True,True,False,False,True,True,True,False,False,True,False,nearest_attack_region
6,strict_weight4_seed42,strict_frozen_weight4,42,ood_stress,benign_ood,79982,cert1m:550082,processed/iotsim-stream-consumer-1.csv,1736880022.53212,82,benign,iotsim-stream-consumer-1,0.995709340826264,0.9921507443814704,0.011102438655913637,0.1121387705206871,0.191414937376976,0.07927616685628891,0.9998206696579218,0.00017933034207811882,True,True,False,False,True,True,True,False,False,True,False,nearest_attack_region
6,strict_weight4_seed42,strict_frozen_weight4,42,ood_stress,benign_ood,79950,cert1m:550050,processed/iotsim-stream-consumer-1.csv,1736880022.33054,50,benign,iotsim-stream-consumer-1,0.995709340826264,0.9921507443814704,0.011102438655913637,0.11220426857471466,0.20419509708881378,0.09199082851409912,0.9998206696579218,0.00017933034207811882,True,True,False,False,True,True,True,False,False,True,False,nearest_attack_region
6,strict_weight4_seed42,strict_frozen_weight4,42,ood_stress,benign_ood,79977,cert1m:550077,processed/iotsim-stream-consumer-1.csv,1736880022.451426,77,benign,iotsim-stream-consumer-1,0.995709340826264,0.9921507443814704,0.011102438655913637,0.1123720109462738,0.1920918971300125,0.07971988618373871,0.9998206696579218,0.00017933034207811882,True,True,False,False,True,True,True,False,False,True,False,nearest_attack_region
6,strict_weight4_seed42,strict_frozen_weight4,42,ood_stress,benign_ood,79961,cert1m:550061,processed/iotsim-stream-consumer-1.csv,1736880022.374394,61,benign,iotsim-stream-consumer-1,0.995709340826264,0.9921507443814704,0.011102438655913637,0.11238744854927063,0.19885140657424927,0.08646395802497864,0.9998206696579218,0.00017933034207811882,True,True,False,False,True,True,True,False,False,True,False,nearest_attack_region
6,strict_weight4_seed42,strict_frozen_weight4,42,ood_stress,benign_ood,79981,cert1m:550081,processed/iotsim-stream-consumer-1.csv,1736880022.532114,81,benign,iotsim-stream-consumer-1,0.995709340826264,0.9921507443814704,0.011102438655913637,0.11248236149549484,0.19197644293308258,0.07949408143758774,0.9998206696579218,0.00017933034207811882,True,True,False,False,True,True,True,False,False,True,False,nearest_attack_region
6,strict_weight4_seed42,strict_frozen_weight4,42,ood_stress,benign_ood,79960,cert1m:550060,processed/iotsim-stream-consumer-1.csv,1736880022.374388,60,benign,iotsim-stream-consumer-1,0.995709340826264,0.9921507443814704,0.011102438655913637,0.1128532662987709,0.1994127780199051,0.08655951172113419,0.9998206696579218,0.00017933034207811882,True,True,False,False,True,True,True,False,False,True,False,nearest_attack_region
6,strict_weight4_seed42,strict_frozen_weight4,42,ood_stress,benign_ood,79980,cert1m:550080,processed/iotsim-stream-consumer-1.csv,1736880022.532095,80,benign,iotsim-stream-consumer-1,0.995709340826264,0.9921507443814704,0.011102438655913637,0.11285482347011566,0.1925377994775772,0.07968297600746155,0.9998206696579218,0.00017933034207811882,True,True,False,False,True,True,True,False,False,True,False,nearest_attack_region
6,strict_weight4_seed42,strict_frozen_weight4,42,ood_stress,benign_ood,79979,cert1m:550079,processed/iotsim-stream-consumer-1.csv,1736880022.491658,79,benign,iotsim-stream-consumer-1,0.995709340826264,0.9921507443814704,0.011102438655913637,0.11319306492805481,0.19205568730831146,0.07886262238025665,0.9998206696579218,0.00017933034207811882,True,True,False,False,True,True,True,False,False,True,False,nearest_attack_region
6,strict_weight4_seed42,strict_frozen_weight4,42,ood_stress,benign_ood,79959,cert1m:550059,processed/iotsim-stream-consumer-1.csv,1736880022.374376,59,benign,iotsim-stream-consumer-1,0.995709340826264,0.9921507443814704,0.011102438655913637,0.11336088925600052,0.1999742090702057,0.08661331981420517,0.9998206696579218,0.00017933034207811882,True,True,False,False,True,True,True,False,False,True,False,nearest_attack_region
6,strict_weight4_seed42,strict_frozen_weight4,42,ood_stress,benign_ood,79958,cert1m:550058,processed/iotsim-stream-consumer-1.csv,1736880022.37436,58,benign,iotsim-stream-consumer-1,0.995709340826264,0.9921507443814704,0.011102438655913637,0.11391416192054749,0.20053571462631226,0.08662155270576477,0.9998206696579218,0.00017933034207811882,True,True,False,False,True,True,True,False,False,True,False,nearest_attack_region
6,strict_weight4_seed42,strict_frozen_weight4,42,ood_stress,benign_ood,3,cert1m:205053,processed/iotsim-stream-consumer-2.csv,1736880021.888964,53,benign,iotsim-stream-consumer-2,0.995709340826264,0.9921507443814704,0.011102438655913637,0.11415528506040573,0.20016077160835266,0.08600548654794693,0.9998206696579218,0.00017933034207811882,True,True,False,False,True,True,True,False,False,True,False,nearest_attack_region
6,strict_weight4_seed42,strict_frozen_weight4,42,ood_stress,benign_ood,52,cert1m:205102,processed/iotsim-stream-consumer-2.csv,1736880022.193704,102,benign,iotsim-stream-consumer-2,0.9961096050362873,0.9925510085914937,0.011102438655913637,0.11433970183134079,0.1815258413553238,0.067186139523983,0.9998206696579218,0.00017933034207811882,True,True,False,False,True,True,True,False,False,True,False,nearest_attack_region
6,strict_weight4_seed42,strict_frozen_weight4,42,ood_stress,benign_ood,79957,cert1m:550057,processed/iotsim-stream-consumer-1.csv,1736880022.373113,57,benign,iotsim-stream-consumer-1,0.995709340826264,0.9921507443814704,0.011102438655913637,0.11451562494039536,0.20107075572013855,0.0865551307797432,0.9998206696579218,0.00017933034207811882,True,True,False,False,True,True,True,False,False,True,False,nearest_attack_region
6,strict_weight4_seed42,strict_frozen_weight4,42,ood_stress,benign_ood,74039,cert1m:279089,processed/iotsim-stream-consumer-2.csv,1736881282.799557,74089,benign,iotsim-stream-consumer-2,0.32899346843359156,0.325434871988798,0.25694165138677805,0.11453482508659363,1.2648725509643555,1.1503376960754395,0.9998206696579218,0.00017933034207811882,True,True,False,False,False,True,True,False,False,True,False,nearest_attack_region
6,strict_weight4_seed42,strict_frozen_weight4,42,ood_stress,benign_ood,74038,cert1m:279088,processed/iotsim-stream-consumer-2.csv,1736881282.799546,74088,benign,iotsim-stream-consumer-2,0.32899346843359156,0.325434871988798,0.25694165138677805,0.1146034449338913,1.2662220001220703,1.1516185998916626,0.9998206696579218,0.00017933034207811882,True,True,False,False,False,True,True,False,False,True,False,nearest_attack_region
6,strict_weight4_seed42,strict_frozen_weight4,42,ood_stress,benign_ood,51,cert1m:205101,processed/iotsim-stream-consumer-2.csv,1736880022.193696,101,benign,iotsim-stream-consumer-2,0.9961096050362873,0.9925510085914937,0.011102438655913637,0.11463675647974014,0.18208423256874084,0.0674474760890007,0.9998206696579218,0.00017933034207811882,True,True,False,False,True,True,True,False,False,True,False,nearest_attack_region
6,strict_weight4_seed42,strict_frozen_weight4,42,ood_stress,benign_ood,79999,cert1m:550099,processed/iotsim-stream-consumer-1.csv,1736880022.612345,99,benign,iotsim-stream-consumer-1,0.9961096050362873,0.9925510085914937,0.011102438655913637,0.11464184522628784,0.18446111679077148,0.06981927156448364,0.9998206696579218,0.00017933034207811882,True,True,False,False,True,True,True,False,False,True,False,nearest_attack_region
6,strict_weight4_seed42,strict_frozen_weight4,42,ood_stress,benign_ood,74037,cert1m:279087,processed/iotsim-stream-consumer-2.csv,1736881282.799539,74087,benign,iotsim-stream-consumer-2,0.32899346843359156,0.325434871988798,0.25694165138677805,0.11467486619949341,1.2675895690917969,1.1529147624969482,0.9998206696579218,0.00017933034207811882,True,True,False,False,False,True,True,False,False,True,False,nearest_attack_region
6,strict_weight4_seed42,strict_frozen_weight4,42,ood_stress,benign_ood,2,cert1m:205052,processed/iotsim-stream-consumer-2.csv,1736880021.888956,52,benign,iotsim-stream-consumer-2,0.995709340826264,0.9921507443814704,0.011102438655913637,0.1147373616695404,0.20072050392627716,0.08598314225673676,0.9998206696579218,0.00017933034207811882,True,True,False,False,True,True,True,False,False,True,False,nearest_attack_region
6,strict_weight4_seed42,strict_frozen_weight4,42,ood_stress,benign_ood,74036,cert1m:279086,processed/iotsim-stream-consumer-2.csv,1736881282.799527,74086,benign,iotsim-stream-consumer-2,0.32899346843359156,0.325434871988798,0.25694165138677805,0.11474914848804474,1.2689756155014038,1.1542264223098755,0.9998206696579218,0.00017933034207811882,True,True,False,False,False,True,True,False,False,True,False,nearest_attack_region
6,strict_weight4_seed42,strict_frozen_weight4,42,ood_stress,benign_ood,74035,cert1m:279085,processed/iotsim-stream-consumer-2.csv,1736881282.79952,74085,benign,iotsim-stream-consumer-2,0.32899346843359156,0.325434871988798,0.25694165138677805,0.11482641100883484,1.2703804969787598,1.1555540561676025,0.9998206696579218,0.00017933034207811882,True,True,False,False,False,True,True,False,False,True,False,nearest_attack_region
6,strict_weight4_seed42,strict_frozen_weight4,42,ood_stress,benign_ood,74034,cert1m:279084,processed/iotsim-stream-consumer-2.csv,1736881282.799512,74084,benign,iotsim-stream-consumer-2,0.32899346843359156,0.325434871988798,0.25694165138677805,0.11490674316883087,1.2718048095703125,1.156898021697998,0.9998206696579218,0.00017933034207811882,True,True,False,False,False,True,True,False,False,True,False,nearest_attack_region
6,strict_weight4_seed42,strict_frozen_weight4,42,ood_stress,benign_ood,50,cert1m:205100,processed/iotsim-stream-consumer-2.csv,1736880022.19299,100,benign,iotsim-stream-consumer-2,0.9961096050362873,0.9925510085914937,0.011102438655913637,0.1149473711848259,0.18261858820915222,0.06767121702432632,0.9998206696579218,0.00017933034207811882,True,True,False,False,True,True,True,False,False,True,False,nearest_attack_region
6,strict_weight4_seed42,strict_frozen_weight4,42,ood_stress,benign_ood,74033,cert1m:279083,processed/iotsim-stream-consumer-2.csv,1736881282.7995,74083,benign,iotsim-stream-consumer-2,0.32899346843359156,0.325434871988798,0.25694165138677805,0.11499021202325821,1.2732486724853516,1.1582584381103516,0.9998206696579218,0.00017933034207811882,True,True,False,False,False,True,True,False,False,True,False,nearest_attack_region
6,strict_weight4_seed42,strict_frozen_weight4,42,ood_stress,benign_ood,79998,cert1m:550098,processed/iotsim-stream-consumer-1.csv,1736880022.575977,98,benign,iotsim-stream-consumer-1,0.9961096050362873,0.9925510085914937,0.011102438655913637,0.11502416431903839,0.18387553095817566,0.06885136663913727,0.9998206696579218,0.00017933034207811882,True,True,False,False,True,True,True,False,False,True,False,nearest_attack_region
6,strict_weight4_seed42,strict_frozen_weight4,42,ood_stress,benign_ood,74032,cert1m:279082,processed/iotsim-stream-consumer-2.csv,1736881282.799493,74082,benign,iotsim-stream-consumer-2,0.32899346843359156,0.325434871988798,0.25694165138677805,0.11507697403430939,1.2747125625610352,1.1596355438232422,0.9998206696579218,0.00017933034207811882,True,True,False,False,False,True,True,False,False,True,False,nearest_attack_region
6,strict_weight4_seed42,strict_frozen_weight4,42,ood_stress,benign_ood,74040,cert1m:279090,processed/iotsim-stream-consumer-2.csv,1736881282.799564,74090,benign,iotsim-stream-consumer-2,0.32899346843359156,0.325434871988798,0.25694165138677805,0.11507824808359146,1.2571390867233276,1.1420608758926392,0.9998206696579218,0.00017933034207811882,True,True,False,False,False,True,True,False,False,True,False,nearest_attack_region
6,strict_weight4_seed42,strict_frozen_weight4,42,ood_stress,benign_ood,74041,cert1m:279091,processed/iotsim-stream-consumer-2.csv,1736881282.838998,74091,benign,iotsim-stream-consumer-2,0.32899346843359156,0.325434871988798,0.25694165138677805,0.11512401700019836,1.2566571235656738,1.1415331363677979,0.9998206696579218,0.00017933034207811882,True,True,False,False,False,True,True,False,False,True,False,nearest_attack_region
6,strict_weight4_seed42,strict_frozen_weight4,42,ood_stress,benign_ood,74031,cert1m:279081,processed/iotsim-stream-consumer-2.csv,1736881282.799483,74081,benign,iotsim-stream-consumer-2,0.32899346843359156,0.325434871988798,0.25694165138677805,0.11516706645488739,1.276197075843811,1.1610300540924072,0.9998206696579218,0.00017933034207811882,True,True,False,False,False,True,True,False,False,True,False,nearest_attack_region
6,strict_weight4_seed42,strict_frozen_weight4,42,ood_stress,benign_ood,79956,cert1m:550056,processed/iotsim-stream-consumer-1.csv,1736880022.373107,56,benign,iotsim-stream-consumer-1,0.995709340826264,0.9921507443814704,0.011102438655913637,0.11517283320426941,0.2016327828168869,0.08645994961261749,0.9998206696579218,0.00017933034207811882,True,True,False,False,True,True,True,False,False,True,False,nearest_attack_region
6,strict_weight4_seed42,strict_frozen_weight4,42,ood_stress,benign_ood,74042,cert1m:279092,processed/iotsim-stream-consumer-2.csv,1736881282.839023,74092,benign,iotsim-stream-consumer-2,0.32899346843359156,0.325434871988798,0.25694165138677805,0.11522950232028961,1.2507517337799072,1.1355222463607788,0.9998206696579218,0.00017933034207811882,True,True,False,False,False,True,True,False,False,True,False,nearest_attack_region
6,strict_weight4_seed42,strict_frozen_weight4,42,ood_stress,benign_ood,74030,cert1m:279080,processed/iotsim-stream-consumer-2.csv,1736881282.799463,74080,benign,iotsim-stream-consumer-2,0.32899346843359156,0.325434871988798,0.25694165138677805,0.11526060104370117,1.2777024507522583,1.1624418497085571,0.9998206696579218,0.00017933034207811882,True,True,False,False,False,True,True,False,False,True,False,nearest_attack_region
6,strict_weight4_seed42,strict_frozen_weight4,42,ood_stress,benign_ood,49,cert1m:205099,processed/iotsim-stream-consumer-2.csv,1736880022.192985,99,benign,iotsim-stream-consumer-2,0.9961096050362873,0.9925510085914937,0.011102438655913637,0.11527528613805771,0.18317748606204987,0.06790219992399216,0.9998206696579218,0.00017933034207811882,True,True,False,False,True,True,True,False,False,True,False,nearest_attack_region
6,strict_weight4_seed42,strict_frozen_weight4,42,ood_stress,benign_ood,74043,cert1m:279093,processed/iotsim-stream-consumer-2.csv,1736881282.883313,74093,benign,iotsim-stream-consumer-2,0.32899346843359156,0.325434871988798,0.25694165138677805,0.1152905821800232,1.2494421005249023,1.1341514587402344,0.9998206696579218,0.00017933034207811882,True,True,False,False,False,True,True,False,False,True,False,nearest_attack_region
6,strict_weight4_seed42,strict_frozen_weight4,42,ood_stress,benign_ood,153787,cert1m:623887,processed/iotsim-stream-consumer-1.csv,1736881281.856448,73887,benign,iotsim-stream-consumer-1,0.32899346843359156,0.325434871988798,0.25694165138677805,0.1153537780046463,1.349059820175171,1.233705997467041,0.9998206696579218,0.00017933034207811882,True,True,False,False,False,True,True,False,False,True,False,nearest_attack_region
6,strict_weight4_seed42,strict_frozen_weight4,42,ood_stress,benign_ood,74029,cert1m:279079,processed/iotsim-stream-consumer-2.csv,1736881282.799456,74079,benign,iotsim-stream-consumer-2,0.32899346843359156,0.325434871988798,0.25694165138677805,0.11535774916410446,1.2792291641235352,1.16387140750885,0.9998206696579218,0.00017933034207811882,True,True,False,False,False,True,True,False,False,True,False,nearest_attack_region
6,strict_weight4_seed42,strict_frozen_weight4,42,ood_stress,benign_ood,1,cert1m:205051,processed/iotsim-stream-consumer-2.csv,1736880021.88894,51,benign,iotsim-stream-consumer-2,0.995709340826264,0.9921507443814704,0.011102438655913637,0.11536656320095062,0.20128022134304047,0.08591365814208984,0.9998206696579218,0.00017933034207811882,True,True,False,False,True,True,True,False,False,True,False,nearest_attack_region
6,strict_weight4_seed42,strict_frozen_weight4,42,ood_stress,benign_ood,74028,cert1m:279078,processed/iotsim-stream-consumer-2.csv,1736881282.799444,74078,benign,iotsim-stream-consumer-2,0.32899346843359156,0.325434871988798,0.25694165138677805,0.11545857042074203,1.2807775735855103,1.1653189659118652,0.9998206696579218,0.00017933034207811882,True,True,False,False,False,True,True,False,False,True,False,nearest_attack_region
6,strict_weight4_seed42,strict_frozen_weight4,42,ood_stress,benign_ood,153786,cert1m:623886,processed/iotsim-stream-consumer-1.csv,1736881281.856438,73886,benign,iotsim-stream-consumer-1,0.32899346843359156,0.325434871988798,0.25694165138677805,0.11549339443445206,1.351170539855957,1.2356771230697632,0.9998206696579218,0.00017933034207811882,True,True,False,False,False,True,True,False,False,True,False,nearest_attack_region
6,strict_weight4_seed42,strict_frozen_weight4,42,ood_stress,benign_ood,74027,cert1m:279077,processed/iotsim-stream-consumer-2.csv,1736881282.799436,74077,benign,iotsim-stream-consumer-2,0.32899346843359156,0.325434871988798,0.25694165138677805,0.11556322127580643,1.282348394393921,1.1667851209640503,0.9998206696579218,0.00017933034207811882,True,True,False,False,False,True,True,False,False,True,False,nearest_attack_region
6,strict_weight4_seed42,strict_frozen_weight4,42,ood_stress,benign_ood,48,cert1m:205098,processed/iotsim-stream-consumer-2.csv,1736880022.19298,98,benign,iotsim-stream-consumer-2,0.995709340826264,0.9921507443814704,0.011102438655913637,0.115619957447052,0.18373659253120422,0.06811663508415222,0.9998206696579218,0.00017933034207811882,True,True,False,False,True,True,True,False,False,True,False,nearest_attack_region
6,strict_weight4_seed42,strict_frozen_weight4,42,ood_stress,benign_ood,153785,cert1m:623885,processed/iotsim-stream-consumer-1.csv,1736881281.854879,73885,benign,iotsim-stream-consumer-1,0.32899346843359156,0.325434871988798,0.25694165138677805,0.11563248932361603,1.3533101081848145,1.2376775741577148,0.9998206696579218,0.00017933034207811882,True,True,False,False,False,True,True,False,False,True,False,nearest_attack_region
6,strict_weight4_seed42,strict_frozen_weight4,42,ood_stress,benign_ood,74026,cert1m:279076,processed/iotsim-stream-consumer-2.csv,1736881282.799429,74076,benign,iotsim-stream-consumer-2,0.32899346843359156,0.325434871988798,0.25694165138677805,0.1156717985868454,1.2839419841766357,1.168270230293274,0.9998206696579218,0.00017933034207811882,True,True,False,False,False,True,True,False,False,True,False,nearest_attack_region
6,strict_weight4_seed42,strict_frozen_weight4,42,ood_stress,benign_ood,153784,cert1m:623884,processed/iotsim-stream-consumer-1.csv,1736881281.85487,73884,benign,iotsim-stream-consumer-1,0.32899346843359156,0.325434871988798,0.25694165138677805,0.11578189581632614,1.3554716110229492,1.2396897077560425,0.9998206696579218,0.00017933034207811882,True,True,False,False,False,True,True,False,False,True,False,nearest_attack_region
6,strict_weight4_seed42,strict_frozen_weight4,42,ood_stress,benign_ood,74025,cert1m:279075,processed/iotsim-stream-consumer-2.csv,1736881282.799417,74075,benign,iotsim-stream-consumer-2,0.32899346843359156,0.325434871988798,0.25694165138677805,0.1157844066619873,1.2855589389801025,1.1697745323181152,0.9998206696579218,0.00017933034207811882,True,True,False,False,False,True,True,False,False,True,False,nearest_attack_region
6,strict_weight4_seed42,strict_frozen_weight4,42,ood_stress,benign_ood,79955,cert1m:550055,processed/iotsim-stream-consumer-1.csv,1736880022.373092,55,benign,iotsim-stream-consumer-1,0.995709340826264,0.9921507443814704,0.011102438655913637,0.1158897876739502,0.20219482481479645,0.08630503714084625,0.9998206696579218,0.00017933034207811882,True,True,False,False,True,True,True,False,False,True,False,nearest_attack_region
6,strict_weight4_seed42,strict_frozen_weight4,42,ood_stress,benign_ood,74024,cert1m:279074,processed/iotsim-stream-consumer-2.csv,1736881282.799409,74074,benign,iotsim-stream-consumer-2,0.32899346843359156,0.325434871988798,0.25694165138677805,0.11590123176574707,1.28719961643219,1.1712983846664429,0.9998206696579218,0.00017933034207811882,True,True,False,False,False,True,True,False,False,True,False,nearest_attack_region
6,strict_weight4_seed42,strict_frozen_weight4,42,ood_stress,benign_ood,153783,cert1m:623883,processed/iotsim-stream-consumer-1.csv,1736881281.854864,73883,benign,iotsim-stream-consumer-1,0.32899346843359156,0.325434871988798,0.25694165138677805,0.11593636125326157,1.3576631546020508,1.2417267560958862,0.9998206696579218,0.00017933034207811882,True,True,False,False,False,True,True,False,False,True,False,nearest_attack_region
6,strict_weight4_seed42,strict_frozen_weight4,42,ood_stress,benign_ood,47,cert1m:205097,processed/iotsim-stream-consumer-2.csv,1736880022.192973,97,benign,iotsim-stream-consumer-2,0.995709340826264,0.9921507443814704,0.011102438655913637,0.11598233878612518,0.18429583311080933,0.06831349432468414,0.9998206696579218,0.00017933034207811882,True,True,False,False,True,True,True,False,False,True,False,nearest_attack_region
6,strict_weight4_seed42,strict_frozen_weight4,42,ood_stress,benign_ood,64100,cert1m:269150,processed/iotsim-stream-consumer-2.csv,1736881020.214372,64150,benign,iotsim-stream-consumer-2,0.9961096050362873,0.9925510085914937,0.011102438655913637,0.14372240006923676,1.5945165157318115,1.4507941007614136,0.9998206696579218,0.00017933034207811882,True,True,False,False,True,True,True,False,False,True,False,highest_benign_minus_attack
6,strict_weight4_seed42,strict_frozen_weight4,42,ood_stress,benign_ood,192551,cert1m:662651,processed/iotsim-stream-consumer-1.csv,1736881822.577403,112651,benign,iotsim-stream-consumer-1,0.9961096050362873,0.9925510085914937,0.011102438655913637,0.14210696518421173,1.5768038034439087,1.4346967935562134,0.9998206696579218,0.00017933034207811882,True,True,False,False,True,True,True,False,False,True,False,highest_benign_minus_attack
6,strict_weight4_seed42,strict_frozen_weight4,42,ood_stress,benign_ood,192926,cert1m:663026,processed/iotsim-stream-consumer-1.csv,1736881824.463051,113026,benign,iotsim-stream-consumer-1,0.9961096050362873,0.9925510085914937,0.011102438655913637,0.14100393652915955,1.5754364728927612,1.4344325065612793,0.9998206696579218,0.00017933034207811882,True,True,False,False,True,True,True,False,False,True,False,highest_benign_minus_attack
6,strict_weight4_seed42,strict_frozen_weight4,42,ood_stress,benign_ood,124133,cert1m:594233,processed/iotsim-stream-consumer-1.csv,1736880696.495971,44233,benign,iotsim-stream-consumer-1,0.9961096050362873,0.9925510085914937,0.011102438655913637,0.1417378932237625,1.5756276845932007,1.4338897466659546,0.9998206696579218,0.00017933034207811882,True,True,False,False,True,True,True,False,False,True,False,highest_benign_minus_attack
6,strict_weight4_seed42,strict_frozen_weight4,42,ood_stress,benign_ood,222224,cert1m:692324,processed/iotsim-stream-consumer-1.csv,1736882307.419556,142324,benign,iotsim-stream-consumer-1,0.9961096050362873,0.9925510085914937,0.011102438655913637,0.14316628873348236,1.5769320726394653,1.4337657690048218,0.9998206696579218,0.00017933034207811882,True,True,False,False,True,True,True,False,False,True,False,highest_benign_minus_attack
6,strict_weight4_seed42,strict_frozen_weight4,42,ood_stress,benign_ood,44372,cert1m:249422,processed/iotsim-stream-consumer-2.csv,1736880697.444293,44422,benign,iotsim-stream-consumer-2,0.9961096050362873,0.9925510085914937,0.011102438655913637,0.14216038584709167,1.5751466751098633,1.4329862594604492,0.9998206696579218,0.00017933034207811882,True,True,False,False,True,True,True,False,False,True,False,highest_benign_minus_attack
6,strict_weight4_seed42,strict_frozen_weight4,42,ood_stress,benign_ood,222225,cert1m:692325,processed/iotsim-stream-consumer-1.csv,1736882307.419585,142325,benign,iotsim-stream-consumer-1,0.9961096050362873,0.9925510085914937,0.011102438655913637,0.14219734072685242,1.5736392736434937,1.4314419031143188,0.9998206696579218,0.00017933034207811882,True,True,False,False,True,True,True,False,False,True,False,highest_benign_minus_attack
6,strict_weight4_seed42,strict_frozen_weight4,42,ood_stress,benign_ood,222223,cert1m:692323,processed/iotsim-stream-consumer-1.csv,1736882307.370008,142323,benign,iotsim-stream-consumer-1,0.9961096050362873,0.9925510085914937,0.011102438655913637,0.14411762356758118,1.5754988193511963,1.4313812255859375,0.9998206696579218,0.00017933034207811882,True,True,False,False,True,True,True,False,False,True,False,highest_benign_minus_attack
6,strict_weight4_seed42,strict_frozen_weight4,42,ood_stress,benign_ood,191250,cert1m:661350,processed/iotsim-stream-consumer-1.csv,1736881814.495724,111350,benign,iotsim-stream-consumer-1,0.9961096050362873,0.9925510085914937,0.011102438655913637,0.1404782235622406,1.570994257926941,1.430516004562378,0.9998206696579218,0.00017933034207811882,True,True,False,False,True,True,True,False,False,True,False,highest_benign_minus_attack
6,strict_weight4_seed42,strict_frozen_weight4,42,ood_stress,benign_ood,222099,cert1m:692199,processed/iotsim-stream-consumer-1.csv,1736882306.572659,142199,benign,iotsim-stream-consumer-1,0.9961096050362873,0.9925510085914937,0.011102438655913637,0.1414116472005844,1.570631742477417,1.4292200803756714,0.9998206696579218,0.00017933034207811882,True,True,False,False,True,True,True,False,False,True,False,highest_benign_minus_attack
6,strict_weight4_seed42,strict_frozen_weight4,42,ood_stress,benign_ood,192550,cert1m:662650,processed/iotsim-stream-consumer-1.csv,1736881822.576456,112650,benign,iotsim-stream-consumer-1,0.9961096050362873,0.9925510085914937,0.011102438655913637,0.1430654376745224,1.5721112489700317,1.4290457963943481,0.9998206696579218,0.00017933034207811882,True,True,False,False,True,True,True,False,False,True,False,highest_benign_minus_attack
6,strict_weight4_seed42,strict_frozen_weight4,42,ood_stress,benign_ood,124132,cert1m:594232,processed/iotsim-stream-consumer-1.csv,1736880696.495952,44232,benign,iotsim-stream-consumer-1,0.9961096050362873,0.9925510085914937,0.011102438655913637,0.1426851749420166,1.5713865756988525,1.428701400756836,0.9998206696579218,0.00017933034207811882,True,True,False,False,True,True,True,False,False,True,False,highest_benign_minus_attack
6,strict_weight4_seed42,strict_frozen_weight4,42,ood_stress,benign_ood,162839,cert1m:632939,processed/iotsim-stream-consumer-1.csv,1736881337.733047,82939,benign,iotsim-stream-consumer-1,0.9961096050362873,0.9925510085914937,0.011102438655913637,0.14252343773841858,1.5702568292617798,1.4277334213256836,0.9998206696579218,0.00017933034207811882,True,True,False,False,True,True,True,False,False,True,False,highest_benign_minus_attack
6,strict_weight4_seed42,strict_frozen_weight4,42,ood_stress,benign_ood,44371,cert1m:249421,processed/iotsim-stream-consumer-2.csv,1736880697.444259,44421,benign,iotsim-stream-consumer-2,0.9961096050362873,0.9925510085914937,0.011102438655913637,0.14312483370304108,1.570508360862732,1.427383542060852,0.9998206696579218,0.00017933034207811882,True,True,False,False,True,True,True,False,False,True,False,highest_benign_minus_attack
6,strict_weight4_seed42,strict_frozen_weight4,42,ood_stress,benign_ood,222255,cert1m:692355,processed/iotsim-stream-consumer-1.csv,1736882307.466414,142355,benign,iotsim-stream-consumer-1,0.9961096050362873,0.9925510085914937,0.011102438655913637,0.14400894939899445,1.571315050125122,1.427306056022644,0.9998206696579218,0.00017933034207811882,True,True,False,False,True,True,True,False,False,True,False,highest_benign_minus_attack
6,strict_weight4_seed42,strict_frozen_weight4,42,ood_stress,benign_ood,171748,cert1m:641848,processed/iotsim-stream-consumer-1.csv,1736881493.137439,91848,benign,iotsim-stream-consumer-1,0.9961096050362873,0.9925510085914937,0.011102438655913637,0.14105241000652313,1.5678744316101074,1.4268220663070679,0.9998206696579218,0.00017933034207811882,True,True,False,False,True,True,True,False,False,True,False,highest_benign_minus_attack
6,strict_weight4_seed42,strict_frozen_weight4,42,ood_stress,benign_ood,44245,cert1m:249295,processed/iotsim-stream-consumer-2.csv,1736880696.604899,44295,benign,iotsim-stream-consumer-2,0.9961096050362873,0.9925510085914937,0.011102438655913637,0.14089156687259674,1.5676751136779785,1.426783561706543,0.9998206696579218,0.00017933034207811882,True,True,False,False,True,True,True,False,False,True,False,highest_benign_minus_attack
6,strict_weight4_seed42,strict_frozen_weight4,42,ood_stress,benign_ood,192549,cert1m:662649,processed/iotsim-stream-consumer-1.csv,1736881822.531246,112649,benign,iotsim-stream-consumer-1,0.9961096050362873,0.9925510085914937,0.011102438655913637,0.14400938153266907,1.5706782341003418,1.4266688823699951,0.9998206696579218,0.00017933034207811882,True,True,False,False,True,True,True,False,False,True,False,highest_benign_minus_attack
6,strict_weight4_seed42,strict_frozen_weight4,42,ood_stress,benign_ood,133012,cert1m:603112,processed/iotsim-stream-consumer-1.csv,1736880852.054682,53112,benign,iotsim-stream-consumer-1,0.9961096050362873,0.9925510085914937,0.011102438655913637,0.14099913835525513,1.567504644393921,1.4265055656433105,0.9998206696579218,0.00017933034207811882,True,True,False,False,True,True,True,False,False,True,False,highest_benign_minus_attack
6,strict_weight4_seed42,strict_frozen_weight4,42,ood_stress,benign_ood,124131,cert1m:594231,processed/iotsim-stream-consumer-1.csv,1736880696.448821,44231,benign,iotsim-stream-consumer-1,0.9961096050362873,0.9925510085914937,0.011102438655913637,0.14361479878425598,1.5699878931045532,1.4263731241226196,0.9998206696579218,0.00017933034207811882,True,True,False,False,True,True,True,False,False,True,False,highest_benign_minus_attack
6,strict_weight4_seed42,strict_frozen_weight4,42,ood_stress,benign_ood,191249,cert1m:661349,processed/iotsim-stream-consumer-1.csv,1736881814.495693,111349,benign,iotsim-stream-consumer-1,0.9961096050362873,0.9925510085914937,0.011102438655913637,0.14143000543117523,1.567521572113037,1.4260915517807007,0.9998206696579218,0.00017933034207811882,True,True,False,False,True,True,True,False,False,True,False,highest_benign_minus_attack
6,strict_weight4_seed42,strict_frozen_weight4,42,ood_stress,benign_ood,201534,cert1m:671634,processed/iotsim-stream-consumer-1.csv,1736881978.130129,121634,benign,iotsim-stream-consumer-1,0.9961096050362873,0.9925510085914937,0.011102438655913637,0.14114801585674286,1.5668690204620361,1.4257210493087769,0.9998206696579218,0.00017933034207811882,True,True,False,False,True,True,True,False,False,True,False,highest_benign_minus_attack
6,strict_weight4_seed42,strict_frozen_weight4,42,ood_stress,benign_ood,192424,cert1m:662524,processed/iotsim-stream-consumer-1.csv,1736881821.735355,112524,benign,iotsim-stream-consumer-1,0.9961096050362873,0.9925510085914937,0.011102438655913637,0.14090494811534882,1.5662060976028442,1.425301194190979,0.9998206696579218,0.00017933034207811882,True,True,False,False,True,True,True,False,False,True,False,highest_benign_minus_attack
6,strict_weight4_seed42,strict_frozen_weight4,42,ood_stress,benign_ood,44370,cert1m:249420,processed/iotsim-stream-consumer-2.csv,1736880697.403028,44420,benign,iotsim-stream-consumer-2,0.9961096050362873,0.9925510085914937,0.011102438655913637,0.14408376812934875,1.5690408945083618,1.4249571561813354,0.9998206696579218,0.00017933034207811882,True,True,False,False,True,True,True,False,False,True,False,highest_benign_minus_attack
6,strict_weight4_seed42,strict_frozen_weight4,42,ood_stress,benign_ood,162712,cert1m:632812,processed/iotsim-stream-consumer-1.csv,1736881336.886668,82812,benign,iotsim-stream-consumer-1,0.9961096050362873,0.9925510085914937,0.011102438655913637,0.14120520651340485,1.566117763519287,1.4249125719070435,0.9998206696579218,0.00017933034207811882,True,True,False,False,True,True,True,False,False,True,False,highest_benign_minus_attack
6,strict_weight4_seed42,strict_frozen_weight4,42,ood_stress,benign_ood,134057,cert1m:604157,processed/iotsim-stream-consumer-1.csv,1736880858.461095,54157,benign,iotsim-stream-consumer-1,0.9961096050362873,0.9925510085914937,0.011102438655913637,0.14229801297187805,1.5667061805725098,1.424408197402954,0.9998206696579218,0.00017933034207811882,True,True,False,False,True,True,True,False,False,True,False,highest_benign_minus_attack
6,strict_weight4_seed42,strict_frozen_weight4,42,ood_stress,benign_ood,133141,cert1m:603241,processed/iotsim-stream-consumer-1.csv,1736880852.908085,53241,benign,iotsim-stream-consumer-1,0.9961096050362873,0.9925510085914937,0.011102438655913637,0.14077505469322205,1.5648733377456665,1.424098253250122,0.9998206696579218,0.00017933034207811882,True,True,False,False,True,True,True,False,False,True,False,highest_benign_minus_attack
6,strict_weight4_seed42,strict_frozen_weight4,42,ood_stress,benign_ood,171749,cert1m:641849,processed/iotsim-stream-consumer-1.csv,1736881493.168555,91849,benign,iotsim-stream-consumer-1,0.9961096050362873,0.9925510085914937,0.011102438655913637,0.1401749551296234,1.564019799232483,1.423844814300537,0.9998206696579218,0.00017933034207811882,True,True,False,False,True,True,True,False,False,True,False,highest_benign_minus_attack
6,strict_weight4_seed42,strict_frozen_weight4,42,ood_stress,benign_ood,124006,cert1m:594106,processed/iotsim-stream-consumer-1.csv,1736880695.651414,44106,benign,iotsim-stream-consumer-1,0.9961096050362873,0.9925510085914937,0.011102438655913637,0.1405130922794342,1.5640575885772705,1.4235445261001587,0.9998206696579218,0.00017933034207811882,True,True,False,False,True,True,True,False,False,True,False,highest_benign_minus_attack
6,strict_weight4_seed42,strict_frozen_weight4,42,ood_stress,benign_ood,171773,cert1m:641873,processed/iotsim-stream-consumer-1.csv,1736881493.290404,91873,benign,iotsim-stream-consumer-1,0.9961096050362873,0.9925510085914937,0.011102438655913637,0.14146967232227325,1.5646212100982666,1.4231514930725098,0.9998206696579218,0.00017933034207811882,True,True,False,False,True,True,True,False,False,True,False,highest_benign_minus_attack
6,strict_weight4_seed42,strict_frozen_weight4,42,ood_stress,benign_ood,44373,cert1m:249423,processed/iotsim-stream-consumer-2.csv,1736880697.445663,44423,benign,iotsim-stream-consumer-2,0.9961096050362873,0.9925510085914937,0.011102438655913637,0.1412510871887207,1.5643352270126343,1.4230841398239136,0.9998206696579218,0.00017933034207811882,True,True,False,False,True,True,True,False,False,True,False,highest_benign_minus_attack
6,strict_weight4_seed42,strict_frozen_weight4,42,ood_stress,benign_ood,171774,cert1m:641874,processed/iotsim-stream-consumer-1.csv,1736881493.33031,91874,benign,iotsim-stream-consumer-1,0.9961096050362873,0.9925510085914937,0.011102438655913637,0.14059646427631378,1.5629851818084717,1.4223886728286743,0.9998206696579218,0.00017933034207811882,True,True,False,False,True,True,True,False,False,True,False,highest_benign_minus_attack
6,strict_weight4_seed42,strict_frozen_weight4,42,ood_stress,benign_ood,162838,cert1m:632938,processed/iotsim-stream-consumer-1.csv,1736881337.733012,82938,benign,iotsim-stream-consumer-1,0.9961096050362873,0.9925510085914937,0.011102438655913637,0.14348448812961578,1.56564462184906,1.4221601486206055,0.9998206696579218,0.00017933034207811882,True,True,False,False,True,True,True,False,False,True,False,highest_benign_minus_attack
6,strict_weight4_seed42,strict_frozen_weight4,42,ood_stress,benign_ood,191248,cert1m:661348,processed/iotsim-stream-consumer-1.csv,1736881814.494218,111348,benign,iotsim-stream-consumer-1,0.9961096050362873,0.9925510085914937,0.011102438655913637,0.14243964850902557,1.5645925998687744,1.4221529960632324,0.9998206696579218,0.00017933034207811882,True,True,False,False,True,True,True,False,False,True,False,highest_benign_minus_attack
6,strict_weight4_seed42,strict_frozen_weight4,42,ood_stress,benign_ood,162840,cert1m:632940,processed/iotsim-stream-consumer-1.csv,1736881337.733057,82940,benign,iotsim-stream-consumer-1,0.9961096050362873,0.9925510085914937,0.011102438655913637,0.14161786437034607,1.5636730194091797,1.4220551252365112,0.9998206696579218,0.00017933034207811882,True,True,False,False,True,True,True,False,False,True,False,highest_benign_minus_attack
6,strict_weight4_seed42,strict_frozen_weight4,42,ood_stress,benign_ood,54295,cert1m:259345,processed/iotsim-stream-consumer-2.csv,1736880859.219102,54345,benign,iotsim-stream-consumer-2,0.9961096050362873,0.9925510085914937,0.011102438655913637,0.1493583768606186,1.5711833238601685,1.4218249320983887,0.9998206696579218,0.00017933034207811882,True,True,False,False,True,True,True,False,False,True,False,highest_benign_minus_attack
6,strict_weight4_seed42,strict_frozen_weight4,42,ood_stress,benign_ood,201660,cert1m:671760,processed/iotsim-stream-consumer-1.csv,1736881978.967845,121760,benign,iotsim-stream-consumer-1,0.9961096050362873,0.9925510085914937,0.011102438655913637,0.14204050600528717,1.5636475086212158,1.4216070175170898,0.9998206696579218,0.00017933034207811882,True,True,False,False,True,True,True,False,False,True,False,highest_benign_minus_attack
6,strict_weight4_seed42,strict_frozen_weight4,42,ood_stress,benign_ood,191247,cert1m:661347,processed/iotsim-stream-consumer-1.csv,1736881814.494211,111347,benign,iotsim-stream-consumer-1,0.9961096050362873,0.9925510085914937,0.011102438655913637,0.14351147413253784,1.5649950504302979,1.4214835166931152,0.9998206696579218,0.00017933034207811882,True,True,False,False,True,True,True,False,False,True,False,highest_benign_minus_attack
6,strict_weight4_seed42,strict_frozen_weight4,42,ood_stress,benign_ood,192552,cert1m:662652,processed/iotsim-stream-consumer-1.csv,1736881822.577428,112652,benign,iotsim-stream-consumer-1,0.9961096050362873,0.9925510085914937,0.011102438655913637,0.1412028819322586,1.5623273849487305,1.4211244583129883,0.9998206696579218,0.00017933034207811882,True,True,False,False,True,True,True,False,False,True,False,highest_benign_minus_attack
6,strict_weight4_seed42,strict_frozen_weight4,42,ood_stress,benign_ood,143855,cert1m:613955,processed/iotsim-stream-consumer-1.csv,1736881019.466661,63955,benign,iotsim-stream-consumer-1,0.9961096050362873,0.9925510085914937,0.011102438655913637,0.14132145047187805,1.562266230583191,1.4209448099136353,0.9998206696579218,0.00017933034207811882,True,True,False,False,True,True,True,False,False,True,False,highest_benign_minus_attack
6,strict_weight4_seed42,strict_frozen_weight4,42,ood_stress,benign_ood,53399,cert1m:258449,processed/iotsim-stream-consumer-2.csv,1736880853.844146,53449,benign,iotsim-stream-consumer-2,0.9961096050362873,0.9925510085914937,0.011102438655913637,0.14242331683635712,1.5629844665527344,1.4205611944198608,0.9998206696579218,0.00017933034207811882,True,True,False,False,True,True,True,False,False,True,False,highest_benign_minus_attack
6,strict_weight4_seed42,strict_frozen_weight4,42,ood_stress,benign_ood,44220,cert1m:249270,processed/iotsim-stream-consumer-2.csv,1736880696.444253,44270,benign,iotsim-stream-consumer-2,0.9961096050362873,0.9925510085914937,0.011102438655913637,0.14050638675689697,1.5608452558517456,1.4203388690948486,0.9998206696579218,0.00017933034207811882,True,True,False,False,True,True,True,False,False,True,False,highest_benign_minus_attack
6,strict_weight4_seed42,strict_frozen_weight4,42,ood_stress,benign_ood,191251,cert1m:661351,processed/iotsim-stream-consumer-1.csv,1736881814.495731,111351,benign,iotsim-stream-consumer-1,0.9961096050362873,0.9925510085914937,0.011102438655913637,0.1395825296640396,1.5598119497299194,1.420229434967041,0.9998206696579218,0.00017933034207811882,True,True,False,False,True,True,True,False,False,True,False,highest_benign_minus_attack
6,strict_weight4_seed42,strict_frozen_weight4,42,ood_stress,benign_ood,210501,cert1m:680601,processed/iotsim-stream-consumer-1.csv,1736882134.371418,130601,benign,iotsim-stream-consumer-1,0.9961096050362873,0.9925510085914937,0.011102438655913637,0.1416206955909729,1.5617830753326416,1.4201624393463135,0.9998206696579218,0.00017933034207811882,True,True,False,False,True,True,True,False,False,True,False,highest_benign_minus_attack
6,strict_weight4_seed42,strict_frozen_weight4,42,ood_stress,benign_ood,124134,cert1m:594234,processed/iotsim-stream-consumer-1.csv,1736880696.495985,44234,benign,iotsim-stream-consumer-1,0.9961096050362873,0.9925510085914937,0.011102438655913637,0.14084561169147491,1.5609993934631348,1.4201537370681763,0.9998206696579218,0.00017933034207811882,True,True,False,False,True,True,True,False,False,True,False,highest_benign_minus_attack
6,strict_weight4_seed42,strict_frozen_weight4,42,ood_stress,benign_ood,53400,cert1m:258450,processed/iotsim-stream-consumer-2.csv,1736880853.844155,53450,benign,iotsim-stream-consumer-2,0.9961096050362873,0.9925510085914937,0.011102438655913637,0.14150956273078918,1.5614292621612549,1.419919729232788,0.9998206696579218,0.00017933034207811882,True,True,False,False,True,True,True,False,False,True,False,highest_benign_minus_attack
6,strict_weight4_seed42,strict_frozen_weight4,42,ood_stress,benign_ood,162837,cert1m:632937,processed/iotsim-stream-consumer-1.csv,1736881337.693189,82937,benign,iotsim-stream-consumer-1,0.9961096050362873,0.9925510085914937,0.011102438655913637,0.1444411277770996,1.564185619354248,1.4197444915771484,0.9998206696579218,0.00017933034207811882,True,True,False,False,True,True,True,False,False,True,False,highest_benign_minus_attack
6,strict_weight4_seed42,strict_frozen_weight4,42,ood_stress,benign_ood,132987,cert1m:603087,processed/iotsim-stream-consumer-1.csv,1736880851.89189,53087,benign,iotsim-stream-consumer-1,0.9961096050362873,0.9925510085914937,0.011102438655913637,0.14053337275981903,1.5601065158843994,1.419573187828064,0.9998206696579218,0.00017933034207811882,True,True,False,False,True,True,True,False,False,True,False,highest_benign_minus_attack
6,strict_weight4_seed42,strict_frozen_weight4,42,ood_stress,benign_ood,222074,cert1m:692174,processed/iotsim-stream-consumer-1.csv,1736882306.414562,142174,benign,iotsim-stream-consumer-1,0.9961096050362873,0.9925510085914937,0.011102438655913637,0.1407979279756546,1.5602710247039795,1.4194730520248413,0.9998206696579218,0.00017933034207811882,True,True,False,False,True,True,True,False,False,True,False,highest_benign_minus_attack
6,strict_weight4_seed42,strict_frozen_weight4,42,ood_stress,benign_ood,153619,cert1m:623719,processed/iotsim-stream-consumer-1.csv,1736881180.46783,73719,benign,iotsim-stream-consumer-1,0.9961096050362873,0.9925510085914937,0.011102438655913637,0.14974549412727356,1.5689821243286133,1.419236660003662,0.9998206696579218,0.00017933034207811882,True,True,False,False,True,True,True,False,False,True,False,highest_benign_minus_attack
6,strict_weight4_seed42,strict_frozen_weight4,42,ood_stress,benign_ood,62328,cert1m:267378,processed/iotsim-stream-consumer-2.csv,1736881009.397458,62378,benign,iotsim-stream-consumer-2,0.9961096050362873,0.9925510085914937,0.011102438655913637,0.14114859700202942,1.560019850730896,1.418871283531189,0.9998206696579218,0.00017933034207811882,True,True,False,False,True,True,True,False,False,True,False,highest_benign_minus_attack
6,strict_weight4_seed42,strict_frozen_weight4,42,ood_stress,benign_ood,211985,cert1m:682085,processed/iotsim-stream-consumer-1.csv,1736882143.451578,132085,benign,iotsim-stream-consumer-1,0.9961096050362873,0.9925510085914937,0.011102438655913637,0.14594213664531708,1.5646194219589233,1.4186773300170898,0.9998206696579218,0.00017933034207811882,True,True,False,False,True,True,True,False,False,True,False,highest_benign_minus_attack
6,strict_weight4_seed42,strict_frozen_weight4,42,ood_stress,benign_ood,34751,cert1m:239801,processed/iotsim-stream-consumer-2.csv,1736880537.220386,34801,benign,iotsim-stream-consumer-2,0.9961096050362873,0.9925510085914937,0.011102438655913637,0.13709953427314758,1.555618405342102,1.4185189008712769,0.9998206696579218,0.00017933034207811882,True,True,False,False,True,True,True,False,False,True,False,highest_benign_minus_attack
6,strict_weight4_seed42,strict_frozen_weight4,42,ood_stress,benign_ood,222100,cert1m:692200,processed/iotsim-stream-consumer-1.csv,1736882306.613602,142200,benign,iotsim-stream-consumer-1,0.9961096050362873,0.9925510085914937,0.011102438655913637,0.1405288726091385,1.5589388608932495,1.4184099435806274,0.9998206696579218,0.00017933034207811882,True,True,False,False,True,True,True,False,False,True,False,highest_benign_minus_attack
6,strict_weight4_seed42,strict_frozen_weight4,42,ood_stress,benign_ood,133142,cert1m:603242,processed/iotsim-stream-consumer-1.csv,1736880852.90928,53242,benign,iotsim-stream-consumer-1,0.9961096050362873,0.9925510085914937,0.011102438655913637,0.13994182646274567,1.5582282543182373,1.4182864427566528,0.9998206696579218,0.00017933034207811882,True,True,False,False,True,True,True,False,False,True,False,highest_benign_minus_attack
6,strict_weight4_seed42,strict_frozen_weight4,42,ood_stress,benign_ood,211987,cert1m:682087,processed/iotsim-stream-consumer-1.csv,1736882143.506249,132087,benign,iotsim-stream-consumer-1,0.9961096050362873,0.9925510085914937,0.011102438655913637,0.14584550261497498,1.5640043020248413,1.418158769607544,0.9998206696579218,0.00017933034207811882,True,True,False,False,True,True,True,False,False,True,False,highest_benign_minus_attack
6,strict_weight4_seed42,strict_frozen_weight4,42,ood_stress,benign_ood,133140,cert1m:603240,processed/iotsim-stream-consumer-1.csv,1736880852.908068,53240,benign,iotsim-stream-consumer-1,0.9961096050362873,0.9925510085914937,0.011102438655913637,0.14166316390037537,1.559815526008606,1.4181523323059082,0.9998206696579218,0.00017933034207811882,True,True,False,False,True,True,True,False,False,True,False,highest_benign_minus_attack
6,strict_weight4_seed42,strict_frozen_weight4,42,ood_stress,benign_ood,123981,cert1m:594081,processed/iotsim-stream-consumer-1.csv,1736880695.488598,44081,benign,iotsim-stream-consumer-1,0.9961096050362873,0.9925510085914937,0.011102438655913637,0.14012807607650757,1.5578125715255737,1.417684555053711,0.9998206696579218,0.00017933034207811882,True,True,False,False,True,True,True,False,False,True,False,highest_benign_minus_attack
6,strict_weight4_seed42,strict_frozen_weight4,42,ood_stress,benign_ood,142030,cert1m:612130,processed/iotsim-stream-consumer-1.csv,1736881008.291651,62130,benign,iotsim-stream-consumer-1,0.9961096050362873,0.9925510085914937,0.011102438655913637,0.14086277782917023,1.558343529701233,1.417480707168579,0.9998206696579218,0.00017933034207811882,True,True,False,False,True,True,True,False,False,True,False,highest_benign_minus_attack
6,strict_weight4_seed42,strict_frozen_weight4,42,ood_stress,benign_ood,222226,cert1m:692326,processed/iotsim-stream-consumer-1.csv,1736882307.419592,142326,benign,iotsim-stream-consumer-1,0.9961096050362873,0.9925510085914937,0.011102438655913637,0.14128582179546356,1.5586916208267212,1.4174058437347412,0.9998206696579218,0.00017933034207811882,True,True,False,False,True,True,True,False,False,True,False,highest_benign_minus_attack
6,strict_weight4_seed42,strict_frozen_weight4,42,ood_stress,benign_ood,124285,cert1m:594385,processed/iotsim-stream-consumer-1.csv,1736880697.421611,44385,benign,iotsim-stream-consumer-1,0.9961096050362873,0.9925510085914937,0.011102438655913637,0.14990149438381195,1.5671800374984741,1.417278528213501,0.9998206696579218,0.00017933034207811882,True,True,False,False,True,True,True,False,False,True,False,highest_benign_minus_attack
6,strict_weight4_seed42,strict_frozen_weight4,42,ood_stress,benign_ood,180806,cert1m:650906,processed/iotsim-stream-consumer-1.csv,1736881649.532212,100906,benign,iotsim-stream-consumer-1,0.9961096050362873,0.9925510085914937,0.011102438655913637,0.1408717781305313,1.558035135269165,1.417163372039795,0.9998206696579218,0.00017933034207811882,True,True,False,False,True,True,True,False,False,True,False,highest_benign_minus_attack
6,strict_weight4_seed42,strict_frozen_weight4,42,ood_stress,benign_ood,44221,cert1m:249271,processed/iotsim-stream-consumer-2.csv,1736880696.484191,44271,benign,iotsim-stream-consumer-2,0.9961096050362873,0.9925510085914937,0.011102438655913637,0.1396365761756897,1.5567443370819092,1.4171078205108643,0.9998206696579218,0.00017933034207811882,True,True,False,False,True,True,True,False,False,True,False,highest_benign_minus_attack
6,strict_weight4_seed42,strict_frozen_weight4,42,ood_stress,benign_ood,142055,cert1m:612155,processed/iotsim-stream-consumer-1.csv,1736881008.452213,62155,benign,iotsim-stream-consumer-1,0.9961096050362873,0.9925510085914937,0.011102438655913637,0.14142334461212158,1.5583174228668213,1.4168940782546997,0.9998206696579218,0.00017933034207811882,True,True,False,False,True,True,True,False,False,True,False,highest_benign_minus_attack
6,strict_weight4_seed42,strict_frozen_weight4,42,ood_stress,benign_ood,201661,cert1m:671761,processed/iotsim-stream-consumer-1.csv,1736881978.967862,121761,benign,iotsim-stream-consumer-1,0.9961096050362873,0.9925510085914937,0.011102438655913637,0.1411551535129547,1.5577623844146729,1.4166072607040405,0.9998206696579218,0.00017933034207811882,True,True,False,False,True,True,True,False,False,True,False,highest_benign_minus_attack
6,strict_weight4_seed42,strict_frozen_weight4,42,ood_stress,benign_ood,211984,cert1m:682084,processed/iotsim-stream-consumer-1.csv,1736882143.434325,132084,benign,iotsim-stream-consumer-1,0.9971268452469112,0.9935682488021176,0.011102438655913637,0.14702367782592773,1.5634685754776,1.4164448976516724,0.9998206696579218,0.00017933034207811882,True,True,False,False,True,True,True,False,False,True,False,highest_benign_minus_attack
6,strict_weight4_seed42,strict_frozen_weight4,42,ood_stress,benign_ood,171797,cert1m:641897,processed/iotsim-stream-consumer-1.csv,1736881493.4349,91897,benign,iotsim-stream-consumer-1,0.9971268452469112,0.9935682488021176,0.011102438655913637,0.1433907300233841,1.559766411781311,1.4163756370544434,0.9998206696579218,0.00017933034207811882,True,True,False,False,True,True,True,False,False,True,False,highest_benign_minus_attack
6,strict_weight4_seed42,strict_frozen_weight4,42,ood_stress,benign_ood,222075,cert1m:692175,processed/iotsim-stream-consumer-1.csv,1736882306.451854,142175,benign,iotsim-stream-consumer-1,0.9961096050362873,0.9925510085914937,0.011102438655913637,0.1399146467447281,1.556244969367981,1.416330337524414,0.9998206696579218,0.00017933034207811882,True,True,False,False,True,True,True,False,False,True,False,highest_benign_minus_attack
6,strict_weight4_seed42,strict_frozen_weight4,42,ood_stress,benign_ood,62303,cert1m:267353,processed/iotsim-stream-consumer-2.csv,1736881009.238095,62353,benign,iotsim-stream-consumer-2,0.9961096050362873,0.9925510085914937,0.011102438655913637,0.14052489399909973,1.556702971458435,1.4161781072616577,0.9998206696579218,0.00017933034207811882,True,True,False,False,True,True,True,False,False,True,False,highest_benign_minus_attack
6,strict_weight4_seed42,strict_frozen_weight4,42,ood_stress,benign_ood,132988,cert1m:603088,processed/iotsim-stream-consumer-1.csv,1736880851.936916,53088,benign,iotsim-stream-consumer-1,0.9961096050362873,0.9925510085914937,0.011102438655913637,0.13964791595935822,1.5557541847229004,1.4161062240600586,0.9998206696579218,0.00017933034207811882,True,True,False,False,True,True,True,False,False,True,False,highest_benign_minus_attack
6,strict_weight4_seed42,strict_frozen_weight4,42,ood_stress,benign_ood,44246,cert1m:249296,processed/iotsim-stream-consumer-2.csv,1736880696.648223,44296,benign,iotsim-stream-consumer-2,0.9961096050362873,0.9925510085914937,0.011102438655913637,0.1400286704301834,1.5560412406921387,1.4160125255584717,0.9998206696579218,0.00017933034207811882,True,True,False,False,True,True,True,False,False,True,False,highest_benign_minus_attack
6,strict_weight4_seed42,strict_frozen_weight4,42,ood_stress,benign_ood,201509,cert1m:671609,processed/iotsim-stream-consumer-1.csv,1736881977.969318,121609,benign,iotsim-stream-consumer-1,0.9961096050362873,0.9925510085914937,0.011102438655913637,0.14053022861480713,1.5565344095230103,1.4160041809082031,0.9998206696579218,0.00017933034207811882,True,True,False,False,True,True,True,False,False,True,False,highest_benign_minus_attack
6,strict_weight4_seed42,strict_frozen_weight4,42,ood_stress,benign_ood,201659,cert1m:671759,processed/iotsim-stream-consumer-1.csv,1736881978.967816,121759,benign,iotsim-stream-consumer-1,0.9961096050362873,0.9925510085914937,0.011102438655913637,0.14297953248023987,1.5589145421981812,1.4159350395202637,0.9998206696579218,0.00017933034207811882,True,True,False,False,True,True,True,False,False,True,False,highest_benign_minus_attack
6,strict_weight4_seed42,strict_frozen_weight4,42,ood_stress,benign_ood,133139,cert1m:603239,processed/iotsim-stream-consumer-1.csv,1736880852.85294,53239,benign,iotsim-stream-consumer-1,0.9961096050362873,0.9925510085914937,0.011102438655913637,0.14252229034900665,1.5583653450012207,1.4158430099487305,0.9998206696579218,0.00017933034207811882,True,True,False,False,True,True,True,False,False,True,False,highest_benign_minus_attack
6,strict_weight4_seed42,strict_frozen_weight4,42,ood_stress,benign_ood,53248,cert1m:258298,processed/iotsim-stream-consumer-2.csv,1736880852.846358,53298,benign,iotsim-stream-consumer-2,0.9961096050362873,0.9925510085914937,0.011102438655913637,0.14058971405029297,1.5563633441925049,1.415773630142212,0.9998206696579218,0.00017933034207811882,True,True,False,False,True,True,True,False,False,True,False,highest_benign_minus_attack
6,strict_weight4_seed42,strict_frozen_weight4,42,ood_stress,benign_ood,142056,cert1m:612156,processed/iotsim-stream-consumer-1.csv,1736881008.493056,62156,benign,iotsim-stream-consumer-1,0.9961096050362873,0.9925510085914937,0.011102438655913637,0.1405434012413025,1.5561531782150269,1.4156098365783691,0.9998206696579218,0.00017933034207811882,True,True,False,False,True,True,True,False,False,True,False,highest_benign_minus_attack
6,strict_weight4_seed42,strict_frozen_weight4,42,ood_stress,benign_ood,192399,cert1m:662499,processed/iotsim-stream-consumer-1.csv,1736881821.574015,112499,benign,iotsim-stream-consumer-1,0.9961096050362873,0.9925510085914937,0.011102438655913637,0.14027157425880432,1.555778980255127,1.415507435798645,0.9998206696579218,0.00017933034207811882,True,True,False,False,True,True,True,False,False,True,False,highest_benign_minus_attack
6,strict_weight4_seed42,strict_frozen_weight4,42,ood_stress,benign_ood,211986,cert1m:682086,processed/iotsim-stream-consumer-1.csv,1736882143.4516,132086,benign,iotsim-stream-consumer-1,0.9961096050362873,0.9925510085914937,0.011102438655913637,0.14698372781276703,1.5624483823776245,1.4154646396636963,0.9998206696579218,0.00017933034207811882,True,True,False,False,True,True,True,False,False,True,False,highest_benign_minus_attack
6,strict_weight4_seed42,strict_frozen_weight4,42,ood_stress,benign_ood,133015,cert1m:603115,processed/iotsim-stream-consumer-1.csv,1736880852.09399,53115,benign,iotsim-stream-consumer-1,0.9961096050362873,0.9925510085914937,0.011102438655913637,0.14045660197734833,1.5557950735092163,1.4153385162353516,0.9998206696579218,0.00017933034207811882,True,True,False,False,True,True,True,False,False,True,False,highest_benign_minus_attack
6,strict_weight4_seed42,strict_frozen_weight4,42,ood_stress,benign_ood,62329,cert1m:267379,processed/iotsim-stream-consumer-2.csv,1736881009.442392,62379,benign,iotsim-stream-consumer-2,0.9961096050362873,0.9925510085914937,0.011102438655913637,0.1402820199728012,1.5554662942886353,1.4151842594146729,0.9998206696579218,0.00017933034207811882,True,True,False,False,True,True,True,False,False,True,False,highest_benign_minus_attack
6,strict_weight4_seed42,strict_frozen_weight4,42,sealed_final_ood,benign_ood,154899,cert1m:799999,processed/iotsim-ip-camera-street-2.csv,1736880988.543067,99999,benign,iotsim-ip-camera-street-2,0.9961096050362873,0.9925510085914937,0.011102438655913637,0.12686286866664886,1.1843661069869995,1.0575032234191895,0.9998206696579218,0.00017933034207811882,True,True,False,False,True,True,True,False,False,True,False,top_temporal_attack
6,strict_weight4_seed42,strict_frozen_weight4,42,sealed_final_ood,benign_ood,0,cert1m:285050,processed/iotsim-ip-camera-museum-2.csv,1736880021.068375,50,benign,iotsim-ip-camera-museum-2,0.995709340826264,0.9921507443814704,0.011102438655913637,0.1273471564054489,0.20440484583377838,0.07705768942832947,0.9998206696579218,0.00017933034207811882,True,True,False,False,True,True,True,False,False,True,False,top_temporal_attack
6,strict_weight4_seed42,strict_frozen_weight4,42,sealed_final_ood,benign_ood,1,cert1m:285051,processed/iotsim-ip-camera-museum-2.csv,1736880021.068383,51,benign,iotsim-ip-camera-museum-2,0.995709340826264,0.9921507443814704,0.011102438655913637,0.1259886473417282,0.20384234189987183,0.07785369455814362,0.9998206696579218,0.00017933034207811882,True,True,False,False,True,True,True,False,False,True,False,top_temporal_attack
6,strict_weight4_seed42,strict_frozen_weight4,42,sealed_final_ood,benign_ood,2,cert1m:285052,processed/iotsim-ip-camera-museum-2.csv,1736880021.068391,52,benign,iotsim-ip-camera-museum-2,0.995709340826264,0.9921507443814704,0.011102438655913637,0.12472657114267349,0.20328004658222198,0.07855347543954849,0.9998206696579218,0.00017933034207811882,True,True,False,False,True,True,True,False,False,True,False,top_temporal_attack
6,strict_weight4_seed42,strict_frozen_weight4,42,sealed_final_ood,benign_ood,3,cert1m:285053,processed/iotsim-ip-camera-museum-2.csv,1736880021.068402,53,benign,iotsim-ip-camera-museum-2,0.995709340826264,0.9921507443814704,0.011102438655913637,0.12355313450098038,0.20271794497966766,0.07916481047868729,0.9998206696579218,0.00017933034207811882,True,True,False,False,True,True,True,False,False,True,False,top_temporal_attack
6,strict_weight4_seed42,strict_frozen_weight4,42,sealed_final_ood,benign_ood,4,cert1m:285054,processed/iotsim-ip-camera-museum-2.csv,1736880021.068413,54,benign,iotsim-ip-camera-museum-2,0.995709340826264,0.9921507443814704,0.011102438655913637,0.12246132642030716,0.20215603709220886,0.0796947106719017,0.9998206696579218,0.00017933034207811882,True,True,False,False,True,True,True,False,False,True,False,top_temporal_attack
6,strict_weight4_seed42,strict_frozen_weight4,42,sealed_final_ood,benign_ood,5,cert1m:285055,processed/iotsim-ip-camera-museum-2.csv,1736880021.068424,55,benign,iotsim-ip-camera-museum-2,0.995709340826264,0.9921507443814704,0.011102438655913637,0.12144481390714645,0.201594278216362,0.08014946430921555,0.9998206696579218,0.00017933034207811882,True,True,False,False,True,True,True,False,False,True,False,top_temporal_attack
6,strict_weight4_seed42,strict_frozen_weight4,42,sealed_final_ood,benign_ood,154883,cert1m:799983,processed/iotsim-ip-camera-street-2.csv,1736880988.542889,99983,benign,iotsim-ip-camera-street-2,0.9961096050362873,0.9925510085914937,0.011102438655913637,0.12907937169075012,1.2871097326278687,1.158030390739441,0.9998206696579218,0.00017933034207811882,True,True,False,False,True,True,True,False,False,True,False,top_temporal_attack
6,strict_weight4_seed42,strict_frozen_weight4,42,sealed_final_ood,benign_ood,154882,cert1m:799982,processed/iotsim-ip-camera-street-2.csv,1736880988.54288,99982,benign,iotsim-ip-camera-street-2,0.9961096050362873,0.9925510085914937,0.011102438655913637,0.12944063544273376,1.2978307008743286,1.1683900356292725,0.9998206696579218,0.00017933034207811882,True,True,False,False,True,True,True,False,False,True,False,top_temporal_attack
6,strict_weight4_seed42,strict_frozen_weight4,42,sealed_final_ood,benign_ood,154881,cert1m:799981,processed/iotsim-ip-camera-street-2.csv,1736880988.542867,99981,benign,iotsim-ip-camera-street-2,0.9961096050362873,0.9925510085914937,0.011102438655913637,0.12985199689865112,1.3093912601470947,1.1795392036437988,0.9998206696579218,0.00017933034207811882,True,True,False,False,True,True,True,False,False,True,False,top_temporal_attack
6,strict_weight4_seed42,strict_frozen_weight4,42,sealed_final_ood,benign_ood,154880,cert1m:799980,processed/iotsim-ip-camera-street-2.csv,1736880988.542853,99980,benign,iotsim-ip-camera-street-2,0.9961096050362873,0.9925510085914937,0.011102438655913637,0.13032075762748718,1.321884274482727,1.1915634870529175,0.9998206696579218,0.00017933034207811882,True,True,False,False,True,True,True,False,False,True,False,top_temporal_attack
6,strict_weight4_seed42,strict_frozen_weight4,42,sealed_final_ood,benign_ood,154879,cert1m:799979,processed/iotsim-ip-camera-street-2.csv,1736880988.542844,99979,benign,iotsim-ip-camera-street-2,0.9961096050362873,0.9925510085914937,0.011102438655913637,0.1308554708957672,1.3354157209396362,1.2045602798461914,0.9998206696579218,0.00017933034207811882,True,True,False,False,True,True,True,False,False,True,False,top_temporal_attack
6,strict_weight4_seed42,strict_frozen_weight4,42,sealed_final_ood,benign_ood,154878,cert1m:799978,processed/iotsim-ip-camera-street-2.csv,1736880988.542829,99978,benign,iotsim-ip-camera-street-2,0.9961096050362873,0.9925510085914937,0.011102438655913637,0.1314663141965866,1.3501067161560059,1.2186404466629028,0.9998206696579218,0.00017933034207811882,True,True,False,False,True,True,True,False,False,True,False,top_temporal_attack
6,strict_weight4_seed42,strict_frozen_weight4,42,sealed_final_ood,benign_ood,154877,cert1m:799977,processed/iotsim-ip-camera-street-2.csv,1736880988.542819,99977,benign,iotsim-ip-camera-street-2,0.9961096050362873,0.9925510085914937,0.011102438655913637,0.13216522336006165,1.3660962581634521,1.233931064605713,0.9998206696579218,0.00017933034207811882,True,True,False,False,True,True,True,False,False,True,False,top_temporal_attack
6,strict_weight4_seed42,strict_frozen_weight4,42,sealed_final_ood,benign_ood,154876,cert1m:799976,processed/iotsim-ip-camera-street-2.csv,1736880988.542794,99976,benign,iotsim-ip-camera-street-2,0.9961096050362873,0.9925510085914937,0.011102438655913637,0.13296645879745483,1.383543848991394,1.250577449798584,0.9998206696579218,0.00017933034207811882,True,True,False,False,True,True,True,False,False,True,False,top_temporal_attack
6,strict_weight4_seed42,strict_frozen_weight4,42,sealed_final_ood,benign_ood,154875,cert1m:799975,processed/iotsim-ip-camera-street-2.csv,1736880988.542782,99975,benign,iotsim-ip-camera-street-2,0.9961096050362873,0.9925510085914937,0.011102438655913637,0.13388706743717194,1.4026321172714233,1.2687450647354126,0.9998206696579218,0.00017933034207811882,True,True,False,False,True,True,True,False,False,True,False,top_temporal_attack
6,strict_weight4_seed42,strict_frozen_weight4,42,sealed_final_ood,benign_ood,154874,cert1m:799974,processed/iotsim-ip-camera-street-2.csv,1736880988.542749,99974,benign,iotsim-ip-camera-street-2,0.9961096050362873,0.9925510085914937,0.011102438655913637,0.13494740426540375,1.4235715866088867,1.2886241674423218,0.9998206696579218,0.00017933034207811882,True,True,False,False,True,True,True,False,False,True,False,top_temporal_attack
6,strict_weight4_seed42,strict_frozen_weight4,42,sealed_final_ood,benign_ood,154873,cert1m:799973,processed/iotsim-ip-camera-street-2.csv,1736880988.47228,99973,benign,iotsim-ip-camera-street-2,0.9961096050362873,0.9925510085914937,0.011102438655913637,0.13609476387500763,1.4403107166290283,1.304215908050537,0.9998206696579218,0.00017933034207811882,True,True,False,False,True,True,True,False,False,True,False,top_temporal_attack
6,strict_weight4_seed42,strict_frozen_weight4,42,sealed_final_ood,benign_ood,154872,cert1m:799972,processed/iotsim-ip-camera-street-2.csv,1736880988.411869,99972,benign,iotsim-ip-camera-street-2,0.9961096050362873,0.9925510085914937,0.011102438655913637,0.13182982802391052,1.359992265701294,1.228162407875061,0.9998206696579218,0.00017933034207811882,True,True,False,False,True,True,True,False,False,True,False,top_temporal_attack
6,strict_weight4_seed42,strict_frozen_weight4,42,sealed_final_ood,benign_ood,154871,cert1m:799971,processed/iotsim-ip-camera-street-2.csv,1736880988.341379,99971,benign,iotsim-ip-camera-street-2,0.9961096050362873,0.9925510085914937,0.011102438655913637,0.12934528291225433,1.3091601133346558,1.1798148155212402,0.9998206696579218,0.00017933034207811882,True,True,False,False,True,True,True,False,False,True,False,top_temporal_attack
6,strict_weight4_seed42,strict_frozen_weight4,42,sealed_final_ood,benign_ood,154870,cert1m:799970,processed/iotsim-ip-camera-street-2.csv,1736880988.281124,99970,benign,iotsim-ip-camera-street-2,0.9961096050362873,0.9925510085914937,0.011102438655913637,0.12961527705192566,1.3120115995407104,1.1823962926864624,0.9998206696579218,0.00017933034207811882,True,True,False,False,True,True,True,False,False,True,False,top_temporal_attack
6,strict_weight4_seed42,strict_frozen_weight4,42,sealed_final_ood,benign_ood,154869,cert1m:799969,processed/iotsim-ip-camera-street-2.csv,1736880988.281117,99969,benign,iotsim-ip-camera-street-2,0.9961096050362873,0.9925510085914937,0.011102438655913637,0.12724541127681732,1.2061148881912231,1.0788694620132446,0.9998206696579218,0.00017933034207811882,True,True,False,False,True,True,True,False,False,True,False,top_temporal_attack
6,strict_weight4_seed42,strict_frozen_weight4,42,sealed_final_ood,benign_ood,154868,cert1m:799968,processed/iotsim-ip-camera-street-2.csv,1736880988.281105,99968,benign,iotsim-ip-camera-street-2,0.9961096050362873,0.9925510085914937,0.011102438655913637,0.12733399868011475,1.2115137577056885,1.0841797590255737,0.9998206696579218,0.00017933034207811882,True,True,False,False,True,True,True,False,False,True,False,top_temporal_attack
6,strict_weight4_seed42,strict_frozen_weight4,42,sealed_final_ood,benign_ood,38,cert1m:285088,processed/iotsim-ip-camera-museum-2.csv,1736880021.229833,88,benign,iotsim-ip-camera-museum-2,0.995709340826264,0.9921507443814704,0.011102438655913637,0.11590669304132462,0.18713495135307312,0.0712282583117485,0.9998206696579218,0.00017933034207811882,True,True,False,False,True,True,True,False,False,True,False,top_temporal_attack
6,strict_weight4_seed42,strict_frozen_weight4,42,sealed_final_ood,benign_ood,37,cert1m:285087,processed/iotsim-ip-camera-museum-2.csv,1736880021.229819,87,benign,iotsim-ip-camera-museum-2,0.995709340826264,0.9921507443814704,0.011102438655913637,0.11635024100542068,0.1876942664384842,0.07134402543306351,0.9998206696579218,0.00017933034207811882,True,True,False,False,True,True,True,False,False,True,False,top_temporal_attack
6,strict_weight4_seed42,strict_frozen_weight4,42,sealed_final_ood,benign_ood,36,cert1m:285086,processed/iotsim-ip-camera-museum-2.csv,1736880021.229802,86,benign,iotsim-ip-camera-museum-2,0.995709340826264,0.9921507443814704,0.011102438655913637,0.11681830883026123,0.18825364112854004,0.07143533229827881,0.9998206696579218,0.00017933034207811882,True,True,False,False,True,True,True,False,False,True,False,top_temporal_attack
6,strict_weight4_seed42,strict_frozen_weight4,42,sealed_final_ood,benign_ood,35,cert1m:285085,processed/iotsim-ip-camera-museum-2.csv,1736880021.229791,85,benign,iotsim-ip-camera-museum-2,0.995709340826264,0.9921507443814704,0.011102438655913637,0.1173124611377716,0.18881343305110931,0.07150097191333771,0.9998206696579218,0.00017933034207811882,True,True,False,False,True,True,True,False,False,True,False,top_temporal_attack
6,strict_weight4_seed42,strict_frozen_weight4,42,sealed_final_ood,benign_ood,34,cert1m:285084,processed/iotsim-ip-camera-museum-2.csv,1736880021.229777,84,benign,iotsim-ip-camera-museum-2,0.995709340826264,0.9921507443814704,0.011102438655913637,0.11783432960510254,0.18937331438064575,0.07153898477554321,0.9998206696579218,0.00017933034207811882,True,True,False,False,True,True,True,False,False,True,False,top_temporal_attack
6,strict_weight4_seed42,strict_frozen_weight4,42,sealed_final_ood,benign_ood,33,cert1m:285083,processed/iotsim-ip-camera-museum-2.csv,1736880021.22976,83,benign,iotsim-ip-camera-museum-2,0.995709340826264,0.9921507443814704,0.011102438655913637,0.11838574707508087,0.18993331491947174,0.07154756784439087,0.9998206696579218,0.00017933034207811882,True,True,False,False,True,True,True,False,False,True,False,top_temporal_attack
6,strict_weight4_seed42,strict_frozen_weight4,42,sealed_final_ood,benign_ood,32,cert1m:285082,processed/iotsim-ip-camera-museum-2.csv,1736880021.229748,82,benign,iotsim-ip-camera-museum-2,0.995709340826264,0.9921507443814704,0.011102438655913637,0.1189686730504036,0.190493643283844,0.0715249702334404,0.9998206696579218,0.00017933034207811882,True,True,False,False,True,True,True,False,False,True,False,top_temporal_attack
6,strict_weight4_seed42,strict_frozen_weight4,42,sealed_final_ood,benign_ood,31,cert1m:285081,processed/iotsim-ip-camera-museum-2.csv,1736880021.229734,81,benign,iotsim-ip-camera-museum-2,0.995709340826264,0.9921507443814704,0.011102438655913637,0.11958521604537964,0.19105412065982819,0.07146890461444855,0.9998206696579218,0.00017933034207811882,True,True,False,False,True,True,True,False,False,True,False,top_temporal_attack
6,strict_weight4_seed42,strict_frozen_weight4,42,sealed_final_ood,benign_ood,30,cert1m:285080,processed/iotsim-ip-camera-museum-2.csv,1736880021.229719,80,benign,iotsim-ip-camera-museum-2,0.995709340826264,0.9921507443814704,0.011102438655913637,0.12023770809173584,0.19161474704742432,0.07137703895568848,0.9998206696579218,0.00017933034207811882,True,True,False,False,True,True,True,False,False,True,False,top_temporal_attack
6,strict_weight4_seed42,strict_frozen_weight4,42,sealed_final_ood,benign_ood,29,cert1m:285079,processed/iotsim-ip-camera-museum-2.csv,1736880021.229705,79,benign,iotsim-ip-camera-museum-2,0.995709340826264,0.9921507443814704,0.011102438655913637,0.12092865258455276,0.19217561185359955,0.07124695926904678,0.9998206696579218,0.00017933034207811882,True,True,False,False,True,True,True,False,False,True,False,top_temporal_attack
6,strict_weight4_seed42,strict_frozen_weight4,42,sealed_final_ood,benign_ood,28,cert1m:285078,processed/iotsim-ip-camera-museum-2.csv,1736880021.229688,78,benign,iotsim-ip-camera-museum-2,0.995709340826264,0.9921507443814704,0.011102438655913637,0.12166082113981247,0.19273655116558075,0.07107573002576828,0.9998206696579218,0.00017933034207811882,True,True,False,False,True,True,True,False,False,True,False,top_temporal_attack
6,strict_weight4_seed42,strict_frozen_weight4,42,sealed_final_ood,benign_ood,27,cert1m:285077,processed/iotsim-ip-camera-museum-2.csv,1736880021.229676,77,benign,iotsim-ip-camera-museum-2,0.995709340826264,0.9921507443814704,0.011102438655913637,0.12243723124265671,0.19329781830310822,0.07086058706045151,0.9998206696579218,0.00017933034207811882,True,True,False,False,True,True,True,False,False,True,False,top_temporal_attack
6,strict_weight4_seed42,strict_frozen_weight4,42,sealed_final_ood,benign_ood,26,cert1m:285076,processed/iotsim-ip-camera-museum-2.csv,1736880021.229662,76,benign,iotsim-ip-camera-museum-2,0.995709340826264,0.9921507443814704,0.011102438655913637,0.12326116114854813,0.19385923445224762,0.0705980733036995,0.9998206696579218,0.00017933034207811882,True,True,False,False,True,True,True,False,False,True,False,top_temporal_attack
6,strict_weight4_seed42,strict_frozen_weight4,42,sealed_final_ood,benign_ood,25,cert1m:285075,processed/iotsim-ip-camera-museum-2.csv,1736880021.229635,75,benign,iotsim-ip-camera-museum-2,0.995709340826264,0.9921507443814704,0.011102438655913637,0.12413624674081802,0.19442051649093628,0.07028426975011826,0.9998206696579218,0.00017933034207811882,True,True,False,False,True,True,True,False,False,True,False,top_temporal_attack
6,strict_weight4_seed42,strict_frozen_weight4,42,sealed_final_ood,benign_ood,24,cert1m:285074,processed/iotsim-ip-camera-museum-2.csv,1736880021.229622,74,benign,iotsim-ip-camera-museum-2,0.995709340826264,0.9921507443814704,0.011102438655913637,0.12506651878356934,0.19498227536678314,0.0699157565832138,0.9998206696579218,0.00017933034207811882,True,True,False,False,True,True,True,False,False,True,False,top_temporal_attack
6,strict_weight4_seed42,strict_frozen_weight4,42,sealed_final_ood,benign_ood,23,cert1m:285073,processed/iotsim-ip-camera-museum-2.csv,1736880021.229586,73,benign,iotsim-ip-camera-museum-2,0.995709340826264,0.9921507443814704,0.011102438655913637,0.12605634331703186,0.19554373621940613,0.06948739290237427,0.9998206696579218,0.00017933034207811882,True,True,False,False,True,True,True,False,False,True,False,top_temporal_attack
6,strict_weight4_seed42,strict_frozen_weight4,42,sealed_final_ood,benign_ood,54,cert1m:285104,processed/iotsim-ip-camera-museum-2.csv,1736880021.39099,104,benign,iotsim-ip-camera-museum-2,0.9961096050362873,0.9925510085914937,0.011102438655913637,0.12165884673595428,0.18315787613391876,0.06149902939796448,0.9998206696579218,0.00017933034207811882,True,True,False,False,True,True,True,False,False,True,False,top_temporal_attack
6,strict_weight4_seed42,strict_frozen_weight4,42,sealed_final_ood,benign_ood,53,cert1m:285103,processed/iotsim-ip-camera-museum-2.csv,1736880021.390976,103,benign,iotsim-ip-camera-museum-2,0.9961096050362873,0.9925510085914937,0.011102438655913637,0.12227634340524673,0.18371854722499847,0.06144220381975174,0.9998206696579218,0.00017933034207811882,True,True,False,False,True,True,True,False,False,True,False,top_temporal_attack
6,strict_weight4_seed42,strict_frozen_weight4,42,sealed_final_ood,benign_ood,52,cert1m:285102,processed/iotsim-ip-camera-museum-2.csv,1736880021.390964,102,benign,iotsim-ip-camera-museum-2,0.9961096050362873,0.9925510085914937,0.011102438655913637,0.12292712926864624,0.18427947163581848,0.06135234236717224,0.9998206696579218,0.00017933034207811882,True,True,False,False,True,True,True,False,False,True,False,top_temporal_attack
6,strict_weight4_seed42,strict_frozen_weight4,42,sealed_final_ood,benign_ood,51,cert1m:285101,processed/iotsim-ip-camera-museum-2.csv,1736880021.390939,101,benign,iotsim-ip-camera-museum-2,0.9961096050362873,0.9925510085914937,0.011102438655913637,0.1236136257648468,0.18484020233154297,0.06122657656669617,0.9998206696579218,0.00017933034207811882,True,True,False,False,True,True,True,False,False,True,False,top_temporal_attack
6,strict_weight4_seed42,strict_frozen_weight4,42,sealed_final_ood,benign_ood,50,cert1m:285100,processed/iotsim-ip-camera-museum-2.csv,1736880021.390909,100,benign,iotsim-ip-camera-museum-2,0.9961096050362873,0.9925510085914937,0.011102438655913637,0.12433847784996033,0.18540100753307343,0.0610625296831131,0.9998206696579218,0.00017933034207811882,True,True,False,False,True,True,True,False,False,True,False,top_temporal_attack
6,strict_weight4_seed42,strict_frozen_weight4,42,sealed_final_ood,benign_ood,49,cert1m:285099,processed/iotsim-ip-camera-museum-2.csv,1736880021.350632,99,benign,iotsim-ip-camera-museum-2,0.9961096050362873,0.9925510085914937,0.011102438655913637,0.12504099309444427,0.18479947745800018,0.05975848436355591,0.9998206696579218,0.00017933034207811882,True,True,False,False,True,True,True,False,False,True,False,top_temporal_attack
6,strict_weight4_seed42,strict_frozen_weight4,42,sealed_final_ood,benign_ood,48,cert1m:285098,processed/iotsim-ip-camera-museum-2.csv,1736880021.350603,98,benign,iotsim-ip-camera-museum-2,0.995709340826264,0.9921507443814704,0.011102438655913637,0.12270718067884445,0.1853596419095993,0.06265246123075485,0.9998206696579218,0.00017933034207811882,True,True,False,False,True,True,True,False,False,True,False,top_temporal_attack
6,strict_weight4_seed42,strict_frozen_weight4,42,sealed_final_ood,benign_ood,47,cert1m:285097,processed/iotsim-ip-camera-museum-2.csv,1736880021.31036,97,benign,iotsim-ip-camera-museum-2,0.995709340826264,0.9921507443814704,0.011102438655913637,0.12333826720714569,0.18470264971256256,0.06136438250541687,0.9998206696579218,0.00017933034207811882,True,True,False,False,True,True,True,False,False,True,False,top_temporal_attack
6,strict_weight4_seed42,strict_frozen_weight4,42,sealed_final_ood,benign_ood,46,cert1m:285096,processed/iotsim-ip-camera-museum-2.csv,1736880021.310312,96,benign,iotsim-ip-camera-museum-2,0.995709340826264,0.9921507443814704,0.011102438655913637,0.1232670322060585,0.18526151776313782,0.061994485557079315,0.9998206696579218,0.00017933034207811882,True,True,False,False,True,True,True,False,False,True,False,top_temporal_attack
6,strict_weight4_seed42,strict_frozen_weight4,42,sealed_final_ood,benign_ood,45,cert1m:285095,processed/iotsim-ip-camera-museum-2.csv,1736880021.270044,95,benign,iotsim-ip-camera-museum-2,0.995709340826264,0.9921507443814704,0.011102438655913637,0.12391651421785355,0.18454115092754364,0.060624636709690094,0.9998206696579218,0.00017933034207811882,True,True,False,False,True,True,True,False,False,True,False,top_temporal_attack
6,strict_weight4_seed42,strict_frozen_weight4,42,sealed_final_ood,benign_ood,44,cert1m:285094,processed/iotsim-ip-camera-museum-2.csv,1736880021.270032,94,benign,iotsim-ip-camera-museum-2,0.995709340826264,0.9921507443814704,0.011102438655913637,0.12239991873502731,0.18510036170482635,0.06270044296979904,0.9998206696579218,0.00017933034207811882,True,True,False,False,True,True,True,False,False,True,False,top_temporal_attack
6,strict_weight4_seed42,strict_frozen_weight4,42,sealed_final_ood,benign_ood,43,cert1m:285093,processed/iotsim-ip-camera-museum-2.csv,1736880021.269996,93,benign,iotsim-ip-camera-museum-2,0.995709340826264,0.9921507443814704,0.011102438655913637,0.12309207022190094,0.1856589913368225,0.06256692111492157,0.9998206696579218,0.00017933034207811882,True,True,False,False,True,True,True,False,False,True,False,top_temporal_attack
6,strict_weight4_seed42,strict_frozen_weight4,42,sealed_final_ood,benign_ood,42,cert1m:285092,processed/iotsim-ip-camera-museum-2.csv,1736880021.229911,92,benign,iotsim-ip-camera-museum-2,0.995709340826264,0.9921507443814704,0.011102438655913637,0.12374396622180939,0.18490055203437805,0.061156585812568665,0.9998206696579218,0.00017933034207811882,True,True,False,False,True,True,True,False,False,True,False,top_temporal_attack
6,strict_weight4_seed42,strict_frozen_weight4,42,sealed_final_ood,benign_ood,41,cert1m:285091,processed/iotsim-ip-camera-museum-2.csv,1736880021.229895,91,benign,iotsim-ip-camera-museum-2,0.995709340826264,0.9921507443814704,0.011102438655913637,0.11470942199230194,0.1854589432477951,0.07074952125549316,0.9998206696579218,0.00017933034207811882,True,True,False,False,True,True,True,False,False,True,False,top_temporal_attack
6,strict_weight4_seed42,strict_frozen_weight4,42,sealed_final_ood,benign_ood,40,cert1m:285090,processed/iotsim-ip-camera-museum-2.csv,1736880021.229883,90,benign,iotsim-ip-camera-museum-2,0.995709340826264,0.9921507443814704,0.011102438655913637,0.1150875836610794,0.1860176920890808,0.0709301084280014,0.9998206696579218,0.00017933034207811882,True,True,False,False,True,True,True,False,False,True,False,top_temporal_attack
6,strict_weight4_seed42,strict_frozen_weight4,42,sealed_final_ood,benign_ood,39,cert1m:285089,processed/iotsim-ip-camera-museum-2.csv,1736880021.229869,89,benign,iotsim-ip-camera-museum-2,0.995709340826264,0.9921507443814704,0.011102438655913637,0.11548628658056259,0.18657657504081726,0.07109028846025467,0.9998206696579218,0.00017933034207811882,True,True,False,False,True,True,True,False,False,True,False,top_temporal_attack
6,strict_weight4_seed42,strict_frozen_weight4,42,sealed_final_ood,benign_ood,70,cert1m:285120,processed/iotsim-ip-camera-museum-2.csv,1736880021.431386,120,benign,iotsim-ip-camera-museum-2,0.9961096050362873,0.9925510085914937,0.011102438655913637,0.12315389513969421,0.1756669580936432,0.052513062953948975,0.9998206696579218,0.00017933034207811882,True,True,False,False,True,True,True,False,False,True,False,top_temporal_attack
6,strict_weight4_seed42,strict_frozen_weight4,42,sealed_final_ood,benign_ood,69,cert1m:285119,processed/iotsim-ip-camera-museum-2.csv,1736880021.431372,119,benign,iotsim-ip-camera-museum-2,0.9961096050362873,0.9925510085914937,0.011102438655913637,0.11613206565380096,0.17622558772563934,0.06009352207183838,0.9998206696579218,0.00017933034207811882,True,True,False,False,True,True,True,False,False,True,False,top_temporal_attack
6,strict_weight4_seed42,strict_frozen_weight4,42,sealed_final_ood,benign_ood,68,cert1m:285118,processed/iotsim-ip-camera-museum-2.csv,1736880021.431356,118,benign,iotsim-ip-camera-museum-2,0.9961096050362873,0.9925510085914937,0.011102438655913637,0.11646737158298492,0.17678438127040863,0.060317009687423706,0.9998206696579218,0.00017933034207811882,True,True,False,False,True,True,True,False,False,True,False,top_temporal_attack
6,strict_weight4_seed42,strict_frozen_weight4,42,sealed_final_ood,benign_ood,67,cert1m:285117,processed/iotsim-ip-camera-museum-2.csv,1736880021.431305,117,benign,iotsim-ip-camera-museum-2,0.9961096050362873,0.9925510085914937,0.011102438655913637,0.11681879311800003,0.17734216153621674,0.060523368418216705,0.9998206696579218,0.00017933034207811882,True,True,False,False,True,True,True,False,False,True,False,top_temporal_attack
6,strict_weight4_seed42,strict_frozen_weight4,42,sealed_final_ood,benign_ood,66,cert1m:285116,processed/iotsim-ip-camera-museum-2.csv,1736880021.391158,116,benign,iotsim-ip-camera-museum-2,0.9961096050362873,0.9925510085914937,0.011102438655913637,0.11710526794195175,0.17644591629505157,0.05934064835309982,0.9998206696579218,0.00017933034207811882,True,True,False,False,True,True,True,False,False,True,False,top_temporal_attack
6,strict_weight4_seed42,strict_frozen_weight4,42,sealed_final_ood,benign_ood,65,cert1m:285115,processed/iotsim-ip-camera-museum-2.csv,1736880021.391144,115,benign,iotsim-ip-camera-museum-2,0.9961096050362873,0.9925510085914937,0.011102438655913637,0.11654476076364517,0.17700406908988953,0.060459308326244354,0.9998206696579218,0.00017933034207811882,True,True,False,False,True,True,True,False,False,True,False,top_temporal_attack
6,strict_weight4_seed42,strict_frozen_weight4,42,sealed_final_ood,benign_ood,64,cert1m:285114,processed/iotsim-ip-camera-museum-2.csv,1736880021.391128,114,benign,iotsim-ip-camera-museum-2,0.9961096050362873,0.9925510085914937,0.011102438655913637,0.11690835654735565,0.1775623857975006,0.06065402925014496,0.9998206696579218,0.00017933034207811882,True,True,False,False,True,True,True,False,False,True,False,top_temporal_attack
6,strict_weight4_seed42,strict_frozen_weight4,42,sealed_final_ood,benign_ood,63,cert1m:285113,processed/iotsim-ip-camera-museum-2.csv,1736880021.391114,113,benign,iotsim-ip-camera-museum-2,0.9961096050362873,0.9925510085914937,0.011102438655913637,0.11728876829147339,0.17812098562717438,0.06083221733570099,0.9998206696579218,0.00017933034207811882,True,True,False,False,True,True,True,False,False,True,False,top_temporal_attack
6,strict_weight4_seed42,strict_frozen_weight4,42,sealed_final_ood,benign_ood,62,cert1m:285112,processed/iotsim-ip-camera-museum-2.csv,1736880021.391098,112,benign,iotsim-ip-camera-museum-2,0.9961096050362873,0.9925510085914937,0.011102438655913637,0.11768700927495956,0.1786797195672989,0.060992710292339325,0.9998206696579218,0.00017933034207811882,True,True,False,False,True,True,True,False,False,True,False,top_temporal_attack
6,strict_weight4_seed42,strict_frozen_weight4,42,sealed_final_ood,benign_ood,61,cert1m:285111,processed/iotsim-ip-camera-museum-2.csv,1736880021.391086,111,benign,iotsim-ip-camera-museum-2,0.9961096050362873,0.9925510085914937,0.011102438655913637,0.11810407042503357,0.17923882603645325,0.06113475561141968,0.9998206696579218,0.00017933034207811882,True,True,False,False,True,True,True,False,False,True,False,top_temporal_attack
6,strict_weight4_seed42,strict_frozen_weight4,42,sealed_final_ood,benign_ood,60,cert1m:285110,processed/iotsim-ip-camera-museum-2.csv,1736880021.391072,110,benign,iotsim-ip-camera-museum-2,0.9961096050362873,0.9925510085914937,0.011102438655913637,0.11854113638401031,0.17979806661605835,0.061256930232048035,0.9998206696579218,0.00017933034207811882,True,True,False,False,True,True,True,False,False,True,False,top_temporal_attack
6,strict_weight4_seed42,strict_frozen_weight4,42,sealed_final_ood,benign_ood,59,cert1m:285109,processed/iotsim-ip-camera-museum-2.csv,1736880021.391056,109,benign,iotsim-ip-camera-museum-2,0.9961096050362873,0.9925510085914937,0.011102438655913637,0.11899936199188232,0.1803574413061142,0.06135807931423187,0.9998206696579218,0.00017933034207811882,True,True,False,False,True,True,True,False,False,True,False,top_temporal_attack
6,strict_weight4_seed42,strict_frozen_weight4,42,sealed_final_ood,benign_ood,58,cert1m:285108,processed/iotsim-ip-camera-museum-2.csv,1736880021.391044,108,benign,iotsim-ip-camera-museum-2,0.9961096050362873,0.9925510085914937,0.011102438655913637,0.11948012560606003,0.1809171587228775,0.061437033116817474,0.9998206696579218,0.00017933034207811882,True,True,False,False,True,True,True,False,False,True,False,top_temporal_attack
6,strict_weight4_seed42,strict_frozen_weight4,42,sealed_final_ood,benign_ood,57,cert1m:285107,processed/iotsim-ip-camera-museum-2.csv,1736880021.391033,107,benign,iotsim-ip-camera-museum-2,0.9961096050362873,0.9925510085914937,0.011102438655913637,0.11998482793569565,0.1814771145582199,0.06149228662252426,0.9998206696579218,0.00017933034207811882,True,True,False,False,True,True,True,False,False,True,False,top_temporal_attack
6,strict_weight4_seed42,strict_frozen_weight4,42,sealed_final_ood,benign_ood,56,cert1m:285106,processed/iotsim-ip-camera-museum-2.csv,1736880021.391017,106,benign,iotsim-ip-camera-museum-2,0.9961096050362873,0.9925510085914937,0.011102438655913637,0.12051502615213394,0.1820371150970459,0.06152208894491196,0.9998206696579218,0.00017933034207811882,True,True,False,False,True,True,True,False,False,True,False,top_temporal_attack
6,strict_weight4_seed42,strict_frozen_weight4,42,sealed_final_ood,benign_ood,55,cert1m:285105,processed/iotsim-ip-camera-museum-2.csv,1736880021.391006,105,benign,iotsim-ip-camera-museum-2,0.9961096050362873,0.9925510085914937,0.011102438655913637,0.12107241153717041,0.18259748816490173,0.06152507662773132,0.9998206696579218,0.00017933034207811882,True,True,False,False,True,True,True,False,False,True,False,top_temporal_attack
6,strict_weight4_seed42,strict_frozen_weight4,42,sealed_final_ood,benign_ood,86,cert1m:285136,processed/iotsim-ip-camera-museum-2.csv,1736880021.552433,136,benign,iotsim-ip-camera-museum-2,0.9961096050362873,0.9925510085914937,0.011102438655913637,0.12111520767211914,0.17079977691173553,0.049684569239616394,0.9998206696579218,0.00017933034207811882,True,True,False,False,True,True,True,False,False,True,False,top_temporal_attack
6,strict_weight4_seed42,strict_frozen_weight4,42,sealed_final_ood,benign_ood,85,cert1m:285135,processed/iotsim-ip-camera-museum-2.csv,1736880021.552417,135,benign,iotsim-ip-camera-museum-2,0.9961096050362873,0.9925510085914937,0.011102438655913637,0.12159150838851929,0.17135848104953766,0.04976697266101837,0.9998206696579218,0.00017933034207811882,True,True,False,False,True,True,True,False,False,True,False,top_temporal_attack
6,strict_weight4_seed42,strict_frozen_weight4,42,sealed_final_ood,benign_ood,84,cert1m:285134,processed/iotsim-ip-camera-museum-2.csv,1736880021.552405,134,benign,iotsim-ip-camera-museum-2,0.9961096050362873,0.9925510085914937,0.011102438655913637,0.12208890914916992,0.17191754281520844,0.04982863366603851,0.9998206696579218,0.00017933034207811882,True,True,False,False,True,True,True,False,False,True,False,top_temporal_attack
6,strict_weight4_seed42,strict_frozen_weight4,42,sealed_final_ood,benign_ood,83,cert1m:285133,processed/iotsim-ip-camera-museum-2.csv,1736880021.552393,133,benign,iotsim-ip-camera-museum-2,0.9961096050362873,0.9925510085914937,0.011102438655913637,0.1226087138056755,0.1724768429994583,0.049868129193782806,0.9998206696579218,0.00017933034207811882,True,True,False,False,True,True,True,False,False,True,False,top_temporal_attack
6,strict_weight4_seed42,strict_frozen_weight4,42,sealed_final_ood,benign_ood,82,cert1m:285132,processed/iotsim-ip-camera-museum-2.csv,1736880021.552377,132,benign,iotsim-ip-camera-museum-2,0.9961096050362873,0.9925510085914937,0.011102438655913637,0.12315231561660767,0.17303621768951416,0.049883902072906494,0.9998206696579218,0.00017933034207811882,True,True,False,False,True,True,True,False,False,True,False,top_temporal_attack
6,strict_weight4_seed42,strict_frozen_weight4,42,sealed_final_ood,benign_ood,81,cert1m:285131,processed/iotsim-ip-camera-museum-2.csv,1736880021.552365,131,benign,iotsim-ip-camera-museum-2,0.9961096050362873,0.9925510085914937,0.011102438655913637,0.12372127175331116,0.17359595000743866,0.0498746782541275,0.9998206696579218,0.00017933034207811882,True,True,False,False,True,True,True,False,False,True,False,top_temporal_attack
6,strict_weight4_seed42,strict_frozen_weight4,42,sealed_final_ood,benign_ood,80,cert1m:285130,processed/iotsim-ip-camera-museum-2.csv,1736880021.552348,130,benign,iotsim-ip-camera-museum-2,0.9961096050362873,0.9925510085914937,0.011102438655913637,0.1243172287940979,0.17415569722652435,0.04983846843242645,0.9998206696579218,0.00017933034207811882,True,True,False,False,True,True,True,False,False,True,False,top_temporal_attack
6,strict_weight4_seed42,strict_frozen_weight4,42,sealed_final_ood,benign_ood,79,cert1m:285129,processed/iotsim-ip-camera-museum-2.csv,1736880021.552336,129,benign,iotsim-ip-camera-museum-2,0.9961096050362873,0.9925510085914937,0.011102438655913637,0.12494204938411713,0.17471586167812347,0.04977381229400635,0.9998206696579218,0.00017933034207811882,True,True,False,False,True,True,True,False,False,True,False,top_temporal_attack
6,strict_weight4_seed42,strict_frozen_weight4,42,sealed_final_ood,benign_ood,78,cert1m:285128,processed/iotsim-ip-camera-museum-2.csv,1736880021.552318,128,benign,iotsim-ip-camera-museum-2,0.9961096050362873,0.9925510085914937,0.011102438655913637,0.12559768557548523,0.1752760112285614,0.04967832565307617,0.9998206696579218,0.00017933034207811882,True,True,False,False,True,True,True,False,False,True,False,top_temporal_attack
6,strict_weight4_seed42,strict_frozen_weight4,42,sealed_final_ood,benign_ood,4070,cert1m:289120,processed/iotsim-ip-camera-museum-2.csv,1736880046.177438,4120,benign,iotsim-ip-camera-museum-2,0.9992400505164482,0.9956814540716545,0.011102438655913637,0.14471226930618286,0.9289426803588867,0.7842304110527039,0.9998206696579218,0.00017933034207811882,True,True,False,False,True,True,True,False,False,True,False,top_parent_attack
6,strict_weight4_seed42,strict_frozen_weight4,42,sealed_final_ood,benign_ood,615,cert1m:285665,processed/iotsim-ip-camera-museum-2.csv,1736880024.911286,665,benign,iotsim-ip-camera-museum-2,0.9991743380362454,0.9956157415914518,0.011102438655913637,0.17138490080833435,0.11874206364154816,-0.052642837166786194,0.9998206696579218,0.00017933034207811882,True,True,False,False,True,True,True,False,False,True,False,top_parent_attack
6,strict_weight4_seed42,strict_frozen_weight4,42,sealed_final_ood,benign_ood,1570,cert1m:286620,processed/iotsim-ip-camera-museum-2.csv,1736880030.823362,1620,benign,iotsim-ip-camera-museum-2,0.9991343794274689,0.9955757829826752,0.011102438655913637,0.1396426558494568,0.3440495431423187,0.20440688729286194,0.9998206696579218,0.00017933034207811882,True,True,False,False,True,True,True,False,False,True,False,top_parent_attack
6,strict_weight4_seed42,strict_frozen_weight4,42,sealed_final_ood,benign_ood,56234,cert1m:701334,processed/iotsim-ip-camera-street-2.csv,1736880031.842182,1334,benign,iotsim-ip-camera-street-2,0.9991343794274689,0.9955757829826752,0.011102438655913637,0.13386358320713043,0.25273260474205017,0.11886902153491974,0.9998206696579218,0.00017933034207811882,True,True,False,False,True,True,True,False,False,True,False,top_parent_attack
6,strict_weight4_seed42,strict_frozen_weight4,42,sealed_final_ood,benign_ood,1444,cert1m:286494,processed/iotsim-ip-camera-museum-2.csv,1736880029.912778,1494,benign,iotsim-ip-camera-museum-2,0.9990972510251027,0.9955386545803091,0.011102438655913637,0.1412218064069748,0.3129587173461914,0.1717369109392166,0.9998206696579218,0.00017933034207811882,True,True,False,False,True,True,True,False,False,True,False,top_parent_attack
6,strict_weight4_seed42,strict_frozen_weight4,42,sealed_final_ood,benign_ood,55557,cert1m:700657,processed/iotsim-ip-camera-street-2.csv,1736880026.412648,657,benign,iotsim-ip-camera-street-2,0.9990972510251027,0.9955386545803091,0.011102438655913637,0.15624769032001495,0.11940734088420868,-0.036840349435806274,0.9998206696579218,0.00017933034207811882,True,True,False,False,True,True,True,False,False,True,False,top_parent_attack
6,strict_weight4_seed42,strict_frozen_weight4,42,sealed_final_ood,benign_ood,55178,cert1m:700278,processed/iotsim-ip-camera-street-2.csv,1736880021.346817,278,benign,iotsim-ip-camera-street-2,0.9990808996790226,0.995522303234229,0.011102438655913637,0.2123548686504364,0.1551312804222107,-0.05722358822822571,0.9998206696579218,0.00017933034207811882,True,True,False,False,True,True,True,False,False,True,False,top_parent_attack
6,strict_weight4_seed42,strict_frozen_weight4,42,sealed_final_ood,benign_ood,58143,cert1m:703243,processed/iotsim-ip-camera-street-2.csv,1736880047.202575,3243,benign,iotsim-ip-camera-street-2,0.9990535652590234,0.9954949688142298,0.011102438655913637,0.11994031071662903,0.6973722577095032,0.5774319171905518,0.9998206696579218,0.00017933034207811882,True,True,False,False,True,True,True,False,False,True,False,top_parent_attack
6,strict_weight4_seed42,strict_frozen_weight4,42,sealed_final_ood,benign_ood,70785,cert1m:715885,processed/iotsim-ip-camera-street-2.csv,1736880170.081997,15885,benign,iotsim-ip-camera-street-2,0.9975805745478761,0.9940219781030825,0.011102438655913637,0.15421658754348755,1.486275315284729,1.3320586681365967,0.9998206696579218,0.00017933034207811882,True,True,False,False,True,True,True,False,False,True,False,top_parent_attack
6,strict_weight4_seed42,strict_frozen_weight4,42,sealed_final_ood,benign_ood,75426,cert1m:720526,processed/iotsim-ip-camera-street-2.csv,1736880216.162005,20526,benign,iotsim-ip-camera-street-2,0.9975805745478761,0.9940219781030825,0.011102438655913637,0.21247225999832153,1.1239274740219116,0.9114552140235901,0.9998206696579218,0.00017933034207811882,True,True,False,False,True,True,True,False,False,True,False,top_parent_attack
6,strict_weight4_seed42,strict_frozen_weight4,42,sealed_final_ood,benign_ood,87951,cert1m:733051,processed/iotsim-ip-camera-street-2.csv,1736880339.04244,33051,benign,iotsim-ip-camera-street-2,0.9975805745478761,0.9940219781030825,0.011102438655913637,0.18564307689666748,1.5884901285171509,1.4028470516204834,0.9998206696579218,0.00017933034207811882,True,True,False,False,True,True,True,False,False,True,False,top_parent_attack
6,strict_weight4_seed42,strict_frozen_weight4,42,sealed_final_ood,benign_ood,62873,cert1m:707973,processed/iotsim-ip-camera-street-2.csv,1736880093.281714,7973,benign,iotsim-ip-camera-street-2,0.9975805745478761,0.9940219781030825,0.011102438655913637,0.13499757647514343,1.4886618852615356,1.3536642789840698,0.9998206696579218,0.00017933034207811882,True,True,False,False,True,True,True,False,False,True,False,top_parent_attack
6,strict_weight4_seed42,strict_frozen_weight4,42,sealed_final_ood,benign_ood,64118,cert1m:709218,processed/iotsim-ip-camera-street-2.csv,1736880108.641595,9218,benign,iotsim-ip-camera-street-2,0.9975805745478761,0.9940219781030825,0.011102438655913637,0.13231948018074036,1.4366323947906494,1.3043129444122314,0.9998206696579218,0.00017933034207811882,True,True,False,False,True,True,True,False,False,True,False,top_parent_attack
6,strict_weight4_seed42,strict_frozen_weight4,42,sealed_final_ood,benign_ood,39051,cert1m:324101,processed/iotsim-ip-camera-museum-2.csv,1736880261.217999,39101,benign,iotsim-ip-camera-museum-2,0.9975805745478761,0.9940219781030825,0.011102438655913637,0.1287202686071396,1.5005898475646973,1.3718695640563965,0.9998206696579218,0.00017933034207811882,True,True,False,False,True,True,True,False,False,True,False,top_parent_attack
6,strict_weight4_seed42,strict_frozen_weight4,42,sealed_final_ood,benign_ood,46468,cert1m:331518,processed/iotsim-ip-camera-museum-2.csv,1736880307.299509,46518,benign,iotsim-ip-camera-museum-2,0.9975805745478761,0.9940219781030825,0.011102438655913637,0.13708773255348206,1.5701550245285034,1.4330673217773438,0.9998206696579218,0.00017933034207811882,True,True,False,False,True,True,True,False,False,True,False,top_parent_attack
6,strict_weight4_seed42,strict_frozen_weight4,42,sealed_final_ood,benign_ood,6571,cert1m:291621,processed/iotsim-ip-camera-museum-2.csv,1736880061.537928,6621,benign,iotsim-ip-camera-museum-2,0.9975805745478761,0.9940219781030825,0.011102438655913637,0.13953301310539246,1.4293497800827026,1.2898167371749878,0.9998206696579218,0.00017933034207811882,True,True,False,False,True,True,True,False,False,True,False,top_parent_attack
6,strict_weight4_seed42,strict_frozen_weight4,42,sealed_final_ood,benign_ood,31559,cert1m:316609,processed/iotsim-ip-camera-museum-2.csv,1736880215.138299,31609,benign,iotsim-ip-camera-museum-2,0.9975805745478761,0.9940219781030825,0.011102438655913637,0.1380545198917389,1.5769881010055542,1.4389336109161377,0.9998206696579218,0.00017933034207811882,True,True,False,False,True,True,True,False,False,True,False,top_parent_attack
6,strict_weight4_seed42,strict_frozen_weight4,42,sealed_final_ood,benign_ood,68901,cert1m:714001,processed/iotsim-ip-camera-street-2.csv,1736880154.723344,14001,benign,iotsim-ip-camera-street-2,0.9975805745478761,0.9940219781030825,0.011102438655913637,0.14180931448936462,1.5263147354125977,1.3845053911209106,0.9998206696579218,0.00017933034207811882,True,True,False,False,True,True,True,False,False,True,False,top_parent_attack
6,strict_weight4_seed42,strict_frozen_weight4,42,sealed_final_ood,benign_ood,29063,cert1m:314113,processed/iotsim-ip-camera-museum-2.csv,1736880199.77718,29113,benign,iotsim-ip-camera-museum-2,0.9975805745478761,0.9940219781030825,0.011102438655913637,0.1356106847524643,1.5516831874847412,1.4160724878311157,0.9998206696579218,0.00017933034207811882,True,True,False,False,True,True,True,False,False,True,False,top_parent_attack
6,strict_weight4_seed42,strict_frozen_weight4,42,sealed_final_ood,benign_ood,48964,cert1m:334014,processed/iotsim-ip-camera-museum-2.csv,1736880322.658418,49014,benign,iotsim-ip-camera-museum-2,0.9975805745478761,0.9940219781030825,0.011102438655913637,0.14232778549194336,1.6125221252441406,1.4701943397521973,0.9998206696579218,0.00017933034207811882,True,True,False,False,True,True,True,False,False,True,False,top_parent_attack
6,strict_weight4_seed42,strict_frozen_weight4,42,sealed_final_ood,benign_ood,36546,cert1m:321596,processed/iotsim-ip-camera-museum-2.csv,1736880245.857208,36596,benign,iotsim-ip-camera-museum-2,0.9975805745478761,0.9940219781030825,0.011102438655913637,0.135920912027359,1.557999849319458,1.4220789670944214,0.9998206696579218,0.00017933034207811882,True,True,False,False,True,True,True,False,False,True,False,top_parent_attack
6,strict_weight4_seed42,strict_frozen_weight4,42,sealed_final_ood,benign_ood,96025,cert1m:741125,processed/iotsim-ip-camera-street-2.csv,1736880415.843747,41125,benign,iotsim-ip-camera-street-2,0.9975805745478761,0.9940219781030825,0.011102438655913637,0.13431432843208313,1.4712467193603516,1.3369324207305908,0.9998206696579218,0.00017933034207811882,True,True,False,False,True,True,True,False,False,True,False,top_parent_attack
6,strict_weight4_seed42,strict_frozen_weight4,42,sealed_final_ood,benign_ood,21574,cert1m:306624,processed/iotsim-ip-camera-museum-2.csv,1736880153.698307,21624,benign,iotsim-ip-camera-museum-2,0.9975805745478761,0.9940219781030825,0.011102438655913637,0.13834331929683685,1.5497056245803833,1.4113622903823853,0.9998206696579218,0.00017933034207811882,True,True,False,False,True,True,True,False,False,True,False,top_parent_attack
6,strict_weight4_seed42,strict_frozen_weight4,42,sealed_final_ood,benign_ood,11574,cert1m:296624,processed/iotsim-ip-camera-museum-2.csv,1736880092.25778,11624,benign,iotsim-ip-camera-museum-2,0.9975805745478761,0.9940219781030825,0.011102438655913637,0.1306866705417633,1.4622541666030884,1.3315675258636475,0.9998206696579218,0.00017933034207811882,True,True,False,False,True,True,True,False,False,True,False,top_parent_attack
6,strict_weight4_seed42,strict_frozen_weight4,42,sealed_final_ood,benign_ood,89493,cert1m:734593,processed/iotsim-ip-camera-street-2.csv,1736880354.404283,34593,benign,iotsim-ip-camera-street-2,0.9975805745478761,0.9940219781030825,0.011102438655913637,0.1785704344511032,1.617409110069275,1.4388387203216553,0.9998206696579218,0.00017933034207811882,True,True,False,False,True,True,True,False,False,True,False,top_parent_attack
6,strict_weight4_seed42,strict_frozen_weight4,42,sealed_final_ood,benign_ood,60982,cert1m:706082,processed/iotsim-ip-camera-street-2.csv,1736880077.921519,6082,benign,iotsim-ip-camera-street-2,0.9975805745478761,0.9940219781030825,0.011102438655913637,0.13009850680828094,1.1724635362625122,1.0423650741577148,0.9998206696579218,0.00017933034207811882,True,True,False,False,True,True,True,False,False,True,False,top_parent_attack
6,strict_weight4_seed42,strict_frozen_weight4,42,sealed_final_ood,benign_ood,24072,cert1m:309122,processed/iotsim-ip-camera-museum-2.csv,1736880169.058029,24122,benign,iotsim-ip-camera-museum-2,0.9975805745478761,0.9940219781030825,0.011102438655913637,0.1455235332250595,1.6168122291564941,1.4712886810302734,0.9998206696579218,0.00017933034207811882,True,True,False,False,True,True,True,False,False,True,False,top_parent_attack
6,strict_weight4_seed42,strict_frozen_weight4,42,sealed_final_ood,benign_ood,72004,cert1m:717104,processed/iotsim-ip-camera-street-2.csv,1736880185.442364,17104,benign,iotsim-ip-camera-street-2,0.9975805745478761,0.9940219781030825,0.011102438655913637,0.13041046261787415,1.407978892326355,1.2775684595108032,0.9998206696579218,0.00017933034207811882,True,True,False,False,True,True,True,False,False,True,False,top_parent_attack
6,strict_weight4_seed42,strict_frozen_weight4,42,sealed_final_ood,benign_ood,16573,cert1m:301623,processed/iotsim-ip-camera-museum-2.csv,1736880122.978264,16623,benign,iotsim-ip-camera-museum-2,0.9975805745478761,0.9940219781030825,0.011102438655913637,0.14188224077224731,1.565584659576416,1.4237024784088135,0.9998206696579218,0.00017933034207811882,True,True,False,False,True,True,True,False,False,True,False,top_parent_attack
6,strict_weight4_seed42,strict_frozen_weight4,42,sealed_final_ood,benign_ood,97424,cert1m:742524,processed/iotsim-ip-camera-street-2.csv,1736880431.201991,42524,benign,iotsim-ip-camera-street-2,0.9975805745478761,0.9940219781030825,0.011102438655913637,0.15589144825935364,1.6421195268630981,1.486228108406067,0.9998206696579218,0.00017933034207811882,True,True,False,False,True,True,True,False,False,True,False,top_parent_attack
6,strict_weight4_seed42,strict_frozen_weight4,42,sealed_final_ood,benign_ood,81613,cert1m:726713,processed/iotsim-ip-camera-street-2.csv,1736880277.601113,26713,benign,iotsim-ip-camera-street-2,0.9975805745478761,0.9940219781030825,0.011102438655913637,0.12894472479820251,1.455657720565796,1.326712965965271,0.9998206696579218,0.00017933034207811882,True,True,False,False,True,True,True,False,False,True,False,top_parent_attack
6,strict_weight4_seed42,strict_frozen_weight4,42,sealed_final_ood,benign_ood,9084,cert1m:294134,processed/iotsim-ip-camera-museum-2.csv,1736880076.899293,9134,benign,iotsim-ip-camera-museum-2,0.9975805745478761,0.9940219781030825,0.011102438655913637,0.13439993560314178,1.489047884941101,1.3546479940414429,0.9998206696579218,0.00017933034207811882,True,True,False,False,True,True,True,False,False,True,False,top_parent_attack
6,strict_weight4_seed42,strict_frozen_weight4,42,sealed_final_ood,benign_ood,91391,cert1m:736491,processed/iotsim-ip-camera-street-2.csv,1736880369.761025,36491,benign,iotsim-ip-camera-street-2,0.9975805745478761,0.9940219781030825,0.011102438655913637,0.16636723279953003,1.63847017288208,1.4721028804779053,0.9998206696579218,0.00017933034207811882,True,True,False,False,True,True,True,False,False,True,False,top_parent_attack
6,strict_weight4_seed42,strict_frozen_weight4,42,sealed_final_ood,benign_ood,76850,cert1m:721950,processed/iotsim-ip-camera-street-2.csv,1736880231.522565,21950,benign,iotsim-ip-camera-street-2,0.9975805745478761,0.9940219781030825,0.011102438655913637,0.14397349953651428,1.5710647106170654,1.4270912408828735,0.9998206696579218,0.00017933034207811882,True,True,False,False,True,True,True,False,False,True,False,top_parent_attack
6,strict_weight4_seed42,strict_frozen_weight4,42,sealed_final_ood,benign_ood,65927,cert1m:711027,processed/iotsim-ip-camera-street-2.csv,1736880124.00123,11027,benign,iotsim-ip-camera-street-2,0.9975805745478761,0.9940219781030825,0.011102438655913637,0.1366487294435501,1.5135269165039062,1.3768781423568726,0.9998206696579218,0.00017933034207811882,True,True,False,False,True,True,True,False,False,True,False,top_parent_attack
6,strict_weight4_seed42,strict_frozen_weight4,42,sealed_final_ood,benign_ood,84746,cert1m:729846,processed/iotsim-ip-camera-street-2.csv,1736880308.321558,29846,benign,iotsim-ip-camera-street-2,0.9975805745478761,0.9940219781030825,0.011102438655913637,0.14615406095981598,1.5915956497192383,1.4454416036605835,0.9998206696579218,0.00017933034207811882,True,True,False,False,True,True,True,False,False,True,False,top_parent_attack
6,strict_weight4_seed42,strict_frozen_weight4,42,sealed_final_ood,benign_ood,53961,cert1m:339011,processed/iotsim-ip-camera-museum-2.csv,1736880353.378806,54011,benign,iotsim-ip-camera-museum-2,0.9975805745478761,0.9940219781030825,0.011102438655913637,0.14027388393878937,1.6140183210372925,1.4737443923950195,0.9998206696579218,0.00017933034207811882,True,True,False,False,True,True,True,False,False,True,False,top_parent_attack
6,strict_weight4_seed42,strict_frozen_weight4,42,sealed_final_ood,benign_ood,83461,cert1m:728561,processed/iotsim-ip-camera-street-2.csv,1736880292.962247,28561,benign,iotsim-ip-camera-street-2,0.9975805745478761,0.9940219781030825,0.011102438655913637,0.2059008926153183,1.3856364488601685,1.179735541343689,0.9998206696579218,0.00017933034207811882,True,True,False,False,True,True,True,False,False,True,False,top_parent_attack
6,strict_weight4_seed42,strict_frozen_weight4,42,sealed_final_ood,benign_ood,41548,cert1m:326598,processed/iotsim-ip-camera-museum-2.csv,1736880276.578571,41598,benign,iotsim-ip-camera-museum-2,0.9975805745478761,0.9940219781030825,0.011102438655913637,0.12857313454151154,1.506118893623352,1.377545714378357,0.9998206696579218,0.00017933034207811882,True,True,False,False,True,True,True,False,False,True,False,top_parent_attack
6,strict_weight4_seed42,strict_frozen_weight4,42,sealed_final_ood,benign_ood,92628,cert1m:737728,processed/iotsim-ip-camera-street-2.csv,1736880385.122947,37728,benign,iotsim-ip-camera-street-2,0.9975805745478761,0.9940219781030825,0.011102438655913637,0.13174793124198914,1.4656670093536377,1.3339190483093262,0.9998206696579218,0.00017933034207811882,True,True,False,False,True,True,True,False,False,True,False,top_parent_attack
6,strict_weight4_seed42,strict_frozen_weight4,42,sealed_final_ood,benign_ood,44041,cert1m:329091,processed/iotsim-ip-camera-museum-2.csv,1736880291.938863,44091,benign,iotsim-ip-camera-museum-2,0.9975805745478761,0.9940219781030825,0.011102438655913637,0.1259763240814209,1.4616552591323853,1.3356789350509644,0.9998206696579218,0.00017933034207811882,True,True,False,False,True,True,True,False,False,True,False,top_parent_attack
6,strict_weight4_seed42,strict_frozen_weight4,42,sealed_final_ood,benign_ood,51455,cert1m:336505,processed/iotsim-ip-camera-museum-2.csv,1736880338.017788,51505,benign,iotsim-ip-camera-museum-2,0.9975805745478761,0.9940219781030825,0.011102438655913637,0.14691941440105438,1.6449745893478394,1.4980552196502686,0.9998206696579218,0.00017933034207811882,True,True,False,False,True,True,True,False,False,True,False,top_parent_attack
6,strict_weight4_seed42,strict_frozen_weight4,42,sealed_final_ood,benign_ood,86577,cert1m:731677,processed/iotsim-ip-camera-street-2.csv,1736880323.682272,31677,benign,iotsim-ip-camera-street-2,0.9975805745478761,0.9940219781030825,0.011102438655913637,0.12812504172325134,1.4729796648025513,1.3448545932769775,0.9998206696579218,0.00017933034207811882,True,True,False,False,True,True,True,False,False,True,False,top_parent_attack
6,strict_weight4_seed42,strict_frozen_weight4,42,sealed_final_ood,benign_ood,19079,cert1m:304129,processed/iotsim-ip-camera-museum-2.csv,1736880138.337064,19129,benign,iotsim-ip-camera-museum-2,0.9975805745478761,0.9940219781030825,0.011102438655913637,0.1319347769021988,1.491747260093689,1.3598124980926514,0.9998206696579218,0.00017933034207811882,True,True,False,False,True,True,True,False,False,True,False,top_parent_attack
6,strict_weight4_seed42,strict_frozen_weight4,42,sealed_final_ood,benign_ood,154445,cert1m:799545,processed/iotsim-ip-camera-street-2.csv,1736880984.161827,99545,benign,iotsim-ip-camera-street-2,0.9975805745478761,0.9940219781030825,0.011102438655913637,0.1318281590938568,1.483994722366333,1.3521665334701538,0.9998206696579218,0.00017933034207811882,True,True,False,False,True,True,True,False,False,True,False,top_parent_attack
6,strict_weight4_seed42,strict_frozen_weight4,42,sealed_final_ood,benign_ood,26564,cert1m:311614,processed/iotsim-ip-camera-museum-2.csv,1736880184.418019,26614,benign,iotsim-ip-camera-museum-2,0.9975805745478761,0.9940219781030825,0.011102438655913637,0.14480023086071014,1.6163883209228516,1.471588134765625,0.9998206696579218,0.00017933034207811882,True,True,False,False,True,True,True,False,False,True,False,top_parent_attack
6,strict_weight4_seed42,strict_frozen_weight4,42,sealed_final_ood,benign_ood,94455,cert1m:739555,processed/iotsim-ip-camera-street-2.csv,1736880400.481432,39555,benign,iotsim-ip-camera-street-2,0.9975805745478761,0.9940219781030825,0.011102438655913637,0.12893739342689514,1.4911015033721924,1.3621641397476196,0.9998206696579218,0.00017933034207811882,True,True,False,False,True,True,True,False,False,True,False,top_parent_attack
6,strict_weight4_seed42,strict_frozen_weight4,42,sealed_final_ood,benign_ood,14076,cert1m:299126,processed/iotsim-ip-camera-museum-2.csv,1736880107.61804,14126,benign,iotsim-ip-camera-museum-2,0.9975805745478761,0.9940219781030825,0.011102438655913637,0.1359613835811615,1.512647271156311,1.3766858577728271,0.9998206696579218,0.00017933034207811882,True,True,False,False,True,True,True,False,False,True,False,top_parent_attack
6,strict_weight4_seed42,strict_frozen_weight4,42,sealed_final_ood,benign_ood,99330,cert1m:744430,processed/iotsim-ip-camera-street-2.csv,1736880446.561314,44430,benign,iotsim-ip-camera-street-2,0.9975805745478761,0.9940219781030825,0.011102438655913637,0.15195173025131226,1.652891755104065,1.5009400844573975,0.9998206696579218,0.00017933034207811882,True,True,False,False,True,True,True,False,False,True,False,top_parent_attack
6,strict_weight4_seed42,strict_frozen_weight4,42,sealed_final_ood,benign_ood,100522,cert1m:745622,processed/iotsim-ip-camera-street-2.csv,1736880461.922239,45622,benign,iotsim-ip-camera-street-2,0.9975805745478761,0.9940219781030825,0.011102438655913637,0.1296081393957138,1.4074279069900513,1.2778197526931763,0.9998206696579218,0.00017933034207811882,True,True,False,False,True,True,True,False,False,True,False,top_parent_attack
6,strict_weight4_seed42,strict_frozen_weight4,42,sealed_final_ood,benign_ood,108478,cert1m:753578,processed/iotsim-ip-camera-street-2.csv,1736880538.722957,53578,benign,iotsim-ip-camera-street-2,0.9975805745478761,0.9940219781030825,0.011102438655913637,0.1797228306531906,1.6244999170303345,1.4447771310806274,0.9998206696579218,0.00017933034207811882,True,True,False,False,True,True,True,False,False,True,False,top_parent_attack
6,strict_weight4_seed42,strict_frozen_weight4,42,sealed_final_ood,benign_ood,110131,cert1m:755231,processed/iotsim-ip-camera-street-2.csv,1736880554.083251,55231,benign,iotsim-ip-camera-street-2,0.9975805745478761,0.9940219781030825,0.011102438655913637,0.12642337381839752,1.429531216621399,1.3031078577041626,0.9998206696579218,0.00017933034207811882,True,True,False,False,True,True,True,False,False,True,False,top_parent_attack
6,strict_weight4_seed42,strict_frozen_weight4,42,sealed_final_ood,benign_ood,112003,cert1m:757103,processed/iotsim-ip-camera-street-2.csv,1736880569.441528,57103,benign,iotsim-ip-camera-street-2,0.9975805745478761,0.9940219781030825,0.011102438655913637,0.13506346940994263,1.5342060327529907,1.3991425037384033,0.9998206696579218,0.00017933034207811882,True,True,False,False,True,True,True,False,False,True,False,top_parent_attack
6,strict_weight4_seed42,strict_frozen_weight4,42,sealed_final_ood,benign_ood,115048,cert1m:760148,processed/iotsim-ip-camera-street-2.csv,1736880600.162031,60148,benign,iotsim-ip-camera-street-2,0.9975805745478761,0.9940219781030825,0.011102438655913637,0.1391812413930893,1.5795488357543945,1.440367579460144,0.9998206696579218,0.00017933034207811882,True,True,False,False,True,True,True,False,False,True,False,top_parent_attack
6,strict_weight4_seed42,strict_frozen_weight4,42,sealed_final_ood,benign_ood,118028,cert1m:763128,processed/iotsim-ip-camera-street-2.csv,1736880630.882795,63128,benign,iotsim-ip-camera-street-2,0.9975805745478761,0.9940219781030825,0.011102438655913637,0.13465085625648499,1.5105558633804321,1.3759050369262695,0.9998206696579218,0.00017933034207811882,True,True,False,False,True,True,True,False,False,True,False,top_parent_attack
6,strict_weight4_seed42,strict_frozen_weight4,42,sealed_final_ood,benign_ood,121103,cert1m:766203,processed/iotsim-ip-camera-street-2.csv,1736880661.602566,66203,benign,iotsim-ip-camera-street-2,0.9975805745478761,0.9940219781030825,0.011102438655913637,0.13383570313453674,1.47239089012146,1.3385552167892456,0.9998206696579218,0.00017933034207811882,True,True,False,False,True,True,True,False,False,True,False,top_parent_attack
6,strict_weight4_seed42,strict_frozen_weight4,42,sealed_final_ood,benign_ood,122924,cert1m:768024,processed/iotsim-ip-camera-street-2.csv,1736880676.963215,68024,benign,iotsim-ip-camera-street-2,0.9975805745478761,0.9940219781030825,0.011102438655913637,0.12444538623094559,1.4324498176574707,1.308004379272461,0.9998206696579218,0.00017933034207811882,True,True,False,False,True,True,True,False,False,True,False,top_parent_attack
6,strict_weight4_seed42,strict_frozen_weight4,42,sealed_final_ood,benign_ood,124527,cert1m:769627,processed/iotsim-ip-camera-street-2.csv,1736880692.323765,69627,benign,iotsim-ip-camera-street-2,0.9975805745478761,0.9940219781030825,0.011102438655913637,0.1914299875497818,1.586408019065857,1.3949780464172363,0.9998206696579218,0.00017933034207811882,True,True,False,False,True,True,True,False,False,True,False,top_parent_attack
6,strict_weight4_seed42,strict_frozen_weight4,42,sealed_final_ood,benign_ood,125955,cert1m:771055,processed/iotsim-ip-camera-street-2.csv,1736880707.682232,71055,benign,iotsim-ip-camera-street-2,0.9975805745478761,0.9940219781030825,0.011102438655913637,0.12999169528484344,1.4738887548446655,1.3438971042633057,0.9998206696579218,0.00017933034207811882,True,True,False,False,True,True,True,False,False,True,False,top_parent_attack
6,strict_weight4_seed42,strict_frozen_weight4,42,sealed_final_ood,benign_ood,127850,cert1m:772950,processed/iotsim-ip-camera-street-2.csv,1736880723.042386,72950,benign,iotsim-ip-camera-street-2,0.9975805745478761,0.9940219781030825,0.011102438655913637,0.16286881268024445,1.7251009941101074,1.5622321367263794,0.9998206696579218,0.00017933034207811882,True,True,False,False,True,True,True,False,False,True,False,top_parent_attack
6,strict_weight4_seed42,strict_frozen_weight4,42,sealed_final_ood,benign_ood,128972,cert1m:774072,processed/iotsim-ip-camera-street-2.csv,1736880738.403203,74072,benign,iotsim-ip-camera-street-2,0.9975805745478761,0.9940219781030825,0.011102438655913637,0.19551359117031097,1.6252514123916626,1.4297378063201904,0.9998206696579218,0.00017933034207811882,True,True,False,False,True,True,True,False,False,True,False,top_parent_attack
6,strict_weight4_seed42,strict_frozen_weight4,42,sealed_final_ood,benign_ood,133847,cert1m:778947,processed/iotsim-ip-camera-street-2.csv,1736880784.483375,78947,benign,iotsim-ip-camera-street-2,0.9975805745478761,0.9940219781030825,0.011102438655913637,0.1407124400138855,1.5648730993270874,1.4241607189178467,0.9998206696579218,0.00017933034207811882,True,True,False,False,True,True,True,False,False,True,False,top_parent_attack
6,strict_weight4_seed42,strict_frozen_weight4,42,sealed_final_ood,benign_ood,135678,cert1m:780778,processed/iotsim-ip-camera-street-2.csv,1736880799.859859,80778,benign,iotsim-ip-camera-street-2,0.9975805745478761,0.9940219781030825,0.011102438655913637,0.12448962777853012,1.4434833526611328,1.3189936876296997,0.9998206696579218,0.00017933034207811882,True,True,False,False,True,True,True,False,False,True,False,top_parent_attack
6,strict_weight4_seed42,strict_frozen_weight4,42,sealed_final_ood,benign_ood,145094,cert1m:790194,processed/iotsim-ip-camera-street-2.csv,1736880892.004101,90194,benign,iotsim-ip-camera-street-2,0.9975805745478761,0.9940219781030825,0.011102438655913637,0.13754276931285858,1.511666178703308,1.374123454093933,0.9998206696579218,0.00017933034207811882,True,True,False,False,True,True,True,False,False,True,False,top_parent_attack
6,strict_weight4_seed42,strict_frozen_weight4,42,sealed_final_ood,benign_ood,146527,cert1m:791627,processed/iotsim-ip-camera-street-2.csv,1736880907.362419,91627,benign,iotsim-ip-camera-street-2,0.9975805745478761,0.9940219781030825,0.011102438655913637,0.13316978514194489,1.50117027759552,1.3680005073547363,0.9998206696579218,0.00017933034207811882,True,True,False,False,True,True,True,False,False,True,False,top_parent_attack
6,strict_weight4_seed42,strict_frozen_weight4,42,sealed_final_ood,benign_ood,148399,cert1m:793499,processed/iotsim-ip-camera-street-2.csv,1736880922.722206,93499,benign,iotsim-ip-camera-street-2,0.9975805745478761,0.9940219781030825,0.011102438655913637,0.15669147670269012,1.6784015893936157,1.5217101573944092,0.9998206696579218,0.00017933034207811882,True,True,False,False,True,True,True,False,False,True,False,top_parent_attack
6,strict_weight4_seed42,strict_frozen_weight4,42,sealed_final_ood,benign_ood,149591,cert1m:794691,processed/iotsim-ip-camera-street-2.csv,1736880938.082616,94691,benign,iotsim-ip-camera-street-2,0.9975805745478761,0.9940219781030825,0.011102438655913637,0.1298731118440628,1.410294532775879,1.2804213762283325,0.9998206696579218,0.00017933034207811882,True,True,False,False,True,True,True,False,False,True,False,top_parent_attack
6,strict_weight4_seed42,strict_frozen_weight4,42,sealed_final_ood,benign_ood,151331,cert1m:796431,processed/iotsim-ip-camera-street-2.csv,1736880953.442131,96431,benign,iotsim-ip-camera-street-2,0.9975805745478761,0.9940219781030825,0.011102438655913637,0.12728896737098694,1.465871810913086,1.3385828733444214,0.9998206696579218,0.00017933034207811882,True,True,False,False,True,True,True,False,False,True,False,top_parent_attack
6,strict_weight4_seed42,strict_frozen_weight4,42,sealed_final_ood,benign_ood,153083,cert1m:798183,processed/iotsim-ip-camera-street-2.csv,1736880968.801142,98183,benign,iotsim-ip-camera-street-2,0.9975805745478761,0.9940219781030825,0.011102438655913637,0.17161229252815247,1.675661325454712,1.5040490627288818,0.9998206696579218,0.00017933034207811882,True,True,False,False,True,True,True,False,False,True,False,top_parent_attack
6,strict_weight4_seed42,strict_frozen_weight4,42,sealed_final_ood,benign_ood,585,cert1m:285635,processed/iotsim-ip-camera-museum-2.csv,1736880024.670501,635,benign,iotsim-ip-camera-museum-2,0.9972501790007937,0.9936915825560001,0.011102438655913637,0.1429419368505478,0.228007972240448,0.08506603538990021,0.9998206696579218,0.00017933034207811882,True,True,False,False,True,True,True,False,False,True,False,top_parent_attack
6,strict_weight4_seed42,strict_frozen_weight4,42,sealed_final_ood,benign_ood,65755,cert1m:710855,processed/iotsim-ip-camera-street-2.csv,1736880122.406537,10855,benign,iotsim-ip-camera-street-2,0.9971268452469112,0.9935682488021176,0.011102438655913637,0.12617912888526917,1.4258848428726196,1.2997057437896729,0.9998206696579218,0.00017933034207811882,True,True,False,False,True,True,True,False,False,True,False,top_parent_attack
6,strict_weight4_seed42,strict_frozen_weight4,42,sealed_final_ood,benign_ood,63951,cert1m:709051,processed/iotsim-ip-camera-street-2.csv,1736880107.272065,9051,benign,iotsim-ip-camera-street-2,0.9971268452469112,0.9935682488021176,0.011102438655913637,0.1443716585636139,1.4999102354049683,1.3555386066436768,0.9998206696579218,0.00017933034207811882,True,True,False,False,True,True,True,False,False,True,False,top_parent_attack
6,strict_weight4_seed42,strict_frozen_weight4,42,sealed_final_ood,benign_ood,71102,cert1m:716202,processed/iotsim-ip-camera-street-2.csv,1736880173.014046,16202,benign,iotsim-ip-camera-street-2,0.9971268452469112,0.9935682488021176,0.011102438655913637,0.1318071484565735,1.4710451364517212,1.339237928390503,0.9998206696579218,0.00017933034207811882,True,True,False,False,True,True,True,False,False,True,False,top_parent_attack
6,strict_weight4_seed42,strict_frozen_weight4,42,sealed_final_ood,benign_ood,34027,cert1m:319077,processed/iotsim-ip-camera-museum-2.csv,1736880230.352895,34077,benign,iotsim-ip-camera-museum-2,0.9971268452469112,0.9935682488021176,0.011102438655913637,0.1349002569913864,1.5503921508789062,1.4154919385910034,0.9998206696579218,0.00017933034207811882,True,True,False,False,True,True,True,False,False,True,False,top_parent_attack
6,strict_weight4_seed42,strict_frozen_weight4,42,sealed_final_ood,benign_ood,69244,cert1m:714344,processed/iotsim-ip-camera-street-2.csv,1736880157.871888,14344,benign,iotsim-ip-camera-street-2,0.9971268452469112,0.9935682488021176,0.011102438655913637,0.12787947058677673,1.4129767417907715,1.2850972414016724,0.9998206696579218,0.00017933034207811882,True,True,False,False,True,True,True,False,False,True,False,top_parent_attack
6,strict_weight4_seed42,strict_frozen_weight4,42,sealed_final_ood,benign_ood,46194,cert1m:331244,processed/iotsim-ip-camera-museum-2.csv,1736880305.596092,46244,benign,iotsim-ip-camera-museum-2,0.9971268452469112,0.9935682488021176,0.011102438655913637,0.15031445026397705,1.6801029443740845,1.5297884941101074,0.9998206696579218,0.00017933034207811882,True,True,False,False,True,True,True,False,False,True,False,top_parent_attack
6,strict_weight4_seed42,strict_frozen_weight4,42,sealed_final_ood,benign_ood,74109,cert1m:719209,processed/iotsim-ip-camera-street-2.csv,1736880203.339133,19209,benign,iotsim-ip-camera-street-2,0.9971268452469112,0.9935682488021176,0.011102438655913637,0.13718880712985992,1.5383260250091553,1.4011372327804565,0.9998206696579218,0.00017933034207811882,True,True,False,False,True,True,True,False,False,True,False,top_parent_attack
6,strict_weight4_seed42,strict_frozen_weight4,42,sealed_final_ood,benign_ood,23417,cert1m:308467,processed/iotsim-ip-camera-museum-2.csv,1736880165.228663,23467,benign,iotsim-ip-camera-museum-2,0.9971268452469112,0.9935682488021176,0.011102438655913637,0.14098526537418365,1.7148715257644653,1.5738862752914429,0.9998206696579218,0.00017933034207811882,True,True,False,False,True,True,True,False,False,True,False,top_parent_attack
6,strict_weight4_seed42,strict_frozen_weight4,42,sealed_final_ood,benign_ood,16141,cert1m:301191,processed/iotsim-ip-camera-museum-2.csv,1736880120.112219,16191,benign,iotsim-ip-camera-museum-2,0.9971268452469112,0.9935682488021176,0.011102438655913637,0.1276189535856247,1.435988187789917,1.3083692789077759,0.9998206696579218,0.00017933034207811882,True,True,False,False,True,True,True,False,False,True,False,top_parent_attack
6,strict_weight4_seed42,strict_frozen_weight4,42,sealed_final_ood,benign_ood,53525,cert1m:338575,processed/iotsim-ip-camera-museum-2.csv,1736880350.670541,53575,benign,iotsim-ip-camera-museum-2,0.9971268452469112,0.9935682488021176,0.011102438655913637,0.13250434398651123,1.5563422441482544,1.4238379001617432,0.9998206696579218,0.00017933034207811882,True,True,False,False,True,True,True,False,False,True,False,top_parent_attack
6,strict_weight4_seed42,strict_frozen_weight4,42,sealed_final_ood,benign_ood,154892,cert1m:799992,processed/iotsim-ip-camera-street-2.csv,1736880988.542986,99992,benign,iotsim-ip-camera-street-2,0.9961096050362873,0.9925510085914937,0.011102438655913637,0.12728963792324066,1.2176074981689453,1.0903178453445435,0.9998206696579218,0.00017933034207811882,True,True,False,False,True,True,True,False,False,True,False,lowest_temporal_ood_risk
6,strict_weight4_seed42,strict_frozen_weight4,42,sealed_final_ood,benign_ood,154891,cert1m:799991,processed/iotsim-ip-camera-street-2.csv,1736880988.542977,99991,benign,iotsim-ip-camera-street-2,0.9961096050362873,0.9925510085914937,0.011102438655913637,0.12739889323711395,1.2235147953033447,1.0961159467697144,0.9998206696579218,0.00017933034207811882,True,True,False,False,True,True,True,False,False,True,False,lowest_temporal_ood_risk
6,strict_weight4_seed42,strict_frozen_weight4,42,sealed_final_ood,benign_ood,154890,cert1m:799990,processed/iotsim-ip-camera-street-2.csv,1736880988.542968,99990,benign,iotsim-ip-camera-street-2,0.9961096050362873,0.9925510085914937,0.011102438655913637,0.1275247186422348,1.2297865152359009,1.1022617816925049,0.9998206696579218,0.00017933034207811882,True,True,False,False,True,True,True,False,False,True,False,lowest_temporal_ood_risk
6,strict_weight4_seed42,strict_frozen_weight4,42,sealed_final_ood,benign_ood,154889,cert1m:799989,processed/iotsim-ip-camera-street-2.csv,1736880988.542954,99989,benign,iotsim-ip-camera-street-2,0.9961096050362873,0.9925510085914937,0.011102438655913637,0.1276690661907196,1.2364548444747925,1.1087857484817505,0.9998206696579218,0.00017933034207811882,True,True,False,False,True,True,True,False,False,True,False,lowest_temporal_ood_risk
6,strict_weight4_seed42,strict_frozen_weight4,42,sealed_final_ood,benign_ood,154888,cert1m:799988,processed/iotsim-ip-camera-street-2.csv,1736880988.542945,99988,benign,iotsim-ip-camera-street-2,0.9961096050362873,0.9925510085914937,0.011102438655913637,0.1278342604637146,1.2435550689697266,1.1157207489013672,0.9998206696579218,0.00017933034207811882,True,True,False,False,True,True,True,False,False,True,False,lowest_temporal_ood_risk
6,strict_weight4_seed42,strict_frozen_weight4,42,sealed_final_ood,benign_ood,154887,cert1m:799987,processed/iotsim-ip-camera-street-2.csv,1736880988.542935,99987,benign,iotsim-ip-camera-street-2,0.9961096050362873,0.9925510085914937,0.011102438655913637,0.1280229091644287,1.251127004623413,1.1231040954589844,0.9998206696579218,0.00017933034207811882,True,True,False,False,True,True,True,False,False,True,False,lowest_temporal_ood_risk
6,strict_weight4_seed42,strict_frozen_weight4,42,sealed_final_ood,benign_ood,154886,cert1m:799986,processed/iotsim-ip-camera-street-2.csv,1736880988.542921,99986,benign,iotsim-ip-camera-street-2,0.9961096050362873,0.9925510085914937,0.011102438655913637,0.1282380223274231,1.259215235710144,1.1309771537780762,0.9998206696579218,0.00017933034207811882,True,True,False,False,True,True,True,False,False,True,False,lowest_temporal_ood_risk
6,strict_weight4_seed42,strict_frozen_weight4,42,sealed_final_ood,benign_ood,154885,cert1m:799985,processed/iotsim-ip-camera-street-2.csv,1736880988.542912,99985,benign,iotsim-ip-camera-street-2,0.9961096050362873,0.9925510085914937,0.011102438655913637,0.12848304212093353,1.2678697109222412,1.1393866539001465,0.9998206696579218,0.00017933034207811882,True,True,False,False,True,True,True,False,False,True,False,lowest_temporal_ood_risk
6,strict_weight4_seed42,strict_frozen_weight4,42,sealed_final_ood,benign_ood,154884,cert1m:799984,processed/iotsim-ip-camera-street-2.csv,1736880988.542898,99984,benign,iotsim-ip-camera-street-2,0.9961096050362873,0.9925510085914937,0.011102438655913637,0.12876194715499878,1.277146816253662,1.1483848094940186,0.9998206696579218,0.00017933034207811882,True,True,False,False,True,True,True,False,False,True,False,lowest_temporal_ood_risk
6,strict_weight4_seed42,strict_frozen_weight4,42,sealed_final_ood,benign_ood,154883,cert1m:799983,processed/iotsim-ip-camera-street-2.csv,1736880988.542889,99983,benign,iotsim-ip-camera-street-2,0.9961096050362873,0.9925510085914937,0.011102438655913637,0.12907937169075012,1.2871097326278687,1.158030390739441,0.9998206696579218,0.00017933034207811882,True,True,False,False,True,True,True,False,False,True,False,lowest_temporal_ood_risk
6,strict_weight4_seed42,strict_frozen_weight4,42,sealed_final_ood,benign_ood,154882,cert1m:799982,processed/iotsim-ip-camera-street-2.csv,1736880988.54288,99982,benign,iotsim-ip-camera-street-2,0.9961096050362873,0.9925510085914937,0.011102438655913637,0.12944063544273376,1.2978307008743286,1.1683900356292725,0.9998206696579218,0.00017933034207811882,True,True,False,False,True,True,True,False,False,True,False,lowest_temporal_ood_risk
6,strict_weight4_seed42,strict_frozen_weight4,42,sealed_final_ood,benign_ood,154881,cert1m:799981,processed/iotsim-ip-camera-street-2.csv,1736880988.542867,99981,benign,iotsim-ip-camera-street-2,0.9961096050362873,0.9925510085914937,0.011102438655913637,0.12985199689865112,1.3093912601470947,1.1795392036437988,0.9998206696579218,0.00017933034207811882,True,True,False,False,True,True,True,False,False,True,False,lowest_temporal_ood_risk
6,strict_weight4_seed42,strict_frozen_weight4,42,sealed_final_ood,benign_ood,154880,cert1m:799980,processed/iotsim-ip-camera-street-2.csv,1736880988.542853,99980,benign,iotsim-ip-camera-street-2,0.9961096050362873,0.9925510085914937,0.011102438655913637,0.13032075762748718,1.321884274482727,1.1915634870529175,0.9998206696579218,0.00017933034207811882,True,True,False,False,True,True,True,False,False,True,False,lowest_temporal_ood_risk
6,strict_weight4_seed42,strict_frozen_weight4,42,sealed_final_ood,benign_ood,154879,cert1m:799979,processed/iotsim-ip-camera-street-2.csv,1736880988.542844,99979,benign,iotsim-ip-camera-street-2,0.9961096050362873,0.9925510085914937,0.011102438655913637,0.1308554708957672,1.3354157209396362,1.2045602798461914,0.9998206696579218,0.00017933034207811882,True,True,False,False,True,True,True,False,False,True,False,lowest_temporal_ood_risk
6,strict_weight4_seed42,strict_frozen_weight4,42,sealed_final_ood,benign_ood,154878,cert1m:799978,processed/iotsim-ip-camera-street-2.csv,1736880988.542829,99978,benign,iotsim-ip-camera-street-2,0.9961096050362873,0.9925510085914937,0.011102438655913637,0.1314663141965866,1.3501067161560059,1.2186404466629028,0.9998206696579218,0.00017933034207811882,True,True,False,False,True,True,True,False,False,True,False,lowest_temporal_ood_risk
6,strict_weight4_seed42,strict_frozen_weight4,42,sealed_final_ood,benign_ood,154877,cert1m:799977,processed/iotsim-ip-camera-street-2.csv,1736880988.542819,99977,benign,iotsim-ip-camera-street-2,0.9961096050362873,0.9925510085914937,0.011102438655913637,0.13216522336006165,1.3660962581634521,1.233931064605713,0.9998206696579218,0.00017933034207811882,True,True,False,False,True,True,True,False,False,True,False,lowest_temporal_ood_risk
6,strict_weight4_seed42,strict_frozen_weight4,42,sealed_final_ood,benign_ood,15,cert1m:285065,processed/iotsim-ip-camera-museum-2.csv,1736880021.068602,65,benign,iotsim-ip-camera-museum-2,0.995709340826264,0.9921507443814704,0.011102438655913637,0.11648647487163544,0.19598829746246338,0.07950182259082794,0.9998206696579218,0.00017933034207811882,True,True,False,False,True,True,True,False,False,True,False,lowest_temporal_ood_risk
6,strict_weight4_seed42,strict_frozen_weight4,42,sealed_final_ood,benign_ood,14,cert1m:285064,processed/iotsim-ip-camera-museum-2.csv,1736880021.068595,64,benign,iotsim-ip-camera-museum-2,0.995709340826264,0.9921507443814704,0.011102438655913637,0.1148853674530983,0.19654832780361176,0.08166296035051346,0.9998206696579218,0.00017933034207811882,True,True,False,False,True,True,True,False,False,True,False,lowest_temporal_ood_risk
6,strict_weight4_seed42,strict_frozen_weight4,42,sealed_final_ood,benign_ood,13,cert1m:285063,processed/iotsim-ip-camera-museum-2.csv,1736880021.068587,63,benign,iotsim-ip-camera-museum-2,0.995709340826264,0.9921507443814704,0.011102438655913637,0.11543047428131104,0.19710856676101685,0.08167809247970581,0.9998206696579218,0.00017933034207811882,True,True,False,False,True,True,True,False,False,True,False,lowest_temporal_ood_risk
6,strict_weight4_seed42,strict_frozen_weight4,42,sealed_final_ood,benign_ood,12,cert1m:285062,processed/iotsim-ip-camera-museum-2.csv,1736880021.068575,62,benign,iotsim-ip-camera-museum-2,0.995709340826264,0.9921507443814704,0.011102438655913637,0.11601398885250092,0.19766885042190552,0.0816548615694046,0.9998206696579218,0.00017933034207811882,True,True,False,False,True,True,True,False,False,True,False,lowest_temporal_ood_risk
6,strict_weight4_seed42,strict_frozen_weight4,42,sealed_final_ood,benign_ood,11,cert1m:285061,processed/iotsim-ip-camera-museum-2.csv,1736880021.068564,61,benign,iotsim-ip-camera-museum-2,0.995709340826264,0.9921507443814704,0.011102438655913637,0.11663872748613358,0.1982293426990509,0.08159061521291733,0.9998206696579218,0.00017933034207811882,True,True,False,False,True,True,True,False,False,True,False,lowest_temporal_ood_risk
6,strict_weight4_seed42,strict_frozen_weight4,42,sealed_final_ood,benign_ood,10,cert1m:285060,processed/iotsim-ip-camera-museum-2.csv,1736880021.068469,60,benign,iotsim-ip-camera-museum-2,0.995709340826264,0.9921507443814704,0.011102438655913637,0.1173076182603836,0.19878795742988586,0.08148033916950226,0.9998206696579218,0.00017933034207811882,True,True,False,False,True,True,True,False,False,True,False,lowest_temporal_ood_risk
6,strict_weight4_seed42,strict_frozen_weight4,42,sealed_final_ood,benign_ood,9,cert1m:285059,processed/iotsim-ip-camera-museum-2.csv,1736880021.06846,59,benign,iotsim-ip-camera-museum-2,0.995709340826264,0.9921507443814704,0.011102438655913637,0.11802423745393753,0.19934885203838348,0.08132461458444595,0.9998206696579218,0.00017933034207811882,True,True,False,False,True,True,True,False,False,True,False,lowest_temporal_ood_risk
6,strict_weight4_seed42,strict_frozen_weight4,42,sealed_final_ood,benign_ood,8,cert1m:285058,processed/iotsim-ip-camera-museum-2.csv,1736880021.068452,58,benign,iotsim-ip-camera-museum-2,0.995709340826264,0.9921507443814704,0.011102438655913637,0.1187921017408371,0.199909970164299,0.08111786842346191,0.9998206696579218,0.00017933034207811882,True,True,False,False,True,True,True,False,False,True,False,lowest_temporal_ood_risk
6,strict_weight4_seed42,strict_frozen_weight4,42,sealed_final_ood,benign_ood,7,cert1m:285057,processed/iotsim-ip-camera-museum-2.csv,1736880021.068441,57,benign,iotsim-ip-camera-museum-2,0.995709340826264,0.9921507443814704,0.011102438655913637,0.11961519718170166,0.2004711925983429,0.08085599541664124,0.9998206696579218,0.00017933034207811882,True,True,False,False,True,True,True,False,False,True,False,lowest_temporal_ood_risk
6,strict_weight4_seed42,strict_frozen_weight4,42,sealed_final_ood,benign_ood,6,cert1m:285056,processed/iotsim-ip-camera-museum-2.csv,1736880021.068433,56,benign,iotsim-ip-camera-museum-2,0.995709340826264,0.9921507443814704,0.011102438655913637,0.12049784511327744,0.20103266835212708,0.08053482323884964,0.9998206696579218,0.00017933034207811882,True,True,False,False,True,True,True,False,False,True,False,lowest_temporal_ood_risk
6,strict_weight4_seed42,strict_frozen_weight4,42,sealed_final_ood,benign_ood,5,cert1m:285055,processed/iotsim-ip-camera-museum-2.csv,1736880021.068424,55,benign,iotsim-ip-camera-museum-2,0.995709340826264,0.9921507443814704,0.011102438655913637,0.12144481390714645,0.201594278216362,0.08014946430921555,0.9998206696579218,0.00017933034207811882,True,True,False,False,True,True,True,False,False,True,False,lowest_temporal_ood_risk
6,strict_weight4_seed42,strict_frozen_weight4,42,sealed_final_ood,benign_ood,4,cert1m:285054,processed/iotsim-ip-camera-museum-2.csv,1736880021.068413,54,benign,iotsim-ip-camera-museum-2,0.995709340826264,0.9921507443814704,0.011102438655913637,0.12246132642030716,0.20215603709220886,0.0796947106719017,0.9998206696579218,0.00017933034207811882,True,True,False,False,True,True,True,False,False,True,False,lowest_temporal_ood_risk
6,strict_weight4_seed42,strict_frozen_weight4,42,sealed_final_ood,benign_ood,3,cert1m:285053,processed/iotsim-ip-camera-museum-2.csv,1736880021.068402,53,benign,iotsim-ip-camera-museum-2,0.995709340826264,0.9921507443814704,0.011102438655913637,0.12355313450098038,0.20271794497966766,0.07916481047868729,0.9998206696579218,0.00017933034207811882,True,True,False,False,True,True,True,False,False,True,False,lowest_temporal_ood_risk
6,strict_weight4_seed42,strict_frozen_weight4,42,sealed_final_ood,benign_ood,2,cert1m:285052,processed/iotsim-ip-camera-museum-2.csv,1736880021.068391,52,benign,iotsim-ip-camera-museum-2,0.995709340826264,0.9921507443814704,0.011102438655913637,0.12472657114267349,0.20328004658222198,0.07855347543954849,0.9998206696579218,0.00017933034207811882,True,True,False,False,True,True,True,False,False,True,False,lowest_temporal_ood_risk
6,strict_weight4_seed42,strict_frozen_weight4,42,sealed_final_ood,benign_ood,1,cert1m:285051,processed/iotsim-ip-camera-museum-2.csv,1736880021.068383,51,benign,iotsim-ip-camera-museum-2,0.995709340826264,0.9921507443814704,0.011102438655913637,0.1259886473417282,0.20384234189987183,0.07785369455814362,0.9998206696579218,0.00017933034207811882,True,True,False,False,True,True,True,False,False,True,False,lowest_temporal_ood_risk
6,strict_weight4_seed42,strict_frozen_weight4,42,sealed_final_ood,benign_ood,154893,cert1m:799993,processed/iotsim-ip-camera-street-2.csv,1736880988.543001,99993,benign,iotsim-ip-camera-street-2,0.9961096050362873,0.9925510085914937,0.011102438655913637,0.12719514966011047,1.2120357751846313,1.0848406553268433,0.9998206696579218,0.00017933034207811882,True,True,False,False,True,True,True,False,False,True,False,lowest_temporal_ood_risk
6,strict_weight4_seed42,strict_frozen_weight4,42,sealed_final_ood,benign_ood,47,cert1m:285097,processed/iotsim-ip-camera-museum-2.csv,1736880021.31036,97,benign,iotsim-ip-camera-museum-2,0.995709340826264,0.9921507443814704,0.011102438655913637,0.12333826720714569,0.18470264971256256,0.06136438250541687,0.9998206696579218,0.00017933034207811882,True,True,False,False,True,True,True,False,False,True,False,lowest_temporal_ood_risk
6,strict_weight4_seed42,strict_frozen_weight4,42,sealed_final_ood,benign_ood,46,cert1m:285096,processed/iotsim-ip-camera-museum-2.csv,1736880021.310312,96,benign,iotsim-ip-camera-museum-2,0.995709340826264,0.9921507443814704,0.011102438655913637,0.1232670322060585,0.18526151776313782,0.061994485557079315,0.9998206696579218,0.00017933034207811882,True,True,False,False,True,True,True,False,False,True,False,lowest_temporal_ood_risk
6,strict_weight4_seed42,strict_frozen_weight4,42,sealed_final_ood,benign_ood,45,cert1m:285095,processed/iotsim-ip-camera-museum-2.csv,1736880021.270044,95,benign,iotsim-ip-camera-museum-2,0.995709340826264,0.9921507443814704,0.011102438655913637,0.12391651421785355,0.18454115092754364,0.060624636709690094,0.9998206696579218,0.00017933034207811882,True,True,False,False,True,True,True,False,False,True,False,lowest_temporal_ood_risk
6,strict_weight4_seed42,strict_frozen_weight4,42,sealed_final_ood,benign_ood,44,cert1m:285094,processed/iotsim-ip-camera-museum-2.csv,1736880021.270032,94,benign,iotsim-ip-camera-museum-2,0.995709340826264,0.9921507443814704,0.011102438655913637,0.12239991873502731,0.18510036170482635,0.06270044296979904,0.9998206696579218,0.00017933034207811882,True,True,False,False,True,True,True,False,False,True,False,lowest_temporal_ood_risk
6,strict_weight4_seed42,strict_frozen_weight4,42,sealed_final_ood,benign_ood,43,cert1m:285093,processed/iotsim-ip-camera-museum-2.csv,1736880021.269996,93,benign,iotsim-ip-camera-museum-2,0.995709340826264,0.9921507443814704,0.011102438655913637,0.12309207022190094,0.1856589913368225,0.06256692111492157,0.9998206696579218,0.00017933034207811882,True,True,False,False,True,True,True,False,False,True,False,lowest_temporal_ood_risk
6,strict_weight4_seed42,strict_frozen_weight4,42,sealed_final_ood,benign_ood,42,cert1m:285092,processed/iotsim-ip-camera-museum-2.csv,1736880021.229911,92,benign,iotsim-ip-camera-museum-2,0.995709340826264,0.9921507443814704,0.011102438655913637,0.12374396622180939,0.18490055203437805,0.061156585812568665,0.9998206696579218,0.00017933034207811882,True,True,False,False,True,True,True,False,False,True,False,lowest_temporal_ood_risk
6,strict_weight4_seed42,strict_frozen_weight4,42,sealed_final_ood,benign_ood,41,cert1m:285091,processed/iotsim-ip-camera-museum-2.csv,1736880021.229895,91,benign,iotsim-ip-camera-museum-2,0.995709340826264,0.9921507443814704,0.011102438655913637,0.11470942199230194,0.1854589432477951,0.07074952125549316,0.9998206696579218,0.00017933034207811882,True,True,False,False,True,True,True,False,False,True,False,lowest_temporal_ood_risk
6,strict_weight4_seed42,strict_frozen_weight4,42,sealed_final_ood,benign_ood,40,cert1m:285090,processed/iotsim-ip-camera-museum-2.csv,1736880021.229883,90,benign,iotsim-ip-camera-museum-2,0.995709340826264,0.9921507443814704,0.011102438655913637,0.1150875836610794,0.1860176920890808,0.0709301084280014,0.9998206696579218,0.00017933034207811882,True,True,False,False,True,True,True,False,False,True,False,lowest_temporal_ood_risk
6,strict_weight4_seed42,strict_frozen_weight4,42,sealed_final_ood,benign_ood,39,cert1m:285089,processed/iotsim-ip-camera-museum-2.csv,1736880021.229869,89,benign,iotsim-ip-camera-museum-2,0.995709340826264,0.9921507443814704,0.011102438655913637,0.11548628658056259,0.18657657504081726,0.07109028846025467,0.9998206696579218,0.00017933034207811882,True,True,False,False,True,True,True,False,False,True,False,lowest_temporal_ood_risk
6,strict_weight4_seed42,strict_frozen_weight4,42,sealed_final_ood,benign_ood,38,cert1m:285088,processed/iotsim-ip-camera-museum-2.csv,1736880021.229833,88,benign,iotsim-ip-camera-museum-2,0.995709340826264,0.9921507443814704,0.011102438655913637,0.11590669304132462,0.18713495135307312,0.0712282583117485,0.9998206696579218,0.00017933034207811882,True,True,False,False,True,True,True,False,False,True,False,lowest_temporal_ood_risk
6,strict_weight4_seed42,strict_frozen_weight4,42,sealed_final_ood,benign_ood,37,cert1m:285087,processed/iotsim-ip-camera-museum-2.csv,1736880021.229819,87,benign,iotsim-ip-camera-museum-2,0.995709340826264,0.9921507443814704,0.011102438655913637,0.11635024100542068,0.1876942664384842,0.07134402543306351,0.9998206696579218,0.00017933034207811882,True,True,False,False,True,True,True,False,False,True,False,lowest_temporal_ood_risk
6,strict_weight4_seed42,strict_frozen_weight4,42,sealed_final_ood,benign_ood,36,cert1m:285086,processed/iotsim-ip-camera-museum-2.csv,1736880021.229802,86,benign,iotsim-ip-camera-museum-2,0.995709340826264,0.9921507443814704,0.011102438655913637,0.11681830883026123,0.18825364112854004,0.07143533229827881,0.9998206696579218,0.00017933034207811882,True,True,False,False,True,True,True,False,False,True,False,lowest_temporal_ood_risk
6,strict_weight4_seed42,strict_frozen_weight4,42,sealed_final_ood,benign_ood,35,cert1m:285085,processed/iotsim-ip-camera-museum-2.csv,1736880021.229791,85,benign,iotsim-ip-camera-museum-2,0.995709340826264,0.9921507443814704,0.011102438655913637,0.1173124611377716,0.18881343305110931,0.07150097191333771,0.9998206696579218,0.00017933034207811882,True,True,False,False,True,True,True,False,False,True,False,lowest_temporal_ood_risk
6,strict_weight4_seed42,strict_frozen_weight4,42,sealed_final_ood,benign_ood,34,cert1m:285084,processed/iotsim-ip-camera-museum-2.csv,1736880021.229777,84,benign,iotsim-ip-camera-museum-2,0.995709340826264,0.9921507443814704,0.011102438655913637,0.11783432960510254,0.18937331438064575,0.07153898477554321,0.9998206696579218,0.00017933034207811882,True,True,False,False,True,True,True,False,False,True,False,lowest_temporal_ood_risk
6,strict_weight4_seed42,strict_frozen_weight4,42,sealed_final_ood,benign_ood,33,cert1m:285083,processed/iotsim-ip-camera-museum-2.csv,1736880021.22976,83,benign,iotsim-ip-camera-museum-2,0.995709340826264,0.9921507443814704,0.011102438655913637,0.11838574707508087,0.18993331491947174,0.07154756784439087,0.9998206696579218,0.00017933034207811882,True,True,False,False,True,True,True,False,False,True,False,lowest_temporal_ood_risk
6,strict_weight4_seed42,strict_frozen_weight4,42,sealed_final_ood,benign_ood,32,cert1m:285082,processed/iotsim-ip-camera-museum-2.csv,1736880021.229748,82,benign,iotsim-ip-camera-museum-2,0.995709340826264,0.9921507443814704,0.011102438655913637,0.1189686730504036,0.190493643283844,0.0715249702334404,0.9998206696579218,0.00017933034207811882,True,True,False,False,True,True,True,False,False,True,False,lowest_temporal_ood_risk
6,strict_weight4_seed42,strict_frozen_weight4,42,sealed_final_ood,benign_ood,63,cert1m:285113,processed/iotsim-ip-camera-museum-2.csv,1736880021.391114,113,benign,iotsim-ip-camera-museum-2,0.9961096050362873,0.9925510085914937,0.011102438655913637,0.11728876829147339,0.17812098562717438,0.06083221733570099,0.9998206696579218,0.00017933034207811882,True,True,False,False,True,True,True,False,False,True,False,lowest_temporal_ood_risk
6,strict_weight4_seed42,strict_frozen_weight4,42,sealed_final_ood,benign_ood,62,cert1m:285112,processed/iotsim-ip-camera-museum-2.csv,1736880021.391098,112,benign,iotsim-ip-camera-museum-2,0.9961096050362873,0.9925510085914937,0.011102438655913637,0.11768700927495956,0.1786797195672989,0.060992710292339325,0.9998206696579218,0.00017933034207811882,True,True,False,False,True,True,True,False,False,True,False,lowest_temporal_ood_risk
6,strict_weight4_seed42,strict_frozen_weight4,42,sealed_final_ood,benign_ood,61,cert1m:285111,processed/iotsim-ip-camera-museum-2.csv,1736880021.391086,111,benign,iotsim-ip-camera-museum-2,0.9961096050362873,0.9925510085914937,0.011102438655913637,0.11810407042503357,0.17923882603645325,0.06113475561141968,0.9998206696579218,0.00017933034207811882,True,True,False,False,True,True,True,False,False,True,False,lowest_temporal_ood_risk
6,strict_weight4_seed42,strict_frozen_weight4,42,sealed_final_ood,benign_ood,60,cert1m:285110,processed/iotsim-ip-camera-museum-2.csv,1736880021.391072,110,benign,iotsim-ip-camera-museum-2,0.9961096050362873,0.9925510085914937,0.011102438655913637,0.11854113638401031,0.17979806661605835,0.061256930232048035,0.9998206696579218,0.00017933034207811882,True,True,False,False,True,True,True,False,False,True,False,lowest_temporal_ood_risk
6,strict_weight4_seed42,strict_frozen_weight4,42,sealed_final_ood,benign_ood,59,cert1m:285109,processed/iotsim-ip-camera-museum-2.csv,1736880021.391056,109,benign,iotsim-ip-camera-museum-2,0.9961096050362873,0.9925510085914937,0.011102438655913637,0.11899936199188232,0.1803574413061142,0.06135807931423187,0.9998206696579218,0.00017933034207811882,True,True,False,False,True,True,True,False,False,True,False,lowest_temporal_ood_risk
6,strict_weight4_seed42,strict_frozen_weight4,42,sealed_final_ood,benign_ood,58,cert1m:285108,processed/iotsim-ip-camera-museum-2.csv,1736880021.391044,108,benign,iotsim-ip-camera-museum-2,0.9961096050362873,0.9925510085914937,0.011102438655913637,0.11948012560606003,0.1809171587228775,0.061437033116817474,0.9998206696579218,0.00017933034207811882,True,True,False,False,True,True,True,False,False,True,False,lowest_temporal_ood_risk
6,strict_weight4_seed42,strict_frozen_weight4,42,sealed_final_ood,benign_ood,57,cert1m:285107,processed/iotsim-ip-camera-museum-2.csv,1736880021.391033,107,benign,iotsim-ip-camera-museum-2,0.9961096050362873,0.9925510085914937,0.011102438655913637,0.11998482793569565,0.1814771145582199,0.06149228662252426,0.9998206696579218,0.00017933034207811882,True,True,False,False,True,True,True,False,False,True,False,lowest_temporal_ood_risk
6,strict_weight4_seed42,strict_frozen_weight4,42,sealed_final_ood,benign_ood,56,cert1m:285106,processed/iotsim-ip-camera-museum-2.csv,1736880021.391017,106,benign,iotsim-ip-camera-museum-2,0.9961096050362873,0.9925510085914937,0.011102438655913637,0.12051502615213394,0.1820371150970459,0.06152208894491196,0.9998206696579218,0.00017933034207811882,True,True,False,False,True,True,True,False,False,True,False,lowest_temporal_ood_risk
6,strict_weight4_seed42,strict_frozen_weight4,42,sealed_final_ood,benign_ood,55,cert1m:285105,processed/iotsim-ip-camera-museum-2.csv,1736880021.391006,105,benign,iotsim-ip-camera-museum-2,0.9961096050362873,0.9925510085914937,0.011102438655913637,0.12107241153717041,0.18259748816490173,0.06152507662773132,0.9998206696579218,0.00017933034207811882,True,True,False,False,True,True,True,False,False,True,False,lowest_temporal_ood_risk
6,strict_weight4_seed42,strict_frozen_weight4,42,sealed_final_ood,benign_ood,54,cert1m:285104,processed/iotsim-ip-camera-museum-2.csv,1736880021.39099,104,benign,iotsim-ip-camera-museum-2,0.9961096050362873,0.9925510085914937,0.011102438655913637,0.12165884673595428,0.18315787613391876,0.06149902939796448,0.9998206696579218,0.00017933034207811882,True,True,False,False,True,True,True,False,False,True,False,lowest_temporal_ood_risk
6,strict_weight4_seed42,strict_frozen_weight4,42,sealed_final_ood,benign_ood,53,cert1m:285103,processed/iotsim-ip-camera-museum-2.csv,1736880021.390976,103,benign,iotsim-ip-camera-museum-2,0.9961096050362873,0.9925510085914937,0.011102438655913637,0.12227634340524673,0.18371854722499847,0.06144220381975174,0.9998206696579218,0.00017933034207811882,True,True,False,False,True,True,True,False,False,True,False,lowest_temporal_ood_risk
6,strict_weight4_seed42,strict_frozen_weight4,42,sealed_final_ood,benign_ood,52,cert1m:285102,processed/iotsim-ip-camera-museum-2.csv,1736880021.390964,102,benign,iotsim-ip-camera-museum-2,0.9961096050362873,0.9925510085914937,0.011102438655913637,0.12292712926864624,0.18427947163581848,0.06135234236717224,0.9998206696579218,0.00017933034207811882,True,True,False,False,True,True,True,False,False,True,False,lowest_temporal_ood_risk
6,strict_weight4_seed42,strict_frozen_weight4,42,sealed_final_ood,benign_ood,51,cert1m:285101,processed/iotsim-ip-camera-museum-2.csv,1736880021.390939,101,benign,iotsim-ip-camera-museum-2,0.9961096050362873,0.9925510085914937,0.011102438655913637,0.1236136257648468,0.18484020233154297,0.06122657656669617,0.9998206696579218,0.00017933034207811882,True,True,False,False,True,True,True,False,False,True,False,lowest_temporal_ood_risk
6,strict_weight4_seed42,strict_frozen_weight4,42,sealed_final_ood,benign_ood,50,cert1m:285100,processed/iotsim-ip-camera-museum-2.csv,1736880021.390909,100,benign,iotsim-ip-camera-museum-2,0.9961096050362873,0.9925510085914937,0.011102438655913637,0.12433847784996033,0.18540100753307343,0.0610625296831131,0.9998206696579218,0.00017933034207811882,True,True,False,False,True,True,True,False,False,True,False,lowest_temporal_ood_risk
6,strict_weight4_seed42,strict_frozen_weight4,42,sealed_final_ood,benign_ood,49,cert1m:285099,processed/iotsim-ip-camera-museum-2.csv,1736880021.350632,99,benign,iotsim-ip-camera-museum-2,0.9961096050362873,0.9925510085914937,0.011102438655913637,0.12504099309444427,0.18479947745800018,0.05975848436355591,0.9998206696579218,0.00017933034207811882,True,True,False,False,True,True,True,False,False,True,False,lowest_temporal_ood_risk
6,strict_weight4_seed42,strict_frozen_weight4,42,sealed_final_ood,benign_ood,48,cert1m:285098,processed/iotsim-ip-camera-museum-2.csv,1736880021.350603,98,benign,iotsim-ip-camera-museum-2,0.995709340826264,0.9921507443814704,0.011102438655913637,0.12270718067884445,0.1853596419095993,0.06265246123075485,0.9998206696579218,0.00017933034207811882,True,True,False,False,True,True,True,False,False,True,False,lowest_temporal_ood_risk
6,strict_weight4_seed42,strict_frozen_weight4,42,sealed_final_ood,benign_ood,79,cert1m:285129,processed/iotsim-ip-camera-museum-2.csv,1736880021.552336,129,benign,iotsim-ip-camera-museum-2,0.9961096050362873,0.9925510085914937,0.011102438655913637,0.12494204938411713,0.17471586167812347,0.04977381229400635,0.9998206696579218,0.00017933034207811882,True,True,False,False,True,True,True,False,False,True,False,lowest_temporal_ood_risk
6,strict_weight4_seed42,strict_frozen_weight4,42,sealed_final_ood,benign_ood,78,cert1m:285128,processed/iotsim-ip-camera-museum-2.csv,1736880021.552318,128,benign,iotsim-ip-camera-museum-2,0.9961096050362873,0.9925510085914937,0.011102438655913637,0.12559768557548523,0.1752760112285614,0.04967832565307617,0.9998206696579218,0.00017933034207811882,True,True,False,False,True,True,True,False,False,True,False,lowest_temporal_ood_risk
6,strict_weight4_seed42,strict_frozen_weight4,42,sealed_final_ood,benign_ood,77,cert1m:285127,processed/iotsim-ip-camera-museum-2.csv,1736880021.552282,127,benign,iotsim-ip-camera-museum-2,0.9961096050362873,0.9925510085914937,0.011102438655913637,0.1262863129377365,0.17583580315113068,0.049549490213394165,0.9998206696579218,0.00017933034207811882,True,True,False,False,True,True,True,False,False,True,False,lowest_temporal_ood_risk
6,strict_weight4_seed42,strict_frozen_weight4,42,sealed_final_ood,benign_ood,76,cert1m:285126,processed/iotsim-ip-camera-museum-2.csv,1736880021.552267,126,benign,iotsim-ip-camera-museum-2,0.9961096050362873,0.9925510085914937,0.011102438655913637,0.12701034545898438,0.1763964742422104,0.04938612878322601,0.9998206696579218,0.00017933034207811882,True,True,False,False,True,True,True,False,False,True,False,lowest_temporal_ood_risk
6,strict_weight4_seed42,strict_frozen_weight4,42,sealed_final_ood,benign_ood,75,cert1m:285125,processed/iotsim-ip-camera-museum-2.csv,1736880021.55223,125,benign,iotsim-ip-camera-museum-2,0.9961096050362873,0.9925510085914937,0.011102438655913637,0.12777237594127655,0.1769566386938095,0.04918426275253296,0.9998206696579218,0.00017933034207811882,True,True,False,False,True,True,True,False,False,True,False,lowest_temporal_ood_risk
6,strict_weight4_seed42,strict_frozen_weight4,42,sealed_final_ood,benign_ood,74,cert1m:285124,processed/iotsim-ip-camera-museum-2.csv,1736880021.511942,124,benign,iotsim-ip-camera-museum-2,0.9961096050362873,0.9925510085914937,0.011102438655913637,0.1285094916820526,0.17622032761573792,0.0477108359336853,0.9998206696579218,0.00017933034207811882,True,True,False,False,True,True,True,False,False,True,False,lowest_temporal_ood_risk
6,strict_weight4_seed42,strict_frozen_weight4,42,sealed_final_ood,benign_ood,73,cert1m:285123,processed/iotsim-ip-camera-museum-2.csv,1736880021.511903,123,benign,iotsim-ip-camera-museum-2,0.9961096050362873,0.9925510085914937,0.011102438655913637,0.1251549869775772,0.17677974700927734,0.051624760031700134,0.9998206696579218,0.00017933034207811882,True,True,False,False,True,True,True,False,False,True,False,lowest_temporal_ood_risk
6,strict_weight4_seed42,strict_frozen_weight4,42,sealed_final_ood,benign_ood,72,cert1m:285122,processed/iotsim-ip-camera-museum-2.csv,1736880021.471634,122,benign,iotsim-ip-camera-museum-2,0.9961096050362873,0.9925510085914937,0.011102438655913637,0.1257811188697815,0.1759788691997528,0.050197750329971313,0.9998206696579218,0.00017933034207811882,True,True,False,False,True,True,True,False,False,True,False,lowest_temporal_ood_risk
6,strict_weight4_seed42,strict_frozen_weight4,42,sealed_final_ood,benign_ood,71,cert1m:285121,processed/iotsim-ip-camera-museum-2.csv,1736880021.471595,121,benign,iotsim-ip-camera-museum-2,0.9961096050362873,0.9925510085914937,0.011102438655913637,0.12263035774230957,0.17653751373291016,0.053907155990600586,0.9998206696579218,0.00017933034207811882,True,True,False,False,True,True,True,False,False,True,False,lowest_temporal_ood_risk
6,strict_weight4_seed42,strict_frozen_weight4,42,sealed_final_ood,benign_ood,70,cert1m:285120,processed/iotsim-ip-camera-museum-2.csv,1736880021.431386,120,benign,iotsim-ip-camera-museum-2,0.9961096050362873,0.9925510085914937,0.011102438655913637,0.12315389513969421,0.1756669580936432,0.052513062953948975,0.9998206696579218,0.00017933034207811882,True,True,False,False,True,True,True,False,False,True,False,lowest_temporal_ood_risk
6,strict_weight4_seed42,strict_frozen_weight4,42,sealed_final_ood,benign_ood,69,cert1m:285119,processed/iotsim-ip-camera-museum-2.csv,1736880021.431372,119,benign,iotsim-ip-camera-museum-2,0.9961096050362873,0.9925510085914937,0.011102438655913637,0.11613206565380096,0.17622558772563934,0.06009352207183838,0.9998206696579218,0.00017933034207811882,True,True,False,False,True,True,True,False,False,True,False,lowest_temporal_ood_risk
6,strict_weight4_seed42,strict_frozen_weight4,42,sealed_final_ood,benign_ood,68,cert1m:285118,processed/iotsim-ip-camera-museum-2.csv,1736880021.431356,118,benign,iotsim-ip-camera-museum-2,0.9961096050362873,0.9925510085914937,0.011102438655913637,0.11646737158298492,0.17678438127040863,0.060317009687423706,0.9998206696579218,0.00017933034207811882,True,True,False,False,True,True,True,False,False,True,False,lowest_temporal_ood_risk
6,strict_weight4_seed42,strict_frozen_weight4,42,sealed_final_ood,benign_ood,67,cert1m:285117,processed/iotsim-ip-camera-museum-2.csv,1736880021.431305,117,benign,iotsim-ip-camera-museum-2,0.9961096050362873,0.9925510085914937,0.011102438655913637,0.11681879311800003,0.17734216153621674,0.060523368418216705,0.9998206696579218,0.00017933034207811882,True,True,False,False,True,True,True,False,False,True,False,lowest_temporal_ood_risk
6,strict_weight4_seed42,strict_frozen_weight4,42,sealed_final_ood,benign_ood,66,cert1m:285116,processed/iotsim-ip-camera-museum-2.csv,1736880021.391158,116,benign,iotsim-ip-camera-museum-2,0.9961096050362873,0.9925510085914937,0.011102438655913637,0.11710526794195175,0.17644591629505157,0.05934064835309982,0.9998206696579218,0.00017933034207811882,True,True,False,False,True,True,True,False,False,True,False,lowest_temporal_ood_risk
6,strict_weight4_seed42,strict_frozen_weight4,42,sealed_final_ood,benign_ood,65,cert1m:285115,processed/iotsim-ip-camera-museum-2.csv,1736880021.391144,115,benign,iotsim-ip-camera-museum-2,0.9961096050362873,0.9925510085914937,0.011102438655913637,0.11654476076364517,0.17700406908988953,0.060459308326244354,0.9998206696579218,0.00017933034207811882,True,True,False,False,True,True,True,False,False,True,False,lowest_temporal_ood_risk
6,strict_weight4_seed42,strict_frozen_weight4,42,sealed_final_ood,benign_ood,64,cert1m:285114,processed/iotsim-ip-camera-museum-2.csv,1736880021.391128,114,benign,iotsim-ip-camera-museum-2,0.9961096050362873,0.9925510085914937,0.011102438655913637,0.11690835654735565,0.1775623857975006,0.06065402925014496,0.9998206696579218,0.00017933034207811882,True,True,False,False,True,True,True,False,False,True,False,lowest_temporal_ood_risk
6,strict_weight4_seed42,strict_frozen_weight4,42,sealed_final_ood,benign_ood,41,cert1m:285091,processed/iotsim-ip-camera-museum-2.csv,1736880021.229895,91,benign,iotsim-ip-camera-museum-2,0.995709340826264,0.9921507443814704,0.011102438655913637,0.11470942199230194,0.1854589432477951,0.07074952125549316,0.9998206696579218,0.00017933034207811882,True,True,False,False,True,True,True,False,False,True,False,nearest_attack_region
6,strict_weight4_seed42,strict_frozen_weight4,42,sealed_final_ood,benign_ood,14,cert1m:285064,processed/iotsim-ip-camera-museum-2.csv,1736880021.068595,64,benign,iotsim-ip-camera-museum-2,0.995709340826264,0.9921507443814704,0.011102438655913637,0.1148853674530983,0.19654832780361176,0.08166296035051346,0.9998206696579218,0.00017933034207811882,True,True,False,False,True,True,True,False,False,True,False,nearest_attack_region
6,strict_weight4_seed42,strict_frozen_weight4,42,sealed_final_ood,benign_ood,40,cert1m:285090,processed/iotsim-ip-camera-museum-2.csv,1736880021.229883,90,benign,iotsim-ip-camera-museum-2,0.995709340826264,0.9921507443814704,0.011102438655913637,0.1150875836610794,0.1860176920890808,0.0709301084280014,0.9998206696579218,0.00017933034207811882,True,True,False,False,True,True,True,False,False,True,False,nearest_attack_region
6,strict_weight4_seed42,strict_frozen_weight4,42,sealed_final_ood,benign_ood,17,cert1m:285067,processed/iotsim-ip-camera-museum-2.csv,1736880021.10874,67,benign,iotsim-ip-camera-museum-2,0.995709340826264,0.9921507443814704,0.011102438655913637,0.11542343348264694,0.19592703878879547,0.08050360530614853,0.9998206696579218,0.00017933034207811882,True,True,False,False,True,True,True,False,False,True,False,nearest_attack_region
6,strict_weight4_seed42,strict_frozen_weight4,42,sealed_final_ood,benign_ood,13,cert1m:285063,processed/iotsim-ip-camera-museum-2.csv,1736880021.068587,63,benign,iotsim-ip-camera-museum-2,0.995709340826264,0.9921507443814704,0.011102438655913637,0.11543047428131104,0.19710856676101685,0.08167809247970581,0.9998206696579218,0.00017933034207811882,True,True,False,False,True,True,True,False,False,True,False,nearest_attack_region
6,strict_weight4_seed42,strict_frozen_weight4,42,sealed_final_ood,benign_ood,39,cert1m:285089,processed/iotsim-ip-camera-museum-2.csv,1736880021.229869,89,benign,iotsim-ip-camera-museum-2,0.995709340826264,0.9921507443814704,0.011102438655913637,0.11548628658056259,0.18657657504081726,0.07109028846025467,0.9998206696579218,0.00017933034207811882,True,True,False,False,True,True,True,False,False,True,False,nearest_attack_region
6,strict_weight4_seed42,strict_frozen_weight4,42,sealed_final_ood,benign_ood,38,cert1m:285088,processed/iotsim-ip-camera-museum-2.csv,1736880021.229833,88,benign,iotsim-ip-camera-museum-2,0.995709340826264,0.9921507443814704,0.011102438655913637,0.11590669304132462,0.18713495135307312,0.0712282583117485,0.9998206696579218,0.00017933034207811882,True,True,False,False,True,True,True,False,False,True,False,nearest_attack_region
6,strict_weight4_seed42,strict_frozen_weight4,42,sealed_final_ood,benign_ood,16,cert1m:285066,processed/iotsim-ip-camera-museum-2.csv,1736880021.108703,66,benign,iotsim-ip-camera-museum-2,0.995709340826264,0.9921507443814704,0.011102438655913637,0.11596933752298355,0.1964869648218155,0.08051762729883194,0.9998206696579218,0.00017933034207811882,True,True,False,False,True,True,True,False,False,True,False,nearest_attack_region
6,strict_weight4_seed42,strict_frozen_weight4,42,sealed_final_ood,benign_ood,12,cert1m:285062,processed/iotsim-ip-camera-museum-2.csv,1736880021.068575,62,benign,iotsim-ip-camera-museum-2,0.995709340826264,0.9921507443814704,0.011102438655913637,0.11601398885250092,0.19766885042190552,0.0816548615694046,0.9998206696579218,0.00017933034207811882,True,True,False,False,True,True,True,False,False,True,False,nearest_attack_region
6,strict_weight4_seed42,strict_frozen_weight4,42,sealed_final_ood,benign_ood,69,cert1m:285119,processed/iotsim-ip-camera-museum-2.csv,1736880021.431372,119,benign,iotsim-ip-camera-museum-2,0.9961096050362873,0.9925510085914937,0.011102438655913637,0.11613206565380096,0.17622558772563934,0.06009352207183838,0.9998206696579218,0.00017933034207811882,True,True,False,False,True,True,True,False,False,True,False,nearest_attack_region
6,strict_weight4_seed42,strict_frozen_weight4,42,sealed_final_ood,benign_ood,37,cert1m:285087,processed/iotsim-ip-camera-museum-2.csv,1736880021.229819,87,benign,iotsim-ip-camera-museum-2,0.995709340826264,0.9921507443814704,0.011102438655913637,0.11635024100542068,0.1876942664384842,0.07134402543306351,0.9998206696579218,0.00017933034207811882,True,True,False,False,True,True,True,False,False,True,False,nearest_attack_region
6,strict_weight4_seed42,strict_frozen_weight4,42,sealed_final_ood,benign_ood,68,cert1m:285118,processed/iotsim-ip-camera-museum-2.csv,1736880021.431356,118,benign,iotsim-ip-camera-museum-2,0.9961096050362873,0.9925510085914937,0.011102438655913637,0.11646737158298492,0.17678438127040863,0.060317009687423706,0.9998206696579218,0.00017933034207811882,True,True,False,False,True,True,True,False,False,True,False,nearest_attack_region
6,strict_weight4_seed42,strict_frozen_weight4,42,sealed_final_ood,benign_ood,15,cert1m:285065,processed/iotsim-ip-camera-museum-2.csv,1736880021.068602,65,benign,iotsim-ip-camera-museum-2,0.995709340826264,0.9921507443814704,0.011102438655913637,0.11648647487163544,0.19598829746246338,0.07950182259082794,0.9998206696579218,0.00017933034207811882,True,True,False,False,True,True,True,False,False,True,False,nearest_attack_region
6,strict_weight4_seed42,strict_frozen_weight4,42,sealed_final_ood,benign_ood,65,cert1m:285115,processed/iotsim-ip-camera-museum-2.csv,1736880021.391144,115,benign,iotsim-ip-camera-museum-2,0.9961096050362873,0.9925510085914937,0.011102438655913637,0.11654476076364517,0.17700406908988953,0.060459308326244354,0.9998206696579218,0.00017933034207811882,True,True,False,False,True,True,True,False,False,True,False,nearest_attack_region
6,strict_weight4_seed42,strict_frozen_weight4,42,sealed_final_ood,benign_ood,11,cert1m:285061,processed/iotsim-ip-camera-museum-2.csv,1736880021.068564,61,benign,iotsim-ip-camera-museum-2,0.995709340826264,0.9921507443814704,0.011102438655913637,0.11663872748613358,0.1982293426990509,0.08159061521291733,0.9998206696579218,0.00017933034207811882,True,True,False,False,True,True,True,False,False,True,False,nearest_attack_region
6,strict_weight4_seed42,strict_frozen_weight4,42,sealed_final_ood,benign_ood,36,cert1m:285086,processed/iotsim-ip-camera-museum-2.csv,1736880021.229802,86,benign,iotsim-ip-camera-museum-2,0.995709340826264,0.9921507443814704,0.011102438655913637,0.11681830883026123,0.18825364112854004,0.07143533229827881,0.9998206696579218,0.00017933034207811882,True,True,False,False,True,True,True,False,False,True,False,nearest_attack_region
6,strict_weight4_seed42,strict_frozen_weight4,42,sealed_final_ood,benign_ood,67,cert1m:285117,processed/iotsim-ip-camera-museum-2.csv,1736880021.431305,117,benign,iotsim-ip-camera-museum-2,0.9961096050362873,0.9925510085914937,0.011102438655913637,0.11681879311800003,0.17734216153621674,0.060523368418216705,0.9998206696579218,0.00017933034207811882,True,True,False,False,True,True,True,False,False,True,False,nearest_attack_region
6,strict_weight4_seed42,strict_frozen_weight4,42,sealed_final_ood,benign_ood,64,cert1m:285114,processed/iotsim-ip-camera-museum-2.csv,1736880021.391128,114,benign,iotsim-ip-camera-museum-2,0.9961096050362873,0.9925510085914937,0.011102438655913637,0.11690835654735565,0.1775623857975006,0.06065402925014496,0.9998206696579218,0.00017933034207811882,True,True,False,False,True,True,True,False,False,True,False,nearest_attack_region
6,strict_weight4_seed42,strict_frozen_weight4,42,sealed_final_ood,benign_ood,66,cert1m:285116,processed/iotsim-ip-camera-museum-2.csv,1736880021.391158,116,benign,iotsim-ip-camera-museum-2,0.9961096050362873,0.9925510085914937,0.011102438655913637,0.11710526794195175,0.17644591629505157,0.05934064835309982,0.9998206696579218,0.00017933034207811882,True,True,False,False,True,True,True,False,False,True,False,nearest_attack_region
6,strict_weight4_seed42,strict_frozen_weight4,42,sealed_final_ood,benign_ood,63,cert1m:285113,processed/iotsim-ip-camera-museum-2.csv,1736880021.391114,113,benign,iotsim-ip-camera-museum-2,0.9961096050362873,0.9925510085914937,0.011102438655913637,0.11728876829147339,0.17812098562717438,0.06083221733570099,0.9998206696579218,0.00017933034207811882,True,True,False,False,True,True,True,False,False,True,False,nearest_attack_region
6,strict_weight4_seed42,strict_frozen_weight4,42,sealed_final_ood,benign_ood,10,cert1m:285060,processed/iotsim-ip-camera-museum-2.csv,1736880021.068469,60,benign,iotsim-ip-camera-museum-2,0.995709340826264,0.9921507443814704,0.011102438655913637,0.1173076182603836,0.19878795742988586,0.08148033916950226,0.9998206696579218,0.00017933034207811882,True,True,False,False,True,True,True,False,False,True,False,nearest_attack_region
6,strict_weight4_seed42,strict_frozen_weight4,42,sealed_final_ood,benign_ood,35,cert1m:285085,processed/iotsim-ip-camera-museum-2.csv,1736880021.229791,85,benign,iotsim-ip-camera-museum-2,0.995709340826264,0.9921507443814704,0.011102438655913637,0.1173124611377716,0.18881343305110931,0.07150097191333771,0.9998206696579218,0.00017933034207811882,True,True,False,False,True,True,True,False,False,True,False,nearest_attack_region
6,strict_weight4_seed42,strict_frozen_weight4,42,sealed_final_ood,benign_ood,62,cert1m:285112,processed/iotsim-ip-camera-museum-2.csv,1736880021.391098,112,benign,iotsim-ip-camera-museum-2,0.9961096050362873,0.9925510085914937,0.011102438655913637,0.11768700927495956,0.1786797195672989,0.060992710292339325,0.9998206696579218,0.00017933034207811882,True,True,False,False,True,True,True,False,False,True,False,nearest_attack_region
6,strict_weight4_seed42,strict_frozen_weight4,42,sealed_final_ood,benign_ood,34,cert1m:285084,processed/iotsim-ip-camera-museum-2.csv,1736880021.229777,84,benign,iotsim-ip-camera-museum-2,0.995709340826264,0.9921507443814704,0.011102438655913637,0.11783432960510254,0.18937331438064575,0.07153898477554321,0.9998206696579218,0.00017933034207811882,True,True,False,False,True,True,True,False,False,True,False,nearest_attack_region
6,strict_weight4_seed42,strict_frozen_weight4,42,sealed_final_ood,benign_ood,9,cert1m:285059,processed/iotsim-ip-camera-museum-2.csv,1736880021.06846,59,benign,iotsim-ip-camera-museum-2,0.995709340826264,0.9921507443814704,0.011102438655913637,0.11802423745393753,0.19934885203838348,0.08132461458444595,0.9998206696579218,0.00017933034207811882,True,True,False,False,True,True,True,False,False,True,False,nearest_attack_region
6,strict_weight4_seed42,strict_frozen_weight4,42,sealed_final_ood,benign_ood,61,cert1m:285111,processed/iotsim-ip-camera-museum-2.csv,1736880021.391086,111,benign,iotsim-ip-camera-museum-2,0.9961096050362873,0.9925510085914937,0.011102438655913637,0.11810407042503357,0.17923882603645325,0.06113475561141968,0.9998206696579218,0.00017933034207811882,True,True,False,False,True,True,True,False,False,True,False,nearest_attack_region
6,strict_weight4_seed42,strict_frozen_weight4,42,sealed_final_ood,benign_ood,33,cert1m:285083,processed/iotsim-ip-camera-museum-2.csv,1736880021.22976,83,benign,iotsim-ip-camera-museum-2,0.995709340826264,0.9921507443814704,0.011102438655913637,0.11838574707508087,0.18993331491947174,0.07154756784439087,0.9998206696579218,0.00017933034207811882,True,True,False,False,True,True,True,False,False,True,False,nearest_attack_region
6,strict_weight4_seed42,strict_frozen_weight4,42,sealed_final_ood,benign_ood,60,cert1m:285110,processed/iotsim-ip-camera-museum-2.csv,1736880021.391072,110,benign,iotsim-ip-camera-museum-2,0.9961096050362873,0.9925510085914937,0.011102438655913637,0.11854113638401031,0.17979806661605835,0.061256930232048035,0.9998206696579218,0.00017933034207811882,True,True,False,False,True,True,True,False,False,True,False,nearest_attack_region
6,strict_weight4_seed42,strict_frozen_weight4,42,sealed_final_ood,benign_ood,92,cert1m:285142,processed/iotsim-ip-camera-museum-2.csv,1736880021.552538,142,benign,iotsim-ip-camera-museum-2,0.9961096050362873,0.9925510085914937,0.011102438655913637,0.1186390072107315,0.16745270788669586,0.048813700675964355,0.9998206696579218,0.00017933034207811882,True,True,False,False,True,True,True,False,False,True,False,nearest_attack_region
6,strict_weight4_seed42,strict_frozen_weight4,42,sealed_final_ood,benign_ood,200,cert1m:285250,processed/iotsim-ip-camera-museum-2.csv,1736880022.18771,250,benign,iotsim-ip-camera-museum-2,0.9961096050362873,0.9925510085914937,0.011102438655913637,0.1186482310295105,0.13553856313228607,0.016890332102775574,0.9998206696579218,0.00017933034207811882,True,True,False,False,True,True,True,False,False,True,False,nearest_attack_region
6,strict_weight4_seed42,strict_frozen_weight4,42,sealed_final_ood,benign_ood,19,cert1m:285069,processed/iotsim-ip-camera-museum-2.csv,1736880021.149017,69,benign,iotsim-ip-camera-museum-2,0.995709340826264,0.9921507443814704,0.011102438655913637,0.11871163547039032,0.1958436369895935,0.07713200151920319,0.9998206696579218,0.00017933034207811882,True,True,False,False,True,True,True,False,False,True,False,nearest_attack_region
6,strict_weight4_seed42,strict_frozen_weight4,42,sealed_final_ood,benign_ood,8,cert1m:285058,processed/iotsim-ip-camera-museum-2.csv,1736880021.068452,58,benign,iotsim-ip-camera-museum-2,0.995709340826264,0.9921507443814704,0.011102438655913637,0.1187921017408371,0.199909970164299,0.08111786842346191,0.9998206696579218,0.00017933034207811882,True,True,False,False,True,True,True,False,False,True,False,nearest_attack_region
6,strict_weight4_seed42,strict_frozen_weight4,42,sealed_final_ood,benign_ood,199,cert1m:285249,processed/iotsim-ip-camera-museum-2.csv,1736880022.187699,249,benign,iotsim-ip-camera-museum-2,0.9961096050362873,0.9925510085914937,0.011102438655913637,0.11884015798568726,0.13608711957931519,0.01724696159362793,0.9998206696579218,0.00017933034207811882,True,True,False,False,True,True,True,False,False,True,False,nearest_attack_region
6,strict_weight4_seed42,strict_frozen_weight4,42,sealed_final_ood,benign_ood,32,cert1m:285082,processed/iotsim-ip-camera-museum-2.csv,1736880021.229748,82,benign,iotsim-ip-camera-museum-2,0.995709340826264,0.9921507443814704,0.011102438655913637,0.1189686730504036,0.190493643283844,0.0715249702334404,0.9998206696579218,0.00017933034207811882,True,True,False,False,True,True,True,False,False,True,False,nearest_attack_region
6,strict_weight4_seed42,strict_frozen_weight4,42,sealed_final_ood,benign_ood,59,cert1m:285109,processed/iotsim-ip-camera-museum-2.csv,1736880021.391056,109,benign,iotsim-ip-camera-museum-2,0.9961096050362873,0.9925510085914937,0.011102438655913637,0.11899936199188232,0.1803574413061142,0.06135807931423187,0.9998206696579218,0.00017933034207811882,True,True,False,False,True,True,True,False,False,True,False,nearest_attack_region
6,strict_weight4_seed42,strict_frozen_weight4,42,sealed_final_ood,benign_ood,91,cert1m:285141,processed/iotsim-ip-camera-museum-2.csv,1736880021.552526,141,benign,iotsim-ip-camera-museum-2,0.9961096050362873,0.9925510085914937,0.011102438655913637,0.11901108175516129,0.16801020503044128,0.04899912327528,0.9998206696579218,0.00017933034207811882,True,True,False,False,True,True,True,False,False,True,False,nearest_attack_region
6,strict_weight4_seed42,strict_frozen_weight4,42,sealed_final_ood,benign_ood,198,cert1m:285248,processed/iotsim-ip-camera-museum-2.csv,1736880022.187685,248,benign,iotsim-ip-camera-museum-2,0.9961096050362873,0.9925510085914937,0.011102438655913637,0.1190386414527893,0.1366358995437622,0.0175972580909729,0.9998206696579218,0.00017933034207811882,True,True,False,False,True,True,True,False,False,True,False,nearest_attack_region
6,strict_weight4_seed42,strict_frozen_weight4,42,sealed_final_ood,benign_ood,197,cert1m:285247,processed/iotsim-ip-camera-museum-2.csv,1736880022.187669,247,benign,iotsim-ip-camera-museum-2,0.9961096050362873,0.9925510085914937,0.011102438655913637,0.1192440539598465,0.13718491792678833,0.017940863966941833,0.9998206696579218,0.00017933034207811882,True,True,False,False,True,True,True,False,False,True,False,nearest_attack_region
6,strict_weight4_seed42,strict_frozen_weight4,42,sealed_final_ood,benign_ood,18,cert1m:285068,processed/iotsim-ip-camera-museum-2.csv,1736880021.108755,68,benign,iotsim-ip-camera-museum-2,0.995709340826264,0.9921507443814704,0.011102438655913637,0.1193588599562645,0.1953667551279068,0.0760078951716423,0.9998206696579218,0.00017933034207811882,True,True,False,False,True,True,True,False,False,True,False,nearest_attack_region
6,strict_weight4_seed42,strict_frozen_weight4,42,sealed_final_ood,benign_ood,90,cert1m:285140,processed/iotsim-ip-camera-museum-2.csv,1736880021.552508,140,benign,iotsim-ip-camera-museum-2,0.9961096050362873,0.9925510085914937,0.011102438655913637,0.11939824372529984,0.16856767237186432,0.049169428646564484,0.9998206696579218,0.00017933034207811882,True,True,False,False,True,True,True,False,False,True,False,nearest_attack_region
6,strict_weight4_seed42,strict_frozen_weight4,42,sealed_final_ood,benign_ood,196,cert1m:285246,processed/iotsim-ip-camera-museum-2.csv,1736880022.187658,246,benign,iotsim-ip-camera-museum-2,0.9961096050362873,0.9925510085914937,0.011102438655913637,0.11945682764053345,0.1377345472574234,0.018277719616889954,0.9998206696579218,0.00017933034207811882,True,True,False,False,True,True,True,False,False,True,False,nearest_attack_region
6,strict_weight4_seed42,strict_frozen_weight4,42,sealed_final_ood,benign_ood,58,cert1m:285108,processed/iotsim-ip-camera-museum-2.csv,1736880021.391044,108,benign,iotsim-ip-camera-museum-2,0.9961096050362873,0.9925510085914937,0.011102438655913637,0.11948012560606003,0.1809171587228775,0.061437033116817474,0.9998206696579218,0.00017933034207811882,True,True,False,False,True,True,True,False,False,True,False,nearest_attack_region
6,strict_weight4_seed42,strict_frozen_weight4,42,sealed_final_ood,benign_ood,31,cert1m:285081,processed/iotsim-ip-camera-museum-2.csv,1736880021.229734,81,benign,iotsim-ip-camera-museum-2,0.995709340826264,0.9921507443814704,0.011102438655913637,0.11958521604537964,0.19105412065982819,0.07146890461444855,0.9998206696579218,0.00017933034207811882,True,True,False,False,True,True,True,False,False,True,False,nearest_attack_region
6,strict_weight4_seed42,strict_frozen_weight4,42,sealed_final_ood,benign_ood,7,cert1m:285057,processed/iotsim-ip-camera-museum-2.csv,1736880021.068441,57,benign,iotsim-ip-camera-museum-2,0.995709340826264,0.9921507443814704,0.011102438655913637,0.11961519718170166,0.2004711925983429,0.08085599541664124,0.9998206696579218,0.00017933034207811882,True,True,False,False,True,True,True,False,False,True,False,nearest_attack_region
6,strict_weight4_seed42,strict_frozen_weight4,42,sealed_final_ood,benign_ood,58098,cert1m:703198,processed/iotsim-ip-camera-street-2.csv,1736880046.814308,3198,benign,iotsim-ip-camera-street-2,0.9961096050362873,0.9925510085914937,0.011102438655913637,0.11963120847940445,0.6870385408401489,0.5674073100090027,0.9998206696579218,0.00017933034207811882,True,True,False,False,True,True,True,False,False,True,False,nearest_attack_region
6,strict_weight4_seed42,strict_frozen_weight4,42,sealed_final_ood,benign_ood,58181,cert1m:703281,processed/iotsim-ip-camera-street-2.csv,1736880047.408921,3281,benign,iotsim-ip-camera-street-2,0.9961096050362873,0.9925510085914937,0.011102438655913637,0.11964050680398941,0.7067480087280273,0.5871074795722961,0.9998206696579218,0.00017933034207811882,True,True,False,False,True,True,True,False,False,True,False,nearest_attack_region
6,strict_weight4_seed42,strict_frozen_weight4,42,sealed_final_ood,benign_ood,58180,cert1m:703280,processed/iotsim-ip-camera-street-2.csv,1736880047.408908,3280,benign,iotsim-ip-camera-street-2,0.9961096050362873,0.9925510085914937,0.011102438655913637,0.11964546889066696,0.7064508199691772,0.5868053436279297,0.9998206696579218,0.00017933034207811882,True,True,False,False,True,True,True,False,False,True,False,nearest_attack_region
6,strict_weight4_seed42,strict_frozen_weight4,42,sealed_final_ood,benign_ood,58179,cert1m:703279,processed/iotsim-ip-camera-street-2.csv,1736880047.40889,3279,benign,iotsim-ip-camera-street-2,0.9961096050362873,0.9925510085914937,0.011102438655913637,0.1196528896689415,0.706153929233551,0.5865010619163513,0.9998206696579218,0.00017933034207811882,True,True,False,False,True,True,True,False,False,True,False,nearest_attack_region
6,strict_weight4_seed42,strict_frozen_weight4,42,sealed_final_ood,benign_ood,58178,cert1m:703278,processed/iotsim-ip-camera-street-2.csv,1736880047.408878,3278,benign,iotsim-ip-camera-street-2,0.9961096050362873,0.9925510085914937,0.011102438655913637,0.11966299265623093,0.705857515335083,0.5861945152282715,0.9998206696579218,0.00017933034207811882,True,True,False,False,True,True,True,False,False,True,False,nearest_attack_region
6,strict_weight4_seed42,strict_frozen_weight4,42,sealed_final_ood,benign_ood,58177,cert1m:703277,processed/iotsim-ip-camera-street-2.csv,1736880047.408865,3277,benign,iotsim-ip-camera-street-2,0.9961096050362873,0.9925510085914937,0.011102438655913637,0.11967605352401733,0.7055613994598389,0.5858853459358215,0.9998206696579218,0.00017933034207811882,True,True,False,False,True,True,True,False,False,True,False,nearest_attack_region
6,strict_weight4_seed42,strict_frozen_weight4,42,sealed_final_ood,benign_ood,195,cert1m:285245,processed/iotsim-ip-camera-museum-2.csv,1736880022.187644,245,benign,iotsim-ip-camera-museum-2,0.9961096050362873,0.9925510085914937,0.011102438655913637,0.11967737972736359,0.138284370303154,0.018606990575790405,0.9998206696579218,0.00017933034207811882,True,True,False,False,True,True,True,False,False,True,False,nearest_attack_region
6,strict_weight4_seed42,strict_frozen_weight4,42,sealed_final_ood,benign_ood,58176,cert1m:703276,processed/iotsim-ip-camera-street-2.csv,1736880047.408848,3276,benign,iotsim-ip-camera-street-2,0.9961096050362873,0.9925510085914937,0.011102438655913637,0.11969231069087982,0.7052656412124634,0.5855733156204224,0.9998206696579218,0.00017933034207811882,True,True,False,False,True,True,True,False,False,True,False,nearest_attack_region
6,strict_weight4_seed42,strict_frozen_weight4,42,sealed_final_ood,benign_ood,58175,cert1m:703275,processed/iotsim-ip-camera-street-2.csv,1736880047.408836,3275,benign,iotsim-ip-camera-street-2,0.9961096050362873,0.9925510085914937,0.011102438655913637,0.11971211433410645,0.7049702405929565,0.5852581262588501,0.9998206696579218,0.00017933034207811882,True,True,False,False,True,True,True,False,False,True,False,nearest_attack_region
6,strict_weight4_seed42,strict_frozen_weight4,42,sealed_final_ood,benign_ood,58182,cert1m:703282,processed/iotsim-ip-camera-street-2.csv,1736880047.408937,3282,benign,iotsim-ip-camera-street-2,0.9961096050362873,0.9925510085914937,0.011102438655913637,0.11973263323307037,0.7070456147193909,0.5873129963874817,0.9998206696579218,0.00017933034207811882,True,True,False,False,True,True,True,False,False,True,False,nearest_attack_region
6,strict_weight4_seed42,strict_frozen_weight4,42,sealed_final_ood,benign_ood,58174,cert1m:703274,processed/iotsim-ip-camera-street-2.csv,1736880047.408823,3274,benign,iotsim-ip-camera-street-2,0.9961096050362873,0.9925510085914937,0.011102438655913637,0.11973576247692108,0.7046753168106079,0.5849395394325256,0.9998206696579218,0.00017933034207811882,True,True,False,False,True,True,True,False,False,True,False,nearest_attack_region
6,strict_weight4_seed42,strict_frozen_weight4,42,sealed_final_ood,benign_ood,58186,cert1m:703286,processed/iotsim-ip-camera-street-2.csv,1736880047.47916,3286,benign,iotsim-ip-camera-street-2,0.9961096050362873,0.9925510085914937,0.011102438655913637,0.11974677443504333,0.7076696157455444,0.5879228115081787,0.9998206696579218,0.00017933034207811882,True,True,False,False,True,True,True,False,False,True,False,nearest_attack_region
6,strict_weight4_seed42,strict_frozen_weight4,42,sealed_final_ood,benign_ood,58148,cert1m:703248,processed/iotsim-ip-camera-street-2.csv,1736880047.207089,3248,benign,iotsim-ip-camera-street-2,0.9961096050362873,0.9925510085914937,0.011102438655913637,0.11974780261516571,0.6988160014152527,0.5790681838989258,0.9998206696579218,0.00017933034207811882,True,True,False,False,True,True,True,False,False,True,False,nearest_attack_region
6,strict_weight4_seed42,strict_frozen_weight4,42,sealed_final_ood,benign_ood,58173,cert1m:703273,processed/iotsim-ip-camera-street-2.csv,1736880047.408807,3273,benign,iotsim-ip-camera-street-2,0.9961096050362873,0.9925510085914937,0.011102438655913637,0.11976365000009537,0.7043806910514832,0.584617018699646,0.9998206696579218,0.00017933034207811882,True,True,False,False,True,True,True,False,False,True,False,nearest_attack_region
6,strict_weight4_seed42,strict_frozen_weight4,42,sealed_final_ood,benign_ood,58028,cert1m:703128,processed/iotsim-ip-camera-street-2.csv,1736880046.542603,3128,benign,iotsim-ip-camera-street-2,0.9961096050362873,0.9925510085914937,0.011102438655913637,0.11976548284292221,0.6681064963340759,0.5483410358428955,0.9998206696579218,0.00017933034207811882,True,True,False,False,True,True,True,False,False,True,False,nearest_attack_region
6,strict_weight4_seed42,strict_frozen_weight4,42,sealed_final_ood,benign_ood,58027,cert1m:703127,processed/iotsim-ip-camera-street-2.csv,1736880046.542581,3127,benign,iotsim-ip-camera-street-2,0.9961096050362873,0.9925510085914937,0.011102438655913637,0.11976655572652817,0.6678107380867004,0.5480442047119141,0.9998206696579218,0.00017933034207811882,True,True,False,False,True,True,True,False,False,True,False,nearest_attack_region
6,strict_weight4_seed42,strict_frozen_weight4,42,sealed_final_ood,benign_ood,58026,cert1m:703126,processed/iotsim-ip-camera-street-2.csv,1736880046.542563,3126,benign,iotsim-ip-camera-street-2,0.9961096050362873,0.9925510085914937,0.011102438655913637,0.11976931989192963,0.6675153374671936,0.5477460026741028,0.9998206696579218,0.00017933034207811882,True,True,False,False,True,True,True,False,False,True,False,nearest_attack_region
6,strict_weight4_seed42,strict_frozen_weight4,42,sealed_final_ood,benign_ood,58147,cert1m:703247,processed/iotsim-ip-camera-street-2.csv,1736880047.207078,3247,benign,iotsim-ip-camera-street-2,0.9961096050362873,0.9925510085914937,0.011102438655913637,0.11977222561836243,0.6985197067260742,0.5787475109100342,0.9998206696579218,0.00017933034207811882,True,True,False,False,True,True,True,False,False,True,False,nearest_attack_region
6,strict_weight4_seed42,strict_frozen_weight4,42,sealed_final_ood,benign_ood,58025,cert1m:703125,processed/iotsim-ip-camera-street-2.csv,1736880046.542547,3125,benign,iotsim-ip-camera-street-2,0.9961096050362873,0.9925510085914937,0.011102438655913637,0.11977383494377136,0.667220413684845,0.547446608543396,0.9998206696579218,0.00017933034207811882,True,True,False,False,True,True,True,False,False,True,False,nearest_attack_region
6,strict_weight4_seed42,strict_frozen_weight4,42,sealed_final_ood,benign_ood,58185,cert1m:703285,processed/iotsim-ip-camera-street-2.csv,1736880047.479137,3285,benign,iotsim-ip-camera-street-2,0.9961096050362873,0.9925510085914937,0.011102438655913637,0.11977618932723999,0.7073751091957092,0.5875989198684692,0.9998206696579218,0.00017933034207811882,True,True,False,False,True,True,True,False,False,True,False,nearest_attack_region
6,strict_weight4_seed42,strict_frozen_weight4,42,sealed_final_ood,benign_ood,58024,cert1m:703124,processed/iotsim-ip-camera-street-2.csv,1736880046.54252,3124,benign,iotsim-ip-camera-street-2,0.9961096050362873,0.9925510085914937,0.011102438655913637,0.11978024244308472,0.6669259071350098,0.547145664691925,0.9998206696579218,0.00017933034207811882,True,True,False,False,True,True,True,False,False,True,False,nearest_attack_region
6,strict_weight4_seed42,strict_frozen_weight4,42,sealed_final_ood,benign_ood,58029,cert1m:703129,processed/iotsim-ip-camera-street-2.csv,1736880046.542619,3129,benign,iotsim-ip-camera-street-2,0.9961096050362873,0.9925510085914937,0.011102438655913637,0.1197858601808548,0.6684026122093201,0.5486167669296265,0.9998206696579218,0.00017933034207811882,True,True,False,False,True,True,True,False,False,True,False,nearest_attack_region
6,strict_weight4_seed42,strict_frozen_weight4,42,sealed_final_ood,benign_ood,58023,cert1m:703123,processed/iotsim-ip-camera-street-2.csv,1736880046.542495,3123,benign,iotsim-ip-camera-street-2,0.9961096050362873,0.9925510085914937,0.011102438655913637,0.11978867650032043,0.6666317582130432,0.5468430519104004,0.9998206696579218,0.00017933034207811882,True,True,False,False,True,True,True,False,False,True,False,nearest_attack_region
6,strict_weight4_seed42,strict_frozen_weight4,42,sealed_final_ood,benign_ood,58078,cert1m:703178,processed/iotsim-ip-camera-street-2.csv,1736880046.814156,3178,benign,iotsim-ip-camera-street-2,0.9961096050362873,0.9925510085914937,0.011102438655913637,0.11979334056377411,0.681012749671936,0.5612193942070007,0.9998206696579218,0.00017933034207811882,True,True,False,False,True,True,True,False,False,True,False,nearest_attack_region
6,strict_weight4_seed42,strict_frozen_weight4,42,sealed_final_ood,benign_ood,58079,cert1m:703179,processed/iotsim-ip-camera-street-2.csv,1736880046.814165,3179,benign,iotsim-ip-camera-street-2,0.9961096050362873,0.9925510085914937,0.011102438655913637,0.11979373544454575,0.6813104152679443,0.5615167021751404,0.9998206696579218,0.00017933034207811882,True,True,False,False,True,True,True,False,False,True,False,nearest_attack_region
6,strict_weight4_seed42,strict_frozen_weight4,42,sealed_final_ood,benign_ood,58077,cert1m:703177,processed/iotsim-ip-camera-street-2.csv,1736880046.81415,3177,benign,iotsim-ip-camera-street-2,0.9961096050362873,0.9925510085914937,0.011102438655913637,0.11979455500841141,0.6807154417037964,0.5609208941459656,0.9998206696579218,0.00017933034207811882,True,True,False,False,True,True,True,False,False,True,False,nearest_attack_region
6,strict_weight4_seed42,strict_frozen_weight4,42,sealed_final_ood,benign_ood,58080,cert1m:703180,processed/iotsim-ip-camera-street-2.csv,1736880046.814171,3180,benign,iotsim-ip-camera-street-2,0.9961096050362873,0.9925510085914937,0.011102438655913637,0.11979557573795319,0.6816085577011108,0.5618129968643188,0.9998206696579218,0.00017933034207811882,True,True,False,False,True,True,True,False,False,True,False,nearest_attack_region
6,strict_weight4_seed42,strict_frozen_weight4,42,sealed_final_ood,benign_ood,58172,cert1m:703272,processed/iotsim-ip-camera-street-2.csv,1736880047.408793,3272,benign,iotsim-ip-camera-street-2,0.9961096050362873,0.9925510085914937,0.011102438655913637,0.11979618668556213,0.7040864825248718,0.5842902660369873,0.9998206696579218,0.00017933034207811882,True,True,False,False,True,True,True,False,False,True,False,nearest_attack_region
6,strict_weight4_seed42,strict_frozen_weight4,42,sealed_final_ood,benign_ood,58076,cert1m:703176,processed/iotsim-ip-camera-street-2.csv,1736880046.814144,3176,benign,iotsim-ip-camera-street-2,0.9961096050362873,0.9925510085914937,0.011102438655913637,0.11979746073484421,0.6804185509681702,0.5606210827827454,0.9998206696579218,0.00017933034207811882,True,True,False,False,True,True,True,False,False,True,False,nearest_attack_region
6,strict_weight4_seed42,strict_frozen_weight4,42,sealed_final_ood,benign_ood,58081,cert1m:703181,processed/iotsim-ip-camera-street-2.csv,1736880046.814183,3181,benign,iotsim-ip-camera-street-2,0.9961096050362873,0.9925510085914937,0.011102438655913637,0.11979880183935165,0.6819069385528564,0.5621081590652466,0.9998206696579218,0.00017933034207811882,True,True,False,False,True,True,True,False,False,True,False,nearest_attack_region
6,strict_weight4_seed42,strict_frozen_weight4,42,sealed_final_ood,benign_ood,401,cert1m:285451,processed/iotsim-ip-camera-museum-2.csv,1736880023.468196,451,benign,iotsim-ip-camera-museum-2,0.9961096050362873,0.9925510085914937,0.011102438655913637,0.11979885399341583,0.10371313244104385,-0.01608572155237198,0.9998206696579218,0.00017933034207811882,True,True,False,False,True,True,True,False,False,True,False,nearest_attack_region
6,strict_weight4_seed42,strict_frozen_weight4,42,sealed_final_ood,benign_ood,58022,cert1m:703122,processed/iotsim-ip-camera-street-2.csv,1736880046.542459,3122,benign,iotsim-ip-camera-street-2,0.9961096050362873,0.9925510085914937,0.011102438655913637,0.11979930102825165,0.6663379669189453,0.5465386509895325,0.9998206696579218,0.00017933034207811882,True,True,False,False,True,True,True,False,False,True,False,nearest_attack_region
6,strict_weight4_seed42,strict_frozen_weight4,42,sealed_final_ood,benign_ood,89,cert1m:285139,processed/iotsim-ip-camera-museum-2.csv,1736880021.552492,139,benign,iotsim-ip-camera-museum-2,0.9961096050362873,0.9925510085914937,0.011102438655913637,0.11980132758617401,0.16912546753883362,0.04932413995265961,0.9998206696579218,0.00017933034207811882,True,True,False,False,True,True,True,False,False,True,False,nearest_attack_region
6,strict_weight4_seed42,strict_frozen_weight4,42,sealed_final_ood,benign_ood,58075,cert1m:703175,processed/iotsim-ip-camera-street-2.csv,1736880046.814135,3175,benign,iotsim-ip-camera-street-2,0.9961096050362873,0.9925510085914937,0.011102438655913637,0.11980219930410385,0.6801219582557678,0.5603197813034058,0.9998206696579218,0.00017933034207811882,True,True,False,False,True,True,True,False,False,True,False,nearest_attack_region
6,strict_weight4_seed42,strict_frozen_weight4,42,sealed_final_ood,benign_ood,58082,cert1m:703182,processed/iotsim-ip-camera-street-2.csv,1736880046.814189,3182,benign,iotsim-ip-camera-street-2,0.9961096050362873,0.9925510085914937,0.011102438655913637,0.11980326473712921,0.6822057366371155,0.5624024868011475,0.9998206696579218,0.00017933034207811882,True,True,False,False,True,True,True,False,False,True,False,nearest_attack_region
6,strict_weight4_seed42,strict_frozen_weight4,42,sealed_final_ood,benign_ood,58083,cert1m:703183,processed/iotsim-ip-camera-street-2.csv,1736880046.814195,3183,benign,iotsim-ip-camera-street-2,0.9961096050362873,0.9925510085914937,0.011102438655913637,0.11980888992547989,0.6825050115585327,0.562696099281311,0.9998206696579218,0.00017933034207811882,True,True,False,False,True,True,True,False,False,True,False,nearest_attack_region
6,strict_weight4_seed42,strict_frozen_weight4,42,sealed_final_ood,benign_ood,33266,cert1m:318316,processed/iotsim-ip-camera-museum-2.csv,1736880225.832159,33316,benign,iotsim-ip-camera-museum-2,0.9961096050362873,0.9925510085914937,0.011102438655913637,0.1291351169347763,2.011899471282959,1.8827643394470215,0.9998206696579218,0.00017933034207811882,True,True,False,False,True,True,True,False,False,True,False,highest_benign_minus_attack
6,strict_weight4_seed42,strict_frozen_weight4,42,sealed_final_ood,benign_ood,33194,cert1m:318244,processed/iotsim-ip-camera-museum-2.csv,1736880225.347992,33244,benign,iotsim-ip-camera-museum-2,0.9961096050362873,0.9925510085914937,0.011102438655913637,0.12856237590312958,2.0111684799194336,1.8826061487197876,0.9998206696579218,0.00017933034207811882,True,True,False,False,True,True,True,False,False,True,False,highest_benign_minus_attack
6,strict_weight4_seed42,strict_frozen_weight4,42,sealed_final_ood,benign_ood,33204,cert1m:318254,processed/iotsim-ip-camera-museum-2.csv,1736880225.509167,33254,benign,iotsim-ip-camera-museum-2,0.9961096050362873,0.9925510085914937,0.011102438655913637,0.12968984246253967,2.0122768878936768,1.8825870752334595,0.9998206696579218,0.00017933034207811882,True,True,False,False,True,True,True,False,False,True,False,highest_benign_minus_attack
6,strict_weight4_seed42,strict_frozen_weight4,42,sealed_final_ood,benign_ood,33276,cert1m:318326,processed/iotsim-ip-camera-museum-2.csv,1736880225.993186,33326,benign,iotsim-ip-camera-museum-2,0.9961096050362873,0.9925510085914937,0.011102438655913637,0.13029806315898895,2.0125842094421387,1.8822861909866333,0.9998206696579218,0.00017933034207811882,True,True,False,False,True,True,True,False,False,True,False,highest_benign_minus_attack
6,strict_weight4_seed42,strict_frozen_weight4,42,sealed_final_ood,benign_ood,33238,cert1m:318288,processed/iotsim-ip-camera-museum-2.csv,1736880225.670771,33288,benign,iotsim-ip-camera-museum-2,0.9961096050362873,0.9925510085914937,0.011102438655913637,0.12904299795627594,2.0102765560150146,1.8812335729599,0.9998206696579218,0.00017933034207811882,True,True,False,False,True,True,True,False,False,True,False,highest_benign_minus_attack
6,strict_weight4_seed42,strict_frozen_weight4,42,sealed_final_ood,benign_ood,33299,cert1m:318349,processed/iotsim-ip-camera-museum-2.csv,1736880226.073885,33349,benign,iotsim-ip-camera-museum-2,0.9961096050362873,0.9925510085914937,0.011102438655913637,0.1303817182779312,2.0113117694854736,1.8809300661087036,0.9998206696579218,0.00017933034207811882,True,True,False,False,True,True,True,False,False,True,False,highest_benign_minus_attack
6,strict_weight4_seed42,strict_frozen_weight4,42,sealed_final_ood,benign_ood,33193,cert1m:318243,processed/iotsim-ip-camera-museum-2.csv,1736880225.347976,33243,benign,iotsim-ip-camera-museum-2,0.9961096050362873,0.9925510085914937,0.011102438655913637,0.12877488136291504,2.009675979614258,1.8809010982513428,0.9998206696579218,0.00017933034207811882,True,True,False,False,True,True,True,False,False,True,False,highest_benign_minus_attack
6,strict_weight4_seed42,strict_frozen_weight4,42,sealed_final_ood,benign_ood,33311,cert1m:318361,processed/iotsim-ip-camera-museum-2.csv,1736880226.154678,33361,benign,iotsim-ip-camera-museum-2,0.9961096050362873,0.9925510085914937,0.011102438655913637,0.12954328954219818,2.0101470947265625,1.8806037902832031,0.9998206696579218,0.00017933034207811882,True,True,False,False,True,True,True,False,False,True,False,highest_benign_minus_attack
6,strict_weight4_seed42,strict_frozen_weight4,42,sealed_final_ood,benign_ood,33147,cert1m:318197,processed/iotsim-ip-camera-museum-2.csv,1736880225.196377,33197,benign,iotsim-ip-camera-museum-2,0.9961096050362873,0.9925510085914937,0.011102438655913637,0.13003011047840118,2.010580539703369,1.8805503845214844,0.9998206696579218,0.00017933034207811882,True,True,False,False,True,True,True,False,False,True,False,highest_benign_minus_attack
6,strict_weight4_seed42,strict_frozen_weight4,42,sealed_final_ood,benign_ood,33121,cert1m:318171,processed/iotsim-ip-camera-museum-2.csv,1736880225.034746,33171,benign,iotsim-ip-camera-museum-2,0.9961096050362873,0.9925510085914937,0.011102438655913637,0.12996366620063782,2.010094404220581,1.8801307678222656,0.9998206696579218,0.00017933034207811882,True,True,False,False,True,True,True,False,False,True,False,highest_benign_minus_attack
6,strict_weight4_seed42,strict_frozen_weight4,42,sealed_final_ood,benign_ood,33274,cert1m:318324,processed/iotsim-ip-camera-museum-2.csv,1736880225.952888,33324,benign,iotsim-ip-camera-museum-2,0.9961096050362873,0.9925510085914937,0.011102438655913637,0.13003453612327576,2.0100324153900146,1.8799978494644165,0.9998206696579218,0.00017933034207811882,True,True,False,False,True,True,True,False,False,True,False,highest_benign_minus_attack
6,strict_weight4_seed42,strict_frozen_weight4,42,sealed_final_ood,benign_ood,33268,cert1m:318318,processed/iotsim-ip-camera-museum-2.csv,1736880225.832194,33318,benign,iotsim-ip-camera-museum-2,0.9961096050362873,0.9925510085914937,0.011102438655913637,0.12926876544952393,2.009248971939087,1.879980206489563,0.9998206696579218,0.00017933034207811882,True,True,False,False,True,True,True,False,False,True,False,highest_benign_minus_attack
6,strict_weight4_seed42,strict_frozen_weight4,42,sealed_final_ood,benign_ood,33326,cert1m:318376,processed/iotsim-ip-camera-museum-2.csv,1736880226.275533,33376,benign,iotsim-ip-camera-museum-2,0.9961096050362873,0.9925510085914937,0.011102438655913637,0.1306966245174408,2.010497570037842,1.8798009157180786,0.9998206696579218,0.00017933034207811882,True,True,False,False,True,True,True,False,False,True,False,highest_benign_minus_attack
6,strict_weight4_seed42,strict_frozen_weight4,42,sealed_final_ood,benign_ood,33327,cert1m:318377,processed/iotsim-ip-camera-museum-2.csv,1736880226.315815,33377,benign,iotsim-ip-camera-museum-2,0.9961096050362873,0.9925510085914937,0.011102438655913637,0.13041695952415466,2.010211944580078,1.879794955253601,0.9998206696579218,0.00017933034207811882,True,True,False,False,True,True,True,False,False,True,False,highest_benign_minus_attack
6,strict_weight4_seed42,strict_frozen_weight4,42,sealed_final_ood,benign_ood,33237,cert1m:318287,processed/iotsim-ip-camera-museum-2.csv,1736880225.670754,33287,benign,iotsim-ip-camera-museum-2,0.9961096050362873,0.9925510085914937,0.011102438655913637,0.12929518520832062,2.0088984966278076,1.8796032667160034,0.9998206696579218,0.00017933034207811882,True,True,False,False,True,True,True,False,False,True,False,highest_benign_minus_attack
6,strict_weight4_seed42,strict_frozen_weight4,42,sealed_final_ood,benign_ood,33310,cert1m:318360,processed/iotsim-ip-camera-museum-2.csv,1736880226.154658,33360,benign,iotsim-ip-camera-museum-2,0.9961096050362873,0.9925510085914937,0.011102438655913637,0.12981796264648438,2.009158134460449,1.8793401718139648,0.9998206696579218,0.00017933034207811882,True,True,False,False,True,True,True,False,False,True,False,highest_benign_minus_attack
6,strict_weight4_seed42,strict_frozen_weight4,42,sealed_final_ood,benign_ood,33300,cert1m:318350,processed/iotsim-ip-camera-museum-2.csv,1736880226.114187,33350,benign,iotsim-ip-camera-museum-2,0.9961096050362873,0.9925510085914937,0.011102438655913637,0.13013231754302979,2.0092661380767822,1.8791338205337524,0.9998206696579218,0.00017933034207811882,True,True,False,False,True,True,True,False,False,True,False,highest_benign_minus_attack
6,strict_weight4_seed42,strict_frozen_weight4,42,sealed_final_ood,benign_ood,33272,cert1m:318322,processed/iotsim-ip-camera-museum-2.csv,1736880225.912608,33322,benign,iotsim-ip-camera-museum-2,0.9961096050362873,0.9925510085914937,0.011102438655913637,0.12974539399147034,2.0088086128234863,1.8790632486343384,0.9998206696579218,0.00017933034207811882,True,True,False,False,True,True,True,False,False,True,False,highest_benign_minus_attack
6,strict_weight4_seed42,strict_frozen_weight4,42,sealed_final_ood,benign_ood,33267,cert1m:318317,processed/iotsim-ip-camera-museum-2.csv,1736880225.832176,33317,benign,iotsim-ip-camera-museum-2,0.9961096050362873,0.9925510085914937,0.011102438655913637,0.1289021223783493,2.0078017711639404,1.8788996934890747,0.9998206696579218,0.00017933034207811882,True,True,False,False,True,True,True,False,False,True,False,highest_benign_minus_attack
6,strict_weight4_seed42,strict_frozen_weight4,42,sealed_final_ood,benign_ood,33271,cert1m:318321,processed/iotsim-ip-camera-museum-2.csv,1736880225.872363,33321,benign,iotsim-ip-camera-museum-2,0.9961096050362873,0.9925510085914937,0.011102438655913637,0.1299615055322647,2.008568286895752,1.8786067962646484,0.9998206696579218,0.00017933034207811882,True,True,False,False,True,True,True,False,False,True,False,highest_benign_minus_attack
6,strict_weight4_seed42,strict_frozen_weight4,42,sealed_final_ood,benign_ood,33197,cert1m:318247,processed/iotsim-ip-camera-museum-2.csv,1736880225.388309,33247,benign,iotsim-ip-camera-museum-2,0.9961096050362873,0.9925510085914937,0.011102438655913637,0.12906575202941895,2.00732684135437,1.8782610893249512,0.9998206696579218,0.00017933034207811882,True,True,False,False,True,True,True,False,False,True,False,highest_benign_minus_attack
6,strict_weight4_seed42,strict_frozen_weight4,42,sealed_final_ood,benign_ood,33275,cert1m:318325,processed/iotsim-ip-camera-museum-2.csv,1736880225.952908,33325,benign,iotsim-ip-camera-museum-2,0.9961096050362873,0.9925510085914937,0.011102438655913637,0.13057680428028107,2.0074515342712402,1.8768746852874756,0.9998206696579218,0.00017933034207811882,True,True,False,False,True,True,True,False,False,True,False,highest_benign_minus_attack
6,strict_weight4_seed42,strict_frozen_weight4,42,sealed_final_ood,benign_ood,33265,cert1m:318315,processed/iotsim-ip-camera-museum-2.csv,1736880225.832148,33315,benign,iotsim-ip-camera-museum-2,0.9961096050362873,0.9925510085914937,0.011102438655913637,0.12938249111175537,2.0054986476898193,1.876116156578064,0.9998206696579218,0.00017933034207811882,True,True,False,False,True,True,True,False,False,True,False,highest_benign_minus_attack
6,strict_weight4_seed42,strict_frozen_weight4,42,sealed_final_ood,benign_ood,33122,cert1m:318172,processed/iotsim-ip-camera-museum-2.csv,1736880225.034758,33172,benign,iotsim-ip-camera-museum-2,0.9961096050362873,0.9925510085914937,0.011102438655913637,0.12965793907642365,2.004997491836548,1.8753395080566406,0.9998206696579218,0.00017933034207811882,True,True,False,False,True,True,True,False,False,True,False,highest_benign_minus_attack
6,strict_weight4_seed42,strict_frozen_weight4,42,sealed_final_ood,benign_ood,33273,cert1m:318323,processed/iotsim-ip-camera-museum-2.csv,1736880225.912652,33323,benign,iotsim-ip-camera-museum-2,0.9961096050362873,0.9925510085914937,0.011102438655913637,0.13028235733509064,2.005455255508423,1.8751728534698486,0.9998206696579218,0.00017933034207811882,True,True,False,False,True,True,True,False,False,True,False,highest_benign_minus_attack
6,strict_weight4_seed42,strict_frozen_weight4,42,sealed_final_ood,benign_ood,33192,cert1m:318242,processed/iotsim-ip-camera-museum-2.csv,1736880225.347962,33242,benign,iotsim-ip-camera-museum-2,0.9961096050362873,0.9925510085914937,0.011102438655913637,0.12899935245513916,2.003892660140991,1.874893307685852,0.9998206696579218,0.00017933034207811882,True,True,False,False,True,True,True,False,False,True,False,highest_benign_minus_attack
6,strict_weight4_seed42,strict_frozen_weight4,42,sealed_final_ood,benign_ood,33203,cert1m:318253,processed/iotsim-ip-camera-museum-2.csv,1736880225.509116,33253,benign,iotsim-ip-camera-museum-2,0.9961096050362873,0.9925510085914937,0.011102438655913637,0.1299971044063568,2.004836082458496,1.874838948249817,0.9998206696579218,0.00017933034207811882,True,True,False,False,True,True,True,False,False,True,False,highest_benign_minus_attack
6,strict_weight4_seed42,strict_frozen_weight4,42,sealed_final_ood,benign_ood,33269,cert1m:318319,processed/iotsim-ip-camera-museum-2.csv,1736880225.872307,33319,benign,iotsim-ip-camera-museum-2,0.9961096050362873,0.9925510085914937,0.011102438655913637,0.12910005450248718,2.003901243209839,1.8748011589050293,0.9998206696579218,0.00017933034207811882,True,True,False,False,True,True,True,False,False,True,False,highest_benign_minus_attack
6,strict_weight4_seed42,strict_frozen_weight4,42,sealed_final_ood,benign_ood,33219,cert1m:318269,processed/iotsim-ip-camera-museum-2.csv,1736880225.509455,33269,benign,iotsim-ip-camera-museum-2,0.9961096050362873,0.9925510085914937,0.011102438655913637,0.1300775706768036,2.004577398300171,1.874499797821045,0.9998206696579218,0.00017933034207811882,True,True,False,False,True,True,True,False,False,True,False,highest_benign_minus_attack
6,strict_weight4_seed42,strict_frozen_weight4,42,sealed_final_ood,benign_ood,33148,cert1m:318198,processed/iotsim-ip-camera-museum-2.csv,1736880225.196389,33198,benign,iotsim-ip-camera-museum-2,0.9961096050362873,0.9925510085914937,0.011102438655913637,0.1297285407781601,2.004148244857788,1.8744196891784668,0.9998206696579218,0.00017933034207811882,True,True,False,False,True,True,True,False,False,True,False,highest_benign_minus_attack
6,strict_weight4_seed42,strict_frozen_weight4,42,sealed_final_ood,benign_ood,33205,cert1m:318255,processed/iotsim-ip-camera-museum-2.csv,1736880225.50918,33255,benign,iotsim-ip-camera-museum-2,0.9961096050362873,0.9925510085914937,0.011102438655913637,0.12940382957458496,2.0038228034973145,1.8744189739227295,0.9998206696579218,0.00017933034207811882,True,True,False,False,True,True,True,False,False,True,False,highest_benign_minus_attack
6,strict_weight4_seed42,strict_frozen_weight4,42,sealed_final_ood,benign_ood,33201,cert1m:318251,processed/iotsim-ip-camera-museum-2.csv,1736880225.468814,33251,benign,iotsim-ip-camera-museum-2,0.9961096050362873,0.9925510085914937,0.011102438655913637,0.129719078540802,2.003425121307373,1.8737061023712158,0.9998206696579218,0.00017933034207811882,True,True,False,False,True,True,True,False,False,True,False,highest_benign_minus_attack
6,strict_weight4_seed42,strict_frozen_weight4,42,sealed_final_ood,benign_ood,33239,cert1m:318289,processed/iotsim-ip-camera-museum-2.csv,1736880225.670786,33289,benign,iotsim-ip-camera-museum-2,0.9961096050362873,0.9925510085914937,0.011102438655913637,0.12880627810955048,2.0023245811462402,1.8735183477401733,0.9998206696579218,0.00017933034207811882,True,True,False,False,True,True,True,False,False,True,False,highest_benign_minus_attack
6,strict_weight4_seed42,strict_frozen_weight4,42,sealed_final_ood,benign_ood,33277,cert1m:318327,processed/iotsim-ip-camera-museum-2.csv,1736880225.99322,33327,benign,iotsim-ip-camera-museum-2,0.9961096050362873,0.9925510085914937,0.011102438655913637,0.12997379899024963,2.0030665397644043,1.873092770576477,0.9998206696579218,0.00017933034207811882,True,True,False,False,True,True,True,False,False,True,False,highest_benign_minus_attack
6,strict_weight4_seed42,strict_frozen_weight4,42,sealed_final_ood,benign_ood,33146,cert1m:318196,processed/iotsim-ip-camera-museum-2.csv,1736880225.196363,33196,benign,iotsim-ip-camera-museum-2,0.9961096050362873,0.9925510085914937,0.011102438655913637,0.13035431504249573,2.0030837059020996,1.8727294206619263,0.9998206696579218,0.00017933034207811882,True,True,False,False,True,True,True,False,False,True,False,highest_benign_minus_attack
6,strict_weight4_seed42,strict_frozen_weight4,42,sealed_final_ood,benign_ood,33312,cert1m:318362,processed/iotsim-ip-camera-museum-2.csv,1736880226.154693,33362,benign,iotsim-ip-camera-museum-2,0.9961096050362873,0.9925510085914937,0.011102438655913637,0.12928596138954163,2.0019521713256836,1.8726662397384644,0.9998206696579218,0.00017933034207811882,True,True,False,False,True,True,True,False,False,True,False,highest_benign_minus_attack
6,strict_weight4_seed42,strict_frozen_weight4,42,sealed_final_ood,benign_ood,33236,cert1m:318286,processed/iotsim-ip-camera-museum-2.csv,1736880225.670743,33286,benign,iotsim-ip-camera-museum-2,0.9961096050362873,0.9925510085914937,0.011102438655913637,0.12956403195858002,2.002149820327759,1.8725857734680176,0.9998206696579218,0.00017933034207811882,True,True,False,False,True,True,True,False,False,True,False,highest_benign_minus_attack
6,strict_weight4_seed42,strict_frozen_weight4,42,sealed_final_ood,benign_ood,33120,cert1m:318170,processed/iotsim-ip-camera-museum-2.csv,1736880225.034735,33170,benign,iotsim-ip-camera-museum-2,0.9961096050362873,0.9925510085914937,0.011102438655913637,0.13029304146766663,2.0025062561035156,1.8722132444381714,0.9998206696579218,0.00017933034207811882,True,True,False,False,True,True,True,False,False,True,False,highest_benign_minus_attack
6,strict_weight4_seed42,strict_frozen_weight4,42,sealed_final_ood,benign_ood,33309,cert1m:318359,processed/iotsim-ip-camera-museum-2.csv,1736880226.154644,33359,benign,iotsim-ip-camera-museum-2,0.9961096050362873,0.9925510085914937,0.011102438655913637,0.13011132180690765,2.0021283626556396,1.8720170259475708,0.9998206696579218,0.00017933034207811882,True,True,False,False,True,True,True,False,False,True,False,highest_benign_minus_attack
6,strict_weight4_seed42,strict_frozen_weight4,42,sealed_final_ood,benign_ood,33196,cert1m:318246,processed/iotsim-ip-camera-museum-2.csv,1736880225.388222,33246,benign,iotsim-ip-camera-museum-2,0.9961096050362873,0.9925510085914937,0.011102438655913637,0.1293095499277115,2.0012495517730713,1.871940016746521,0.9998206696579218,0.00017933034207811882,True,True,False,False,True,True,True,False,False,True,False,highest_benign_minus_attack
6,strict_weight4_seed42,strict_frozen_weight4,42,sealed_final_ood,benign_ood,33195,cert1m:318245,processed/iotsim-ip-camera-museum-2.csv,1736880225.348006,33245,benign,iotsim-ip-camera-museum-2,0.9961096050362873,0.9925510085914937,0.011102438655913637,0.12947939336299896,2.0006425380706787,1.8711631298065186,0.9998206696579218,0.00017933034207811882,True,True,False,False,True,True,True,False,False,True,False,highest_benign_minus_attack
6,strict_weight4_seed42,strict_frozen_weight4,42,sealed_final_ood,benign_ood,33328,cert1m:318378,processed/iotsim-ip-camera-museum-2.csv,1736880226.31586,33378,benign,iotsim-ip-camera-museum-2,0.9961096050362873,0.9925510085914937,0.011102438655913637,0.13009154796600342,2.000706911087036,1.8706153631210327,0.9998206696579218,0.00017933034207811882,True,True,False,False,True,True,True,False,False,True,False,highest_benign_minus_attack
6,strict_weight4_seed42,strict_frozen_weight4,42,sealed_final_ood,benign_ood,33138,cert1m:318188,processed/iotsim-ip-camera-museum-2.csv,1736880225.075116,33188,benign,iotsim-ip-camera-museum-2,0.9961096050362873,0.9925510085914937,0.011102438655913637,0.1303488165140152,2.0007638931274414,1.8704150915145874,0.9998206696579218,0.00017933034207811882,True,True,False,False,True,True,True,False,False,True,False,highest_benign_minus_attack
6,strict_weight4_seed42,strict_frozen_weight4,42,sealed_final_ood,benign_ood,33247,cert1m:318297,processed/iotsim-ip-camera-museum-2.csv,1736880225.751257,33297,benign,iotsim-ip-camera-museum-2,0.9961096050362873,0.9925510085914937,0.011102438655913637,0.12983055412769318,2.0001730918884277,1.870342493057251,0.9998206696579218,0.00017933034207811882,True,True,False,False,True,True,True,False,False,True,False,highest_benign_minus_attack
6,strict_weight4_seed42,strict_frozen_weight4,42,sealed_final_ood,benign_ood,33202,cert1m:318252,processed/iotsim-ip-camera-museum-2.csv,1736880225.468854,33252,benign,iotsim-ip-camera-museum-2,0.9961096050362873,0.9925510085914937,0.011102438655913637,0.13025134801864624,2.000267505645752,1.870016098022461,0.9998206696579218,0.00017933034207811882,True,True,False,False,True,True,True,False,False,True,False,highest_benign_minus_attack
6,strict_weight4_seed42,strict_frozen_weight4,42,sealed_final_ood,benign_ood,33264,cert1m:318314,processed/iotsim-ip-camera-museum-2.csv,1736880225.832125,33314,benign,iotsim-ip-camera-museum-2,0.9961096050362873,0.9925510085914937,0.011102438655913637,0.1296451836824417,1.9990166425704956,1.8693714141845703,0.9998206696579218,0.00017933034207811882,True,True,False,False,True,True,True,False,False,True,False,highest_benign_minus_attack
6,strict_weight4_seed42,strict_frozen_weight4,42,sealed_final_ood,benign_ood,33191,cert1m:318241,processed/iotsim-ip-camera-museum-2.csv,1736880225.347946,33241,benign,iotsim-ip-camera-museum-2,0.9961096050362873,0.9925510085914937,0.011102438655913637,0.12923650443553925,1.9980475902557373,1.8688111305236816,0.9998206696579218,0.00017933034207811882,True,True,False,False,True,True,True,False,False,True,False,highest_benign_minus_attack
6,strict_weight4_seed42,strict_frozen_weight4,42,sealed_final_ood,benign_ood,33200,cert1m:318250,processed/iotsim-ip-camera-museum-2.csv,1736880225.428535,33250,benign,iotsim-ip-camera-museum-2,0.9961096050362873,0.9925510085914937,0.011102438655913637,0.12994125485420227,1.9972187280654907,1.8672775030136108,0.9998206696579218,0.00017933034207811882,True,True,False,False,True,True,True,False,False,True,False,highest_benign_minus_attack
6,strict_weight4_seed42,strict_frozen_weight4,42,sealed_final_ood,benign_ood,33223,cert1m:318273,processed/iotsim-ip-camera-museum-2.csv,1736880225.589951,33273,benign,iotsim-ip-camera-museum-2,0.9961096050362873,0.9925510085914937,0.011102438655913637,0.1296713799238205,1.9968887567520142,1.8672174215316772,0.9998206696579218,0.00017933034207811882,True,True,False,False,True,True,True,False,False,True,False,highest_benign_minus_attack
6,strict_weight4_seed42,strict_frozen_weight4,42,sealed_final_ood,benign_ood,33270,cert1m:318320,processed/iotsim-ip-camera-museum-2.csv,1736880225.872351,33320,benign,iotsim-ip-camera-museum-2,0.9961096050362873,0.9925510085914937,0.011102438655913637,0.1288640946149826,1.9960167407989502,1.8671526908874512,0.9998206696579218,0.00017933034207811882,True,True,False,False,True,True,True,False,False,True,False,highest_benign_minus_attack
6,strict_weight4_seed42,strict_frozen_weight4,42,sealed_final_ood,benign_ood,33123,cert1m:318173,processed/iotsim-ip-camera-museum-2.csv,1736880225.034776,33173,benign,iotsim-ip-camera-museum-2,0.9961096050362873,0.9925510085914937,0.011102438655913637,0.12937398254871368,1.9958709478378296,1.8664969205856323,0.9998206696579218,0.00017933034207811882,True,True,False,False,True,True,True,False,False,True,False,highest_benign_minus_attack
6,strict_weight4_seed42,strict_frozen_weight4,42,sealed_final_ood,benign_ood,33323,cert1m:318373,processed/iotsim-ip-camera-museum-2.csv,1736880226.235179,33373,benign,iotsim-ip-camera-museum-2,0.9961096050362873,0.9925510085914937,0.011102438655913637,0.12936931848526,1.995806336402893,1.8664369583129883,0.9998206696579218,0.00017933034207811882,True,True,False,False,True,True,True,False,False,True,False,highest_benign_minus_attack
6,strict_weight4_seed42,strict_frozen_weight4,42,sealed_final_ood,benign_ood,33139,cert1m:318189,processed/iotsim-ip-camera-museum-2.csv,1736880225.115737,33189,benign,iotsim-ip-camera-museum-2,0.9961096050362873,0.9925510085914937,0.011102438655913637,0.13010470569133759,1.9964263439178467,1.8663216829299927,0.9998206696579218,0.00017933034207811882,True,True,False,False,True,True,True,False,False,True,False,highest_benign_minus_attack
6,strict_weight4_seed42,strict_frozen_weight4,42,sealed_final_ood,benign_ood,33324,cert1m:318374,processed/iotsim-ip-camera-museum-2.csv,1736880226.235207,33374,benign,iotsim-ip-camera-museum-2,0.9961096050362873,0.9925510085914937,0.011102438655913637,0.12974698841571808,1.99587881565094,1.8661317825317383,0.9998206696579218,0.00017933034207811882,True,True,False,False,True,True,True,False,False,True,False,highest_benign_minus_attack
6,strict_weight4_seed42,strict_frozen_weight4,42,sealed_final_ood,benign_ood,33240,cert1m:318290,processed/iotsim-ip-camera-museum-2.csv,1736880225.670799,33290,benign,iotsim-ip-camera-museum-2,0.9961096050362873,0.9925510085914937,0.011102438655913637,0.12858405709266663,1.9946887493133545,1.8661047220230103,0.9998206696579218,0.00017933034207811882,True,True,False,False,True,True,True,False,False,True,False,highest_benign_minus_attack
6,strict_weight4_seed42,strict_frozen_weight4,42,sealed_final_ood,benign_ood,33092,cert1m:318142,processed/iotsim-ip-camera-museum-2.csv,1736880224.873383,33142,benign,iotsim-ip-camera-museum-2,0.9961096050362873,0.9925510085914937,0.011102438655913637,0.129969984292984,1.996055006980896,1.8660850524902344,0.9998206696579218,0.00017933034207811882,True,True,False,False,True,True,True,False,False,True,False,highest_benign_minus_attack
6,strict_weight4_seed42,strict_frozen_weight4,42,sealed_final_ood,benign_ood,33206,cert1m:318256,processed/iotsim-ip-camera-museum-2.csv,1736880225.509203,33256,benign,iotsim-ip-camera-museum-2,0.9961096050362873,0.9925510085914937,0.011102438655913637,0.1291375458240509,1.9951598644256592,1.8660223484039307,0.9998206696579218,0.00017933034207811882,True,True,False,False,True,True,True,False,False,True,False,highest_benign_minus_attack
6,strict_weight4_seed42,strict_frozen_weight4,42,sealed_final_ood,benign_ood,33149,cert1m:318199,processed/iotsim-ip-camera-museum-2.csv,1736880225.196406,33199,benign,iotsim-ip-camera-museum-2,0.9961096050362873,0.9925510085914937,0.011102438655913637,0.12944792211055756,1.995290994644165,1.8658430576324463,0.9998206696579218,0.00017933034207811882,True,True,False,False,True,True,True,False,False,True,False,highest_benign_minus_attack
6,strict_weight4_seed42,strict_frozen_weight4,42,sealed_final_ood,benign_ood,33235,cert1m:318285,processed/iotsim-ip-camera-museum-2.csv,1736880225.670725,33285,benign,iotsim-ip-camera-museum-2,0.9961096050362873,0.9925510085914937,0.011102438655913637,0.12985073029994965,1.9953149557113647,1.865464210510254,0.9998206696579218,0.00017933034207811882,True,True,False,False,True,True,True,False,False,True,False,highest_benign_minus_attack
6,strict_weight4_seed42,strict_frozen_weight4,42,sealed_final_ood,benign_ood,33245,cert1m:318295,processed/iotsim-ip-camera-museum-2.csv,1736880225.710985,33295,benign,iotsim-ip-camera-museum-2,0.9961096050362873,0.9925510085914937,0.011102438655913637,0.12972107529640198,1.9951189756393433,1.8653979301452637,0.9998206696579218,0.00017933034207811882,True,True,False,False,True,True,True,False,False,True,False,highest_benign_minus_attack
6,strict_weight4_seed42,strict_frozen_weight4,42,sealed_final_ood,benign_ood,33246,cert1m:318296,processed/iotsim-ip-camera-museum-2.csv,1736880225.710994,33296,benign,iotsim-ip-camera-museum-2,0.9961096050362873,0.9925510085914937,0.011102438655913637,0.13005861639976501,1.9951168298721313,1.865058183670044,0.9998206696579218,0.00017933034207811882,True,True,False,False,True,True,True,False,False,True,False,highest_benign_minus_attack
6,strict_weight4_seed42,strict_frozen_weight4,42,sealed_final_ood,benign_ood,33313,cert1m:318363,processed/iotsim-ip-camera-museum-2.csv,1736880226.154707,33363,benign,iotsim-ip-camera-museum-2,0.9961096050362873,0.9925510085914937,0.011102438655913637,0.1290447860956192,1.9940941333770752,1.8650493621826172,0.9998206696579218,0.00017933034207811882,True,True,False,False,True,True,True,False,False,True,False,highest_benign_minus_attack
6,strict_weight4_seed42,strict_frozen_weight4,42,sealed_final_ood,benign_ood,33243,cert1m:318293,processed/iotsim-ip-camera-museum-2.csv,1736880225.670844,33293,benign,iotsim-ip-camera-museum-2,0.9961096050362873,0.9925510085914937,0.011102438655913637,0.1302361935377121,1.9950602054595947,1.8648240566253662,0.9998206696579218,0.00017933034207811882,True,True,False,False,True,True,True,False,False,True,False,highest_benign_minus_attack
6,strict_weight4_seed42,strict_frozen_weight4,42,sealed_final_ood,benign_ood,33145,cert1m:318195,processed/iotsim-ip-camera-museum-2.csv,1736880225.196337,33195,benign,iotsim-ip-camera-museum-2,0.9961096050362873,0.9925510085914937,0.011102438655913637,0.13070306181907654,1.9954882860183716,1.8647851943969727,0.9998206696579218,0.00017933034207811882,True,True,False,False,True,True,True,False,False,True,False,highest_benign_minus_attack
6,strict_weight4_seed42,strict_frozen_weight4,42,sealed_final_ood,benign_ood,33117,cert1m:318167,processed/iotsim-ip-camera-museum-2.csv,1736880224.994439,33167,benign,iotsim-ip-camera-museum-2,0.9961096050362873,0.9925510085914937,0.011102438655913637,0.13137231767177582,1.9960966110229492,1.8647242784500122,0.9998206696579218,0.00017933034207811882,True,True,False,False,True,True,True,False,False,True,False,highest_benign_minus_attack
6,strict_weight4_seed42,strict_frozen_weight4,42,sealed_final_ood,benign_ood,33308,cert1m:318358,processed/iotsim-ip-camera-museum-2.csv,1736880226.154623,33358,benign,iotsim-ip-camera-museum-2,0.9961096050362873,0.9925510085914937,0.011102438655913637,0.13042476773262024,1.9950052499771118,1.864580512046814,0.9998206696579218,0.00017933034207811882,True,True,False,False,True,True,True,False,False,True,False,highest_benign_minus_attack
6,strict_weight4_seed42,strict_frozen_weight4,42,sealed_final_ood,benign_ood,33090,cert1m:318140,processed/iotsim-ip-camera-museum-2.csv,1736880224.833146,33140,benign,iotsim-ip-camera-museum-2,0.9961096050362873,0.9925510085914937,0.011102438655913637,0.1302313357591629,1.9944993257522583,1.8642679452896118,0.9998206696579218,0.00017933034207811882,True,True,False,False,True,True,True,False,False,True,False,highest_benign_minus_attack
6,strict_weight4_seed42,strict_frozen_weight4,42,sealed_final_ood,benign_ood,33278,cert1m:318328,processed/iotsim-ip-camera-museum-2.csv,1736880225.993229,33328,benign,iotsim-ip-camera-museum-2,0.9961096050362873,0.9925510085914937,0.011102438655913637,0.1296735405921936,1.9938510656356812,1.8641774654388428,0.9998206696579218,0.00017933034207811882,True,True,False,False,True,True,True,False,False,True,False,highest_benign_minus_attack
6,strict_weight4_seed42,strict_frozen_weight4,42,sealed_final_ood,benign_ood,33119,cert1m:318169,processed/iotsim-ip-camera-museum-2.csv,1736880225.034705,33169,benign,iotsim-ip-camera-museum-2,0.9961096050362873,0.9925510085914937,0.011102438655913637,0.13064804673194885,1.9948216676712036,1.8641736507415771,0.9998206696579218,0.00017933034207811882,True,True,False,False,True,True,True,False,False,True,False,highest_benign_minus_attack
6,strict_weight4_seed42,strict_frozen_weight4,42,sealed_final_ood,benign_ood,33190,cert1m:318240,processed/iotsim-ip-camera-museum-2.csv,1736880225.347935,33240,benign,iotsim-ip-camera-museum-2,0.9961096050362873,0.9925510085914937,0.011102438655913637,0.12948717176914215,1.9921435117721558,1.8626563549041748,0.9998206696579218,0.00017933034207811882,True,True,False,False,True,True,True,False,False,True,False,highest_benign_minus_attack
6,strict_weight4_seed42,strict_frozen_weight4,42,sealed_final_ood,benign_ood,33199,cert1m:318249,processed/iotsim-ip-camera-museum-2.csv,1736880225.428503,33249,benign,iotsim-ip-camera-museum-2,0.9961096050362873,0.9925510085914937,0.011102438655913637,0.1298905313014984,1.9924875497817993,1.8625969886779785,0.9998206696579218,0.00017933034207811882,True,True,False,False,True,True,True,False,False,True,False,highest_benign_minus_attack
6,strict_weight4_seed42,strict_frozen_weight4,42,sealed_final_ood,benign_ood,33263,cert1m:318313,processed/iotsim-ip-camera-museum-2.csv,1736880225.832108,33313,benign,iotsim-ip-camera-museum-2,0.9961096050362873,0.9925510085914937,0.011102438655913637,0.12992429733276367,1.9924561977386475,1.8625319004058838,0.9998206696579218,0.00017933034207811882,True,True,False,False,True,True,True,False,False,True,False,highest_benign_minus_attack
6,strict_weight4_seed42,strict_frozen_weight4,42,sealed_final_ood,benign_ood,33221,cert1m:318271,processed/iotsim-ip-camera-museum-2.csv,1736880225.549601,33271,benign,iotsim-ip-camera-museum-2,0.9961096050362873,0.9925510085914937,0.011102438655913637,0.12957818806171417,1.991801381111145,1.8622231483459473,0.9998206696579218,0.00017933034207811882,True,True,False,False,True,True,True,False,False,True,False,highest_benign_minus_attack
6,strict_weight4_seed42,strict_frozen_weight4,42,sealed_final_ood,benign_ood,33222,cert1m:318272,processed/iotsim-ip-camera-museum-2.csv,1736880225.549651,33272,benign,iotsim-ip-camera-museum-2,0.9961096050362873,0.9925510085914937,0.011102438655913637,0.12989050149917603,1.9919378757476807,1.8620474338531494,0.9998206696579218,0.00017933034207811882,True,True,False,False,True,True,True,False,False,True,False,highest_benign_minus_attack
6,strict_weight4_seed42,strict_frozen_weight4,42,sealed_final_ood,benign_ood,33329,cert1m:318379,processed/iotsim-ip-camera-museum-2.csv,1736880226.315888,33379,benign,iotsim-ip-camera-museum-2,0.9961096050362873,0.9925510085914937,0.011102438655913637,0.12978999316692352,1.991653323173523,1.861863374710083,0.9998206696579218,0.00017933034207811882,True,True,False,False,True,True,True,False,False,True,False,highest_benign_minus_attack
6,strict_weight4_seed42,strict_frozen_weight4,42,sealed_final_ood,benign_ood,33198,cert1m:318248,processed/iotsim-ip-camera-museum-2.csv,1736880225.388333,33248,benign,iotsim-ip-camera-museum-2,0.9961096050362873,0.9925510085914937,0.011102438655913637,0.1301032453775406,1.9917728900909424,1.861669659614563,0.9998206696579218,0.00017933034207811882,True,True,False,False,True,True,True,False,False,True,False,highest_benign_minus_attack
6,strict_weight4_seed42,strict_frozen_weight4,42,sealed_final_ood,benign_ood,33322,cert1m:318372,processed/iotsim-ip-camera-museum-2.csv,1736880226.194936,33372,benign,iotsim-ip-camera-museum-2,0.9961096050362873,0.9925510085914937,0.011102438655913637,0.1295551061630249,1.9902151823043823,1.8606600761413574,0.9998206696579218,0.00017933034207811882,True,True,False,False,True,True,True,False,False,True,False,highest_benign_minus_attack
6,strict_weight4_seed42,strict_frozen_weight4,42,sealed_final_ood,benign_ood,33225,cert1m:318275,processed/iotsim-ip-camera-museum-2.csv,1736880225.630242,33275,benign,iotsim-ip-camera-museum-2,0.9961096050362873,0.9925510085914937,0.011102438655913637,0.13023842871189117,1.9906425476074219,1.860404133796692,0.9998206696579218,0.00017933034207811882,True,True,False,False,True,True,True,False,False,True,False,highest_benign_minus_attack
6,strict_weight4_seed42,strict_frozen_weight4,42,sealed_final_ood,benign_ood,33325,cert1m:318375,processed/iotsim-ip-camera-museum-2.csv,1736880226.275484,33375,benign,iotsim-ip-camera-museum-2,0.9961096050362873,0.9925510085914937,0.011102438655913637,0.1295388638973236,1.9897150993347168,1.8601762056350708,0.9998206696579218,0.00017933034207811882,True,True,False,False,True,True,True,False,False,True,False,highest_benign_minus_attack
6,strict_weight4_seed42,strict_frozen_weight4,42,sealed_final_ood,benign_ood,33136,cert1m:318186,processed/iotsim-ip-camera-museum-2.csv,1736880225.075061,33186,benign,iotsim-ip-camera-museum-2,0.9961096050362873,0.9925510085914937,0.011102438655913637,0.12877406179904938,1.9880499839782715,1.8592759370803833,0.9998206696579218,0.00017933034207811882,True,True,False,False,True,True,True,False,False,True,False,highest_benign_minus_attack
