row_uid,role,phase,class_name,source_group,device_family,recorded_index,attack_label
support_train:0,support_train,fit,attack,processed/iotsim-combined-cycle-10.csv,combined-cycle,16887,File Download
support_train:1,support_train,fit,attack,processed/iotsim-combined-cycle-10.csv,combined-cycle,16617,File Download
support_train:2,support_train,fit,attack,processed/iotsim-combined-cycle-10.csv,combined-cycle,16613,File Download
support_train:3,support_train,fit,attack,processed/iotsim-combined-cycle-10.csv,combined-cycle,16612,File Download
support_train:4,support_train,fit,attack,processed/iotsim-combined-cycle-10.csv,combined-cycle,16630,File Download
support_train:5,support_train,fit,attack,processed/iotsim-combined-cycle-10.csv,combined-cycle,16618,File Download
support_train:6,support_train,fit,attack,processed/iotsim-combined-cycle-10.csv,combined-cycle,16615,File Download
support_train:7,support_train,fit,attack,processed/iotsim-combined-cycle-10.csv,combined-cycle,16639,File Download
support_train:8,support_train,fit,attack,processed/iotsim-combined-cycle-10.csv,combined-cycle,16620,File Download
support_train:9,support_train,fit,attack,processed/iotsim-combined-cycle-10.csv,combined-cycle,17217,File Download
support_train:10,support_train,fit,attack,processed/iotsim-combined-cycle-10.csv,combined-cycle,16611,File Download
support_train:11,support_train,fit,attack,processed/iotsim-combined-cycle-10.csv,combined-cycle,16673,File Download
support_train:12,support_train,fit,attack,processed/iotsim-combined-cycle-10.csv,combined-cycle,17218,File Download
support_train:13,support_train,fit,attack,processed/iotsim-combined-cycle-10.csv,combined-cycle,16623,File Download
support_train:14,support_train,fit,attack,processed/iotsim-combined-cycle-10.csv,combined-cycle,16627,File Download
support_train:15,support_train,fit,attack,processed/iotsim-combined-cycle-10.csv,combined-cycle,31678,Ingress Tool Transfer
support_train:16,support_train,fit,attack,processed/iotsim-combined-cycle-10.csv,combined-cycle,16607,Ingress Tool Transfer
support_train:17,support_train,fit,attack,processed/iotsim-combined-cycle-10.csv,combined-cycle,30929,Ingress Tool Transfer
support_train:18,support_train,fit,attack,processed/iotsim-combined-cycle-10.csv,combined-cycle,19354,Ingress Tool Transfer
support_train:19,support_train,fit,attack,processed/iotsim-combined-cycle-10.csv,combined-cycle,16572,Ingress Tool Transfer
support_train:20,support_train,fit,attack,processed/iotsim-combined-cycle-10.csv,combined-cycle,17823,Ingress Tool Transfer
support_train:21,support_train,fit,attack,processed/iotsim-combined-cycle-10.csv,combined-cycle,16540,Ingress Tool Transfer
support_train:22,support_train,fit,attack,processed/iotsim-combined-cycle-10.csv,combined-cycle,16880,Ingress Tool Transfer
support_train:23,support_train,fit,attack,processed/iotsim-combined-cycle-10.csv,combined-cycle,17958,Ingress Tool Transfer
support_train:24,support_train,fit,attack,processed/iotsim-combined-cycle-10.csv,combined-cycle,16570,Ingress Tool Transfer
support_train:25,support_train,fit,attack,processed/iotsim-combined-cycle-10.csv,combined-cycle,19352,Ingress Tool Transfer
support_train:26,support_train,fit,attack,processed/iotsim-combined-cycle-10.csv,combined-cycle,18121,Ingress Tool Transfer
support_train:27,support_train,fit,attack,processed/iotsim-combined-cycle-10.csv,combined-cycle,19353,Ingress Tool Transfer
support_train:28,support_train,fit,attack,processed/iotsim-combined-cycle-10.csv,combined-cycle,28133,Ingress Tool Transfer
support_train:29,support_train,fit,attack,processed/iotsim-combined-cycle-10.csv,combined-cycle,17824,Ingress Tool Transfer
support_train:30,support_train,fit,attack,processed/iotsim-combined-cycle-10.csv,combined-cycle,19646,Ingress Tool Transfer
support_train:31,support_train,fit,attack,processed/iotsim-combined-cycle-10.csv,combined-cycle,16579,Ingress Tool Transfer
support_train:32,support_train,fit,attack,processed/iotsim-combined-cycle-10.csv,combined-cycle,16538,Ingress Tool Transfer
support_train:326,support_train,fit,attack,processed/iotsim-city-power-1.csv,city-power,49213,Mirai UDP Flooding
support_train:327,support_train,fit,attack,processed/iotsim-city-power-1.csv,city-power,49192,Mirai UDP Flooding
support_train:328,support_train,fit,attack,processed/iotsim-city-power-1.csv,city-power,49215,Mirai UDP Flooding
support_train:329,support_train,fit,attack,processed/iotsim-city-power-1.csv,city-power,49195,Mirai UDP Flooding
support_train:331,support_train,fit,attack,processed/iotsim-city-power-1.csv,city-power,49200,Mirai UDP Flooding
support_train:332,support_train,fit,attack,processed/iotsim-city-power-1.csv,city-power,49214,Mirai UDP Flooding
support_train:333,support_train,fit,attack,processed/iotsim-city-power-1.csv,city-power,49217,Mirai UDP Flooding
support_train:334,support_train,fit,attack,processed/iotsim-city-power-1.csv,city-power,49247,Mirai UDP Flooding
support_train:336,support_train,fit,attack,processed/iotsim-city-power-1.csv,city-power,49194,Mirai UDP Flooding
support_train:338,support_train,fit,attack,processed/iotsim-city-power-1.csv,city-power,49197,Mirai UDP Flooding
support_train:342,support_train,fit,attack,processed/iotsim-city-power-1.csv,city-power,52649,Mirai UDP Flooding
support_train:343,support_train,fit,attack,processed/iotsim-city-power-1.csv,city-power,49191,Mirai UDP Flooding
support_train:344,support_train,fit,attack,processed/iotsim-city-power-1.csv,city-power,49216,Mirai UDP Flooding
support_train:345,support_train,fit,attack,processed/iotsim-city-power-1.csv,city-power,49196,Mirai UDP Flooding
support_train:346,support_train,fit,attack,processed/iotsim-city-power-1.csv,city-power,49198,Mirai UDP Flooding
support_train:350,support_train,fit,attack,processed/iotsim-city-power-1.csv,city-power,49211,Mirai UDP Flooding
support_train:354,support_train,fit,attack,processed/iotsim-city-power-1.csv,city-power,50781,Mirai UDP Flooding
support_train:355,support_train,fit,attack,processed/iotsim-city-power-1.csv,city-power,49202,Mirai UDP Flooding
support_train:358,support_train,fit,attack,processed/iotsim-city-power-1.csv,city-power,49232,Mirai UDP Flooding
support_train:370,support_train,fit,attack,processed/iotsim-city-power-1.csv,city-power,55932,Mirai UDP Flooding
support_train:371,support_train,fit,attack,processed/iotsim-city-power-1.csv,city-power,53696,Mirai UDP Flooding
support_train:374,support_train,fit,attack,processed/iotsim-city-power-1.csv,city-power,49201,Mirai UDP Flooding
support_train:375,support_train,fit,attack,processed/iotsim-city-power-1.csv,city-power,49207,Mirai UDP Flooding
support_train:376,support_train,fit,attack,processed/iotsim-city-power-1.csv,city-power,49203,Mirai UDP Flooding
support_train:380,support_train,fit,attack,processed/iotsim-city-power-1.csv,city-power,49238,Mirai UDP Flooding
id_calib:0,id_calib,fit,benign,processed/iotsim-combined-cycle-tls-3.csv,iotsim-combined-cycle-tls,50,benign
id_calib:1,id_calib,fit,benign,processed/iotsim-combined-cycle-tls-3.csv,iotsim-combined-cycle-tls,51,benign
id_calib:2,id_calib,fit,benign,processed/iotsim-combined-cycle-tls-3.csv,iotsim-combined-cycle-tls,52,benign
id_calib:3,id_calib,fit,benign,processed/iotsim-combined-cycle-tls-3.csv,iotsim-combined-cycle-tls,53,benign
id_calib:4,id_calib,fit,benign,processed/iotsim-combined-cycle-tls-3.csv,iotsim-combined-cycle-tls,54,benign
id_calib:5,id_calib,fit,benign,processed/iotsim-combined-cycle-tls-3.csv,iotsim-combined-cycle-tls,55,benign
id_calib:6,id_calib,fit,benign,processed/iotsim-combined-cycle-tls-3.csv,iotsim-combined-cycle-tls,56,benign
id_calib:7,id_calib,fit,benign,processed/iotsim-combined-cycle-tls-3.csv,iotsim-combined-cycle-tls,57,benign
id_calib:8,id_calib,fit,benign,processed/iotsim-combined-cycle-tls-3.csv,iotsim-combined-cycle-tls,58,benign
id_calib:9,id_calib,fit,benign,processed/iotsim-combined-cycle-tls-3.csv,iotsim-combined-cycle-tls,59,benign
id_calib:10,id_calib,fit,benign,processed/iotsim-combined-cycle-tls-3.csv,iotsim-combined-cycle-tls,60,benign
id_calib:11,id_calib,fit,benign,processed/iotsim-combined-cycle-tls-3.csv,iotsim-combined-cycle-tls,61,benign
id_calib:12,id_calib,fit,benign,processed/iotsim-combined-cycle-tls-3.csv,iotsim-combined-cycle-tls,62,benign
id_calib:13,id_calib,fit,benign,processed/iotsim-combined-cycle-tls-3.csv,iotsim-combined-cycle-tls,63,benign
id_calib:14,id_calib,fit,benign,processed/iotsim-combined-cycle-tls-3.csv,iotsim-combined-cycle-tls,64,benign
id_calib:15,id_calib,fit,benign,processed/iotsim-combined-cycle-tls-3.csv,iotsim-combined-cycle-tls,65,benign
id_calib:16,id_calib,fit,benign,processed/iotsim-combined-cycle-tls-3.csv,iotsim-combined-cycle-tls,66,benign
id_calib:17,id_calib,fit,benign,processed/iotsim-combined-cycle-tls-3.csv,iotsim-combined-cycle-tls,67,benign
id_calib:18,id_calib,fit,benign,processed/iotsim-combined-cycle-tls-3.csv,iotsim-combined-cycle-tls,68,benign
id_calib:19,id_calib,fit,benign,processed/iotsim-combined-cycle-tls-3.csv,iotsim-combined-cycle-tls,69,benign
id_calib:20,id_calib,fit,benign,processed/iotsim-combined-cycle-tls-3.csv,iotsim-combined-cycle-tls,70,benign
id_calib:21,id_calib,fit,benign,processed/iotsim-combined-cycle-tls-3.csv,iotsim-combined-cycle-tls,71,benign
id_calib:22,id_calib,fit,benign,processed/iotsim-combined-cycle-tls-3.csv,iotsim-combined-cycle-tls,72,benign
id_calib:23,id_calib,fit,benign,processed/iotsim-combined-cycle-tls-3.csv,iotsim-combined-cycle-tls,73,benign
id_calib:24,id_calib,fit,benign,processed/iotsim-combined-cycle-tls-3.csv,iotsim-combined-cycle-tls,74,benign
id_calib:25,id_calib,fit,benign,processed/iotsim-combined-cycle-tls-3.csv,iotsim-combined-cycle-tls,75,benign
id_calib:26,id_calib,fit,benign,processed/iotsim-combined-cycle-tls-3.csv,iotsim-combined-cycle-tls,76,benign
id_calib:27,id_calib,fit,benign,processed/iotsim-combined-cycle-tls-3.csv,iotsim-combined-cycle-tls,77,benign
id_calib:28,id_calib,fit,benign,processed/iotsim-combined-cycle-tls-3.csv,iotsim-combined-cycle-tls,78,benign
id_calib:29,id_calib,fit,benign,processed/iotsim-combined-cycle-tls-3.csv,iotsim-combined-cycle-tls,79,benign
id_calib:30,id_calib,fit,benign,processed/iotsim-combined-cycle-tls-3.csv,iotsim-combined-cycle-tls,80,benign
id_calib:31,id_calib,fit,benign,processed/iotsim-combined-cycle-tls-3.csv,iotsim-combined-cycle-tls,81,benign
id_calib:32,id_calib,fit,benign,processed/iotsim-combined-cycle-tls-3.csv,iotsim-combined-cycle-tls,82,benign
id_calib:33,id_calib,fit,benign,processed/iotsim-combined-cycle-tls-3.csv,iotsim-combined-cycle-tls,83,benign
id_calib:34,id_calib,fit,benign,processed/iotsim-combined-cycle-tls-3.csv,iotsim-combined-cycle-tls,84,benign
id_calib:35,id_calib,fit,benign,processed/iotsim-combined-cycle-tls-3.csv,iotsim-combined-cycle-tls,85,benign
id_calib:36,id_calib,fit,benign,processed/iotsim-combined-cycle-tls-3.csv,iotsim-combined-cycle-tls,86,benign
id_calib:37,id_calib,fit,benign,processed/iotsim-combined-cycle-tls-3.csv,iotsim-combined-cycle-tls,87,benign
id_calib:38,id_calib,fit,benign,processed/iotsim-combined-cycle-tls-3.csv,iotsim-combined-cycle-tls,88,benign
id_calib:39,id_calib,fit,benign,processed/iotsim-combined-cycle-tls-3.csv,iotsim-combined-cycle-tls,89,benign
id_calib:40,id_calib,fit,benign,processed/iotsim-combined-cycle-tls-3.csv,iotsim-combined-cycle-tls,90,benign
id_calib:41,id_calib,fit,benign,processed/iotsim-combined-cycle-tls-3.csv,iotsim-combined-cycle-tls,91,benign
id_calib:42,id_calib,fit,benign,processed/iotsim-combined-cycle-tls-3.csv,iotsim-combined-cycle-tls,92,benign
id_calib:43,id_calib,fit,benign,processed/iotsim-combined-cycle-tls-3.csv,iotsim-combined-cycle-tls,93,benign
id_calib:44,id_calib,fit,benign,processed/iotsim-combined-cycle-tls-3.csv,iotsim-combined-cycle-tls,94,benign
id_calib:45,id_calib,fit,benign,processed/iotsim-combined-cycle-tls-3.csv,iotsim-combined-cycle-tls,95,benign
id_calib:46,id_calib,fit,benign,processed/iotsim-combined-cycle-tls-3.csv,iotsim-combined-cycle-tls,96,benign
id_calib:47,id_calib,fit,benign,processed/iotsim-combined-cycle-tls-3.csv,iotsim-combined-cycle-tls,97,benign
id_calib:48,id_calib,fit,benign,processed/iotsim-combined-cycle-tls-3.csv,iotsim-combined-cycle-tls,98,benign
id_calib:49,id_calib,fit,benign,processed/iotsim-combined-cycle-tls-3.csv,iotsim-combined-cycle-tls,99,benign
id_calib:50,id_calib,fit,benign,processed/iotsim-combined-cycle-tls-3.csv,iotsim-combined-cycle-tls,100,benign
id_calib:51,id_calib,fit,benign,processed/iotsim-combined-cycle-tls-3.csv,iotsim-combined-cycle-tls,101,benign
id_calib:52,id_calib,fit,benign,processed/iotsim-combined-cycle-tls-3.csv,iotsim-combined-cycle-tls,102,benign
id_calib:53,id_calib,fit,benign,processed/iotsim-combined-cycle-tls-3.csv,iotsim-combined-cycle-tls,103,benign
id_calib:54,id_calib,fit,benign,processed/iotsim-combined-cycle-tls-3.csv,iotsim-combined-cycle-tls,104,benign
id_calib:55,id_calib,fit,benign,processed/iotsim-combined-cycle-tls-3.csv,iotsim-combined-cycle-tls,105,benign
id_calib:56,id_calib,fit,benign,processed/iotsim-combined-cycle-tls-3.csv,iotsim-combined-cycle-tls,106,benign
id_calib:57,id_calib,fit,benign,processed/iotsim-combined-cycle-tls-3.csv,iotsim-combined-cycle-tls,107,benign
id_calib:58,id_calib,fit,benign,processed/iotsim-combined-cycle-tls-3.csv,iotsim-combined-cycle-tls,108,benign
id_calib:59,id_calib,fit,benign,processed/iotsim-combined-cycle-tls-3.csv,iotsim-combined-cycle-tls,109,benign
id_calib:60,id_calib,fit,benign,processed/iotsim-combined-cycle-tls-3.csv,iotsim-combined-cycle-tls,110,benign
id_calib:61,id_calib,fit,benign,processed/iotsim-combined-cycle-tls-3.csv,iotsim-combined-cycle-tls,111,benign
id_calib:62,id_calib,fit,benign,processed/iotsim-combined-cycle-tls-3.csv,iotsim-combined-cycle-tls,112,benign
id_calib:63,id_calib,fit,benign,processed/iotsim-combined-cycle-tls-3.csv,iotsim-combined-cycle-tls,113,benign
id_calib:64,id_calib,fit,benign,processed/iotsim-combined-cycle-tls-3.csv,iotsim-combined-cycle-tls,114,benign
id_calib:65,id_calib,fit,benign,processed/iotsim-combined-cycle-tls-3.csv,iotsim-combined-cycle-tls,115,benign
id_calib:66,id_calib,fit,benign,processed/iotsim-combined-cycle-tls-3.csv,iotsim-combined-cycle-tls,116,benign
id_calib:67,id_calib,fit,benign,processed/iotsim-combined-cycle-tls-3.csv,iotsim-combined-cycle-tls,117,benign
id_calib:68,id_calib,fit,benign,processed/iotsim-combined-cycle-tls-3.csv,iotsim-combined-cycle-tls,118,benign
id_calib:69,id_calib,fit,benign,processed/iotsim-combined-cycle-tls-3.csv,iotsim-combined-cycle-tls,119,benign
id_calib:70,id_calib,fit,benign,processed/iotsim-combined-cycle-tls-3.csv,iotsim-combined-cycle-tls,120,benign
id_calib:71,id_calib,fit,benign,processed/iotsim-combined-cycle-tls-3.csv,iotsim-combined-cycle-tls,121,benign
id_calib:72,id_calib,fit,benign,processed/iotsim-combined-cycle-tls-3.csv,iotsim-combined-cycle-tls,122,benign
id_calib:73,id_calib,fit,benign,processed/iotsim-combined-cycle-tls-3.csv,iotsim-combined-cycle-tls,123,benign
id_calib:74,id_calib,fit,benign,processed/iotsim-combined-cycle-tls-3.csv,iotsim-combined-cycle-tls,124,benign
id_calib:75,id_calib,fit,benign,processed/iotsim-combined-cycle-tls-3.csv,iotsim-combined-cycle-tls,125,benign
id_calib:76,id_calib,fit,benign,processed/iotsim-combined-cycle-tls-3.csv,iotsim-combined-cycle-tls,126,benign
id_calib:77,id_calib,fit,benign,processed/iotsim-combined-cycle-tls-3.csv,iotsim-combined-cycle-tls,127,benign
id_calib:78,id_calib,fit,benign,processed/iotsim-combined-cycle-tls-3.csv,iotsim-combined-cycle-tls,128,benign
id_calib:79,id_calib,fit,benign,processed/iotsim-combined-cycle-tls-3.csv,iotsim-combined-cycle-tls,129,benign
id_calib:80,id_calib,fit,benign,processed/iotsim-combined-cycle-tls-3.csv,iotsim-combined-cycle-tls,130,benign
id_calib:81,id_calib,fit,benign,processed/iotsim-combined-cycle-tls-3.csv,iotsim-combined-cycle-tls,131,benign
id_calib:82,id_calib,fit,benign,processed/iotsim-combined-cycle-tls-3.csv,iotsim-combined-cycle-tls,132,benign
id_calib:83,id_calib,fit,benign,processed/iotsim-combined-cycle-tls-3.csv,iotsim-combined-cycle-tls,133,benign
id_calib:84,id_calib,fit,benign,processed/iotsim-combined-cycle-tls-3.csv,iotsim-combined-cycle-tls,134,benign
id_calib:85,id_calib,fit,benign,processed/iotsim-combined-cycle-tls-3.csv,iotsim-combined-cycle-tls,135,benign
id_calib:86,id_calib,fit,benign,processed/iotsim-combined-cycle-tls-3.csv,iotsim-combined-cycle-tls,136,benign
id_calib:87,id_calib,fit,benign,processed/iotsim-combined-cycle-tls-3.csv,iotsim-combined-cycle-tls,137,benign
id_calib:88,id_calib,fit,benign,processed/iotsim-combined-cycle-tls-3.csv,iotsim-combined-cycle-tls,138,benign
id_calib:89,id_calib,fit,benign,processed/iotsim-combined-cycle-tls-3.csv,iotsim-combined-cycle-tls,139,benign
id_calib:90,id_calib,fit,benign,processed/iotsim-combined-cycle-tls-3.csv,iotsim-combined-cycle-tls,140,benign
id_calib:91,id_calib,fit,benign,processed/iotsim-combined-cycle-tls-3.csv,iotsim-combined-cycle-tls,141,benign
id_calib:92,id_calib,fit,benign,processed/iotsim-combined-cycle-tls-3.csv,iotsim-combined-cycle-tls,142,benign
id_calib:93,id_calib,fit,benign,processed/iotsim-combined-cycle-tls-3.csv,iotsim-combined-cycle-tls,143,benign
id_calib:94,id_calib,fit,benign,processed/iotsim-combined-cycle-tls-3.csv,iotsim-combined-cycle-tls,144,benign
id_calib:95,id_calib,fit,benign,processed/iotsim-combined-cycle-tls-3.csv,iotsim-combined-cycle-tls,145,benign
id_calib:96,id_calib,fit,benign,processed/iotsim-combined-cycle-tls-3.csv,iotsim-combined-cycle-tls,146,benign
id_calib:97,id_calib,fit,benign,processed/iotsim-combined-cycle-tls-3.csv,iotsim-combined-cycle-tls,147,benign
id_calib:98,id_calib,fit,benign,processed/iotsim-combined-cycle-tls-3.csv,iotsim-combined-cycle-tls,148,benign
id_calib:99,id_calib,fit,benign,processed/iotsim-combined-cycle-tls-3.csv,iotsim-combined-cycle-tls,149,benign
id_calib:100,id_calib,fit,benign,processed/iotsim-combined-cycle-tls-3.csv,iotsim-combined-cycle-tls,150,benign
id_calib:101,id_calib,fit,benign,processed/iotsim-combined-cycle-tls-3.csv,iotsim-combined-cycle-tls,151,benign
id_calib:102,id_calib,fit,benign,processed/iotsim-combined-cycle-tls-3.csv,iotsim-combined-cycle-tls,152,benign
id_calib:103,id_calib,fit,benign,processed/iotsim-combined-cycle-tls-3.csv,iotsim-combined-cycle-tls,153,benign
id_calib:104,id_calib,fit,benign,processed/iotsim-combined-cycle-tls-3.csv,iotsim-combined-cycle-tls,154,benign
id_calib:105,id_calib,fit,benign,processed/iotsim-combined-cycle-tls-3.csv,iotsim-combined-cycle-tls,155,benign
id_calib:106,id_calib,fit,benign,processed/iotsim-combined-cycle-tls-3.csv,iotsim-combined-cycle-tls,156,benign
id_calib:107,id_calib,fit,benign,processed/iotsim-combined-cycle-tls-3.csv,iotsim-combined-cycle-tls,157,benign
id_calib:108,id_calib,fit,benign,processed/iotsim-combined-cycle-tls-3.csv,iotsim-combined-cycle-tls,158,benign
id_calib:109,id_calib,fit,benign,processed/iotsim-combined-cycle-tls-3.csv,iotsim-combined-cycle-tls,159,benign
id_calib:110,id_calib,fit,benign,processed/iotsim-combined-cycle-tls-3.csv,iotsim-combined-cycle-tls,160,benign
id_calib:111,id_calib,fit,benign,processed/iotsim-combined-cycle-tls-3.csv,iotsim-combined-cycle-tls,161,benign
id_calib:112,id_calib,fit,benign,processed/iotsim-combined-cycle-tls-3.csv,iotsim-combined-cycle-tls,162,benign
id_calib:113,id_calib,fit,benign,processed/iotsim-combined-cycle-tls-3.csv,iotsim-combined-cycle-tls,163,benign
id_calib:114,id_calib,fit,benign,processed/iotsim-combined-cycle-tls-3.csv,iotsim-combined-cycle-tls,164,benign
id_calib:115,id_calib,fit,benign,processed/iotsim-combined-cycle-tls-3.csv,iotsim-combined-cycle-tls,165,benign
id_calib:116,id_calib,fit,benign,processed/iotsim-combined-cycle-tls-3.csv,iotsim-combined-cycle-tls,166,benign
id_calib:117,id_calib,fit,benign,processed/iotsim-combined-cycle-tls-3.csv,iotsim-combined-cycle-tls,167,benign
id_calib:118,id_calib,fit,benign,processed/iotsim-combined-cycle-tls-3.csv,iotsim-combined-cycle-tls,168,benign
id_calib:119,id_calib,fit,benign,processed/iotsim-combined-cycle-tls-3.csv,iotsim-combined-cycle-tls,169,benign
id_calib:120,id_calib,fit,benign,processed/iotsim-combined-cycle-tls-3.csv,iotsim-combined-cycle-tls,170,benign
id_calib:121,id_calib,fit,benign,processed/iotsim-combined-cycle-tls-3.csv,iotsim-combined-cycle-tls,171,benign
id_calib:122,id_calib,fit,benign,processed/iotsim-combined-cycle-tls-3.csv,iotsim-combined-cycle-tls,172,benign
id_calib:123,id_calib,fit,benign,processed/iotsim-combined-cycle-tls-3.csv,iotsim-combined-cycle-tls,173,benign
id_calib:124,id_calib,fit,benign,processed/iotsim-combined-cycle-tls-3.csv,iotsim-combined-cycle-tls,174,benign
id_calib:125,id_calib,fit,benign,processed/iotsim-combined-cycle-tls-3.csv,iotsim-combined-cycle-tls,175,benign
id_calib:126,id_calib,fit,benign,processed/iotsim-combined-cycle-tls-3.csv,iotsim-combined-cycle-tls,176,benign
id_calib:127,id_calib,fit,benign,processed/iotsim-combined-cycle-tls-3.csv,iotsim-combined-cycle-tls,177,benign
id_calib:128,id_calib,fit,benign,processed/iotsim-combined-cycle-tls-3.csv,iotsim-combined-cycle-tls,178,benign
id_calib:129,id_calib,fit,benign,processed/iotsim-combined-cycle-tls-3.csv,iotsim-combined-cycle-tls,179,benign
id_calib:130,id_calib,fit,benign,processed/iotsim-combined-cycle-tls-3.csv,iotsim-combined-cycle-tls,180,benign
id_calib:131,id_calib,fit,benign,processed/iotsim-combined-cycle-tls-3.csv,iotsim-combined-cycle-tls,181,benign
id_calib:132,id_calib,fit,benign,processed/iotsim-combined-cycle-tls-3.csv,iotsim-combined-cycle-tls,182,benign
id_calib:133,id_calib,fit,benign,processed/iotsim-combined-cycle-tls-3.csv,iotsim-combined-cycle-tls,183,benign
id_calib:134,id_calib,fit,benign,processed/iotsim-combined-cycle-tls-3.csv,iotsim-combined-cycle-tls,184,benign
id_calib:135,id_calib,fit,benign,processed/iotsim-combined-cycle-tls-3.csv,iotsim-combined-cycle-tls,185,benign
id_calib:136,id_calib,fit,benign,processed/iotsim-combined-cycle-tls-3.csv,iotsim-combined-cycle-tls,186,benign
id_calib:137,id_calib,fit,benign,processed/iotsim-combined-cycle-tls-3.csv,iotsim-combined-cycle-tls,187,benign
id_calib:138,id_calib,fit,benign,processed/iotsim-combined-cycle-tls-3.csv,iotsim-combined-cycle-tls,188,benign
id_calib:139,id_calib,fit,benign,processed/iotsim-combined-cycle-tls-3.csv,iotsim-combined-cycle-tls,189,benign
id_calib:140,id_calib,fit,benign,processed/iotsim-combined-cycle-tls-3.csv,iotsim-combined-cycle-tls,190,benign
id_calib:141,id_calib,fit,benign,processed/iotsim-combined-cycle-tls-3.csv,iotsim-combined-cycle-tls,191,benign
id_calib:142,id_calib,fit,benign,processed/iotsim-combined-cycle-tls-3.csv,iotsim-combined-cycle-tls,192,benign
id_calib:143,id_calib,fit,benign,processed/iotsim-combined-cycle-tls-3.csv,iotsim-combined-cycle-tls,193,benign
id_calib:144,id_calib,fit,benign,processed/iotsim-combined-cycle-tls-3.csv,iotsim-combined-cycle-tls,194,benign
id_calib:145,id_calib,fit,benign,processed/iotsim-combined-cycle-tls-3.csv,iotsim-combined-cycle-tls,195,benign
id_calib:146,id_calib,fit,benign,processed/iotsim-combined-cycle-tls-3.csv,iotsim-combined-cycle-tls,196,benign
id_calib:147,id_calib,fit,benign,processed/iotsim-combined-cycle-tls-3.csv,iotsim-combined-cycle-tls,197,benign
id_calib:148,id_calib,fit,benign,processed/iotsim-combined-cycle-tls-3.csv,iotsim-combined-cycle-tls,198,benign
id_calib:149,id_calib,fit,benign,processed/iotsim-combined-cycle-tls-3.csv,iotsim-combined-cycle-tls,199,benign
id_calib:150,id_calib,fit,benign,processed/iotsim-combined-cycle-tls-3.csv,iotsim-combined-cycle-tls,200,benign
id_calib:151,id_calib,fit,benign,processed/iotsim-combined-cycle-tls-3.csv,iotsim-combined-cycle-tls,201,benign
id_calib:152,id_calib,fit,benign,processed/iotsim-combined-cycle-tls-3.csv,iotsim-combined-cycle-tls,202,benign
id_calib:153,id_calib,fit,benign,processed/iotsim-combined-cycle-tls-3.csv,iotsim-combined-cycle-tls,203,benign
id_calib:154,id_calib,fit,benign,processed/iotsim-combined-cycle-tls-3.csv,iotsim-combined-cycle-tls,204,benign
id_calib:155,id_calib,fit,benign,processed/iotsim-combined-cycle-tls-3.csv,iotsim-combined-cycle-tls,205,benign
id_calib:156,id_calib,fit,benign,processed/iotsim-combined-cycle-tls-3.csv,iotsim-combined-cycle-tls,206,benign
id_calib:157,id_calib,fit,benign,processed/iotsim-combined-cycle-tls-3.csv,iotsim-combined-cycle-tls,207,benign
id_calib:158,id_calib,fit,benign,processed/iotsim-combined-cycle-tls-3.csv,iotsim-combined-cycle-tls,208,benign
id_calib:159,id_calib,fit,benign,processed/iotsim-combined-cycle-tls-3.csv,iotsim-combined-cycle-tls,209,benign
id_calib:160,id_calib,fit,benign,processed/iotsim-combined-cycle-tls-3.csv,iotsim-combined-cycle-tls,210,benign
id_calib:161,id_calib,fit,benign,processed/iotsim-combined-cycle-tls-3.csv,iotsim-combined-cycle-tls,211,benign
id_calib:162,id_calib,fit,benign,processed/iotsim-combined-cycle-tls-3.csv,iotsim-combined-cycle-tls,212,benign
id_calib:163,id_calib,fit,benign,processed/iotsim-combined-cycle-tls-3.csv,iotsim-combined-cycle-tls,213,benign
id_calib:164,id_calib,fit,benign,processed/iotsim-combined-cycle-tls-3.csv,iotsim-combined-cycle-tls,214,benign
id_calib:165,id_calib,fit,benign,processed/iotsim-combined-cycle-tls-3.csv,iotsim-combined-cycle-tls,215,benign
id_calib:166,id_calib,fit,benign,processed/iotsim-combined-cycle-tls-3.csv,iotsim-combined-cycle-tls,216,benign
id_calib:167,id_calib,fit,benign,processed/iotsim-combined-cycle-tls-3.csv,iotsim-combined-cycle-tls,217,benign
id_calib:168,id_calib,fit,benign,processed/iotsim-combined-cycle-tls-3.csv,iotsim-combined-cycle-tls,218,benign
id_calib:169,id_calib,fit,benign,processed/iotsim-combined-cycle-tls-3.csv,iotsim-combined-cycle-tls,219,benign
id_calib:170,id_calib,fit,benign,processed/iotsim-combined-cycle-tls-3.csv,iotsim-combined-cycle-tls,220,benign
id_calib:171,id_calib,fit,benign,processed/iotsim-combined-cycle-tls-3.csv,iotsim-combined-cycle-tls,221,benign
id_calib:172,id_calib,fit,benign,processed/iotsim-combined-cycle-tls-3.csv,iotsim-combined-cycle-tls,222,benign
id_calib:173,id_calib,fit,benign,processed/iotsim-combined-cycle-tls-3.csv,iotsim-combined-cycle-tls,223,benign
id_calib:174,id_calib,fit,benign,processed/iotsim-combined-cycle-tls-3.csv,iotsim-combined-cycle-tls,224,benign
id_calib:175,id_calib,fit,benign,processed/iotsim-combined-cycle-tls-3.csv,iotsim-combined-cycle-tls,225,benign
id_calib:176,id_calib,fit,benign,processed/iotsim-combined-cycle-tls-3.csv,iotsim-combined-cycle-tls,226,benign
id_calib:177,id_calib,fit,benign,processed/iotsim-combined-cycle-tls-3.csv,iotsim-combined-cycle-tls,227,benign
id_calib:178,id_calib,fit,benign,processed/iotsim-combined-cycle-tls-3.csv,iotsim-combined-cycle-tls,228,benign
id_calib:179,id_calib,fit,benign,processed/iotsim-combined-cycle-tls-3.csv,iotsim-combined-cycle-tls,229,benign
id_calib:180,id_calib,fit,benign,processed/iotsim-combined-cycle-tls-3.csv,iotsim-combined-cycle-tls,230,benign
id_calib:181,id_calib,fit,benign,processed/iotsim-combined-cycle-tls-3.csv,iotsim-combined-cycle-tls,231,benign
id_calib:182,id_calib,fit,benign,processed/iotsim-combined-cycle-tls-3.csv,iotsim-combined-cycle-tls,232,benign
id_calib:183,id_calib,fit,benign,processed/iotsim-combined-cycle-tls-3.csv,iotsim-combined-cycle-tls,233,benign
id_calib:184,id_calib,fit,benign,processed/iotsim-combined-cycle-tls-3.csv,iotsim-combined-cycle-tls,234,benign
id_calib:185,id_calib,fit,benign,processed/iotsim-combined-cycle-tls-3.csv,iotsim-combined-cycle-tls,235,benign
id_calib:186,id_calib,fit,benign,processed/iotsim-combined-cycle-tls-3.csv,iotsim-combined-cycle-tls,236,benign
id_calib:187,id_calib,fit,benign,processed/iotsim-combined-cycle-tls-3.csv,iotsim-combined-cycle-tls,237,benign
id_calib:188,id_calib,fit,benign,processed/iotsim-combined-cycle-tls-3.csv,iotsim-combined-cycle-tls,238,benign
id_calib:189,id_calib,fit,benign,processed/iotsim-combined-cycle-tls-3.csv,iotsim-combined-cycle-tls,239,benign
id_calib:190,id_calib,fit,benign,processed/iotsim-combined-cycle-tls-3.csv,iotsim-combined-cycle-tls,240,benign
id_calib:191,id_calib,fit,benign,processed/iotsim-combined-cycle-tls-3.csv,iotsim-combined-cycle-tls,241,benign
id_calib:192,id_calib,fit,benign,processed/iotsim-combined-cycle-tls-3.csv,iotsim-combined-cycle-tls,242,benign
id_calib:193,id_calib,fit,benign,processed/iotsim-combined-cycle-tls-3.csv,iotsim-combined-cycle-tls,243,benign
id_calib:194,id_calib,fit,benign,processed/iotsim-combined-cycle-tls-3.csv,iotsim-combined-cycle-tls,244,benign
id_calib:195,id_calib,fit,benign,processed/iotsim-combined-cycle-tls-3.csv,iotsim-combined-cycle-tls,245,benign
id_calib:196,id_calib,fit,benign,processed/iotsim-combined-cycle-tls-3.csv,iotsim-combined-cycle-tls,246,benign
id_calib:197,id_calib,fit,benign,processed/iotsim-combined-cycle-tls-3.csv,iotsim-combined-cycle-tls,247,benign
id_calib:198,id_calib,fit,benign,processed/iotsim-combined-cycle-tls-3.csv,iotsim-combined-cycle-tls,248,benign
id_calib:199,id_calib,fit,benign,processed/iotsim-combined-cycle-tls-3.csv,iotsim-combined-cycle-tls,249,benign
id_calib:200,id_calib,fit,benign,processed/iotsim-combined-cycle-tls-3.csv,iotsim-combined-cycle-tls,250,benign
id_calib:201,id_calib,fit,benign,processed/iotsim-combined-cycle-tls-3.csv,iotsim-combined-cycle-tls,251,benign
id_calib:202,id_calib,fit,benign,processed/iotsim-combined-cycle-tls-3.csv,iotsim-combined-cycle-tls,252,benign
id_calib:203,id_calib,fit,benign,processed/iotsim-combined-cycle-tls-3.csv,iotsim-combined-cycle-tls,253,benign
id_calib:204,id_calib,fit,benign,processed/iotsim-combined-cycle-tls-3.csv,iotsim-combined-cycle-tls,254,benign
id_calib:205,id_calib,fit,benign,processed/iotsim-combined-cycle-tls-3.csv,iotsim-combined-cycle-tls,255,benign
id_calib:206,id_calib,fit,benign,processed/iotsim-combined-cycle-tls-3.csv,iotsim-combined-cycle-tls,256,benign
id_calib:207,id_calib,fit,benign,processed/iotsim-combined-cycle-tls-3.csv,iotsim-combined-cycle-tls,257,benign
id_calib:208,id_calib,fit,benign,processed/iotsim-combined-cycle-tls-3.csv,iotsim-combined-cycle-tls,258,benign
id_calib:209,id_calib,fit,benign,processed/iotsim-combined-cycle-tls-3.csv,iotsim-combined-cycle-tls,259,benign
id_calib:210,id_calib,fit,benign,processed/iotsim-combined-cycle-tls-3.csv,iotsim-combined-cycle-tls,260,benign
id_calib:211,id_calib,fit,benign,processed/iotsim-combined-cycle-tls-3.csv,iotsim-combined-cycle-tls,261,benign
id_calib:212,id_calib,fit,benign,processed/iotsim-combined-cycle-tls-3.csv,iotsim-combined-cycle-tls,262,benign
id_calib:213,id_calib,fit,benign,processed/iotsim-combined-cycle-tls-3.csv,iotsim-combined-cycle-tls,263,benign
id_calib:214,id_calib,fit,benign,processed/iotsim-combined-cycle-tls-3.csv,iotsim-combined-cycle-tls,264,benign
id_calib:215,id_calib,fit,benign,processed/iotsim-combined-cycle-tls-3.csv,iotsim-combined-cycle-tls,265,benign
id_calib:216,id_calib,fit,benign,processed/iotsim-combined-cycle-tls-3.csv,iotsim-combined-cycle-tls,266,benign
id_calib:217,id_calib,fit,benign,processed/iotsim-combined-cycle-tls-3.csv,iotsim-combined-cycle-tls,267,benign
id_calib:218,id_calib,fit,benign,processed/iotsim-combined-cycle-tls-3.csv,iotsim-combined-cycle-tls,268,benign
id_calib:219,id_calib,fit,benign,processed/iotsim-combined-cycle-tls-3.csv,iotsim-combined-cycle-tls,269,benign
id_calib:220,id_calib,fit,benign,processed/iotsim-combined-cycle-tls-3.csv,iotsim-combined-cycle-tls,270,benign
id_calib:221,id_calib,fit,benign,processed/iotsim-combined-cycle-tls-3.csv,iotsim-combined-cycle-tls,271,benign
id_calib:222,id_calib,fit,benign,processed/iotsim-combined-cycle-tls-3.csv,iotsim-combined-cycle-tls,272,benign
id_calib:223,id_calib,fit,benign,processed/iotsim-combined-cycle-tls-3.csv,iotsim-combined-cycle-tls,273,benign
id_calib:224,id_calib,fit,benign,processed/iotsim-combined-cycle-tls-3.csv,iotsim-combined-cycle-tls,274,benign
id_calib:225,id_calib,fit,benign,processed/iotsim-combined-cycle-tls-3.csv,iotsim-combined-cycle-tls,275,benign
id_calib:226,id_calib,fit,benign,processed/iotsim-combined-cycle-tls-3.csv,iotsim-combined-cycle-tls,276,benign
id_calib:227,id_calib,fit,benign,processed/iotsim-combined-cycle-tls-3.csv,iotsim-combined-cycle-tls,277,benign
id_calib:228,id_calib,fit,benign,processed/iotsim-combined-cycle-tls-3.csv,iotsim-combined-cycle-tls,278,benign
id_calib:229,id_calib,fit,benign,processed/iotsim-combined-cycle-tls-3.csv,iotsim-combined-cycle-tls,279,benign
id_calib:230,id_calib,fit,benign,processed/iotsim-combined-cycle-tls-3.csv,iotsim-combined-cycle-tls,280,benign
id_calib:231,id_calib,fit,benign,processed/iotsim-combined-cycle-tls-3.csv,iotsim-combined-cycle-tls,281,benign
id_calib:232,id_calib,fit,benign,processed/iotsim-combined-cycle-tls-3.csv,iotsim-combined-cycle-tls,282,benign
id_calib:233,id_calib,fit,benign,processed/iotsim-combined-cycle-tls-3.csv,iotsim-combined-cycle-tls,283,benign
id_calib:234,id_calib,fit,benign,processed/iotsim-combined-cycle-tls-3.csv,iotsim-combined-cycle-tls,284,benign
id_calib:235,id_calib,fit,benign,processed/iotsim-combined-cycle-tls-3.csv,iotsim-combined-cycle-tls,285,benign
id_calib:236,id_calib,fit,benign,processed/iotsim-combined-cycle-tls-3.csv,iotsim-combined-cycle-tls,286,benign
id_calib:237,id_calib,fit,benign,processed/iotsim-combined-cycle-tls-3.csv,iotsim-combined-cycle-tls,287,benign
id_calib:238,id_calib,fit,benign,processed/iotsim-combined-cycle-tls-3.csv,iotsim-combined-cycle-tls,288,benign
id_calib:239,id_calib,fit,benign,processed/iotsim-combined-cycle-tls-3.csv,iotsim-combined-cycle-tls,289,benign
id_calib:240,id_calib,fit,benign,processed/iotsim-combined-cycle-tls-3.csv,iotsim-combined-cycle-tls,290,benign
id_calib:241,id_calib,fit,benign,processed/iotsim-combined-cycle-tls-3.csv,iotsim-combined-cycle-tls,291,benign
id_calib:242,id_calib,fit,benign,processed/iotsim-combined-cycle-tls-3.csv,iotsim-combined-cycle-tls,292,benign
id_calib:243,id_calib,fit,benign,processed/iotsim-combined-cycle-tls-3.csv,iotsim-combined-cycle-tls,293,benign
id_calib:244,id_calib,fit,benign,processed/iotsim-combined-cycle-tls-3.csv,iotsim-combined-cycle-tls,294,benign
id_calib:245,id_calib,fit,benign,processed/iotsim-combined-cycle-tls-3.csv,iotsim-combined-cycle-tls,295,benign
id_calib:246,id_calib,fit,benign,processed/iotsim-combined-cycle-tls-3.csv,iotsim-combined-cycle-tls,296,benign
id_calib:247,id_calib,fit,benign,processed/iotsim-combined-cycle-tls-3.csv,iotsim-combined-cycle-tls,297,benign
id_calib:248,id_calib,fit,benign,processed/iotsim-combined-cycle-tls-3.csv,iotsim-combined-cycle-tls,298,benign
id_calib:249,id_calib,fit,benign,processed/iotsim-combined-cycle-tls-3.csv,iotsim-combined-cycle-tls,299,benign
id_calib:250,id_calib,fit,benign,processed/iotsim-combined-cycle-tls-3.csv,iotsim-combined-cycle-tls,300,benign
id_calib:251,id_calib,fit,benign,processed/iotsim-combined-cycle-tls-3.csv,iotsim-combined-cycle-tls,301,benign
id_calib:252,id_calib,fit,benign,processed/iotsim-combined-cycle-tls-3.csv,iotsim-combined-cycle-tls,302,benign
id_calib:253,id_calib,fit,benign,processed/iotsim-combined-cycle-tls-3.csv,iotsim-combined-cycle-tls,303,benign
id_calib:254,id_calib,fit,benign,processed/iotsim-combined-cycle-tls-3.csv,iotsim-combined-cycle-tls,304,benign
id_calib:255,id_calib,fit,benign,processed/iotsim-combined-cycle-tls-3.csv,iotsim-combined-cycle-tls,305,benign
id_calib:256,id_calib,fit,benign,processed/iotsim-combined-cycle-tls-3.csv,iotsim-combined-cycle-tls,306,benign
id_calib:257,id_calib,fit,benign,processed/iotsim-combined-cycle-tls-3.csv,iotsim-combined-cycle-tls,307,benign
id_calib:258,id_calib,fit,benign,processed/iotsim-combined-cycle-tls-3.csv,iotsim-combined-cycle-tls,308,benign
id_calib:259,id_calib,fit,benign,processed/iotsim-combined-cycle-tls-3.csv,iotsim-combined-cycle-tls,309,benign
id_calib:260,id_calib,fit,benign,processed/iotsim-combined-cycle-tls-3.csv,iotsim-combined-cycle-tls,310,benign
id_calib:261,id_calib,fit,benign,processed/iotsim-combined-cycle-tls-3.csv,iotsim-combined-cycle-tls,311,benign
id_calib:262,id_calib,fit,benign,processed/iotsim-combined-cycle-tls-3.csv,iotsim-combined-cycle-tls,312,benign
id_calib:263,id_calib,fit,benign,processed/iotsim-combined-cycle-tls-3.csv,iotsim-combined-cycle-tls,313,benign
id_calib:264,id_calib,fit,benign,processed/iotsim-combined-cycle-tls-3.csv,iotsim-combined-cycle-tls,314,benign
id_calib:265,id_calib,fit,benign,processed/iotsim-combined-cycle-tls-3.csv,iotsim-combined-cycle-tls,315,benign
id_calib:266,id_calib,fit,benign,processed/iotsim-combined-cycle-tls-3.csv,iotsim-combined-cycle-tls,316,benign
id_calib:267,id_calib,fit,benign,processed/iotsim-combined-cycle-tls-3.csv,iotsim-combined-cycle-tls,317,benign
id_calib:268,id_calib,fit,benign,processed/iotsim-combined-cycle-tls-3.csv,iotsim-combined-cycle-tls,318,benign
id_calib:269,id_calib,fit,benign,processed/iotsim-combined-cycle-tls-3.csv,iotsim-combined-cycle-tls,319,benign
id_calib:270,id_calib,fit,benign,processed/iotsim-combined-cycle-tls-3.csv,iotsim-combined-cycle-tls,320,benign
id_calib:271,id_calib,fit,benign,processed/iotsim-combined-cycle-tls-3.csv,iotsim-combined-cycle-tls,321,benign
id_calib:272,id_calib,fit,benign,processed/iotsim-combined-cycle-tls-3.csv,iotsim-combined-cycle-tls,322,benign
id_calib:273,id_calib,fit,benign,processed/iotsim-combined-cycle-tls-3.csv,iotsim-combined-cycle-tls,323,benign
id_calib:274,id_calib,fit,benign,processed/iotsim-combined-cycle-tls-3.csv,iotsim-combined-cycle-tls,324,benign
id_calib:275,id_calib,fit,benign,processed/iotsim-combined-cycle-tls-3.csv,iotsim-combined-cycle-tls,325,benign
id_calib:276,id_calib,fit,benign,processed/iotsim-combined-cycle-tls-3.csv,iotsim-combined-cycle-tls,326,benign
id_calib:277,id_calib,fit,benign,processed/iotsim-combined-cycle-tls-3.csv,iotsim-combined-cycle-tls,327,benign
id_calib:278,id_calib,fit,benign,processed/iotsim-combined-cycle-tls-3.csv,iotsim-combined-cycle-tls,328,benign
id_calib:279,id_calib,fit,benign,processed/iotsim-combined-cycle-tls-3.csv,iotsim-combined-cycle-tls,329,benign
id_calib:280,id_calib,fit,benign,processed/iotsim-combined-cycle-tls-3.csv,iotsim-combined-cycle-tls,330,benign
id_calib:281,id_calib,fit,benign,processed/iotsim-combined-cycle-tls-3.csv,iotsim-combined-cycle-tls,331,benign
id_calib:282,id_calib,fit,benign,processed/iotsim-combined-cycle-tls-3.csv,iotsim-combined-cycle-tls,332,benign
id_calib:283,id_calib,fit,benign,processed/iotsim-combined-cycle-tls-3.csv,iotsim-combined-cycle-tls,333,benign
id_calib:284,id_calib,fit,benign,processed/iotsim-combined-cycle-tls-3.csv,iotsim-combined-cycle-tls,334,benign
id_calib:285,id_calib,fit,benign,processed/iotsim-combined-cycle-tls-3.csv,iotsim-combined-cycle-tls,335,benign
id_calib:286,id_calib,fit,benign,processed/iotsim-combined-cycle-tls-3.csv,iotsim-combined-cycle-tls,336,benign
id_calib:287,id_calib,fit,benign,processed/iotsim-combined-cycle-tls-3.csv,iotsim-combined-cycle-tls,337,benign
id_calib:288,id_calib,fit,benign,processed/iotsim-combined-cycle-tls-3.csv,iotsim-combined-cycle-tls,338,benign
id_calib:289,id_calib,fit,benign,processed/iotsim-combined-cycle-tls-3.csv,iotsim-combined-cycle-tls,339,benign
id_calib:290,id_calib,fit,benign,processed/iotsim-combined-cycle-tls-3.csv,iotsim-combined-cycle-tls,340,benign
id_calib:291,id_calib,fit,benign,processed/iotsim-combined-cycle-tls-3.csv,iotsim-combined-cycle-tls,341,benign
id_calib:292,id_calib,fit,benign,processed/iotsim-combined-cycle-tls-3.csv,iotsim-combined-cycle-tls,342,benign
id_calib:293,id_calib,fit,benign,processed/iotsim-combined-cycle-tls-3.csv,iotsim-combined-cycle-tls,343,benign
id_calib:294,id_calib,fit,benign,processed/iotsim-combined-cycle-tls-3.csv,iotsim-combined-cycle-tls,344,benign
id_calib:295,id_calib,fit,benign,processed/iotsim-combined-cycle-tls-3.csv,iotsim-combined-cycle-tls,345,benign
id_calib:296,id_calib,fit,benign,processed/iotsim-combined-cycle-tls-3.csv,iotsim-combined-cycle-tls,346,benign
id_calib:297,id_calib,fit,benign,processed/iotsim-combined-cycle-tls-3.csv,iotsim-combined-cycle-tls,347,benign
id_calib:298,id_calib,fit,benign,processed/iotsim-combined-cycle-tls-3.csv,iotsim-combined-cycle-tls,348,benign
id_calib:299,id_calib,fit,benign,processed/iotsim-combined-cycle-tls-3.csv,iotsim-combined-cycle-tls,349,benign
id_calib:300,id_calib,fit,benign,processed/iotsim-combined-cycle-tls-3.csv,iotsim-combined-cycle-tls,350,benign
id_calib:301,id_calib,fit,benign,processed/iotsim-combined-cycle-tls-3.csv,iotsim-combined-cycle-tls,351,benign
id_calib:302,id_calib,fit,benign,processed/iotsim-combined-cycle-tls-3.csv,iotsim-combined-cycle-tls,352,benign
id_calib:303,id_calib,fit,benign,processed/iotsim-combined-cycle-tls-3.csv,iotsim-combined-cycle-tls,353,benign
id_calib:304,id_calib,fit,benign,processed/iotsim-combined-cycle-tls-3.csv,iotsim-combined-cycle-tls,354,benign
id_calib:305,id_calib,fit,benign,processed/iotsim-combined-cycle-tls-3.csv,iotsim-combined-cycle-tls,355,benign
id_calib:306,id_calib,fit,benign,processed/iotsim-combined-cycle-tls-3.csv,iotsim-combined-cycle-tls,356,benign
id_calib:307,id_calib,fit,benign,processed/iotsim-combined-cycle-tls-3.csv,iotsim-combined-cycle-tls,357,benign
id_calib:308,id_calib,fit,benign,processed/iotsim-combined-cycle-tls-3.csv,iotsim-combined-cycle-tls,358,benign
id_calib:309,id_calib,fit,benign,processed/iotsim-combined-cycle-tls-3.csv,iotsim-combined-cycle-tls,359,benign
id_calib:310,id_calib,fit,benign,processed/iotsim-combined-cycle-tls-3.csv,iotsim-combined-cycle-tls,360,benign
id_calib:311,id_calib,fit,benign,processed/iotsim-combined-cycle-tls-3.csv,iotsim-combined-cycle-tls,361,benign
id_calib:312,id_calib,fit,benign,processed/iotsim-combined-cycle-tls-3.csv,iotsim-combined-cycle-tls,362,benign
id_calib:313,id_calib,fit,benign,processed/iotsim-combined-cycle-tls-3.csv,iotsim-combined-cycle-tls,363,benign
id_calib:314,id_calib,fit,benign,processed/iotsim-combined-cycle-tls-3.csv,iotsim-combined-cycle-tls,364,benign
id_calib:315,id_calib,fit,benign,processed/iotsim-combined-cycle-tls-3.csv,iotsim-combined-cycle-tls,365,benign
id_calib:316,id_calib,fit,benign,processed/iotsim-combined-cycle-tls-3.csv,iotsim-combined-cycle-tls,366,benign
id_calib:317,id_calib,fit,benign,processed/iotsim-combined-cycle-tls-3.csv,iotsim-combined-cycle-tls,367,benign
id_calib:318,id_calib,fit,benign,processed/iotsim-combined-cycle-tls-3.csv,iotsim-combined-cycle-tls,368,benign
id_calib:319,id_calib,fit,benign,processed/iotsim-combined-cycle-tls-3.csv,iotsim-combined-cycle-tls,369,benign
id_calib:320,id_calib,fit,benign,processed/iotsim-combined-cycle-tls-3.csv,iotsim-combined-cycle-tls,370,benign
id_calib:321,id_calib,fit,benign,processed/iotsim-combined-cycle-tls-3.csv,iotsim-combined-cycle-tls,371,benign
id_calib:322,id_calib,fit,benign,processed/iotsim-combined-cycle-tls-3.csv,iotsim-combined-cycle-tls,372,benign
id_calib:323,id_calib,fit,benign,processed/iotsim-combined-cycle-tls-3.csv,iotsim-combined-cycle-tls,373,benign
id_calib:324,id_calib,fit,benign,processed/iotsim-combined-cycle-tls-3.csv,iotsim-combined-cycle-tls,374,benign
id_calib:325,id_calib,fit,benign,processed/iotsim-combined-cycle-tls-3.csv,iotsim-combined-cycle-tls,375,benign
id_calib:326,id_calib,fit,benign,processed/iotsim-combined-cycle-tls-3.csv,iotsim-combined-cycle-tls,376,benign
id_calib:327,id_calib,fit,benign,processed/iotsim-combined-cycle-tls-3.csv,iotsim-combined-cycle-tls,377,benign
id_calib:328,id_calib,fit,benign,processed/iotsim-combined-cycle-tls-3.csv,iotsim-combined-cycle-tls,378,benign
id_calib:329,id_calib,fit,benign,processed/iotsim-combined-cycle-tls-3.csv,iotsim-combined-cycle-tls,379,benign
id_calib:330,id_calib,fit,benign,processed/iotsim-combined-cycle-tls-3.csv,iotsim-combined-cycle-tls,380,benign
id_calib:331,id_calib,fit,benign,processed/iotsim-combined-cycle-tls-3.csv,iotsim-combined-cycle-tls,381,benign
id_calib:332,id_calib,fit,benign,processed/iotsim-combined-cycle-tls-3.csv,iotsim-combined-cycle-tls,382,benign
id_calib:333,id_calib,fit,benign,processed/iotsim-combined-cycle-tls-3.csv,iotsim-combined-cycle-tls,383,benign
id_calib:334,id_calib,fit,benign,processed/iotsim-combined-cycle-tls-3.csv,iotsim-combined-cycle-tls,384,benign
id_calib:335,id_calib,fit,benign,processed/iotsim-combined-cycle-tls-3.csv,iotsim-combined-cycle-tls,385,benign
id_calib:336,id_calib,fit,benign,processed/iotsim-combined-cycle-tls-3.csv,iotsim-combined-cycle-tls,386,benign
id_calib:337,id_calib,fit,benign,processed/iotsim-combined-cycle-tls-3.csv,iotsim-combined-cycle-tls,387,benign
id_calib:338,id_calib,fit,benign,processed/iotsim-combined-cycle-tls-3.csv,iotsim-combined-cycle-tls,388,benign
id_calib:339,id_calib,fit,benign,processed/iotsim-combined-cycle-tls-3.csv,iotsim-combined-cycle-tls,389,benign
id_calib:340,id_calib,fit,benign,processed/iotsim-combined-cycle-tls-3.csv,iotsim-combined-cycle-tls,390,benign
id_calib:341,id_calib,fit,benign,processed/iotsim-combined-cycle-tls-3.csv,iotsim-combined-cycle-tls,391,benign
id_calib:342,id_calib,fit,benign,processed/iotsim-combined-cycle-tls-3.csv,iotsim-combined-cycle-tls,392,benign
id_calib:343,id_calib,fit,benign,processed/iotsim-combined-cycle-tls-3.csv,iotsim-combined-cycle-tls,393,benign
id_calib:344,id_calib,fit,benign,processed/iotsim-combined-cycle-tls-3.csv,iotsim-combined-cycle-tls,394,benign
id_calib:345,id_calib,fit,benign,processed/iotsim-combined-cycle-tls-3.csv,iotsim-combined-cycle-tls,395,benign
id_calib:346,id_calib,fit,benign,processed/iotsim-combined-cycle-tls-3.csv,iotsim-combined-cycle-tls,396,benign
id_calib:347,id_calib,fit,benign,processed/iotsim-combined-cycle-tls-3.csv,iotsim-combined-cycle-tls,397,benign
id_calib:348,id_calib,fit,benign,processed/iotsim-combined-cycle-tls-3.csv,iotsim-combined-cycle-tls,398,benign
id_calib:349,id_calib,fit,benign,processed/iotsim-combined-cycle-tls-3.csv,iotsim-combined-cycle-tls,399,benign
id_calib:350,id_calib,fit,benign,processed/iotsim-combined-cycle-tls-3.csv,iotsim-combined-cycle-tls,400,benign
id_calib:351,id_calib,fit,benign,processed/iotsim-combined-cycle-tls-3.csv,iotsim-combined-cycle-tls,401,benign
id_calib:352,id_calib,fit,benign,processed/iotsim-combined-cycle-tls-3.csv,iotsim-combined-cycle-tls,402,benign
id_calib:353,id_calib,fit,benign,processed/iotsim-combined-cycle-tls-3.csv,iotsim-combined-cycle-tls,403,benign
id_calib:354,id_calib,fit,benign,processed/iotsim-combined-cycle-tls-3.csv,iotsim-combined-cycle-tls,404,benign
id_calib:355,id_calib,fit,benign,processed/iotsim-combined-cycle-tls-3.csv,iotsim-combined-cycle-tls,405,benign
id_calib:356,id_calib,fit,benign,processed/iotsim-combined-cycle-tls-3.csv,iotsim-combined-cycle-tls,406,benign
id_calib:357,id_calib,fit,benign,processed/iotsim-combined-cycle-tls-3.csv,iotsim-combined-cycle-tls,407,benign
id_calib:358,id_calib,fit,benign,processed/iotsim-combined-cycle-tls-3.csv,iotsim-combined-cycle-tls,408,benign
id_calib:359,id_calib,fit,benign,processed/iotsim-combined-cycle-tls-3.csv,iotsim-combined-cycle-tls,409,benign
id_calib:360,id_calib,fit,benign,processed/iotsim-combined-cycle-tls-3.csv,iotsim-combined-cycle-tls,410,benign
id_calib:361,id_calib,fit,benign,processed/iotsim-combined-cycle-tls-3.csv,iotsim-combined-cycle-tls,411,benign
id_calib:362,id_calib,fit,benign,processed/iotsim-combined-cycle-tls-3.csv,iotsim-combined-cycle-tls,412,benign
id_calib:363,id_calib,fit,benign,processed/iotsim-combined-cycle-tls-3.csv,iotsim-combined-cycle-tls,413,benign
id_calib:364,id_calib,fit,benign,processed/iotsim-combined-cycle-tls-3.csv,iotsim-combined-cycle-tls,414,benign
id_calib:365,id_calib,fit,benign,processed/iotsim-combined-cycle-tls-3.csv,iotsim-combined-cycle-tls,415,benign
id_calib:366,id_calib,fit,benign,processed/iotsim-combined-cycle-tls-3.csv,iotsim-combined-cycle-tls,416,benign
id_calib:367,id_calib,fit,benign,processed/iotsim-combined-cycle-tls-3.csv,iotsim-combined-cycle-tls,417,benign
id_calib:368,id_calib,fit,benign,processed/iotsim-combined-cycle-tls-3.csv,iotsim-combined-cycle-tls,418,benign
id_calib:369,id_calib,fit,benign,processed/iotsim-combined-cycle-tls-3.csv,iotsim-combined-cycle-tls,419,benign
id_calib:370,id_calib,fit,benign,processed/iotsim-combined-cycle-tls-3.csv,iotsim-combined-cycle-tls,420,benign
id_calib:371,id_calib,fit,benign,processed/iotsim-combined-cycle-tls-3.csv,iotsim-combined-cycle-tls,421,benign
id_calib:372,id_calib,fit,benign,processed/iotsim-combined-cycle-tls-3.csv,iotsim-combined-cycle-tls,422,benign
id_calib:373,id_calib,fit,benign,processed/iotsim-combined-cycle-tls-3.csv,iotsim-combined-cycle-tls,423,benign
id_calib:374,id_calib,fit,benign,processed/iotsim-combined-cycle-tls-3.csv,iotsim-combined-cycle-tls,424,benign
id_calib:375,id_calib,fit,benign,processed/iotsim-combined-cycle-tls-3.csv,iotsim-combined-cycle-tls,425,benign
id_calib:376,id_calib,fit,benign,processed/iotsim-combined-cycle-tls-3.csv,iotsim-combined-cycle-tls,426,benign
id_calib:377,id_calib,fit,benign,processed/iotsim-combined-cycle-tls-3.csv,iotsim-combined-cycle-tls,427,benign
id_calib:378,id_calib,fit,benign,processed/iotsim-combined-cycle-tls-3.csv,iotsim-combined-cycle-tls,428,benign
id_calib:379,id_calib,fit,benign,processed/iotsim-combined-cycle-tls-3.csv,iotsim-combined-cycle-tls,429,benign
id_calib:380,id_calib,fit,benign,processed/iotsim-combined-cycle-tls-3.csv,iotsim-combined-cycle-tls,430,benign
id_calib:381,id_calib,fit,benign,processed/iotsim-combined-cycle-tls-3.csv,iotsim-combined-cycle-tls,431,benign
id_calib:382,id_calib,fit,benign,processed/iotsim-combined-cycle-tls-3.csv,iotsim-combined-cycle-tls,432,benign
id_calib:383,id_calib,fit,benign,processed/iotsim-combined-cycle-tls-3.csv,iotsim-combined-cycle-tls,433,benign
id_calib:384,id_calib,fit,benign,processed/iotsim-combined-cycle-tls-3.csv,iotsim-combined-cycle-tls,434,benign
id_calib:385,id_calib,fit,benign,processed/iotsim-combined-cycle-tls-3.csv,iotsim-combined-cycle-tls,435,benign
id_calib:386,id_calib,fit,benign,processed/iotsim-combined-cycle-tls-3.csv,iotsim-combined-cycle-tls,436,benign
id_calib:387,id_calib,fit,benign,processed/iotsim-combined-cycle-tls-3.csv,iotsim-combined-cycle-tls,437,benign
id_calib:388,id_calib,fit,benign,processed/iotsim-combined-cycle-tls-3.csv,iotsim-combined-cycle-tls,438,benign
id_calib:389,id_calib,fit,benign,processed/iotsim-combined-cycle-tls-3.csv,iotsim-combined-cycle-tls,439,benign
id_calib:390,id_calib,fit,benign,processed/iotsim-combined-cycle-tls-3.csv,iotsim-combined-cycle-tls,440,benign
id_calib:391,id_calib,fit,benign,processed/iotsim-combined-cycle-tls-3.csv,iotsim-combined-cycle-tls,441,benign
id_calib:392,id_calib,fit,benign,processed/iotsim-combined-cycle-tls-3.csv,iotsim-combined-cycle-tls,442,benign
id_calib:393,id_calib,fit,benign,processed/iotsim-combined-cycle-tls-3.csv,iotsim-combined-cycle-tls,443,benign
id_calib:394,id_calib,fit,benign,processed/iotsim-combined-cycle-tls-3.csv,iotsim-combined-cycle-tls,444,benign
id_calib:395,id_calib,fit,benign,processed/iotsim-combined-cycle-tls-3.csv,iotsim-combined-cycle-tls,445,benign
id_calib:396,id_calib,fit,benign,processed/iotsim-combined-cycle-tls-3.csv,iotsim-combined-cycle-tls,446,benign
id_calib:397,id_calib,fit,benign,processed/iotsim-combined-cycle-tls-3.csv,iotsim-combined-cycle-tls,447,benign
id_calib:398,id_calib,fit,benign,processed/iotsim-combined-cycle-tls-3.csv,iotsim-combined-cycle-tls,448,benign
id_calib:399,id_calib,fit,benign,processed/iotsim-combined-cycle-tls-3.csv,iotsim-combined-cycle-tls,449,benign
id_calib:400,id_calib,fit,benign,processed/iotsim-combined-cycle-tls-3.csv,iotsim-combined-cycle-tls,450,benign
id_calib:401,id_calib,fit,benign,processed/iotsim-combined-cycle-tls-3.csv,iotsim-combined-cycle-tls,451,benign
id_calib:402,id_calib,fit,benign,processed/iotsim-combined-cycle-tls-3.csv,iotsim-combined-cycle-tls,452,benign
id_calib:403,id_calib,fit,benign,processed/iotsim-combined-cycle-tls-3.csv,iotsim-combined-cycle-tls,453,benign
id_calib:404,id_calib,fit,benign,processed/iotsim-combined-cycle-tls-3.csv,iotsim-combined-cycle-tls,454,benign
id_calib:405,id_calib,fit,benign,processed/iotsim-combined-cycle-tls-3.csv,iotsim-combined-cycle-tls,455,benign
id_calib:406,id_calib,fit,benign,processed/iotsim-combined-cycle-tls-3.csv,iotsim-combined-cycle-tls,456,benign
id_calib:407,id_calib,fit,benign,processed/iotsim-combined-cycle-tls-3.csv,iotsim-combined-cycle-tls,457,benign
id_calib:408,id_calib,fit,benign,processed/iotsim-combined-cycle-tls-3.csv,iotsim-combined-cycle-tls,458,benign
id_calib:409,id_calib,fit,benign,processed/iotsim-combined-cycle-tls-3.csv,iotsim-combined-cycle-tls,459,benign
id_calib:410,id_calib,fit,benign,processed/iotsim-combined-cycle-tls-3.csv,iotsim-combined-cycle-tls,460,benign
id_calib:411,id_calib,fit,benign,processed/iotsim-combined-cycle-tls-3.csv,iotsim-combined-cycle-tls,461,benign
id_calib:412,id_calib,fit,benign,processed/iotsim-combined-cycle-tls-3.csv,iotsim-combined-cycle-tls,462,benign
id_calib:413,id_calib,fit,benign,processed/iotsim-combined-cycle-tls-3.csv,iotsim-combined-cycle-tls,463,benign
id_calib:414,id_calib,fit,benign,processed/iotsim-combined-cycle-tls-3.csv,iotsim-combined-cycle-tls,464,benign
id_calib:415,id_calib,fit,benign,processed/iotsim-combined-cycle-tls-3.csv,iotsim-combined-cycle-tls,465,benign
id_calib:416,id_calib,fit,benign,processed/iotsim-combined-cycle-tls-3.csv,iotsim-combined-cycle-tls,466,benign
id_calib:417,id_calib,fit,benign,processed/iotsim-combined-cycle-tls-3.csv,iotsim-combined-cycle-tls,467,benign
id_calib:418,id_calib,fit,benign,processed/iotsim-combined-cycle-tls-3.csv,iotsim-combined-cycle-tls,468,benign
id_calib:419,id_calib,fit,benign,processed/iotsim-combined-cycle-tls-3.csv,iotsim-combined-cycle-tls,469,benign
id_calib:420,id_calib,fit,benign,processed/iotsim-combined-cycle-tls-3.csv,iotsim-combined-cycle-tls,470,benign
id_calib:421,id_calib,fit,benign,processed/iotsim-combined-cycle-tls-3.csv,iotsim-combined-cycle-tls,471,benign
id_calib:422,id_calib,fit,benign,processed/iotsim-combined-cycle-tls-3.csv,iotsim-combined-cycle-tls,472,benign
id_calib:423,id_calib,fit,benign,processed/iotsim-combined-cycle-tls-3.csv,iotsim-combined-cycle-tls,473,benign
id_calib:424,id_calib,fit,benign,processed/iotsim-combined-cycle-tls-3.csv,iotsim-combined-cycle-tls,474,benign
id_calib:425,id_calib,fit,benign,processed/iotsim-combined-cycle-tls-3.csv,iotsim-combined-cycle-tls,475,benign
id_calib:426,id_calib,fit,benign,processed/iotsim-combined-cycle-tls-3.csv,iotsim-combined-cycle-tls,476,benign
id_calib:427,id_calib,fit,benign,processed/iotsim-combined-cycle-tls-3.csv,iotsim-combined-cycle-tls,477,benign
id_calib:428,id_calib,fit,benign,processed/iotsim-combined-cycle-tls-3.csv,iotsim-combined-cycle-tls,478,benign
id_calib:429,id_calib,fit,benign,processed/iotsim-combined-cycle-tls-3.csv,iotsim-combined-cycle-tls,479,benign
id_calib:430,id_calib,fit,benign,processed/iotsim-combined-cycle-tls-3.csv,iotsim-combined-cycle-tls,480,benign
id_calib:431,id_calib,fit,benign,processed/iotsim-combined-cycle-tls-3.csv,iotsim-combined-cycle-tls,481,benign
id_calib:432,id_calib,fit,benign,processed/iotsim-combined-cycle-tls-3.csv,iotsim-combined-cycle-tls,482,benign
id_calib:433,id_calib,fit,benign,processed/iotsim-combined-cycle-tls-3.csv,iotsim-combined-cycle-tls,483,benign
id_calib:434,id_calib,fit,benign,processed/iotsim-combined-cycle-tls-3.csv,iotsim-combined-cycle-tls,484,benign
id_calib:435,id_calib,fit,benign,processed/iotsim-combined-cycle-tls-3.csv,iotsim-combined-cycle-tls,485,benign
id_calib:436,id_calib,fit,benign,processed/iotsim-combined-cycle-tls-3.csv,iotsim-combined-cycle-tls,486,benign
id_calib:437,id_calib,fit,benign,processed/iotsim-combined-cycle-tls-3.csv,iotsim-combined-cycle-tls,487,benign
id_calib:438,id_calib,fit,benign,processed/iotsim-combined-cycle-tls-3.csv,iotsim-combined-cycle-tls,488,benign
id_calib:439,id_calib,fit,benign,processed/iotsim-combined-cycle-tls-3.csv,iotsim-combined-cycle-tls,489,benign
id_calib:440,id_calib,fit,benign,processed/iotsim-combined-cycle-tls-3.csv,iotsim-combined-cycle-tls,490,benign
id_calib:441,id_calib,fit,benign,processed/iotsim-combined-cycle-tls-3.csv,iotsim-combined-cycle-tls,491,benign
id_calib:442,id_calib,fit,benign,processed/iotsim-combined-cycle-tls-3.csv,iotsim-combined-cycle-tls,492,benign
id_calib:443,id_calib,fit,benign,processed/iotsim-combined-cycle-tls-3.csv,iotsim-combined-cycle-tls,493,benign
id_calib:444,id_calib,fit,benign,processed/iotsim-combined-cycle-tls-3.csv,iotsim-combined-cycle-tls,494,benign
id_calib:445,id_calib,fit,benign,processed/iotsim-combined-cycle-tls-3.csv,iotsim-combined-cycle-tls,495,benign
id_calib:446,id_calib,fit,benign,processed/iotsim-combined-cycle-tls-3.csv,iotsim-combined-cycle-tls,496,benign
id_calib:447,id_calib,fit,benign,processed/iotsim-combined-cycle-tls-3.csv,iotsim-combined-cycle-tls,497,benign
id_calib:448,id_calib,fit,benign,processed/iotsim-combined-cycle-tls-3.csv,iotsim-combined-cycle-tls,498,benign
id_calib:449,id_calib,fit,benign,processed/iotsim-combined-cycle-tls-3.csv,iotsim-combined-cycle-tls,499,benign
id_calib:450,id_calib,fit,benign,processed/iotsim-combined-cycle-tls-3.csv,iotsim-combined-cycle-tls,500,benign
id_calib:451,id_calib,fit,benign,processed/iotsim-combined-cycle-tls-3.csv,iotsim-combined-cycle-tls,501,benign
id_calib:452,id_calib,fit,benign,processed/iotsim-combined-cycle-tls-3.csv,iotsim-combined-cycle-tls,502,benign
id_calib:453,id_calib,fit,benign,processed/iotsim-combined-cycle-tls-3.csv,iotsim-combined-cycle-tls,503,benign
id_calib:454,id_calib,fit,benign,processed/iotsim-combined-cycle-tls-3.csv,iotsim-combined-cycle-tls,504,benign
id_calib:455,id_calib,fit,benign,processed/iotsim-combined-cycle-tls-3.csv,iotsim-combined-cycle-tls,505,benign
id_calib:456,id_calib,fit,benign,processed/iotsim-combined-cycle-tls-3.csv,iotsim-combined-cycle-tls,506,benign
id_calib:457,id_calib,fit,benign,processed/iotsim-combined-cycle-tls-3.csv,iotsim-combined-cycle-tls,507,benign
id_calib:458,id_calib,fit,benign,processed/iotsim-combined-cycle-tls-3.csv,iotsim-combined-cycle-tls,508,benign
id_calib:459,id_calib,fit,benign,processed/iotsim-combined-cycle-tls-3.csv,iotsim-combined-cycle-tls,509,benign
id_calib:460,id_calib,fit,benign,processed/iotsim-combined-cycle-tls-3.csv,iotsim-combined-cycle-tls,510,benign
id_calib:461,id_calib,fit,benign,processed/iotsim-combined-cycle-tls-3.csv,iotsim-combined-cycle-tls,511,benign
id_calib:462,id_calib,fit,benign,processed/iotsim-combined-cycle-tls-3.csv,iotsim-combined-cycle-tls,512,benign
id_calib:463,id_calib,fit,benign,processed/iotsim-combined-cycle-tls-3.csv,iotsim-combined-cycle-tls,513,benign
id_calib:464,id_calib,fit,benign,processed/iotsim-combined-cycle-tls-3.csv,iotsim-combined-cycle-tls,514,benign
id_calib:465,id_calib,fit,benign,processed/iotsim-combined-cycle-tls-3.csv,iotsim-combined-cycle-tls,515,benign
id_calib:466,id_calib,fit,benign,processed/iotsim-combined-cycle-tls-3.csv,iotsim-combined-cycle-tls,516,benign
id_calib:467,id_calib,fit,benign,processed/iotsim-combined-cycle-tls-3.csv,iotsim-combined-cycle-tls,517,benign
id_calib:468,id_calib,fit,benign,processed/iotsim-combined-cycle-tls-3.csv,iotsim-combined-cycle-tls,518,benign
id_calib:469,id_calib,fit,benign,processed/iotsim-combined-cycle-tls-3.csv,iotsim-combined-cycle-tls,519,benign
id_calib:470,id_calib,fit,benign,processed/iotsim-combined-cycle-tls-3.csv,iotsim-combined-cycle-tls,520,benign
id_calib:471,id_calib,fit,benign,processed/iotsim-combined-cycle-tls-3.csv,iotsim-combined-cycle-tls,521,benign
id_calib:472,id_calib,fit,benign,processed/iotsim-combined-cycle-tls-3.csv,iotsim-combined-cycle-tls,522,benign
id_calib:473,id_calib,fit,benign,processed/iotsim-combined-cycle-tls-3.csv,iotsim-combined-cycle-tls,523,benign
id_calib:474,id_calib,fit,benign,processed/iotsim-combined-cycle-tls-3.csv,iotsim-combined-cycle-tls,524,benign
id_calib:475,id_calib,fit,benign,processed/iotsim-combined-cycle-tls-3.csv,iotsim-combined-cycle-tls,525,benign
id_calib:476,id_calib,fit,benign,processed/iotsim-combined-cycle-tls-3.csv,iotsim-combined-cycle-tls,526,benign
id_calib:477,id_calib,fit,benign,processed/iotsim-combined-cycle-tls-3.csv,iotsim-combined-cycle-tls,527,benign
id_calib:478,id_calib,fit,benign,processed/iotsim-combined-cycle-tls-3.csv,iotsim-combined-cycle-tls,528,benign
id_calib:479,id_calib,fit,benign,processed/iotsim-combined-cycle-tls-3.csv,iotsim-combined-cycle-tls,529,benign
id_calib:480,id_calib,fit,benign,processed/iotsim-combined-cycle-tls-3.csv,iotsim-combined-cycle-tls,530,benign
id_calib:481,id_calib,fit,benign,processed/iotsim-combined-cycle-tls-3.csv,iotsim-combined-cycle-tls,531,benign
id_calib:482,id_calib,fit,benign,processed/iotsim-combined-cycle-tls-3.csv,iotsim-combined-cycle-tls,532,benign
id_calib:483,id_calib,fit,benign,processed/iotsim-combined-cycle-tls-3.csv,iotsim-combined-cycle-tls,533,benign
id_calib:484,id_calib,fit,benign,processed/iotsim-combined-cycle-tls-3.csv,iotsim-combined-cycle-tls,534,benign
id_calib:485,id_calib,fit,benign,processed/iotsim-combined-cycle-tls-3.csv,iotsim-combined-cycle-tls,535,benign
id_calib:486,id_calib,fit,benign,processed/iotsim-combined-cycle-tls-3.csv,iotsim-combined-cycle-tls,536,benign
id_calib:487,id_calib,fit,benign,processed/iotsim-combined-cycle-tls-3.csv,iotsim-combined-cycle-tls,537,benign
id_calib:488,id_calib,fit,benign,processed/iotsim-combined-cycle-tls-3.csv,iotsim-combined-cycle-tls,538,benign
id_calib:489,id_calib,fit,benign,processed/iotsim-combined-cycle-tls-3.csv,iotsim-combined-cycle-tls,539,benign
id_calib:490,id_calib,fit,benign,processed/iotsim-combined-cycle-tls-3.csv,iotsim-combined-cycle-tls,540,benign
id_calib:491,id_calib,fit,benign,processed/iotsim-combined-cycle-tls-3.csv,iotsim-combined-cycle-tls,541,benign
id_calib:492,id_calib,fit,benign,processed/iotsim-combined-cycle-tls-3.csv,iotsim-combined-cycle-tls,542,benign
id_calib:493,id_calib,fit,benign,processed/iotsim-combined-cycle-tls-3.csv,iotsim-combined-cycle-tls,543,benign
id_calib:494,id_calib,fit,benign,processed/iotsim-combined-cycle-tls-3.csv,iotsim-combined-cycle-tls,544,benign
id_calib:495,id_calib,fit,benign,processed/iotsim-combined-cycle-tls-3.csv,iotsim-combined-cycle-tls,545,benign
id_calib:496,id_calib,fit,benign,processed/iotsim-combined-cycle-tls-3.csv,iotsim-combined-cycle-tls,546,benign
id_calib:497,id_calib,fit,benign,processed/iotsim-combined-cycle-tls-3.csv,iotsim-combined-cycle-tls,547,benign
id_calib:498,id_calib,fit,benign,processed/iotsim-combined-cycle-tls-3.csv,iotsim-combined-cycle-tls,548,benign
id_calib:499,id_calib,fit,benign,processed/iotsim-combined-cycle-tls-3.csv,iotsim-combined-cycle-tls,549,benign
id_calib:500,id_calib,fit,benign,processed/iotsim-combined-cycle-tls-3.csv,iotsim-combined-cycle-tls,550,benign
id_calib:501,id_calib,fit,benign,processed/iotsim-combined-cycle-tls-3.csv,iotsim-combined-cycle-tls,551,benign
id_calib:502,id_calib,fit,benign,processed/iotsim-combined-cycle-tls-3.csv,iotsim-combined-cycle-tls,552,benign
id_calib:503,id_calib,fit,benign,processed/iotsim-combined-cycle-tls-3.csv,iotsim-combined-cycle-tls,553,benign
id_calib:504,id_calib,fit,benign,processed/iotsim-combined-cycle-tls-3.csv,iotsim-combined-cycle-tls,554,benign
id_calib:505,id_calib,fit,benign,processed/iotsim-combined-cycle-tls-3.csv,iotsim-combined-cycle-tls,555,benign
id_calib:506,id_calib,fit,benign,processed/iotsim-combined-cycle-tls-3.csv,iotsim-combined-cycle-tls,556,benign
id_calib:507,id_calib,fit,benign,processed/iotsim-combined-cycle-tls-3.csv,iotsim-combined-cycle-tls,557,benign
id_calib:508,id_calib,fit,benign,processed/iotsim-combined-cycle-tls-3.csv,iotsim-combined-cycle-tls,558,benign
id_calib:509,id_calib,fit,benign,processed/iotsim-combined-cycle-tls-3.csv,iotsim-combined-cycle-tls,559,benign
id_calib:510,id_calib,fit,benign,processed/iotsim-combined-cycle-tls-3.csv,iotsim-combined-cycle-tls,560,benign
id_calib:511,id_calib,fit,benign,processed/iotsim-combined-cycle-tls-3.csv,iotsim-combined-cycle-tls,561,benign
id_calib:512,id_calib,fit,benign,processed/iotsim-combined-cycle-tls-3.csv,iotsim-combined-cycle-tls,562,benign
id_calib:513,id_calib,fit,benign,processed/iotsim-combined-cycle-tls-3.csv,iotsim-combined-cycle-tls,563,benign
id_calib:514,id_calib,fit,benign,processed/iotsim-combined-cycle-tls-3.csv,iotsim-combined-cycle-tls,564,benign
id_calib:515,id_calib,fit,benign,processed/iotsim-combined-cycle-tls-3.csv,iotsim-combined-cycle-tls,565,benign
id_calib:516,id_calib,fit,benign,processed/iotsim-combined-cycle-tls-3.csv,iotsim-combined-cycle-tls,566,benign
id_calib:517,id_calib,fit,benign,processed/iotsim-combined-cycle-tls-3.csv,iotsim-combined-cycle-tls,567,benign
id_calib:518,id_calib,fit,benign,processed/iotsim-combined-cycle-tls-3.csv,iotsim-combined-cycle-tls,568,benign
id_calib:519,id_calib,fit,benign,processed/iotsim-combined-cycle-tls-3.csv,iotsim-combined-cycle-tls,569,benign
id_calib:520,id_calib,fit,benign,processed/iotsim-combined-cycle-tls-3.csv,iotsim-combined-cycle-tls,570,benign
id_calib:521,id_calib,fit,benign,processed/iotsim-combined-cycle-tls-3.csv,iotsim-combined-cycle-tls,571,benign
id_calib:522,id_calib,fit,benign,processed/iotsim-combined-cycle-tls-3.csv,iotsim-combined-cycle-tls,572,benign
id_calib:523,id_calib,fit,benign,processed/iotsim-combined-cycle-tls-3.csv,iotsim-combined-cycle-tls,573,benign
id_calib:524,id_calib,fit,benign,processed/iotsim-combined-cycle-tls-3.csv,iotsim-combined-cycle-tls,574,benign
id_calib:525,id_calib,fit,benign,processed/iotsim-combined-cycle-tls-3.csv,iotsim-combined-cycle-tls,575,benign
id_calib:526,id_calib,fit,benign,processed/iotsim-combined-cycle-tls-3.csv,iotsim-combined-cycle-tls,576,benign
id_calib:527,id_calib,fit,benign,processed/iotsim-combined-cycle-tls-3.csv,iotsim-combined-cycle-tls,577,benign
id_calib:528,id_calib,fit,benign,processed/iotsim-combined-cycle-tls-3.csv,iotsim-combined-cycle-tls,578,benign
id_calib:529,id_calib,fit,benign,processed/iotsim-combined-cycle-tls-3.csv,iotsim-combined-cycle-tls,579,benign
id_calib:530,id_calib,fit,benign,processed/iotsim-combined-cycle-tls-3.csv,iotsim-combined-cycle-tls,580,benign
id_calib:531,id_calib,fit,benign,processed/iotsim-combined-cycle-tls-3.csv,iotsim-combined-cycle-tls,581,benign
id_calib:532,id_calib,fit,benign,processed/iotsim-combined-cycle-tls-3.csv,iotsim-combined-cycle-tls,582,benign
id_calib:533,id_calib,fit,benign,processed/iotsim-combined-cycle-tls-3.csv,iotsim-combined-cycle-tls,583,benign
id_calib:534,id_calib,fit,benign,processed/iotsim-combined-cycle-tls-3.csv,iotsim-combined-cycle-tls,584,benign
id_calib:535,id_calib,fit,benign,processed/iotsim-combined-cycle-tls-3.csv,iotsim-combined-cycle-tls,585,benign
id_calib:536,id_calib,fit,benign,processed/iotsim-combined-cycle-tls-3.csv,iotsim-combined-cycle-tls,586,benign
id_calib:537,id_calib,fit,benign,processed/iotsim-combined-cycle-tls-3.csv,iotsim-combined-cycle-tls,587,benign
id_calib:538,id_calib,fit,benign,processed/iotsim-combined-cycle-tls-3.csv,iotsim-combined-cycle-tls,588,benign
id_calib:539,id_calib,fit,benign,processed/iotsim-combined-cycle-tls-3.csv,iotsim-combined-cycle-tls,589,benign
id_calib:540,id_calib,fit,benign,processed/iotsim-combined-cycle-tls-3.csv,iotsim-combined-cycle-tls,590,benign
id_calib:541,id_calib,fit,benign,processed/iotsim-combined-cycle-tls-3.csv,iotsim-combined-cycle-tls,591,benign
id_calib:542,id_calib,fit,benign,processed/iotsim-combined-cycle-tls-3.csv,iotsim-combined-cycle-tls,592,benign
id_calib:543,id_calib,fit,benign,processed/iotsim-combined-cycle-tls-3.csv,iotsim-combined-cycle-tls,593,benign
id_calib:544,id_calib,fit,benign,processed/iotsim-combined-cycle-tls-3.csv,iotsim-combined-cycle-tls,594,benign
id_calib:545,id_calib,fit,benign,processed/iotsim-combined-cycle-tls-3.csv,iotsim-combined-cycle-tls,595,benign
id_calib:546,id_calib,fit,benign,processed/iotsim-combined-cycle-tls-3.csv,iotsim-combined-cycle-tls,596,benign
id_calib:547,id_calib,fit,benign,processed/iotsim-combined-cycle-tls-3.csv,iotsim-combined-cycle-tls,597,benign
id_calib:548,id_calib,fit,benign,processed/iotsim-combined-cycle-tls-3.csv,iotsim-combined-cycle-tls,598,benign
id_calib:549,id_calib,fit,benign,processed/iotsim-combined-cycle-tls-3.csv,iotsim-combined-cycle-tls,599,benign
id_calib:550,id_calib,fit,benign,processed/iotsim-combined-cycle-tls-3.csv,iotsim-combined-cycle-tls,600,benign
id_calib:551,id_calib,fit,benign,processed/iotsim-combined-cycle-tls-3.csv,iotsim-combined-cycle-tls,601,benign
id_calib:552,id_calib,fit,benign,processed/iotsim-combined-cycle-tls-3.csv,iotsim-combined-cycle-tls,602,benign
id_calib:553,id_calib,fit,benign,processed/iotsim-combined-cycle-tls-3.csv,iotsim-combined-cycle-tls,603,benign
id_calib:554,id_calib,fit,benign,processed/iotsim-combined-cycle-tls-3.csv,iotsim-combined-cycle-tls,604,benign
id_calib:555,id_calib,fit,benign,processed/iotsim-combined-cycle-tls-3.csv,iotsim-combined-cycle-tls,605,benign
id_calib:556,id_calib,fit,benign,processed/iotsim-combined-cycle-tls-3.csv,iotsim-combined-cycle-tls,606,benign
id_calib:557,id_calib,fit,benign,processed/iotsim-combined-cycle-tls-3.csv,iotsim-combined-cycle-tls,607,benign
id_calib:558,id_calib,fit,benign,processed/iotsim-combined-cycle-tls-3.csv,iotsim-combined-cycle-tls,608,benign
id_calib:559,id_calib,fit,benign,processed/iotsim-combined-cycle-tls-3.csv,iotsim-combined-cycle-tls,609,benign
id_calib:560,id_calib,fit,benign,processed/iotsim-combined-cycle-tls-3.csv,iotsim-combined-cycle-tls,610,benign
id_calib:561,id_calib,fit,benign,processed/iotsim-combined-cycle-tls-3.csv,iotsim-combined-cycle-tls,611,benign
id_calib:562,id_calib,fit,benign,processed/iotsim-combined-cycle-tls-3.csv,iotsim-combined-cycle-tls,612,benign
id_calib:563,id_calib,fit,benign,processed/iotsim-combined-cycle-tls-3.csv,iotsim-combined-cycle-tls,613,benign
id_calib:564,id_calib,fit,benign,processed/iotsim-combined-cycle-tls-3.csv,iotsim-combined-cycle-tls,614,benign
id_calib:565,id_calib,fit,benign,processed/iotsim-combined-cycle-tls-3.csv,iotsim-combined-cycle-tls,615,benign
id_calib:566,id_calib,fit,benign,processed/iotsim-combined-cycle-tls-3.csv,iotsim-combined-cycle-tls,616,benign
id_calib:567,id_calib,fit,benign,processed/iotsim-combined-cycle-tls-3.csv,iotsim-combined-cycle-tls,617,benign
id_calib:568,id_calib,fit,benign,processed/iotsim-combined-cycle-tls-3.csv,iotsim-combined-cycle-tls,618,benign
id_calib:569,id_calib,fit,benign,processed/iotsim-combined-cycle-tls-3.csv,iotsim-combined-cycle-tls,619,benign
id_calib:570,id_calib,fit,benign,processed/iotsim-combined-cycle-tls-3.csv,iotsim-combined-cycle-tls,620,benign
id_calib:571,id_calib,fit,benign,processed/iotsim-combined-cycle-tls-3.csv,iotsim-combined-cycle-tls,621,benign
id_calib:572,id_calib,fit,benign,processed/iotsim-combined-cycle-tls-3.csv,iotsim-combined-cycle-tls,622,benign
id_calib:573,id_calib,fit,benign,processed/iotsim-combined-cycle-tls-3.csv,iotsim-combined-cycle-tls,623,benign
id_calib:574,id_calib,fit,benign,processed/iotsim-combined-cycle-tls-3.csv,iotsim-combined-cycle-tls,624,benign
id_calib:575,id_calib,fit,benign,processed/iotsim-combined-cycle-tls-3.csv,iotsim-combined-cycle-tls,625,benign
id_calib:576,id_calib,fit,benign,processed/iotsim-combined-cycle-tls-3.csv,iotsim-combined-cycle-tls,626,benign
id_calib:577,id_calib,fit,benign,processed/iotsim-combined-cycle-tls-3.csv,iotsim-combined-cycle-tls,627,benign
id_calib:578,id_calib,fit,benign,processed/iotsim-combined-cycle-tls-3.csv,iotsim-combined-cycle-tls,628,benign
id_calib:579,id_calib,fit,benign,processed/iotsim-combined-cycle-tls-3.csv,iotsim-combined-cycle-tls,629,benign
id_calib:580,id_calib,fit,benign,processed/iotsim-combined-cycle-tls-3.csv,iotsim-combined-cycle-tls,630,benign
id_calib:581,id_calib,fit,benign,processed/iotsim-combined-cycle-tls-3.csv,iotsim-combined-cycle-tls,631,benign
id_calib:582,id_calib,fit,benign,processed/iotsim-combined-cycle-tls-3.csv,iotsim-combined-cycle-tls,632,benign
id_calib:583,id_calib,fit,benign,processed/iotsim-combined-cycle-tls-3.csv,iotsim-combined-cycle-tls,633,benign
id_calib:584,id_calib,fit,benign,processed/iotsim-combined-cycle-tls-3.csv,iotsim-combined-cycle-tls,634,benign
id_calib:585,id_calib,fit,benign,processed/iotsim-combined-cycle-tls-3.csv,iotsim-combined-cycle-tls,635,benign
id_calib:586,id_calib,fit,benign,processed/iotsim-combined-cycle-tls-3.csv,iotsim-combined-cycle-tls,636,benign
id_calib:587,id_calib,fit,benign,processed/iotsim-combined-cycle-tls-3.csv,iotsim-combined-cycle-tls,637,benign
id_calib:588,id_calib,fit,benign,processed/iotsim-combined-cycle-tls-3.csv,iotsim-combined-cycle-tls,638,benign
id_calib:589,id_calib,fit,benign,processed/iotsim-combined-cycle-tls-3.csv,iotsim-combined-cycle-tls,639,benign
id_calib:590,id_calib,fit,benign,processed/iotsim-combined-cycle-tls-3.csv,iotsim-combined-cycle-tls,640,benign
id_calib:591,id_calib,fit,benign,processed/iotsim-combined-cycle-tls-3.csv,iotsim-combined-cycle-tls,641,benign
id_calib:592,id_calib,fit,benign,processed/iotsim-combined-cycle-tls-3.csv,iotsim-combined-cycle-tls,642,benign
id_calib:593,id_calib,fit,benign,processed/iotsim-combined-cycle-tls-3.csv,iotsim-combined-cycle-tls,643,benign
id_calib:594,id_calib,fit,benign,processed/iotsim-combined-cycle-tls-3.csv,iotsim-combined-cycle-tls,644,benign
id_calib:595,id_calib,fit,benign,processed/iotsim-combined-cycle-tls-3.csv,iotsim-combined-cycle-tls,645,benign
id_calib:596,id_calib,fit,benign,processed/iotsim-combined-cycle-tls-3.csv,iotsim-combined-cycle-tls,646,benign
id_calib:597,id_calib,fit,benign,processed/iotsim-combined-cycle-tls-3.csv,iotsim-combined-cycle-tls,647,benign
id_calib:598,id_calib,fit,benign,processed/iotsim-combined-cycle-tls-3.csv,iotsim-combined-cycle-tls,648,benign
id_calib:599,id_calib,fit,benign,processed/iotsim-combined-cycle-tls-3.csv,iotsim-combined-cycle-tls,649,benign
id_calib:600,id_calib,fit,benign,processed/iotsim-combined-cycle-tls-3.csv,iotsim-combined-cycle-tls,650,benign
id_calib:601,id_calib,fit,benign,processed/iotsim-combined-cycle-tls-3.csv,iotsim-combined-cycle-tls,651,benign
id_calib:602,id_calib,fit,benign,processed/iotsim-combined-cycle-tls-3.csv,iotsim-combined-cycle-tls,652,benign
id_calib:603,id_calib,fit,benign,processed/iotsim-combined-cycle-tls-3.csv,iotsim-combined-cycle-tls,653,benign
id_calib:604,id_calib,fit,benign,processed/iotsim-combined-cycle-tls-3.csv,iotsim-combined-cycle-tls,654,benign
id_calib:605,id_calib,fit,benign,processed/iotsim-combined-cycle-tls-3.csv,iotsim-combined-cycle-tls,655,benign
id_calib:606,id_calib,fit,benign,processed/iotsim-combined-cycle-tls-3.csv,iotsim-combined-cycle-tls,656,benign
id_calib:607,id_calib,fit,benign,processed/iotsim-combined-cycle-tls-3.csv,iotsim-combined-cycle-tls,657,benign
id_calib:608,id_calib,fit,benign,processed/iotsim-combined-cycle-tls-3.csv,iotsim-combined-cycle-tls,658,benign
id_calib:609,id_calib,fit,benign,processed/iotsim-combined-cycle-tls-3.csv,iotsim-combined-cycle-tls,659,benign
id_calib:610,id_calib,fit,benign,processed/iotsim-combined-cycle-tls-3.csv,iotsim-combined-cycle-tls,660,benign
id_calib:611,id_calib,fit,benign,processed/iotsim-combined-cycle-tls-3.csv,iotsim-combined-cycle-tls,661,benign
id_calib:612,id_calib,fit,benign,processed/iotsim-combined-cycle-tls-3.csv,iotsim-combined-cycle-tls,662,benign
id_calib:613,id_calib,fit,benign,processed/iotsim-combined-cycle-tls-3.csv,iotsim-combined-cycle-tls,663,benign
id_calib:614,id_calib,fit,benign,processed/iotsim-combined-cycle-tls-3.csv,iotsim-combined-cycle-tls,664,benign
id_calib:615,id_calib,fit,benign,processed/iotsim-combined-cycle-tls-3.csv,iotsim-combined-cycle-tls,665,benign
id_calib:616,id_calib,fit,benign,processed/iotsim-combined-cycle-tls-3.csv,iotsim-combined-cycle-tls,666,benign
id_calib:617,id_calib,fit,benign,processed/iotsim-combined-cycle-tls-3.csv,iotsim-combined-cycle-tls,667,benign
id_calib:618,id_calib,fit,benign,processed/iotsim-combined-cycle-tls-3.csv,iotsim-combined-cycle-tls,668,benign
id_calib:619,id_calib,fit,benign,processed/iotsim-combined-cycle-tls-3.csv,iotsim-combined-cycle-tls,669,benign
id_calib:620,id_calib,fit,benign,processed/iotsim-combined-cycle-tls-3.csv,iotsim-combined-cycle-tls,670,benign
id_calib:621,id_calib,fit,benign,processed/iotsim-combined-cycle-tls-3.csv,iotsim-combined-cycle-tls,671,benign
id_calib:622,id_calib,fit,benign,processed/iotsim-combined-cycle-tls-3.csv,iotsim-combined-cycle-tls,672,benign
id_calib:623,id_calib,fit,benign,processed/iotsim-combined-cycle-tls-3.csv,iotsim-combined-cycle-tls,673,benign
id_calib:624,id_calib,fit,benign,processed/iotsim-combined-cycle-tls-3.csv,iotsim-combined-cycle-tls,674,benign
id_calib:625,id_calib,fit,benign,processed/iotsim-combined-cycle-tls-3.csv,iotsim-combined-cycle-tls,675,benign
id_calib:626,id_calib,fit,benign,processed/iotsim-combined-cycle-tls-3.csv,iotsim-combined-cycle-tls,676,benign
id_calib:627,id_calib,fit,benign,processed/iotsim-combined-cycle-tls-3.csv,iotsim-combined-cycle-tls,677,benign
id_calib:628,id_calib,fit,benign,processed/iotsim-combined-cycle-tls-3.csv,iotsim-combined-cycle-tls,678,benign
id_calib:629,id_calib,fit,benign,processed/iotsim-combined-cycle-tls-3.csv,iotsim-combined-cycle-tls,679,benign
id_calib:630,id_calib,fit,benign,processed/iotsim-combined-cycle-tls-3.csv,iotsim-combined-cycle-tls,680,benign
id_calib:631,id_calib,fit,benign,processed/iotsim-combined-cycle-tls-3.csv,iotsim-combined-cycle-tls,681,benign
id_calib:632,id_calib,fit,benign,processed/iotsim-combined-cycle-tls-3.csv,iotsim-combined-cycle-tls,682,benign
id_calib:633,id_calib,fit,benign,processed/iotsim-combined-cycle-tls-3.csv,iotsim-combined-cycle-tls,683,benign
id_calib:634,id_calib,fit,benign,processed/iotsim-combined-cycle-tls-3.csv,iotsim-combined-cycle-tls,684,benign
id_calib:635,id_calib,fit,benign,processed/iotsim-combined-cycle-tls-3.csv,iotsim-combined-cycle-tls,685,benign
id_calib:636,id_calib,fit,benign,processed/iotsim-combined-cycle-tls-3.csv,iotsim-combined-cycle-tls,686,benign
id_calib:637,id_calib,fit,benign,processed/iotsim-combined-cycle-tls-3.csv,iotsim-combined-cycle-tls,687,benign
id_calib:638,id_calib,fit,benign,processed/iotsim-combined-cycle-tls-3.csv,iotsim-combined-cycle-tls,688,benign
id_calib:639,id_calib,fit,benign,processed/iotsim-combined-cycle-tls-3.csv,iotsim-combined-cycle-tls,689,benign
id_calib:640,id_calib,fit,benign,processed/iotsim-combined-cycle-tls-3.csv,iotsim-combined-cycle-tls,690,benign
id_calib:641,id_calib,fit,benign,processed/iotsim-combined-cycle-tls-3.csv,iotsim-combined-cycle-tls,691,benign
id_calib:642,id_calib,fit,benign,processed/iotsim-combined-cycle-tls-3.csv,iotsim-combined-cycle-tls,692,benign
id_calib:643,id_calib,fit,benign,processed/iotsim-combined-cycle-tls-3.csv,iotsim-combined-cycle-tls,693,benign
id_calib:644,id_calib,fit,benign,processed/iotsim-combined-cycle-tls-3.csv,iotsim-combined-cycle-tls,694,benign
id_calib:645,id_calib,fit,benign,processed/iotsim-combined-cycle-tls-3.csv,iotsim-combined-cycle-tls,695,benign
id_calib:646,id_calib,fit,benign,processed/iotsim-combined-cycle-tls-3.csv,iotsim-combined-cycle-tls,696,benign
id_calib:647,id_calib,fit,benign,processed/iotsim-combined-cycle-tls-3.csv,iotsim-combined-cycle-tls,697,benign
id_calib:648,id_calib,fit,benign,processed/iotsim-combined-cycle-tls-3.csv,iotsim-combined-cycle-tls,698,benign
id_calib:649,id_calib,fit,benign,processed/iotsim-combined-cycle-tls-3.csv,iotsim-combined-cycle-tls,699,benign
id_calib:650,id_calib,fit,benign,processed/iotsim-combined-cycle-tls-3.csv,iotsim-combined-cycle-tls,700,benign
id_calib:651,id_calib,fit,benign,processed/iotsim-combined-cycle-tls-3.csv,iotsim-combined-cycle-tls,701,benign
id_calib:652,id_calib,fit,benign,processed/iotsim-combined-cycle-tls-3.csv,iotsim-combined-cycle-tls,702,benign
id_calib:653,id_calib,fit,benign,processed/iotsim-combined-cycle-tls-3.csv,iotsim-combined-cycle-tls,703,benign
id_calib:654,id_calib,fit,benign,processed/iotsim-combined-cycle-tls-3.csv,iotsim-combined-cycle-tls,704,benign
id_calib:655,id_calib,fit,benign,processed/iotsim-combined-cycle-tls-3.csv,iotsim-combined-cycle-tls,705,benign
id_calib:656,id_calib,fit,benign,processed/iotsim-combined-cycle-tls-3.csv,iotsim-combined-cycle-tls,706,benign
id_calib:657,id_calib,fit,benign,processed/iotsim-combined-cycle-tls-3.csv,iotsim-combined-cycle-tls,707,benign
id_calib:658,id_calib,fit,benign,processed/iotsim-combined-cycle-tls-3.csv,iotsim-combined-cycle-tls,708,benign
id_calib:659,id_calib,fit,benign,processed/iotsim-combined-cycle-tls-3.csv,iotsim-combined-cycle-tls,709,benign
id_calib:660,id_calib,fit,benign,processed/iotsim-combined-cycle-tls-3.csv,iotsim-combined-cycle-tls,710,benign
id_calib:661,id_calib,fit,benign,processed/iotsim-combined-cycle-tls-3.csv,iotsim-combined-cycle-tls,711,benign
id_calib:662,id_calib,fit,benign,processed/iotsim-combined-cycle-tls-3.csv,iotsim-combined-cycle-tls,712,benign
id_calib:663,id_calib,fit,benign,processed/iotsim-combined-cycle-tls-3.csv,iotsim-combined-cycle-tls,713,benign
id_calib:664,id_calib,fit,benign,processed/iotsim-combined-cycle-tls-3.csv,iotsim-combined-cycle-tls,714,benign
id_calib:665,id_calib,fit,benign,processed/iotsim-combined-cycle-tls-3.csv,iotsim-combined-cycle-tls,715,benign
id_calib:666,id_calib,fit,benign,processed/iotsim-combined-cycle-tls-3.csv,iotsim-combined-cycle-tls,716,benign
id_calib:667,id_calib,fit,benign,processed/iotsim-combined-cycle-tls-3.csv,iotsim-combined-cycle-tls,717,benign
id_calib:668,id_calib,fit,benign,processed/iotsim-combined-cycle-tls-3.csv,iotsim-combined-cycle-tls,718,benign
id_calib:669,id_calib,fit,benign,processed/iotsim-combined-cycle-tls-3.csv,iotsim-combined-cycle-tls,719,benign
id_calib:670,id_calib,fit,benign,processed/iotsim-combined-cycle-tls-3.csv,iotsim-combined-cycle-tls,720,benign
id_calib:671,id_calib,fit,benign,processed/iotsim-combined-cycle-tls-3.csv,iotsim-combined-cycle-tls,721,benign
id_calib:672,id_calib,fit,benign,processed/iotsim-combined-cycle-tls-3.csv,iotsim-combined-cycle-tls,722,benign
id_calib:673,id_calib,fit,benign,processed/iotsim-combined-cycle-tls-3.csv,iotsim-combined-cycle-tls,723,benign
id_calib:674,id_calib,fit,benign,processed/iotsim-combined-cycle-tls-3.csv,iotsim-combined-cycle-tls,724,benign
id_calib:675,id_calib,fit,benign,processed/iotsim-combined-cycle-tls-3.csv,iotsim-combined-cycle-tls,725,benign
id_calib:676,id_calib,fit,benign,processed/iotsim-combined-cycle-tls-3.csv,iotsim-combined-cycle-tls,726,benign
id_calib:677,id_calib,fit,benign,processed/iotsim-combined-cycle-tls-3.csv,iotsim-combined-cycle-tls,727,benign
id_calib:678,id_calib,fit,benign,processed/iotsim-combined-cycle-tls-3.csv,iotsim-combined-cycle-tls,728,benign
id_calib:679,id_calib,fit,benign,processed/iotsim-combined-cycle-tls-3.csv,iotsim-combined-cycle-tls,729,benign
id_calib:680,id_calib,fit,benign,processed/iotsim-combined-cycle-tls-3.csv,iotsim-combined-cycle-tls,730,benign
id_calib:681,id_calib,fit,benign,processed/iotsim-combined-cycle-tls-3.csv,iotsim-combined-cycle-tls,731,benign
id_calib:682,id_calib,fit,benign,processed/iotsim-combined-cycle-tls-3.csv,iotsim-combined-cycle-tls,732,benign
id_calib:683,id_calib,fit,benign,processed/iotsim-combined-cycle-tls-3.csv,iotsim-combined-cycle-tls,733,benign
id_calib:684,id_calib,fit,benign,processed/iotsim-combined-cycle-tls-3.csv,iotsim-combined-cycle-tls,734,benign
id_calib:685,id_calib,fit,benign,processed/iotsim-combined-cycle-tls-3.csv,iotsim-combined-cycle-tls,735,benign
id_calib:686,id_calib,fit,benign,processed/iotsim-combined-cycle-tls-3.csv,iotsim-combined-cycle-tls,736,benign
id_calib:687,id_calib,fit,benign,processed/iotsim-combined-cycle-tls-3.csv,iotsim-combined-cycle-tls,737,benign
id_calib:688,id_calib,fit,benign,processed/iotsim-combined-cycle-tls-3.csv,iotsim-combined-cycle-tls,738,benign
id_calib:689,id_calib,fit,benign,processed/iotsim-combined-cycle-tls-3.csv,iotsim-combined-cycle-tls,739,benign
id_calib:690,id_calib,fit,benign,processed/iotsim-combined-cycle-tls-3.csv,iotsim-combined-cycle-tls,740,benign
id_calib:691,id_calib,fit,benign,processed/iotsim-combined-cycle-tls-3.csv,iotsim-combined-cycle-tls,741,benign
id_calib:692,id_calib,fit,benign,processed/iotsim-combined-cycle-tls-3.csv,iotsim-combined-cycle-tls,742,benign
id_calib:693,id_calib,fit,benign,processed/iotsim-combined-cycle-tls-3.csv,iotsim-combined-cycle-tls,743,benign
id_calib:694,id_calib,fit,benign,processed/iotsim-combined-cycle-tls-3.csv,iotsim-combined-cycle-tls,744,benign
id_calib:695,id_calib,fit,benign,processed/iotsim-combined-cycle-tls-3.csv,iotsim-combined-cycle-tls,745,benign
id_calib:696,id_calib,fit,benign,processed/iotsim-combined-cycle-tls-3.csv,iotsim-combined-cycle-tls,746,benign
id_calib:697,id_calib,fit,benign,processed/iotsim-combined-cycle-tls-3.csv,iotsim-combined-cycle-tls,747,benign
id_calib:698,id_calib,fit,benign,processed/iotsim-combined-cycle-tls-3.csv,iotsim-combined-cycle-tls,748,benign
id_calib:699,id_calib,fit,benign,processed/iotsim-combined-cycle-tls-3.csv,iotsim-combined-cycle-tls,749,benign
id_calib:700,id_calib,fit,benign,processed/iotsim-combined-cycle-tls-3.csv,iotsim-combined-cycle-tls,750,benign
id_calib:701,id_calib,fit,benign,processed/iotsim-combined-cycle-tls-3.csv,iotsim-combined-cycle-tls,751,benign
id_calib:702,id_calib,fit,benign,processed/iotsim-combined-cycle-tls-3.csv,iotsim-combined-cycle-tls,752,benign
id_calib:703,id_calib,fit,benign,processed/iotsim-combined-cycle-tls-3.csv,iotsim-combined-cycle-tls,753,benign
id_calib:704,id_calib,fit,benign,processed/iotsim-combined-cycle-tls-3.csv,iotsim-combined-cycle-tls,754,benign
id_calib:705,id_calib,fit,benign,processed/iotsim-combined-cycle-tls-3.csv,iotsim-combined-cycle-tls,755,benign
id_calib:706,id_calib,fit,benign,processed/iotsim-combined-cycle-tls-3.csv,iotsim-combined-cycle-tls,756,benign
id_calib:707,id_calib,fit,benign,processed/iotsim-combined-cycle-tls-3.csv,iotsim-combined-cycle-tls,757,benign
id_calib:708,id_calib,fit,benign,processed/iotsim-combined-cycle-tls-3.csv,iotsim-combined-cycle-tls,758,benign
id_calib:709,id_calib,fit,benign,processed/iotsim-combined-cycle-tls-3.csv,iotsim-combined-cycle-tls,759,benign
id_calib:710,id_calib,fit,benign,processed/iotsim-combined-cycle-tls-3.csv,iotsim-combined-cycle-tls,760,benign
id_calib:711,id_calib,fit,benign,processed/iotsim-combined-cycle-tls-3.csv,iotsim-combined-cycle-tls,761,benign
id_calib:712,id_calib,fit,benign,processed/iotsim-combined-cycle-tls-3.csv,iotsim-combined-cycle-tls,762,benign
id_calib:713,id_calib,fit,benign,processed/iotsim-combined-cycle-tls-3.csv,iotsim-combined-cycle-tls,763,benign
id_calib:714,id_calib,fit,benign,processed/iotsim-combined-cycle-tls-3.csv,iotsim-combined-cycle-tls,764,benign
id_calib:715,id_calib,fit,benign,processed/iotsim-combined-cycle-tls-3.csv,iotsim-combined-cycle-tls,765,benign
id_calib:716,id_calib,fit,benign,processed/iotsim-combined-cycle-tls-3.csv,iotsim-combined-cycle-tls,766,benign
id_calib:717,id_calib,fit,benign,processed/iotsim-combined-cycle-tls-3.csv,iotsim-combined-cycle-tls,767,benign
id_calib:718,id_calib,fit,benign,processed/iotsim-combined-cycle-tls-3.csv,iotsim-combined-cycle-tls,768,benign
id_calib:719,id_calib,fit,benign,processed/iotsim-combined-cycle-tls-3.csv,iotsim-combined-cycle-tls,769,benign
id_calib:720,id_calib,fit,benign,processed/iotsim-combined-cycle-tls-3.csv,iotsim-combined-cycle-tls,770,benign
id_calib:721,id_calib,fit,benign,processed/iotsim-combined-cycle-tls-3.csv,iotsim-combined-cycle-tls,771,benign
id_calib:722,id_calib,fit,benign,processed/iotsim-combined-cycle-tls-3.csv,iotsim-combined-cycle-tls,772,benign
id_calib:723,id_calib,fit,benign,processed/iotsim-combined-cycle-tls-3.csv,iotsim-combined-cycle-tls,773,benign
id_calib:724,id_calib,fit,benign,processed/iotsim-combined-cycle-tls-3.csv,iotsim-combined-cycle-tls,774,benign
id_calib:725,id_calib,fit,benign,processed/iotsim-combined-cycle-tls-3.csv,iotsim-combined-cycle-tls,775,benign
id_calib:726,id_calib,fit,benign,processed/iotsim-combined-cycle-tls-3.csv,iotsim-combined-cycle-tls,776,benign
id_calib:727,id_calib,fit,benign,processed/iotsim-combined-cycle-tls-3.csv,iotsim-combined-cycle-tls,777,benign
id_calib:728,id_calib,fit,benign,processed/iotsim-combined-cycle-tls-3.csv,iotsim-combined-cycle-tls,778,benign
id_calib:729,id_calib,fit,benign,processed/iotsim-combined-cycle-tls-3.csv,iotsim-combined-cycle-tls,779,benign
id_calib:730,id_calib,fit,benign,processed/iotsim-combined-cycle-tls-3.csv,iotsim-combined-cycle-tls,780,benign
id_calib:731,id_calib,fit,benign,processed/iotsim-combined-cycle-tls-3.csv,iotsim-combined-cycle-tls,781,benign
id_calib:732,id_calib,fit,benign,processed/iotsim-combined-cycle-tls-3.csv,iotsim-combined-cycle-tls,782,benign
id_calib:733,id_calib,fit,benign,processed/iotsim-combined-cycle-tls-3.csv,iotsim-combined-cycle-tls,783,benign
id_calib:734,id_calib,fit,benign,processed/iotsim-combined-cycle-tls-3.csv,iotsim-combined-cycle-tls,784,benign
id_calib:735,id_calib,fit,benign,processed/iotsim-combined-cycle-tls-3.csv,iotsim-combined-cycle-tls,785,benign
id_calib:736,id_calib,fit,benign,processed/iotsim-combined-cycle-tls-3.csv,iotsim-combined-cycle-tls,786,benign
id_calib:737,id_calib,fit,benign,processed/iotsim-combined-cycle-tls-3.csv,iotsim-combined-cycle-tls,787,benign
id_calib:738,id_calib,fit,benign,processed/iotsim-combined-cycle-tls-3.csv,iotsim-combined-cycle-tls,788,benign
id_calib:739,id_calib,fit,benign,processed/iotsim-combined-cycle-tls-3.csv,iotsim-combined-cycle-tls,789,benign
id_calib:740,id_calib,fit,benign,processed/iotsim-combined-cycle-tls-3.csv,iotsim-combined-cycle-tls,790,benign
id_calib:741,id_calib,fit,benign,processed/iotsim-combined-cycle-tls-3.csv,iotsim-combined-cycle-tls,791,benign
id_calib:742,id_calib,fit,benign,processed/iotsim-combined-cycle-tls-3.csv,iotsim-combined-cycle-tls,792,benign
id_calib:743,id_calib,fit,benign,processed/iotsim-combined-cycle-tls-3.csv,iotsim-combined-cycle-tls,793,benign
id_calib:744,id_calib,fit,benign,processed/iotsim-combined-cycle-tls-3.csv,iotsim-combined-cycle-tls,794,benign
id_calib:745,id_calib,fit,benign,processed/iotsim-combined-cycle-tls-3.csv,iotsim-combined-cycle-tls,795,benign
id_calib:746,id_calib,fit,benign,processed/iotsim-combined-cycle-tls-3.csv,iotsim-combined-cycle-tls,796,benign
id_calib:747,id_calib,fit,benign,processed/iotsim-combined-cycle-tls-3.csv,iotsim-combined-cycle-tls,797,benign
id_calib:748,id_calib,fit,benign,processed/iotsim-combined-cycle-tls-3.csv,iotsim-combined-cycle-tls,798,benign
id_calib:749,id_calib,fit,benign,processed/iotsim-combined-cycle-tls-3.csv,iotsim-combined-cycle-tls,799,benign
id_calib:750,id_calib,fit,benign,processed/iotsim-combined-cycle-tls-3.csv,iotsim-combined-cycle-tls,800,benign
id_calib:751,id_calib,fit,benign,processed/iotsim-combined-cycle-tls-3.csv,iotsim-combined-cycle-tls,801,benign
id_calib:752,id_calib,fit,benign,processed/iotsim-combined-cycle-tls-3.csv,iotsim-combined-cycle-tls,802,benign
id_calib:753,id_calib,fit,benign,processed/iotsim-combined-cycle-tls-3.csv,iotsim-combined-cycle-tls,803,benign
id_calib:754,id_calib,fit,benign,processed/iotsim-combined-cycle-tls-3.csv,iotsim-combined-cycle-tls,804,benign
id_calib:755,id_calib,fit,benign,processed/iotsim-combined-cycle-tls-3.csv,iotsim-combined-cycle-tls,805,benign
id_calib:756,id_calib,fit,benign,processed/iotsim-combined-cycle-tls-3.csv,iotsim-combined-cycle-tls,806,benign
id_calib:757,id_calib,fit,benign,processed/iotsim-combined-cycle-tls-3.csv,iotsim-combined-cycle-tls,807,benign
id_calib:758,id_calib,fit,benign,processed/iotsim-combined-cycle-tls-3.csv,iotsim-combined-cycle-tls,808,benign
id_calib:759,id_calib,fit,benign,processed/iotsim-combined-cycle-tls-3.csv,iotsim-combined-cycle-tls,809,benign
id_calib:760,id_calib,fit,benign,processed/iotsim-combined-cycle-tls-3.csv,iotsim-combined-cycle-tls,810,benign
id_calib:761,id_calib,fit,benign,processed/iotsim-combined-cycle-tls-3.csv,iotsim-combined-cycle-tls,811,benign
id_calib:762,id_calib,fit,benign,processed/iotsim-combined-cycle-tls-3.csv,iotsim-combined-cycle-tls,812,benign
id_calib:763,id_calib,fit,benign,processed/iotsim-combined-cycle-tls-3.csv,iotsim-combined-cycle-tls,813,benign
id_calib:764,id_calib,fit,benign,processed/iotsim-combined-cycle-tls-3.csv,iotsim-combined-cycle-tls,814,benign
id_calib:765,id_calib,fit,benign,processed/iotsim-combined-cycle-tls-3.csv,iotsim-combined-cycle-tls,815,benign
id_calib:766,id_calib,fit,benign,processed/iotsim-combined-cycle-tls-3.csv,iotsim-combined-cycle-tls,816,benign
id_calib:767,id_calib,fit,benign,processed/iotsim-combined-cycle-tls-3.csv,iotsim-combined-cycle-tls,817,benign
id_calib:768,id_calib,fit,benign,processed/iotsim-combined-cycle-tls-3.csv,iotsim-combined-cycle-tls,818,benign
id_calib:769,id_calib,fit,benign,processed/iotsim-combined-cycle-tls-3.csv,iotsim-combined-cycle-tls,819,benign
id_calib:770,id_calib,fit,benign,processed/iotsim-combined-cycle-tls-3.csv,iotsim-combined-cycle-tls,820,benign
id_calib:771,id_calib,fit,benign,processed/iotsim-combined-cycle-tls-3.csv,iotsim-combined-cycle-tls,821,benign
id_calib:772,id_calib,fit,benign,processed/iotsim-combined-cycle-tls-3.csv,iotsim-combined-cycle-tls,822,benign
id_calib:773,id_calib,fit,benign,processed/iotsim-combined-cycle-tls-3.csv,iotsim-combined-cycle-tls,823,benign
id_calib:774,id_calib,fit,benign,processed/iotsim-combined-cycle-tls-3.csv,iotsim-combined-cycle-tls,824,benign
id_calib:775,id_calib,fit,benign,processed/iotsim-combined-cycle-tls-3.csv,iotsim-combined-cycle-tls,825,benign
id_calib:776,id_calib,fit,benign,processed/iotsim-combined-cycle-tls-3.csv,iotsim-combined-cycle-tls,826,benign
id_calib:777,id_calib,fit,benign,processed/iotsim-combined-cycle-tls-3.csv,iotsim-combined-cycle-tls,827,benign
id_calib:778,id_calib,fit,benign,processed/iotsim-combined-cycle-tls-3.csv,iotsim-combined-cycle-tls,828,benign
id_calib:779,id_calib,fit,benign,processed/iotsim-combined-cycle-tls-3.csv,iotsim-combined-cycle-tls,829,benign
id_calib:780,id_calib,fit,benign,processed/iotsim-combined-cycle-tls-3.csv,iotsim-combined-cycle-tls,830,benign
id_calib:781,id_calib,fit,benign,processed/iotsim-combined-cycle-tls-3.csv,iotsim-combined-cycle-tls,831,benign
id_calib:782,id_calib,fit,benign,processed/iotsim-combined-cycle-tls-3.csv,iotsim-combined-cycle-tls,832,benign
id_calib:783,id_calib,fit,benign,processed/iotsim-combined-cycle-tls-3.csv,iotsim-combined-cycle-tls,833,benign
id_calib:784,id_calib,fit,benign,processed/iotsim-combined-cycle-tls-3.csv,iotsim-combined-cycle-tls,834,benign
id_calib:785,id_calib,fit,benign,processed/iotsim-combined-cycle-tls-3.csv,iotsim-combined-cycle-tls,835,benign
id_calib:786,id_calib,fit,benign,processed/iotsim-combined-cycle-tls-3.csv,iotsim-combined-cycle-tls,836,benign
id_calib:787,id_calib,fit,benign,processed/iotsim-combined-cycle-tls-3.csv,iotsim-combined-cycle-tls,837,benign
id_calib:788,id_calib,fit,benign,processed/iotsim-combined-cycle-tls-3.csv,iotsim-combined-cycle-tls,838,benign
id_calib:789,id_calib,fit,benign,processed/iotsim-combined-cycle-tls-3.csv,iotsim-combined-cycle-tls,839,benign
id_calib:790,id_calib,fit,benign,processed/iotsim-combined-cycle-tls-3.csv,iotsim-combined-cycle-tls,840,benign
id_calib:791,id_calib,fit,benign,processed/iotsim-combined-cycle-tls-3.csv,iotsim-combined-cycle-tls,841,benign
id_calib:792,id_calib,fit,benign,processed/iotsim-combined-cycle-tls-3.csv,iotsim-combined-cycle-tls,842,benign
id_calib:793,id_calib,fit,benign,processed/iotsim-combined-cycle-tls-3.csv,iotsim-combined-cycle-tls,843,benign
id_calib:794,id_calib,fit,benign,processed/iotsim-combined-cycle-tls-3.csv,iotsim-combined-cycle-tls,844,benign
id_calib:795,id_calib,fit,benign,processed/iotsim-combined-cycle-tls-3.csv,iotsim-combined-cycle-tls,845,benign
id_calib:796,id_calib,fit,benign,processed/iotsim-combined-cycle-tls-3.csv,iotsim-combined-cycle-tls,846,benign
id_calib:797,id_calib,fit,benign,processed/iotsim-combined-cycle-tls-3.csv,iotsim-combined-cycle-tls,847,benign
id_calib:798,id_calib,fit,benign,processed/iotsim-combined-cycle-tls-3.csv,iotsim-combined-cycle-tls,848,benign
id_calib:799,id_calib,fit,benign,processed/iotsim-combined-cycle-tls-3.csv,iotsim-combined-cycle-tls,849,benign
id_calib:800,id_calib,fit,benign,processed/iotsim-combined-cycle-tls-3.csv,iotsim-combined-cycle-tls,850,benign
id_calib:801,id_calib,fit,benign,processed/iotsim-combined-cycle-tls-3.csv,iotsim-combined-cycle-tls,851,benign
id_calib:802,id_calib,fit,benign,processed/iotsim-combined-cycle-tls-3.csv,iotsim-combined-cycle-tls,852,benign
id_calib:803,id_calib,fit,benign,processed/iotsim-combined-cycle-tls-3.csv,iotsim-combined-cycle-tls,853,benign
id_calib:804,id_calib,fit,benign,processed/iotsim-combined-cycle-tls-3.csv,iotsim-combined-cycle-tls,854,benign
id_calib:805,id_calib,fit,benign,processed/iotsim-combined-cycle-tls-3.csv,iotsim-combined-cycle-tls,855,benign
id_calib:806,id_calib,fit,benign,processed/iotsim-combined-cycle-tls-3.csv,iotsim-combined-cycle-tls,856,benign
id_calib:807,id_calib,fit,benign,processed/iotsim-combined-cycle-tls-3.csv,iotsim-combined-cycle-tls,857,benign
id_calib:808,id_calib,fit,benign,processed/iotsim-combined-cycle-tls-3.csv,iotsim-combined-cycle-tls,858,benign
id_calib:809,id_calib,fit,benign,processed/iotsim-combined-cycle-tls-3.csv,iotsim-combined-cycle-tls,859,benign
id_calib:810,id_calib,fit,benign,processed/iotsim-combined-cycle-tls-3.csv,iotsim-combined-cycle-tls,860,benign
id_calib:811,id_calib,fit,benign,processed/iotsim-combined-cycle-tls-3.csv,iotsim-combined-cycle-tls,861,benign
id_calib:812,id_calib,fit,benign,processed/iotsim-combined-cycle-tls-3.csv,iotsim-combined-cycle-tls,862,benign
id_calib:813,id_calib,fit,benign,processed/iotsim-combined-cycle-tls-3.csv,iotsim-combined-cycle-tls,863,benign
id_calib:814,id_calib,fit,benign,processed/iotsim-combined-cycle-tls-3.csv,iotsim-combined-cycle-tls,864,benign
id_calib:815,id_calib,fit,benign,processed/iotsim-combined-cycle-tls-3.csv,iotsim-combined-cycle-tls,865,benign
id_calib:816,id_calib,fit,benign,processed/iotsim-combined-cycle-tls-3.csv,iotsim-combined-cycle-tls,866,benign
id_calib:817,id_calib,fit,benign,processed/iotsim-combined-cycle-tls-3.csv,iotsim-combined-cycle-tls,867,benign
id_calib:818,id_calib,fit,benign,processed/iotsim-combined-cycle-tls-3.csv,iotsim-combined-cycle-tls,868,benign
id_calib:819,id_calib,fit,benign,processed/iotsim-combined-cycle-tls-3.csv,iotsim-combined-cycle-tls,869,benign
id_calib:820,id_calib,fit,benign,processed/iotsim-combined-cycle-tls-3.csv,iotsim-combined-cycle-tls,870,benign
id_calib:821,id_calib,fit,benign,processed/iotsim-combined-cycle-tls-3.csv,iotsim-combined-cycle-tls,871,benign
id_calib:822,id_calib,fit,benign,processed/iotsim-combined-cycle-tls-3.csv,iotsim-combined-cycle-tls,872,benign
id_calib:823,id_calib,fit,benign,processed/iotsim-combined-cycle-tls-3.csv,iotsim-combined-cycle-tls,873,benign
id_calib:824,id_calib,fit,benign,processed/iotsim-combined-cycle-tls-3.csv,iotsim-combined-cycle-tls,874,benign
id_calib:825,id_calib,fit,benign,processed/iotsim-combined-cycle-tls-3.csv,iotsim-combined-cycle-tls,875,benign
id_calib:826,id_calib,fit,benign,processed/iotsim-combined-cycle-tls-3.csv,iotsim-combined-cycle-tls,876,benign
id_calib:827,id_calib,fit,benign,processed/iotsim-combined-cycle-tls-3.csv,iotsim-combined-cycle-tls,877,benign
id_calib:828,id_calib,fit,benign,processed/iotsim-combined-cycle-tls-3.csv,iotsim-combined-cycle-tls,878,benign
id_calib:829,id_calib,fit,benign,processed/iotsim-combined-cycle-tls-3.csv,iotsim-combined-cycle-tls,879,benign
id_calib:830,id_calib,fit,benign,processed/iotsim-combined-cycle-tls-3.csv,iotsim-combined-cycle-tls,880,benign
id_calib:831,id_calib,fit,benign,processed/iotsim-combined-cycle-tls-3.csv,iotsim-combined-cycle-tls,881,benign
id_calib:832,id_calib,fit,benign,processed/iotsim-combined-cycle-tls-3.csv,iotsim-combined-cycle-tls,882,benign
id_calib:833,id_calib,fit,benign,processed/iotsim-combined-cycle-tls-3.csv,iotsim-combined-cycle-tls,883,benign
id_calib:834,id_calib,fit,benign,processed/iotsim-combined-cycle-tls-3.csv,iotsim-combined-cycle-tls,884,benign
id_calib:835,id_calib,fit,benign,processed/iotsim-combined-cycle-tls-3.csv,iotsim-combined-cycle-tls,885,benign
id_calib:836,id_calib,fit,benign,processed/iotsim-combined-cycle-tls-3.csv,iotsim-combined-cycle-tls,886,benign
id_calib:837,id_calib,fit,benign,processed/iotsim-combined-cycle-tls-3.csv,iotsim-combined-cycle-tls,887,benign
id_calib:838,id_calib,fit,benign,processed/iotsim-combined-cycle-tls-3.csv,iotsim-combined-cycle-tls,888,benign
id_calib:839,id_calib,fit,benign,processed/iotsim-combined-cycle-tls-3.csv,iotsim-combined-cycle-tls,889,benign
id_calib:840,id_calib,fit,benign,processed/iotsim-combined-cycle-tls-3.csv,iotsim-combined-cycle-tls,890,benign
id_calib:841,id_calib,fit,benign,processed/iotsim-combined-cycle-tls-3.csv,iotsim-combined-cycle-tls,891,benign
id_calib:842,id_calib,fit,benign,processed/iotsim-combined-cycle-tls-3.csv,iotsim-combined-cycle-tls,892,benign
id_calib:843,id_calib,fit,benign,processed/iotsim-combined-cycle-tls-3.csv,iotsim-combined-cycle-tls,893,benign
id_calib:844,id_calib,fit,benign,processed/iotsim-combined-cycle-tls-3.csv,iotsim-combined-cycle-tls,894,benign
id_calib:845,id_calib,fit,benign,processed/iotsim-combined-cycle-tls-3.csv,iotsim-combined-cycle-tls,895,benign
id_calib:846,id_calib,fit,benign,processed/iotsim-combined-cycle-tls-3.csv,iotsim-combined-cycle-tls,896,benign
id_calib:847,id_calib,fit,benign,processed/iotsim-combined-cycle-tls-3.csv,iotsim-combined-cycle-tls,897,benign
id_calib:848,id_calib,fit,benign,processed/iotsim-combined-cycle-tls-3.csv,iotsim-combined-cycle-tls,898,benign
id_calib:849,id_calib,fit,benign,processed/iotsim-combined-cycle-tls-3.csv,iotsim-combined-cycle-tls,899,benign
id_calib:850,id_calib,fit,benign,processed/iotsim-combined-cycle-tls-3.csv,iotsim-combined-cycle-tls,900,benign
id_calib:851,id_calib,fit,benign,processed/iotsim-combined-cycle-tls-3.csv,iotsim-combined-cycle-tls,901,benign
id_calib:852,id_calib,fit,benign,processed/iotsim-combined-cycle-tls-3.csv,iotsim-combined-cycle-tls,902,benign
id_calib:853,id_calib,fit,benign,processed/iotsim-combined-cycle-tls-3.csv,iotsim-combined-cycle-tls,903,benign
id_calib:854,id_calib,fit,benign,processed/iotsim-combined-cycle-tls-3.csv,iotsim-combined-cycle-tls,904,benign
id_calib:855,id_calib,fit,benign,processed/iotsim-combined-cycle-tls-3.csv,iotsim-combined-cycle-tls,905,benign
id_calib:856,id_calib,fit,benign,processed/iotsim-combined-cycle-tls-3.csv,iotsim-combined-cycle-tls,906,benign
id_calib:857,id_calib,fit,benign,processed/iotsim-combined-cycle-tls-3.csv,iotsim-combined-cycle-tls,907,benign
id_calib:858,id_calib,fit,benign,processed/iotsim-combined-cycle-tls-3.csv,iotsim-combined-cycle-tls,908,benign
id_calib:859,id_calib,fit,benign,processed/iotsim-combined-cycle-tls-3.csv,iotsim-combined-cycle-tls,909,benign
id_calib:860,id_calib,fit,benign,processed/iotsim-combined-cycle-tls-3.csv,iotsim-combined-cycle-tls,910,benign
id_calib:861,id_calib,fit,benign,processed/iotsim-combined-cycle-tls-3.csv,iotsim-combined-cycle-tls,911,benign
id_calib:862,id_calib,fit,benign,processed/iotsim-combined-cycle-tls-3.csv,iotsim-combined-cycle-tls,912,benign
id_calib:863,id_calib,fit,benign,processed/iotsim-combined-cycle-tls-3.csv,iotsim-combined-cycle-tls,913,benign
id_calib:864,id_calib,fit,benign,processed/iotsim-combined-cycle-tls-3.csv,iotsim-combined-cycle-tls,914,benign
id_calib:865,id_calib,fit,benign,processed/iotsim-combined-cycle-tls-3.csv,iotsim-combined-cycle-tls,915,benign
id_calib:866,id_calib,fit,benign,processed/iotsim-combined-cycle-tls-3.csv,iotsim-combined-cycle-tls,916,benign
id_calib:867,id_calib,fit,benign,processed/iotsim-combined-cycle-tls-3.csv,iotsim-combined-cycle-tls,917,benign
id_calib:868,id_calib,fit,benign,processed/iotsim-combined-cycle-tls-3.csv,iotsim-combined-cycle-tls,918,benign
id_calib:869,id_calib,fit,benign,processed/iotsim-combined-cycle-tls-3.csv,iotsim-combined-cycle-tls,919,benign
id_calib:870,id_calib,fit,benign,processed/iotsim-combined-cycle-tls-3.csv,iotsim-combined-cycle-tls,920,benign
id_calib:871,id_calib,fit,benign,processed/iotsim-combined-cycle-tls-3.csv,iotsim-combined-cycle-tls,921,benign
id_calib:872,id_calib,fit,benign,processed/iotsim-combined-cycle-tls-3.csv,iotsim-combined-cycle-tls,922,benign
id_calib:873,id_calib,fit,benign,processed/iotsim-combined-cycle-tls-3.csv,iotsim-combined-cycle-tls,923,benign
id_calib:874,id_calib,fit,benign,processed/iotsim-combined-cycle-tls-3.csv,iotsim-combined-cycle-tls,924,benign
id_calib:875,id_calib,fit,benign,processed/iotsim-combined-cycle-tls-3.csv,iotsim-combined-cycle-tls,925,benign
id_calib:876,id_calib,fit,benign,processed/iotsim-combined-cycle-tls-3.csv,iotsim-combined-cycle-tls,926,benign
id_calib:877,id_calib,fit,benign,processed/iotsim-combined-cycle-tls-3.csv,iotsim-combined-cycle-tls,927,benign
id_calib:878,id_calib,fit,benign,processed/iotsim-combined-cycle-tls-3.csv,iotsim-combined-cycle-tls,928,benign
id_calib:879,id_calib,fit,benign,processed/iotsim-combined-cycle-tls-3.csv,iotsim-combined-cycle-tls,929,benign
id_calib:880,id_calib,fit,benign,processed/iotsim-combined-cycle-tls-3.csv,iotsim-combined-cycle-tls,930,benign
id_calib:881,id_calib,fit,benign,processed/iotsim-combined-cycle-tls-3.csv,iotsim-combined-cycle-tls,931,benign
id_calib:882,id_calib,fit,benign,processed/iotsim-combined-cycle-tls-3.csv,iotsim-combined-cycle-tls,932,benign
id_calib:883,id_calib,fit,benign,processed/iotsim-combined-cycle-tls-3.csv,iotsim-combined-cycle-tls,933,benign
id_calib:884,id_calib,fit,benign,processed/iotsim-combined-cycle-tls-3.csv,iotsim-combined-cycle-tls,934,benign
id_calib:885,id_calib,fit,benign,processed/iotsim-combined-cycle-tls-3.csv,iotsim-combined-cycle-tls,935,benign
id_calib:886,id_calib,fit,benign,processed/iotsim-combined-cycle-tls-3.csv,iotsim-combined-cycle-tls,936,benign
id_calib:887,id_calib,fit,benign,processed/iotsim-combined-cycle-tls-3.csv,iotsim-combined-cycle-tls,937,benign
id_calib:888,id_calib,fit,benign,processed/iotsim-combined-cycle-tls-3.csv,iotsim-combined-cycle-tls,938,benign
id_calib:889,id_calib,fit,benign,processed/iotsim-combined-cycle-tls-3.csv,iotsim-combined-cycle-tls,939,benign
id_calib:890,id_calib,fit,benign,processed/iotsim-combined-cycle-tls-3.csv,iotsim-combined-cycle-tls,940,benign
id_calib:891,id_calib,fit,benign,processed/iotsim-combined-cycle-tls-3.csv,iotsim-combined-cycle-tls,941,benign
id_calib:892,id_calib,fit,benign,processed/iotsim-combined-cycle-tls-3.csv,iotsim-combined-cycle-tls,942,benign
id_calib:893,id_calib,fit,benign,processed/iotsim-combined-cycle-tls-3.csv,iotsim-combined-cycle-tls,943,benign
id_calib:894,id_calib,fit,benign,processed/iotsim-combined-cycle-tls-3.csv,iotsim-combined-cycle-tls,944,benign
id_calib:895,id_calib,fit,benign,processed/iotsim-combined-cycle-tls-3.csv,iotsim-combined-cycle-tls,945,benign
id_calib:896,id_calib,fit,benign,processed/iotsim-combined-cycle-tls-3.csv,iotsim-combined-cycle-tls,946,benign
id_calib:897,id_calib,fit,benign,processed/iotsim-combined-cycle-tls-3.csv,iotsim-combined-cycle-tls,947,benign
id_calib:898,id_calib,fit,benign,processed/iotsim-combined-cycle-tls-3.csv,iotsim-combined-cycle-tls,948,benign
id_calib:899,id_calib,fit,benign,processed/iotsim-combined-cycle-tls-3.csv,iotsim-combined-cycle-tls,949,benign
id_calib:900,id_calib,fit,benign,processed/iotsim-combined-cycle-tls-3.csv,iotsim-combined-cycle-tls,950,benign
id_calib:901,id_calib,fit,benign,processed/iotsim-combined-cycle-tls-3.csv,iotsim-combined-cycle-tls,951,benign
id_calib:902,id_calib,fit,benign,processed/iotsim-combined-cycle-tls-3.csv,iotsim-combined-cycle-tls,952,benign
id_calib:903,id_calib,fit,benign,processed/iotsim-combined-cycle-tls-3.csv,iotsim-combined-cycle-tls,953,benign
id_calib:904,id_calib,fit,benign,processed/iotsim-combined-cycle-tls-3.csv,iotsim-combined-cycle-tls,954,benign
id_calib:905,id_calib,fit,benign,processed/iotsim-combined-cycle-tls-3.csv,iotsim-combined-cycle-tls,955,benign
id_calib:906,id_calib,fit,benign,processed/iotsim-combined-cycle-tls-3.csv,iotsim-combined-cycle-tls,956,benign
id_calib:907,id_calib,fit,benign,processed/iotsim-combined-cycle-tls-3.csv,iotsim-combined-cycle-tls,957,benign
id_calib:908,id_calib,fit,benign,processed/iotsim-combined-cycle-tls-3.csv,iotsim-combined-cycle-tls,958,benign
id_calib:909,id_calib,fit,benign,processed/iotsim-combined-cycle-tls-3.csv,iotsim-combined-cycle-tls,959,benign
id_calib:910,id_calib,fit,benign,processed/iotsim-combined-cycle-tls-3.csv,iotsim-combined-cycle-tls,960,benign
id_calib:911,id_calib,fit,benign,processed/iotsim-combined-cycle-tls-3.csv,iotsim-combined-cycle-tls,961,benign
id_calib:912,id_calib,fit,benign,processed/iotsim-combined-cycle-tls-3.csv,iotsim-combined-cycle-tls,962,benign
id_calib:913,id_calib,fit,benign,processed/iotsim-combined-cycle-tls-3.csv,iotsim-combined-cycle-tls,963,benign
id_calib:914,id_calib,fit,benign,processed/iotsim-combined-cycle-tls-3.csv,iotsim-combined-cycle-tls,964,benign
id_calib:915,id_calib,fit,benign,processed/iotsim-combined-cycle-tls-3.csv,iotsim-combined-cycle-tls,965,benign
id_calib:916,id_calib,fit,benign,processed/iotsim-combined-cycle-tls-3.csv,iotsim-combined-cycle-tls,966,benign
id_calib:917,id_calib,fit,benign,processed/iotsim-combined-cycle-tls-3.csv,iotsim-combined-cycle-tls,967,benign
id_calib:918,id_calib,fit,benign,processed/iotsim-combined-cycle-tls-3.csv,iotsim-combined-cycle-tls,968,benign
id_calib:919,id_calib,fit,benign,processed/iotsim-combined-cycle-tls-3.csv,iotsim-combined-cycle-tls,969,benign
id_calib:920,id_calib,fit,benign,processed/iotsim-combined-cycle-tls-3.csv,iotsim-combined-cycle-tls,970,benign
id_calib:921,id_calib,fit,benign,processed/iotsim-combined-cycle-tls-3.csv,iotsim-combined-cycle-tls,971,benign
id_calib:922,id_calib,fit,benign,processed/iotsim-combined-cycle-tls-3.csv,iotsim-combined-cycle-tls,972,benign
id_calib:923,id_calib,fit,benign,processed/iotsim-combined-cycle-tls-3.csv,iotsim-combined-cycle-tls,973,benign
id_calib:924,id_calib,fit,benign,processed/iotsim-combined-cycle-tls-3.csv,iotsim-combined-cycle-tls,974,benign
id_calib:925,id_calib,fit,benign,processed/iotsim-combined-cycle-tls-3.csv,iotsim-combined-cycle-tls,975,benign
id_calib:926,id_calib,fit,benign,processed/iotsim-combined-cycle-tls-3.csv,iotsim-combined-cycle-tls,976,benign
id_calib:927,id_calib,fit,benign,processed/iotsim-combined-cycle-tls-3.csv,iotsim-combined-cycle-tls,977,benign
id_calib:928,id_calib,fit,benign,processed/iotsim-combined-cycle-tls-3.csv,iotsim-combined-cycle-tls,978,benign
id_calib:929,id_calib,fit,benign,processed/iotsim-combined-cycle-tls-3.csv,iotsim-combined-cycle-tls,979,benign
id_calib:930,id_calib,fit,benign,processed/iotsim-combined-cycle-tls-3.csv,iotsim-combined-cycle-tls,980,benign
id_calib:931,id_calib,fit,benign,processed/iotsim-combined-cycle-tls-3.csv,iotsim-combined-cycle-tls,981,benign
id_calib:932,id_calib,fit,benign,processed/iotsim-combined-cycle-tls-3.csv,iotsim-combined-cycle-tls,982,benign
id_calib:933,id_calib,fit,benign,processed/iotsim-combined-cycle-tls-3.csv,iotsim-combined-cycle-tls,983,benign
id_calib:934,id_calib,fit,benign,processed/iotsim-combined-cycle-tls-3.csv,iotsim-combined-cycle-tls,984,benign
id_calib:935,id_calib,fit,benign,processed/iotsim-combined-cycle-tls-3.csv,iotsim-combined-cycle-tls,985,benign
id_calib:936,id_calib,fit,benign,processed/iotsim-combined-cycle-tls-3.csv,iotsim-combined-cycle-tls,986,benign
id_calib:937,id_calib,fit,benign,processed/iotsim-combined-cycle-tls-3.csv,iotsim-combined-cycle-tls,987,benign
id_calib:938,id_calib,fit,benign,processed/iotsim-combined-cycle-tls-3.csv,iotsim-combined-cycle-tls,988,benign
id_calib:939,id_calib,fit,benign,processed/iotsim-combined-cycle-tls-3.csv,iotsim-combined-cycle-tls,989,benign
id_calib:940,id_calib,fit,benign,processed/iotsim-combined-cycle-tls-3.csv,iotsim-combined-cycle-tls,990,benign
id_calib:941,id_calib,fit,benign,processed/iotsim-combined-cycle-tls-3.csv,iotsim-combined-cycle-tls,991,benign
id_calib:942,id_calib,fit,benign,processed/iotsim-combined-cycle-tls-3.csv,iotsim-combined-cycle-tls,992,benign
id_calib:943,id_calib,fit,benign,processed/iotsim-combined-cycle-tls-3.csv,iotsim-combined-cycle-tls,993,benign
id_calib:944,id_calib,fit,benign,processed/iotsim-combined-cycle-tls-3.csv,iotsim-combined-cycle-tls,994,benign
id_calib:945,id_calib,fit,benign,processed/iotsim-combined-cycle-tls-3.csv,iotsim-combined-cycle-tls,995,benign
id_calib:946,id_calib,fit,benign,processed/iotsim-combined-cycle-tls-3.csv,iotsim-combined-cycle-tls,996,benign
id_calib:947,id_calib,fit,benign,processed/iotsim-combined-cycle-tls-3.csv,iotsim-combined-cycle-tls,997,benign
id_calib:948,id_calib,fit,benign,processed/iotsim-combined-cycle-tls-3.csv,iotsim-combined-cycle-tls,998,benign
id_calib:949,id_calib,fit,benign,processed/iotsim-combined-cycle-tls-3.csv,iotsim-combined-cycle-tls,999,benign
id_calib:950,id_calib,fit,benign,processed/iotsim-combined-cycle-tls-3.csv,iotsim-combined-cycle-tls,1000,benign
id_calib:951,id_calib,fit,benign,processed/iotsim-combined-cycle-tls-3.csv,iotsim-combined-cycle-tls,1001,benign
id_calib:952,id_calib,fit,benign,processed/iotsim-combined-cycle-tls-3.csv,iotsim-combined-cycle-tls,1002,benign
id_calib:953,id_calib,fit,benign,processed/iotsim-combined-cycle-tls-3.csv,iotsim-combined-cycle-tls,1003,benign
id_calib:954,id_calib,fit,benign,processed/iotsim-combined-cycle-tls-3.csv,iotsim-combined-cycle-tls,1004,benign
id_calib:955,id_calib,fit,benign,processed/iotsim-combined-cycle-tls-3.csv,iotsim-combined-cycle-tls,1005,benign
id_calib:956,id_calib,fit,benign,processed/iotsim-combined-cycle-tls-3.csv,iotsim-combined-cycle-tls,1006,benign
id_calib:957,id_calib,fit,benign,processed/iotsim-combined-cycle-tls-3.csv,iotsim-combined-cycle-tls,1007,benign
id_calib:958,id_calib,fit,benign,processed/iotsim-combined-cycle-tls-3.csv,iotsim-combined-cycle-tls,1008,benign
id_calib:959,id_calib,fit,benign,processed/iotsim-combined-cycle-tls-3.csv,iotsim-combined-cycle-tls,1009,benign
id_calib:960,id_calib,fit,benign,processed/iotsim-combined-cycle-tls-3.csv,iotsim-combined-cycle-tls,1010,benign
id_calib:961,id_calib,fit,benign,processed/iotsim-combined-cycle-tls-3.csv,iotsim-combined-cycle-tls,1011,benign
id_calib:962,id_calib,fit,benign,processed/iotsim-combined-cycle-tls-3.csv,iotsim-combined-cycle-tls,1012,benign
id_calib:963,id_calib,fit,benign,processed/iotsim-combined-cycle-tls-3.csv,iotsim-combined-cycle-tls,1013,benign
id_calib:964,id_calib,fit,benign,processed/iotsim-combined-cycle-tls-3.csv,iotsim-combined-cycle-tls,1014,benign
id_calib:965,id_calib,fit,benign,processed/iotsim-combined-cycle-tls-3.csv,iotsim-combined-cycle-tls,1015,benign
id_calib:966,id_calib,fit,benign,processed/iotsim-combined-cycle-tls-3.csv,iotsim-combined-cycle-tls,1016,benign
id_calib:967,id_calib,fit,benign,processed/iotsim-combined-cycle-tls-3.csv,iotsim-combined-cycle-tls,1017,benign
id_calib:968,id_calib,fit,benign,processed/iotsim-combined-cycle-tls-3.csv,iotsim-combined-cycle-tls,1018,benign
id_calib:969,id_calib,fit,benign,processed/iotsim-combined-cycle-tls-3.csv,iotsim-combined-cycle-tls,1019,benign
id_calib:970,id_calib,fit,benign,processed/iotsim-combined-cycle-tls-3.csv,iotsim-combined-cycle-tls,1020,benign
id_calib:971,id_calib,fit,benign,processed/iotsim-combined-cycle-tls-3.csv,iotsim-combined-cycle-tls,1021,benign
id_calib:972,id_calib,fit,benign,processed/iotsim-combined-cycle-tls-3.csv,iotsim-combined-cycle-tls,1022,benign
id_calib:973,id_calib,fit,benign,processed/iotsim-combined-cycle-tls-3.csv,iotsim-combined-cycle-tls,1023,benign
id_calib:974,id_calib,fit,benign,processed/iotsim-combined-cycle-tls-3.csv,iotsim-combined-cycle-tls,1024,benign
id_calib:975,id_calib,fit,benign,processed/iotsim-combined-cycle-tls-3.csv,iotsim-combined-cycle-tls,1025,benign
id_calib:976,id_calib,fit,benign,processed/iotsim-combined-cycle-tls-3.csv,iotsim-combined-cycle-tls,1026,benign
id_calib:977,id_calib,fit,benign,processed/iotsim-combined-cycle-tls-3.csv,iotsim-combined-cycle-tls,1027,benign
id_calib:978,id_calib,fit,benign,processed/iotsim-combined-cycle-tls-3.csv,iotsim-combined-cycle-tls,1028,benign
id_calib:979,id_calib,fit,benign,processed/iotsim-combined-cycle-tls-3.csv,iotsim-combined-cycle-tls,1029,benign
id_calib:980,id_calib,fit,benign,processed/iotsim-combined-cycle-tls-3.csv,iotsim-combined-cycle-tls,1030,benign
id_calib:981,id_calib,fit,benign,processed/iotsim-combined-cycle-tls-3.csv,iotsim-combined-cycle-tls,1031,benign
id_calib:982,id_calib,fit,benign,processed/iotsim-combined-cycle-tls-3.csv,iotsim-combined-cycle-tls,1032,benign
id_calib:983,id_calib,fit,benign,processed/iotsim-combined-cycle-tls-3.csv,iotsim-combined-cycle-tls,1033,benign
id_calib:984,id_calib,fit,benign,processed/iotsim-combined-cycle-tls-3.csv,iotsim-combined-cycle-tls,1034,benign
id_calib:985,id_calib,fit,benign,processed/iotsim-combined-cycle-tls-3.csv,iotsim-combined-cycle-tls,1035,benign
id_calib:986,id_calib,fit,benign,processed/iotsim-combined-cycle-tls-3.csv,iotsim-combined-cycle-tls,1036,benign
id_calib:987,id_calib,fit,benign,processed/iotsim-combined-cycle-tls-3.csv,iotsim-combined-cycle-tls,1037,benign
id_calib:988,id_calib,fit,benign,processed/iotsim-combined-cycle-tls-3.csv,iotsim-combined-cycle-tls,1038,benign
id_calib:989,id_calib,fit,benign,processed/iotsim-combined-cycle-tls-3.csv,iotsim-combined-cycle-tls,1039,benign
id_calib:990,id_calib,fit,benign,processed/iotsim-combined-cycle-tls-3.csv,iotsim-combined-cycle-tls,1040,benign
id_calib:991,id_calib,fit,benign,processed/iotsim-combined-cycle-tls-3.csv,iotsim-combined-cycle-tls,1041,benign
id_calib:992,id_calib,fit,benign,processed/iotsim-combined-cycle-tls-3.csv,iotsim-combined-cycle-tls,1042,benign
id_calib:993,id_calib,fit,benign,processed/iotsim-combined-cycle-tls-3.csv,iotsim-combined-cycle-tls,1043,benign
id_calib:994,id_calib,fit,benign,processed/iotsim-combined-cycle-tls-3.csv,iotsim-combined-cycle-tls,1044,benign
id_calib:995,id_calib,fit,benign,processed/iotsim-combined-cycle-tls-3.csv,iotsim-combined-cycle-tls,1045,benign
id_calib:996,id_calib,fit,benign,processed/iotsim-combined-cycle-tls-3.csv,iotsim-combined-cycle-tls,1046,benign
id_calib:997,id_calib,fit,benign,processed/iotsim-combined-cycle-tls-3.csv,iotsim-combined-cycle-tls,1047,benign
id_calib:998,id_calib,fit,benign,processed/iotsim-combined-cycle-tls-3.csv,iotsim-combined-cycle-tls,1048,benign
id_calib:999,id_calib,fit,benign,processed/iotsim-combined-cycle-tls-3.csv,iotsim-combined-cycle-tls,1049,benign
id_calib:1000,id_calib,fit,benign,processed/iotsim-combined-cycle-tls-3.csv,iotsim-combined-cycle-tls,1050,benign
id_calib:1001,id_calib,fit,benign,processed/iotsim-combined-cycle-tls-3.csv,iotsim-combined-cycle-tls,1051,benign
id_calib:1002,id_calib,fit,benign,processed/iotsim-combined-cycle-tls-3.csv,iotsim-combined-cycle-tls,1052,benign
id_calib:1003,id_calib,fit,benign,processed/iotsim-combined-cycle-tls-3.csv,iotsim-combined-cycle-tls,1053,benign
id_calib:1004,id_calib,fit,benign,processed/iotsim-combined-cycle-tls-3.csv,iotsim-combined-cycle-tls,1054,benign
id_calib:1005,id_calib,fit,benign,processed/iotsim-combined-cycle-tls-3.csv,iotsim-combined-cycle-tls,1055,benign
id_calib:1006,id_calib,fit,benign,processed/iotsim-combined-cycle-tls-3.csv,iotsim-combined-cycle-tls,1056,benign
id_calib:1007,id_calib,fit,benign,processed/iotsim-combined-cycle-tls-3.csv,iotsim-combined-cycle-tls,1057,benign
id_calib:1008,id_calib,fit,benign,processed/iotsim-combined-cycle-tls-3.csv,iotsim-combined-cycle-tls,1058,benign
id_calib:1009,id_calib,fit,benign,processed/iotsim-combined-cycle-tls-3.csv,iotsim-combined-cycle-tls,1059,benign
id_calib:1010,id_calib,fit,benign,processed/iotsim-combined-cycle-tls-3.csv,iotsim-combined-cycle-tls,1060,benign
id_calib:1011,id_calib,fit,benign,processed/iotsim-combined-cycle-tls-3.csv,iotsim-combined-cycle-tls,1061,benign
id_calib:1012,id_calib,fit,benign,processed/iotsim-combined-cycle-tls-3.csv,iotsim-combined-cycle-tls,1062,benign
id_calib:1013,id_calib,fit,benign,processed/iotsim-combined-cycle-tls-3.csv,iotsim-combined-cycle-tls,1063,benign
id_calib:1014,id_calib,fit,benign,processed/iotsim-combined-cycle-tls-3.csv,iotsim-combined-cycle-tls,1064,benign
id_calib:1015,id_calib,fit,benign,processed/iotsim-combined-cycle-tls-3.csv,iotsim-combined-cycle-tls,1065,benign
id_calib:1016,id_calib,fit,benign,processed/iotsim-combined-cycle-tls-3.csv,iotsim-combined-cycle-tls,1066,benign
id_calib:1017,id_calib,fit,benign,processed/iotsim-combined-cycle-tls-3.csv,iotsim-combined-cycle-tls,1067,benign
id_calib:1018,id_calib,fit,benign,processed/iotsim-combined-cycle-tls-3.csv,iotsim-combined-cycle-tls,1068,benign
id_calib:1019,id_calib,fit,benign,processed/iotsim-combined-cycle-tls-3.csv,iotsim-combined-cycle-tls,1069,benign
id_calib:1020,id_calib,fit,benign,processed/iotsim-combined-cycle-tls-3.csv,iotsim-combined-cycle-tls,1070,benign
id_calib:1021,id_calib,fit,benign,processed/iotsim-combined-cycle-tls-3.csv,iotsim-combined-cycle-tls,1071,benign
id_calib:1022,id_calib,fit,benign,processed/iotsim-combined-cycle-tls-3.csv,iotsim-combined-cycle-tls,1072,benign
id_calib:1023,id_calib,fit,benign,processed/iotsim-combined-cycle-tls-3.csv,iotsim-combined-cycle-tls,1073,benign
id_calib:1024,id_calib,fit,benign,processed/iotsim-combined-cycle-tls-3.csv,iotsim-combined-cycle-tls,1074,benign
id_calib:1025,id_calib,fit,benign,processed/iotsim-combined-cycle-tls-3.csv,iotsim-combined-cycle-tls,1075,benign
id_calib:1026,id_calib,fit,benign,processed/iotsim-combined-cycle-tls-3.csv,iotsim-combined-cycle-tls,1076,benign
id_calib:1027,id_calib,fit,benign,processed/iotsim-combined-cycle-tls-3.csv,iotsim-combined-cycle-tls,1077,benign
id_calib:1028,id_calib,fit,benign,processed/iotsim-combined-cycle-tls-3.csv,iotsim-combined-cycle-tls,1078,benign
id_calib:1029,id_calib,fit,benign,processed/iotsim-combined-cycle-tls-3.csv,iotsim-combined-cycle-tls,1079,benign
id_calib:1030,id_calib,fit,benign,processed/iotsim-combined-cycle-tls-3.csv,iotsim-combined-cycle-tls,1080,benign
id_calib:1031,id_calib,fit,benign,processed/iotsim-combined-cycle-tls-3.csv,iotsim-combined-cycle-tls,1081,benign
id_calib:1032,id_calib,fit,benign,processed/iotsim-combined-cycle-tls-3.csv,iotsim-combined-cycle-tls,1082,benign
id_calib:1033,id_calib,fit,benign,processed/iotsim-combined-cycle-tls-3.csv,iotsim-combined-cycle-tls,1083,benign
id_calib:1034,id_calib,fit,benign,processed/iotsim-combined-cycle-tls-3.csv,iotsim-combined-cycle-tls,1084,benign
id_calib:1035,id_calib,fit,benign,processed/iotsim-combined-cycle-tls-3.csv,iotsim-combined-cycle-tls,1085,benign
id_calib:1036,id_calib,fit,benign,processed/iotsim-combined-cycle-tls-3.csv,iotsim-combined-cycle-tls,1086,benign
id_calib:1037,id_calib,fit,benign,processed/iotsim-combined-cycle-tls-3.csv,iotsim-combined-cycle-tls,1087,benign
id_calib:1038,id_calib,fit,benign,processed/iotsim-combined-cycle-tls-3.csv,iotsim-combined-cycle-tls,1088,benign
id_calib:1039,id_calib,fit,benign,processed/iotsim-combined-cycle-tls-3.csv,iotsim-combined-cycle-tls,1089,benign
id_calib:1040,id_calib,fit,benign,processed/iotsim-combined-cycle-tls-3.csv,iotsim-combined-cycle-tls,1090,benign
id_calib:1041,id_calib,fit,benign,processed/iotsim-combined-cycle-tls-3.csv,iotsim-combined-cycle-tls,1091,benign
id_calib:1042,id_calib,fit,benign,processed/iotsim-combined-cycle-tls-3.csv,iotsim-combined-cycle-tls,1092,benign
id_calib:1043,id_calib,fit,benign,processed/iotsim-combined-cycle-tls-3.csv,iotsim-combined-cycle-tls,1093,benign
id_calib:1044,id_calib,fit,benign,processed/iotsim-combined-cycle-tls-3.csv,iotsim-combined-cycle-tls,1094,benign
id_calib:1045,id_calib,fit,benign,processed/iotsim-combined-cycle-tls-3.csv,iotsim-combined-cycle-tls,1095,benign
id_calib:1046,id_calib,fit,benign,processed/iotsim-combined-cycle-tls-3.csv,iotsim-combined-cycle-tls,1096,benign
id_calib:1047,id_calib,fit,benign,processed/iotsim-combined-cycle-tls-3.csv,iotsim-combined-cycle-tls,1097,benign
id_calib:1048,id_calib,fit,benign,processed/iotsim-combined-cycle-tls-3.csv,iotsim-combined-cycle-tls,1098,benign
id_calib:1049,id_calib,fit,benign,processed/iotsim-combined-cycle-tls-3.csv,iotsim-combined-cycle-tls,1099,benign
id_calib:1050,id_calib,fit,benign,processed/iotsim-combined-cycle-tls-3.csv,iotsim-combined-cycle-tls,1100,benign
id_calib:1051,id_calib,fit,benign,processed/iotsim-combined-cycle-tls-3.csv,iotsim-combined-cycle-tls,1101,benign
id_calib:1052,id_calib,fit,benign,processed/iotsim-combined-cycle-tls-3.csv,iotsim-combined-cycle-tls,1102,benign
id_calib:1053,id_calib,fit,benign,processed/iotsim-combined-cycle-tls-3.csv,iotsim-combined-cycle-tls,1103,benign
id_calib:1054,id_calib,fit,benign,processed/iotsim-combined-cycle-tls-3.csv,iotsim-combined-cycle-tls,1104,benign
id_calib:1055,id_calib,fit,benign,processed/iotsim-combined-cycle-tls-3.csv,iotsim-combined-cycle-tls,1105,benign
id_calib:1056,id_calib,fit,benign,processed/iotsim-combined-cycle-tls-3.csv,iotsim-combined-cycle-tls,1106,benign
id_calib:1057,id_calib,fit,benign,processed/iotsim-combined-cycle-tls-3.csv,iotsim-combined-cycle-tls,1107,benign
id_calib:1058,id_calib,fit,benign,processed/iotsim-combined-cycle-tls-3.csv,iotsim-combined-cycle-tls,1108,benign
id_calib:1059,id_calib,fit,benign,processed/iotsim-combined-cycle-tls-3.csv,iotsim-combined-cycle-tls,1109,benign
id_calib:1060,id_calib,fit,benign,processed/iotsim-combined-cycle-tls-3.csv,iotsim-combined-cycle-tls,1110,benign
id_calib:1061,id_calib,fit,benign,processed/iotsim-combined-cycle-tls-3.csv,iotsim-combined-cycle-tls,1111,benign
id_calib:1062,id_calib,fit,benign,processed/iotsim-combined-cycle-tls-3.csv,iotsim-combined-cycle-tls,1112,benign
id_calib:1063,id_calib,fit,benign,processed/iotsim-combined-cycle-tls-3.csv,iotsim-combined-cycle-tls,1113,benign
id_calib:1064,id_calib,fit,benign,processed/iotsim-combined-cycle-tls-3.csv,iotsim-combined-cycle-tls,1114,benign
id_calib:1065,id_calib,fit,benign,processed/iotsim-combined-cycle-tls-3.csv,iotsim-combined-cycle-tls,1115,benign
id_calib:1066,id_calib,fit,benign,processed/iotsim-combined-cycle-tls-3.csv,iotsim-combined-cycle-tls,1116,benign
id_calib:1067,id_calib,fit,benign,processed/iotsim-combined-cycle-tls-3.csv,iotsim-combined-cycle-tls,1117,benign
id_calib:1068,id_calib,fit,benign,processed/iotsim-combined-cycle-tls-3.csv,iotsim-combined-cycle-tls,1118,benign
id_calib:1069,id_calib,fit,benign,processed/iotsim-combined-cycle-tls-3.csv,iotsim-combined-cycle-tls,1119,benign
id_calib:1070,id_calib,fit,benign,processed/iotsim-combined-cycle-tls-3.csv,iotsim-combined-cycle-tls,1120,benign
id_calib:1071,id_calib,fit,benign,processed/iotsim-combined-cycle-tls-3.csv,iotsim-combined-cycle-tls,1121,benign
id_calib:1072,id_calib,fit,benign,processed/iotsim-combined-cycle-tls-3.csv,iotsim-combined-cycle-tls,1122,benign
id_calib:1073,id_calib,fit,benign,processed/iotsim-combined-cycle-tls-3.csv,iotsim-combined-cycle-tls,1123,benign
id_calib:1074,id_calib,fit,benign,processed/iotsim-combined-cycle-tls-3.csv,iotsim-combined-cycle-tls,1124,benign
id_calib:1075,id_calib,fit,benign,processed/iotsim-combined-cycle-tls-3.csv,iotsim-combined-cycle-tls,1125,benign
id_calib:1076,id_calib,fit,benign,processed/iotsim-combined-cycle-tls-3.csv,iotsim-combined-cycle-tls,1126,benign
id_calib:1077,id_calib,fit,benign,processed/iotsim-combined-cycle-tls-3.csv,iotsim-combined-cycle-tls,1127,benign
id_calib:1078,id_calib,fit,benign,processed/iotsim-combined-cycle-tls-3.csv,iotsim-combined-cycle-tls,1128,benign
id_calib:1079,id_calib,fit,benign,processed/iotsim-combined-cycle-tls-3.csv,iotsim-combined-cycle-tls,1129,benign
id_calib:1080,id_calib,fit,benign,processed/iotsim-combined-cycle-tls-3.csv,iotsim-combined-cycle-tls,1130,benign
id_calib:1081,id_calib,fit,benign,processed/iotsim-combined-cycle-tls-3.csv,iotsim-combined-cycle-tls,1131,benign
id_calib:1082,id_calib,fit,benign,processed/iotsim-combined-cycle-tls-3.csv,iotsim-combined-cycle-tls,1132,benign
id_calib:1083,id_calib,fit,benign,processed/iotsim-combined-cycle-tls-3.csv,iotsim-combined-cycle-tls,1133,benign
id_calib:1084,id_calib,fit,benign,processed/iotsim-combined-cycle-tls-3.csv,iotsim-combined-cycle-tls,1134,benign
id_calib:1085,id_calib,fit,benign,processed/iotsim-combined-cycle-tls-3.csv,iotsim-combined-cycle-tls,1135,benign
id_calib:1086,id_calib,fit,benign,processed/iotsim-combined-cycle-tls-3.csv,iotsim-combined-cycle-tls,1136,benign
id_calib:1087,id_calib,fit,benign,processed/iotsim-combined-cycle-tls-3.csv,iotsim-combined-cycle-tls,1137,benign
id_calib:1088,id_calib,fit,benign,processed/iotsim-combined-cycle-tls-3.csv,iotsim-combined-cycle-tls,1138,benign
id_calib:1089,id_calib,fit,benign,processed/iotsim-combined-cycle-tls-3.csv,iotsim-combined-cycle-tls,1139,benign
id_calib:1090,id_calib,fit,benign,processed/iotsim-combined-cycle-tls-3.csv,iotsim-combined-cycle-tls,1140,benign
id_calib:1091,id_calib,fit,benign,processed/iotsim-combined-cycle-tls-3.csv,iotsim-combined-cycle-tls,1141,benign
id_calib:1092,id_calib,fit,benign,processed/iotsim-combined-cycle-tls-3.csv,iotsim-combined-cycle-tls,1142,benign
id_calib:1093,id_calib,fit,benign,processed/iotsim-combined-cycle-tls-3.csv,iotsim-combined-cycle-tls,1143,benign
id_calib:1094,id_calib,fit,benign,processed/iotsim-combined-cycle-tls-3.csv,iotsim-combined-cycle-tls,1144,benign
id_calib:1095,id_calib,fit,benign,processed/iotsim-combined-cycle-tls-3.csv,iotsim-combined-cycle-tls,1145,benign
id_calib:1096,id_calib,fit,benign,processed/iotsim-combined-cycle-tls-3.csv,iotsim-combined-cycle-tls,1146,benign
id_calib:1097,id_calib,fit,benign,processed/iotsim-combined-cycle-tls-3.csv,iotsim-combined-cycle-tls,1147,benign
id_calib:1098,id_calib,fit,benign,processed/iotsim-combined-cycle-tls-3.csv,iotsim-combined-cycle-tls,1148,benign
id_calib:1099,id_calib,fit,benign,processed/iotsim-combined-cycle-tls-3.csv,iotsim-combined-cycle-tls,1149,benign
id_calib:1100,id_calib,fit,benign,processed/iotsim-combined-cycle-tls-3.csv,iotsim-combined-cycle-tls,1150,benign
id_calib:1101,id_calib,fit,benign,processed/iotsim-combined-cycle-tls-3.csv,iotsim-combined-cycle-tls,1151,benign
id_calib:1102,id_calib,fit,benign,processed/iotsim-combined-cycle-tls-3.csv,iotsim-combined-cycle-tls,1152,benign
id_calib:1103,id_calib,fit,benign,processed/iotsim-combined-cycle-tls-3.csv,iotsim-combined-cycle-tls,1153,benign
id_calib:1104,id_calib,fit,benign,processed/iotsim-combined-cycle-tls-3.csv,iotsim-combined-cycle-tls,1154,benign
id_calib:1105,id_calib,fit,benign,processed/iotsim-combined-cycle-tls-3.csv,iotsim-combined-cycle-tls,1155,benign
id_calib:1106,id_calib,fit,benign,processed/iotsim-combined-cycle-tls-3.csv,iotsim-combined-cycle-tls,1156,benign
id_calib:1107,id_calib,fit,benign,processed/iotsim-combined-cycle-tls-3.csv,iotsim-combined-cycle-tls,1157,benign
id_calib:1108,id_calib,fit,benign,processed/iotsim-combined-cycle-tls-3.csv,iotsim-combined-cycle-tls,1158,benign
id_calib:1109,id_calib,fit,benign,processed/iotsim-combined-cycle-tls-3.csv,iotsim-combined-cycle-tls,1159,benign
id_calib:1110,id_calib,fit,benign,processed/iotsim-combined-cycle-tls-3.csv,iotsim-combined-cycle-tls,1160,benign
id_calib:1111,id_calib,fit,benign,processed/iotsim-combined-cycle-tls-3.csv,iotsim-combined-cycle-tls,1161,benign
id_calib:1112,id_calib,fit,benign,processed/iotsim-combined-cycle-tls-3.csv,iotsim-combined-cycle-tls,1162,benign
id_calib:1113,id_calib,fit,benign,processed/iotsim-combined-cycle-tls-3.csv,iotsim-combined-cycle-tls,1163,benign
id_calib:1114,id_calib,fit,benign,processed/iotsim-combined-cycle-tls-3.csv,iotsim-combined-cycle-tls,1164,benign
id_calib:1115,id_calib,fit,benign,processed/iotsim-combined-cycle-tls-3.csv,iotsim-combined-cycle-tls,1165,benign
id_calib:1116,id_calib,fit,benign,processed/iotsim-combined-cycle-tls-3.csv,iotsim-combined-cycle-tls,1166,benign
id_calib:1117,id_calib,fit,benign,processed/iotsim-combined-cycle-tls-3.csv,iotsim-combined-cycle-tls,1167,benign
id_calib:1118,id_calib,fit,benign,processed/iotsim-combined-cycle-tls-3.csv,iotsim-combined-cycle-tls,1168,benign
id_calib:1119,id_calib,fit,benign,processed/iotsim-combined-cycle-tls-3.csv,iotsim-combined-cycle-tls,1169,benign
id_calib:1120,id_calib,fit,benign,processed/iotsim-combined-cycle-tls-3.csv,iotsim-combined-cycle-tls,1170,benign
id_calib:1121,id_calib,fit,benign,processed/iotsim-combined-cycle-tls-3.csv,iotsim-combined-cycle-tls,1171,benign
id_calib:1122,id_calib,fit,benign,processed/iotsim-combined-cycle-tls-3.csv,iotsim-combined-cycle-tls,1172,benign
id_calib:1123,id_calib,fit,benign,processed/iotsim-combined-cycle-tls-3.csv,iotsim-combined-cycle-tls,1173,benign
id_calib:1124,id_calib,fit,benign,processed/iotsim-combined-cycle-tls-3.csv,iotsim-combined-cycle-tls,1174,benign
id_calib:1125,id_calib,fit,benign,processed/iotsim-combined-cycle-tls-3.csv,iotsim-combined-cycle-tls,1175,benign
id_calib:1126,id_calib,fit,benign,processed/iotsim-combined-cycle-tls-3.csv,iotsim-combined-cycle-tls,1176,benign
id_calib:1127,id_calib,fit,benign,processed/iotsim-combined-cycle-tls-3.csv,iotsim-combined-cycle-tls,1177,benign
id_calib:1128,id_calib,fit,benign,processed/iotsim-combined-cycle-tls-3.csv,iotsim-combined-cycle-tls,1178,benign
id_calib:1129,id_calib,fit,benign,processed/iotsim-combined-cycle-tls-3.csv,iotsim-combined-cycle-tls,1179,benign
id_calib:1130,id_calib,fit,benign,processed/iotsim-combined-cycle-tls-3.csv,iotsim-combined-cycle-tls,1180,benign
id_calib:1131,id_calib,fit,benign,processed/iotsim-combined-cycle-tls-3.csv,iotsim-combined-cycle-tls,1181,benign
id_calib:1132,id_calib,fit,benign,processed/iotsim-combined-cycle-tls-3.csv,iotsim-combined-cycle-tls,1182,benign
id_calib:1133,id_calib,fit,benign,processed/iotsim-combined-cycle-tls-3.csv,iotsim-combined-cycle-tls,1183,benign
id_calib:1134,id_calib,fit,benign,processed/iotsim-combined-cycle-tls-3.csv,iotsim-combined-cycle-tls,1184,benign
id_calib:1135,id_calib,fit,benign,processed/iotsim-combined-cycle-tls-3.csv,iotsim-combined-cycle-tls,1185,benign
id_calib:1136,id_calib,fit,benign,processed/iotsim-combined-cycle-tls-3.csv,iotsim-combined-cycle-tls,1186,benign
id_calib:1137,id_calib,fit,benign,processed/iotsim-combined-cycle-tls-3.csv,iotsim-combined-cycle-tls,1187,benign
id_calib:1138,id_calib,fit,benign,processed/iotsim-combined-cycle-tls-3.csv,iotsim-combined-cycle-tls,1188,benign
id_calib:1139,id_calib,fit,benign,processed/iotsim-combined-cycle-tls-3.csv,iotsim-combined-cycle-tls,1189,benign
id_calib:1140,id_calib,fit,benign,processed/iotsim-combined-cycle-tls-3.csv,iotsim-combined-cycle-tls,1190,benign
id_calib:1141,id_calib,fit,benign,processed/iotsim-combined-cycle-tls-3.csv,iotsim-combined-cycle-tls,1191,benign
id_calib:1142,id_calib,fit,benign,processed/iotsim-combined-cycle-tls-3.csv,iotsim-combined-cycle-tls,1192,benign
id_calib:1143,id_calib,fit,benign,processed/iotsim-combined-cycle-tls-3.csv,iotsim-combined-cycle-tls,1193,benign
id_calib:1144,id_calib,fit,benign,processed/iotsim-combined-cycle-tls-3.csv,iotsim-combined-cycle-tls,1194,benign
id_calib:1145,id_calib,fit,benign,processed/iotsim-combined-cycle-tls-3.csv,iotsim-combined-cycle-tls,1195,benign
id_calib:1146,id_calib,fit,benign,processed/iotsim-combined-cycle-tls-3.csv,iotsim-combined-cycle-tls,1196,benign
id_calib:1147,id_calib,fit,benign,processed/iotsim-combined-cycle-tls-3.csv,iotsim-combined-cycle-tls,1197,benign
id_calib:1148,id_calib,fit,benign,processed/iotsim-combined-cycle-tls-3.csv,iotsim-combined-cycle-tls,1198,benign
id_calib:1149,id_calib,fit,benign,processed/iotsim-combined-cycle-tls-3.csv,iotsim-combined-cycle-tls,1199,benign
id_calib:1150,id_calib,fit,benign,processed/iotsim-combined-cycle-tls-3.csv,iotsim-combined-cycle-tls,1200,benign
id_calib:1151,id_calib,fit,benign,processed/iotsim-combined-cycle-tls-3.csv,iotsim-combined-cycle-tls,1201,benign
id_calib:1152,id_calib,fit,benign,processed/iotsim-combined-cycle-tls-3.csv,iotsim-combined-cycle-tls,1202,benign
id_calib:1153,id_calib,fit,benign,processed/iotsim-combined-cycle-tls-3.csv,iotsim-combined-cycle-tls,1203,benign
id_calib:1154,id_calib,fit,benign,processed/iotsim-combined-cycle-tls-3.csv,iotsim-combined-cycle-tls,1204,benign
id_calib:1155,id_calib,fit,benign,processed/iotsim-combined-cycle-tls-3.csv,iotsim-combined-cycle-tls,1205,benign
id_calib:1156,id_calib,fit,benign,processed/iotsim-combined-cycle-tls-3.csv,iotsim-combined-cycle-tls,1206,benign
id_calib:1157,id_calib,fit,benign,processed/iotsim-combined-cycle-tls-3.csv,iotsim-combined-cycle-tls,1207,benign
id_calib:1158,id_calib,fit,benign,processed/iotsim-combined-cycle-tls-3.csv,iotsim-combined-cycle-tls,1208,benign
id_calib:1159,id_calib,fit,benign,processed/iotsim-combined-cycle-tls-3.csv,iotsim-combined-cycle-tls,1209,benign
id_calib:1160,id_calib,fit,benign,processed/iotsim-combined-cycle-tls-3.csv,iotsim-combined-cycle-tls,1210,benign
id_calib:1161,id_calib,fit,benign,processed/iotsim-combined-cycle-tls-3.csv,iotsim-combined-cycle-tls,1211,benign
id_calib:1162,id_calib,fit,benign,processed/iotsim-combined-cycle-tls-3.csv,iotsim-combined-cycle-tls,1212,benign
id_calib:1163,id_calib,fit,benign,processed/iotsim-combined-cycle-tls-3.csv,iotsim-combined-cycle-tls,1213,benign
id_calib:1164,id_calib,fit,benign,processed/iotsim-combined-cycle-tls-3.csv,iotsim-combined-cycle-tls,1214,benign
id_calib:1165,id_calib,fit,benign,processed/iotsim-combined-cycle-tls-3.csv,iotsim-combined-cycle-tls,1215,benign
id_calib:1166,id_calib,fit,benign,processed/iotsim-combined-cycle-tls-3.csv,iotsim-combined-cycle-tls,1216,benign
id_calib:1167,id_calib,fit,benign,processed/iotsim-combined-cycle-tls-3.csv,iotsim-combined-cycle-tls,1217,benign
id_calib:1168,id_calib,fit,benign,processed/iotsim-combined-cycle-tls-3.csv,iotsim-combined-cycle-tls,1218,benign
id_calib:1169,id_calib,fit,benign,processed/iotsim-combined-cycle-tls-3.csv,iotsim-combined-cycle-tls,1219,benign
id_calib:1170,id_calib,fit,benign,processed/iotsim-combined-cycle-tls-3.csv,iotsim-combined-cycle-tls,1220,benign
id_calib:1171,id_calib,fit,benign,processed/iotsim-combined-cycle-tls-3.csv,iotsim-combined-cycle-tls,1221,benign
id_calib:1172,id_calib,fit,benign,processed/iotsim-combined-cycle-tls-3.csv,iotsim-combined-cycle-tls,1222,benign
id_calib:1173,id_calib,fit,benign,processed/iotsim-combined-cycle-tls-3.csv,iotsim-combined-cycle-tls,1223,benign
id_calib:1174,id_calib,fit,benign,processed/iotsim-combined-cycle-tls-3.csv,iotsim-combined-cycle-tls,1224,benign
id_calib:1175,id_calib,fit,benign,processed/iotsim-combined-cycle-tls-3.csv,iotsim-combined-cycle-tls,1225,benign
id_calib:1176,id_calib,fit,benign,processed/iotsim-combined-cycle-tls-3.csv,iotsim-combined-cycle-tls,1226,benign
id_calib:1177,id_calib,fit,benign,processed/iotsim-combined-cycle-tls-3.csv,iotsim-combined-cycle-tls,1227,benign
id_calib:1178,id_calib,fit,benign,processed/iotsim-combined-cycle-tls-3.csv,iotsim-combined-cycle-tls,1228,benign
id_calib:1179,id_calib,fit,benign,processed/iotsim-combined-cycle-tls-3.csv,iotsim-combined-cycle-tls,1229,benign
id_calib:1180,id_calib,fit,benign,processed/iotsim-combined-cycle-tls-3.csv,iotsim-combined-cycle-tls,1230,benign
id_calib:1181,id_calib,fit,benign,processed/iotsim-combined-cycle-tls-3.csv,iotsim-combined-cycle-tls,1231,benign
id_calib:1182,id_calib,fit,benign,processed/iotsim-combined-cycle-tls-3.csv,iotsim-combined-cycle-tls,1232,benign
id_calib:1183,id_calib,fit,benign,processed/iotsim-combined-cycle-tls-3.csv,iotsim-combined-cycle-tls,1233,benign
id_calib:1184,id_calib,fit,benign,processed/iotsim-combined-cycle-tls-3.csv,iotsim-combined-cycle-tls,1234,benign
id_calib:1185,id_calib,fit,benign,processed/iotsim-combined-cycle-tls-3.csv,iotsim-combined-cycle-tls,1235,benign
id_calib:1186,id_calib,fit,benign,processed/iotsim-combined-cycle-tls-3.csv,iotsim-combined-cycle-tls,1236,benign
id_calib:1187,id_calib,fit,benign,processed/iotsim-combined-cycle-tls-3.csv,iotsim-combined-cycle-tls,1237,benign
id_calib:1188,id_calib,fit,benign,processed/iotsim-combined-cycle-tls-3.csv,iotsim-combined-cycle-tls,1238,benign
id_calib:1189,id_calib,fit,benign,processed/iotsim-combined-cycle-tls-3.csv,iotsim-combined-cycle-tls,1239,benign
id_calib:1190,id_calib,fit,benign,processed/iotsim-combined-cycle-tls-3.csv,iotsim-combined-cycle-tls,1240,benign
id_calib:1191,id_calib,fit,benign,processed/iotsim-combined-cycle-tls-3.csv,iotsim-combined-cycle-tls,1241,benign
id_calib:1192,id_calib,fit,benign,processed/iotsim-combined-cycle-tls-3.csv,iotsim-combined-cycle-tls,1242,benign
id_calib:1193,id_calib,fit,benign,processed/iotsim-combined-cycle-tls-3.csv,iotsim-combined-cycle-tls,1243,benign
id_calib:1194,id_calib,fit,benign,processed/iotsim-combined-cycle-tls-3.csv,iotsim-combined-cycle-tls,1244,benign
id_calib:1195,id_calib,fit,benign,processed/iotsim-combined-cycle-tls-3.csv,iotsim-combined-cycle-tls,1245,benign
id_calib:1196,id_calib,fit,benign,processed/iotsim-combined-cycle-tls-3.csv,iotsim-combined-cycle-tls,1246,benign
id_calib:1197,id_calib,fit,benign,processed/iotsim-combined-cycle-tls-3.csv,iotsim-combined-cycle-tls,1247,benign
id_calib:1198,id_calib,fit,benign,processed/iotsim-combined-cycle-tls-3.csv,iotsim-combined-cycle-tls,1248,benign
id_calib:1199,id_calib,fit,benign,processed/iotsim-combined-cycle-tls-3.csv,iotsim-combined-cycle-tls,1249,benign
id_calib:1200,id_calib,fit,benign,processed/iotsim-combined-cycle-tls-3.csv,iotsim-combined-cycle-tls,1250,benign
id_calib:1201,id_calib,fit,benign,processed/iotsim-combined-cycle-tls-3.csv,iotsim-combined-cycle-tls,1251,benign
id_calib:1202,id_calib,fit,benign,processed/iotsim-combined-cycle-tls-3.csv,iotsim-combined-cycle-tls,1252,benign
id_calib:1203,id_calib,fit,benign,processed/iotsim-combined-cycle-tls-3.csv,iotsim-combined-cycle-tls,1253,benign
id_calib:1204,id_calib,fit,benign,processed/iotsim-combined-cycle-tls-3.csv,iotsim-combined-cycle-tls,1254,benign
id_calib:1205,id_calib,fit,benign,processed/iotsim-combined-cycle-tls-3.csv,iotsim-combined-cycle-tls,1255,benign
id_calib:1206,id_calib,fit,benign,processed/iotsim-combined-cycle-tls-3.csv,iotsim-combined-cycle-tls,1256,benign
id_calib:1207,id_calib,fit,benign,processed/iotsim-combined-cycle-tls-3.csv,iotsim-combined-cycle-tls,1257,benign
id_calib:1208,id_calib,fit,benign,processed/iotsim-combined-cycle-tls-3.csv,iotsim-combined-cycle-tls,1258,benign
id_calib:1209,id_calib,fit,benign,processed/iotsim-combined-cycle-tls-3.csv,iotsim-combined-cycle-tls,1259,benign
id_calib:1210,id_calib,fit,benign,processed/iotsim-combined-cycle-tls-3.csv,iotsim-combined-cycle-tls,1260,benign
id_calib:1211,id_calib,fit,benign,processed/iotsim-combined-cycle-tls-3.csv,iotsim-combined-cycle-tls,1261,benign
id_calib:1212,id_calib,fit,benign,processed/iotsim-combined-cycle-tls-3.csv,iotsim-combined-cycle-tls,1262,benign
id_calib:1213,id_calib,fit,benign,processed/iotsim-combined-cycle-tls-3.csv,iotsim-combined-cycle-tls,1263,benign
id_calib:1214,id_calib,fit,benign,processed/iotsim-combined-cycle-tls-3.csv,iotsim-combined-cycle-tls,1264,benign
id_calib:1215,id_calib,fit,benign,processed/iotsim-combined-cycle-tls-3.csv,iotsim-combined-cycle-tls,1265,benign
id_calib:1216,id_calib,fit,benign,processed/iotsim-combined-cycle-tls-3.csv,iotsim-combined-cycle-tls,1266,benign
id_calib:1217,id_calib,fit,benign,processed/iotsim-combined-cycle-tls-3.csv,iotsim-combined-cycle-tls,1267,benign
id_calib:1218,id_calib,fit,benign,processed/iotsim-combined-cycle-tls-3.csv,iotsim-combined-cycle-tls,1268,benign
id_calib:1219,id_calib,fit,benign,processed/iotsim-combined-cycle-tls-3.csv,iotsim-combined-cycle-tls,1269,benign
id_calib:1220,id_calib,fit,benign,processed/iotsim-combined-cycle-tls-3.csv,iotsim-combined-cycle-tls,1270,benign
id_calib:1221,id_calib,fit,benign,processed/iotsim-combined-cycle-tls-3.csv,iotsim-combined-cycle-tls,1271,benign
id_calib:1222,id_calib,fit,benign,processed/iotsim-combined-cycle-tls-3.csv,iotsim-combined-cycle-tls,1272,benign
id_calib:1223,id_calib,fit,benign,processed/iotsim-combined-cycle-tls-3.csv,iotsim-combined-cycle-tls,1273,benign
id_calib:1224,id_calib,fit,benign,processed/iotsim-combined-cycle-tls-3.csv,iotsim-combined-cycle-tls,1274,benign
id_calib:1225,id_calib,fit,benign,processed/iotsim-combined-cycle-tls-3.csv,iotsim-combined-cycle-tls,1275,benign
id_calib:1226,id_calib,fit,benign,processed/iotsim-combined-cycle-tls-3.csv,iotsim-combined-cycle-tls,1276,benign
id_calib:1227,id_calib,fit,benign,processed/iotsim-combined-cycle-tls-3.csv,iotsim-combined-cycle-tls,1277,benign
id_calib:1228,id_calib,fit,benign,processed/iotsim-combined-cycle-tls-3.csv,iotsim-combined-cycle-tls,1278,benign
id_calib:1229,id_calib,fit,benign,processed/iotsim-combined-cycle-tls-3.csv,iotsim-combined-cycle-tls,1279,benign
id_calib:1230,id_calib,fit,benign,processed/iotsim-combined-cycle-tls-3.csv,iotsim-combined-cycle-tls,1280,benign
id_calib:1231,id_calib,fit,benign,processed/iotsim-combined-cycle-tls-3.csv,iotsim-combined-cycle-tls,1281,benign
id_calib:1232,id_calib,fit,benign,processed/iotsim-combined-cycle-tls-3.csv,iotsim-combined-cycle-tls,1282,benign
id_calib:1233,id_calib,fit,benign,processed/iotsim-combined-cycle-tls-3.csv,iotsim-combined-cycle-tls,1283,benign
id_calib:1234,id_calib,fit,benign,processed/iotsim-combined-cycle-tls-3.csv,iotsim-combined-cycle-tls,1284,benign
id_calib:1235,id_calib,fit,benign,processed/iotsim-combined-cycle-tls-3.csv,iotsim-combined-cycle-tls,1285,benign
id_calib:1236,id_calib,fit,benign,processed/iotsim-combined-cycle-tls-3.csv,iotsim-combined-cycle-tls,1286,benign
id_calib:1237,id_calib,fit,benign,processed/iotsim-combined-cycle-tls-3.csv,iotsim-combined-cycle-tls,1287,benign
id_calib:1238,id_calib,fit,benign,processed/iotsim-combined-cycle-tls-3.csv,iotsim-combined-cycle-tls,1288,benign
id_calib:1239,id_calib,fit,benign,processed/iotsim-combined-cycle-tls-3.csv,iotsim-combined-cycle-tls,1289,benign
id_calib:1240,id_calib,fit,benign,processed/iotsim-combined-cycle-tls-3.csv,iotsim-combined-cycle-tls,1290,benign
id_calib:1241,id_calib,fit,benign,processed/iotsim-combined-cycle-tls-3.csv,iotsim-combined-cycle-tls,1291,benign
id_calib:1242,id_calib,fit,benign,processed/iotsim-combined-cycle-tls-3.csv,iotsim-combined-cycle-tls,1292,benign
id_calib:1243,id_calib,fit,benign,processed/iotsim-combined-cycle-tls-3.csv,iotsim-combined-cycle-tls,1293,benign
id_calib:1244,id_calib,fit,benign,processed/iotsim-combined-cycle-tls-3.csv,iotsim-combined-cycle-tls,1294,benign
id_calib:1245,id_calib,fit,benign,processed/iotsim-combined-cycle-tls-3.csv,iotsim-combined-cycle-tls,1295,benign
id_calib:1246,id_calib,fit,benign,processed/iotsim-combined-cycle-tls-3.csv,iotsim-combined-cycle-tls,1296,benign
id_calib:1247,id_calib,fit,benign,processed/iotsim-combined-cycle-tls-3.csv,iotsim-combined-cycle-tls,1297,benign
id_calib:1248,id_calib,fit,benign,processed/iotsim-combined-cycle-tls-3.csv,iotsim-combined-cycle-tls,1298,benign
id_calib:1249,id_calib,fit,benign,processed/iotsim-combined-cycle-tls-3.csv,iotsim-combined-cycle-tls,1299,benign
id_calib:1250,id_calib,fit,benign,processed/iotsim-combined-cycle-tls-3.csv,iotsim-combined-cycle-tls,1300,benign
id_calib:1251,id_calib,fit,benign,processed/iotsim-combined-cycle-tls-3.csv,iotsim-combined-cycle-tls,1301,benign
id_calib:1252,id_calib,fit,benign,processed/iotsim-combined-cycle-tls-3.csv,iotsim-combined-cycle-tls,1302,benign
id_calib:1253,id_calib,fit,benign,processed/iotsim-combined-cycle-tls-3.csv,iotsim-combined-cycle-tls,1303,benign
id_calib:1254,id_calib,fit,benign,processed/iotsim-combined-cycle-tls-3.csv,iotsim-combined-cycle-tls,1304,benign
id_calib:1255,id_calib,fit,benign,processed/iotsim-combined-cycle-tls-3.csv,iotsim-combined-cycle-tls,1305,benign
id_calib:1256,id_calib,fit,benign,processed/iotsim-combined-cycle-tls-3.csv,iotsim-combined-cycle-tls,1306,benign
id_calib:1257,id_calib,fit,benign,processed/iotsim-combined-cycle-tls-3.csv,iotsim-combined-cycle-tls,1307,benign
id_calib:1258,id_calib,fit,benign,processed/iotsim-combined-cycle-tls-3.csv,iotsim-combined-cycle-tls,1308,benign
id_calib:1259,id_calib,fit,benign,processed/iotsim-combined-cycle-tls-3.csv,iotsim-combined-cycle-tls,1309,benign
id_calib:1260,id_calib,fit,benign,processed/iotsim-combined-cycle-tls-3.csv,iotsim-combined-cycle-tls,1310,benign
id_calib:1261,id_calib,fit,benign,processed/iotsim-combined-cycle-tls-3.csv,iotsim-combined-cycle-tls,1311,benign
id_calib:1262,id_calib,fit,benign,processed/iotsim-combined-cycle-tls-3.csv,iotsim-combined-cycle-tls,1312,benign
id_calib:1263,id_calib,fit,benign,processed/iotsim-combined-cycle-tls-3.csv,iotsim-combined-cycle-tls,1313,benign
id_calib:1264,id_calib,fit,benign,processed/iotsim-combined-cycle-tls-3.csv,iotsim-combined-cycle-tls,1314,benign
id_calib:1265,id_calib,fit,benign,processed/iotsim-combined-cycle-tls-3.csv,iotsim-combined-cycle-tls,1315,benign
id_calib:1266,id_calib,fit,benign,processed/iotsim-combined-cycle-tls-3.csv,iotsim-combined-cycle-tls,1316,benign
id_calib:1267,id_calib,fit,benign,processed/iotsim-combined-cycle-tls-3.csv,iotsim-combined-cycle-tls,1317,benign
id_calib:1268,id_calib,fit,benign,processed/iotsim-combined-cycle-tls-3.csv,iotsim-combined-cycle-tls,1318,benign
id_calib:1269,id_calib,fit,benign,processed/iotsim-combined-cycle-tls-3.csv,iotsim-combined-cycle-tls,1319,benign
id_calib:1270,id_calib,fit,benign,processed/iotsim-combined-cycle-tls-3.csv,iotsim-combined-cycle-tls,1320,benign
id_calib:1271,id_calib,fit,benign,processed/iotsim-combined-cycle-tls-3.csv,iotsim-combined-cycle-tls,1321,benign
id_calib:1272,id_calib,fit,benign,processed/iotsim-combined-cycle-tls-3.csv,iotsim-combined-cycle-tls,1322,benign
id_calib:1273,id_calib,fit,benign,processed/iotsim-combined-cycle-tls-3.csv,iotsim-combined-cycle-tls,1323,benign
id_calib:1274,id_calib,fit,benign,processed/iotsim-combined-cycle-tls-3.csv,iotsim-combined-cycle-tls,1324,benign
id_calib:1275,id_calib,fit,benign,processed/iotsim-combined-cycle-tls-3.csv,iotsim-combined-cycle-tls,1325,benign
id_calib:1276,id_calib,fit,benign,processed/iotsim-combined-cycle-tls-3.csv,iotsim-combined-cycle-tls,1326,benign
id_calib:1277,id_calib,fit,benign,processed/iotsim-combined-cycle-tls-3.csv,iotsim-combined-cycle-tls,1327,benign
id_calib:1278,id_calib,fit,benign,processed/iotsim-combined-cycle-tls-3.csv,iotsim-combined-cycle-tls,1328,benign
id_calib:1279,id_calib,fit,benign,processed/iotsim-combined-cycle-tls-3.csv,iotsim-combined-cycle-tls,1329,benign
id_calib:1280,id_calib,fit,benign,processed/iotsim-combined-cycle-tls-3.csv,iotsim-combined-cycle-tls,1330,benign
id_calib:1281,id_calib,fit,benign,processed/iotsim-combined-cycle-tls-3.csv,iotsim-combined-cycle-tls,1331,benign
id_calib:1282,id_calib,fit,benign,processed/iotsim-combined-cycle-tls-3.csv,iotsim-combined-cycle-tls,1332,benign
id_calib:1283,id_calib,fit,benign,processed/iotsim-combined-cycle-tls-3.csv,iotsim-combined-cycle-tls,1333,benign
id_calib:1284,id_calib,fit,benign,processed/iotsim-combined-cycle-tls-3.csv,iotsim-combined-cycle-tls,1334,benign
id_calib:1285,id_calib,fit,benign,processed/iotsim-combined-cycle-tls-3.csv,iotsim-combined-cycle-tls,1335,benign
id_calib:1286,id_calib,fit,benign,processed/iotsim-combined-cycle-tls-3.csv,iotsim-combined-cycle-tls,1336,benign
id_calib:1287,id_calib,fit,benign,processed/iotsim-combined-cycle-tls-3.csv,iotsim-combined-cycle-tls,1337,benign
id_calib:1288,id_calib,fit,benign,processed/iotsim-combined-cycle-tls-3.csv,iotsim-combined-cycle-tls,1338,benign
id_calib:1289,id_calib,fit,benign,processed/iotsim-combined-cycle-tls-3.csv,iotsim-combined-cycle-tls,1339,benign
id_calib:1290,id_calib,fit,benign,processed/iotsim-combined-cycle-tls-3.csv,iotsim-combined-cycle-tls,1340,benign
id_calib:1291,id_calib,fit,benign,processed/iotsim-combined-cycle-tls-3.csv,iotsim-combined-cycle-tls,1341,benign
id_calib:1292,id_calib,fit,benign,processed/iotsim-combined-cycle-tls-3.csv,iotsim-combined-cycle-tls,1342,benign
id_calib:1293,id_calib,fit,benign,processed/iotsim-combined-cycle-tls-3.csv,iotsim-combined-cycle-tls,1343,benign
id_calib:1294,id_calib,fit,benign,processed/iotsim-combined-cycle-tls-3.csv,iotsim-combined-cycle-tls,1344,benign
id_calib:1295,id_calib,fit,benign,processed/iotsim-combined-cycle-tls-3.csv,iotsim-combined-cycle-tls,1345,benign
id_calib:1296,id_calib,fit,benign,processed/iotsim-combined-cycle-tls-3.csv,iotsim-combined-cycle-tls,1346,benign
id_calib:1297,id_calib,fit,benign,processed/iotsim-combined-cycle-tls-3.csv,iotsim-combined-cycle-tls,1347,benign
id_calib:1298,id_calib,fit,benign,processed/iotsim-combined-cycle-tls-3.csv,iotsim-combined-cycle-tls,1348,benign
id_calib:1299,id_calib,fit,benign,processed/iotsim-combined-cycle-tls-3.csv,iotsim-combined-cycle-tls,1349,benign
id_calib:1300,id_calib,fit,benign,processed/iotsim-combined-cycle-tls-3.csv,iotsim-combined-cycle-tls,1350,benign
id_calib:1301,id_calib,fit,benign,processed/iotsim-combined-cycle-tls-3.csv,iotsim-combined-cycle-tls,1351,benign
id_calib:1302,id_calib,fit,benign,processed/iotsim-combined-cycle-tls-3.csv,iotsim-combined-cycle-tls,1352,benign
id_calib:1303,id_calib,fit,benign,processed/iotsim-combined-cycle-tls-3.csv,iotsim-combined-cycle-tls,1353,benign
id_calib:1304,id_calib,fit,benign,processed/iotsim-combined-cycle-tls-3.csv,iotsim-combined-cycle-tls,1354,benign
id_calib:1305,id_calib,fit,benign,processed/iotsim-combined-cycle-tls-3.csv,iotsim-combined-cycle-tls,1355,benign
id_calib:1306,id_calib,fit,benign,processed/iotsim-combined-cycle-tls-3.csv,iotsim-combined-cycle-tls,1356,benign
id_calib:1307,id_calib,fit,benign,processed/iotsim-combined-cycle-tls-3.csv,iotsim-combined-cycle-tls,1357,benign
id_calib:1308,id_calib,fit,benign,processed/iotsim-combined-cycle-tls-3.csv,iotsim-combined-cycle-tls,1358,benign
id_calib:1309,id_calib,fit,benign,processed/iotsim-combined-cycle-tls-3.csv,iotsim-combined-cycle-tls,1359,benign
id_calib:1310,id_calib,fit,benign,processed/iotsim-combined-cycle-tls-3.csv,iotsim-combined-cycle-tls,1360,benign
id_calib:1311,id_calib,fit,benign,processed/iotsim-combined-cycle-tls-3.csv,iotsim-combined-cycle-tls,1361,benign
id_calib:1312,id_calib,fit,benign,processed/iotsim-combined-cycle-tls-3.csv,iotsim-combined-cycle-tls,1362,benign
id_calib:1313,id_calib,fit,benign,processed/iotsim-combined-cycle-tls-3.csv,iotsim-combined-cycle-tls,1363,benign
id_calib:1314,id_calib,fit,benign,processed/iotsim-combined-cycle-tls-3.csv,iotsim-combined-cycle-tls,1364,benign
id_calib:1315,id_calib,fit,benign,processed/iotsim-combined-cycle-tls-3.csv,iotsim-combined-cycle-tls,1365,benign
id_calib:1316,id_calib,fit,benign,processed/iotsim-combined-cycle-tls-3.csv,iotsim-combined-cycle-tls,1366,benign
id_calib:1317,id_calib,fit,benign,processed/iotsim-combined-cycle-tls-3.csv,iotsim-combined-cycle-tls,1367,benign
id_calib:1318,id_calib,fit,benign,processed/iotsim-combined-cycle-tls-3.csv,iotsim-combined-cycle-tls,1368,benign
id_calib:1319,id_calib,fit,benign,processed/iotsim-combined-cycle-tls-3.csv,iotsim-combined-cycle-tls,1369,benign
id_calib:1320,id_calib,fit,benign,processed/iotsim-combined-cycle-tls-3.csv,iotsim-combined-cycle-tls,1370,benign
id_calib:1321,id_calib,fit,benign,processed/iotsim-combined-cycle-tls-3.csv,iotsim-combined-cycle-tls,1371,benign
id_calib:1322,id_calib,fit,benign,processed/iotsim-combined-cycle-tls-3.csv,iotsim-combined-cycle-tls,1372,benign
id_calib:1323,id_calib,fit,benign,processed/iotsim-combined-cycle-tls-3.csv,iotsim-combined-cycle-tls,1373,benign
id_calib:1324,id_calib,fit,benign,processed/iotsim-combined-cycle-tls-3.csv,iotsim-combined-cycle-tls,1374,benign
id_calib:1325,id_calib,fit,benign,processed/iotsim-combined-cycle-tls-3.csv,iotsim-combined-cycle-tls,1375,benign
id_calib:1326,id_calib,fit,benign,processed/iotsim-combined-cycle-tls-3.csv,iotsim-combined-cycle-tls,1376,benign
id_calib:1327,id_calib,fit,benign,processed/iotsim-combined-cycle-tls-3.csv,iotsim-combined-cycle-tls,1377,benign
id_calib:1328,id_calib,fit,benign,processed/iotsim-combined-cycle-tls-3.csv,iotsim-combined-cycle-tls,1378,benign
id_calib:1329,id_calib,fit,benign,processed/iotsim-combined-cycle-tls-3.csv,iotsim-combined-cycle-tls,1379,benign
id_calib:1330,id_calib,fit,benign,processed/iotsim-combined-cycle-tls-3.csv,iotsim-combined-cycle-tls,1380,benign
id_calib:1331,id_calib,fit,benign,processed/iotsim-combined-cycle-tls-3.csv,iotsim-combined-cycle-tls,1381,benign
id_calib:1332,id_calib,fit,benign,processed/iotsim-combined-cycle-tls-3.csv,iotsim-combined-cycle-tls,1382,benign
id_calib:1333,id_calib,fit,benign,processed/iotsim-combined-cycle-tls-3.csv,iotsim-combined-cycle-tls,1383,benign
id_calib:1334,id_calib,fit,benign,processed/iotsim-combined-cycle-tls-3.csv,iotsim-combined-cycle-tls,1384,benign
id_calib:1335,id_calib,fit,benign,processed/iotsim-combined-cycle-tls-3.csv,iotsim-combined-cycle-tls,1385,benign
id_calib:1336,id_calib,fit,benign,processed/iotsim-combined-cycle-tls-3.csv,iotsim-combined-cycle-tls,1386,benign
id_calib:1337,id_calib,fit,benign,processed/iotsim-combined-cycle-tls-3.csv,iotsim-combined-cycle-tls,1387,benign
id_calib:1338,id_calib,fit,benign,processed/iotsim-combined-cycle-tls-3.csv,iotsim-combined-cycle-tls,1388,benign
id_calib:1339,id_calib,fit,benign,processed/iotsim-combined-cycle-tls-3.csv,iotsim-combined-cycle-tls,1389,benign
id_calib:1340,id_calib,fit,benign,processed/iotsim-combined-cycle-tls-3.csv,iotsim-combined-cycle-tls,1390,benign
id_calib:1341,id_calib,fit,benign,processed/iotsim-combined-cycle-tls-3.csv,iotsim-combined-cycle-tls,1391,benign
id_calib:1342,id_calib,fit,benign,processed/iotsim-combined-cycle-tls-3.csv,iotsim-combined-cycle-tls,1392,benign
id_calib:1343,id_calib,fit,benign,processed/iotsim-combined-cycle-tls-3.csv,iotsim-combined-cycle-tls,1393,benign
id_calib:1344,id_calib,fit,benign,processed/iotsim-combined-cycle-tls-3.csv,iotsim-combined-cycle-tls,1394,benign
id_calib:1345,id_calib,fit,benign,processed/iotsim-combined-cycle-tls-3.csv,iotsim-combined-cycle-tls,1395,benign
id_calib:1346,id_calib,fit,benign,processed/iotsim-combined-cycle-tls-3.csv,iotsim-combined-cycle-tls,1396,benign
id_calib:1347,id_calib,fit,benign,processed/iotsim-combined-cycle-tls-3.csv,iotsim-combined-cycle-tls,1397,benign
id_calib:1348,id_calib,fit,benign,processed/iotsim-combined-cycle-tls-3.csv,iotsim-combined-cycle-tls,1398,benign
id_calib:1349,id_calib,fit,benign,processed/iotsim-combined-cycle-tls-3.csv,iotsim-combined-cycle-tls,1399,benign
id_calib:1350,id_calib,fit,benign,processed/iotsim-combined-cycle-tls-3.csv,iotsim-combined-cycle-tls,1400,benign
id_calib:1351,id_calib,fit,benign,processed/iotsim-combined-cycle-tls-3.csv,iotsim-combined-cycle-tls,1401,benign
id_calib:1352,id_calib,fit,benign,processed/iotsim-combined-cycle-tls-3.csv,iotsim-combined-cycle-tls,1402,benign
id_calib:1353,id_calib,fit,benign,processed/iotsim-combined-cycle-tls-3.csv,iotsim-combined-cycle-tls,1403,benign
id_calib:1354,id_calib,fit,benign,processed/iotsim-combined-cycle-tls-3.csv,iotsim-combined-cycle-tls,1404,benign
id_calib:1355,id_calib,fit,benign,processed/iotsim-combined-cycle-tls-3.csv,iotsim-combined-cycle-tls,1405,benign
id_calib:1356,id_calib,fit,benign,processed/iotsim-combined-cycle-tls-3.csv,iotsim-combined-cycle-tls,1406,benign
id_calib:1357,id_calib,fit,benign,processed/iotsim-combined-cycle-tls-3.csv,iotsim-combined-cycle-tls,1407,benign
id_calib:1358,id_calib,fit,benign,processed/iotsim-combined-cycle-tls-3.csv,iotsim-combined-cycle-tls,1408,benign
id_calib:1359,id_calib,fit,benign,processed/iotsim-combined-cycle-tls-3.csv,iotsim-combined-cycle-tls,1409,benign
id_calib:1360,id_calib,fit,benign,processed/iotsim-combined-cycle-tls-3.csv,iotsim-combined-cycle-tls,1410,benign
id_calib:1361,id_calib,fit,benign,processed/iotsim-combined-cycle-tls-3.csv,iotsim-combined-cycle-tls,1411,benign
id_calib:1362,id_calib,fit,benign,processed/iotsim-combined-cycle-tls-3.csv,iotsim-combined-cycle-tls,1412,benign
id_calib:1363,id_calib,fit,benign,processed/iotsim-combined-cycle-tls-3.csv,iotsim-combined-cycle-tls,1413,benign
id_calib:1364,id_calib,fit,benign,processed/iotsim-combined-cycle-tls-3.csv,iotsim-combined-cycle-tls,1414,benign
id_calib:1365,id_calib,fit,benign,processed/iotsim-combined-cycle-tls-3.csv,iotsim-combined-cycle-tls,1415,benign
id_calib:1366,id_calib,fit,benign,processed/iotsim-combined-cycle-tls-3.csv,iotsim-combined-cycle-tls,1416,benign
id_calib:1367,id_calib,fit,benign,processed/iotsim-combined-cycle-tls-3.csv,iotsim-combined-cycle-tls,1417,benign
id_calib:1368,id_calib,fit,benign,processed/iotsim-combined-cycle-tls-3.csv,iotsim-combined-cycle-tls,1418,benign
id_calib:1369,id_calib,fit,benign,processed/iotsim-combined-cycle-tls-3.csv,iotsim-combined-cycle-tls,1419,benign
id_calib:1370,id_calib,fit,benign,processed/iotsim-combined-cycle-tls-3.csv,iotsim-combined-cycle-tls,1420,benign
id_calib:1371,id_calib,fit,benign,processed/iotsim-combined-cycle-tls-3.csv,iotsim-combined-cycle-tls,1421,benign
id_calib:1372,id_calib,fit,benign,processed/iotsim-combined-cycle-tls-3.csv,iotsim-combined-cycle-tls,1422,benign
id_calib:1373,id_calib,fit,benign,processed/iotsim-combined-cycle-tls-3.csv,iotsim-combined-cycle-tls,1423,benign
id_calib:1374,id_calib,fit,benign,processed/iotsim-combined-cycle-tls-3.csv,iotsim-combined-cycle-tls,1424,benign
id_calib:1375,id_calib,fit,benign,processed/iotsim-combined-cycle-tls-3.csv,iotsim-combined-cycle-tls,1425,benign
id_calib:1376,id_calib,fit,benign,processed/iotsim-combined-cycle-tls-3.csv,iotsim-combined-cycle-tls,1426,benign
id_calib:1377,id_calib,fit,benign,processed/iotsim-combined-cycle-tls-3.csv,iotsim-combined-cycle-tls,1427,benign
id_calib:1378,id_calib,fit,benign,processed/iotsim-combined-cycle-tls-3.csv,iotsim-combined-cycle-tls,1428,benign
id_calib:1379,id_calib,fit,benign,processed/iotsim-combined-cycle-tls-3.csv,iotsim-combined-cycle-tls,1429,benign
id_calib:1380,id_calib,fit,benign,processed/iotsim-combined-cycle-tls-3.csv,iotsim-combined-cycle-tls,1430,benign
id_calib:1381,id_calib,fit,benign,processed/iotsim-combined-cycle-tls-3.csv,iotsim-combined-cycle-tls,1431,benign
id_calib:1382,id_calib,fit,benign,processed/iotsim-combined-cycle-tls-3.csv,iotsim-combined-cycle-tls,1432,benign
id_calib:1383,id_calib,fit,benign,processed/iotsim-combined-cycle-tls-3.csv,iotsim-combined-cycle-tls,1433,benign
id_calib:1384,id_calib,fit,benign,processed/iotsim-combined-cycle-tls-3.csv,iotsim-combined-cycle-tls,1434,benign
id_calib:1385,id_calib,fit,benign,processed/iotsim-combined-cycle-tls-3.csv,iotsim-combined-cycle-tls,1435,benign
id_calib:1386,id_calib,fit,benign,processed/iotsim-combined-cycle-tls-3.csv,iotsim-combined-cycle-tls,1436,benign
id_calib:1387,id_calib,fit,benign,processed/iotsim-combined-cycle-tls-3.csv,iotsim-combined-cycle-tls,1437,benign
id_calib:1388,id_calib,fit,benign,processed/iotsim-combined-cycle-tls-3.csv,iotsim-combined-cycle-tls,1438,benign
id_calib:1389,id_calib,fit,benign,processed/iotsim-combined-cycle-tls-3.csv,iotsim-combined-cycle-tls,1439,benign
id_calib:1390,id_calib,fit,benign,processed/iotsim-combined-cycle-tls-3.csv,iotsim-combined-cycle-tls,1440,benign
id_calib:1391,id_calib,fit,benign,processed/iotsim-combined-cycle-tls-3.csv,iotsim-combined-cycle-tls,1441,benign
id_calib:1392,id_calib,fit,benign,processed/iotsim-combined-cycle-tls-3.csv,iotsim-combined-cycle-tls,1442,benign
id_calib:1393,id_calib,fit,benign,processed/iotsim-combined-cycle-tls-3.csv,iotsim-combined-cycle-tls,1443,benign
id_calib:1394,id_calib,fit,benign,processed/iotsim-combined-cycle-tls-3.csv,iotsim-combined-cycle-tls,1444,benign
id_calib:1395,id_calib,fit,benign,processed/iotsim-combined-cycle-tls-3.csv,iotsim-combined-cycle-tls,1445,benign
id_calib:1396,id_calib,fit,benign,processed/iotsim-combined-cycle-tls-3.csv,iotsim-combined-cycle-tls,1446,benign
id_calib:1397,id_calib,fit,benign,processed/iotsim-combined-cycle-tls-3.csv,iotsim-combined-cycle-tls,1447,benign
id_calib:1398,id_calib,fit,benign,processed/iotsim-combined-cycle-tls-3.csv,iotsim-combined-cycle-tls,1448,benign
id_calib:1399,id_calib,fit,benign,processed/iotsim-combined-cycle-tls-3.csv,iotsim-combined-cycle-tls,1449,benign
id_calib:1400,id_calib,fit,benign,processed/iotsim-combined-cycle-tls-3.csv,iotsim-combined-cycle-tls,1450,benign
id_calib:1401,id_calib,fit,benign,processed/iotsim-combined-cycle-tls-3.csv,iotsim-combined-cycle-tls,1451,benign
id_calib:1402,id_calib,fit,benign,processed/iotsim-combined-cycle-tls-3.csv,iotsim-combined-cycle-tls,1452,benign
id_calib:1403,id_calib,fit,benign,processed/iotsim-combined-cycle-tls-3.csv,iotsim-combined-cycle-tls,1453,benign
id_calib:1404,id_calib,fit,benign,processed/iotsim-combined-cycle-tls-3.csv,iotsim-combined-cycle-tls,1454,benign
id_calib:1405,id_calib,fit,benign,processed/iotsim-combined-cycle-tls-3.csv,iotsim-combined-cycle-tls,1455,benign
id_calib:1406,id_calib,fit,benign,processed/iotsim-combined-cycle-tls-3.csv,iotsim-combined-cycle-tls,1456,benign
id_calib:1407,id_calib,fit,benign,processed/iotsim-combined-cycle-tls-3.csv,iotsim-combined-cycle-tls,1457,benign
id_calib:1408,id_calib,fit,benign,processed/iotsim-combined-cycle-tls-3.csv,iotsim-combined-cycle-tls,1458,benign
id_calib:1409,id_calib,fit,benign,processed/iotsim-combined-cycle-tls-3.csv,iotsim-combined-cycle-tls,1459,benign
id_calib:1410,id_calib,fit,benign,processed/iotsim-combined-cycle-tls-3.csv,iotsim-combined-cycle-tls,1460,benign
id_calib:1411,id_calib,fit,benign,processed/iotsim-combined-cycle-tls-3.csv,iotsim-combined-cycle-tls,1461,benign
id_calib:1412,id_calib,fit,benign,processed/iotsim-combined-cycle-tls-3.csv,iotsim-combined-cycle-tls,1462,benign
id_calib:1413,id_calib,fit,benign,processed/iotsim-combined-cycle-tls-3.csv,iotsim-combined-cycle-tls,1463,benign
id_calib:1414,id_calib,fit,benign,processed/iotsim-combined-cycle-tls-3.csv,iotsim-combined-cycle-tls,1464,benign
id_calib:1415,id_calib,fit,benign,processed/iotsim-combined-cycle-tls-3.csv,iotsim-combined-cycle-tls,1465,benign
id_calib:1416,id_calib,fit,benign,processed/iotsim-combined-cycle-tls-3.csv,iotsim-combined-cycle-tls,1466,benign
id_calib:1417,id_calib,fit,benign,processed/iotsim-combined-cycle-tls-3.csv,iotsim-combined-cycle-tls,1467,benign
id_calib:1418,id_calib,fit,benign,processed/iotsim-combined-cycle-tls-3.csv,iotsim-combined-cycle-tls,1468,benign
id_calib:1419,id_calib,fit,benign,processed/iotsim-combined-cycle-tls-3.csv,iotsim-combined-cycle-tls,1469,benign
id_calib:1420,id_calib,fit,benign,processed/iotsim-combined-cycle-tls-3.csv,iotsim-combined-cycle-tls,1470,benign
id_calib:1421,id_calib,fit,benign,processed/iotsim-combined-cycle-tls-3.csv,iotsim-combined-cycle-tls,1471,benign
id_calib:1422,id_calib,fit,benign,processed/iotsim-combined-cycle-tls-3.csv,iotsim-combined-cycle-tls,1472,benign
id_calib:1423,id_calib,fit,benign,processed/iotsim-combined-cycle-tls-3.csv,iotsim-combined-cycle-tls,1473,benign
id_calib:1424,id_calib,fit,benign,processed/iotsim-combined-cycle-tls-3.csv,iotsim-combined-cycle-tls,1474,benign
id_calib:1425,id_calib,fit,benign,processed/iotsim-combined-cycle-tls-3.csv,iotsim-combined-cycle-tls,1475,benign
id_calib:1426,id_calib,fit,benign,processed/iotsim-combined-cycle-tls-3.csv,iotsim-combined-cycle-tls,1476,benign
id_calib:1427,id_calib,fit,benign,processed/iotsim-combined-cycle-tls-3.csv,iotsim-combined-cycle-tls,1477,benign
id_calib:1428,id_calib,fit,benign,processed/iotsim-combined-cycle-tls-3.csv,iotsim-combined-cycle-tls,1478,benign
id_calib:1429,id_calib,fit,benign,processed/iotsim-combined-cycle-tls-3.csv,iotsim-combined-cycle-tls,1479,benign
id_calib:1430,id_calib,fit,benign,processed/iotsim-combined-cycle-tls-3.csv,iotsim-combined-cycle-tls,1480,benign
id_calib:1431,id_calib,fit,benign,processed/iotsim-combined-cycle-tls-3.csv,iotsim-combined-cycle-tls,1481,benign
id_calib:1432,id_calib,fit,benign,processed/iotsim-combined-cycle-tls-3.csv,iotsim-combined-cycle-tls,1482,benign
id_calib:1433,id_calib,fit,benign,processed/iotsim-combined-cycle-tls-3.csv,iotsim-combined-cycle-tls,1483,benign
id_calib:1434,id_calib,fit,benign,processed/iotsim-combined-cycle-tls-3.csv,iotsim-combined-cycle-tls,1484,benign
id_calib:1435,id_calib,fit,benign,processed/iotsim-combined-cycle-tls-3.csv,iotsim-combined-cycle-tls,1485,benign
id_calib:1436,id_calib,fit,benign,processed/iotsim-combined-cycle-tls-3.csv,iotsim-combined-cycle-tls,1486,benign
id_calib:1437,id_calib,fit,benign,processed/iotsim-combined-cycle-tls-3.csv,iotsim-combined-cycle-tls,1487,benign
id_calib:1438,id_calib,fit,benign,processed/iotsim-combined-cycle-tls-3.csv,iotsim-combined-cycle-tls,1488,benign
id_calib:1439,id_calib,fit,benign,processed/iotsim-combined-cycle-tls-3.csv,iotsim-combined-cycle-tls,1489,benign
id_calib:1440,id_calib,fit,benign,processed/iotsim-combined-cycle-tls-3.csv,iotsim-combined-cycle-tls,1490,benign
id_calib:1441,id_calib,fit,benign,processed/iotsim-combined-cycle-tls-3.csv,iotsim-combined-cycle-tls,1491,benign
id_calib:1442,id_calib,fit,benign,processed/iotsim-combined-cycle-tls-3.csv,iotsim-combined-cycle-tls,1492,benign
id_calib:1443,id_calib,fit,benign,processed/iotsim-combined-cycle-tls-3.csv,iotsim-combined-cycle-tls,1493,benign
id_calib:1444,id_calib,fit,benign,processed/iotsim-combined-cycle-tls-3.csv,iotsim-combined-cycle-tls,1494,benign
id_calib:1445,id_calib,fit,benign,processed/iotsim-combined-cycle-tls-3.csv,iotsim-combined-cycle-tls,1495,benign
id_calib:1446,id_calib,fit,benign,processed/iotsim-combined-cycle-tls-3.csv,iotsim-combined-cycle-tls,1496,benign
id_calib:1447,id_calib,fit,benign,processed/iotsim-combined-cycle-tls-3.csv,iotsim-combined-cycle-tls,1497,benign
id_calib:1448,id_calib,fit,benign,processed/iotsim-combined-cycle-tls-3.csv,iotsim-combined-cycle-tls,1498,benign
id_calib:1449,id_calib,fit,benign,processed/iotsim-combined-cycle-tls-3.csv,iotsim-combined-cycle-tls,1499,benign
id_calib:1450,id_calib,fit,benign,processed/iotsim-combined-cycle-tls-3.csv,iotsim-combined-cycle-tls,1500,benign
id_calib:1451,id_calib,fit,benign,processed/iotsim-combined-cycle-tls-3.csv,iotsim-combined-cycle-tls,1501,benign
id_calib:1452,id_calib,fit,benign,processed/iotsim-combined-cycle-tls-3.csv,iotsim-combined-cycle-tls,1502,benign
id_calib:1453,id_calib,fit,benign,processed/iotsim-combined-cycle-tls-3.csv,iotsim-combined-cycle-tls,1503,benign
id_calib:1454,id_calib,fit,benign,processed/iotsim-combined-cycle-tls-3.csv,iotsim-combined-cycle-tls,1504,benign
id_calib:1455,id_calib,fit,benign,processed/iotsim-combined-cycle-tls-3.csv,iotsim-combined-cycle-tls,1505,benign
id_calib:1456,id_calib,fit,benign,processed/iotsim-combined-cycle-tls-3.csv,iotsim-combined-cycle-tls,1506,benign
id_calib:1457,id_calib,fit,benign,processed/iotsim-combined-cycle-tls-3.csv,iotsim-combined-cycle-tls,1507,benign
id_calib:1458,id_calib,fit,benign,processed/iotsim-combined-cycle-tls-3.csv,iotsim-combined-cycle-tls,1508,benign
id_calib:1459,id_calib,fit,benign,processed/iotsim-combined-cycle-tls-3.csv,iotsim-combined-cycle-tls,1509,benign
id_calib:1460,id_calib,fit,benign,processed/iotsim-combined-cycle-tls-3.csv,iotsim-combined-cycle-tls,1510,benign
id_calib:1461,id_calib,fit,benign,processed/iotsim-combined-cycle-tls-3.csv,iotsim-combined-cycle-tls,1511,benign
id_calib:1462,id_calib,fit,benign,processed/iotsim-combined-cycle-tls-3.csv,iotsim-combined-cycle-tls,1512,benign
id_calib:1463,id_calib,fit,benign,processed/iotsim-combined-cycle-tls-3.csv,iotsim-combined-cycle-tls,1513,benign
id_calib:1464,id_calib,fit,benign,processed/iotsim-combined-cycle-tls-3.csv,iotsim-combined-cycle-tls,1514,benign
id_calib:1465,id_calib,fit,benign,processed/iotsim-combined-cycle-tls-3.csv,iotsim-combined-cycle-tls,1515,benign
id_calib:1466,id_calib,fit,benign,processed/iotsim-combined-cycle-tls-3.csv,iotsim-combined-cycle-tls,1516,benign
id_calib:1467,id_calib,fit,benign,processed/iotsim-combined-cycle-tls-3.csv,iotsim-combined-cycle-tls,1517,benign
id_calib:1468,id_calib,fit,benign,processed/iotsim-combined-cycle-tls-3.csv,iotsim-combined-cycle-tls,1518,benign
id_calib:1469,id_calib,fit,benign,processed/iotsim-combined-cycle-tls-3.csv,iotsim-combined-cycle-tls,1519,benign
id_calib:1470,id_calib,fit,benign,processed/iotsim-combined-cycle-tls-3.csv,iotsim-combined-cycle-tls,1520,benign
id_calib:1471,id_calib,fit,benign,processed/iotsim-combined-cycle-tls-3.csv,iotsim-combined-cycle-tls,1521,benign
id_calib:1472,id_calib,fit,benign,processed/iotsim-combined-cycle-tls-3.csv,iotsim-combined-cycle-tls,1522,benign
id_calib:1473,id_calib,fit,benign,processed/iotsim-combined-cycle-tls-3.csv,iotsim-combined-cycle-tls,1523,benign
id_calib:1474,id_calib,fit,benign,processed/iotsim-combined-cycle-tls-3.csv,iotsim-combined-cycle-tls,1524,benign
id_calib:1475,id_calib,fit,benign,processed/iotsim-combined-cycle-tls-3.csv,iotsim-combined-cycle-tls,1525,benign
id_calib:1476,id_calib,fit,benign,processed/iotsim-combined-cycle-tls-3.csv,iotsim-combined-cycle-tls,1526,benign
id_calib:1477,id_calib,fit,benign,processed/iotsim-combined-cycle-tls-3.csv,iotsim-combined-cycle-tls,1527,benign
id_calib:1478,id_calib,fit,benign,processed/iotsim-combined-cycle-tls-3.csv,iotsim-combined-cycle-tls,1528,benign
id_calib:1479,id_calib,fit,benign,processed/iotsim-combined-cycle-tls-3.csv,iotsim-combined-cycle-tls,1529,benign
id_calib:1480,id_calib,fit,benign,processed/iotsim-combined-cycle-tls-3.csv,iotsim-combined-cycle-tls,1530,benign
id_calib:1481,id_calib,fit,benign,processed/iotsim-combined-cycle-tls-3.csv,iotsim-combined-cycle-tls,1531,benign
id_calib:1482,id_calib,fit,benign,processed/iotsim-combined-cycle-tls-3.csv,iotsim-combined-cycle-tls,1532,benign
id_calib:1483,id_calib,fit,benign,processed/iotsim-combined-cycle-tls-3.csv,iotsim-combined-cycle-tls,1533,benign
id_calib:1484,id_calib,fit,benign,processed/iotsim-combined-cycle-tls-3.csv,iotsim-combined-cycle-tls,1534,benign
id_calib:1485,id_calib,fit,benign,processed/iotsim-combined-cycle-tls-3.csv,iotsim-combined-cycle-tls,1535,benign
id_calib:1486,id_calib,fit,benign,processed/iotsim-combined-cycle-tls-3.csv,iotsim-combined-cycle-tls,1536,benign
id_calib:1487,id_calib,fit,benign,processed/iotsim-combined-cycle-tls-3.csv,iotsim-combined-cycle-tls,1537,benign
id_calib:1488,id_calib,fit,benign,processed/iotsim-combined-cycle-tls-3.csv,iotsim-combined-cycle-tls,1538,benign
id_calib:1489,id_calib,fit,benign,processed/iotsim-combined-cycle-tls-3.csv,iotsim-combined-cycle-tls,1539,benign
id_calib:1490,id_calib,fit,benign,processed/iotsim-combined-cycle-tls-3.csv,iotsim-combined-cycle-tls,1540,benign
id_calib:1491,id_calib,fit,benign,processed/iotsim-combined-cycle-tls-3.csv,iotsim-combined-cycle-tls,1541,benign
id_calib:1492,id_calib,fit,benign,processed/iotsim-combined-cycle-tls-3.csv,iotsim-combined-cycle-tls,1542,benign
id_calib:1493,id_calib,fit,benign,processed/iotsim-combined-cycle-tls-3.csv,iotsim-combined-cycle-tls,1543,benign
id_calib:1494,id_calib,fit,benign,processed/iotsim-combined-cycle-tls-3.csv,iotsim-combined-cycle-tls,1544,benign
id_calib:1495,id_calib,fit,benign,processed/iotsim-combined-cycle-tls-3.csv,iotsim-combined-cycle-tls,1545,benign
id_calib:1496,id_calib,fit,benign,processed/iotsim-combined-cycle-tls-3.csv,iotsim-combined-cycle-tls,1546,benign
id_calib:1497,id_calib,fit,benign,processed/iotsim-combined-cycle-tls-3.csv,iotsim-combined-cycle-tls,1547,benign
id_calib:1498,id_calib,fit,benign,processed/iotsim-combined-cycle-tls-3.csv,iotsim-combined-cycle-tls,1548,benign
id_calib:1499,id_calib,fit,benign,processed/iotsim-combined-cycle-tls-3.csv,iotsim-combined-cycle-tls,1549,benign
id_calib:1500,id_calib,fit,benign,processed/iotsim-combined-cycle-tls-3.csv,iotsim-combined-cycle-tls,1550,benign
id_calib:1501,id_calib,fit,benign,processed/iotsim-combined-cycle-tls-3.csv,iotsim-combined-cycle-tls,1551,benign
id_calib:1502,id_calib,fit,benign,processed/iotsim-combined-cycle-tls-3.csv,iotsim-combined-cycle-tls,1552,benign
id_calib:1503,id_calib,fit,benign,processed/iotsim-combined-cycle-tls-3.csv,iotsim-combined-cycle-tls,1553,benign
id_calib:1504,id_calib,fit,benign,processed/iotsim-combined-cycle-tls-3.csv,iotsim-combined-cycle-tls,1554,benign
id_calib:1505,id_calib,fit,benign,processed/iotsim-combined-cycle-tls-3.csv,iotsim-combined-cycle-tls,1555,benign
id_calib:1506,id_calib,fit,benign,processed/iotsim-combined-cycle-tls-3.csv,iotsim-combined-cycle-tls,1556,benign
id_calib:1507,id_calib,fit,benign,processed/iotsim-combined-cycle-tls-3.csv,iotsim-combined-cycle-tls,1557,benign
id_calib:1508,id_calib,fit,benign,processed/iotsim-combined-cycle-tls-3.csv,iotsim-combined-cycle-tls,1558,benign
id_calib:1509,id_calib,fit,benign,processed/iotsim-combined-cycle-tls-3.csv,iotsim-combined-cycle-tls,1559,benign
id_calib:1510,id_calib,fit,benign,processed/iotsim-combined-cycle-tls-3.csv,iotsim-combined-cycle-tls,1560,benign
id_calib:1511,id_calib,fit,benign,processed/iotsim-combined-cycle-tls-3.csv,iotsim-combined-cycle-tls,1561,benign
id_calib:1512,id_calib,fit,benign,processed/iotsim-combined-cycle-tls-3.csv,iotsim-combined-cycle-tls,1562,benign
id_calib:1513,id_calib,fit,benign,processed/iotsim-combined-cycle-tls-3.csv,iotsim-combined-cycle-tls,1563,benign
id_calib:1514,id_calib,fit,benign,processed/iotsim-combined-cycle-tls-3.csv,iotsim-combined-cycle-tls,1564,benign
id_calib:1515,id_calib,fit,benign,processed/iotsim-combined-cycle-tls-3.csv,iotsim-combined-cycle-tls,1565,benign
id_calib:1516,id_calib,fit,benign,processed/iotsim-combined-cycle-tls-3.csv,iotsim-combined-cycle-tls,1566,benign
id_calib:1517,id_calib,fit,benign,processed/iotsim-combined-cycle-tls-3.csv,iotsim-combined-cycle-tls,1567,benign
id_calib:1518,id_calib,fit,benign,processed/iotsim-combined-cycle-tls-3.csv,iotsim-combined-cycle-tls,1568,benign
id_calib:1519,id_calib,fit,benign,processed/iotsim-combined-cycle-tls-3.csv,iotsim-combined-cycle-tls,1569,benign
id_calib:1520,id_calib,fit,benign,processed/iotsim-combined-cycle-tls-3.csv,iotsim-combined-cycle-tls,1570,benign
id_calib:1521,id_calib,fit,benign,processed/iotsim-combined-cycle-tls-3.csv,iotsim-combined-cycle-tls,1571,benign
id_calib:1522,id_calib,fit,benign,processed/iotsim-combined-cycle-tls-3.csv,iotsim-combined-cycle-tls,1572,benign
id_calib:1523,id_calib,fit,benign,processed/iotsim-combined-cycle-tls-3.csv,iotsim-combined-cycle-tls,1573,benign
id_calib:1524,id_calib,fit,benign,processed/iotsim-combined-cycle-tls-3.csv,iotsim-combined-cycle-tls,1574,benign
id_calib:1525,id_calib,fit,benign,processed/iotsim-combined-cycle-tls-3.csv,iotsim-combined-cycle-tls,1575,benign
id_calib:1526,id_calib,fit,benign,processed/iotsim-combined-cycle-tls-3.csv,iotsim-combined-cycle-tls,1576,benign
id_calib:1527,id_calib,fit,benign,processed/iotsim-combined-cycle-tls-3.csv,iotsim-combined-cycle-tls,1577,benign
id_calib:1528,id_calib,fit,benign,processed/iotsim-combined-cycle-tls-3.csv,iotsim-combined-cycle-tls,1578,benign
id_calib:1529,id_calib,fit,benign,processed/iotsim-combined-cycle-tls-3.csv,iotsim-combined-cycle-tls,1579,benign
id_calib:1530,id_calib,fit,benign,processed/iotsim-combined-cycle-tls-3.csv,iotsim-combined-cycle-tls,1580,benign
id_calib:1531,id_calib,fit,benign,processed/iotsim-combined-cycle-tls-3.csv,iotsim-combined-cycle-tls,1581,benign
id_calib:1532,id_calib,fit,benign,processed/iotsim-combined-cycle-tls-3.csv,iotsim-combined-cycle-tls,1582,benign
id_calib:1533,id_calib,fit,benign,processed/iotsim-combined-cycle-tls-3.csv,iotsim-combined-cycle-tls,1583,benign
id_calib:1534,id_calib,fit,benign,processed/iotsim-combined-cycle-tls-3.csv,iotsim-combined-cycle-tls,1584,benign
id_calib:1535,id_calib,fit,benign,processed/iotsim-combined-cycle-tls-3.csv,iotsim-combined-cycle-tls,1585,benign
id_calib:1536,id_calib,fit,benign,processed/iotsim-combined-cycle-tls-3.csv,iotsim-combined-cycle-tls,1586,benign
id_calib:1537,id_calib,fit,benign,processed/iotsim-combined-cycle-tls-3.csv,iotsim-combined-cycle-tls,1587,benign
id_calib:1538,id_calib,fit,benign,processed/iotsim-combined-cycle-tls-3.csv,iotsim-combined-cycle-tls,1588,benign
id_calib:1539,id_calib,fit,benign,processed/iotsim-combined-cycle-tls-3.csv,iotsim-combined-cycle-tls,1589,benign
id_calib:1540,id_calib,fit,benign,processed/iotsim-combined-cycle-tls-3.csv,iotsim-combined-cycle-tls,1590,benign
id_calib:1541,id_calib,fit,benign,processed/iotsim-combined-cycle-tls-3.csv,iotsim-combined-cycle-tls,1591,benign
id_calib:1542,id_calib,fit,benign,processed/iotsim-combined-cycle-tls-3.csv,iotsim-combined-cycle-tls,1592,benign
id_calib:1543,id_calib,fit,benign,processed/iotsim-combined-cycle-tls-3.csv,iotsim-combined-cycle-tls,1593,benign
id_calib:1544,id_calib,fit,benign,processed/iotsim-combined-cycle-tls-3.csv,iotsim-combined-cycle-tls,1594,benign
id_calib:1545,id_calib,fit,benign,processed/iotsim-combined-cycle-tls-3.csv,iotsim-combined-cycle-tls,1595,benign
id_calib:1546,id_calib,fit,benign,processed/iotsim-combined-cycle-tls-3.csv,iotsim-combined-cycle-tls,1596,benign
id_calib:1547,id_calib,fit,benign,processed/iotsim-combined-cycle-tls-3.csv,iotsim-combined-cycle-tls,1597,benign
id_calib:1548,id_calib,fit,benign,processed/iotsim-combined-cycle-tls-3.csv,iotsim-combined-cycle-tls,1598,benign
id_calib:1549,id_calib,fit,benign,processed/iotsim-combined-cycle-tls-3.csv,iotsim-combined-cycle-tls,1599,benign
id_calib:1550,id_calib,fit,benign,processed/iotsim-combined-cycle-tls-3.csv,iotsim-combined-cycle-tls,1600,benign
id_calib:1551,id_calib,fit,benign,processed/iotsim-combined-cycle-tls-3.csv,iotsim-combined-cycle-tls,1601,benign
id_calib:1552,id_calib,fit,benign,processed/iotsim-combined-cycle-tls-3.csv,iotsim-combined-cycle-tls,1602,benign
id_calib:1553,id_calib,fit,benign,processed/iotsim-combined-cycle-tls-3.csv,iotsim-combined-cycle-tls,1603,benign
id_calib:1554,id_calib,fit,benign,processed/iotsim-combined-cycle-tls-3.csv,iotsim-combined-cycle-tls,1604,benign
id_calib:1555,id_calib,fit,benign,processed/iotsim-combined-cycle-tls-3.csv,iotsim-combined-cycle-tls,1605,benign
id_calib:1556,id_calib,fit,benign,processed/iotsim-combined-cycle-tls-3.csv,iotsim-combined-cycle-tls,1606,benign
id_calib:1557,id_calib,fit,benign,processed/iotsim-combined-cycle-tls-3.csv,iotsim-combined-cycle-tls,1607,benign
id_calib:1558,id_calib,fit,benign,processed/iotsim-combined-cycle-tls-3.csv,iotsim-combined-cycle-tls,1608,benign
id_calib:1559,id_calib,fit,benign,processed/iotsim-combined-cycle-tls-3.csv,iotsim-combined-cycle-tls,1609,benign
id_calib:1560,id_calib,fit,benign,processed/iotsim-combined-cycle-tls-3.csv,iotsim-combined-cycle-tls,1610,benign
id_calib:1561,id_calib,fit,benign,processed/iotsim-combined-cycle-tls-3.csv,iotsim-combined-cycle-tls,1611,benign
id_calib:1562,id_calib,fit,benign,processed/iotsim-combined-cycle-tls-3.csv,iotsim-combined-cycle-tls,1612,benign
id_calib:1563,id_calib,fit,benign,processed/iotsim-combined-cycle-tls-3.csv,iotsim-combined-cycle-tls,1613,benign
id_calib:1564,id_calib,fit,benign,processed/iotsim-combined-cycle-tls-3.csv,iotsim-combined-cycle-tls,1614,benign
id_calib:1565,id_calib,fit,benign,processed/iotsim-combined-cycle-tls-3.csv,iotsim-combined-cycle-tls,1615,benign
id_calib:1566,id_calib,fit,benign,processed/iotsim-combined-cycle-tls-3.csv,iotsim-combined-cycle-tls,1616,benign
id_calib:1567,id_calib,fit,benign,processed/iotsim-combined-cycle-tls-3.csv,iotsim-combined-cycle-tls,1617,benign
id_calib:1568,id_calib,fit,benign,processed/iotsim-combined-cycle-tls-3.csv,iotsim-combined-cycle-tls,1618,benign
id_calib:1569,id_calib,fit,benign,processed/iotsim-combined-cycle-tls-3.csv,iotsim-combined-cycle-tls,1619,benign
id_calib:1570,id_calib,fit,benign,processed/iotsim-combined-cycle-tls-3.csv,iotsim-combined-cycle-tls,1620,benign
id_calib:1571,id_calib,fit,benign,processed/iotsim-combined-cycle-tls-3.csv,iotsim-combined-cycle-tls,1621,benign
id_calib:1572,id_calib,fit,benign,processed/iotsim-combined-cycle-tls-3.csv,iotsim-combined-cycle-tls,1622,benign
id_calib:1573,id_calib,fit,benign,processed/iotsim-combined-cycle-tls-3.csv,iotsim-combined-cycle-tls,1623,benign
id_calib:1574,id_calib,fit,benign,processed/iotsim-combined-cycle-tls-3.csv,iotsim-combined-cycle-tls,1624,benign
id_calib:1575,id_calib,fit,benign,processed/iotsim-combined-cycle-tls-3.csv,iotsim-combined-cycle-tls,1625,benign
id_calib:1576,id_calib,fit,benign,processed/iotsim-combined-cycle-tls-3.csv,iotsim-combined-cycle-tls,1626,benign
id_calib:1577,id_calib,fit,benign,processed/iotsim-combined-cycle-tls-3.csv,iotsim-combined-cycle-tls,1627,benign
id_calib:1578,id_calib,fit,benign,processed/iotsim-combined-cycle-tls-3.csv,iotsim-combined-cycle-tls,1628,benign
id_calib:1579,id_calib,fit,benign,processed/iotsim-combined-cycle-tls-3.csv,iotsim-combined-cycle-tls,1629,benign
id_calib:1580,id_calib,fit,benign,processed/iotsim-combined-cycle-tls-3.csv,iotsim-combined-cycle-tls,1630,benign
id_calib:1581,id_calib,fit,benign,processed/iotsim-combined-cycle-tls-3.csv,iotsim-combined-cycle-tls,1631,benign
id_calib:1582,id_calib,fit,benign,processed/iotsim-combined-cycle-tls-3.csv,iotsim-combined-cycle-tls,1632,benign
id_calib:1583,id_calib,fit,benign,processed/iotsim-combined-cycle-tls-3.csv,iotsim-combined-cycle-tls,1633,benign
id_calib:1584,id_calib,fit,benign,processed/iotsim-combined-cycle-tls-3.csv,iotsim-combined-cycle-tls,1634,benign
id_calib:1585,id_calib,fit,benign,processed/iotsim-combined-cycle-tls-3.csv,iotsim-combined-cycle-tls,1635,benign
id_calib:1586,id_calib,fit,benign,processed/iotsim-combined-cycle-tls-3.csv,iotsim-combined-cycle-tls,1636,benign
id_calib:1587,id_calib,fit,benign,processed/iotsim-combined-cycle-tls-3.csv,iotsim-combined-cycle-tls,1637,benign
id_calib:1588,id_calib,fit,benign,processed/iotsim-combined-cycle-tls-3.csv,iotsim-combined-cycle-tls,1638,benign
id_calib:1589,id_calib,fit,benign,processed/iotsim-combined-cycle-tls-3.csv,iotsim-combined-cycle-tls,1639,benign
id_calib:1590,id_calib,fit,benign,processed/iotsim-combined-cycle-tls-3.csv,iotsim-combined-cycle-tls,1640,benign
id_calib:1591,id_calib,fit,benign,processed/iotsim-combined-cycle-tls-3.csv,iotsim-combined-cycle-tls,1641,benign
id_calib:1592,id_calib,fit,benign,processed/iotsim-combined-cycle-tls-3.csv,iotsim-combined-cycle-tls,1642,benign
id_calib:1593,id_calib,fit,benign,processed/iotsim-combined-cycle-tls-3.csv,iotsim-combined-cycle-tls,1643,benign
id_calib:1594,id_calib,fit,benign,processed/iotsim-combined-cycle-tls-3.csv,iotsim-combined-cycle-tls,1644,benign
id_calib:1595,id_calib,fit,benign,processed/iotsim-combined-cycle-tls-3.csv,iotsim-combined-cycle-tls,1645,benign
id_calib:1596,id_calib,fit,benign,processed/iotsim-combined-cycle-tls-3.csv,iotsim-combined-cycle-tls,1646,benign
id_calib:1597,id_calib,fit,benign,processed/iotsim-combined-cycle-tls-3.csv,iotsim-combined-cycle-tls,1647,benign
id_calib:1598,id_calib,fit,benign,processed/iotsim-combined-cycle-tls-3.csv,iotsim-combined-cycle-tls,1648,benign
id_calib:1599,id_calib,fit,benign,processed/iotsim-combined-cycle-tls-3.csv,iotsim-combined-cycle-tls,1649,benign
id_calib:1600,id_calib,fit,benign,processed/iotsim-combined-cycle-tls-3.csv,iotsim-combined-cycle-tls,1650,benign
id_calib:1601,id_calib,fit,benign,processed/iotsim-combined-cycle-tls-3.csv,iotsim-combined-cycle-tls,1651,benign
id_calib:1602,id_calib,fit,benign,processed/iotsim-combined-cycle-tls-3.csv,iotsim-combined-cycle-tls,1652,benign
id_calib:1603,id_calib,fit,benign,processed/iotsim-combined-cycle-tls-3.csv,iotsim-combined-cycle-tls,1653,benign
id_calib:1604,id_calib,fit,benign,processed/iotsim-combined-cycle-tls-3.csv,iotsim-combined-cycle-tls,1654,benign
id_calib:1605,id_calib,fit,benign,processed/iotsim-combined-cycle-tls-3.csv,iotsim-combined-cycle-tls,1655,benign
id_calib:1606,id_calib,fit,benign,processed/iotsim-combined-cycle-tls-3.csv,iotsim-combined-cycle-tls,1656,benign
id_calib:1607,id_calib,fit,benign,processed/iotsim-combined-cycle-tls-3.csv,iotsim-combined-cycle-tls,1657,benign
id_calib:1608,id_calib,fit,benign,processed/iotsim-combined-cycle-tls-3.csv,iotsim-combined-cycle-tls,1658,benign
id_calib:1609,id_calib,fit,benign,processed/iotsim-combined-cycle-tls-3.csv,iotsim-combined-cycle-tls,1659,benign
id_calib:1610,id_calib,fit,benign,processed/iotsim-combined-cycle-tls-3.csv,iotsim-combined-cycle-tls,1660,benign
id_calib:1611,id_calib,fit,benign,processed/iotsim-combined-cycle-tls-3.csv,iotsim-combined-cycle-tls,1661,benign
id_calib:1612,id_calib,fit,benign,processed/iotsim-combined-cycle-tls-3.csv,iotsim-combined-cycle-tls,1662,benign
id_calib:1613,id_calib,fit,benign,processed/iotsim-combined-cycle-tls-3.csv,iotsim-combined-cycle-tls,1663,benign
id_calib:1614,id_calib,fit,benign,processed/iotsim-combined-cycle-tls-3.csv,iotsim-combined-cycle-tls,1664,benign
id_calib:1615,id_calib,fit,benign,processed/iotsim-combined-cycle-tls-3.csv,iotsim-combined-cycle-tls,1665,benign
id_calib:1616,id_calib,fit,benign,processed/iotsim-combined-cycle-tls-3.csv,iotsim-combined-cycle-tls,1666,benign
id_calib:1617,id_calib,fit,benign,processed/iotsim-combined-cycle-tls-3.csv,iotsim-combined-cycle-tls,1667,benign
id_calib:1618,id_calib,fit,benign,processed/iotsim-combined-cycle-tls-3.csv,iotsim-combined-cycle-tls,1668,benign
id_calib:1619,id_calib,fit,benign,processed/iotsim-combined-cycle-tls-3.csv,iotsim-combined-cycle-tls,1669,benign
id_calib:1620,id_calib,fit,benign,processed/iotsim-combined-cycle-tls-3.csv,iotsim-combined-cycle-tls,1670,benign
id_calib:1621,id_calib,fit,benign,processed/iotsim-combined-cycle-tls-3.csv,iotsim-combined-cycle-tls,1671,benign
id_calib:1622,id_calib,fit,benign,processed/iotsim-combined-cycle-tls-3.csv,iotsim-combined-cycle-tls,1672,benign
id_calib:1623,id_calib,fit,benign,processed/iotsim-combined-cycle-tls-3.csv,iotsim-combined-cycle-tls,1673,benign
id_calib:1624,id_calib,fit,benign,processed/iotsim-combined-cycle-tls-3.csv,iotsim-combined-cycle-tls,1674,benign
id_calib:1625,id_calib,fit,benign,processed/iotsim-combined-cycle-tls-3.csv,iotsim-combined-cycle-tls,1675,benign
id_calib:1626,id_calib,fit,benign,processed/iotsim-combined-cycle-tls-3.csv,iotsim-combined-cycle-tls,1676,benign
id_calib:1627,id_calib,fit,benign,processed/iotsim-combined-cycle-tls-3.csv,iotsim-combined-cycle-tls,1677,benign
id_calib:1628,id_calib,fit,benign,processed/iotsim-combined-cycle-tls-3.csv,iotsim-combined-cycle-tls,1678,benign
id_calib:1629,id_calib,fit,benign,processed/iotsim-combined-cycle-tls-3.csv,iotsim-combined-cycle-tls,1679,benign
id_calib:1630,id_calib,fit,benign,processed/iotsim-combined-cycle-tls-3.csv,iotsim-combined-cycle-tls,1680,benign
id_calib:1631,id_calib,fit,benign,processed/iotsim-combined-cycle-tls-3.csv,iotsim-combined-cycle-tls,1681,benign
id_calib:1632,id_calib,fit,benign,processed/iotsim-combined-cycle-tls-3.csv,iotsim-combined-cycle-tls,1682,benign
id_calib:1633,id_calib,fit,benign,processed/iotsim-combined-cycle-tls-3.csv,iotsim-combined-cycle-tls,1683,benign
id_calib:1634,id_calib,fit,benign,processed/iotsim-combined-cycle-tls-3.csv,iotsim-combined-cycle-tls,1684,benign
id_calib:1635,id_calib,fit,benign,processed/iotsim-combined-cycle-tls-3.csv,iotsim-combined-cycle-tls,1685,benign
id_calib:1636,id_calib,fit,benign,processed/iotsim-combined-cycle-tls-3.csv,iotsim-combined-cycle-tls,1686,benign
id_calib:1637,id_calib,fit,benign,processed/iotsim-combined-cycle-tls-3.csv,iotsim-combined-cycle-tls,1687,benign
id_calib:1638,id_calib,fit,benign,processed/iotsim-combined-cycle-tls-3.csv,iotsim-combined-cycle-tls,1688,benign
id_calib:1639,id_calib,fit,benign,processed/iotsim-combined-cycle-tls-3.csv,iotsim-combined-cycle-tls,1689,benign
id_calib:1640,id_calib,fit,benign,processed/iotsim-combined-cycle-tls-3.csv,iotsim-combined-cycle-tls,1690,benign
id_calib:1641,id_calib,fit,benign,processed/iotsim-combined-cycle-tls-3.csv,iotsim-combined-cycle-tls,1691,benign
id_calib:1642,id_calib,fit,benign,processed/iotsim-combined-cycle-tls-3.csv,iotsim-combined-cycle-tls,1692,benign
id_calib:1643,id_calib,fit,benign,processed/iotsim-combined-cycle-tls-3.csv,iotsim-combined-cycle-tls,1693,benign
id_calib:1644,id_calib,fit,benign,processed/iotsim-combined-cycle-tls-3.csv,iotsim-combined-cycle-tls,1694,benign
id_calib:1645,id_calib,fit,benign,processed/iotsim-combined-cycle-tls-3.csv,iotsim-combined-cycle-tls,1695,benign
id_calib:1646,id_calib,fit,benign,processed/iotsim-combined-cycle-tls-3.csv,iotsim-combined-cycle-tls,1696,benign
id_calib:1647,id_calib,fit,benign,processed/iotsim-combined-cycle-tls-3.csv,iotsim-combined-cycle-tls,1697,benign
id_calib:1648,id_calib,fit,benign,processed/iotsim-combined-cycle-tls-3.csv,iotsim-combined-cycle-tls,1698,benign
id_calib:1649,id_calib,fit,benign,processed/iotsim-combined-cycle-tls-3.csv,iotsim-combined-cycle-tls,1699,benign
id_calib:1650,id_calib,fit,benign,processed/iotsim-combined-cycle-tls-3.csv,iotsim-combined-cycle-tls,1700,benign
id_calib:1651,id_calib,fit,benign,processed/iotsim-combined-cycle-tls-3.csv,iotsim-combined-cycle-tls,1701,benign
id_calib:1652,id_calib,fit,benign,processed/iotsim-combined-cycle-tls-3.csv,iotsim-combined-cycle-tls,1702,benign
id_calib:1653,id_calib,fit,benign,processed/iotsim-combined-cycle-tls-3.csv,iotsim-combined-cycle-tls,1703,benign
id_calib:1654,id_calib,fit,benign,processed/iotsim-combined-cycle-tls-3.csv,iotsim-combined-cycle-tls,1704,benign
id_calib:1655,id_calib,fit,benign,processed/iotsim-combined-cycle-tls-3.csv,iotsim-combined-cycle-tls,1705,benign
id_calib:1656,id_calib,fit,benign,processed/iotsim-combined-cycle-tls-3.csv,iotsim-combined-cycle-tls,1706,benign
id_calib:1657,id_calib,fit,benign,processed/iotsim-combined-cycle-tls-3.csv,iotsim-combined-cycle-tls,1707,benign
id_calib:1658,id_calib,fit,benign,processed/iotsim-combined-cycle-tls-3.csv,iotsim-combined-cycle-tls,1708,benign
id_calib:1659,id_calib,fit,benign,processed/iotsim-combined-cycle-tls-3.csv,iotsim-combined-cycle-tls,1709,benign
id_calib:1660,id_calib,fit,benign,processed/iotsim-combined-cycle-tls-3.csv,iotsim-combined-cycle-tls,1710,benign
id_calib:1661,id_calib,fit,benign,processed/iotsim-combined-cycle-tls-3.csv,iotsim-combined-cycle-tls,1711,benign
id_calib:1662,id_calib,fit,benign,processed/iotsim-combined-cycle-tls-3.csv,iotsim-combined-cycle-tls,1712,benign
id_calib:1663,id_calib,fit,benign,processed/iotsim-combined-cycle-tls-3.csv,iotsim-combined-cycle-tls,1713,benign
id_calib:1664,id_calib,fit,benign,processed/iotsim-combined-cycle-tls-3.csv,iotsim-combined-cycle-tls,1714,benign
id_calib:1665,id_calib,fit,benign,processed/iotsim-combined-cycle-tls-3.csv,iotsim-combined-cycle-tls,1715,benign
id_calib:1666,id_calib,fit,benign,processed/iotsim-combined-cycle-tls-3.csv,iotsim-combined-cycle-tls,1716,benign
id_calib:1667,id_calib,fit,benign,processed/iotsim-combined-cycle-tls-3.csv,iotsim-combined-cycle-tls,1717,benign
id_calib:1668,id_calib,fit,benign,processed/iotsim-combined-cycle-tls-3.csv,iotsim-combined-cycle-tls,1718,benign
id_calib:1669,id_calib,fit,benign,processed/iotsim-combined-cycle-tls-3.csv,iotsim-combined-cycle-tls,1719,benign
id_calib:1670,id_calib,fit,benign,processed/iotsim-combined-cycle-tls-3.csv,iotsim-combined-cycle-tls,1720,benign
id_calib:1671,id_calib,fit,benign,processed/iotsim-combined-cycle-tls-3.csv,iotsim-combined-cycle-tls,1721,benign
id_calib:1672,id_calib,fit,benign,processed/iotsim-combined-cycle-tls-3.csv,iotsim-combined-cycle-tls,1722,benign
id_calib:1673,id_calib,fit,benign,processed/iotsim-combined-cycle-tls-3.csv,iotsim-combined-cycle-tls,1723,benign
id_calib:1674,id_calib,fit,benign,processed/iotsim-combined-cycle-tls-3.csv,iotsim-combined-cycle-tls,1724,benign
id_calib:1675,id_calib,fit,benign,processed/iotsim-combined-cycle-tls-3.csv,iotsim-combined-cycle-tls,1725,benign
id_calib:1676,id_calib,fit,benign,processed/iotsim-combined-cycle-tls-3.csv,iotsim-combined-cycle-tls,1726,benign
id_calib:1677,id_calib,fit,benign,processed/iotsim-combined-cycle-tls-3.csv,iotsim-combined-cycle-tls,1727,benign
id_calib:1678,id_calib,fit,benign,processed/iotsim-combined-cycle-tls-3.csv,iotsim-combined-cycle-tls,1728,benign
id_calib:1679,id_calib,fit,benign,processed/iotsim-combined-cycle-tls-3.csv,iotsim-combined-cycle-tls,1729,benign
id_calib:1680,id_calib,fit,benign,processed/iotsim-combined-cycle-tls-3.csv,iotsim-combined-cycle-tls,1730,benign
id_calib:1681,id_calib,fit,benign,processed/iotsim-combined-cycle-tls-3.csv,iotsim-combined-cycle-tls,1731,benign
id_calib:1682,id_calib,fit,benign,processed/iotsim-combined-cycle-tls-3.csv,iotsim-combined-cycle-tls,1732,benign
id_calib:1683,id_calib,fit,benign,processed/iotsim-combined-cycle-tls-3.csv,iotsim-combined-cycle-tls,1733,benign
id_calib:1684,id_calib,fit,benign,processed/iotsim-combined-cycle-tls-3.csv,iotsim-combined-cycle-tls,1734,benign
id_calib:1685,id_calib,fit,benign,processed/iotsim-combined-cycle-tls-3.csv,iotsim-combined-cycle-tls,1735,benign
id_calib:1686,id_calib,fit,benign,processed/iotsim-combined-cycle-tls-3.csv,iotsim-combined-cycle-tls,1736,benign
id_calib:1687,id_calib,fit,benign,processed/iotsim-combined-cycle-tls-3.csv,iotsim-combined-cycle-tls,1737,benign
id_calib:1688,id_calib,fit,benign,processed/iotsim-combined-cycle-tls-3.csv,iotsim-combined-cycle-tls,1738,benign
id_calib:1689,id_calib,fit,benign,processed/iotsim-combined-cycle-tls-3.csv,iotsim-combined-cycle-tls,1739,benign
id_calib:1690,id_calib,fit,benign,processed/iotsim-combined-cycle-tls-3.csv,iotsim-combined-cycle-tls,1740,benign
id_calib:1691,id_calib,fit,benign,processed/iotsim-combined-cycle-tls-3.csv,iotsim-combined-cycle-tls,1741,benign
id_calib:1692,id_calib,fit,benign,processed/iotsim-combined-cycle-tls-3.csv,iotsim-combined-cycle-tls,1742,benign
id_calib:1693,id_calib,fit,benign,processed/iotsim-combined-cycle-tls-3.csv,iotsim-combined-cycle-tls,1743,benign
id_calib:1694,id_calib,fit,benign,processed/iotsim-combined-cycle-tls-3.csv,iotsim-combined-cycle-tls,1744,benign
id_calib:1695,id_calib,fit,benign,processed/iotsim-combined-cycle-tls-3.csv,iotsim-combined-cycle-tls,1745,benign
id_calib:1696,id_calib,fit,benign,processed/iotsim-combined-cycle-tls-3.csv,iotsim-combined-cycle-tls,1746,benign
id_calib:1697,id_calib,fit,benign,processed/iotsim-combined-cycle-tls-3.csv,iotsim-combined-cycle-tls,1747,benign
id_calib:1698,id_calib,fit,benign,processed/iotsim-combined-cycle-tls-3.csv,iotsim-combined-cycle-tls,1748,benign
id_calib:1699,id_calib,fit,benign,processed/iotsim-combined-cycle-tls-3.csv,iotsim-combined-cycle-tls,1749,benign
id_calib:1700,id_calib,fit,benign,processed/iotsim-combined-cycle-tls-3.csv,iotsim-combined-cycle-tls,1750,benign
id_calib:1701,id_calib,fit,benign,processed/iotsim-combined-cycle-tls-3.csv,iotsim-combined-cycle-tls,1751,benign
id_calib:1702,id_calib,fit,benign,processed/iotsim-combined-cycle-tls-3.csv,iotsim-combined-cycle-tls,1752,benign
id_calib:1703,id_calib,fit,benign,processed/iotsim-combined-cycle-tls-3.csv,iotsim-combined-cycle-tls,1753,benign
id_calib:1704,id_calib,fit,benign,processed/iotsim-combined-cycle-tls-3.csv,iotsim-combined-cycle-tls,1754,benign
id_calib:1705,id_calib,fit,benign,processed/iotsim-combined-cycle-tls-3.csv,iotsim-combined-cycle-tls,1755,benign
id_calib:1706,id_calib,fit,benign,processed/iotsim-combined-cycle-tls-3.csv,iotsim-combined-cycle-tls,1756,benign
id_calib:1707,id_calib,fit,benign,processed/iotsim-combined-cycle-tls-3.csv,iotsim-combined-cycle-tls,1757,benign
id_calib:1708,id_calib,fit,benign,processed/iotsim-combined-cycle-tls-3.csv,iotsim-combined-cycle-tls,1758,benign
id_calib:1709,id_calib,fit,benign,processed/iotsim-combined-cycle-tls-3.csv,iotsim-combined-cycle-tls,1759,benign
id_calib:1710,id_calib,fit,benign,processed/iotsim-combined-cycle-tls-3.csv,iotsim-combined-cycle-tls,1760,benign
id_calib:1711,id_calib,fit,benign,processed/iotsim-combined-cycle-tls-3.csv,iotsim-combined-cycle-tls,1761,benign
id_calib:1712,id_calib,fit,benign,processed/iotsim-combined-cycle-tls-3.csv,iotsim-combined-cycle-tls,1762,benign
id_calib:1713,id_calib,fit,benign,processed/iotsim-combined-cycle-tls-3.csv,iotsim-combined-cycle-tls,1763,benign
id_calib:1714,id_calib,fit,benign,processed/iotsim-combined-cycle-tls-3.csv,iotsim-combined-cycle-tls,1764,benign
id_calib:1715,id_calib,fit,benign,processed/iotsim-combined-cycle-tls-3.csv,iotsim-combined-cycle-tls,1765,benign
id_calib:1716,id_calib,fit,benign,processed/iotsim-combined-cycle-tls-3.csv,iotsim-combined-cycle-tls,1766,benign
id_calib:1717,id_calib,fit,benign,processed/iotsim-combined-cycle-tls-3.csv,iotsim-combined-cycle-tls,1767,benign
id_calib:1718,id_calib,fit,benign,processed/iotsim-combined-cycle-tls-3.csv,iotsim-combined-cycle-tls,1768,benign
id_calib:1719,id_calib,fit,benign,processed/iotsim-combined-cycle-tls-3.csv,iotsim-combined-cycle-tls,1769,benign
id_calib:1720,id_calib,fit,benign,processed/iotsim-combined-cycle-tls-3.csv,iotsim-combined-cycle-tls,1770,benign
id_calib:1721,id_calib,fit,benign,processed/iotsim-combined-cycle-tls-3.csv,iotsim-combined-cycle-tls,1771,benign
id_calib:1722,id_calib,fit,benign,processed/iotsim-combined-cycle-tls-3.csv,iotsim-combined-cycle-tls,1772,benign
id_calib:1723,id_calib,fit,benign,processed/iotsim-combined-cycle-tls-3.csv,iotsim-combined-cycle-tls,1773,benign
id_calib:1724,id_calib,fit,benign,processed/iotsim-combined-cycle-tls-3.csv,iotsim-combined-cycle-tls,1774,benign
id_calib:1725,id_calib,fit,benign,processed/iotsim-combined-cycle-tls-3.csv,iotsim-combined-cycle-tls,1775,benign
id_calib:1726,id_calib,fit,benign,processed/iotsim-combined-cycle-tls-3.csv,iotsim-combined-cycle-tls,1776,benign
id_calib:1727,id_calib,fit,benign,processed/iotsim-combined-cycle-tls-3.csv,iotsim-combined-cycle-tls,1777,benign
id_calib:1728,id_calib,fit,benign,processed/iotsim-combined-cycle-tls-3.csv,iotsim-combined-cycle-tls,1778,benign
id_calib:1729,id_calib,fit,benign,processed/iotsim-combined-cycle-tls-3.csv,iotsim-combined-cycle-tls,1779,benign
id_calib:1730,id_calib,fit,benign,processed/iotsim-combined-cycle-tls-3.csv,iotsim-combined-cycle-tls,1780,benign
id_calib:1731,id_calib,fit,benign,processed/iotsim-combined-cycle-tls-3.csv,iotsim-combined-cycle-tls,1781,benign
id_calib:1732,id_calib,fit,benign,processed/iotsim-combined-cycle-tls-3.csv,iotsim-combined-cycle-tls,1782,benign
id_calib:1733,id_calib,fit,benign,processed/iotsim-combined-cycle-tls-3.csv,iotsim-combined-cycle-tls,1783,benign
id_calib:1734,id_calib,fit,benign,processed/iotsim-combined-cycle-tls-3.csv,iotsim-combined-cycle-tls,1784,benign
id_calib:1735,id_calib,fit,benign,processed/iotsim-combined-cycle-tls-3.csv,iotsim-combined-cycle-tls,1785,benign
id_calib:1736,id_calib,fit,benign,processed/iotsim-combined-cycle-tls-3.csv,iotsim-combined-cycle-tls,1786,benign
id_calib:1737,id_calib,fit,benign,processed/iotsim-combined-cycle-tls-3.csv,iotsim-combined-cycle-tls,1787,benign
id_calib:1738,id_calib,fit,benign,processed/iotsim-combined-cycle-tls-3.csv,iotsim-combined-cycle-tls,1788,benign
id_calib:1739,id_calib,fit,benign,processed/iotsim-combined-cycle-tls-3.csv,iotsim-combined-cycle-tls,1789,benign
id_calib:1740,id_calib,fit,benign,processed/iotsim-combined-cycle-tls-3.csv,iotsim-combined-cycle-tls,1790,benign
id_calib:1741,id_calib,fit,benign,processed/iotsim-combined-cycle-tls-3.csv,iotsim-combined-cycle-tls,1791,benign
id_calib:1742,id_calib,fit,benign,processed/iotsim-combined-cycle-tls-3.csv,iotsim-combined-cycle-tls,1792,benign
id_calib:1743,id_calib,fit,benign,processed/iotsim-combined-cycle-tls-3.csv,iotsim-combined-cycle-tls,1793,benign
id_calib:1744,id_calib,fit,benign,processed/iotsim-combined-cycle-tls-3.csv,iotsim-combined-cycle-tls,1794,benign
id_calib:1745,id_calib,fit,benign,processed/iotsim-combined-cycle-tls-3.csv,iotsim-combined-cycle-tls,1795,benign
id_calib:1746,id_calib,fit,benign,processed/iotsim-combined-cycle-tls-3.csv,iotsim-combined-cycle-tls,1796,benign
id_calib:1747,id_calib,fit,benign,processed/iotsim-combined-cycle-tls-3.csv,iotsim-combined-cycle-tls,1797,benign
id_calib:1748,id_calib,fit,benign,processed/iotsim-combined-cycle-tls-3.csv,iotsim-combined-cycle-tls,1798,benign
id_calib:1749,id_calib,fit,benign,processed/iotsim-combined-cycle-tls-3.csv,iotsim-combined-cycle-tls,1799,benign
id_calib:1750,id_calib,fit,benign,processed/iotsim-combined-cycle-tls-3.csv,iotsim-combined-cycle-tls,1800,benign
id_calib:1751,id_calib,fit,benign,processed/iotsim-combined-cycle-tls-3.csv,iotsim-combined-cycle-tls,1801,benign
id_calib:1752,id_calib,fit,benign,processed/iotsim-combined-cycle-tls-3.csv,iotsim-combined-cycle-tls,1802,benign
id_calib:1753,id_calib,fit,benign,processed/iotsim-combined-cycle-tls-3.csv,iotsim-combined-cycle-tls,1803,benign
id_calib:1754,id_calib,fit,benign,processed/iotsim-combined-cycle-tls-3.csv,iotsim-combined-cycle-tls,1804,benign
id_calib:1755,id_calib,fit,benign,processed/iotsim-combined-cycle-tls-3.csv,iotsim-combined-cycle-tls,1805,benign
id_calib:1756,id_calib,fit,benign,processed/iotsim-combined-cycle-tls-3.csv,iotsim-combined-cycle-tls,1806,benign
id_calib:1757,id_calib,fit,benign,processed/iotsim-combined-cycle-tls-3.csv,iotsim-combined-cycle-tls,1807,benign
id_calib:1758,id_calib,fit,benign,processed/iotsim-combined-cycle-tls-3.csv,iotsim-combined-cycle-tls,1808,benign
id_calib:1759,id_calib,fit,benign,processed/iotsim-combined-cycle-tls-3.csv,iotsim-combined-cycle-tls,1809,benign
id_calib:1760,id_calib,fit,benign,processed/iotsim-combined-cycle-tls-3.csv,iotsim-combined-cycle-tls,1810,benign
id_calib:1761,id_calib,fit,benign,processed/iotsim-combined-cycle-tls-3.csv,iotsim-combined-cycle-tls,1811,benign
id_calib:1762,id_calib,fit,benign,processed/iotsim-combined-cycle-tls-3.csv,iotsim-combined-cycle-tls,1812,benign
id_calib:1763,id_calib,fit,benign,processed/iotsim-combined-cycle-tls-3.csv,iotsim-combined-cycle-tls,1813,benign
id_calib:1764,id_calib,fit,benign,processed/iotsim-combined-cycle-tls-3.csv,iotsim-combined-cycle-tls,1814,benign
id_calib:1765,id_calib,fit,benign,processed/iotsim-combined-cycle-tls-3.csv,iotsim-combined-cycle-tls,1815,benign
id_calib:1766,id_calib,fit,benign,processed/iotsim-combined-cycle-tls-3.csv,iotsim-combined-cycle-tls,1816,benign
id_calib:1767,id_calib,fit,benign,processed/iotsim-combined-cycle-tls-3.csv,iotsim-combined-cycle-tls,1817,benign
id_calib:1768,id_calib,fit,benign,processed/iotsim-combined-cycle-tls-3.csv,iotsim-combined-cycle-tls,1818,benign
id_calib:1769,id_calib,fit,benign,processed/iotsim-combined-cycle-tls-3.csv,iotsim-combined-cycle-tls,1819,benign
id_calib:1770,id_calib,fit,benign,processed/iotsim-combined-cycle-tls-3.csv,iotsim-combined-cycle-tls,1820,benign
id_calib:1771,id_calib,fit,benign,processed/iotsim-combined-cycle-tls-3.csv,iotsim-combined-cycle-tls,1821,benign
id_calib:1772,id_calib,fit,benign,processed/iotsim-combined-cycle-tls-3.csv,iotsim-combined-cycle-tls,1822,benign
id_calib:1773,id_calib,fit,benign,processed/iotsim-combined-cycle-tls-3.csv,iotsim-combined-cycle-tls,1823,benign
id_calib:1774,id_calib,fit,benign,processed/iotsim-combined-cycle-tls-3.csv,iotsim-combined-cycle-tls,1824,benign
id_calib:1775,id_calib,fit,benign,processed/iotsim-combined-cycle-tls-3.csv,iotsim-combined-cycle-tls,1825,benign
id_calib:1776,id_calib,fit,benign,processed/iotsim-combined-cycle-tls-3.csv,iotsim-combined-cycle-tls,1826,benign
id_calib:1777,id_calib,fit,benign,processed/iotsim-combined-cycle-tls-3.csv,iotsim-combined-cycle-tls,1827,benign
id_calib:1778,id_calib,fit,benign,processed/iotsim-combined-cycle-tls-3.csv,iotsim-combined-cycle-tls,1828,benign
id_calib:1779,id_calib,fit,benign,processed/iotsim-combined-cycle-tls-3.csv,iotsim-combined-cycle-tls,1829,benign
id_calib:1780,id_calib,fit,benign,processed/iotsim-combined-cycle-tls-3.csv,iotsim-combined-cycle-tls,1830,benign
id_calib:1781,id_calib,fit,benign,processed/iotsim-combined-cycle-tls-3.csv,iotsim-combined-cycle-tls,1831,benign
id_calib:1782,id_calib,fit,benign,processed/iotsim-combined-cycle-tls-3.csv,iotsim-combined-cycle-tls,1832,benign
id_calib:1783,id_calib,fit,benign,processed/iotsim-combined-cycle-tls-3.csv,iotsim-combined-cycle-tls,1833,benign
id_calib:1784,id_calib,fit,benign,processed/iotsim-combined-cycle-tls-3.csv,iotsim-combined-cycle-tls,1834,benign
id_calib:1785,id_calib,fit,benign,processed/iotsim-combined-cycle-tls-3.csv,iotsim-combined-cycle-tls,1835,benign
id_calib:1786,id_calib,fit,benign,processed/iotsim-combined-cycle-tls-3.csv,iotsim-combined-cycle-tls,1836,benign
id_calib:1787,id_calib,fit,benign,processed/iotsim-combined-cycle-tls-3.csv,iotsim-combined-cycle-tls,1837,benign
id_calib:1788,id_calib,fit,benign,processed/iotsim-combined-cycle-tls-3.csv,iotsim-combined-cycle-tls,1838,benign
id_calib:1789,id_calib,fit,benign,processed/iotsim-combined-cycle-tls-3.csv,iotsim-combined-cycle-tls,1839,benign
id_calib:1790,id_calib,fit,benign,processed/iotsim-combined-cycle-tls-3.csv,iotsim-combined-cycle-tls,1840,benign
id_calib:1791,id_calib,fit,benign,processed/iotsim-combined-cycle-tls-3.csv,iotsim-combined-cycle-tls,1841,benign
id_calib:1792,id_calib,fit,benign,processed/iotsim-combined-cycle-tls-3.csv,iotsim-combined-cycle-tls,1842,benign
id_calib:1793,id_calib,fit,benign,processed/iotsim-combined-cycle-tls-3.csv,iotsim-combined-cycle-tls,1843,benign
id_calib:1794,id_calib,fit,benign,processed/iotsim-combined-cycle-tls-3.csv,iotsim-combined-cycle-tls,1844,benign
id_calib:1795,id_calib,fit,benign,processed/iotsim-combined-cycle-tls-3.csv,iotsim-combined-cycle-tls,1845,benign
id_calib:1796,id_calib,fit,benign,processed/iotsim-combined-cycle-tls-3.csv,iotsim-combined-cycle-tls,1846,benign
id_calib:1797,id_calib,fit,benign,processed/iotsim-combined-cycle-tls-3.csv,iotsim-combined-cycle-tls,1847,benign
id_calib:1798,id_calib,fit,benign,processed/iotsim-combined-cycle-tls-3.csv,iotsim-combined-cycle-tls,1848,benign
id_calib:1799,id_calib,fit,benign,processed/iotsim-combined-cycle-tls-3.csv,iotsim-combined-cycle-tls,1849,benign
id_calib:1800,id_calib,fit,benign,processed/iotsim-combined-cycle-tls-3.csv,iotsim-combined-cycle-tls,1850,benign
id_calib:1801,id_calib,fit,benign,processed/iotsim-combined-cycle-tls-3.csv,iotsim-combined-cycle-tls,1851,benign
id_calib:1802,id_calib,fit,benign,processed/iotsim-combined-cycle-tls-3.csv,iotsim-combined-cycle-tls,1852,benign
id_calib:1803,id_calib,fit,benign,processed/iotsim-combined-cycle-tls-3.csv,iotsim-combined-cycle-tls,1853,benign
id_calib:1804,id_calib,fit,benign,processed/iotsim-combined-cycle-tls-3.csv,iotsim-combined-cycle-tls,1854,benign
id_calib:1805,id_calib,fit,benign,processed/iotsim-combined-cycle-tls-3.csv,iotsim-combined-cycle-tls,1855,benign
id_calib:1806,id_calib,fit,benign,processed/iotsim-combined-cycle-tls-3.csv,iotsim-combined-cycle-tls,1856,benign
id_calib:1807,id_calib,fit,benign,processed/iotsim-combined-cycle-tls-3.csv,iotsim-combined-cycle-tls,1857,benign
id_calib:1808,id_calib,fit,benign,processed/iotsim-combined-cycle-tls-3.csv,iotsim-combined-cycle-tls,1858,benign
id_calib:1809,id_calib,fit,benign,processed/iotsim-combined-cycle-tls-3.csv,iotsim-combined-cycle-tls,1859,benign
id_calib:1810,id_calib,fit,benign,processed/iotsim-combined-cycle-tls-3.csv,iotsim-combined-cycle-tls,1860,benign
id_calib:1811,id_calib,fit,benign,processed/iotsim-combined-cycle-tls-3.csv,iotsim-combined-cycle-tls,1861,benign
id_calib:1812,id_calib,fit,benign,processed/iotsim-combined-cycle-tls-3.csv,iotsim-combined-cycle-tls,1862,benign
id_calib:1813,id_calib,fit,benign,processed/iotsim-combined-cycle-tls-3.csv,iotsim-combined-cycle-tls,1863,benign
id_calib:1814,id_calib,fit,benign,processed/iotsim-combined-cycle-tls-3.csv,iotsim-combined-cycle-tls,1864,benign
id_calib:1815,id_calib,fit,benign,processed/iotsim-combined-cycle-tls-3.csv,iotsim-combined-cycle-tls,1865,benign
id_calib:1816,id_calib,fit,benign,processed/iotsim-combined-cycle-tls-3.csv,iotsim-combined-cycle-tls,1866,benign
id_calib:1817,id_calib,fit,benign,processed/iotsim-combined-cycle-tls-3.csv,iotsim-combined-cycle-tls,1867,benign
id_calib:1818,id_calib,fit,benign,processed/iotsim-combined-cycle-tls-3.csv,iotsim-combined-cycle-tls,1868,benign
id_calib:1819,id_calib,fit,benign,processed/iotsim-combined-cycle-tls-3.csv,iotsim-combined-cycle-tls,1869,benign
id_calib:1820,id_calib,fit,benign,processed/iotsim-combined-cycle-tls-3.csv,iotsim-combined-cycle-tls,1870,benign
id_calib:1821,id_calib,fit,benign,processed/iotsim-combined-cycle-tls-3.csv,iotsim-combined-cycle-tls,1871,benign
id_calib:1822,id_calib,fit,benign,processed/iotsim-combined-cycle-tls-3.csv,iotsim-combined-cycle-tls,1872,benign
id_calib:1823,id_calib,fit,benign,processed/iotsim-combined-cycle-tls-3.csv,iotsim-combined-cycle-tls,1873,benign
id_calib:1824,id_calib,fit,benign,processed/iotsim-combined-cycle-tls-3.csv,iotsim-combined-cycle-tls,1874,benign
id_calib:1825,id_calib,fit,benign,processed/iotsim-combined-cycle-tls-3.csv,iotsim-combined-cycle-tls,1875,benign
id_calib:1826,id_calib,fit,benign,processed/iotsim-combined-cycle-tls-3.csv,iotsim-combined-cycle-tls,1876,benign
id_calib:1827,id_calib,fit,benign,processed/iotsim-combined-cycle-tls-3.csv,iotsim-combined-cycle-tls,1877,benign
id_calib:1828,id_calib,fit,benign,processed/iotsim-combined-cycle-tls-3.csv,iotsim-combined-cycle-tls,1878,benign
id_calib:1829,id_calib,fit,benign,processed/iotsim-combined-cycle-tls-3.csv,iotsim-combined-cycle-tls,1879,benign
id_calib:1830,id_calib,fit,benign,processed/iotsim-combined-cycle-tls-3.csv,iotsim-combined-cycle-tls,1880,benign
id_calib:1831,id_calib,fit,benign,processed/iotsim-combined-cycle-tls-3.csv,iotsim-combined-cycle-tls,1881,benign
id_calib:1832,id_calib,fit,benign,processed/iotsim-combined-cycle-tls-3.csv,iotsim-combined-cycle-tls,1882,benign
id_calib:1833,id_calib,fit,benign,processed/iotsim-combined-cycle-tls-3.csv,iotsim-combined-cycle-tls,1883,benign
id_calib:1834,id_calib,fit,benign,processed/iotsim-combined-cycle-tls-3.csv,iotsim-combined-cycle-tls,1884,benign
id_calib:1835,id_calib,fit,benign,processed/iotsim-combined-cycle-tls-3.csv,iotsim-combined-cycle-tls,1885,benign
id_calib:1836,id_calib,fit,benign,processed/iotsim-combined-cycle-tls-3.csv,iotsim-combined-cycle-tls,1886,benign
id_calib:1837,id_calib,fit,benign,processed/iotsim-combined-cycle-tls-3.csv,iotsim-combined-cycle-tls,1887,benign
id_calib:1838,id_calib,fit,benign,processed/iotsim-combined-cycle-tls-3.csv,iotsim-combined-cycle-tls,1888,benign
id_calib:1839,id_calib,fit,benign,processed/iotsim-combined-cycle-tls-3.csv,iotsim-combined-cycle-tls,1889,benign
id_calib:1840,id_calib,fit,benign,processed/iotsim-combined-cycle-tls-3.csv,iotsim-combined-cycle-tls,1890,benign
id_calib:1841,id_calib,fit,benign,processed/iotsim-combined-cycle-tls-3.csv,iotsim-combined-cycle-tls,1891,benign
id_calib:1842,id_calib,fit,benign,processed/iotsim-combined-cycle-tls-3.csv,iotsim-combined-cycle-tls,1892,benign
id_calib:1843,id_calib,fit,benign,processed/iotsim-combined-cycle-tls-3.csv,iotsim-combined-cycle-tls,1893,benign
id_calib:1844,id_calib,fit,benign,processed/iotsim-combined-cycle-tls-3.csv,iotsim-combined-cycle-tls,1894,benign
id_calib:1845,id_calib,fit,benign,processed/iotsim-combined-cycle-tls-3.csv,iotsim-combined-cycle-tls,1895,benign
id_calib:1846,id_calib,fit,benign,processed/iotsim-combined-cycle-tls-3.csv,iotsim-combined-cycle-tls,1896,benign
id_calib:1847,id_calib,fit,benign,processed/iotsim-combined-cycle-tls-3.csv,iotsim-combined-cycle-tls,1897,benign
id_calib:1848,id_calib,fit,benign,processed/iotsim-combined-cycle-tls-3.csv,iotsim-combined-cycle-tls,1898,benign
id_calib:1849,id_calib,fit,benign,processed/iotsim-combined-cycle-tls-3.csv,iotsim-combined-cycle-tls,1899,benign
id_calib:1850,id_calib,fit,benign,processed/iotsim-combined-cycle-tls-3.csv,iotsim-combined-cycle-tls,1900,benign
id_calib:1851,id_calib,fit,benign,processed/iotsim-combined-cycle-tls-3.csv,iotsim-combined-cycle-tls,1901,benign
id_calib:1852,id_calib,fit,benign,processed/iotsim-combined-cycle-tls-3.csv,iotsim-combined-cycle-tls,1902,benign
id_calib:1853,id_calib,fit,benign,processed/iotsim-combined-cycle-tls-3.csv,iotsim-combined-cycle-tls,1903,benign
id_calib:1854,id_calib,fit,benign,processed/iotsim-combined-cycle-tls-3.csv,iotsim-combined-cycle-tls,1904,benign
id_calib:1855,id_calib,fit,benign,processed/iotsim-combined-cycle-tls-3.csv,iotsim-combined-cycle-tls,1905,benign
id_calib:1856,id_calib,fit,benign,processed/iotsim-combined-cycle-tls-3.csv,iotsim-combined-cycle-tls,1906,benign
id_calib:1857,id_calib,fit,benign,processed/iotsim-combined-cycle-tls-3.csv,iotsim-combined-cycle-tls,1907,benign
id_calib:1858,id_calib,fit,benign,processed/iotsim-combined-cycle-tls-3.csv,iotsim-combined-cycle-tls,1908,benign
id_calib:1859,id_calib,fit,benign,processed/iotsim-combined-cycle-tls-3.csv,iotsim-combined-cycle-tls,1909,benign
id_calib:1860,id_calib,fit,benign,processed/iotsim-combined-cycle-tls-3.csv,iotsim-combined-cycle-tls,1910,benign
id_calib:1861,id_calib,fit,benign,processed/iotsim-combined-cycle-tls-3.csv,iotsim-combined-cycle-tls,1911,benign
id_calib:1862,id_calib,fit,benign,processed/iotsim-combined-cycle-tls-3.csv,iotsim-combined-cycle-tls,1912,benign
id_calib:1863,id_calib,fit,benign,processed/iotsim-combined-cycle-tls-3.csv,iotsim-combined-cycle-tls,1913,benign
id_calib:1864,id_calib,fit,benign,processed/iotsim-combined-cycle-tls-3.csv,iotsim-combined-cycle-tls,1914,benign
id_calib:1865,id_calib,fit,benign,processed/iotsim-combined-cycle-tls-3.csv,iotsim-combined-cycle-tls,1915,benign
id_calib:1866,id_calib,fit,benign,processed/iotsim-combined-cycle-tls-3.csv,iotsim-combined-cycle-tls,1916,benign
id_calib:1867,id_calib,fit,benign,processed/iotsim-combined-cycle-tls-3.csv,iotsim-combined-cycle-tls,1917,benign
id_calib:1868,id_calib,fit,benign,processed/iotsim-combined-cycle-tls-3.csv,iotsim-combined-cycle-tls,1918,benign
id_calib:1869,id_calib,fit,benign,processed/iotsim-combined-cycle-tls-3.csv,iotsim-combined-cycle-tls,1919,benign
id_calib:1870,id_calib,fit,benign,processed/iotsim-combined-cycle-tls-3.csv,iotsim-combined-cycle-tls,1920,benign
id_calib:1871,id_calib,fit,benign,processed/iotsim-combined-cycle-tls-3.csv,iotsim-combined-cycle-tls,1921,benign
id_calib:1872,id_calib,fit,benign,processed/iotsim-combined-cycle-tls-3.csv,iotsim-combined-cycle-tls,1922,benign
id_calib:1873,id_calib,fit,benign,processed/iotsim-combined-cycle-tls-3.csv,iotsim-combined-cycle-tls,1923,benign
id_calib:1874,id_calib,fit,benign,processed/iotsim-combined-cycle-tls-3.csv,iotsim-combined-cycle-tls,1924,benign
id_calib:1875,id_calib,fit,benign,processed/iotsim-combined-cycle-tls-3.csv,iotsim-combined-cycle-tls,1925,benign
id_calib:1876,id_calib,fit,benign,processed/iotsim-combined-cycle-tls-3.csv,iotsim-combined-cycle-tls,1926,benign
id_calib:1877,id_calib,fit,benign,processed/iotsim-combined-cycle-tls-3.csv,iotsim-combined-cycle-tls,1927,benign
id_calib:1878,id_calib,fit,benign,processed/iotsim-combined-cycle-tls-3.csv,iotsim-combined-cycle-tls,1928,benign
id_calib:1879,id_calib,fit,benign,processed/iotsim-combined-cycle-tls-3.csv,iotsim-combined-cycle-tls,1929,benign
id_calib:1880,id_calib,fit,benign,processed/iotsim-combined-cycle-tls-3.csv,iotsim-combined-cycle-tls,1930,benign
id_calib:1881,id_calib,fit,benign,processed/iotsim-combined-cycle-tls-3.csv,iotsim-combined-cycle-tls,1931,benign
id_calib:1882,id_calib,fit,benign,processed/iotsim-combined-cycle-tls-3.csv,iotsim-combined-cycle-tls,1932,benign
id_calib:1883,id_calib,fit,benign,processed/iotsim-combined-cycle-tls-3.csv,iotsim-combined-cycle-tls,1933,benign
id_calib:1884,id_calib,fit,benign,processed/iotsim-combined-cycle-tls-3.csv,iotsim-combined-cycle-tls,1934,benign
id_calib:1885,id_calib,fit,benign,processed/iotsim-combined-cycle-tls-3.csv,iotsim-combined-cycle-tls,1935,benign
id_calib:1886,id_calib,fit,benign,processed/iotsim-combined-cycle-tls-3.csv,iotsim-combined-cycle-tls,1936,benign
id_calib:1887,id_calib,fit,benign,processed/iotsim-combined-cycle-tls-3.csv,iotsim-combined-cycle-tls,1937,benign
id_calib:1888,id_calib,fit,benign,processed/iotsim-combined-cycle-tls-3.csv,iotsim-combined-cycle-tls,1938,benign
id_calib:1889,id_calib,fit,benign,processed/iotsim-combined-cycle-tls-3.csv,iotsim-combined-cycle-tls,1939,benign
id_calib:1890,id_calib,fit,benign,processed/iotsim-combined-cycle-tls-3.csv,iotsim-combined-cycle-tls,1940,benign
id_calib:1891,id_calib,fit,benign,processed/iotsim-combined-cycle-tls-3.csv,iotsim-combined-cycle-tls,1941,benign
id_calib:1892,id_calib,fit,benign,processed/iotsim-combined-cycle-tls-3.csv,iotsim-combined-cycle-tls,1942,benign
id_calib:1893,id_calib,fit,benign,processed/iotsim-combined-cycle-tls-3.csv,iotsim-combined-cycle-tls,1943,benign
id_calib:1894,id_calib,fit,benign,processed/iotsim-combined-cycle-tls-4.csv,iotsim-combined-cycle-tls,50,benign
id_calib:1895,id_calib,fit,benign,processed/iotsim-combined-cycle-tls-4.csv,iotsim-combined-cycle-tls,51,benign
id_calib:1896,id_calib,fit,benign,processed/iotsim-combined-cycle-tls-4.csv,iotsim-combined-cycle-tls,52,benign
id_calib:1897,id_calib,fit,benign,processed/iotsim-combined-cycle-tls-4.csv,iotsim-combined-cycle-tls,53,benign
id_calib:1898,id_calib,fit,benign,processed/iotsim-combined-cycle-tls-4.csv,iotsim-combined-cycle-tls,54,benign
id_calib:1899,id_calib,fit,benign,processed/iotsim-combined-cycle-tls-4.csv,iotsim-combined-cycle-tls,55,benign
id_calib:1900,id_calib,fit,benign,processed/iotsim-combined-cycle-tls-4.csv,iotsim-combined-cycle-tls,56,benign
id_calib:1901,id_calib,fit,benign,processed/iotsim-combined-cycle-tls-4.csv,iotsim-combined-cycle-tls,57,benign
id_calib:1902,id_calib,fit,benign,processed/iotsim-combined-cycle-tls-4.csv,iotsim-combined-cycle-tls,58,benign
id_calib:1903,id_calib,fit,benign,processed/iotsim-combined-cycle-tls-4.csv,iotsim-combined-cycle-tls,59,benign
id_calib:1904,id_calib,fit,benign,processed/iotsim-combined-cycle-tls-4.csv,iotsim-combined-cycle-tls,60,benign
id_calib:1905,id_calib,fit,benign,processed/iotsim-combined-cycle-tls-4.csv,iotsim-combined-cycle-tls,61,benign
id_calib:1906,id_calib,fit,benign,processed/iotsim-combined-cycle-tls-4.csv,iotsim-combined-cycle-tls,62,benign
id_calib:1907,id_calib,fit,benign,processed/iotsim-combined-cycle-tls-4.csv,iotsim-combined-cycle-tls,63,benign
id_calib:1908,id_calib,fit,benign,processed/iotsim-combined-cycle-tls-4.csv,iotsim-combined-cycle-tls,64,benign
id_calib:1909,id_calib,fit,benign,processed/iotsim-combined-cycle-tls-4.csv,iotsim-combined-cycle-tls,65,benign
id_calib:1910,id_calib,fit,benign,processed/iotsim-combined-cycle-tls-4.csv,iotsim-combined-cycle-tls,66,benign
id_calib:1911,id_calib,fit,benign,processed/iotsim-combined-cycle-tls-4.csv,iotsim-combined-cycle-tls,67,benign
id_calib:1912,id_calib,fit,benign,processed/iotsim-combined-cycle-tls-4.csv,iotsim-combined-cycle-tls,68,benign
id_calib:1913,id_calib,fit,benign,processed/iotsim-combined-cycle-tls-4.csv,iotsim-combined-cycle-tls,69,benign
id_calib:1914,id_calib,fit,benign,processed/iotsim-combined-cycle-tls-4.csv,iotsim-combined-cycle-tls,70,benign
id_calib:1915,id_calib,fit,benign,processed/iotsim-combined-cycle-tls-4.csv,iotsim-combined-cycle-tls,71,benign
id_calib:1916,id_calib,fit,benign,processed/iotsim-combined-cycle-tls-4.csv,iotsim-combined-cycle-tls,72,benign
id_calib:1917,id_calib,fit,benign,processed/iotsim-combined-cycle-tls-4.csv,iotsim-combined-cycle-tls,73,benign
id_calib:1918,id_calib,fit,benign,processed/iotsim-combined-cycle-tls-4.csv,iotsim-combined-cycle-tls,74,benign
id_calib:1919,id_calib,fit,benign,processed/iotsim-combined-cycle-tls-4.csv,iotsim-combined-cycle-tls,75,benign
id_calib:1920,id_calib,fit,benign,processed/iotsim-combined-cycle-tls-4.csv,iotsim-combined-cycle-tls,76,benign
id_calib:1921,id_calib,fit,benign,processed/iotsim-combined-cycle-tls-4.csv,iotsim-combined-cycle-tls,77,benign
id_calib:1922,id_calib,fit,benign,processed/iotsim-combined-cycle-tls-4.csv,iotsim-combined-cycle-tls,78,benign
id_calib:1923,id_calib,fit,benign,processed/iotsim-combined-cycle-tls-4.csv,iotsim-combined-cycle-tls,79,benign
id_calib:1924,id_calib,fit,benign,processed/iotsim-combined-cycle-tls-4.csv,iotsim-combined-cycle-tls,80,benign
id_calib:1925,id_calib,fit,benign,processed/iotsim-combined-cycle-tls-4.csv,iotsim-combined-cycle-tls,81,benign
id_calib:1926,id_calib,fit,benign,processed/iotsim-combined-cycle-tls-4.csv,iotsim-combined-cycle-tls,82,benign
id_calib:1927,id_calib,fit,benign,processed/iotsim-combined-cycle-tls-4.csv,iotsim-combined-cycle-tls,83,benign
id_calib:1928,id_calib,fit,benign,processed/iotsim-combined-cycle-tls-4.csv,iotsim-combined-cycle-tls,84,benign
id_calib:1929,id_calib,fit,benign,processed/iotsim-combined-cycle-tls-4.csv,iotsim-combined-cycle-tls,85,benign
id_calib:1930,id_calib,fit,benign,processed/iotsim-combined-cycle-tls-4.csv,iotsim-combined-cycle-tls,86,benign
id_calib:1931,id_calib,fit,benign,processed/iotsim-combined-cycle-tls-4.csv,iotsim-combined-cycle-tls,87,benign
id_calib:1932,id_calib,fit,benign,processed/iotsim-combined-cycle-tls-4.csv,iotsim-combined-cycle-tls,88,benign
id_calib:1933,id_calib,fit,benign,processed/iotsim-combined-cycle-tls-4.csv,iotsim-combined-cycle-tls,89,benign
id_calib:1934,id_calib,fit,benign,processed/iotsim-combined-cycle-tls-4.csv,iotsim-combined-cycle-tls,90,benign
id_calib:1935,id_calib,fit,benign,processed/iotsim-combined-cycle-tls-4.csv,iotsim-combined-cycle-tls,91,benign
id_calib:1936,id_calib,fit,benign,processed/iotsim-combined-cycle-tls-4.csv,iotsim-combined-cycle-tls,92,benign
id_calib:1937,id_calib,fit,benign,processed/iotsim-combined-cycle-tls-4.csv,iotsim-combined-cycle-tls,93,benign
id_calib:1938,id_calib,fit,benign,processed/iotsim-combined-cycle-tls-4.csv,iotsim-combined-cycle-tls,94,benign
id_calib:1939,id_calib,fit,benign,processed/iotsim-combined-cycle-tls-4.csv,iotsim-combined-cycle-tls,95,benign
id_calib:1940,id_calib,fit,benign,processed/iotsim-combined-cycle-tls-4.csv,iotsim-combined-cycle-tls,96,benign
id_calib:1941,id_calib,fit,benign,processed/iotsim-combined-cycle-tls-4.csv,iotsim-combined-cycle-tls,97,benign
id_calib:1942,id_calib,fit,benign,processed/iotsim-combined-cycle-tls-4.csv,iotsim-combined-cycle-tls,98,benign
id_calib:1943,id_calib,fit,benign,processed/iotsim-combined-cycle-tls-4.csv,iotsim-combined-cycle-tls,99,benign
id_calib:1944,id_calib,fit,benign,processed/iotsim-combined-cycle-tls-4.csv,iotsim-combined-cycle-tls,100,benign
id_calib:1945,id_calib,fit,benign,processed/iotsim-combined-cycle-tls-4.csv,iotsim-combined-cycle-tls,101,benign
id_calib:1946,id_calib,fit,benign,processed/iotsim-combined-cycle-tls-4.csv,iotsim-combined-cycle-tls,102,benign
id_calib:1947,id_calib,fit,benign,processed/iotsim-combined-cycle-tls-4.csv,iotsim-combined-cycle-tls,103,benign
id_calib:1948,id_calib,fit,benign,processed/iotsim-combined-cycle-tls-4.csv,iotsim-combined-cycle-tls,104,benign
id_calib:1949,id_calib,fit,benign,processed/iotsim-combined-cycle-tls-4.csv,iotsim-combined-cycle-tls,105,benign
id_calib:1950,id_calib,fit,benign,processed/iotsim-combined-cycle-tls-4.csv,iotsim-combined-cycle-tls,106,benign
id_calib:1951,id_calib,fit,benign,processed/iotsim-combined-cycle-tls-4.csv,iotsim-combined-cycle-tls,107,benign
id_calib:1952,id_calib,fit,benign,processed/iotsim-combined-cycle-tls-4.csv,iotsim-combined-cycle-tls,108,benign
id_calib:1953,id_calib,fit,benign,processed/iotsim-combined-cycle-tls-4.csv,iotsim-combined-cycle-tls,109,benign
id_calib:1954,id_calib,fit,benign,processed/iotsim-combined-cycle-tls-4.csv,iotsim-combined-cycle-tls,110,benign
id_calib:1955,id_calib,fit,benign,processed/iotsim-combined-cycle-tls-4.csv,iotsim-combined-cycle-tls,111,benign
id_calib:1956,id_calib,fit,benign,processed/iotsim-combined-cycle-tls-4.csv,iotsim-combined-cycle-tls,112,benign
id_calib:1957,id_calib,fit,benign,processed/iotsim-combined-cycle-tls-4.csv,iotsim-combined-cycle-tls,113,benign
id_calib:1958,id_calib,fit,benign,processed/iotsim-combined-cycle-tls-4.csv,iotsim-combined-cycle-tls,114,benign
id_calib:1959,id_calib,fit,benign,processed/iotsim-combined-cycle-tls-4.csv,iotsim-combined-cycle-tls,115,benign
id_calib:1960,id_calib,fit,benign,processed/iotsim-combined-cycle-tls-4.csv,iotsim-combined-cycle-tls,116,benign
id_calib:1961,id_calib,fit,benign,processed/iotsim-combined-cycle-tls-4.csv,iotsim-combined-cycle-tls,117,benign
id_calib:1962,id_calib,fit,benign,processed/iotsim-combined-cycle-tls-4.csv,iotsim-combined-cycle-tls,118,benign
id_calib:1963,id_calib,fit,benign,processed/iotsim-combined-cycle-tls-4.csv,iotsim-combined-cycle-tls,119,benign
id_calib:1964,id_calib,fit,benign,processed/iotsim-combined-cycle-tls-4.csv,iotsim-combined-cycle-tls,120,benign
id_calib:1965,id_calib,fit,benign,processed/iotsim-combined-cycle-tls-4.csv,iotsim-combined-cycle-tls,121,benign
id_calib:1966,id_calib,fit,benign,processed/iotsim-combined-cycle-tls-4.csv,iotsim-combined-cycle-tls,122,benign
id_calib:1967,id_calib,fit,benign,processed/iotsim-combined-cycle-tls-4.csv,iotsim-combined-cycle-tls,123,benign
id_calib:1968,id_calib,fit,benign,processed/iotsim-combined-cycle-tls-4.csv,iotsim-combined-cycle-tls,124,benign
id_calib:1969,id_calib,fit,benign,processed/iotsim-combined-cycle-tls-4.csv,iotsim-combined-cycle-tls,125,benign
id_calib:1970,id_calib,fit,benign,processed/iotsim-combined-cycle-tls-4.csv,iotsim-combined-cycle-tls,126,benign
id_calib:1971,id_calib,fit,benign,processed/iotsim-combined-cycle-tls-4.csv,iotsim-combined-cycle-tls,127,benign
id_calib:1972,id_calib,fit,benign,processed/iotsim-combined-cycle-tls-4.csv,iotsim-combined-cycle-tls,128,benign
id_calib:1973,id_calib,fit,benign,processed/iotsim-combined-cycle-tls-4.csv,iotsim-combined-cycle-tls,129,benign
id_calib:1974,id_calib,fit,benign,processed/iotsim-combined-cycle-tls-4.csv,iotsim-combined-cycle-tls,130,benign
id_calib:1975,id_calib,fit,benign,processed/iotsim-combined-cycle-tls-4.csv,iotsim-combined-cycle-tls,131,benign
id_calib:1976,id_calib,fit,benign,processed/iotsim-combined-cycle-tls-4.csv,iotsim-combined-cycle-tls,132,benign
id_calib:1977,id_calib,fit,benign,processed/iotsim-combined-cycle-tls-4.csv,iotsim-combined-cycle-tls,133,benign
id_calib:1978,id_calib,fit,benign,processed/iotsim-combined-cycle-tls-4.csv,iotsim-combined-cycle-tls,134,benign
id_calib:1979,id_calib,fit,benign,processed/iotsim-combined-cycle-tls-4.csv,iotsim-combined-cycle-tls,135,benign
id_calib:1980,id_calib,fit,benign,processed/iotsim-combined-cycle-tls-4.csv,iotsim-combined-cycle-tls,136,benign
id_calib:1981,id_calib,fit,benign,processed/iotsim-combined-cycle-tls-4.csv,iotsim-combined-cycle-tls,137,benign
id_calib:1982,id_calib,fit,benign,processed/iotsim-combined-cycle-tls-4.csv,iotsim-combined-cycle-tls,138,benign
id_calib:1983,id_calib,fit,benign,processed/iotsim-combined-cycle-tls-4.csv,iotsim-combined-cycle-tls,139,benign
id_calib:1984,id_calib,fit,benign,processed/iotsim-combined-cycle-tls-4.csv,iotsim-combined-cycle-tls,140,benign
id_calib:1985,id_calib,fit,benign,processed/iotsim-combined-cycle-tls-4.csv,iotsim-combined-cycle-tls,141,benign
id_calib:1986,id_calib,fit,benign,processed/iotsim-combined-cycle-tls-4.csv,iotsim-combined-cycle-tls,142,benign
id_calib:1987,id_calib,fit,benign,processed/iotsim-combined-cycle-tls-4.csv,iotsim-combined-cycle-tls,143,benign
id_calib:1988,id_calib,fit,benign,processed/iotsim-combined-cycle-tls-4.csv,iotsim-combined-cycle-tls,144,benign
id_calib:1989,id_calib,fit,benign,processed/iotsim-combined-cycle-tls-4.csv,iotsim-combined-cycle-tls,145,benign
id_calib:1990,id_calib,fit,benign,processed/iotsim-combined-cycle-tls-4.csv,iotsim-combined-cycle-tls,146,benign
id_calib:1991,id_calib,fit,benign,processed/iotsim-combined-cycle-tls-4.csv,iotsim-combined-cycle-tls,147,benign
id_calib:1992,id_calib,fit,benign,processed/iotsim-combined-cycle-tls-4.csv,iotsim-combined-cycle-tls,148,benign
id_calib:1993,id_calib,fit,benign,processed/iotsim-combined-cycle-tls-4.csv,iotsim-combined-cycle-tls,149,benign
id_calib:1994,id_calib,fit,benign,processed/iotsim-combined-cycle-tls-4.csv,iotsim-combined-cycle-tls,150,benign
id_calib:1995,id_calib,fit,benign,processed/iotsim-combined-cycle-tls-4.csv,iotsim-combined-cycle-tls,151,benign
id_calib:1996,id_calib,fit,benign,processed/iotsim-combined-cycle-tls-4.csv,iotsim-combined-cycle-tls,152,benign
id_calib:1997,id_calib,fit,benign,processed/iotsim-combined-cycle-tls-4.csv,iotsim-combined-cycle-tls,153,benign
id_calib:1998,id_calib,fit,benign,processed/iotsim-combined-cycle-tls-4.csv,iotsim-combined-cycle-tls,154,benign
id_calib:1999,id_calib,fit,benign,processed/iotsim-combined-cycle-tls-4.csv,iotsim-combined-cycle-tls,155,benign
id_calib:2000,id_calib,fit,benign,processed/iotsim-combined-cycle-tls-4.csv,iotsim-combined-cycle-tls,156,benign
id_calib:2001,id_calib,fit,benign,processed/iotsim-combined-cycle-tls-4.csv,iotsim-combined-cycle-tls,157,benign
id_calib:2002,id_calib,fit,benign,processed/iotsim-combined-cycle-tls-4.csv,iotsim-combined-cycle-tls,158,benign
id_calib:2003,id_calib,fit,benign,processed/iotsim-combined-cycle-tls-4.csv,iotsim-combined-cycle-tls,159,benign
id_calib:2004,id_calib,fit,benign,processed/iotsim-combined-cycle-tls-4.csv,iotsim-combined-cycle-tls,160,benign
id_calib:2005,id_calib,fit,benign,processed/iotsim-combined-cycle-tls-4.csv,iotsim-combined-cycle-tls,161,benign
id_calib:2006,id_calib,fit,benign,processed/iotsim-combined-cycle-tls-4.csv,iotsim-combined-cycle-tls,162,benign
id_calib:2007,id_calib,fit,benign,processed/iotsim-combined-cycle-tls-4.csv,iotsim-combined-cycle-tls,163,benign
id_calib:2008,id_calib,fit,benign,processed/iotsim-combined-cycle-tls-4.csv,iotsim-combined-cycle-tls,164,benign
id_calib:2009,id_calib,fit,benign,processed/iotsim-combined-cycle-tls-4.csv,iotsim-combined-cycle-tls,165,benign
id_calib:2010,id_calib,fit,benign,processed/iotsim-combined-cycle-tls-4.csv,iotsim-combined-cycle-tls,166,benign
id_calib:2011,id_calib,fit,benign,processed/iotsim-combined-cycle-tls-4.csv,iotsim-combined-cycle-tls,167,benign
id_calib:2012,id_calib,fit,benign,processed/iotsim-combined-cycle-tls-4.csv,iotsim-combined-cycle-tls,168,benign
id_calib:2013,id_calib,fit,benign,processed/iotsim-combined-cycle-tls-4.csv,iotsim-combined-cycle-tls,169,benign
id_calib:2014,id_calib,fit,benign,processed/iotsim-combined-cycle-tls-4.csv,iotsim-combined-cycle-tls,170,benign
id_calib:2015,id_calib,fit,benign,processed/iotsim-combined-cycle-tls-4.csv,iotsim-combined-cycle-tls,171,benign
id_calib:2016,id_calib,fit,benign,processed/iotsim-combined-cycle-tls-4.csv,iotsim-combined-cycle-tls,172,benign
id_calib:2017,id_calib,fit,benign,processed/iotsim-combined-cycle-tls-4.csv,iotsim-combined-cycle-tls,173,benign
id_calib:2018,id_calib,fit,benign,processed/iotsim-combined-cycle-tls-4.csv,iotsim-combined-cycle-tls,174,benign
id_calib:2019,id_calib,fit,benign,processed/iotsim-combined-cycle-tls-4.csv,iotsim-combined-cycle-tls,175,benign
id_calib:2020,id_calib,fit,benign,processed/iotsim-combined-cycle-tls-4.csv,iotsim-combined-cycle-tls,176,benign
id_calib:2021,id_calib,fit,benign,processed/iotsim-combined-cycle-tls-4.csv,iotsim-combined-cycle-tls,177,benign
id_calib:2022,id_calib,fit,benign,processed/iotsim-combined-cycle-tls-4.csv,iotsim-combined-cycle-tls,178,benign
id_calib:2023,id_calib,fit,benign,processed/iotsim-combined-cycle-tls-4.csv,iotsim-combined-cycle-tls,179,benign
id_calib:2024,id_calib,fit,benign,processed/iotsim-combined-cycle-tls-4.csv,iotsim-combined-cycle-tls,180,benign
id_calib:2025,id_calib,fit,benign,processed/iotsim-combined-cycle-tls-4.csv,iotsim-combined-cycle-tls,181,benign
id_calib:2026,id_calib,fit,benign,processed/iotsim-combined-cycle-tls-4.csv,iotsim-combined-cycle-tls,182,benign
id_calib:2027,id_calib,fit,benign,processed/iotsim-combined-cycle-tls-4.csv,iotsim-combined-cycle-tls,183,benign
id_calib:2028,id_calib,fit,benign,processed/iotsim-combined-cycle-tls-4.csv,iotsim-combined-cycle-tls,184,benign
id_calib:2029,id_calib,fit,benign,processed/iotsim-combined-cycle-tls-4.csv,iotsim-combined-cycle-tls,185,benign
id_calib:2030,id_calib,fit,benign,processed/iotsim-combined-cycle-tls-4.csv,iotsim-combined-cycle-tls,186,benign
id_calib:2031,id_calib,fit,benign,processed/iotsim-combined-cycle-tls-4.csv,iotsim-combined-cycle-tls,187,benign
id_calib:2032,id_calib,fit,benign,processed/iotsim-combined-cycle-tls-4.csv,iotsim-combined-cycle-tls,188,benign
id_calib:2033,id_calib,fit,benign,processed/iotsim-combined-cycle-tls-4.csv,iotsim-combined-cycle-tls,189,benign
id_calib:2034,id_calib,fit,benign,processed/iotsim-combined-cycle-tls-4.csv,iotsim-combined-cycle-tls,190,benign
id_calib:2035,id_calib,fit,benign,processed/iotsim-combined-cycle-tls-4.csv,iotsim-combined-cycle-tls,191,benign
id_calib:2036,id_calib,fit,benign,processed/iotsim-combined-cycle-tls-4.csv,iotsim-combined-cycle-tls,192,benign
id_calib:2037,id_calib,fit,benign,processed/iotsim-combined-cycle-tls-4.csv,iotsim-combined-cycle-tls,193,benign
id_calib:2038,id_calib,fit,benign,processed/iotsim-combined-cycle-tls-4.csv,iotsim-combined-cycle-tls,194,benign
id_calib:2039,id_calib,fit,benign,processed/iotsim-combined-cycle-tls-4.csv,iotsim-combined-cycle-tls,195,benign
id_calib:2040,id_calib,fit,benign,processed/iotsim-combined-cycle-tls-4.csv,iotsim-combined-cycle-tls,196,benign
id_calib:2041,id_calib,fit,benign,processed/iotsim-combined-cycle-tls-4.csv,iotsim-combined-cycle-tls,197,benign
id_calib:2042,id_calib,fit,benign,processed/iotsim-combined-cycle-tls-4.csv,iotsim-combined-cycle-tls,198,benign
id_calib:2043,id_calib,fit,benign,processed/iotsim-combined-cycle-tls-4.csv,iotsim-combined-cycle-tls,199,benign
id_calib:2044,id_calib,fit,benign,processed/iotsim-combined-cycle-tls-4.csv,iotsim-combined-cycle-tls,200,benign
id_calib:2045,id_calib,fit,benign,processed/iotsim-combined-cycle-tls-4.csv,iotsim-combined-cycle-tls,201,benign
id_calib:2046,id_calib,fit,benign,processed/iotsim-combined-cycle-tls-4.csv,iotsim-combined-cycle-tls,202,benign
id_calib:2047,id_calib,fit,benign,processed/iotsim-combined-cycle-tls-4.csv,iotsim-combined-cycle-tls,203,benign
id_calib:2048,id_calib,fit,benign,processed/iotsim-combined-cycle-tls-4.csv,iotsim-combined-cycle-tls,204,benign
id_calib:2049,id_calib,fit,benign,processed/iotsim-combined-cycle-tls-4.csv,iotsim-combined-cycle-tls,205,benign
id_calib:2050,id_calib,fit,benign,processed/iotsim-combined-cycle-tls-4.csv,iotsim-combined-cycle-tls,206,benign
id_calib:2051,id_calib,fit,benign,processed/iotsim-combined-cycle-tls-4.csv,iotsim-combined-cycle-tls,207,benign
id_calib:2052,id_calib,fit,benign,processed/iotsim-combined-cycle-tls-4.csv,iotsim-combined-cycle-tls,208,benign
id_calib:2053,id_calib,fit,benign,processed/iotsim-combined-cycle-tls-4.csv,iotsim-combined-cycle-tls,209,benign
id_calib:2054,id_calib,fit,benign,processed/iotsim-combined-cycle-tls-4.csv,iotsim-combined-cycle-tls,210,benign
id_calib:2055,id_calib,fit,benign,processed/iotsim-combined-cycle-tls-4.csv,iotsim-combined-cycle-tls,211,benign
id_calib:2056,id_calib,fit,benign,processed/iotsim-combined-cycle-tls-4.csv,iotsim-combined-cycle-tls,212,benign
id_calib:2057,id_calib,fit,benign,processed/iotsim-combined-cycle-tls-4.csv,iotsim-combined-cycle-tls,213,benign
id_calib:2058,id_calib,fit,benign,processed/iotsim-combined-cycle-tls-4.csv,iotsim-combined-cycle-tls,214,benign
id_calib:2059,id_calib,fit,benign,processed/iotsim-combined-cycle-tls-4.csv,iotsim-combined-cycle-tls,215,benign
id_calib:2060,id_calib,fit,benign,processed/iotsim-combined-cycle-tls-4.csv,iotsim-combined-cycle-tls,216,benign
id_calib:2061,id_calib,fit,benign,processed/iotsim-combined-cycle-tls-4.csv,iotsim-combined-cycle-tls,217,benign
id_calib:2062,id_calib,fit,benign,processed/iotsim-combined-cycle-tls-4.csv,iotsim-combined-cycle-tls,218,benign
id_calib:2063,id_calib,fit,benign,processed/iotsim-combined-cycle-tls-4.csv,iotsim-combined-cycle-tls,219,benign
id_calib:2064,id_calib,fit,benign,processed/iotsim-combined-cycle-tls-4.csv,iotsim-combined-cycle-tls,220,benign
id_calib:2065,id_calib,fit,benign,processed/iotsim-combined-cycle-tls-4.csv,iotsim-combined-cycle-tls,221,benign
id_calib:2066,id_calib,fit,benign,processed/iotsim-combined-cycle-tls-4.csv,iotsim-combined-cycle-tls,222,benign
id_calib:2067,id_calib,fit,benign,processed/iotsim-combined-cycle-tls-4.csv,iotsim-combined-cycle-tls,223,benign
id_calib:2068,id_calib,fit,benign,processed/iotsim-combined-cycle-tls-4.csv,iotsim-combined-cycle-tls,224,benign
id_calib:2069,id_calib,fit,benign,processed/iotsim-combined-cycle-tls-4.csv,iotsim-combined-cycle-tls,225,benign
id_calib:2070,id_calib,fit,benign,processed/iotsim-combined-cycle-tls-4.csv,iotsim-combined-cycle-tls,226,benign
id_calib:2071,id_calib,fit,benign,processed/iotsim-combined-cycle-tls-4.csv,iotsim-combined-cycle-tls,227,benign
id_calib:2072,id_calib,fit,benign,processed/iotsim-combined-cycle-tls-4.csv,iotsim-combined-cycle-tls,228,benign
id_calib:2073,id_calib,fit,benign,processed/iotsim-combined-cycle-tls-4.csv,iotsim-combined-cycle-tls,229,benign
id_calib:2074,id_calib,fit,benign,processed/iotsim-combined-cycle-tls-4.csv,iotsim-combined-cycle-tls,230,benign
id_calib:2075,id_calib,fit,benign,processed/iotsim-combined-cycle-tls-4.csv,iotsim-combined-cycle-tls,231,benign
id_calib:2076,id_calib,fit,benign,processed/iotsim-combined-cycle-tls-4.csv,iotsim-combined-cycle-tls,232,benign
id_calib:2077,id_calib,fit,benign,processed/iotsim-combined-cycle-tls-4.csv,iotsim-combined-cycle-tls,233,benign
id_calib:2078,id_calib,fit,benign,processed/iotsim-combined-cycle-tls-4.csv,iotsim-combined-cycle-tls,234,benign
id_calib:2079,id_calib,fit,benign,processed/iotsim-combined-cycle-tls-4.csv,iotsim-combined-cycle-tls,235,benign
id_calib:2080,id_calib,fit,benign,processed/iotsim-combined-cycle-tls-4.csv,iotsim-combined-cycle-tls,236,benign
id_calib:2081,id_calib,fit,benign,processed/iotsim-combined-cycle-tls-4.csv,iotsim-combined-cycle-tls,237,benign
id_calib:2082,id_calib,fit,benign,processed/iotsim-combined-cycle-tls-4.csv,iotsim-combined-cycle-tls,238,benign
id_calib:2083,id_calib,fit,benign,processed/iotsim-combined-cycle-tls-4.csv,iotsim-combined-cycle-tls,239,benign
id_calib:2084,id_calib,fit,benign,processed/iotsim-combined-cycle-tls-4.csv,iotsim-combined-cycle-tls,240,benign
id_calib:2085,id_calib,fit,benign,processed/iotsim-combined-cycle-tls-4.csv,iotsim-combined-cycle-tls,241,benign
id_calib:2086,id_calib,fit,benign,processed/iotsim-combined-cycle-tls-4.csv,iotsim-combined-cycle-tls,242,benign
id_calib:2087,id_calib,fit,benign,processed/iotsim-combined-cycle-tls-4.csv,iotsim-combined-cycle-tls,243,benign
id_calib:2088,id_calib,fit,benign,processed/iotsim-combined-cycle-tls-4.csv,iotsim-combined-cycle-tls,244,benign
id_calib:2089,id_calib,fit,benign,processed/iotsim-combined-cycle-tls-4.csv,iotsim-combined-cycle-tls,245,benign
id_calib:2090,id_calib,fit,benign,processed/iotsim-combined-cycle-tls-4.csv,iotsim-combined-cycle-tls,246,benign
id_calib:2091,id_calib,fit,benign,processed/iotsim-combined-cycle-tls-4.csv,iotsim-combined-cycle-tls,247,benign
id_calib:2092,id_calib,fit,benign,processed/iotsim-combined-cycle-tls-4.csv,iotsim-combined-cycle-tls,248,benign
id_calib:2093,id_calib,fit,benign,processed/iotsim-combined-cycle-tls-4.csv,iotsim-combined-cycle-tls,249,benign
id_calib:2094,id_calib,fit,benign,processed/iotsim-combined-cycle-tls-4.csv,iotsim-combined-cycle-tls,250,benign
id_calib:2095,id_calib,fit,benign,processed/iotsim-combined-cycle-tls-4.csv,iotsim-combined-cycle-tls,251,benign
id_calib:2096,id_calib,fit,benign,processed/iotsim-combined-cycle-tls-4.csv,iotsim-combined-cycle-tls,252,benign
id_calib:2097,id_calib,fit,benign,processed/iotsim-combined-cycle-tls-4.csv,iotsim-combined-cycle-tls,253,benign
id_calib:2098,id_calib,fit,benign,processed/iotsim-combined-cycle-tls-4.csv,iotsim-combined-cycle-tls,254,benign
id_calib:2099,id_calib,fit,benign,processed/iotsim-combined-cycle-tls-4.csv,iotsim-combined-cycle-tls,255,benign
id_calib:2100,id_calib,fit,benign,processed/iotsim-combined-cycle-tls-4.csv,iotsim-combined-cycle-tls,256,benign
id_calib:2101,id_calib,fit,benign,processed/iotsim-combined-cycle-tls-4.csv,iotsim-combined-cycle-tls,257,benign
id_calib:2102,id_calib,fit,benign,processed/iotsim-combined-cycle-tls-4.csv,iotsim-combined-cycle-tls,258,benign
id_calib:2103,id_calib,fit,benign,processed/iotsim-combined-cycle-tls-4.csv,iotsim-combined-cycle-tls,259,benign
id_calib:2104,id_calib,fit,benign,processed/iotsim-combined-cycle-tls-4.csv,iotsim-combined-cycle-tls,260,benign
id_calib:2105,id_calib,fit,benign,processed/iotsim-combined-cycle-tls-4.csv,iotsim-combined-cycle-tls,261,benign
id_calib:2106,id_calib,fit,benign,processed/iotsim-combined-cycle-tls-4.csv,iotsim-combined-cycle-tls,262,benign
id_calib:2107,id_calib,fit,benign,processed/iotsim-combined-cycle-tls-4.csv,iotsim-combined-cycle-tls,263,benign
id_calib:2108,id_calib,fit,benign,processed/iotsim-combined-cycle-tls-4.csv,iotsim-combined-cycle-tls,264,benign
id_calib:2109,id_calib,fit,benign,processed/iotsim-combined-cycle-tls-4.csv,iotsim-combined-cycle-tls,265,benign
id_calib:2110,id_calib,fit,benign,processed/iotsim-combined-cycle-tls-4.csv,iotsim-combined-cycle-tls,266,benign
id_calib:2111,id_calib,fit,benign,processed/iotsim-combined-cycle-tls-4.csv,iotsim-combined-cycle-tls,267,benign
id_calib:2112,id_calib,fit,benign,processed/iotsim-combined-cycle-tls-4.csv,iotsim-combined-cycle-tls,268,benign
id_calib:2113,id_calib,fit,benign,processed/iotsim-combined-cycle-tls-4.csv,iotsim-combined-cycle-tls,269,benign
id_calib:2114,id_calib,fit,benign,processed/iotsim-combined-cycle-tls-4.csv,iotsim-combined-cycle-tls,270,benign
id_calib:2115,id_calib,fit,benign,processed/iotsim-combined-cycle-tls-4.csv,iotsim-combined-cycle-tls,271,benign
id_calib:2116,id_calib,fit,benign,processed/iotsim-combined-cycle-tls-4.csv,iotsim-combined-cycle-tls,272,benign
id_calib:2117,id_calib,fit,benign,processed/iotsim-combined-cycle-tls-4.csv,iotsim-combined-cycle-tls,273,benign
id_calib:2118,id_calib,fit,benign,processed/iotsim-combined-cycle-tls-4.csv,iotsim-combined-cycle-tls,274,benign
id_calib:2119,id_calib,fit,benign,processed/iotsim-combined-cycle-tls-4.csv,iotsim-combined-cycle-tls,275,benign
id_calib:2120,id_calib,fit,benign,processed/iotsim-combined-cycle-tls-4.csv,iotsim-combined-cycle-tls,276,benign
id_calib:2121,id_calib,fit,benign,processed/iotsim-combined-cycle-tls-4.csv,iotsim-combined-cycle-tls,277,benign
id_calib:2122,id_calib,fit,benign,processed/iotsim-combined-cycle-tls-4.csv,iotsim-combined-cycle-tls,278,benign
id_calib:2123,id_calib,fit,benign,processed/iotsim-combined-cycle-tls-4.csv,iotsim-combined-cycle-tls,279,benign
id_calib:2124,id_calib,fit,benign,processed/iotsim-combined-cycle-tls-4.csv,iotsim-combined-cycle-tls,280,benign
id_calib:2125,id_calib,fit,benign,processed/iotsim-combined-cycle-tls-4.csv,iotsim-combined-cycle-tls,281,benign
id_calib:2126,id_calib,fit,benign,processed/iotsim-combined-cycle-tls-4.csv,iotsim-combined-cycle-tls,282,benign
id_calib:2127,id_calib,fit,benign,processed/iotsim-combined-cycle-tls-4.csv,iotsim-combined-cycle-tls,283,benign
id_calib:2128,id_calib,fit,benign,processed/iotsim-combined-cycle-tls-4.csv,iotsim-combined-cycle-tls,284,benign
id_calib:2129,id_calib,fit,benign,processed/iotsim-combined-cycle-tls-4.csv,iotsim-combined-cycle-tls,285,benign
id_calib:2130,id_calib,fit,benign,processed/iotsim-combined-cycle-tls-4.csv,iotsim-combined-cycle-tls,286,benign
id_calib:2131,id_calib,fit,benign,processed/iotsim-combined-cycle-tls-4.csv,iotsim-combined-cycle-tls,287,benign
id_calib:2132,id_calib,fit,benign,processed/iotsim-combined-cycle-tls-4.csv,iotsim-combined-cycle-tls,288,benign
id_calib:2133,id_calib,fit,benign,processed/iotsim-combined-cycle-tls-4.csv,iotsim-combined-cycle-tls,289,benign
id_calib:2134,id_calib,fit,benign,processed/iotsim-combined-cycle-tls-4.csv,iotsim-combined-cycle-tls,290,benign
id_calib:2135,id_calib,fit,benign,processed/iotsim-combined-cycle-tls-4.csv,iotsim-combined-cycle-tls,291,benign
id_calib:2136,id_calib,fit,benign,processed/iotsim-combined-cycle-tls-4.csv,iotsim-combined-cycle-tls,292,benign
id_calib:2137,id_calib,fit,benign,processed/iotsim-combined-cycle-tls-4.csv,iotsim-combined-cycle-tls,293,benign
id_calib:2138,id_calib,fit,benign,processed/iotsim-combined-cycle-tls-4.csv,iotsim-combined-cycle-tls,294,benign
id_calib:2139,id_calib,fit,benign,processed/iotsim-combined-cycle-tls-4.csv,iotsim-combined-cycle-tls,295,benign
id_calib:2140,id_calib,fit,benign,processed/iotsim-combined-cycle-tls-4.csv,iotsim-combined-cycle-tls,296,benign
id_calib:2141,id_calib,fit,benign,processed/iotsim-combined-cycle-tls-4.csv,iotsim-combined-cycle-tls,297,benign
id_calib:2142,id_calib,fit,benign,processed/iotsim-combined-cycle-tls-4.csv,iotsim-combined-cycle-tls,298,benign
id_calib:2143,id_calib,fit,benign,processed/iotsim-combined-cycle-tls-4.csv,iotsim-combined-cycle-tls,299,benign
id_calib:2144,id_calib,fit,benign,processed/iotsim-combined-cycle-tls-4.csv,iotsim-combined-cycle-tls,300,benign
id_calib:2145,id_calib,fit,benign,processed/iotsim-combined-cycle-tls-4.csv,iotsim-combined-cycle-tls,301,benign
id_calib:2146,id_calib,fit,benign,processed/iotsim-combined-cycle-tls-4.csv,iotsim-combined-cycle-tls,302,benign
id_calib:2147,id_calib,fit,benign,processed/iotsim-combined-cycle-tls-4.csv,iotsim-combined-cycle-tls,303,benign
id_calib:2148,id_calib,fit,benign,processed/iotsim-combined-cycle-tls-4.csv,iotsim-combined-cycle-tls,304,benign
id_calib:2149,id_calib,fit,benign,processed/iotsim-combined-cycle-tls-4.csv,iotsim-combined-cycle-tls,305,benign
id_calib:2150,id_calib,fit,benign,processed/iotsim-combined-cycle-tls-4.csv,iotsim-combined-cycle-tls,306,benign
id_calib:2151,id_calib,fit,benign,processed/iotsim-combined-cycle-tls-4.csv,iotsim-combined-cycle-tls,307,benign
id_calib:2152,id_calib,fit,benign,processed/iotsim-combined-cycle-tls-4.csv,iotsim-combined-cycle-tls,308,benign
id_calib:2153,id_calib,fit,benign,processed/iotsim-combined-cycle-tls-4.csv,iotsim-combined-cycle-tls,309,benign
id_calib:2154,id_calib,fit,benign,processed/iotsim-combined-cycle-tls-4.csv,iotsim-combined-cycle-tls,310,benign
id_calib:2155,id_calib,fit,benign,processed/iotsim-combined-cycle-tls-4.csv,iotsim-combined-cycle-tls,311,benign
id_calib:2156,id_calib,fit,benign,processed/iotsim-combined-cycle-tls-4.csv,iotsim-combined-cycle-tls,312,benign
id_calib:2157,id_calib,fit,benign,processed/iotsim-combined-cycle-tls-4.csv,iotsim-combined-cycle-tls,313,benign
id_calib:2158,id_calib,fit,benign,processed/iotsim-combined-cycle-tls-4.csv,iotsim-combined-cycle-tls,314,benign
id_calib:2159,id_calib,fit,benign,processed/iotsim-combined-cycle-tls-4.csv,iotsim-combined-cycle-tls,315,benign
id_calib:2160,id_calib,fit,benign,processed/iotsim-combined-cycle-tls-4.csv,iotsim-combined-cycle-tls,316,benign
id_calib:2161,id_calib,fit,benign,processed/iotsim-combined-cycle-tls-4.csv,iotsim-combined-cycle-tls,317,benign
id_calib:2162,id_calib,fit,benign,processed/iotsim-combined-cycle-tls-4.csv,iotsim-combined-cycle-tls,318,benign
id_calib:2163,id_calib,fit,benign,processed/iotsim-combined-cycle-tls-4.csv,iotsim-combined-cycle-tls,319,benign
id_calib:2164,id_calib,fit,benign,processed/iotsim-combined-cycle-tls-4.csv,iotsim-combined-cycle-tls,320,benign
id_calib:2165,id_calib,fit,benign,processed/iotsim-combined-cycle-tls-4.csv,iotsim-combined-cycle-tls,321,benign
id_calib:2166,id_calib,fit,benign,processed/iotsim-combined-cycle-tls-4.csv,iotsim-combined-cycle-tls,322,benign
id_calib:2167,id_calib,fit,benign,processed/iotsim-combined-cycle-tls-4.csv,iotsim-combined-cycle-tls,323,benign
id_calib:2168,id_calib,fit,benign,processed/iotsim-combined-cycle-tls-4.csv,iotsim-combined-cycle-tls,324,benign
id_calib:2169,id_calib,fit,benign,processed/iotsim-combined-cycle-tls-4.csv,iotsim-combined-cycle-tls,325,benign
id_calib:2170,id_calib,fit,benign,processed/iotsim-combined-cycle-tls-4.csv,iotsim-combined-cycle-tls,326,benign
id_calib:2171,id_calib,fit,benign,processed/iotsim-combined-cycle-tls-4.csv,iotsim-combined-cycle-tls,327,benign
id_calib:2172,id_calib,fit,benign,processed/iotsim-combined-cycle-tls-4.csv,iotsim-combined-cycle-tls,328,benign
id_calib:2173,id_calib,fit,benign,processed/iotsim-combined-cycle-tls-4.csv,iotsim-combined-cycle-tls,329,benign
id_calib:2174,id_calib,fit,benign,processed/iotsim-combined-cycle-tls-4.csv,iotsim-combined-cycle-tls,330,benign
id_calib:2175,id_calib,fit,benign,processed/iotsim-combined-cycle-tls-4.csv,iotsim-combined-cycle-tls,331,benign
id_calib:2176,id_calib,fit,benign,processed/iotsim-combined-cycle-tls-4.csv,iotsim-combined-cycle-tls,332,benign
id_calib:2177,id_calib,fit,benign,processed/iotsim-combined-cycle-tls-4.csv,iotsim-combined-cycle-tls,333,benign
id_calib:2178,id_calib,fit,benign,processed/iotsim-combined-cycle-tls-4.csv,iotsim-combined-cycle-tls,334,benign
id_calib:2179,id_calib,fit,benign,processed/iotsim-combined-cycle-tls-4.csv,iotsim-combined-cycle-tls,335,benign
id_calib:2180,id_calib,fit,benign,processed/iotsim-combined-cycle-tls-4.csv,iotsim-combined-cycle-tls,336,benign
id_calib:2181,id_calib,fit,benign,processed/iotsim-combined-cycle-tls-4.csv,iotsim-combined-cycle-tls,337,benign
id_calib:2182,id_calib,fit,benign,processed/iotsim-combined-cycle-tls-4.csv,iotsim-combined-cycle-tls,338,benign
id_calib:2183,id_calib,fit,benign,processed/iotsim-combined-cycle-tls-4.csv,iotsim-combined-cycle-tls,339,benign
id_calib:2184,id_calib,fit,benign,processed/iotsim-combined-cycle-tls-4.csv,iotsim-combined-cycle-tls,340,benign
id_calib:2185,id_calib,fit,benign,processed/iotsim-combined-cycle-tls-4.csv,iotsim-combined-cycle-tls,341,benign
id_calib:2186,id_calib,fit,benign,processed/iotsim-combined-cycle-tls-4.csv,iotsim-combined-cycle-tls,342,benign
id_calib:2187,id_calib,fit,benign,processed/iotsim-combined-cycle-tls-4.csv,iotsim-combined-cycle-tls,343,benign
id_calib:2188,id_calib,fit,benign,processed/iotsim-combined-cycle-tls-4.csv,iotsim-combined-cycle-tls,344,benign
id_calib:2189,id_calib,fit,benign,processed/iotsim-combined-cycle-tls-4.csv,iotsim-combined-cycle-tls,345,benign
id_calib:2190,id_calib,fit,benign,processed/iotsim-combined-cycle-tls-4.csv,iotsim-combined-cycle-tls,346,benign
id_calib:2191,id_calib,fit,benign,processed/iotsim-combined-cycle-tls-4.csv,iotsim-combined-cycle-tls,347,benign
id_calib:2192,id_calib,fit,benign,processed/iotsim-combined-cycle-tls-4.csv,iotsim-combined-cycle-tls,348,benign
id_calib:2193,id_calib,fit,benign,processed/iotsim-combined-cycle-tls-4.csv,iotsim-combined-cycle-tls,349,benign
id_calib:2194,id_calib,fit,benign,processed/iotsim-combined-cycle-tls-4.csv,iotsim-combined-cycle-tls,350,benign
id_calib:2195,id_calib,fit,benign,processed/iotsim-combined-cycle-tls-4.csv,iotsim-combined-cycle-tls,351,benign
id_calib:2196,id_calib,fit,benign,processed/iotsim-combined-cycle-tls-4.csv,iotsim-combined-cycle-tls,352,benign
id_calib:2197,id_calib,fit,benign,processed/iotsim-combined-cycle-tls-4.csv,iotsim-combined-cycle-tls,353,benign
id_calib:2198,id_calib,fit,benign,processed/iotsim-combined-cycle-tls-4.csv,iotsim-combined-cycle-tls,354,benign
id_calib:2199,id_calib,fit,benign,processed/iotsim-combined-cycle-tls-4.csv,iotsim-combined-cycle-tls,355,benign
id_calib:2200,id_calib,fit,benign,processed/iotsim-combined-cycle-tls-4.csv,iotsim-combined-cycle-tls,356,benign
id_calib:2201,id_calib,fit,benign,processed/iotsim-combined-cycle-tls-4.csv,iotsim-combined-cycle-tls,357,benign
id_calib:2202,id_calib,fit,benign,processed/iotsim-combined-cycle-tls-4.csv,iotsim-combined-cycle-tls,358,benign
id_calib:2203,id_calib,fit,benign,processed/iotsim-combined-cycle-tls-4.csv,iotsim-combined-cycle-tls,359,benign
id_calib:2204,id_calib,fit,benign,processed/iotsim-combined-cycle-tls-4.csv,iotsim-combined-cycle-tls,360,benign
id_calib:2205,id_calib,fit,benign,processed/iotsim-combined-cycle-tls-4.csv,iotsim-combined-cycle-tls,361,benign
id_calib:2206,id_calib,fit,benign,processed/iotsim-combined-cycle-tls-4.csv,iotsim-combined-cycle-tls,362,benign
id_calib:2207,id_calib,fit,benign,processed/iotsim-combined-cycle-tls-4.csv,iotsim-combined-cycle-tls,363,benign
id_calib:2208,id_calib,fit,benign,processed/iotsim-combined-cycle-tls-4.csv,iotsim-combined-cycle-tls,364,benign
id_calib:2209,id_calib,fit,benign,processed/iotsim-combined-cycle-tls-4.csv,iotsim-combined-cycle-tls,365,benign
id_calib:2210,id_calib,fit,benign,processed/iotsim-combined-cycle-tls-4.csv,iotsim-combined-cycle-tls,366,benign
id_calib:2211,id_calib,fit,benign,processed/iotsim-combined-cycle-tls-4.csv,iotsim-combined-cycle-tls,367,benign
id_calib:2212,id_calib,fit,benign,processed/iotsim-combined-cycle-tls-4.csv,iotsim-combined-cycle-tls,368,benign
id_calib:2213,id_calib,fit,benign,processed/iotsim-combined-cycle-tls-4.csv,iotsim-combined-cycle-tls,369,benign
id_calib:2214,id_calib,fit,benign,processed/iotsim-combined-cycle-tls-4.csv,iotsim-combined-cycle-tls,370,benign
id_calib:2215,id_calib,fit,benign,processed/iotsim-combined-cycle-tls-4.csv,iotsim-combined-cycle-tls,371,benign
id_calib:2216,id_calib,fit,benign,processed/iotsim-combined-cycle-tls-4.csv,iotsim-combined-cycle-tls,372,benign
id_calib:2217,id_calib,fit,benign,processed/iotsim-combined-cycle-tls-4.csv,iotsim-combined-cycle-tls,373,benign
id_calib:2218,id_calib,fit,benign,processed/iotsim-combined-cycle-tls-4.csv,iotsim-combined-cycle-tls,374,benign
id_calib:2219,id_calib,fit,benign,processed/iotsim-combined-cycle-tls-4.csv,iotsim-combined-cycle-tls,375,benign
id_calib:2220,id_calib,fit,benign,processed/iotsim-combined-cycle-tls-4.csv,iotsim-combined-cycle-tls,376,benign
id_calib:2221,id_calib,fit,benign,processed/iotsim-combined-cycle-tls-4.csv,iotsim-combined-cycle-tls,377,benign
id_calib:2222,id_calib,fit,benign,processed/iotsim-combined-cycle-tls-4.csv,iotsim-combined-cycle-tls,378,benign
id_calib:2223,id_calib,fit,benign,processed/iotsim-combined-cycle-tls-4.csv,iotsim-combined-cycle-tls,379,benign
id_calib:2224,id_calib,fit,benign,processed/iotsim-combined-cycle-tls-4.csv,iotsim-combined-cycle-tls,380,benign
id_calib:2225,id_calib,fit,benign,processed/iotsim-combined-cycle-tls-4.csv,iotsim-combined-cycle-tls,381,benign
id_calib:2226,id_calib,fit,benign,processed/iotsim-combined-cycle-tls-4.csv,iotsim-combined-cycle-tls,382,benign
id_calib:2227,id_calib,fit,benign,processed/iotsim-combined-cycle-tls-4.csv,iotsim-combined-cycle-tls,383,benign
id_calib:2228,id_calib,fit,benign,processed/iotsim-combined-cycle-tls-4.csv,iotsim-combined-cycle-tls,384,benign
id_calib:2229,id_calib,fit,benign,processed/iotsim-combined-cycle-tls-4.csv,iotsim-combined-cycle-tls,385,benign
id_calib:2230,id_calib,fit,benign,processed/iotsim-combined-cycle-tls-4.csv,iotsim-combined-cycle-tls,386,benign
id_calib:2231,id_calib,fit,benign,processed/iotsim-combined-cycle-tls-4.csv,iotsim-combined-cycle-tls,387,benign
id_calib:2232,id_calib,fit,benign,processed/iotsim-combined-cycle-tls-4.csv,iotsim-combined-cycle-tls,388,benign
id_calib:2233,id_calib,fit,benign,processed/iotsim-combined-cycle-tls-4.csv,iotsim-combined-cycle-tls,389,benign
id_calib:2234,id_calib,fit,benign,processed/iotsim-combined-cycle-tls-4.csv,iotsim-combined-cycle-tls,390,benign
id_calib:2235,id_calib,fit,benign,processed/iotsim-combined-cycle-tls-4.csv,iotsim-combined-cycle-tls,391,benign
id_calib:2236,id_calib,fit,benign,processed/iotsim-combined-cycle-tls-4.csv,iotsim-combined-cycle-tls,392,benign
id_calib:2237,id_calib,fit,benign,processed/iotsim-combined-cycle-tls-4.csv,iotsim-combined-cycle-tls,393,benign
id_calib:2238,id_calib,fit,benign,processed/iotsim-combined-cycle-tls-4.csv,iotsim-combined-cycle-tls,394,benign
id_calib:2239,id_calib,fit,benign,processed/iotsim-combined-cycle-tls-4.csv,iotsim-combined-cycle-tls,395,benign
id_calib:2240,id_calib,fit,benign,processed/iotsim-combined-cycle-tls-4.csv,iotsim-combined-cycle-tls,396,benign
id_calib:2241,id_calib,fit,benign,processed/iotsim-combined-cycle-tls-4.csv,iotsim-combined-cycle-tls,397,benign
id_calib:2242,id_calib,fit,benign,processed/iotsim-combined-cycle-tls-4.csv,iotsim-combined-cycle-tls,398,benign
id_calib:2243,id_calib,fit,benign,processed/iotsim-combined-cycle-tls-4.csv,iotsim-combined-cycle-tls,399,benign
id_calib:2244,id_calib,fit,benign,processed/iotsim-combined-cycle-tls-4.csv,iotsim-combined-cycle-tls,400,benign
id_calib:2245,id_calib,fit,benign,processed/iotsim-combined-cycle-tls-4.csv,iotsim-combined-cycle-tls,401,benign
id_calib:2246,id_calib,fit,benign,processed/iotsim-combined-cycle-tls-4.csv,iotsim-combined-cycle-tls,402,benign
id_calib:2247,id_calib,fit,benign,processed/iotsim-combined-cycle-tls-4.csv,iotsim-combined-cycle-tls,403,benign
id_calib:2248,id_calib,fit,benign,processed/iotsim-combined-cycle-tls-4.csv,iotsim-combined-cycle-tls,404,benign
id_calib:2249,id_calib,fit,benign,processed/iotsim-combined-cycle-tls-4.csv,iotsim-combined-cycle-tls,405,benign
id_calib:2250,id_calib,fit,benign,processed/iotsim-combined-cycle-tls-4.csv,iotsim-combined-cycle-tls,406,benign
id_calib:2251,id_calib,fit,benign,processed/iotsim-combined-cycle-tls-4.csv,iotsim-combined-cycle-tls,407,benign
id_calib:2252,id_calib,fit,benign,processed/iotsim-combined-cycle-tls-4.csv,iotsim-combined-cycle-tls,408,benign
id_calib:2253,id_calib,fit,benign,processed/iotsim-combined-cycle-tls-4.csv,iotsim-combined-cycle-tls,409,benign
id_calib:2254,id_calib,fit,benign,processed/iotsim-combined-cycle-tls-4.csv,iotsim-combined-cycle-tls,410,benign
id_calib:2255,id_calib,fit,benign,processed/iotsim-combined-cycle-tls-4.csv,iotsim-combined-cycle-tls,411,benign
id_calib:2256,id_calib,fit,benign,processed/iotsim-combined-cycle-tls-4.csv,iotsim-combined-cycle-tls,412,benign
id_calib:2257,id_calib,fit,benign,processed/iotsim-combined-cycle-tls-4.csv,iotsim-combined-cycle-tls,413,benign
id_calib:2258,id_calib,fit,benign,processed/iotsim-combined-cycle-tls-4.csv,iotsim-combined-cycle-tls,414,benign
id_calib:2259,id_calib,fit,benign,processed/iotsim-combined-cycle-tls-4.csv,iotsim-combined-cycle-tls,415,benign
id_calib:2260,id_calib,fit,benign,processed/iotsim-combined-cycle-tls-4.csv,iotsim-combined-cycle-tls,416,benign
id_calib:2261,id_calib,fit,benign,processed/iotsim-combined-cycle-tls-4.csv,iotsim-combined-cycle-tls,417,benign
id_calib:2262,id_calib,fit,benign,processed/iotsim-combined-cycle-tls-4.csv,iotsim-combined-cycle-tls,418,benign
id_calib:2263,id_calib,fit,benign,processed/iotsim-combined-cycle-tls-4.csv,iotsim-combined-cycle-tls,419,benign
id_calib:2264,id_calib,fit,benign,processed/iotsim-combined-cycle-tls-4.csv,iotsim-combined-cycle-tls,420,benign
id_calib:2265,id_calib,fit,benign,processed/iotsim-combined-cycle-tls-4.csv,iotsim-combined-cycle-tls,421,benign
id_calib:2266,id_calib,fit,benign,processed/iotsim-combined-cycle-tls-4.csv,iotsim-combined-cycle-tls,422,benign
id_calib:2267,id_calib,fit,benign,processed/iotsim-combined-cycle-tls-4.csv,iotsim-combined-cycle-tls,423,benign
id_calib:2268,id_calib,fit,benign,processed/iotsim-combined-cycle-tls-4.csv,iotsim-combined-cycle-tls,424,benign
id_calib:2269,id_calib,fit,benign,processed/iotsim-combined-cycle-tls-4.csv,iotsim-combined-cycle-tls,425,benign
id_calib:2270,id_calib,fit,benign,processed/iotsim-combined-cycle-tls-4.csv,iotsim-combined-cycle-tls,426,benign
id_calib:2271,id_calib,fit,benign,processed/iotsim-combined-cycle-tls-4.csv,iotsim-combined-cycle-tls,427,benign
id_calib:2272,id_calib,fit,benign,processed/iotsim-combined-cycle-tls-4.csv,iotsim-combined-cycle-tls,428,benign
id_calib:2273,id_calib,fit,benign,processed/iotsim-combined-cycle-tls-4.csv,iotsim-combined-cycle-tls,429,benign
id_calib:2274,id_calib,fit,benign,processed/iotsim-combined-cycle-tls-4.csv,iotsim-combined-cycle-tls,430,benign
id_calib:2275,id_calib,fit,benign,processed/iotsim-combined-cycle-tls-4.csv,iotsim-combined-cycle-tls,431,benign
id_calib:2276,id_calib,fit,benign,processed/iotsim-combined-cycle-tls-4.csv,iotsim-combined-cycle-tls,432,benign
id_calib:2277,id_calib,fit,benign,processed/iotsim-combined-cycle-tls-4.csv,iotsim-combined-cycle-tls,433,benign
id_calib:2278,id_calib,fit,benign,processed/iotsim-combined-cycle-tls-4.csv,iotsim-combined-cycle-tls,434,benign
id_calib:2279,id_calib,fit,benign,processed/iotsim-combined-cycle-tls-4.csv,iotsim-combined-cycle-tls,435,benign
id_calib:2280,id_calib,fit,benign,processed/iotsim-combined-cycle-tls-4.csv,iotsim-combined-cycle-tls,436,benign
id_calib:2281,id_calib,fit,benign,processed/iotsim-combined-cycle-tls-4.csv,iotsim-combined-cycle-tls,437,benign
id_calib:2282,id_calib,fit,benign,processed/iotsim-combined-cycle-tls-4.csv,iotsim-combined-cycle-tls,438,benign
id_calib:2283,id_calib,fit,benign,processed/iotsim-combined-cycle-tls-4.csv,iotsim-combined-cycle-tls,439,benign
id_calib:2284,id_calib,fit,benign,processed/iotsim-combined-cycle-tls-4.csv,iotsim-combined-cycle-tls,440,benign
id_calib:2285,id_calib,fit,benign,processed/iotsim-combined-cycle-tls-4.csv,iotsim-combined-cycle-tls,441,benign
id_calib:2286,id_calib,fit,benign,processed/iotsim-combined-cycle-tls-4.csv,iotsim-combined-cycle-tls,442,benign
id_calib:2287,id_calib,fit,benign,processed/iotsim-combined-cycle-tls-4.csv,iotsim-combined-cycle-tls,443,benign
id_calib:2288,id_calib,fit,benign,processed/iotsim-combined-cycle-tls-4.csv,iotsim-combined-cycle-tls,444,benign
id_calib:2289,id_calib,fit,benign,processed/iotsim-combined-cycle-tls-4.csv,iotsim-combined-cycle-tls,445,benign
id_calib:2290,id_calib,fit,benign,processed/iotsim-combined-cycle-tls-4.csv,iotsim-combined-cycle-tls,446,benign
id_calib:2291,id_calib,fit,benign,processed/iotsim-combined-cycle-tls-4.csv,iotsim-combined-cycle-tls,447,benign
id_calib:2292,id_calib,fit,benign,processed/iotsim-combined-cycle-tls-4.csv,iotsim-combined-cycle-tls,448,benign
id_calib:2293,id_calib,fit,benign,processed/iotsim-combined-cycle-tls-4.csv,iotsim-combined-cycle-tls,449,benign
id_calib:2294,id_calib,fit,benign,processed/iotsim-combined-cycle-tls-4.csv,iotsim-combined-cycle-tls,450,benign
id_calib:2295,id_calib,fit,benign,processed/iotsim-combined-cycle-tls-4.csv,iotsim-combined-cycle-tls,451,benign
id_calib:2296,id_calib,fit,benign,processed/iotsim-combined-cycle-tls-4.csv,iotsim-combined-cycle-tls,452,benign
id_calib:2297,id_calib,fit,benign,processed/iotsim-combined-cycle-tls-4.csv,iotsim-combined-cycle-tls,453,benign
id_calib:2298,id_calib,fit,benign,processed/iotsim-combined-cycle-tls-4.csv,iotsim-combined-cycle-tls,454,benign
id_calib:2299,id_calib,fit,benign,processed/iotsim-combined-cycle-tls-4.csv,iotsim-combined-cycle-tls,455,benign
id_calib:2300,id_calib,fit,benign,processed/iotsim-combined-cycle-tls-4.csv,iotsim-combined-cycle-tls,456,benign
id_calib:2301,id_calib,fit,benign,processed/iotsim-combined-cycle-tls-4.csv,iotsim-combined-cycle-tls,457,benign
id_calib:2302,id_calib,fit,benign,processed/iotsim-combined-cycle-tls-4.csv,iotsim-combined-cycle-tls,458,benign
id_calib:2303,id_calib,fit,benign,processed/iotsim-combined-cycle-tls-4.csv,iotsim-combined-cycle-tls,459,benign
id_calib:2304,id_calib,fit,benign,processed/iotsim-combined-cycle-tls-4.csv,iotsim-combined-cycle-tls,460,benign
id_calib:2305,id_calib,fit,benign,processed/iotsim-combined-cycle-tls-4.csv,iotsim-combined-cycle-tls,461,benign
id_calib:2306,id_calib,fit,benign,processed/iotsim-combined-cycle-tls-4.csv,iotsim-combined-cycle-tls,462,benign
id_calib:2307,id_calib,fit,benign,processed/iotsim-combined-cycle-tls-4.csv,iotsim-combined-cycle-tls,463,benign
id_calib:2308,id_calib,fit,benign,processed/iotsim-combined-cycle-tls-4.csv,iotsim-combined-cycle-tls,464,benign
id_calib:2309,id_calib,fit,benign,processed/iotsim-combined-cycle-tls-4.csv,iotsim-combined-cycle-tls,465,benign
id_calib:2310,id_calib,fit,benign,processed/iotsim-combined-cycle-tls-4.csv,iotsim-combined-cycle-tls,466,benign
id_calib:2311,id_calib,fit,benign,processed/iotsim-combined-cycle-tls-4.csv,iotsim-combined-cycle-tls,467,benign
id_calib:2312,id_calib,fit,benign,processed/iotsim-combined-cycle-tls-4.csv,iotsim-combined-cycle-tls,468,benign
id_calib:2313,id_calib,fit,benign,processed/iotsim-combined-cycle-tls-4.csv,iotsim-combined-cycle-tls,469,benign
id_calib:2314,id_calib,fit,benign,processed/iotsim-combined-cycle-tls-4.csv,iotsim-combined-cycle-tls,470,benign
id_calib:2315,id_calib,fit,benign,processed/iotsim-combined-cycle-tls-4.csv,iotsim-combined-cycle-tls,471,benign
id_calib:2316,id_calib,fit,benign,processed/iotsim-combined-cycle-tls-4.csv,iotsim-combined-cycle-tls,472,benign
id_calib:2317,id_calib,fit,benign,processed/iotsim-combined-cycle-tls-4.csv,iotsim-combined-cycle-tls,473,benign
id_calib:2318,id_calib,fit,benign,processed/iotsim-combined-cycle-tls-4.csv,iotsim-combined-cycle-tls,474,benign
id_calib:2319,id_calib,fit,benign,processed/iotsim-combined-cycle-tls-4.csv,iotsim-combined-cycle-tls,475,benign
id_calib:2320,id_calib,fit,benign,processed/iotsim-combined-cycle-tls-4.csv,iotsim-combined-cycle-tls,476,benign
id_calib:2321,id_calib,fit,benign,processed/iotsim-combined-cycle-tls-4.csv,iotsim-combined-cycle-tls,477,benign
id_calib:2322,id_calib,fit,benign,processed/iotsim-combined-cycle-tls-4.csv,iotsim-combined-cycle-tls,478,benign
id_calib:2323,id_calib,fit,benign,processed/iotsim-combined-cycle-tls-4.csv,iotsim-combined-cycle-tls,479,benign
id_calib:2324,id_calib,fit,benign,processed/iotsim-combined-cycle-tls-4.csv,iotsim-combined-cycle-tls,480,benign
id_calib:2325,id_calib,fit,benign,processed/iotsim-combined-cycle-tls-4.csv,iotsim-combined-cycle-tls,481,benign
id_calib:2326,id_calib,fit,benign,processed/iotsim-combined-cycle-tls-4.csv,iotsim-combined-cycle-tls,482,benign
id_calib:2327,id_calib,fit,benign,processed/iotsim-combined-cycle-tls-4.csv,iotsim-combined-cycle-tls,483,benign
id_calib:2328,id_calib,fit,benign,processed/iotsim-combined-cycle-tls-4.csv,iotsim-combined-cycle-tls,484,benign
id_calib:2329,id_calib,fit,benign,processed/iotsim-combined-cycle-tls-4.csv,iotsim-combined-cycle-tls,485,benign
id_calib:2330,id_calib,fit,benign,processed/iotsim-combined-cycle-tls-4.csv,iotsim-combined-cycle-tls,486,benign
id_calib:2331,id_calib,fit,benign,processed/iotsim-combined-cycle-tls-4.csv,iotsim-combined-cycle-tls,487,benign
id_calib:2332,id_calib,fit,benign,processed/iotsim-combined-cycle-tls-4.csv,iotsim-combined-cycle-tls,488,benign
id_calib:2333,id_calib,fit,benign,processed/iotsim-combined-cycle-tls-4.csv,iotsim-combined-cycle-tls,489,benign
id_calib:2334,id_calib,fit,benign,processed/iotsim-combined-cycle-tls-4.csv,iotsim-combined-cycle-tls,490,benign
id_calib:2335,id_calib,fit,benign,processed/iotsim-combined-cycle-tls-4.csv,iotsim-combined-cycle-tls,491,benign
id_calib:2336,id_calib,fit,benign,processed/iotsim-combined-cycle-tls-4.csv,iotsim-combined-cycle-tls,492,benign
id_calib:2337,id_calib,fit,benign,processed/iotsim-combined-cycle-tls-4.csv,iotsim-combined-cycle-tls,493,benign
id_calib:2338,id_calib,fit,benign,processed/iotsim-combined-cycle-tls-4.csv,iotsim-combined-cycle-tls,494,benign
id_calib:2339,id_calib,fit,benign,processed/iotsim-combined-cycle-tls-4.csv,iotsim-combined-cycle-tls,495,benign
id_calib:2340,id_calib,fit,benign,processed/iotsim-combined-cycle-tls-4.csv,iotsim-combined-cycle-tls,496,benign
id_calib:2341,id_calib,fit,benign,processed/iotsim-combined-cycle-tls-4.csv,iotsim-combined-cycle-tls,497,benign
id_calib:2342,id_calib,fit,benign,processed/iotsim-combined-cycle-tls-4.csv,iotsim-combined-cycle-tls,498,benign
id_calib:2343,id_calib,fit,benign,processed/iotsim-combined-cycle-tls-4.csv,iotsim-combined-cycle-tls,499,benign
id_calib:2344,id_calib,fit,benign,processed/iotsim-combined-cycle-tls-4.csv,iotsim-combined-cycle-tls,500,benign
id_calib:2345,id_calib,fit,benign,processed/iotsim-combined-cycle-tls-4.csv,iotsim-combined-cycle-tls,501,benign
id_calib:2346,id_calib,fit,benign,processed/iotsim-combined-cycle-tls-4.csv,iotsim-combined-cycle-tls,502,benign
id_calib:2347,id_calib,fit,benign,processed/iotsim-combined-cycle-tls-4.csv,iotsim-combined-cycle-tls,503,benign
id_calib:2348,id_calib,fit,benign,processed/iotsim-combined-cycle-tls-4.csv,iotsim-combined-cycle-tls,504,benign
id_calib:2349,id_calib,fit,benign,processed/iotsim-combined-cycle-tls-4.csv,iotsim-combined-cycle-tls,505,benign
id_calib:2350,id_calib,fit,benign,processed/iotsim-combined-cycle-tls-4.csv,iotsim-combined-cycle-tls,506,benign
id_calib:2351,id_calib,fit,benign,processed/iotsim-combined-cycle-tls-4.csv,iotsim-combined-cycle-tls,507,benign
id_calib:2352,id_calib,fit,benign,processed/iotsim-combined-cycle-tls-4.csv,iotsim-combined-cycle-tls,508,benign
id_calib:2353,id_calib,fit,benign,processed/iotsim-combined-cycle-tls-4.csv,iotsim-combined-cycle-tls,509,benign
id_calib:2354,id_calib,fit,benign,processed/iotsim-combined-cycle-tls-4.csv,iotsim-combined-cycle-tls,510,benign
id_calib:2355,id_calib,fit,benign,processed/iotsim-combined-cycle-tls-4.csv,iotsim-combined-cycle-tls,511,benign
id_calib:2356,id_calib,fit,benign,processed/iotsim-combined-cycle-tls-4.csv,iotsim-combined-cycle-tls,512,benign
id_calib:2357,id_calib,fit,benign,processed/iotsim-combined-cycle-tls-4.csv,iotsim-combined-cycle-tls,513,benign
id_calib:2358,id_calib,fit,benign,processed/iotsim-combined-cycle-tls-4.csv,iotsim-combined-cycle-tls,514,benign
id_calib:2359,id_calib,fit,benign,processed/iotsim-combined-cycle-tls-4.csv,iotsim-combined-cycle-tls,515,benign
id_calib:2360,id_calib,fit,benign,processed/iotsim-combined-cycle-tls-4.csv,iotsim-combined-cycle-tls,516,benign
id_calib:2361,id_calib,fit,benign,processed/iotsim-combined-cycle-tls-4.csv,iotsim-combined-cycle-tls,517,benign
id_calib:2362,id_calib,fit,benign,processed/iotsim-combined-cycle-tls-4.csv,iotsim-combined-cycle-tls,518,benign
id_calib:2363,id_calib,fit,benign,processed/iotsim-combined-cycle-tls-4.csv,iotsim-combined-cycle-tls,519,benign
id_calib:2364,id_calib,fit,benign,processed/iotsim-combined-cycle-tls-4.csv,iotsim-combined-cycle-tls,520,benign
id_calib:2365,id_calib,fit,benign,processed/iotsim-combined-cycle-tls-4.csv,iotsim-combined-cycle-tls,521,benign
id_calib:2366,id_calib,fit,benign,processed/iotsim-combined-cycle-tls-4.csv,iotsim-combined-cycle-tls,522,benign
id_calib:2367,id_calib,fit,benign,processed/iotsim-combined-cycle-tls-4.csv,iotsim-combined-cycle-tls,523,benign
id_calib:2368,id_calib,fit,benign,processed/iotsim-combined-cycle-tls-4.csv,iotsim-combined-cycle-tls,524,benign
id_calib:2369,id_calib,fit,benign,processed/iotsim-combined-cycle-tls-4.csv,iotsim-combined-cycle-tls,525,benign
id_calib:2370,id_calib,fit,benign,processed/iotsim-combined-cycle-tls-4.csv,iotsim-combined-cycle-tls,526,benign
id_calib:2371,id_calib,fit,benign,processed/iotsim-combined-cycle-tls-4.csv,iotsim-combined-cycle-tls,527,benign
id_calib:2372,id_calib,fit,benign,processed/iotsim-combined-cycle-tls-4.csv,iotsim-combined-cycle-tls,528,benign
id_calib:2373,id_calib,fit,benign,processed/iotsim-combined-cycle-tls-4.csv,iotsim-combined-cycle-tls,529,benign
id_calib:2374,id_calib,fit,benign,processed/iotsim-combined-cycle-tls-4.csv,iotsim-combined-cycle-tls,530,benign
id_calib:2375,id_calib,fit,benign,processed/iotsim-combined-cycle-tls-4.csv,iotsim-combined-cycle-tls,531,benign
id_calib:2376,id_calib,fit,benign,processed/iotsim-combined-cycle-tls-4.csv,iotsim-combined-cycle-tls,532,benign
id_calib:2377,id_calib,fit,benign,processed/iotsim-combined-cycle-tls-4.csv,iotsim-combined-cycle-tls,533,benign
id_calib:2378,id_calib,fit,benign,processed/iotsim-combined-cycle-tls-4.csv,iotsim-combined-cycle-tls,534,benign
id_calib:2379,id_calib,fit,benign,processed/iotsim-combined-cycle-tls-4.csv,iotsim-combined-cycle-tls,535,benign
id_calib:2380,id_calib,fit,benign,processed/iotsim-combined-cycle-tls-4.csv,iotsim-combined-cycle-tls,536,benign
id_calib:2381,id_calib,fit,benign,processed/iotsim-combined-cycle-tls-4.csv,iotsim-combined-cycle-tls,537,benign
id_calib:2382,id_calib,fit,benign,processed/iotsim-combined-cycle-tls-4.csv,iotsim-combined-cycle-tls,538,benign
id_calib:2383,id_calib,fit,benign,processed/iotsim-combined-cycle-tls-4.csv,iotsim-combined-cycle-tls,539,benign
id_calib:2384,id_calib,fit,benign,processed/iotsim-combined-cycle-tls-4.csv,iotsim-combined-cycle-tls,540,benign
id_calib:2385,id_calib,fit,benign,processed/iotsim-combined-cycle-tls-4.csv,iotsim-combined-cycle-tls,541,benign
id_calib:2386,id_calib,fit,benign,processed/iotsim-combined-cycle-tls-4.csv,iotsim-combined-cycle-tls,542,benign
id_calib:2387,id_calib,fit,benign,processed/iotsim-combined-cycle-tls-4.csv,iotsim-combined-cycle-tls,543,benign
id_calib:2388,id_calib,fit,benign,processed/iotsim-combined-cycle-tls-4.csv,iotsim-combined-cycle-tls,544,benign
id_calib:2389,id_calib,fit,benign,processed/iotsim-combined-cycle-tls-4.csv,iotsim-combined-cycle-tls,545,benign
id_calib:2390,id_calib,fit,benign,processed/iotsim-combined-cycle-tls-4.csv,iotsim-combined-cycle-tls,546,benign
id_calib:2391,id_calib,fit,benign,processed/iotsim-combined-cycle-tls-4.csv,iotsim-combined-cycle-tls,547,benign
id_calib:2392,id_calib,fit,benign,processed/iotsim-combined-cycle-tls-4.csv,iotsim-combined-cycle-tls,548,benign
id_calib:2393,id_calib,fit,benign,processed/iotsim-combined-cycle-tls-4.csv,iotsim-combined-cycle-tls,549,benign
id_calib:2394,id_calib,fit,benign,processed/iotsim-combined-cycle-tls-4.csv,iotsim-combined-cycle-tls,550,benign
id_calib:2395,id_calib,fit,benign,processed/iotsim-combined-cycle-tls-4.csv,iotsim-combined-cycle-tls,551,benign
id_calib:2396,id_calib,fit,benign,processed/iotsim-combined-cycle-tls-4.csv,iotsim-combined-cycle-tls,552,benign
id_calib:2397,id_calib,fit,benign,processed/iotsim-combined-cycle-tls-4.csv,iotsim-combined-cycle-tls,553,benign
id_calib:2398,id_calib,fit,benign,processed/iotsim-combined-cycle-tls-4.csv,iotsim-combined-cycle-tls,554,benign
id_calib:2399,id_calib,fit,benign,processed/iotsim-combined-cycle-tls-4.csv,iotsim-combined-cycle-tls,555,benign
id_calib:2400,id_calib,fit,benign,processed/iotsim-combined-cycle-tls-4.csv,iotsim-combined-cycle-tls,556,benign
id_calib:2401,id_calib,fit,benign,processed/iotsim-combined-cycle-tls-4.csv,iotsim-combined-cycle-tls,557,benign
id_calib:2402,id_calib,fit,benign,processed/iotsim-combined-cycle-tls-4.csv,iotsim-combined-cycle-tls,558,benign
id_calib:2403,id_calib,fit,benign,processed/iotsim-combined-cycle-tls-4.csv,iotsim-combined-cycle-tls,559,benign
id_calib:2404,id_calib,fit,benign,processed/iotsim-combined-cycle-tls-4.csv,iotsim-combined-cycle-tls,560,benign
id_calib:2405,id_calib,fit,benign,processed/iotsim-combined-cycle-tls-4.csv,iotsim-combined-cycle-tls,561,benign
id_calib:2406,id_calib,fit,benign,processed/iotsim-combined-cycle-tls-4.csv,iotsim-combined-cycle-tls,562,benign
id_calib:2407,id_calib,fit,benign,processed/iotsim-combined-cycle-tls-4.csv,iotsim-combined-cycle-tls,563,benign
id_calib:2408,id_calib,fit,benign,processed/iotsim-combined-cycle-tls-4.csv,iotsim-combined-cycle-tls,564,benign
id_calib:2409,id_calib,fit,benign,processed/iotsim-combined-cycle-tls-4.csv,iotsim-combined-cycle-tls,565,benign
id_calib:2410,id_calib,fit,benign,processed/iotsim-combined-cycle-tls-4.csv,iotsim-combined-cycle-tls,566,benign
id_calib:2411,id_calib,fit,benign,processed/iotsim-combined-cycle-tls-4.csv,iotsim-combined-cycle-tls,567,benign
id_calib:2412,id_calib,fit,benign,processed/iotsim-combined-cycle-tls-4.csv,iotsim-combined-cycle-tls,568,benign
id_calib:2413,id_calib,fit,benign,processed/iotsim-combined-cycle-tls-4.csv,iotsim-combined-cycle-tls,569,benign
id_calib:2414,id_calib,fit,benign,processed/iotsim-combined-cycle-tls-4.csv,iotsim-combined-cycle-tls,570,benign
id_calib:2415,id_calib,fit,benign,processed/iotsim-combined-cycle-tls-4.csv,iotsim-combined-cycle-tls,571,benign
id_calib:2416,id_calib,fit,benign,processed/iotsim-combined-cycle-tls-4.csv,iotsim-combined-cycle-tls,572,benign
id_calib:2417,id_calib,fit,benign,processed/iotsim-combined-cycle-tls-4.csv,iotsim-combined-cycle-tls,573,benign
id_calib:2418,id_calib,fit,benign,processed/iotsim-combined-cycle-tls-4.csv,iotsim-combined-cycle-tls,574,benign
id_calib:2419,id_calib,fit,benign,processed/iotsim-combined-cycle-tls-4.csv,iotsim-combined-cycle-tls,575,benign
id_calib:2420,id_calib,fit,benign,processed/iotsim-combined-cycle-tls-4.csv,iotsim-combined-cycle-tls,576,benign
id_calib:2421,id_calib,fit,benign,processed/iotsim-combined-cycle-tls-4.csv,iotsim-combined-cycle-tls,577,benign
id_calib:2422,id_calib,fit,benign,processed/iotsim-combined-cycle-tls-4.csv,iotsim-combined-cycle-tls,578,benign
id_calib:2423,id_calib,fit,benign,processed/iotsim-combined-cycle-tls-4.csv,iotsim-combined-cycle-tls,579,benign
id_calib:2424,id_calib,fit,benign,processed/iotsim-combined-cycle-tls-4.csv,iotsim-combined-cycle-tls,580,benign
id_calib:2425,id_calib,fit,benign,processed/iotsim-combined-cycle-tls-4.csv,iotsim-combined-cycle-tls,581,benign
id_calib:2426,id_calib,fit,benign,processed/iotsim-combined-cycle-tls-4.csv,iotsim-combined-cycle-tls,582,benign
id_calib:2427,id_calib,fit,benign,processed/iotsim-combined-cycle-tls-4.csv,iotsim-combined-cycle-tls,583,benign
id_calib:2428,id_calib,fit,benign,processed/iotsim-combined-cycle-tls-4.csv,iotsim-combined-cycle-tls,584,benign
id_calib:2429,id_calib,fit,benign,processed/iotsim-combined-cycle-tls-4.csv,iotsim-combined-cycle-tls,585,benign
id_calib:2430,id_calib,fit,benign,processed/iotsim-combined-cycle-tls-4.csv,iotsim-combined-cycle-tls,586,benign
id_calib:2431,id_calib,fit,benign,processed/iotsim-combined-cycle-tls-4.csv,iotsim-combined-cycle-tls,587,benign
id_calib:2432,id_calib,fit,benign,processed/iotsim-combined-cycle-tls-4.csv,iotsim-combined-cycle-tls,588,benign
id_calib:2433,id_calib,fit,benign,processed/iotsim-combined-cycle-tls-4.csv,iotsim-combined-cycle-tls,589,benign
id_calib:2434,id_calib,fit,benign,processed/iotsim-combined-cycle-tls-4.csv,iotsim-combined-cycle-tls,590,benign
id_calib:2435,id_calib,fit,benign,processed/iotsim-combined-cycle-tls-4.csv,iotsim-combined-cycle-tls,591,benign
id_calib:2436,id_calib,fit,benign,processed/iotsim-combined-cycle-tls-4.csv,iotsim-combined-cycle-tls,592,benign
id_calib:2437,id_calib,fit,benign,processed/iotsim-combined-cycle-tls-4.csv,iotsim-combined-cycle-tls,593,benign
id_calib:2438,id_calib,fit,benign,processed/iotsim-combined-cycle-tls-4.csv,iotsim-combined-cycle-tls,594,benign
id_calib:2439,id_calib,fit,benign,processed/iotsim-combined-cycle-tls-4.csv,iotsim-combined-cycle-tls,595,benign
id_calib:2440,id_calib,fit,benign,processed/iotsim-combined-cycle-tls-4.csv,iotsim-combined-cycle-tls,596,benign
id_calib:2441,id_calib,fit,benign,processed/iotsim-combined-cycle-tls-4.csv,iotsim-combined-cycle-tls,597,benign
id_calib:2442,id_calib,fit,benign,processed/iotsim-combined-cycle-tls-4.csv,iotsim-combined-cycle-tls,598,benign
id_calib:2443,id_calib,fit,benign,processed/iotsim-combined-cycle-tls-4.csv,iotsim-combined-cycle-tls,599,benign
id_calib:2444,id_calib,fit,benign,processed/iotsim-combined-cycle-tls-4.csv,iotsim-combined-cycle-tls,600,benign
id_calib:2445,id_calib,fit,benign,processed/iotsim-combined-cycle-tls-4.csv,iotsim-combined-cycle-tls,601,benign
id_calib:2446,id_calib,fit,benign,processed/iotsim-combined-cycle-tls-4.csv,iotsim-combined-cycle-tls,602,benign
id_calib:2447,id_calib,fit,benign,processed/iotsim-combined-cycle-tls-4.csv,iotsim-combined-cycle-tls,603,benign
id_calib:2448,id_calib,fit,benign,processed/iotsim-combined-cycle-tls-4.csv,iotsim-combined-cycle-tls,604,benign
id_calib:2449,id_calib,fit,benign,processed/iotsim-combined-cycle-tls-4.csv,iotsim-combined-cycle-tls,605,benign
id_calib:2450,id_calib,fit,benign,processed/iotsim-combined-cycle-tls-4.csv,iotsim-combined-cycle-tls,606,benign
id_calib:2451,id_calib,fit,benign,processed/iotsim-combined-cycle-tls-4.csv,iotsim-combined-cycle-tls,607,benign
id_calib:2452,id_calib,fit,benign,processed/iotsim-combined-cycle-tls-4.csv,iotsim-combined-cycle-tls,608,benign
id_calib:2453,id_calib,fit,benign,processed/iotsim-combined-cycle-tls-4.csv,iotsim-combined-cycle-tls,609,benign
id_calib:2454,id_calib,fit,benign,processed/iotsim-combined-cycle-tls-4.csv,iotsim-combined-cycle-tls,610,benign
id_calib:2455,id_calib,fit,benign,processed/iotsim-combined-cycle-tls-4.csv,iotsim-combined-cycle-tls,611,benign
id_calib:2456,id_calib,fit,benign,processed/iotsim-combined-cycle-tls-4.csv,iotsim-combined-cycle-tls,612,benign
id_calib:2457,id_calib,fit,benign,processed/iotsim-combined-cycle-tls-4.csv,iotsim-combined-cycle-tls,613,benign
id_calib:2458,id_calib,fit,benign,processed/iotsim-combined-cycle-tls-4.csv,iotsim-combined-cycle-tls,614,benign
id_calib:2459,id_calib,fit,benign,processed/iotsim-combined-cycle-tls-4.csv,iotsim-combined-cycle-tls,615,benign
id_calib:2460,id_calib,fit,benign,processed/iotsim-combined-cycle-tls-4.csv,iotsim-combined-cycle-tls,616,benign
id_calib:2461,id_calib,fit,benign,processed/iotsim-combined-cycle-tls-4.csv,iotsim-combined-cycle-tls,617,benign
id_calib:2462,id_calib,fit,benign,processed/iotsim-combined-cycle-tls-4.csv,iotsim-combined-cycle-tls,618,benign
id_calib:2463,id_calib,fit,benign,processed/iotsim-combined-cycle-tls-4.csv,iotsim-combined-cycle-tls,619,benign
id_calib:2464,id_calib,fit,benign,processed/iotsim-combined-cycle-tls-4.csv,iotsim-combined-cycle-tls,620,benign
id_calib:2465,id_calib,fit,benign,processed/iotsim-combined-cycle-tls-4.csv,iotsim-combined-cycle-tls,621,benign
id_calib:2466,id_calib,fit,benign,processed/iotsim-combined-cycle-tls-4.csv,iotsim-combined-cycle-tls,622,benign
id_calib:2467,id_calib,fit,benign,processed/iotsim-combined-cycle-tls-4.csv,iotsim-combined-cycle-tls,623,benign
id_calib:2468,id_calib,fit,benign,processed/iotsim-combined-cycle-tls-4.csv,iotsim-combined-cycle-tls,624,benign
id_calib:2469,id_calib,fit,benign,processed/iotsim-combined-cycle-tls-4.csv,iotsim-combined-cycle-tls,625,benign
id_calib:2470,id_calib,fit,benign,processed/iotsim-combined-cycle-tls-4.csv,iotsim-combined-cycle-tls,626,benign
id_calib:2471,id_calib,fit,benign,processed/iotsim-combined-cycle-tls-4.csv,iotsim-combined-cycle-tls,627,benign
id_calib:2472,id_calib,fit,benign,processed/iotsim-combined-cycle-tls-4.csv,iotsim-combined-cycle-tls,628,benign
id_calib:2473,id_calib,fit,benign,processed/iotsim-combined-cycle-tls-4.csv,iotsim-combined-cycle-tls,629,benign
id_calib:2474,id_calib,fit,benign,processed/iotsim-combined-cycle-tls-4.csv,iotsim-combined-cycle-tls,630,benign
id_calib:2475,id_calib,fit,benign,processed/iotsim-combined-cycle-tls-4.csv,iotsim-combined-cycle-tls,631,benign
id_calib:2476,id_calib,fit,benign,processed/iotsim-combined-cycle-tls-4.csv,iotsim-combined-cycle-tls,632,benign
id_calib:2477,id_calib,fit,benign,processed/iotsim-combined-cycle-tls-4.csv,iotsim-combined-cycle-tls,633,benign
id_calib:2478,id_calib,fit,benign,processed/iotsim-combined-cycle-tls-4.csv,iotsim-combined-cycle-tls,634,benign
id_calib:2479,id_calib,fit,benign,processed/iotsim-combined-cycle-tls-4.csv,iotsim-combined-cycle-tls,635,benign
id_calib:2480,id_calib,fit,benign,processed/iotsim-combined-cycle-tls-4.csv,iotsim-combined-cycle-tls,636,benign
id_calib:2481,id_calib,fit,benign,processed/iotsim-combined-cycle-tls-4.csv,iotsim-combined-cycle-tls,637,benign
id_calib:2482,id_calib,fit,benign,processed/iotsim-combined-cycle-tls-4.csv,iotsim-combined-cycle-tls,638,benign
id_calib:2483,id_calib,fit,benign,processed/iotsim-combined-cycle-tls-4.csv,iotsim-combined-cycle-tls,639,benign
id_calib:2484,id_calib,fit,benign,processed/iotsim-combined-cycle-tls-4.csv,iotsim-combined-cycle-tls,640,benign
id_calib:2485,id_calib,fit,benign,processed/iotsim-combined-cycle-tls-4.csv,iotsim-combined-cycle-tls,641,benign
id_calib:2486,id_calib,fit,benign,processed/iotsim-combined-cycle-tls-4.csv,iotsim-combined-cycle-tls,642,benign
id_calib:2487,id_calib,fit,benign,processed/iotsim-combined-cycle-tls-4.csv,iotsim-combined-cycle-tls,643,benign
id_calib:2488,id_calib,fit,benign,processed/iotsim-combined-cycle-tls-4.csv,iotsim-combined-cycle-tls,644,benign
id_calib:2489,id_calib,fit,benign,processed/iotsim-combined-cycle-tls-4.csv,iotsim-combined-cycle-tls,645,benign
id_calib:2490,id_calib,fit,benign,processed/iotsim-combined-cycle-tls-4.csv,iotsim-combined-cycle-tls,646,benign
id_calib:2491,id_calib,fit,benign,processed/iotsim-combined-cycle-tls-4.csv,iotsim-combined-cycle-tls,647,benign
id_calib:2492,id_calib,fit,benign,processed/iotsim-combined-cycle-tls-4.csv,iotsim-combined-cycle-tls,648,benign
id_calib:2493,id_calib,fit,benign,processed/iotsim-combined-cycle-tls-4.csv,iotsim-combined-cycle-tls,649,benign
id_calib:2494,id_calib,fit,benign,processed/iotsim-combined-cycle-tls-4.csv,iotsim-combined-cycle-tls,650,benign
id_calib:2495,id_calib,fit,benign,processed/iotsim-combined-cycle-tls-4.csv,iotsim-combined-cycle-tls,651,benign
id_calib:2496,id_calib,fit,benign,processed/iotsim-combined-cycle-tls-4.csv,iotsim-combined-cycle-tls,652,benign
id_calib:2497,id_calib,fit,benign,processed/iotsim-combined-cycle-tls-4.csv,iotsim-combined-cycle-tls,653,benign
id_calib:2498,id_calib,fit,benign,processed/iotsim-combined-cycle-tls-4.csv,iotsim-combined-cycle-tls,654,benign
id_calib:2499,id_calib,fit,benign,processed/iotsim-combined-cycle-tls-4.csv,iotsim-combined-cycle-tls,655,benign
id_calib:2500,id_calib,fit,benign,processed/iotsim-combined-cycle-tls-4.csv,iotsim-combined-cycle-tls,656,benign
id_calib:2501,id_calib,fit,benign,processed/iotsim-combined-cycle-tls-4.csv,iotsim-combined-cycle-tls,657,benign
id_calib:2502,id_calib,fit,benign,processed/iotsim-combined-cycle-tls-4.csv,iotsim-combined-cycle-tls,658,benign
id_calib:2503,id_calib,fit,benign,processed/iotsim-combined-cycle-tls-4.csv,iotsim-combined-cycle-tls,659,benign
id_calib:2504,id_calib,fit,benign,processed/iotsim-combined-cycle-tls-4.csv,iotsim-combined-cycle-tls,660,benign
id_calib:2505,id_calib,fit,benign,processed/iotsim-combined-cycle-tls-4.csv,iotsim-combined-cycle-tls,661,benign
id_calib:2506,id_calib,fit,benign,processed/iotsim-combined-cycle-tls-4.csv,iotsim-combined-cycle-tls,662,benign
id_calib:2507,id_calib,fit,benign,processed/iotsim-combined-cycle-tls-4.csv,iotsim-combined-cycle-tls,663,benign
id_calib:2508,id_calib,fit,benign,processed/iotsim-combined-cycle-tls-4.csv,iotsim-combined-cycle-tls,664,benign
id_calib:2509,id_calib,fit,benign,processed/iotsim-combined-cycle-tls-4.csv,iotsim-combined-cycle-tls,665,benign
id_calib:2510,id_calib,fit,benign,processed/iotsim-combined-cycle-tls-4.csv,iotsim-combined-cycle-tls,666,benign
id_calib:2511,id_calib,fit,benign,processed/iotsim-combined-cycle-tls-4.csv,iotsim-combined-cycle-tls,667,benign
id_calib:2512,id_calib,fit,benign,processed/iotsim-combined-cycle-tls-4.csv,iotsim-combined-cycle-tls,668,benign
id_calib:2513,id_calib,fit,benign,processed/iotsim-combined-cycle-tls-4.csv,iotsim-combined-cycle-tls,669,benign
id_calib:2514,id_calib,fit,benign,processed/iotsim-combined-cycle-tls-4.csv,iotsim-combined-cycle-tls,670,benign
id_calib:2515,id_calib,fit,benign,processed/iotsim-combined-cycle-tls-4.csv,iotsim-combined-cycle-tls,671,benign
id_calib:2516,id_calib,fit,benign,processed/iotsim-combined-cycle-tls-4.csv,iotsim-combined-cycle-tls,672,benign
id_calib:2517,id_calib,fit,benign,processed/iotsim-combined-cycle-tls-4.csv,iotsim-combined-cycle-tls,673,benign
id_calib:2518,id_calib,fit,benign,processed/iotsim-combined-cycle-tls-4.csv,iotsim-combined-cycle-tls,674,benign
id_calib:2519,id_calib,fit,benign,processed/iotsim-combined-cycle-tls-4.csv,iotsim-combined-cycle-tls,675,benign
id_calib:2520,id_calib,fit,benign,processed/iotsim-combined-cycle-tls-4.csv,iotsim-combined-cycle-tls,676,benign
id_calib:2521,id_calib,fit,benign,processed/iotsim-combined-cycle-tls-4.csv,iotsim-combined-cycle-tls,677,benign
id_calib:2522,id_calib,fit,benign,processed/iotsim-combined-cycle-tls-4.csv,iotsim-combined-cycle-tls,678,benign
id_calib:2523,id_calib,fit,benign,processed/iotsim-combined-cycle-tls-4.csv,iotsim-combined-cycle-tls,679,benign
id_calib:2524,id_calib,fit,benign,processed/iotsim-combined-cycle-tls-4.csv,iotsim-combined-cycle-tls,680,benign
id_calib:2525,id_calib,fit,benign,processed/iotsim-combined-cycle-tls-4.csv,iotsim-combined-cycle-tls,681,benign
id_calib:2526,id_calib,fit,benign,processed/iotsim-combined-cycle-tls-4.csv,iotsim-combined-cycle-tls,682,benign
id_calib:2527,id_calib,fit,benign,processed/iotsim-combined-cycle-tls-4.csv,iotsim-combined-cycle-tls,683,benign
id_calib:2528,id_calib,fit,benign,processed/iotsim-combined-cycle-tls-4.csv,iotsim-combined-cycle-tls,684,benign
id_calib:2529,id_calib,fit,benign,processed/iotsim-combined-cycle-tls-4.csv,iotsim-combined-cycle-tls,685,benign
id_calib:2530,id_calib,fit,benign,processed/iotsim-combined-cycle-tls-4.csv,iotsim-combined-cycle-tls,686,benign
id_calib:2531,id_calib,fit,benign,processed/iotsim-combined-cycle-tls-4.csv,iotsim-combined-cycle-tls,687,benign
id_calib:2532,id_calib,fit,benign,processed/iotsim-combined-cycle-tls-4.csv,iotsim-combined-cycle-tls,688,benign
id_calib:2533,id_calib,fit,benign,processed/iotsim-combined-cycle-tls-4.csv,iotsim-combined-cycle-tls,689,benign
id_calib:2534,id_calib,fit,benign,processed/iotsim-combined-cycle-tls-4.csv,iotsim-combined-cycle-tls,690,benign
id_calib:2535,id_calib,fit,benign,processed/iotsim-combined-cycle-tls-4.csv,iotsim-combined-cycle-tls,691,benign
id_calib:2536,id_calib,fit,benign,processed/iotsim-combined-cycle-tls-4.csv,iotsim-combined-cycle-tls,692,benign
id_calib:2537,id_calib,fit,benign,processed/iotsim-combined-cycle-tls-4.csv,iotsim-combined-cycle-tls,693,benign
id_calib:2538,id_calib,fit,benign,processed/iotsim-combined-cycle-tls-4.csv,iotsim-combined-cycle-tls,694,benign
id_calib:2539,id_calib,fit,benign,processed/iotsim-combined-cycle-tls-4.csv,iotsim-combined-cycle-tls,695,benign
id_calib:2540,id_calib,fit,benign,processed/iotsim-combined-cycle-tls-4.csv,iotsim-combined-cycle-tls,696,benign
id_calib:2541,id_calib,fit,benign,processed/iotsim-combined-cycle-tls-4.csv,iotsim-combined-cycle-tls,697,benign
id_calib:2542,id_calib,fit,benign,processed/iotsim-combined-cycle-tls-4.csv,iotsim-combined-cycle-tls,698,benign
id_calib:2543,id_calib,fit,benign,processed/iotsim-combined-cycle-tls-4.csv,iotsim-combined-cycle-tls,699,benign
id_calib:2544,id_calib,fit,benign,processed/iotsim-combined-cycle-tls-4.csv,iotsim-combined-cycle-tls,700,benign
id_calib:2545,id_calib,fit,benign,processed/iotsim-combined-cycle-tls-4.csv,iotsim-combined-cycle-tls,701,benign
id_calib:2546,id_calib,fit,benign,processed/iotsim-combined-cycle-tls-4.csv,iotsim-combined-cycle-tls,702,benign
id_calib:2547,id_calib,fit,benign,processed/iotsim-combined-cycle-tls-4.csv,iotsim-combined-cycle-tls,703,benign
id_calib:2548,id_calib,fit,benign,processed/iotsim-combined-cycle-tls-4.csv,iotsim-combined-cycle-tls,704,benign
id_calib:2549,id_calib,fit,benign,processed/iotsim-combined-cycle-tls-4.csv,iotsim-combined-cycle-tls,705,benign
id_calib:2550,id_calib,fit,benign,processed/iotsim-combined-cycle-tls-4.csv,iotsim-combined-cycle-tls,706,benign
id_calib:2551,id_calib,fit,benign,processed/iotsim-combined-cycle-tls-4.csv,iotsim-combined-cycle-tls,707,benign
id_calib:2552,id_calib,fit,benign,processed/iotsim-combined-cycle-tls-4.csv,iotsim-combined-cycle-tls,708,benign
id_calib:2553,id_calib,fit,benign,processed/iotsim-combined-cycle-tls-4.csv,iotsim-combined-cycle-tls,709,benign
id_calib:2554,id_calib,fit,benign,processed/iotsim-combined-cycle-tls-4.csv,iotsim-combined-cycle-tls,710,benign
id_calib:2555,id_calib,fit,benign,processed/iotsim-combined-cycle-tls-4.csv,iotsim-combined-cycle-tls,711,benign
id_calib:2556,id_calib,fit,benign,processed/iotsim-combined-cycle-tls-4.csv,iotsim-combined-cycle-tls,712,benign
id_calib:2557,id_calib,fit,benign,processed/iotsim-combined-cycle-tls-4.csv,iotsim-combined-cycle-tls,713,benign
id_calib:2558,id_calib,fit,benign,processed/iotsim-combined-cycle-tls-4.csv,iotsim-combined-cycle-tls,714,benign
id_calib:2559,id_calib,fit,benign,processed/iotsim-combined-cycle-tls-4.csv,iotsim-combined-cycle-tls,715,benign
id_calib:2560,id_calib,fit,benign,processed/iotsim-combined-cycle-tls-4.csv,iotsim-combined-cycle-tls,716,benign
id_calib:2561,id_calib,fit,benign,processed/iotsim-combined-cycle-tls-4.csv,iotsim-combined-cycle-tls,717,benign
id_calib:2562,id_calib,fit,benign,processed/iotsim-combined-cycle-tls-4.csv,iotsim-combined-cycle-tls,718,benign
id_calib:2563,id_calib,fit,benign,processed/iotsim-combined-cycle-tls-4.csv,iotsim-combined-cycle-tls,719,benign
id_calib:2564,id_calib,fit,benign,processed/iotsim-combined-cycle-tls-4.csv,iotsim-combined-cycle-tls,720,benign
id_calib:2565,id_calib,fit,benign,processed/iotsim-combined-cycle-tls-4.csv,iotsim-combined-cycle-tls,721,benign
id_calib:2566,id_calib,fit,benign,processed/iotsim-combined-cycle-tls-4.csv,iotsim-combined-cycle-tls,722,benign
id_calib:2567,id_calib,fit,benign,processed/iotsim-combined-cycle-tls-4.csv,iotsim-combined-cycle-tls,723,benign
id_calib:2568,id_calib,fit,benign,processed/iotsim-combined-cycle-tls-4.csv,iotsim-combined-cycle-tls,724,benign
id_calib:2569,id_calib,fit,benign,processed/iotsim-combined-cycle-tls-4.csv,iotsim-combined-cycle-tls,725,benign
id_calib:2570,id_calib,fit,benign,processed/iotsim-combined-cycle-tls-4.csv,iotsim-combined-cycle-tls,726,benign
id_calib:2571,id_calib,fit,benign,processed/iotsim-combined-cycle-tls-4.csv,iotsim-combined-cycle-tls,727,benign
id_calib:2572,id_calib,fit,benign,processed/iotsim-combined-cycle-tls-4.csv,iotsim-combined-cycle-tls,728,benign
id_calib:2573,id_calib,fit,benign,processed/iotsim-combined-cycle-tls-4.csv,iotsim-combined-cycle-tls,729,benign
id_calib:2574,id_calib,fit,benign,processed/iotsim-combined-cycle-tls-4.csv,iotsim-combined-cycle-tls,730,benign
id_calib:2575,id_calib,fit,benign,processed/iotsim-combined-cycle-tls-4.csv,iotsim-combined-cycle-tls,731,benign
id_calib:2576,id_calib,fit,benign,processed/iotsim-combined-cycle-tls-4.csv,iotsim-combined-cycle-tls,732,benign
id_calib:2577,id_calib,fit,benign,processed/iotsim-combined-cycle-tls-4.csv,iotsim-combined-cycle-tls,733,benign
id_calib:2578,id_calib,fit,benign,processed/iotsim-combined-cycle-tls-4.csv,iotsim-combined-cycle-tls,734,benign
id_calib:2579,id_calib,fit,benign,processed/iotsim-combined-cycle-tls-4.csv,iotsim-combined-cycle-tls,735,benign
id_calib:2580,id_calib,fit,benign,processed/iotsim-combined-cycle-tls-4.csv,iotsim-combined-cycle-tls,736,benign
id_calib:2581,id_calib,fit,benign,processed/iotsim-combined-cycle-tls-4.csv,iotsim-combined-cycle-tls,737,benign
id_calib:2582,id_calib,fit,benign,processed/iotsim-combined-cycle-tls-4.csv,iotsim-combined-cycle-tls,738,benign
id_calib:2583,id_calib,fit,benign,processed/iotsim-combined-cycle-tls-4.csv,iotsim-combined-cycle-tls,739,benign
id_calib:2584,id_calib,fit,benign,processed/iotsim-combined-cycle-tls-4.csv,iotsim-combined-cycle-tls,740,benign
id_calib:2585,id_calib,fit,benign,processed/iotsim-combined-cycle-tls-4.csv,iotsim-combined-cycle-tls,741,benign
id_calib:2586,id_calib,fit,benign,processed/iotsim-combined-cycle-tls-4.csv,iotsim-combined-cycle-tls,742,benign
id_calib:2587,id_calib,fit,benign,processed/iotsim-combined-cycle-tls-4.csv,iotsim-combined-cycle-tls,743,benign
id_calib:2588,id_calib,fit,benign,processed/iotsim-combined-cycle-tls-4.csv,iotsim-combined-cycle-tls,744,benign
id_calib:2589,id_calib,fit,benign,processed/iotsim-combined-cycle-tls-4.csv,iotsim-combined-cycle-tls,745,benign
id_calib:2590,id_calib,fit,benign,processed/iotsim-combined-cycle-tls-4.csv,iotsim-combined-cycle-tls,746,benign
id_calib:2591,id_calib,fit,benign,processed/iotsim-combined-cycle-tls-4.csv,iotsim-combined-cycle-tls,747,benign
id_calib:2592,id_calib,fit,benign,processed/iotsim-combined-cycle-tls-4.csv,iotsim-combined-cycle-tls,748,benign
id_calib:2593,id_calib,fit,benign,processed/iotsim-combined-cycle-tls-4.csv,iotsim-combined-cycle-tls,749,benign
id_calib:2594,id_calib,fit,benign,processed/iotsim-combined-cycle-tls-4.csv,iotsim-combined-cycle-tls,750,benign
id_calib:2595,id_calib,fit,benign,processed/iotsim-combined-cycle-tls-4.csv,iotsim-combined-cycle-tls,751,benign
id_calib:2596,id_calib,fit,benign,processed/iotsim-combined-cycle-tls-4.csv,iotsim-combined-cycle-tls,752,benign
id_calib:2597,id_calib,fit,benign,processed/iotsim-combined-cycle-tls-4.csv,iotsim-combined-cycle-tls,753,benign
id_calib:2598,id_calib,fit,benign,processed/iotsim-combined-cycle-tls-4.csv,iotsim-combined-cycle-tls,754,benign
id_calib:2599,id_calib,fit,benign,processed/iotsim-combined-cycle-tls-4.csv,iotsim-combined-cycle-tls,755,benign
id_calib:2600,id_calib,fit,benign,processed/iotsim-combined-cycle-tls-4.csv,iotsim-combined-cycle-tls,756,benign
id_calib:2601,id_calib,fit,benign,processed/iotsim-combined-cycle-tls-4.csv,iotsim-combined-cycle-tls,757,benign
id_calib:2602,id_calib,fit,benign,processed/iotsim-combined-cycle-tls-4.csv,iotsim-combined-cycle-tls,758,benign
id_calib:2603,id_calib,fit,benign,processed/iotsim-combined-cycle-tls-4.csv,iotsim-combined-cycle-tls,759,benign
id_calib:2604,id_calib,fit,benign,processed/iotsim-combined-cycle-tls-4.csv,iotsim-combined-cycle-tls,760,benign
id_calib:2605,id_calib,fit,benign,processed/iotsim-combined-cycle-tls-4.csv,iotsim-combined-cycle-tls,761,benign
id_calib:2606,id_calib,fit,benign,processed/iotsim-combined-cycle-tls-4.csv,iotsim-combined-cycle-tls,762,benign
id_calib:2607,id_calib,fit,benign,processed/iotsim-combined-cycle-tls-4.csv,iotsim-combined-cycle-tls,763,benign
id_calib:2608,id_calib,fit,benign,processed/iotsim-combined-cycle-tls-4.csv,iotsim-combined-cycle-tls,764,benign
id_calib:2609,id_calib,fit,benign,processed/iotsim-combined-cycle-tls-4.csv,iotsim-combined-cycle-tls,765,benign
id_calib:2610,id_calib,fit,benign,processed/iotsim-combined-cycle-tls-4.csv,iotsim-combined-cycle-tls,766,benign
id_calib:2611,id_calib,fit,benign,processed/iotsim-combined-cycle-tls-4.csv,iotsim-combined-cycle-tls,767,benign
id_calib:2612,id_calib,fit,benign,processed/iotsim-combined-cycle-tls-4.csv,iotsim-combined-cycle-tls,768,benign
id_calib:2613,id_calib,fit,benign,processed/iotsim-combined-cycle-tls-4.csv,iotsim-combined-cycle-tls,769,benign
id_calib:2614,id_calib,fit,benign,processed/iotsim-combined-cycle-tls-4.csv,iotsim-combined-cycle-tls,770,benign
id_calib:2615,id_calib,fit,benign,processed/iotsim-combined-cycle-tls-4.csv,iotsim-combined-cycle-tls,771,benign
id_calib:2616,id_calib,fit,benign,processed/iotsim-combined-cycle-tls-4.csv,iotsim-combined-cycle-tls,772,benign
id_calib:2617,id_calib,fit,benign,processed/iotsim-combined-cycle-tls-4.csv,iotsim-combined-cycle-tls,773,benign
id_calib:2618,id_calib,fit,benign,processed/iotsim-combined-cycle-tls-4.csv,iotsim-combined-cycle-tls,774,benign
id_calib:2619,id_calib,fit,benign,processed/iotsim-combined-cycle-tls-4.csv,iotsim-combined-cycle-tls,775,benign
id_calib:2620,id_calib,fit,benign,processed/iotsim-combined-cycle-tls-4.csv,iotsim-combined-cycle-tls,776,benign
id_calib:2621,id_calib,fit,benign,processed/iotsim-combined-cycle-tls-4.csv,iotsim-combined-cycle-tls,777,benign
id_calib:2622,id_calib,fit,benign,processed/iotsim-combined-cycle-tls-4.csv,iotsim-combined-cycle-tls,778,benign
id_calib:2623,id_calib,fit,benign,processed/iotsim-combined-cycle-tls-4.csv,iotsim-combined-cycle-tls,779,benign
id_calib:2624,id_calib,fit,benign,processed/iotsim-combined-cycle-tls-4.csv,iotsim-combined-cycle-tls,780,benign
id_calib:2625,id_calib,fit,benign,processed/iotsim-combined-cycle-tls-4.csv,iotsim-combined-cycle-tls,781,benign
id_calib:2626,id_calib,fit,benign,processed/iotsim-combined-cycle-tls-4.csv,iotsim-combined-cycle-tls,782,benign
id_calib:2627,id_calib,fit,benign,processed/iotsim-combined-cycle-tls-4.csv,iotsim-combined-cycle-tls,783,benign
id_calib:2628,id_calib,fit,benign,processed/iotsim-combined-cycle-tls-4.csv,iotsim-combined-cycle-tls,784,benign
id_calib:2629,id_calib,fit,benign,processed/iotsim-combined-cycle-tls-4.csv,iotsim-combined-cycle-tls,785,benign
id_calib:2630,id_calib,fit,benign,processed/iotsim-combined-cycle-tls-4.csv,iotsim-combined-cycle-tls,786,benign
id_calib:2631,id_calib,fit,benign,processed/iotsim-combined-cycle-tls-4.csv,iotsim-combined-cycle-tls,787,benign
id_calib:2632,id_calib,fit,benign,processed/iotsim-combined-cycle-tls-4.csv,iotsim-combined-cycle-tls,788,benign
id_calib:2633,id_calib,fit,benign,processed/iotsim-combined-cycle-tls-4.csv,iotsim-combined-cycle-tls,789,benign
id_calib:2634,id_calib,fit,benign,processed/iotsim-combined-cycle-tls-4.csv,iotsim-combined-cycle-tls,790,benign
id_calib:2635,id_calib,fit,benign,processed/iotsim-combined-cycle-tls-4.csv,iotsim-combined-cycle-tls,791,benign
id_calib:2636,id_calib,fit,benign,processed/iotsim-combined-cycle-tls-4.csv,iotsim-combined-cycle-tls,792,benign
id_calib:2637,id_calib,fit,benign,processed/iotsim-combined-cycle-tls-4.csv,iotsim-combined-cycle-tls,793,benign
id_calib:2638,id_calib,fit,benign,processed/iotsim-combined-cycle-tls-4.csv,iotsim-combined-cycle-tls,794,benign
id_calib:2639,id_calib,fit,benign,processed/iotsim-combined-cycle-tls-4.csv,iotsim-combined-cycle-tls,795,benign
id_calib:2640,id_calib,fit,benign,processed/iotsim-combined-cycle-tls-4.csv,iotsim-combined-cycle-tls,796,benign
id_calib:2641,id_calib,fit,benign,processed/iotsim-combined-cycle-tls-4.csv,iotsim-combined-cycle-tls,797,benign
id_calib:2642,id_calib,fit,benign,processed/iotsim-combined-cycle-tls-4.csv,iotsim-combined-cycle-tls,798,benign
id_calib:2643,id_calib,fit,benign,processed/iotsim-combined-cycle-tls-4.csv,iotsim-combined-cycle-tls,799,benign
id_calib:2644,id_calib,fit,benign,processed/iotsim-combined-cycle-tls-4.csv,iotsim-combined-cycle-tls,800,benign
id_calib:2645,id_calib,fit,benign,processed/iotsim-combined-cycle-tls-4.csv,iotsim-combined-cycle-tls,801,benign
id_calib:2646,id_calib,fit,benign,processed/iotsim-combined-cycle-tls-4.csv,iotsim-combined-cycle-tls,802,benign
id_calib:2647,id_calib,fit,benign,processed/iotsim-combined-cycle-tls-4.csv,iotsim-combined-cycle-tls,803,benign
id_calib:2648,id_calib,fit,benign,processed/iotsim-combined-cycle-tls-4.csv,iotsim-combined-cycle-tls,804,benign
id_calib:2649,id_calib,fit,benign,processed/iotsim-combined-cycle-tls-4.csv,iotsim-combined-cycle-tls,805,benign
id_calib:2650,id_calib,fit,benign,processed/iotsim-combined-cycle-tls-4.csv,iotsim-combined-cycle-tls,806,benign
id_calib:2651,id_calib,fit,benign,processed/iotsim-combined-cycle-tls-4.csv,iotsim-combined-cycle-tls,807,benign
id_calib:2652,id_calib,fit,benign,processed/iotsim-combined-cycle-tls-4.csv,iotsim-combined-cycle-tls,808,benign
id_calib:2653,id_calib,fit,benign,processed/iotsim-combined-cycle-tls-4.csv,iotsim-combined-cycle-tls,809,benign
id_calib:2654,id_calib,fit,benign,processed/iotsim-combined-cycle-tls-4.csv,iotsim-combined-cycle-tls,810,benign
id_calib:2655,id_calib,fit,benign,processed/iotsim-combined-cycle-tls-4.csv,iotsim-combined-cycle-tls,811,benign
id_calib:2656,id_calib,fit,benign,processed/iotsim-combined-cycle-tls-4.csv,iotsim-combined-cycle-tls,812,benign
id_calib:2657,id_calib,fit,benign,processed/iotsim-combined-cycle-tls-4.csv,iotsim-combined-cycle-tls,813,benign
id_calib:2658,id_calib,fit,benign,processed/iotsim-combined-cycle-tls-4.csv,iotsim-combined-cycle-tls,814,benign
id_calib:2659,id_calib,fit,benign,processed/iotsim-combined-cycle-tls-4.csv,iotsim-combined-cycle-tls,815,benign
id_calib:2660,id_calib,fit,benign,processed/iotsim-combined-cycle-tls-4.csv,iotsim-combined-cycle-tls,816,benign
id_calib:2661,id_calib,fit,benign,processed/iotsim-combined-cycle-tls-4.csv,iotsim-combined-cycle-tls,817,benign
id_calib:2662,id_calib,fit,benign,processed/iotsim-combined-cycle-tls-4.csv,iotsim-combined-cycle-tls,818,benign
id_calib:2663,id_calib,fit,benign,processed/iotsim-combined-cycle-tls-4.csv,iotsim-combined-cycle-tls,819,benign
id_calib:2664,id_calib,fit,benign,processed/iotsim-combined-cycle-tls-4.csv,iotsim-combined-cycle-tls,820,benign
id_calib:2665,id_calib,fit,benign,processed/iotsim-combined-cycle-tls-4.csv,iotsim-combined-cycle-tls,821,benign
id_calib:2666,id_calib,fit,benign,processed/iotsim-combined-cycle-tls-4.csv,iotsim-combined-cycle-tls,822,benign
id_calib:2667,id_calib,fit,benign,processed/iotsim-combined-cycle-tls-4.csv,iotsim-combined-cycle-tls,823,benign
id_calib:2668,id_calib,fit,benign,processed/iotsim-combined-cycle-tls-4.csv,iotsim-combined-cycle-tls,824,benign
id_calib:2669,id_calib,fit,benign,processed/iotsim-combined-cycle-tls-4.csv,iotsim-combined-cycle-tls,825,benign
id_calib:2670,id_calib,fit,benign,processed/iotsim-combined-cycle-tls-4.csv,iotsim-combined-cycle-tls,826,benign
id_calib:2671,id_calib,fit,benign,processed/iotsim-combined-cycle-tls-4.csv,iotsim-combined-cycle-tls,827,benign
id_calib:2672,id_calib,fit,benign,processed/iotsim-combined-cycle-tls-4.csv,iotsim-combined-cycle-tls,828,benign
id_calib:2673,id_calib,fit,benign,processed/iotsim-combined-cycle-tls-4.csv,iotsim-combined-cycle-tls,829,benign
id_calib:2674,id_calib,fit,benign,processed/iotsim-combined-cycle-tls-4.csv,iotsim-combined-cycle-tls,830,benign
id_calib:2675,id_calib,fit,benign,processed/iotsim-combined-cycle-tls-4.csv,iotsim-combined-cycle-tls,831,benign
id_calib:2676,id_calib,fit,benign,processed/iotsim-combined-cycle-tls-4.csv,iotsim-combined-cycle-tls,832,benign
id_calib:2677,id_calib,fit,benign,processed/iotsim-combined-cycle-tls-4.csv,iotsim-combined-cycle-tls,833,benign
id_calib:2678,id_calib,fit,benign,processed/iotsim-combined-cycle-tls-4.csv,iotsim-combined-cycle-tls,834,benign
id_calib:2679,id_calib,fit,benign,processed/iotsim-combined-cycle-tls-4.csv,iotsim-combined-cycle-tls,835,benign
id_calib:2680,id_calib,fit,benign,processed/iotsim-combined-cycle-tls-4.csv,iotsim-combined-cycle-tls,836,benign
id_calib:2681,id_calib,fit,benign,processed/iotsim-combined-cycle-tls-4.csv,iotsim-combined-cycle-tls,837,benign
id_calib:2682,id_calib,fit,benign,processed/iotsim-combined-cycle-tls-4.csv,iotsim-combined-cycle-tls,838,benign
id_calib:2683,id_calib,fit,benign,processed/iotsim-combined-cycle-tls-4.csv,iotsim-combined-cycle-tls,839,benign
id_calib:2684,id_calib,fit,benign,processed/iotsim-combined-cycle-tls-4.csv,iotsim-combined-cycle-tls,840,benign
id_calib:2685,id_calib,fit,benign,processed/iotsim-combined-cycle-tls-4.csv,iotsim-combined-cycle-tls,841,benign
id_calib:2686,id_calib,fit,benign,processed/iotsim-combined-cycle-tls-4.csv,iotsim-combined-cycle-tls,842,benign
id_calib:2687,id_calib,fit,benign,processed/iotsim-combined-cycle-tls-4.csv,iotsim-combined-cycle-tls,843,benign
id_calib:2688,id_calib,fit,benign,processed/iotsim-combined-cycle-tls-4.csv,iotsim-combined-cycle-tls,844,benign
id_calib:2689,id_calib,fit,benign,processed/iotsim-combined-cycle-tls-4.csv,iotsim-combined-cycle-tls,845,benign
id_calib:2690,id_calib,fit,benign,processed/iotsim-combined-cycle-tls-4.csv,iotsim-combined-cycle-tls,846,benign
id_calib:2691,id_calib,fit,benign,processed/iotsim-combined-cycle-tls-4.csv,iotsim-combined-cycle-tls,847,benign
id_calib:2692,id_calib,fit,benign,processed/iotsim-combined-cycle-tls-4.csv,iotsim-combined-cycle-tls,848,benign
id_calib:2693,id_calib,fit,benign,processed/iotsim-combined-cycle-tls-4.csv,iotsim-combined-cycle-tls,849,benign
id_calib:2694,id_calib,fit,benign,processed/iotsim-combined-cycle-tls-4.csv,iotsim-combined-cycle-tls,850,benign
id_calib:2695,id_calib,fit,benign,processed/iotsim-combined-cycle-tls-4.csv,iotsim-combined-cycle-tls,851,benign
id_calib:2696,id_calib,fit,benign,processed/iotsim-combined-cycle-tls-4.csv,iotsim-combined-cycle-tls,852,benign
id_calib:2697,id_calib,fit,benign,processed/iotsim-combined-cycle-tls-4.csv,iotsim-combined-cycle-tls,853,benign
id_calib:2698,id_calib,fit,benign,processed/iotsim-combined-cycle-tls-4.csv,iotsim-combined-cycle-tls,854,benign
id_calib:2699,id_calib,fit,benign,processed/iotsim-combined-cycle-tls-4.csv,iotsim-combined-cycle-tls,855,benign
id_calib:2700,id_calib,fit,benign,processed/iotsim-combined-cycle-tls-4.csv,iotsim-combined-cycle-tls,856,benign
id_calib:2701,id_calib,fit,benign,processed/iotsim-combined-cycle-tls-4.csv,iotsim-combined-cycle-tls,857,benign
id_calib:2702,id_calib,fit,benign,processed/iotsim-combined-cycle-tls-4.csv,iotsim-combined-cycle-tls,858,benign
id_calib:2703,id_calib,fit,benign,processed/iotsim-combined-cycle-tls-4.csv,iotsim-combined-cycle-tls,859,benign
id_calib:2704,id_calib,fit,benign,processed/iotsim-combined-cycle-tls-4.csv,iotsim-combined-cycle-tls,860,benign
id_calib:2705,id_calib,fit,benign,processed/iotsim-combined-cycle-tls-4.csv,iotsim-combined-cycle-tls,861,benign
id_calib:2706,id_calib,fit,benign,processed/iotsim-combined-cycle-tls-4.csv,iotsim-combined-cycle-tls,862,benign
id_calib:2707,id_calib,fit,benign,processed/iotsim-combined-cycle-tls-4.csv,iotsim-combined-cycle-tls,863,benign
id_calib:2708,id_calib,fit,benign,processed/iotsim-combined-cycle-tls-4.csv,iotsim-combined-cycle-tls,864,benign
id_calib:2709,id_calib,fit,benign,processed/iotsim-combined-cycle-tls-4.csv,iotsim-combined-cycle-tls,865,benign
id_calib:2710,id_calib,fit,benign,processed/iotsim-combined-cycle-tls-4.csv,iotsim-combined-cycle-tls,866,benign
id_calib:2711,id_calib,fit,benign,processed/iotsim-combined-cycle-tls-4.csv,iotsim-combined-cycle-tls,867,benign
id_calib:2712,id_calib,fit,benign,processed/iotsim-combined-cycle-tls-4.csv,iotsim-combined-cycle-tls,868,benign
id_calib:2713,id_calib,fit,benign,processed/iotsim-combined-cycle-tls-4.csv,iotsim-combined-cycle-tls,869,benign
id_calib:2714,id_calib,fit,benign,processed/iotsim-combined-cycle-tls-4.csv,iotsim-combined-cycle-tls,870,benign
id_calib:2715,id_calib,fit,benign,processed/iotsim-combined-cycle-tls-4.csv,iotsim-combined-cycle-tls,871,benign
id_calib:2716,id_calib,fit,benign,processed/iotsim-combined-cycle-tls-4.csv,iotsim-combined-cycle-tls,872,benign
id_calib:2717,id_calib,fit,benign,processed/iotsim-combined-cycle-tls-4.csv,iotsim-combined-cycle-tls,873,benign
id_calib:2718,id_calib,fit,benign,processed/iotsim-combined-cycle-tls-4.csv,iotsim-combined-cycle-tls,874,benign
id_calib:2719,id_calib,fit,benign,processed/iotsim-combined-cycle-tls-4.csv,iotsim-combined-cycle-tls,875,benign
id_calib:2720,id_calib,fit,benign,processed/iotsim-combined-cycle-tls-4.csv,iotsim-combined-cycle-tls,876,benign
id_calib:2721,id_calib,fit,benign,processed/iotsim-combined-cycle-tls-4.csv,iotsim-combined-cycle-tls,877,benign
id_calib:2722,id_calib,fit,benign,processed/iotsim-combined-cycle-tls-4.csv,iotsim-combined-cycle-tls,878,benign
id_calib:2723,id_calib,fit,benign,processed/iotsim-combined-cycle-tls-4.csv,iotsim-combined-cycle-tls,879,benign
id_calib:2724,id_calib,fit,benign,processed/iotsim-combined-cycle-tls-4.csv,iotsim-combined-cycle-tls,880,benign
id_calib:2725,id_calib,fit,benign,processed/iotsim-combined-cycle-tls-4.csv,iotsim-combined-cycle-tls,881,benign
id_calib:2726,id_calib,fit,benign,processed/iotsim-combined-cycle-tls-4.csv,iotsim-combined-cycle-tls,882,benign
id_calib:2727,id_calib,fit,benign,processed/iotsim-combined-cycle-tls-4.csv,iotsim-combined-cycle-tls,883,benign
id_calib:2728,id_calib,fit,benign,processed/iotsim-combined-cycle-tls-4.csv,iotsim-combined-cycle-tls,884,benign
id_calib:2729,id_calib,fit,benign,processed/iotsim-combined-cycle-tls-4.csv,iotsim-combined-cycle-tls,885,benign
id_calib:2730,id_calib,fit,benign,processed/iotsim-combined-cycle-tls-4.csv,iotsim-combined-cycle-tls,886,benign
id_calib:2731,id_calib,fit,benign,processed/iotsim-combined-cycle-tls-4.csv,iotsim-combined-cycle-tls,887,benign
id_calib:2732,id_calib,fit,benign,processed/iotsim-combined-cycle-tls-4.csv,iotsim-combined-cycle-tls,888,benign
id_calib:2733,id_calib,fit,benign,processed/iotsim-combined-cycle-tls-4.csv,iotsim-combined-cycle-tls,889,benign
id_calib:2734,id_calib,fit,benign,processed/iotsim-combined-cycle-tls-4.csv,iotsim-combined-cycle-tls,890,benign
id_calib:2735,id_calib,fit,benign,processed/iotsim-combined-cycle-tls-4.csv,iotsim-combined-cycle-tls,891,benign
id_calib:2736,id_calib,fit,benign,processed/iotsim-combined-cycle-tls-4.csv,iotsim-combined-cycle-tls,892,benign
id_calib:2737,id_calib,fit,benign,processed/iotsim-combined-cycle-tls-4.csv,iotsim-combined-cycle-tls,893,benign
id_calib:2738,id_calib,fit,benign,processed/iotsim-combined-cycle-tls-4.csv,iotsim-combined-cycle-tls,894,benign
id_calib:2739,id_calib,fit,benign,processed/iotsim-combined-cycle-tls-4.csv,iotsim-combined-cycle-tls,895,benign
id_calib:2740,id_calib,fit,benign,processed/iotsim-combined-cycle-tls-4.csv,iotsim-combined-cycle-tls,896,benign
id_calib:2741,id_calib,fit,benign,processed/iotsim-combined-cycle-tls-4.csv,iotsim-combined-cycle-tls,897,benign
id_calib:2742,id_calib,fit,benign,processed/iotsim-combined-cycle-tls-4.csv,iotsim-combined-cycle-tls,898,benign
id_calib:2743,id_calib,fit,benign,processed/iotsim-combined-cycle-tls-4.csv,iotsim-combined-cycle-tls,899,benign
id_calib:2744,id_calib,fit,benign,processed/iotsim-combined-cycle-tls-4.csv,iotsim-combined-cycle-tls,900,benign
id_calib:2745,id_calib,fit,benign,processed/iotsim-combined-cycle-tls-4.csv,iotsim-combined-cycle-tls,901,benign
id_calib:2746,id_calib,fit,benign,processed/iotsim-combined-cycle-tls-4.csv,iotsim-combined-cycle-tls,902,benign
id_calib:2747,id_calib,fit,benign,processed/iotsim-combined-cycle-tls-4.csv,iotsim-combined-cycle-tls,903,benign
id_calib:2748,id_calib,fit,benign,processed/iotsim-combined-cycle-tls-4.csv,iotsim-combined-cycle-tls,904,benign
id_calib:2749,id_calib,fit,benign,processed/iotsim-combined-cycle-tls-4.csv,iotsim-combined-cycle-tls,905,benign
id_calib:2750,id_calib,fit,benign,processed/iotsim-combined-cycle-tls-4.csv,iotsim-combined-cycle-tls,906,benign
id_calib:2751,id_calib,fit,benign,processed/iotsim-combined-cycle-tls-4.csv,iotsim-combined-cycle-tls,907,benign
id_calib:2752,id_calib,fit,benign,processed/iotsim-combined-cycle-tls-4.csv,iotsim-combined-cycle-tls,908,benign
id_calib:2753,id_calib,fit,benign,processed/iotsim-combined-cycle-tls-4.csv,iotsim-combined-cycle-tls,909,benign
id_calib:2754,id_calib,fit,benign,processed/iotsim-combined-cycle-tls-4.csv,iotsim-combined-cycle-tls,910,benign
id_calib:2755,id_calib,fit,benign,processed/iotsim-combined-cycle-tls-4.csv,iotsim-combined-cycle-tls,911,benign
id_calib:2756,id_calib,fit,benign,processed/iotsim-combined-cycle-tls-4.csv,iotsim-combined-cycle-tls,912,benign
id_calib:2757,id_calib,fit,benign,processed/iotsim-combined-cycle-tls-4.csv,iotsim-combined-cycle-tls,913,benign
id_calib:2758,id_calib,fit,benign,processed/iotsim-combined-cycle-tls-4.csv,iotsim-combined-cycle-tls,914,benign
id_calib:2759,id_calib,fit,benign,processed/iotsim-combined-cycle-tls-4.csv,iotsim-combined-cycle-tls,915,benign
id_calib:2760,id_calib,fit,benign,processed/iotsim-combined-cycle-tls-4.csv,iotsim-combined-cycle-tls,916,benign
id_calib:2761,id_calib,fit,benign,processed/iotsim-combined-cycle-tls-4.csv,iotsim-combined-cycle-tls,917,benign
id_calib:2762,id_calib,fit,benign,processed/iotsim-combined-cycle-tls-4.csv,iotsim-combined-cycle-tls,918,benign
id_calib:2763,id_calib,fit,benign,processed/iotsim-combined-cycle-tls-4.csv,iotsim-combined-cycle-tls,919,benign
id_calib:2764,id_calib,fit,benign,processed/iotsim-combined-cycle-tls-4.csv,iotsim-combined-cycle-tls,920,benign
id_calib:2765,id_calib,fit,benign,processed/iotsim-combined-cycle-tls-4.csv,iotsim-combined-cycle-tls,921,benign
id_calib:2766,id_calib,fit,benign,processed/iotsim-combined-cycle-tls-4.csv,iotsim-combined-cycle-tls,922,benign
id_calib:2767,id_calib,fit,benign,processed/iotsim-combined-cycle-tls-4.csv,iotsim-combined-cycle-tls,923,benign
id_calib:2768,id_calib,fit,benign,processed/iotsim-combined-cycle-tls-4.csv,iotsim-combined-cycle-tls,924,benign
id_calib:2769,id_calib,fit,benign,processed/iotsim-combined-cycle-tls-4.csv,iotsim-combined-cycle-tls,925,benign
id_calib:2770,id_calib,fit,benign,processed/iotsim-combined-cycle-tls-4.csv,iotsim-combined-cycle-tls,926,benign
id_calib:2771,id_calib,fit,benign,processed/iotsim-combined-cycle-tls-4.csv,iotsim-combined-cycle-tls,927,benign
id_calib:2772,id_calib,fit,benign,processed/iotsim-combined-cycle-tls-4.csv,iotsim-combined-cycle-tls,928,benign
id_calib:2773,id_calib,fit,benign,processed/iotsim-combined-cycle-tls-4.csv,iotsim-combined-cycle-tls,929,benign
id_calib:2774,id_calib,fit,benign,processed/iotsim-combined-cycle-tls-4.csv,iotsim-combined-cycle-tls,930,benign
id_calib:2775,id_calib,fit,benign,processed/iotsim-combined-cycle-tls-4.csv,iotsim-combined-cycle-tls,931,benign
id_calib:2776,id_calib,fit,benign,processed/iotsim-combined-cycle-tls-4.csv,iotsim-combined-cycle-tls,932,benign
id_calib:2777,id_calib,fit,benign,processed/iotsim-combined-cycle-tls-4.csv,iotsim-combined-cycle-tls,933,benign
id_calib:2778,id_calib,fit,benign,processed/iotsim-combined-cycle-tls-4.csv,iotsim-combined-cycle-tls,934,benign
id_calib:2779,id_calib,fit,benign,processed/iotsim-combined-cycle-tls-4.csv,iotsim-combined-cycle-tls,935,benign
id_calib:2780,id_calib,fit,benign,processed/iotsim-combined-cycle-tls-4.csv,iotsim-combined-cycle-tls,936,benign
id_calib:2781,id_calib,fit,benign,processed/iotsim-combined-cycle-tls-4.csv,iotsim-combined-cycle-tls,937,benign
id_calib:2782,id_calib,fit,benign,processed/iotsim-combined-cycle-tls-4.csv,iotsim-combined-cycle-tls,938,benign
id_calib:2783,id_calib,fit,benign,processed/iotsim-combined-cycle-tls-4.csv,iotsim-combined-cycle-tls,939,benign
id_calib:2784,id_calib,fit,benign,processed/iotsim-combined-cycle-tls-4.csv,iotsim-combined-cycle-tls,940,benign
id_calib:2785,id_calib,fit,benign,processed/iotsim-combined-cycle-tls-4.csv,iotsim-combined-cycle-tls,941,benign
id_calib:2786,id_calib,fit,benign,processed/iotsim-combined-cycle-tls-4.csv,iotsim-combined-cycle-tls,942,benign
id_calib:2787,id_calib,fit,benign,processed/iotsim-combined-cycle-tls-4.csv,iotsim-combined-cycle-tls,943,benign
id_calib:2788,id_calib,fit,benign,processed/iotsim-combined-cycle-tls-4.csv,iotsim-combined-cycle-tls,944,benign
id_calib:2789,id_calib,fit,benign,processed/iotsim-combined-cycle-tls-4.csv,iotsim-combined-cycle-tls,945,benign
id_calib:2790,id_calib,fit,benign,processed/iotsim-combined-cycle-tls-4.csv,iotsim-combined-cycle-tls,946,benign
id_calib:2791,id_calib,fit,benign,processed/iotsim-combined-cycle-tls-4.csv,iotsim-combined-cycle-tls,947,benign
id_calib:2792,id_calib,fit,benign,processed/iotsim-combined-cycle-tls-4.csv,iotsim-combined-cycle-tls,948,benign
id_calib:2793,id_calib,fit,benign,processed/iotsim-combined-cycle-tls-4.csv,iotsim-combined-cycle-tls,949,benign
id_calib:2794,id_calib,fit,benign,processed/iotsim-combined-cycle-tls-4.csv,iotsim-combined-cycle-tls,950,benign
id_calib:2795,id_calib,fit,benign,processed/iotsim-combined-cycle-tls-4.csv,iotsim-combined-cycle-tls,951,benign
id_calib:2796,id_calib,fit,benign,processed/iotsim-combined-cycle-tls-4.csv,iotsim-combined-cycle-tls,952,benign
id_calib:2797,id_calib,fit,benign,processed/iotsim-combined-cycle-tls-4.csv,iotsim-combined-cycle-tls,953,benign
id_calib:2798,id_calib,fit,benign,processed/iotsim-combined-cycle-tls-4.csv,iotsim-combined-cycle-tls,954,benign
id_calib:2799,id_calib,fit,benign,processed/iotsim-combined-cycle-tls-4.csv,iotsim-combined-cycle-tls,955,benign
id_calib:2800,id_calib,fit,benign,processed/iotsim-combined-cycle-tls-4.csv,iotsim-combined-cycle-tls,956,benign
id_calib:2801,id_calib,fit,benign,processed/iotsim-combined-cycle-tls-4.csv,iotsim-combined-cycle-tls,957,benign
id_calib:2802,id_calib,fit,benign,processed/iotsim-combined-cycle-tls-4.csv,iotsim-combined-cycle-tls,958,benign
id_calib:2803,id_calib,fit,benign,processed/iotsim-combined-cycle-tls-4.csv,iotsim-combined-cycle-tls,959,benign
id_calib:2804,id_calib,fit,benign,processed/iotsim-combined-cycle-tls-4.csv,iotsim-combined-cycle-tls,960,benign
id_calib:2805,id_calib,fit,benign,processed/iotsim-combined-cycle-tls-4.csv,iotsim-combined-cycle-tls,961,benign
id_calib:2806,id_calib,fit,benign,processed/iotsim-combined-cycle-tls-4.csv,iotsim-combined-cycle-tls,962,benign
id_calib:2807,id_calib,fit,benign,processed/iotsim-combined-cycle-tls-4.csv,iotsim-combined-cycle-tls,963,benign
id_calib:2808,id_calib,fit,benign,processed/iotsim-combined-cycle-tls-4.csv,iotsim-combined-cycle-tls,964,benign
id_calib:2809,id_calib,fit,benign,processed/iotsim-combined-cycle-tls-4.csv,iotsim-combined-cycle-tls,965,benign
id_calib:2810,id_calib,fit,benign,processed/iotsim-combined-cycle-tls-4.csv,iotsim-combined-cycle-tls,966,benign
id_calib:2811,id_calib,fit,benign,processed/iotsim-combined-cycle-tls-4.csv,iotsim-combined-cycle-tls,967,benign
id_calib:2812,id_calib,fit,benign,processed/iotsim-combined-cycle-tls-4.csv,iotsim-combined-cycle-tls,968,benign
id_calib:2813,id_calib,fit,benign,processed/iotsim-combined-cycle-tls-4.csv,iotsim-combined-cycle-tls,969,benign
id_calib:2814,id_calib,fit,benign,processed/iotsim-combined-cycle-tls-4.csv,iotsim-combined-cycle-tls,970,benign
id_calib:2815,id_calib,fit,benign,processed/iotsim-combined-cycle-tls-4.csv,iotsim-combined-cycle-tls,971,benign
id_calib:2816,id_calib,fit,benign,processed/iotsim-combined-cycle-tls-4.csv,iotsim-combined-cycle-tls,972,benign
id_calib:2817,id_calib,fit,benign,processed/iotsim-combined-cycle-tls-4.csv,iotsim-combined-cycle-tls,973,benign
id_calib:2818,id_calib,fit,benign,processed/iotsim-combined-cycle-tls-4.csv,iotsim-combined-cycle-tls,974,benign
id_calib:2819,id_calib,fit,benign,processed/iotsim-combined-cycle-tls-4.csv,iotsim-combined-cycle-tls,975,benign
id_calib:2820,id_calib,fit,benign,processed/iotsim-combined-cycle-tls-4.csv,iotsim-combined-cycle-tls,976,benign
id_calib:2821,id_calib,fit,benign,processed/iotsim-combined-cycle-tls-4.csv,iotsim-combined-cycle-tls,977,benign
id_calib:2822,id_calib,fit,benign,processed/iotsim-combined-cycle-tls-4.csv,iotsim-combined-cycle-tls,978,benign
id_calib:2823,id_calib,fit,benign,processed/iotsim-combined-cycle-tls-4.csv,iotsim-combined-cycle-tls,979,benign
id_calib:2824,id_calib,fit,benign,processed/iotsim-combined-cycle-tls-4.csv,iotsim-combined-cycle-tls,980,benign
id_calib:2825,id_calib,fit,benign,processed/iotsim-combined-cycle-tls-4.csv,iotsim-combined-cycle-tls,981,benign
id_calib:2826,id_calib,fit,benign,processed/iotsim-combined-cycle-tls-4.csv,iotsim-combined-cycle-tls,982,benign
id_calib:2827,id_calib,fit,benign,processed/iotsim-combined-cycle-tls-4.csv,iotsim-combined-cycle-tls,983,benign
id_calib:2828,id_calib,fit,benign,processed/iotsim-combined-cycle-tls-4.csv,iotsim-combined-cycle-tls,984,benign
id_calib:2829,id_calib,fit,benign,processed/iotsim-combined-cycle-tls-4.csv,iotsim-combined-cycle-tls,985,benign
id_calib:2830,id_calib,fit,benign,processed/iotsim-combined-cycle-tls-4.csv,iotsim-combined-cycle-tls,986,benign
id_calib:2831,id_calib,fit,benign,processed/iotsim-combined-cycle-tls-4.csv,iotsim-combined-cycle-tls,987,benign
id_calib:2832,id_calib,fit,benign,processed/iotsim-combined-cycle-tls-4.csv,iotsim-combined-cycle-tls,988,benign
id_calib:2833,id_calib,fit,benign,processed/iotsim-combined-cycle-tls-4.csv,iotsim-combined-cycle-tls,989,benign
id_calib:2834,id_calib,fit,benign,processed/iotsim-combined-cycle-tls-4.csv,iotsim-combined-cycle-tls,990,benign
id_calib:2835,id_calib,fit,benign,processed/iotsim-combined-cycle-tls-4.csv,iotsim-combined-cycle-tls,991,benign
id_calib:2836,id_calib,fit,benign,processed/iotsim-combined-cycle-tls-4.csv,iotsim-combined-cycle-tls,992,benign
id_calib:2837,id_calib,fit,benign,processed/iotsim-combined-cycle-tls-4.csv,iotsim-combined-cycle-tls,993,benign
id_calib:2838,id_calib,fit,benign,processed/iotsim-combined-cycle-tls-4.csv,iotsim-combined-cycle-tls,994,benign
id_calib:2839,id_calib,fit,benign,processed/iotsim-combined-cycle-tls-4.csv,iotsim-combined-cycle-tls,995,benign
id_calib:2840,id_calib,fit,benign,processed/iotsim-combined-cycle-tls-4.csv,iotsim-combined-cycle-tls,996,benign
id_calib:2841,id_calib,fit,benign,processed/iotsim-combined-cycle-tls-4.csv,iotsim-combined-cycle-tls,997,benign
id_calib:2842,id_calib,fit,benign,processed/iotsim-combined-cycle-tls-4.csv,iotsim-combined-cycle-tls,998,benign
id_calib:2843,id_calib,fit,benign,processed/iotsim-combined-cycle-tls-4.csv,iotsim-combined-cycle-tls,999,benign
id_calib:2844,id_calib,fit,benign,processed/iotsim-combined-cycle-tls-4.csv,iotsim-combined-cycle-tls,1000,benign
id_calib:2845,id_calib,fit,benign,processed/iotsim-combined-cycle-tls-4.csv,iotsim-combined-cycle-tls,1001,benign
id_calib:2846,id_calib,fit,benign,processed/iotsim-combined-cycle-tls-4.csv,iotsim-combined-cycle-tls,1002,benign
id_calib:2847,id_calib,fit,benign,processed/iotsim-combined-cycle-tls-4.csv,iotsim-combined-cycle-tls,1003,benign
id_calib:2848,id_calib,fit,benign,processed/iotsim-combined-cycle-tls-4.csv,iotsim-combined-cycle-tls,1004,benign
id_calib:2849,id_calib,fit,benign,processed/iotsim-combined-cycle-tls-4.csv,iotsim-combined-cycle-tls,1005,benign
id_calib:2850,id_calib,fit,benign,processed/iotsim-combined-cycle-tls-4.csv,iotsim-combined-cycle-tls,1006,benign
id_calib:2851,id_calib,fit,benign,processed/iotsim-combined-cycle-tls-4.csv,iotsim-combined-cycle-tls,1007,benign
id_calib:2852,id_calib,fit,benign,processed/iotsim-combined-cycle-tls-4.csv,iotsim-combined-cycle-tls,1008,benign
id_calib:2853,id_calib,fit,benign,processed/iotsim-combined-cycle-tls-4.csv,iotsim-combined-cycle-tls,1009,benign
id_calib:2854,id_calib,fit,benign,processed/iotsim-combined-cycle-tls-4.csv,iotsim-combined-cycle-tls,1010,benign
id_calib:2855,id_calib,fit,benign,processed/iotsim-combined-cycle-tls-4.csv,iotsim-combined-cycle-tls,1011,benign
id_calib:2856,id_calib,fit,benign,processed/iotsim-combined-cycle-tls-4.csv,iotsim-combined-cycle-tls,1012,benign
id_calib:2857,id_calib,fit,benign,processed/iotsim-combined-cycle-tls-4.csv,iotsim-combined-cycle-tls,1013,benign
id_calib:2858,id_calib,fit,benign,processed/iotsim-combined-cycle-tls-4.csv,iotsim-combined-cycle-tls,1014,benign
id_calib:2859,id_calib,fit,benign,processed/iotsim-combined-cycle-tls-4.csv,iotsim-combined-cycle-tls,1015,benign
id_calib:2860,id_calib,fit,benign,processed/iotsim-combined-cycle-tls-4.csv,iotsim-combined-cycle-tls,1016,benign
id_calib:2861,id_calib,fit,benign,processed/iotsim-combined-cycle-tls-4.csv,iotsim-combined-cycle-tls,1017,benign
id_calib:2862,id_calib,fit,benign,processed/iotsim-combined-cycle-tls-4.csv,iotsim-combined-cycle-tls,1018,benign
id_calib:2863,id_calib,fit,benign,processed/iotsim-combined-cycle-tls-4.csv,iotsim-combined-cycle-tls,1019,benign
id_calib:2864,id_calib,fit,benign,processed/iotsim-combined-cycle-tls-4.csv,iotsim-combined-cycle-tls,1020,benign
id_calib:2865,id_calib,fit,benign,processed/iotsim-combined-cycle-tls-4.csv,iotsim-combined-cycle-tls,1021,benign
id_calib:2866,id_calib,fit,benign,processed/iotsim-combined-cycle-tls-4.csv,iotsim-combined-cycle-tls,1022,benign
id_calib:2867,id_calib,fit,benign,processed/iotsim-combined-cycle-tls-4.csv,iotsim-combined-cycle-tls,1023,benign
id_calib:2868,id_calib,fit,benign,processed/iotsim-combined-cycle-tls-4.csv,iotsim-combined-cycle-tls,1024,benign
id_calib:2869,id_calib,fit,benign,processed/iotsim-combined-cycle-tls-4.csv,iotsim-combined-cycle-tls,1025,benign
id_calib:2870,id_calib,fit,benign,processed/iotsim-combined-cycle-tls-4.csv,iotsim-combined-cycle-tls,1026,benign
id_calib:2871,id_calib,fit,benign,processed/iotsim-combined-cycle-tls-4.csv,iotsim-combined-cycle-tls,1027,benign
id_calib:2872,id_calib,fit,benign,processed/iotsim-combined-cycle-tls-4.csv,iotsim-combined-cycle-tls,1028,benign
id_calib:2873,id_calib,fit,benign,processed/iotsim-combined-cycle-tls-4.csv,iotsim-combined-cycle-tls,1029,benign
id_calib:2874,id_calib,fit,benign,processed/iotsim-combined-cycle-tls-4.csv,iotsim-combined-cycle-tls,1030,benign
id_calib:2875,id_calib,fit,benign,processed/iotsim-combined-cycle-tls-4.csv,iotsim-combined-cycle-tls,1031,benign
id_calib:2876,id_calib,fit,benign,processed/iotsim-combined-cycle-tls-4.csv,iotsim-combined-cycle-tls,1032,benign
id_calib:2877,id_calib,fit,benign,processed/iotsim-combined-cycle-tls-4.csv,iotsim-combined-cycle-tls,1033,benign
id_calib:2878,id_calib,fit,benign,processed/iotsim-combined-cycle-tls-4.csv,iotsim-combined-cycle-tls,1034,benign
id_calib:2879,id_calib,fit,benign,processed/iotsim-combined-cycle-tls-4.csv,iotsim-combined-cycle-tls,1035,benign
id_calib:2880,id_calib,fit,benign,processed/iotsim-combined-cycle-tls-4.csv,iotsim-combined-cycle-tls,1036,benign
id_calib:2881,id_calib,fit,benign,processed/iotsim-combined-cycle-tls-4.csv,iotsim-combined-cycle-tls,1037,benign
id_calib:2882,id_calib,fit,benign,processed/iotsim-combined-cycle-tls-4.csv,iotsim-combined-cycle-tls,1038,benign
id_calib:2883,id_calib,fit,benign,processed/iotsim-combined-cycle-tls-4.csv,iotsim-combined-cycle-tls,1039,benign
id_calib:2884,id_calib,fit,benign,processed/iotsim-combined-cycle-tls-4.csv,iotsim-combined-cycle-tls,1040,benign
id_calib:2885,id_calib,fit,benign,processed/iotsim-combined-cycle-tls-4.csv,iotsim-combined-cycle-tls,1041,benign
id_calib:2886,id_calib,fit,benign,processed/iotsim-combined-cycle-tls-4.csv,iotsim-combined-cycle-tls,1042,benign
id_calib:2887,id_calib,fit,benign,processed/iotsim-combined-cycle-tls-4.csv,iotsim-combined-cycle-tls,1043,benign
id_calib:2888,id_calib,fit,benign,processed/iotsim-combined-cycle-tls-4.csv,iotsim-combined-cycle-tls,1044,benign
id_calib:2889,id_calib,fit,benign,processed/iotsim-combined-cycle-tls-4.csv,iotsim-combined-cycle-tls,1045,benign
id_calib:2890,id_calib,fit,benign,processed/iotsim-combined-cycle-tls-4.csv,iotsim-combined-cycle-tls,1046,benign
id_calib:2891,id_calib,fit,benign,processed/iotsim-combined-cycle-tls-4.csv,iotsim-combined-cycle-tls,1047,benign
id_calib:2892,id_calib,fit,benign,processed/iotsim-combined-cycle-tls-4.csv,iotsim-combined-cycle-tls,1048,benign
id_calib:2893,id_calib,fit,benign,processed/iotsim-combined-cycle-tls-4.csv,iotsim-combined-cycle-tls,1049,benign
id_calib:2894,id_calib,fit,benign,processed/iotsim-combined-cycle-tls-4.csv,iotsim-combined-cycle-tls,1050,benign
id_calib:2895,id_calib,fit,benign,processed/iotsim-combined-cycle-tls-4.csv,iotsim-combined-cycle-tls,1051,benign
id_calib:2896,id_calib,fit,benign,processed/iotsim-combined-cycle-tls-4.csv,iotsim-combined-cycle-tls,1052,benign
id_calib:2897,id_calib,fit,benign,processed/iotsim-combined-cycle-tls-4.csv,iotsim-combined-cycle-tls,1053,benign
id_calib:2898,id_calib,fit,benign,processed/iotsim-combined-cycle-tls-4.csv,iotsim-combined-cycle-tls,1054,benign
id_calib:2899,id_calib,fit,benign,processed/iotsim-combined-cycle-tls-4.csv,iotsim-combined-cycle-tls,1055,benign
id_calib:2900,id_calib,fit,benign,processed/iotsim-combined-cycle-tls-4.csv,iotsim-combined-cycle-tls,1056,benign
id_calib:2901,id_calib,fit,benign,processed/iotsim-combined-cycle-tls-4.csv,iotsim-combined-cycle-tls,1057,benign
id_calib:2902,id_calib,fit,benign,processed/iotsim-combined-cycle-tls-4.csv,iotsim-combined-cycle-tls,1058,benign
id_calib:2903,id_calib,fit,benign,processed/iotsim-combined-cycle-tls-4.csv,iotsim-combined-cycle-tls,1059,benign
id_calib:2904,id_calib,fit,benign,processed/iotsim-combined-cycle-tls-4.csv,iotsim-combined-cycle-tls,1060,benign
id_calib:2905,id_calib,fit,benign,processed/iotsim-combined-cycle-tls-4.csv,iotsim-combined-cycle-tls,1061,benign
id_calib:2906,id_calib,fit,benign,processed/iotsim-combined-cycle-tls-4.csv,iotsim-combined-cycle-tls,1062,benign
id_calib:2907,id_calib,fit,benign,processed/iotsim-combined-cycle-tls-4.csv,iotsim-combined-cycle-tls,1063,benign
id_calib:2908,id_calib,fit,benign,processed/iotsim-combined-cycle-tls-4.csv,iotsim-combined-cycle-tls,1064,benign
id_calib:2909,id_calib,fit,benign,processed/iotsim-combined-cycle-tls-4.csv,iotsim-combined-cycle-tls,1065,benign
id_calib:2910,id_calib,fit,benign,processed/iotsim-combined-cycle-tls-4.csv,iotsim-combined-cycle-tls,1066,benign
id_calib:2911,id_calib,fit,benign,processed/iotsim-combined-cycle-tls-4.csv,iotsim-combined-cycle-tls,1067,benign
id_calib:2912,id_calib,fit,benign,processed/iotsim-combined-cycle-tls-4.csv,iotsim-combined-cycle-tls,1068,benign
id_calib:2913,id_calib,fit,benign,processed/iotsim-combined-cycle-tls-4.csv,iotsim-combined-cycle-tls,1069,benign
id_calib:2914,id_calib,fit,benign,processed/iotsim-combined-cycle-tls-4.csv,iotsim-combined-cycle-tls,1070,benign
id_calib:2915,id_calib,fit,benign,processed/iotsim-combined-cycle-tls-4.csv,iotsim-combined-cycle-tls,1071,benign
id_calib:2916,id_calib,fit,benign,processed/iotsim-combined-cycle-tls-4.csv,iotsim-combined-cycle-tls,1072,benign
id_calib:2917,id_calib,fit,benign,processed/iotsim-combined-cycle-tls-4.csv,iotsim-combined-cycle-tls,1073,benign
id_calib:2918,id_calib,fit,benign,processed/iotsim-combined-cycle-tls-4.csv,iotsim-combined-cycle-tls,1074,benign
id_calib:2919,id_calib,fit,benign,processed/iotsim-combined-cycle-tls-4.csv,iotsim-combined-cycle-tls,1075,benign
id_calib:2920,id_calib,fit,benign,processed/iotsim-combined-cycle-tls-4.csv,iotsim-combined-cycle-tls,1076,benign
id_calib:2921,id_calib,fit,benign,processed/iotsim-combined-cycle-tls-4.csv,iotsim-combined-cycle-tls,1077,benign
id_calib:2922,id_calib,fit,benign,processed/iotsim-combined-cycle-tls-4.csv,iotsim-combined-cycle-tls,1078,benign
id_calib:2923,id_calib,fit,benign,processed/iotsim-combined-cycle-tls-4.csv,iotsim-combined-cycle-tls,1079,benign
id_calib:2924,id_calib,fit,benign,processed/iotsim-combined-cycle-tls-4.csv,iotsim-combined-cycle-tls,1080,benign
id_calib:2925,id_calib,fit,benign,processed/iotsim-combined-cycle-tls-4.csv,iotsim-combined-cycle-tls,1081,benign
id_calib:2926,id_calib,fit,benign,processed/iotsim-combined-cycle-tls-4.csv,iotsim-combined-cycle-tls,1082,benign
id_calib:2927,id_calib,fit,benign,processed/iotsim-combined-cycle-tls-4.csv,iotsim-combined-cycle-tls,1083,benign
id_calib:2928,id_calib,fit,benign,processed/iotsim-combined-cycle-tls-4.csv,iotsim-combined-cycle-tls,1084,benign
id_calib:2929,id_calib,fit,benign,processed/iotsim-combined-cycle-tls-4.csv,iotsim-combined-cycle-tls,1085,benign
id_calib:2930,id_calib,fit,benign,processed/iotsim-combined-cycle-tls-4.csv,iotsim-combined-cycle-tls,1086,benign
id_calib:2931,id_calib,fit,benign,processed/iotsim-combined-cycle-tls-4.csv,iotsim-combined-cycle-tls,1087,benign
id_calib:2932,id_calib,fit,benign,processed/iotsim-combined-cycle-tls-4.csv,iotsim-combined-cycle-tls,1088,benign
id_calib:2933,id_calib,fit,benign,processed/iotsim-combined-cycle-tls-4.csv,iotsim-combined-cycle-tls,1089,benign
id_calib:2934,id_calib,fit,benign,processed/iotsim-combined-cycle-tls-4.csv,iotsim-combined-cycle-tls,1090,benign
id_calib:2935,id_calib,fit,benign,processed/iotsim-combined-cycle-tls-4.csv,iotsim-combined-cycle-tls,1091,benign
id_calib:2936,id_calib,fit,benign,processed/iotsim-combined-cycle-tls-4.csv,iotsim-combined-cycle-tls,1092,benign
id_calib:2937,id_calib,fit,benign,processed/iotsim-combined-cycle-tls-4.csv,iotsim-combined-cycle-tls,1093,benign
id_calib:2938,id_calib,fit,benign,processed/iotsim-combined-cycle-tls-4.csv,iotsim-combined-cycle-tls,1094,benign
id_calib:2939,id_calib,fit,benign,processed/iotsim-combined-cycle-tls-4.csv,iotsim-combined-cycle-tls,1095,benign
id_calib:2940,id_calib,fit,benign,processed/iotsim-combined-cycle-tls-4.csv,iotsim-combined-cycle-tls,1096,benign
id_calib:2941,id_calib,fit,benign,processed/iotsim-combined-cycle-tls-4.csv,iotsim-combined-cycle-tls,1097,benign
id_calib:2942,id_calib,fit,benign,processed/iotsim-combined-cycle-tls-4.csv,iotsim-combined-cycle-tls,1098,benign
id_calib:2943,id_calib,fit,benign,processed/iotsim-combined-cycle-tls-4.csv,iotsim-combined-cycle-tls,1099,benign
id_calib:2944,id_calib,fit,benign,processed/iotsim-combined-cycle-tls-4.csv,iotsim-combined-cycle-tls,1100,benign
id_calib:2945,id_calib,fit,benign,processed/iotsim-combined-cycle-tls-4.csv,iotsim-combined-cycle-tls,1101,benign
id_calib:2946,id_calib,fit,benign,processed/iotsim-combined-cycle-tls-4.csv,iotsim-combined-cycle-tls,1102,benign
id_calib:2947,id_calib,fit,benign,processed/iotsim-combined-cycle-tls-4.csv,iotsim-combined-cycle-tls,1103,benign
id_calib:2948,id_calib,fit,benign,processed/iotsim-combined-cycle-tls-4.csv,iotsim-combined-cycle-tls,1104,benign
id_calib:2949,id_calib,fit,benign,processed/iotsim-combined-cycle-tls-4.csv,iotsim-combined-cycle-tls,1105,benign
id_calib:2950,id_calib,fit,benign,processed/iotsim-combined-cycle-tls-4.csv,iotsim-combined-cycle-tls,1106,benign
id_calib:2951,id_calib,fit,benign,processed/iotsim-combined-cycle-tls-4.csv,iotsim-combined-cycle-tls,1107,benign
id_calib:2952,id_calib,fit,benign,processed/iotsim-combined-cycle-tls-4.csv,iotsim-combined-cycle-tls,1108,benign
id_calib:2953,id_calib,fit,benign,processed/iotsim-combined-cycle-tls-4.csv,iotsim-combined-cycle-tls,1109,benign
id_calib:2954,id_calib,fit,benign,processed/iotsim-combined-cycle-tls-4.csv,iotsim-combined-cycle-tls,1110,benign
id_calib:2955,id_calib,fit,benign,processed/iotsim-combined-cycle-tls-4.csv,iotsim-combined-cycle-tls,1111,benign
id_calib:2956,id_calib,fit,benign,processed/iotsim-combined-cycle-tls-4.csv,iotsim-combined-cycle-tls,1112,benign
id_calib:2957,id_calib,fit,benign,processed/iotsim-combined-cycle-tls-4.csv,iotsim-combined-cycle-tls,1113,benign
id_calib:2958,id_calib,fit,benign,processed/iotsim-combined-cycle-tls-4.csv,iotsim-combined-cycle-tls,1114,benign
id_calib:2959,id_calib,fit,benign,processed/iotsim-combined-cycle-tls-4.csv,iotsim-combined-cycle-tls,1115,benign
id_calib:2960,id_calib,fit,benign,processed/iotsim-combined-cycle-tls-4.csv,iotsim-combined-cycle-tls,1116,benign
id_calib:2961,id_calib,fit,benign,processed/iotsim-combined-cycle-tls-4.csv,iotsim-combined-cycle-tls,1117,benign
id_calib:2962,id_calib,fit,benign,processed/iotsim-combined-cycle-tls-4.csv,iotsim-combined-cycle-tls,1118,benign
id_calib:2963,id_calib,fit,benign,processed/iotsim-combined-cycle-tls-4.csv,iotsim-combined-cycle-tls,1119,benign
id_calib:2964,id_calib,fit,benign,processed/iotsim-combined-cycle-tls-4.csv,iotsim-combined-cycle-tls,1120,benign
id_calib:2965,id_calib,fit,benign,processed/iotsim-combined-cycle-tls-4.csv,iotsim-combined-cycle-tls,1121,benign
id_calib:2966,id_calib,fit,benign,processed/iotsim-combined-cycle-tls-4.csv,iotsim-combined-cycle-tls,1122,benign
id_calib:2967,id_calib,fit,benign,processed/iotsim-combined-cycle-tls-4.csv,iotsim-combined-cycle-tls,1123,benign
id_calib:2968,id_calib,fit,benign,processed/iotsim-combined-cycle-tls-4.csv,iotsim-combined-cycle-tls,1124,benign
id_calib:2969,id_calib,fit,benign,processed/iotsim-combined-cycle-tls-4.csv,iotsim-combined-cycle-tls,1125,benign
id_calib:2970,id_calib,fit,benign,processed/iotsim-combined-cycle-tls-4.csv,iotsim-combined-cycle-tls,1126,benign
id_calib:2971,id_calib,fit,benign,processed/iotsim-combined-cycle-tls-4.csv,iotsim-combined-cycle-tls,1127,benign
id_calib:2972,id_calib,fit,benign,processed/iotsim-combined-cycle-tls-4.csv,iotsim-combined-cycle-tls,1128,benign
id_calib:2973,id_calib,fit,benign,processed/iotsim-combined-cycle-tls-4.csv,iotsim-combined-cycle-tls,1129,benign
id_calib:2974,id_calib,fit,benign,processed/iotsim-combined-cycle-tls-4.csv,iotsim-combined-cycle-tls,1130,benign
id_calib:2975,id_calib,fit,benign,processed/iotsim-combined-cycle-tls-4.csv,iotsim-combined-cycle-tls,1131,benign
id_calib:2976,id_calib,fit,benign,processed/iotsim-combined-cycle-tls-4.csv,iotsim-combined-cycle-tls,1132,benign
id_calib:2977,id_calib,fit,benign,processed/iotsim-combined-cycle-tls-4.csv,iotsim-combined-cycle-tls,1133,benign
id_calib:2978,id_calib,fit,benign,processed/iotsim-combined-cycle-tls-4.csv,iotsim-combined-cycle-tls,1134,benign
id_calib:2979,id_calib,fit,benign,processed/iotsim-combined-cycle-tls-4.csv,iotsim-combined-cycle-tls,1135,benign
id_calib:2980,id_calib,fit,benign,processed/iotsim-combined-cycle-tls-4.csv,iotsim-combined-cycle-tls,1136,benign
id_calib:2981,id_calib,fit,benign,processed/iotsim-combined-cycle-tls-4.csv,iotsim-combined-cycle-tls,1137,benign
id_calib:2982,id_calib,fit,benign,processed/iotsim-combined-cycle-tls-4.csv,iotsim-combined-cycle-tls,1138,benign
id_calib:2983,id_calib,fit,benign,processed/iotsim-combined-cycle-tls-4.csv,iotsim-combined-cycle-tls,1139,benign
id_calib:2984,id_calib,fit,benign,processed/iotsim-combined-cycle-tls-4.csv,iotsim-combined-cycle-tls,1140,benign
id_calib:2985,id_calib,fit,benign,processed/iotsim-combined-cycle-tls-4.csv,iotsim-combined-cycle-tls,1141,benign
id_calib:2986,id_calib,fit,benign,processed/iotsim-combined-cycle-tls-4.csv,iotsim-combined-cycle-tls,1142,benign
id_calib:2987,id_calib,fit,benign,processed/iotsim-combined-cycle-tls-4.csv,iotsim-combined-cycle-tls,1143,benign
id_calib:2988,id_calib,fit,benign,processed/iotsim-combined-cycle-tls-4.csv,iotsim-combined-cycle-tls,1144,benign
id_calib:2989,id_calib,fit,benign,processed/iotsim-combined-cycle-tls-4.csv,iotsim-combined-cycle-tls,1145,benign
id_calib:2990,id_calib,fit,benign,processed/iotsim-combined-cycle-tls-4.csv,iotsim-combined-cycle-tls,1146,benign
id_calib:2991,id_calib,fit,benign,processed/iotsim-combined-cycle-tls-4.csv,iotsim-combined-cycle-tls,1147,benign
id_calib:2992,id_calib,fit,benign,processed/iotsim-combined-cycle-tls-4.csv,iotsim-combined-cycle-tls,1148,benign
id_calib:2993,id_calib,fit,benign,processed/iotsim-combined-cycle-tls-4.csv,iotsim-combined-cycle-tls,1149,benign
id_calib:2994,id_calib,fit,benign,processed/iotsim-combined-cycle-tls-4.csv,iotsim-combined-cycle-tls,1150,benign
id_calib:2995,id_calib,fit,benign,processed/iotsim-combined-cycle-tls-4.csv,iotsim-combined-cycle-tls,1151,benign
id_calib:2996,id_calib,fit,benign,processed/iotsim-combined-cycle-tls-4.csv,iotsim-combined-cycle-tls,1152,benign
id_calib:2997,id_calib,fit,benign,processed/iotsim-combined-cycle-tls-4.csv,iotsim-combined-cycle-tls,1153,benign
id_calib:2998,id_calib,fit,benign,processed/iotsim-combined-cycle-tls-4.csv,iotsim-combined-cycle-tls,1154,benign
id_calib:2999,id_calib,fit,benign,processed/iotsim-combined-cycle-tls-4.csv,iotsim-combined-cycle-tls,1155,benign
id_calib:3000,id_calib,fit,benign,processed/iotsim-combined-cycle-tls-4.csv,iotsim-combined-cycle-tls,1156,benign
id_calib:3001,id_calib,fit,benign,processed/iotsim-combined-cycle-tls-4.csv,iotsim-combined-cycle-tls,1157,benign
id_calib:3002,id_calib,fit,benign,processed/iotsim-combined-cycle-tls-4.csv,iotsim-combined-cycle-tls,1158,benign
id_calib:3003,id_calib,fit,benign,processed/iotsim-combined-cycle-tls-4.csv,iotsim-combined-cycle-tls,1159,benign
id_calib:3004,id_calib,fit,benign,processed/iotsim-combined-cycle-tls-4.csv,iotsim-combined-cycle-tls,1160,benign
id_calib:3005,id_calib,fit,benign,processed/iotsim-combined-cycle-tls-4.csv,iotsim-combined-cycle-tls,1161,benign
id_calib:3006,id_calib,fit,benign,processed/iotsim-combined-cycle-tls-4.csv,iotsim-combined-cycle-tls,1162,benign
id_calib:3007,id_calib,fit,benign,processed/iotsim-combined-cycle-tls-4.csv,iotsim-combined-cycle-tls,1163,benign
id_calib:3008,id_calib,fit,benign,processed/iotsim-combined-cycle-tls-4.csv,iotsim-combined-cycle-tls,1164,benign
id_calib:3009,id_calib,fit,benign,processed/iotsim-combined-cycle-tls-4.csv,iotsim-combined-cycle-tls,1165,benign
id_calib:3010,id_calib,fit,benign,processed/iotsim-combined-cycle-tls-4.csv,iotsim-combined-cycle-tls,1166,benign
id_calib:3011,id_calib,fit,benign,processed/iotsim-combined-cycle-tls-4.csv,iotsim-combined-cycle-tls,1167,benign
id_calib:3012,id_calib,fit,benign,processed/iotsim-combined-cycle-tls-4.csv,iotsim-combined-cycle-tls,1168,benign
id_calib:3013,id_calib,fit,benign,processed/iotsim-combined-cycle-tls-4.csv,iotsim-combined-cycle-tls,1169,benign
id_calib:3014,id_calib,fit,benign,processed/iotsim-combined-cycle-tls-4.csv,iotsim-combined-cycle-tls,1170,benign
id_calib:3015,id_calib,fit,benign,processed/iotsim-combined-cycle-tls-4.csv,iotsim-combined-cycle-tls,1171,benign
id_calib:3016,id_calib,fit,benign,processed/iotsim-combined-cycle-tls-4.csv,iotsim-combined-cycle-tls,1172,benign
id_calib:3017,id_calib,fit,benign,processed/iotsim-combined-cycle-tls-4.csv,iotsim-combined-cycle-tls,1173,benign
id_calib:3018,id_calib,fit,benign,processed/iotsim-combined-cycle-tls-4.csv,iotsim-combined-cycle-tls,1174,benign
id_calib:3019,id_calib,fit,benign,processed/iotsim-combined-cycle-tls-4.csv,iotsim-combined-cycle-tls,1175,benign
id_calib:3020,id_calib,fit,benign,processed/iotsim-combined-cycle-tls-4.csv,iotsim-combined-cycle-tls,1176,benign
id_calib:3021,id_calib,fit,benign,processed/iotsim-combined-cycle-tls-4.csv,iotsim-combined-cycle-tls,1177,benign
id_calib:3022,id_calib,fit,benign,processed/iotsim-combined-cycle-tls-4.csv,iotsim-combined-cycle-tls,1178,benign
id_calib:3023,id_calib,fit,benign,processed/iotsim-combined-cycle-tls-4.csv,iotsim-combined-cycle-tls,1179,benign
id_calib:3024,id_calib,fit,benign,processed/iotsim-combined-cycle-tls-4.csv,iotsim-combined-cycle-tls,1180,benign
id_calib:3025,id_calib,fit,benign,processed/iotsim-combined-cycle-tls-4.csv,iotsim-combined-cycle-tls,1181,benign
id_calib:3026,id_calib,fit,benign,processed/iotsim-combined-cycle-tls-4.csv,iotsim-combined-cycle-tls,1182,benign
id_calib:3027,id_calib,fit,benign,processed/iotsim-combined-cycle-tls-4.csv,iotsim-combined-cycle-tls,1183,benign
id_calib:3028,id_calib,fit,benign,processed/iotsim-combined-cycle-tls-4.csv,iotsim-combined-cycle-tls,1184,benign
id_calib:3029,id_calib,fit,benign,processed/iotsim-combined-cycle-tls-4.csv,iotsim-combined-cycle-tls,1185,benign
id_calib:3030,id_calib,fit,benign,processed/iotsim-combined-cycle-tls-4.csv,iotsim-combined-cycle-tls,1186,benign
id_calib:3031,id_calib,fit,benign,processed/iotsim-combined-cycle-tls-4.csv,iotsim-combined-cycle-tls,1187,benign
id_calib:3032,id_calib,fit,benign,processed/iotsim-combined-cycle-tls-4.csv,iotsim-combined-cycle-tls,1188,benign
id_calib:3033,id_calib,fit,benign,processed/iotsim-combined-cycle-tls-4.csv,iotsim-combined-cycle-tls,1189,benign
id_calib:3034,id_calib,fit,benign,processed/iotsim-combined-cycle-tls-4.csv,iotsim-combined-cycle-tls,1190,benign
id_calib:3035,id_calib,fit,benign,processed/iotsim-combined-cycle-tls-4.csv,iotsim-combined-cycle-tls,1191,benign
id_calib:3036,id_calib,fit,benign,processed/iotsim-combined-cycle-tls-4.csv,iotsim-combined-cycle-tls,1192,benign
id_calib:3037,id_calib,fit,benign,processed/iotsim-combined-cycle-tls-4.csv,iotsim-combined-cycle-tls,1193,benign
id_calib:3038,id_calib,fit,benign,processed/iotsim-combined-cycle-tls-4.csv,iotsim-combined-cycle-tls,1194,benign
id_calib:3039,id_calib,fit,benign,processed/iotsim-combined-cycle-tls-4.csv,iotsim-combined-cycle-tls,1195,benign
id_calib:3040,id_calib,fit,benign,processed/iotsim-combined-cycle-tls-4.csv,iotsim-combined-cycle-tls,1196,benign
id_calib:3041,id_calib,fit,benign,processed/iotsim-combined-cycle-tls-4.csv,iotsim-combined-cycle-tls,1197,benign
id_calib:3042,id_calib,fit,benign,processed/iotsim-combined-cycle-tls-4.csv,iotsim-combined-cycle-tls,1198,benign
id_calib:3043,id_calib,fit,benign,processed/iotsim-combined-cycle-tls-4.csv,iotsim-combined-cycle-tls,1199,benign
id_calib:3044,id_calib,fit,benign,processed/iotsim-combined-cycle-tls-4.csv,iotsim-combined-cycle-tls,1200,benign
id_calib:3045,id_calib,fit,benign,processed/iotsim-combined-cycle-tls-4.csv,iotsim-combined-cycle-tls,1201,benign
id_calib:3046,id_calib,fit,benign,processed/iotsim-combined-cycle-tls-4.csv,iotsim-combined-cycle-tls,1202,benign
id_calib:3047,id_calib,fit,benign,processed/iotsim-combined-cycle-tls-4.csv,iotsim-combined-cycle-tls,1203,benign
id_calib:3048,id_calib,fit,benign,processed/iotsim-combined-cycle-tls-4.csv,iotsim-combined-cycle-tls,1204,benign
id_calib:3049,id_calib,fit,benign,processed/iotsim-combined-cycle-tls-4.csv,iotsim-combined-cycle-tls,1205,benign
id_calib:3050,id_calib,fit,benign,processed/iotsim-combined-cycle-tls-4.csv,iotsim-combined-cycle-tls,1206,benign
id_calib:3051,id_calib,fit,benign,processed/iotsim-combined-cycle-tls-4.csv,iotsim-combined-cycle-tls,1207,benign
id_calib:3052,id_calib,fit,benign,processed/iotsim-combined-cycle-tls-4.csv,iotsim-combined-cycle-tls,1208,benign
id_calib:3053,id_calib,fit,benign,processed/iotsim-combined-cycle-tls-4.csv,iotsim-combined-cycle-tls,1209,benign
id_calib:3054,id_calib,fit,benign,processed/iotsim-combined-cycle-tls-4.csv,iotsim-combined-cycle-tls,1210,benign
id_calib:3055,id_calib,fit,benign,processed/iotsim-combined-cycle-tls-4.csv,iotsim-combined-cycle-tls,1211,benign
id_calib:3056,id_calib,fit,benign,processed/iotsim-combined-cycle-tls-4.csv,iotsim-combined-cycle-tls,1212,benign
id_calib:3057,id_calib,fit,benign,processed/iotsim-combined-cycle-tls-4.csv,iotsim-combined-cycle-tls,1213,benign
id_calib:3058,id_calib,fit,benign,processed/iotsim-combined-cycle-tls-4.csv,iotsim-combined-cycle-tls,1214,benign
id_calib:3059,id_calib,fit,benign,processed/iotsim-combined-cycle-tls-4.csv,iotsim-combined-cycle-tls,1215,benign
id_calib:3060,id_calib,fit,benign,processed/iotsim-combined-cycle-tls-4.csv,iotsim-combined-cycle-tls,1216,benign
id_calib:3061,id_calib,fit,benign,processed/iotsim-combined-cycle-tls-4.csv,iotsim-combined-cycle-tls,1217,benign
id_calib:3062,id_calib,fit,benign,processed/iotsim-combined-cycle-tls-4.csv,iotsim-combined-cycle-tls,1218,benign
id_calib:3063,id_calib,fit,benign,processed/iotsim-combined-cycle-tls-4.csv,iotsim-combined-cycle-tls,1219,benign
id_calib:3064,id_calib,fit,benign,processed/iotsim-combined-cycle-tls-4.csv,iotsim-combined-cycle-tls,1220,benign
id_calib:3065,id_calib,fit,benign,processed/iotsim-combined-cycle-tls-4.csv,iotsim-combined-cycle-tls,1221,benign
id_calib:3066,id_calib,fit,benign,processed/iotsim-combined-cycle-tls-4.csv,iotsim-combined-cycle-tls,1222,benign
id_calib:3067,id_calib,fit,benign,processed/iotsim-combined-cycle-tls-4.csv,iotsim-combined-cycle-tls,1223,benign
id_calib:3068,id_calib,fit,benign,processed/iotsim-combined-cycle-tls-4.csv,iotsim-combined-cycle-tls,1224,benign
id_calib:3069,id_calib,fit,benign,processed/iotsim-combined-cycle-tls-4.csv,iotsim-combined-cycle-tls,1225,benign
id_calib:3070,id_calib,fit,benign,processed/iotsim-combined-cycle-tls-4.csv,iotsim-combined-cycle-tls,1226,benign
id_calib:3071,id_calib,fit,benign,processed/iotsim-combined-cycle-tls-4.csv,iotsim-combined-cycle-tls,1227,benign
id_calib:3072,id_calib,fit,benign,processed/iotsim-combined-cycle-tls-4.csv,iotsim-combined-cycle-tls,1228,benign
id_calib:3073,id_calib,fit,benign,processed/iotsim-combined-cycle-tls-4.csv,iotsim-combined-cycle-tls,1229,benign
id_calib:3074,id_calib,fit,benign,processed/iotsim-combined-cycle-tls-4.csv,iotsim-combined-cycle-tls,1230,benign
id_calib:3075,id_calib,fit,benign,processed/iotsim-combined-cycle-tls-4.csv,iotsim-combined-cycle-tls,1231,benign
id_calib:3076,id_calib,fit,benign,processed/iotsim-combined-cycle-tls-4.csv,iotsim-combined-cycle-tls,1232,benign
id_calib:3077,id_calib,fit,benign,processed/iotsim-combined-cycle-tls-4.csv,iotsim-combined-cycle-tls,1233,benign
id_calib:3078,id_calib,fit,benign,processed/iotsim-combined-cycle-tls-4.csv,iotsim-combined-cycle-tls,1234,benign
id_calib:3079,id_calib,fit,benign,processed/iotsim-combined-cycle-tls-4.csv,iotsim-combined-cycle-tls,1235,benign
id_calib:3080,id_calib,fit,benign,processed/iotsim-combined-cycle-tls-4.csv,iotsim-combined-cycle-tls,1236,benign
id_calib:3081,id_calib,fit,benign,processed/iotsim-combined-cycle-tls-4.csv,iotsim-combined-cycle-tls,1237,benign
id_calib:3082,id_calib,fit,benign,processed/iotsim-combined-cycle-tls-4.csv,iotsim-combined-cycle-tls,1238,benign
id_calib:3083,id_calib,fit,benign,processed/iotsim-combined-cycle-tls-4.csv,iotsim-combined-cycle-tls,1239,benign
id_calib:3084,id_calib,fit,benign,processed/iotsim-combined-cycle-tls-4.csv,iotsim-combined-cycle-tls,1240,benign
id_calib:3085,id_calib,fit,benign,processed/iotsim-combined-cycle-tls-4.csv,iotsim-combined-cycle-tls,1241,benign
id_calib:3086,id_calib,fit,benign,processed/iotsim-combined-cycle-tls-4.csv,iotsim-combined-cycle-tls,1242,benign
id_calib:3087,id_calib,fit,benign,processed/iotsim-combined-cycle-tls-4.csv,iotsim-combined-cycle-tls,1243,benign
id_calib:3088,id_calib,fit,benign,processed/iotsim-combined-cycle-tls-4.csv,iotsim-combined-cycle-tls,1244,benign
id_calib:3089,id_calib,fit,benign,processed/iotsim-combined-cycle-tls-4.csv,iotsim-combined-cycle-tls,1245,benign
id_calib:3090,id_calib,fit,benign,processed/iotsim-combined-cycle-tls-4.csv,iotsim-combined-cycle-tls,1246,benign
id_calib:3091,id_calib,fit,benign,processed/iotsim-combined-cycle-tls-4.csv,iotsim-combined-cycle-tls,1247,benign
id_calib:3092,id_calib,fit,benign,processed/iotsim-combined-cycle-tls-4.csv,iotsim-combined-cycle-tls,1248,benign
id_calib:3093,id_calib,fit,benign,processed/iotsim-combined-cycle-tls-4.csv,iotsim-combined-cycle-tls,1249,benign
id_calib:3094,id_calib,fit,benign,processed/iotsim-combined-cycle-tls-4.csv,iotsim-combined-cycle-tls,1250,benign
id_calib:3095,id_calib,fit,benign,processed/iotsim-combined-cycle-tls-4.csv,iotsim-combined-cycle-tls,1251,benign
id_calib:3096,id_calib,fit,benign,processed/iotsim-combined-cycle-tls-4.csv,iotsim-combined-cycle-tls,1252,benign
id_calib:3097,id_calib,fit,benign,processed/iotsim-combined-cycle-tls-4.csv,iotsim-combined-cycle-tls,1253,benign
id_calib:3098,id_calib,fit,benign,processed/iotsim-combined-cycle-tls-4.csv,iotsim-combined-cycle-tls,1254,benign
id_calib:3099,id_calib,fit,benign,processed/iotsim-combined-cycle-tls-4.csv,iotsim-combined-cycle-tls,1255,benign
id_calib:3100,id_calib,fit,benign,processed/iotsim-combined-cycle-tls-4.csv,iotsim-combined-cycle-tls,1256,benign
id_calib:3101,id_calib,fit,benign,processed/iotsim-combined-cycle-tls-4.csv,iotsim-combined-cycle-tls,1257,benign
id_calib:3102,id_calib,fit,benign,processed/iotsim-combined-cycle-tls-4.csv,iotsim-combined-cycle-tls,1258,benign
id_calib:3103,id_calib,fit,benign,processed/iotsim-combined-cycle-tls-4.csv,iotsim-combined-cycle-tls,1259,benign
id_calib:3104,id_calib,fit,benign,processed/iotsim-combined-cycle-tls-4.csv,iotsim-combined-cycle-tls,1260,benign
id_calib:3105,id_calib,fit,benign,processed/iotsim-combined-cycle-tls-4.csv,iotsim-combined-cycle-tls,1261,benign
id_calib:3106,id_calib,fit,benign,processed/iotsim-combined-cycle-tls-4.csv,iotsim-combined-cycle-tls,1262,benign
id_calib:3107,id_calib,fit,benign,processed/iotsim-combined-cycle-tls-4.csv,iotsim-combined-cycle-tls,1263,benign
id_calib:3108,id_calib,fit,benign,processed/iotsim-combined-cycle-tls-4.csv,iotsim-combined-cycle-tls,1264,benign
id_calib:3109,id_calib,fit,benign,processed/iotsim-combined-cycle-tls-4.csv,iotsim-combined-cycle-tls,1265,benign
id_calib:3110,id_calib,fit,benign,processed/iotsim-combined-cycle-tls-4.csv,iotsim-combined-cycle-tls,1266,benign
id_calib:3111,id_calib,fit,benign,processed/iotsim-combined-cycle-tls-4.csv,iotsim-combined-cycle-tls,1267,benign
id_calib:3112,id_calib,fit,benign,processed/iotsim-combined-cycle-tls-4.csv,iotsim-combined-cycle-tls,1268,benign
id_calib:3113,id_calib,fit,benign,processed/iotsim-combined-cycle-tls-4.csv,iotsim-combined-cycle-tls,1269,benign
id_calib:3114,id_calib,fit,benign,processed/iotsim-combined-cycle-tls-4.csv,iotsim-combined-cycle-tls,1270,benign
id_calib:3115,id_calib,fit,benign,processed/iotsim-combined-cycle-tls-4.csv,iotsim-combined-cycle-tls,1271,benign
id_calib:3116,id_calib,fit,benign,processed/iotsim-combined-cycle-tls-4.csv,iotsim-combined-cycle-tls,1272,benign
id_calib:3117,id_calib,fit,benign,processed/iotsim-combined-cycle-tls-4.csv,iotsim-combined-cycle-tls,1273,benign
id_calib:3118,id_calib,fit,benign,processed/iotsim-combined-cycle-tls-4.csv,iotsim-combined-cycle-tls,1274,benign
id_calib:3119,id_calib,fit,benign,processed/iotsim-combined-cycle-tls-4.csv,iotsim-combined-cycle-tls,1275,benign
id_calib:3120,id_calib,fit,benign,processed/iotsim-combined-cycle-tls-4.csv,iotsim-combined-cycle-tls,1276,benign
id_calib:3121,id_calib,fit,benign,processed/iotsim-combined-cycle-tls-4.csv,iotsim-combined-cycle-tls,1277,benign
id_calib:3122,id_calib,fit,benign,processed/iotsim-combined-cycle-tls-4.csv,iotsim-combined-cycle-tls,1278,benign
id_calib:3123,id_calib,fit,benign,processed/iotsim-combined-cycle-tls-4.csv,iotsim-combined-cycle-tls,1279,benign
id_calib:3124,id_calib,fit,benign,processed/iotsim-combined-cycle-tls-4.csv,iotsim-combined-cycle-tls,1280,benign
id_calib:3125,id_calib,fit,benign,processed/iotsim-combined-cycle-tls-4.csv,iotsim-combined-cycle-tls,1281,benign
id_calib:3126,id_calib,fit,benign,processed/iotsim-combined-cycle-tls-4.csv,iotsim-combined-cycle-tls,1282,benign
id_calib:3127,id_calib,fit,benign,processed/iotsim-combined-cycle-tls-4.csv,iotsim-combined-cycle-tls,1283,benign
id_calib:3128,id_calib,fit,benign,processed/iotsim-combined-cycle-tls-4.csv,iotsim-combined-cycle-tls,1284,benign
id_calib:3129,id_calib,fit,benign,processed/iotsim-combined-cycle-tls-4.csv,iotsim-combined-cycle-tls,1285,benign
id_calib:3130,id_calib,fit,benign,processed/iotsim-combined-cycle-tls-4.csv,iotsim-combined-cycle-tls,1286,benign
id_calib:3131,id_calib,fit,benign,processed/iotsim-combined-cycle-tls-4.csv,iotsim-combined-cycle-tls,1287,benign
id_calib:3132,id_calib,fit,benign,processed/iotsim-combined-cycle-tls-4.csv,iotsim-combined-cycle-tls,1288,benign
id_calib:3133,id_calib,fit,benign,processed/iotsim-combined-cycle-tls-4.csv,iotsim-combined-cycle-tls,1289,benign
id_calib:3134,id_calib,fit,benign,processed/iotsim-combined-cycle-tls-4.csv,iotsim-combined-cycle-tls,1290,benign
id_calib:3135,id_calib,fit,benign,processed/iotsim-combined-cycle-tls-4.csv,iotsim-combined-cycle-tls,1291,benign
id_calib:3136,id_calib,fit,benign,processed/iotsim-combined-cycle-tls-4.csv,iotsim-combined-cycle-tls,1292,benign
id_calib:3137,id_calib,fit,benign,processed/iotsim-combined-cycle-tls-4.csv,iotsim-combined-cycle-tls,1293,benign
id_calib:3138,id_calib,fit,benign,processed/iotsim-combined-cycle-tls-4.csv,iotsim-combined-cycle-tls,1294,benign
id_calib:3139,id_calib,fit,benign,processed/iotsim-combined-cycle-tls-4.csv,iotsim-combined-cycle-tls,1295,benign
id_calib:3140,id_calib,fit,benign,processed/iotsim-combined-cycle-tls-4.csv,iotsim-combined-cycle-tls,1296,benign
id_calib:3141,id_calib,fit,benign,processed/iotsim-combined-cycle-tls-4.csv,iotsim-combined-cycle-tls,1297,benign
id_calib:3142,id_calib,fit,benign,processed/iotsim-combined-cycle-tls-4.csv,iotsim-combined-cycle-tls,1298,benign
id_calib:3143,id_calib,fit,benign,processed/iotsim-combined-cycle-tls-4.csv,iotsim-combined-cycle-tls,1299,benign
id_calib:3144,id_calib,fit,benign,processed/iotsim-combined-cycle-tls-4.csv,iotsim-combined-cycle-tls,1300,benign
id_calib:3145,id_calib,fit,benign,processed/iotsim-combined-cycle-tls-4.csv,iotsim-combined-cycle-tls,1301,benign
id_calib:3146,id_calib,fit,benign,processed/iotsim-combined-cycle-tls-4.csv,iotsim-combined-cycle-tls,1302,benign
id_calib:3147,id_calib,fit,benign,processed/iotsim-combined-cycle-tls-4.csv,iotsim-combined-cycle-tls,1303,benign
id_calib:3148,id_calib,fit,benign,processed/iotsim-combined-cycle-tls-4.csv,iotsim-combined-cycle-tls,1304,benign
id_calib:3149,id_calib,fit,benign,processed/iotsim-combined-cycle-tls-4.csv,iotsim-combined-cycle-tls,1305,benign
id_calib:3150,id_calib,fit,benign,processed/iotsim-combined-cycle-tls-4.csv,iotsim-combined-cycle-tls,1306,benign
id_calib:3151,id_calib,fit,benign,processed/iotsim-combined-cycle-tls-4.csv,iotsim-combined-cycle-tls,1307,benign
id_calib:3152,id_calib,fit,benign,processed/iotsim-combined-cycle-tls-4.csv,iotsim-combined-cycle-tls,1308,benign
id_calib:3153,id_calib,fit,benign,processed/iotsim-combined-cycle-tls-4.csv,iotsim-combined-cycle-tls,1309,benign
id_calib:3154,id_calib,fit,benign,processed/iotsim-combined-cycle-tls-4.csv,iotsim-combined-cycle-tls,1310,benign
id_calib:3155,id_calib,fit,benign,processed/iotsim-combined-cycle-tls-4.csv,iotsim-combined-cycle-tls,1311,benign
id_calib:3156,id_calib,fit,benign,processed/iotsim-combined-cycle-tls-4.csv,iotsim-combined-cycle-tls,1312,benign
id_calib:3157,id_calib,fit,benign,processed/iotsim-combined-cycle-tls-4.csv,iotsim-combined-cycle-tls,1313,benign
id_calib:3158,id_calib,fit,benign,processed/iotsim-combined-cycle-tls-4.csv,iotsim-combined-cycle-tls,1314,benign
id_calib:3159,id_calib,fit,benign,processed/iotsim-combined-cycle-tls-4.csv,iotsim-combined-cycle-tls,1315,benign
id_calib:3160,id_calib,fit,benign,processed/iotsim-combined-cycle-tls-4.csv,iotsim-combined-cycle-tls,1316,benign
id_calib:3161,id_calib,fit,benign,processed/iotsim-combined-cycle-tls-4.csv,iotsim-combined-cycle-tls,1317,benign
id_calib:3162,id_calib,fit,benign,processed/iotsim-combined-cycle-tls-4.csv,iotsim-combined-cycle-tls,1318,benign
id_calib:3163,id_calib,fit,benign,processed/iotsim-combined-cycle-tls-4.csv,iotsim-combined-cycle-tls,1319,benign
id_calib:3164,id_calib,fit,benign,processed/iotsim-combined-cycle-tls-4.csv,iotsim-combined-cycle-tls,1320,benign
id_calib:3165,id_calib,fit,benign,processed/iotsim-combined-cycle-tls-4.csv,iotsim-combined-cycle-tls,1321,benign
id_calib:3166,id_calib,fit,benign,processed/iotsim-combined-cycle-tls-4.csv,iotsim-combined-cycle-tls,1322,benign
id_calib:3167,id_calib,fit,benign,processed/iotsim-combined-cycle-tls-4.csv,iotsim-combined-cycle-tls,1323,benign
id_calib:3168,id_calib,fit,benign,processed/iotsim-combined-cycle-tls-4.csv,iotsim-combined-cycle-tls,1324,benign
id_calib:3169,id_calib,fit,benign,processed/iotsim-combined-cycle-tls-4.csv,iotsim-combined-cycle-tls,1325,benign
id_calib:3170,id_calib,fit,benign,processed/iotsim-combined-cycle-tls-4.csv,iotsim-combined-cycle-tls,1326,benign
id_calib:3171,id_calib,fit,benign,processed/iotsim-combined-cycle-tls-4.csv,iotsim-combined-cycle-tls,1327,benign
id_calib:3172,id_calib,fit,benign,processed/iotsim-combined-cycle-tls-4.csv,iotsim-combined-cycle-tls,1328,benign
id_calib:3173,id_calib,fit,benign,processed/iotsim-combined-cycle-tls-4.csv,iotsim-combined-cycle-tls,1329,benign
id_calib:3174,id_calib,fit,benign,processed/iotsim-combined-cycle-tls-4.csv,iotsim-combined-cycle-tls,1330,benign
id_calib:3175,id_calib,fit,benign,processed/iotsim-combined-cycle-tls-4.csv,iotsim-combined-cycle-tls,1331,benign
id_calib:3176,id_calib,fit,benign,processed/iotsim-combined-cycle-tls-4.csv,iotsim-combined-cycle-tls,1332,benign
id_calib:3177,id_calib,fit,benign,processed/iotsim-combined-cycle-tls-4.csv,iotsim-combined-cycle-tls,1333,benign
id_calib:3178,id_calib,fit,benign,processed/iotsim-combined-cycle-tls-4.csv,iotsim-combined-cycle-tls,1334,benign
id_calib:3179,id_calib,fit,benign,processed/iotsim-combined-cycle-tls-4.csv,iotsim-combined-cycle-tls,1335,benign
id_calib:3180,id_calib,fit,benign,processed/iotsim-combined-cycle-tls-4.csv,iotsim-combined-cycle-tls,1336,benign
id_calib:3181,id_calib,fit,benign,processed/iotsim-combined-cycle-tls-4.csv,iotsim-combined-cycle-tls,1337,benign
id_calib:3182,id_calib,fit,benign,processed/iotsim-combined-cycle-tls-4.csv,iotsim-combined-cycle-tls,1338,benign
id_calib:3183,id_calib,fit,benign,processed/iotsim-combined-cycle-tls-4.csv,iotsim-combined-cycle-tls,1339,benign
id_calib:3184,id_calib,fit,benign,processed/iotsim-combined-cycle-tls-4.csv,iotsim-combined-cycle-tls,1340,benign
id_calib:3185,id_calib,fit,benign,processed/iotsim-combined-cycle-tls-4.csv,iotsim-combined-cycle-tls,1341,benign
id_calib:3186,id_calib,fit,benign,processed/iotsim-combined-cycle-tls-4.csv,iotsim-combined-cycle-tls,1342,benign
id_calib:3187,id_calib,fit,benign,processed/iotsim-combined-cycle-tls-4.csv,iotsim-combined-cycle-tls,1343,benign
id_calib:3188,id_calib,fit,benign,processed/iotsim-combined-cycle-tls-4.csv,iotsim-combined-cycle-tls,1344,benign
id_calib:3189,id_calib,fit,benign,processed/iotsim-combined-cycle-tls-4.csv,iotsim-combined-cycle-tls,1345,benign
id_calib:3190,id_calib,fit,benign,processed/iotsim-combined-cycle-tls-4.csv,iotsim-combined-cycle-tls,1346,benign
id_calib:3191,id_calib,fit,benign,processed/iotsim-combined-cycle-tls-4.csv,iotsim-combined-cycle-tls,1347,benign
id_calib:3192,id_calib,fit,benign,processed/iotsim-combined-cycle-tls-4.csv,iotsim-combined-cycle-tls,1348,benign
id_calib:3193,id_calib,fit,benign,processed/iotsim-combined-cycle-tls-4.csv,iotsim-combined-cycle-tls,1349,benign
id_calib:3194,id_calib,fit,benign,processed/iotsim-combined-cycle-tls-4.csv,iotsim-combined-cycle-tls,1350,benign
id_calib:3195,id_calib,fit,benign,processed/iotsim-combined-cycle-tls-4.csv,iotsim-combined-cycle-tls,1351,benign
id_calib:3196,id_calib,fit,benign,processed/iotsim-combined-cycle-tls-4.csv,iotsim-combined-cycle-tls,1352,benign
id_calib:3197,id_calib,fit,benign,processed/iotsim-combined-cycle-tls-4.csv,iotsim-combined-cycle-tls,1353,benign
id_calib:3198,id_calib,fit,benign,processed/iotsim-combined-cycle-tls-4.csv,iotsim-combined-cycle-tls,1354,benign
id_calib:3199,id_calib,fit,benign,processed/iotsim-combined-cycle-tls-4.csv,iotsim-combined-cycle-tls,1355,benign
id_calib:3200,id_calib,fit,benign,processed/iotsim-combined-cycle-tls-4.csv,iotsim-combined-cycle-tls,1356,benign
id_calib:3201,id_calib,fit,benign,processed/iotsim-combined-cycle-tls-4.csv,iotsim-combined-cycle-tls,1357,benign
id_calib:3202,id_calib,fit,benign,processed/iotsim-combined-cycle-tls-4.csv,iotsim-combined-cycle-tls,1358,benign
id_calib:3203,id_calib,fit,benign,processed/iotsim-combined-cycle-tls-4.csv,iotsim-combined-cycle-tls,1359,benign
id_calib:3204,id_calib,fit,benign,processed/iotsim-combined-cycle-tls-4.csv,iotsim-combined-cycle-tls,1360,benign
id_calib:3205,id_calib,fit,benign,processed/iotsim-combined-cycle-tls-4.csv,iotsim-combined-cycle-tls,1361,benign
id_calib:3206,id_calib,fit,benign,processed/iotsim-combined-cycle-tls-4.csv,iotsim-combined-cycle-tls,1362,benign
id_calib:3207,id_calib,fit,benign,processed/iotsim-combined-cycle-tls-4.csv,iotsim-combined-cycle-tls,1363,benign
id_calib:3208,id_calib,fit,benign,processed/iotsim-combined-cycle-tls-4.csv,iotsim-combined-cycle-tls,1364,benign
id_calib:3209,id_calib,fit,benign,processed/iotsim-combined-cycle-tls-4.csv,iotsim-combined-cycle-tls,1365,benign
id_calib:3210,id_calib,fit,benign,processed/iotsim-combined-cycle-tls-4.csv,iotsim-combined-cycle-tls,1366,benign
id_calib:3211,id_calib,fit,benign,processed/iotsim-combined-cycle-tls-4.csv,iotsim-combined-cycle-tls,1367,benign
id_calib:3212,id_calib,fit,benign,processed/iotsim-combined-cycle-tls-4.csv,iotsim-combined-cycle-tls,1368,benign
id_calib:3213,id_calib,fit,benign,processed/iotsim-combined-cycle-tls-4.csv,iotsim-combined-cycle-tls,1369,benign
id_calib:3214,id_calib,fit,benign,processed/iotsim-combined-cycle-tls-4.csv,iotsim-combined-cycle-tls,1370,benign
id_calib:3215,id_calib,fit,benign,processed/iotsim-combined-cycle-tls-4.csv,iotsim-combined-cycle-tls,1371,benign
id_calib:3216,id_calib,fit,benign,processed/iotsim-combined-cycle-tls-4.csv,iotsim-combined-cycle-tls,1372,benign
id_calib:3217,id_calib,fit,benign,processed/iotsim-combined-cycle-tls-4.csv,iotsim-combined-cycle-tls,1373,benign
id_calib:3218,id_calib,fit,benign,processed/iotsim-combined-cycle-tls-4.csv,iotsim-combined-cycle-tls,1374,benign
id_calib:3219,id_calib,fit,benign,processed/iotsim-combined-cycle-tls-4.csv,iotsim-combined-cycle-tls,1375,benign
id_calib:3220,id_calib,fit,benign,processed/iotsim-combined-cycle-tls-4.csv,iotsim-combined-cycle-tls,1376,benign
id_calib:3221,id_calib,fit,benign,processed/iotsim-combined-cycle-tls-4.csv,iotsim-combined-cycle-tls,1377,benign
id_calib:3222,id_calib,fit,benign,processed/iotsim-combined-cycle-tls-4.csv,iotsim-combined-cycle-tls,1378,benign
id_calib:3223,id_calib,fit,benign,processed/iotsim-combined-cycle-tls-4.csv,iotsim-combined-cycle-tls,1379,benign
id_calib:3224,id_calib,fit,benign,processed/iotsim-combined-cycle-tls-4.csv,iotsim-combined-cycle-tls,1380,benign
id_calib:3225,id_calib,fit,benign,processed/iotsim-combined-cycle-tls-4.csv,iotsim-combined-cycle-tls,1381,benign
id_calib:3226,id_calib,fit,benign,processed/iotsim-combined-cycle-tls-4.csv,iotsim-combined-cycle-tls,1382,benign
id_calib:3227,id_calib,fit,benign,processed/iotsim-combined-cycle-tls-4.csv,iotsim-combined-cycle-tls,1383,benign
id_calib:3228,id_calib,fit,benign,processed/iotsim-combined-cycle-tls-4.csv,iotsim-combined-cycle-tls,1384,benign
id_calib:3229,id_calib,fit,benign,processed/iotsim-combined-cycle-tls-4.csv,iotsim-combined-cycle-tls,1385,benign
id_calib:3230,id_calib,fit,benign,processed/iotsim-combined-cycle-tls-4.csv,iotsim-combined-cycle-tls,1386,benign
id_calib:3231,id_calib,fit,benign,processed/iotsim-combined-cycle-tls-4.csv,iotsim-combined-cycle-tls,1387,benign
id_calib:3232,id_calib,fit,benign,processed/iotsim-combined-cycle-tls-4.csv,iotsim-combined-cycle-tls,1388,benign
id_calib:3233,id_calib,fit,benign,processed/iotsim-combined-cycle-tls-4.csv,iotsim-combined-cycle-tls,1389,benign
id_calib:3234,id_calib,fit,benign,processed/iotsim-combined-cycle-tls-4.csv,iotsim-combined-cycle-tls,1390,benign
id_calib:3235,id_calib,fit,benign,processed/iotsim-combined-cycle-tls-4.csv,iotsim-combined-cycle-tls,1391,benign
id_calib:3236,id_calib,fit,benign,processed/iotsim-combined-cycle-tls-4.csv,iotsim-combined-cycle-tls,1392,benign
id_calib:3237,id_calib,fit,benign,processed/iotsim-combined-cycle-tls-4.csv,iotsim-combined-cycle-tls,1393,benign
id_calib:3238,id_calib,fit,benign,processed/iotsim-combined-cycle-tls-4.csv,iotsim-combined-cycle-tls,1394,benign
id_calib:3239,id_calib,fit,benign,processed/iotsim-combined-cycle-tls-4.csv,iotsim-combined-cycle-tls,1395,benign
id_calib:3240,id_calib,fit,benign,processed/iotsim-combined-cycle-tls-4.csv,iotsim-combined-cycle-tls,1396,benign
id_calib:3241,id_calib,fit,benign,processed/iotsim-combined-cycle-tls-4.csv,iotsim-combined-cycle-tls,1397,benign
id_calib:3242,id_calib,fit,benign,processed/iotsim-combined-cycle-tls-4.csv,iotsim-combined-cycle-tls,1398,benign
id_calib:3243,id_calib,fit,benign,processed/iotsim-combined-cycle-tls-4.csv,iotsim-combined-cycle-tls,1399,benign
id_calib:3244,id_calib,fit,benign,processed/iotsim-combined-cycle-tls-4.csv,iotsim-combined-cycle-tls,1400,benign
id_calib:3245,id_calib,fit,benign,processed/iotsim-combined-cycle-tls-4.csv,iotsim-combined-cycle-tls,1401,benign
id_calib:3246,id_calib,fit,benign,processed/iotsim-combined-cycle-tls-4.csv,iotsim-combined-cycle-tls,1402,benign
id_calib:3247,id_calib,fit,benign,processed/iotsim-combined-cycle-tls-4.csv,iotsim-combined-cycle-tls,1403,benign
id_calib:3248,id_calib,fit,benign,processed/iotsim-combined-cycle-tls-4.csv,iotsim-combined-cycle-tls,1404,benign
id_calib:3249,id_calib,fit,benign,processed/iotsim-combined-cycle-tls-4.csv,iotsim-combined-cycle-tls,1405,benign
id_calib:3250,id_calib,fit,benign,processed/iotsim-combined-cycle-tls-4.csv,iotsim-combined-cycle-tls,1406,benign
id_calib:3251,id_calib,fit,benign,processed/iotsim-combined-cycle-tls-4.csv,iotsim-combined-cycle-tls,1407,benign
id_calib:3252,id_calib,fit,benign,processed/iotsim-combined-cycle-tls-4.csv,iotsim-combined-cycle-tls,1408,benign
id_calib:3253,id_calib,fit,benign,processed/iotsim-combined-cycle-tls-4.csv,iotsim-combined-cycle-tls,1409,benign
id_calib:3254,id_calib,fit,benign,processed/iotsim-combined-cycle-tls-4.csv,iotsim-combined-cycle-tls,1410,benign
id_calib:3255,id_calib,fit,benign,processed/iotsim-combined-cycle-tls-4.csv,iotsim-combined-cycle-tls,1411,benign
id_calib:3256,id_calib,fit,benign,processed/iotsim-combined-cycle-tls-4.csv,iotsim-combined-cycle-tls,1412,benign
id_calib:3257,id_calib,fit,benign,processed/iotsim-combined-cycle-tls-4.csv,iotsim-combined-cycle-tls,1413,benign
id_calib:3258,id_calib,fit,benign,processed/iotsim-combined-cycle-tls-4.csv,iotsim-combined-cycle-tls,1414,benign
id_calib:3259,id_calib,fit,benign,processed/iotsim-combined-cycle-tls-4.csv,iotsim-combined-cycle-tls,1415,benign
id_calib:3260,id_calib,fit,benign,processed/iotsim-combined-cycle-tls-4.csv,iotsim-combined-cycle-tls,1416,benign
id_calib:3261,id_calib,fit,benign,processed/iotsim-combined-cycle-tls-4.csv,iotsim-combined-cycle-tls,1417,benign
id_calib:3262,id_calib,fit,benign,processed/iotsim-combined-cycle-tls-4.csv,iotsim-combined-cycle-tls,1418,benign
id_calib:3263,id_calib,fit,benign,processed/iotsim-combined-cycle-tls-4.csv,iotsim-combined-cycle-tls,1419,benign
id_calib:3264,id_calib,fit,benign,processed/iotsim-combined-cycle-tls-4.csv,iotsim-combined-cycle-tls,1420,benign
id_calib:3265,id_calib,fit,benign,processed/iotsim-combined-cycle-tls-4.csv,iotsim-combined-cycle-tls,1421,benign
id_calib:3266,id_calib,fit,benign,processed/iotsim-combined-cycle-tls-4.csv,iotsim-combined-cycle-tls,1422,benign
id_calib:3267,id_calib,fit,benign,processed/iotsim-combined-cycle-tls-4.csv,iotsim-combined-cycle-tls,1423,benign
id_calib:3268,id_calib,fit,benign,processed/iotsim-combined-cycle-tls-4.csv,iotsim-combined-cycle-tls,1424,benign
id_calib:3269,id_calib,fit,benign,processed/iotsim-combined-cycle-tls-4.csv,iotsim-combined-cycle-tls,1425,benign
id_calib:3270,id_calib,fit,benign,processed/iotsim-combined-cycle-tls-4.csv,iotsim-combined-cycle-tls,1426,benign
id_calib:3271,id_calib,fit,benign,processed/iotsim-combined-cycle-tls-4.csv,iotsim-combined-cycle-tls,1427,benign
id_calib:3272,id_calib,fit,benign,processed/iotsim-combined-cycle-tls-4.csv,iotsim-combined-cycle-tls,1428,benign
id_calib:3273,id_calib,fit,benign,processed/iotsim-combined-cycle-tls-4.csv,iotsim-combined-cycle-tls,1429,benign
id_calib:3274,id_calib,fit,benign,processed/iotsim-combined-cycle-tls-4.csv,iotsim-combined-cycle-tls,1430,benign
id_calib:3275,id_calib,fit,benign,processed/iotsim-combined-cycle-tls-4.csv,iotsim-combined-cycle-tls,1431,benign
id_calib:3276,id_calib,fit,benign,processed/iotsim-combined-cycle-tls-4.csv,iotsim-combined-cycle-tls,1432,benign
id_calib:3277,id_calib,fit,benign,processed/iotsim-combined-cycle-tls-4.csv,iotsim-combined-cycle-tls,1433,benign
id_calib:3278,id_calib,fit,benign,processed/iotsim-combined-cycle-tls-4.csv,iotsim-combined-cycle-tls,1434,benign
id_calib:3279,id_calib,fit,benign,processed/iotsim-combined-cycle-tls-4.csv,iotsim-combined-cycle-tls,1435,benign
id_calib:3280,id_calib,fit,benign,processed/iotsim-combined-cycle-tls-4.csv,iotsim-combined-cycle-tls,1436,benign
id_calib:3281,id_calib,fit,benign,processed/iotsim-combined-cycle-tls-4.csv,iotsim-combined-cycle-tls,1437,benign
id_calib:3282,id_calib,fit,benign,processed/iotsim-combined-cycle-tls-4.csv,iotsim-combined-cycle-tls,1438,benign
id_calib:3283,id_calib,fit,benign,processed/iotsim-combined-cycle-tls-4.csv,iotsim-combined-cycle-tls,1439,benign
id_calib:3284,id_calib,fit,benign,processed/iotsim-combined-cycle-tls-4.csv,iotsim-combined-cycle-tls,1440,benign
id_calib:3285,id_calib,fit,benign,processed/iotsim-combined-cycle-tls-4.csv,iotsim-combined-cycle-tls,1441,benign
id_calib:3286,id_calib,fit,benign,processed/iotsim-combined-cycle-tls-4.csv,iotsim-combined-cycle-tls,1442,benign
id_calib:3287,id_calib,fit,benign,processed/iotsim-combined-cycle-tls-4.csv,iotsim-combined-cycle-tls,1443,benign
id_calib:3288,id_calib,fit,benign,processed/iotsim-combined-cycle-tls-4.csv,iotsim-combined-cycle-tls,1444,benign
id_calib:3289,id_calib,fit,benign,processed/iotsim-combined-cycle-tls-4.csv,iotsim-combined-cycle-tls,1445,benign
id_calib:3290,id_calib,fit,benign,processed/iotsim-combined-cycle-tls-4.csv,iotsim-combined-cycle-tls,1446,benign
id_calib:3291,id_calib,fit,benign,processed/iotsim-combined-cycle-tls-4.csv,iotsim-combined-cycle-tls,1447,benign
id_calib:3292,id_calib,fit,benign,processed/iotsim-combined-cycle-tls-4.csv,iotsim-combined-cycle-tls,1448,benign
id_calib:3293,id_calib,fit,benign,processed/iotsim-combined-cycle-tls-4.csv,iotsim-combined-cycle-tls,1449,benign
id_calib:3294,id_calib,fit,benign,processed/iotsim-combined-cycle-tls-4.csv,iotsim-combined-cycle-tls,1450,benign
id_calib:3295,id_calib,fit,benign,processed/iotsim-combined-cycle-tls-4.csv,iotsim-combined-cycle-tls,1451,benign
id_calib:3296,id_calib,fit,benign,processed/iotsim-combined-cycle-tls-4.csv,iotsim-combined-cycle-tls,1452,benign
id_calib:3297,id_calib,fit,benign,processed/iotsim-combined-cycle-tls-4.csv,iotsim-combined-cycle-tls,1453,benign
id_calib:3298,id_calib,fit,benign,processed/iotsim-combined-cycle-tls-4.csv,iotsim-combined-cycle-tls,1454,benign
id_calib:3299,id_calib,fit,benign,processed/iotsim-combined-cycle-tls-4.csv,iotsim-combined-cycle-tls,1455,benign
id_calib:3300,id_calib,fit,benign,processed/iotsim-combined-cycle-tls-4.csv,iotsim-combined-cycle-tls,1456,benign
id_calib:3301,id_calib,fit,benign,processed/iotsim-combined-cycle-tls-4.csv,iotsim-combined-cycle-tls,1457,benign
id_calib:3302,id_calib,fit,benign,processed/iotsim-combined-cycle-tls-4.csv,iotsim-combined-cycle-tls,1458,benign
id_calib:3303,id_calib,fit,benign,processed/iotsim-combined-cycle-tls-4.csv,iotsim-combined-cycle-tls,1459,benign
id_calib:3304,id_calib,fit,benign,processed/iotsim-combined-cycle-tls-4.csv,iotsim-combined-cycle-tls,1460,benign
id_calib:3305,id_calib,fit,benign,processed/iotsim-combined-cycle-tls-4.csv,iotsim-combined-cycle-tls,1461,benign
id_calib:3306,id_calib,fit,benign,processed/iotsim-combined-cycle-tls-4.csv,iotsim-combined-cycle-tls,1462,benign
id_calib:3307,id_calib,fit,benign,processed/iotsim-combined-cycle-tls-4.csv,iotsim-combined-cycle-tls,1463,benign
id_calib:3308,id_calib,fit,benign,processed/iotsim-combined-cycle-tls-4.csv,iotsim-combined-cycle-tls,1464,benign
id_calib:3309,id_calib,fit,benign,processed/iotsim-combined-cycle-tls-4.csv,iotsim-combined-cycle-tls,1465,benign
id_calib:3310,id_calib,fit,benign,processed/iotsim-combined-cycle-tls-4.csv,iotsim-combined-cycle-tls,1466,benign
id_calib:3311,id_calib,fit,benign,processed/iotsim-combined-cycle-tls-4.csv,iotsim-combined-cycle-tls,1467,benign
id_calib:3312,id_calib,fit,benign,processed/iotsim-combined-cycle-tls-4.csv,iotsim-combined-cycle-tls,1468,benign
id_calib:3313,id_calib,fit,benign,processed/iotsim-combined-cycle-tls-4.csv,iotsim-combined-cycle-tls,1469,benign
id_calib:3314,id_calib,fit,benign,processed/iotsim-combined-cycle-tls-4.csv,iotsim-combined-cycle-tls,1470,benign
id_calib:3315,id_calib,fit,benign,processed/iotsim-combined-cycle-tls-4.csv,iotsim-combined-cycle-tls,1471,benign
id_calib:3316,id_calib,fit,benign,processed/iotsim-combined-cycle-tls-4.csv,iotsim-combined-cycle-tls,1472,benign
id_calib:3317,id_calib,fit,benign,processed/iotsim-combined-cycle-tls-4.csv,iotsim-combined-cycle-tls,1473,benign
id_calib:3318,id_calib,fit,benign,processed/iotsim-combined-cycle-tls-4.csv,iotsim-combined-cycle-tls,1474,benign
id_calib:3319,id_calib,fit,benign,processed/iotsim-combined-cycle-tls-4.csv,iotsim-combined-cycle-tls,1475,benign
id_calib:3320,id_calib,fit,benign,processed/iotsim-combined-cycle-tls-4.csv,iotsim-combined-cycle-tls,1476,benign
id_calib:3321,id_calib,fit,benign,processed/iotsim-combined-cycle-tls-4.csv,iotsim-combined-cycle-tls,1477,benign
id_calib:3322,id_calib,fit,benign,processed/iotsim-combined-cycle-tls-4.csv,iotsim-combined-cycle-tls,1478,benign
id_calib:3323,id_calib,fit,benign,processed/iotsim-combined-cycle-tls-4.csv,iotsim-combined-cycle-tls,1479,benign
id_calib:3324,id_calib,fit,benign,processed/iotsim-combined-cycle-tls-4.csv,iotsim-combined-cycle-tls,1480,benign
id_calib:3325,id_calib,fit,benign,processed/iotsim-combined-cycle-tls-4.csv,iotsim-combined-cycle-tls,1481,benign
id_calib:3326,id_calib,fit,benign,processed/iotsim-combined-cycle-tls-4.csv,iotsim-combined-cycle-tls,1482,benign
id_calib:3327,id_calib,fit,benign,processed/iotsim-combined-cycle-tls-4.csv,iotsim-combined-cycle-tls,1483,benign
id_calib:3328,id_calib,fit,benign,processed/iotsim-combined-cycle-tls-4.csv,iotsim-combined-cycle-tls,1484,benign
id_calib:3329,id_calib,fit,benign,processed/iotsim-combined-cycle-tls-4.csv,iotsim-combined-cycle-tls,1485,benign
id_calib:3330,id_calib,fit,benign,processed/iotsim-combined-cycle-tls-4.csv,iotsim-combined-cycle-tls,1486,benign
id_calib:3331,id_calib,fit,benign,processed/iotsim-combined-cycle-tls-4.csv,iotsim-combined-cycle-tls,1487,benign
id_calib:3332,id_calib,fit,benign,processed/iotsim-combined-cycle-tls-4.csv,iotsim-combined-cycle-tls,1488,benign
id_calib:3333,id_calib,fit,benign,processed/iotsim-combined-cycle-tls-4.csv,iotsim-combined-cycle-tls,1489,benign
id_calib:3334,id_calib,fit,benign,processed/iotsim-combined-cycle-tls-4.csv,iotsim-combined-cycle-tls,1490,benign
id_calib:3335,id_calib,fit,benign,processed/iotsim-combined-cycle-tls-4.csv,iotsim-combined-cycle-tls,1491,benign
id_calib:3336,id_calib,fit,benign,processed/iotsim-combined-cycle-tls-4.csv,iotsim-combined-cycle-tls,1492,benign
id_calib:3337,id_calib,fit,benign,processed/iotsim-combined-cycle-tls-4.csv,iotsim-combined-cycle-tls,1493,benign
id_calib:3338,id_calib,fit,benign,processed/iotsim-combined-cycle-tls-4.csv,iotsim-combined-cycle-tls,1494,benign
id_calib:3339,id_calib,fit,benign,processed/iotsim-combined-cycle-tls-4.csv,iotsim-combined-cycle-tls,1495,benign
id_calib:3340,id_calib,fit,benign,processed/iotsim-combined-cycle-tls-4.csv,iotsim-combined-cycle-tls,1496,benign
id_calib:3341,id_calib,fit,benign,processed/iotsim-combined-cycle-tls-4.csv,iotsim-combined-cycle-tls,1497,benign
id_calib:3342,id_calib,fit,benign,processed/iotsim-combined-cycle-tls-4.csv,iotsim-combined-cycle-tls,1498,benign
id_calib:3343,id_calib,fit,benign,processed/iotsim-combined-cycle-tls-4.csv,iotsim-combined-cycle-tls,1499,benign
id_calib:3344,id_calib,fit,benign,processed/iotsim-combined-cycle-tls-4.csv,iotsim-combined-cycle-tls,1500,benign
id_calib:3345,id_calib,fit,benign,processed/iotsim-combined-cycle-tls-4.csv,iotsim-combined-cycle-tls,1501,benign
id_calib:3346,id_calib,fit,benign,processed/iotsim-combined-cycle-tls-4.csv,iotsim-combined-cycle-tls,1502,benign
id_calib:3347,id_calib,fit,benign,processed/iotsim-combined-cycle-tls-4.csv,iotsim-combined-cycle-tls,1503,benign
id_calib:3348,id_calib,fit,benign,processed/iotsim-combined-cycle-tls-4.csv,iotsim-combined-cycle-tls,1504,benign
id_calib:3349,id_calib,fit,benign,processed/iotsim-combined-cycle-tls-4.csv,iotsim-combined-cycle-tls,1505,benign
id_calib:3350,id_calib,fit,benign,processed/iotsim-combined-cycle-tls-4.csv,iotsim-combined-cycle-tls,1506,benign
id_calib:3351,id_calib,fit,benign,processed/iotsim-combined-cycle-tls-4.csv,iotsim-combined-cycle-tls,1507,benign
id_calib:3352,id_calib,fit,benign,processed/iotsim-combined-cycle-tls-4.csv,iotsim-combined-cycle-tls,1508,benign
id_calib:3353,id_calib,fit,benign,processed/iotsim-combined-cycle-tls-4.csv,iotsim-combined-cycle-tls,1509,benign
id_calib:3354,id_calib,fit,benign,processed/iotsim-combined-cycle-tls-4.csv,iotsim-combined-cycle-tls,1510,benign
id_calib:3355,id_calib,fit,benign,processed/iotsim-combined-cycle-tls-4.csv,iotsim-combined-cycle-tls,1511,benign
id_calib:3356,id_calib,fit,benign,processed/iotsim-combined-cycle-tls-4.csv,iotsim-combined-cycle-tls,1512,benign
id_calib:3357,id_calib,fit,benign,processed/iotsim-combined-cycle-tls-4.csv,iotsim-combined-cycle-tls,1513,benign
id_calib:3358,id_calib,fit,benign,processed/iotsim-combined-cycle-tls-4.csv,iotsim-combined-cycle-tls,1514,benign
id_calib:3359,id_calib,fit,benign,processed/iotsim-combined-cycle-tls-4.csv,iotsim-combined-cycle-tls,1515,benign
id_calib:3360,id_calib,fit,benign,processed/iotsim-combined-cycle-tls-4.csv,iotsim-combined-cycle-tls,1516,benign
id_calib:3361,id_calib,fit,benign,processed/iotsim-combined-cycle-tls-4.csv,iotsim-combined-cycle-tls,1517,benign
id_calib:3362,id_calib,fit,benign,processed/iotsim-combined-cycle-tls-4.csv,iotsim-combined-cycle-tls,1518,benign
id_calib:3363,id_calib,fit,benign,processed/iotsim-combined-cycle-tls-4.csv,iotsim-combined-cycle-tls,1519,benign
id_calib:3364,id_calib,fit,benign,processed/iotsim-combined-cycle-tls-4.csv,iotsim-combined-cycle-tls,1520,benign
id_calib:3365,id_calib,fit,benign,processed/iotsim-combined-cycle-tls-4.csv,iotsim-combined-cycle-tls,1521,benign
id_calib:3366,id_calib,fit,benign,processed/iotsim-combined-cycle-tls-4.csv,iotsim-combined-cycle-tls,1522,benign
id_calib:3367,id_calib,fit,benign,processed/iotsim-combined-cycle-tls-4.csv,iotsim-combined-cycle-tls,1523,benign
id_calib:3368,id_calib,fit,benign,processed/iotsim-combined-cycle-tls-4.csv,iotsim-combined-cycle-tls,1524,benign
id_calib:3369,id_calib,fit,benign,processed/iotsim-combined-cycle-tls-4.csv,iotsim-combined-cycle-tls,1525,benign
id_calib:3370,id_calib,fit,benign,processed/iotsim-combined-cycle-tls-4.csv,iotsim-combined-cycle-tls,1526,benign
id_calib:3371,id_calib,fit,benign,processed/iotsim-combined-cycle-tls-4.csv,iotsim-combined-cycle-tls,1527,benign
id_calib:3372,id_calib,fit,benign,processed/iotsim-combined-cycle-tls-4.csv,iotsim-combined-cycle-tls,1528,benign
id_calib:3373,id_calib,fit,benign,processed/iotsim-combined-cycle-tls-4.csv,iotsim-combined-cycle-tls,1529,benign
id_calib:3374,id_calib,fit,benign,processed/iotsim-combined-cycle-tls-4.csv,iotsim-combined-cycle-tls,1530,benign
id_calib:3375,id_calib,fit,benign,processed/iotsim-combined-cycle-tls-4.csv,iotsim-combined-cycle-tls,1531,benign
id_calib:3376,id_calib,fit,benign,processed/iotsim-combined-cycle-tls-4.csv,iotsim-combined-cycle-tls,1532,benign
id_calib:3377,id_calib,fit,benign,processed/iotsim-combined-cycle-tls-4.csv,iotsim-combined-cycle-tls,1533,benign
id_calib:3378,id_calib,fit,benign,processed/iotsim-combined-cycle-tls-4.csv,iotsim-combined-cycle-tls,1534,benign
id_calib:3379,id_calib,fit,benign,processed/iotsim-combined-cycle-tls-4.csv,iotsim-combined-cycle-tls,1535,benign
id_calib:3380,id_calib,fit,benign,processed/iotsim-combined-cycle-tls-4.csv,iotsim-combined-cycle-tls,1536,benign
id_calib:3381,id_calib,fit,benign,processed/iotsim-combined-cycle-tls-4.csv,iotsim-combined-cycle-tls,1537,benign
id_calib:3382,id_calib,fit,benign,processed/iotsim-combined-cycle-tls-4.csv,iotsim-combined-cycle-tls,1538,benign
id_calib:3383,id_calib,fit,benign,processed/iotsim-combined-cycle-tls-4.csv,iotsim-combined-cycle-tls,1539,benign
id_calib:3384,id_calib,fit,benign,processed/iotsim-combined-cycle-tls-4.csv,iotsim-combined-cycle-tls,1540,benign
id_calib:3385,id_calib,fit,benign,processed/iotsim-combined-cycle-tls-4.csv,iotsim-combined-cycle-tls,1541,benign
id_calib:3386,id_calib,fit,benign,processed/iotsim-combined-cycle-tls-4.csv,iotsim-combined-cycle-tls,1542,benign
id_calib:3387,id_calib,fit,benign,processed/iotsim-combined-cycle-tls-4.csv,iotsim-combined-cycle-tls,1543,benign
id_calib:3388,id_calib,fit,benign,processed/iotsim-combined-cycle-tls-4.csv,iotsim-combined-cycle-tls,1544,benign
id_calib:3389,id_calib,fit,benign,processed/iotsim-combined-cycle-tls-4.csv,iotsim-combined-cycle-tls,1545,benign
id_calib:3390,id_calib,fit,benign,processed/iotsim-combined-cycle-tls-4.csv,iotsim-combined-cycle-tls,1546,benign
id_calib:3391,id_calib,fit,benign,processed/iotsim-combined-cycle-tls-4.csv,iotsim-combined-cycle-tls,1547,benign
id_calib:3392,id_calib,fit,benign,processed/iotsim-combined-cycle-tls-4.csv,iotsim-combined-cycle-tls,1548,benign
id_calib:3393,id_calib,fit,benign,processed/iotsim-combined-cycle-tls-4.csv,iotsim-combined-cycle-tls,1549,benign
id_calib:3394,id_calib,fit,benign,processed/iotsim-combined-cycle-tls-4.csv,iotsim-combined-cycle-tls,1550,benign
id_calib:3395,id_calib,fit,benign,processed/iotsim-combined-cycle-tls-4.csv,iotsim-combined-cycle-tls,1551,benign
id_calib:3396,id_calib,fit,benign,processed/iotsim-combined-cycle-tls-4.csv,iotsim-combined-cycle-tls,1552,benign
id_calib:3397,id_calib,fit,benign,processed/iotsim-combined-cycle-tls-4.csv,iotsim-combined-cycle-tls,1553,benign
id_calib:3398,id_calib,fit,benign,processed/iotsim-combined-cycle-tls-4.csv,iotsim-combined-cycle-tls,1554,benign
id_calib:3399,id_calib,fit,benign,processed/iotsim-combined-cycle-tls-4.csv,iotsim-combined-cycle-tls,1555,benign
id_calib:3400,id_calib,fit,benign,processed/iotsim-combined-cycle-tls-4.csv,iotsim-combined-cycle-tls,1556,benign
id_calib:3401,id_calib,fit,benign,processed/iotsim-combined-cycle-tls-4.csv,iotsim-combined-cycle-tls,1557,benign
id_calib:3402,id_calib,fit,benign,processed/iotsim-combined-cycle-tls-4.csv,iotsim-combined-cycle-tls,1558,benign
id_calib:3403,id_calib,fit,benign,processed/iotsim-combined-cycle-tls-4.csv,iotsim-combined-cycle-tls,1559,benign
id_calib:3404,id_calib,fit,benign,processed/iotsim-combined-cycle-tls-4.csv,iotsim-combined-cycle-tls,1560,benign
id_calib:3405,id_calib,fit,benign,processed/iotsim-combined-cycle-tls-4.csv,iotsim-combined-cycle-tls,1561,benign
id_calib:3406,id_calib,fit,benign,processed/iotsim-combined-cycle-tls-4.csv,iotsim-combined-cycle-tls,1562,benign
id_calib:3407,id_calib,fit,benign,processed/iotsim-combined-cycle-tls-4.csv,iotsim-combined-cycle-tls,1563,benign
id_calib:3408,id_calib,fit,benign,processed/iotsim-combined-cycle-tls-4.csv,iotsim-combined-cycle-tls,1564,benign
id_calib:3409,id_calib,fit,benign,processed/iotsim-combined-cycle-tls-4.csv,iotsim-combined-cycle-tls,1565,benign
id_calib:3410,id_calib,fit,benign,processed/iotsim-combined-cycle-tls-4.csv,iotsim-combined-cycle-tls,1566,benign
id_calib:3411,id_calib,fit,benign,processed/iotsim-combined-cycle-tls-4.csv,iotsim-combined-cycle-tls,1567,benign
id_calib:3412,id_calib,fit,benign,processed/iotsim-combined-cycle-tls-4.csv,iotsim-combined-cycle-tls,1568,benign
id_calib:3413,id_calib,fit,benign,processed/iotsim-combined-cycle-tls-4.csv,iotsim-combined-cycle-tls,1569,benign
id_calib:3414,id_calib,fit,benign,processed/iotsim-combined-cycle-tls-4.csv,iotsim-combined-cycle-tls,1570,benign
id_calib:3415,id_calib,fit,benign,processed/iotsim-combined-cycle-tls-4.csv,iotsim-combined-cycle-tls,1571,benign
id_calib:3416,id_calib,fit,benign,processed/iotsim-combined-cycle-tls-4.csv,iotsim-combined-cycle-tls,1572,benign
id_calib:3417,id_calib,fit,benign,processed/iotsim-combined-cycle-tls-4.csv,iotsim-combined-cycle-tls,1573,benign
id_calib:3418,id_calib,fit,benign,processed/iotsim-combined-cycle-tls-4.csv,iotsim-combined-cycle-tls,1574,benign
id_calib:3419,id_calib,fit,benign,processed/iotsim-combined-cycle-tls-4.csv,iotsim-combined-cycle-tls,1575,benign
id_calib:3420,id_calib,fit,benign,processed/iotsim-combined-cycle-tls-4.csv,iotsim-combined-cycle-tls,1576,benign
id_calib:3421,id_calib,fit,benign,processed/iotsim-combined-cycle-tls-4.csv,iotsim-combined-cycle-tls,1577,benign
id_calib:3422,id_calib,fit,benign,processed/iotsim-combined-cycle-tls-4.csv,iotsim-combined-cycle-tls,1578,benign
id_calib:3423,id_calib,fit,benign,processed/iotsim-combined-cycle-tls-4.csv,iotsim-combined-cycle-tls,1579,benign
id_calib:3424,id_calib,fit,benign,processed/iotsim-combined-cycle-tls-4.csv,iotsim-combined-cycle-tls,1580,benign
id_calib:3425,id_calib,fit,benign,processed/iotsim-combined-cycle-tls-4.csv,iotsim-combined-cycle-tls,1581,benign
id_calib:3426,id_calib,fit,benign,processed/iotsim-combined-cycle-tls-4.csv,iotsim-combined-cycle-tls,1582,benign
id_calib:3427,id_calib,fit,benign,processed/iotsim-combined-cycle-tls-4.csv,iotsim-combined-cycle-tls,1583,benign
id_calib:3428,id_calib,fit,benign,processed/iotsim-combined-cycle-tls-4.csv,iotsim-combined-cycle-tls,1584,benign
id_calib:3429,id_calib,fit,benign,processed/iotsim-combined-cycle-tls-4.csv,iotsim-combined-cycle-tls,1585,benign
id_calib:3430,id_calib,fit,benign,processed/iotsim-combined-cycle-tls-4.csv,iotsim-combined-cycle-tls,1586,benign
id_calib:3431,id_calib,fit,benign,processed/iotsim-combined-cycle-tls-4.csv,iotsim-combined-cycle-tls,1587,benign
id_calib:3432,id_calib,fit,benign,processed/iotsim-combined-cycle-tls-4.csv,iotsim-combined-cycle-tls,1588,benign
id_calib:3433,id_calib,fit,benign,processed/iotsim-combined-cycle-tls-4.csv,iotsim-combined-cycle-tls,1589,benign
id_calib:3434,id_calib,fit,benign,processed/iotsim-combined-cycle-tls-4.csv,iotsim-combined-cycle-tls,1590,benign
id_calib:3435,id_calib,fit,benign,processed/iotsim-combined-cycle-tls-4.csv,iotsim-combined-cycle-tls,1591,benign
id_calib:3436,id_calib,fit,benign,processed/iotsim-combined-cycle-tls-4.csv,iotsim-combined-cycle-tls,1592,benign
id_calib:3437,id_calib,fit,benign,processed/iotsim-combined-cycle-tls-4.csv,iotsim-combined-cycle-tls,1593,benign
id_calib:3438,id_calib,fit,benign,processed/iotsim-combined-cycle-tls-4.csv,iotsim-combined-cycle-tls,1594,benign
id_calib:3439,id_calib,fit,benign,processed/iotsim-combined-cycle-tls-4.csv,iotsim-combined-cycle-tls,1595,benign
id_calib:3440,id_calib,fit,benign,processed/iotsim-combined-cycle-tls-4.csv,iotsim-combined-cycle-tls,1596,benign
id_calib:3441,id_calib,fit,benign,processed/iotsim-combined-cycle-tls-4.csv,iotsim-combined-cycle-tls,1597,benign
id_calib:3442,id_calib,fit,benign,processed/iotsim-combined-cycle-tls-4.csv,iotsim-combined-cycle-tls,1598,benign
id_calib:3443,id_calib,fit,benign,processed/iotsim-combined-cycle-tls-4.csv,iotsim-combined-cycle-tls,1599,benign
id_calib:3444,id_calib,fit,benign,processed/iotsim-combined-cycle-tls-4.csv,iotsim-combined-cycle-tls,1600,benign
id_calib:3445,id_calib,fit,benign,processed/iotsim-combined-cycle-tls-4.csv,iotsim-combined-cycle-tls,1601,benign
id_calib:3446,id_calib,fit,benign,processed/iotsim-combined-cycle-tls-4.csv,iotsim-combined-cycle-tls,1602,benign
id_calib:3447,id_calib,fit,benign,processed/iotsim-combined-cycle-tls-4.csv,iotsim-combined-cycle-tls,1603,benign
id_calib:3448,id_calib,fit,benign,processed/iotsim-combined-cycle-tls-4.csv,iotsim-combined-cycle-tls,1604,benign
id_calib:3449,id_calib,fit,benign,processed/iotsim-combined-cycle-tls-4.csv,iotsim-combined-cycle-tls,1605,benign
id_calib:3450,id_calib,fit,benign,processed/iotsim-combined-cycle-tls-4.csv,iotsim-combined-cycle-tls,1606,benign
id_calib:3451,id_calib,fit,benign,processed/iotsim-combined-cycle-tls-4.csv,iotsim-combined-cycle-tls,1607,benign
id_calib:3452,id_calib,fit,benign,processed/iotsim-combined-cycle-tls-4.csv,iotsim-combined-cycle-tls,1608,benign
id_calib:3453,id_calib,fit,benign,processed/iotsim-combined-cycle-tls-4.csv,iotsim-combined-cycle-tls,1609,benign
id_calib:3454,id_calib,fit,benign,processed/iotsim-combined-cycle-tls-4.csv,iotsim-combined-cycle-tls,1610,benign
id_calib:3455,id_calib,fit,benign,processed/iotsim-combined-cycle-tls-4.csv,iotsim-combined-cycle-tls,1611,benign
id_calib:3456,id_calib,fit,benign,processed/iotsim-combined-cycle-tls-4.csv,iotsim-combined-cycle-tls,1612,benign
id_calib:3457,id_calib,fit,benign,processed/iotsim-combined-cycle-tls-4.csv,iotsim-combined-cycle-tls,1613,benign
id_calib:3458,id_calib,fit,benign,processed/iotsim-combined-cycle-tls-4.csv,iotsim-combined-cycle-tls,1614,benign
id_calib:3459,id_calib,fit,benign,processed/iotsim-combined-cycle-tls-4.csv,iotsim-combined-cycle-tls,1615,benign
id_calib:3460,id_calib,fit,benign,processed/iotsim-combined-cycle-tls-4.csv,iotsim-combined-cycle-tls,1616,benign
id_calib:3461,id_calib,fit,benign,processed/iotsim-combined-cycle-tls-4.csv,iotsim-combined-cycle-tls,1617,benign
id_calib:3462,id_calib,fit,benign,processed/iotsim-combined-cycle-tls-4.csv,iotsim-combined-cycle-tls,1618,benign
id_calib:3463,id_calib,fit,benign,processed/iotsim-combined-cycle-tls-4.csv,iotsim-combined-cycle-tls,1619,benign
id_calib:3464,id_calib,fit,benign,processed/iotsim-combined-cycle-tls-4.csv,iotsim-combined-cycle-tls,1620,benign
id_calib:3465,id_calib,fit,benign,processed/iotsim-combined-cycle-tls-4.csv,iotsim-combined-cycle-tls,1621,benign
id_calib:3466,id_calib,fit,benign,processed/iotsim-combined-cycle-tls-4.csv,iotsim-combined-cycle-tls,1622,benign
id_calib:3467,id_calib,fit,benign,processed/iotsim-combined-cycle-tls-4.csv,iotsim-combined-cycle-tls,1623,benign
id_calib:3468,id_calib,fit,benign,processed/iotsim-combined-cycle-tls-4.csv,iotsim-combined-cycle-tls,1624,benign
id_calib:3469,id_calib,fit,benign,processed/iotsim-combined-cycle-tls-4.csv,iotsim-combined-cycle-tls,1625,benign
id_calib:3470,id_calib,fit,benign,processed/iotsim-combined-cycle-tls-4.csv,iotsim-combined-cycle-tls,1626,benign
id_calib:3471,id_calib,fit,benign,processed/iotsim-combined-cycle-tls-4.csv,iotsim-combined-cycle-tls,1627,benign
id_calib:3472,id_calib,fit,benign,processed/iotsim-combined-cycle-tls-4.csv,iotsim-combined-cycle-tls,1628,benign
id_calib:3473,id_calib,fit,benign,processed/iotsim-combined-cycle-tls-4.csv,iotsim-combined-cycle-tls,1629,benign
id_calib:3474,id_calib,fit,benign,processed/iotsim-combined-cycle-tls-4.csv,iotsim-combined-cycle-tls,1630,benign
id_calib:3475,id_calib,fit,benign,processed/iotsim-combined-cycle-tls-4.csv,iotsim-combined-cycle-tls,1631,benign
id_calib:3476,id_calib,fit,benign,processed/iotsim-combined-cycle-tls-4.csv,iotsim-combined-cycle-tls,1632,benign
id_calib:3477,id_calib,fit,benign,processed/iotsim-combined-cycle-tls-4.csv,iotsim-combined-cycle-tls,1633,benign
id_calib:3478,id_calib,fit,benign,processed/iotsim-combined-cycle-tls-4.csv,iotsim-combined-cycle-tls,1634,benign
id_calib:3479,id_calib,fit,benign,processed/iotsim-combined-cycle-tls-4.csv,iotsim-combined-cycle-tls,1635,benign
id_calib:3480,id_calib,fit,benign,processed/iotsim-combined-cycle-tls-4.csv,iotsim-combined-cycle-tls,1636,benign
id_calib:3481,id_calib,fit,benign,processed/iotsim-combined-cycle-tls-4.csv,iotsim-combined-cycle-tls,1637,benign
id_calib:3482,id_calib,fit,benign,processed/iotsim-combined-cycle-tls-4.csv,iotsim-combined-cycle-tls,1638,benign
id_calib:3483,id_calib,fit,benign,processed/iotsim-combined-cycle-tls-4.csv,iotsim-combined-cycle-tls,1639,benign
id_calib:3484,id_calib,fit,benign,processed/iotsim-combined-cycle-tls-4.csv,iotsim-combined-cycle-tls,1640,benign
id_calib:3485,id_calib,fit,benign,processed/iotsim-combined-cycle-tls-4.csv,iotsim-combined-cycle-tls,1641,benign
id_calib:3486,id_calib,fit,benign,processed/iotsim-combined-cycle-tls-4.csv,iotsim-combined-cycle-tls,1642,benign
id_calib:3487,id_calib,fit,benign,processed/iotsim-combined-cycle-tls-4.csv,iotsim-combined-cycle-tls,1643,benign
id_calib:3488,id_calib,fit,benign,processed/iotsim-combined-cycle-tls-4.csv,iotsim-combined-cycle-tls,1644,benign
id_calib:3489,id_calib,fit,benign,processed/iotsim-combined-cycle-tls-4.csv,iotsim-combined-cycle-tls,1645,benign
id_calib:3490,id_calib,fit,benign,processed/iotsim-combined-cycle-tls-4.csv,iotsim-combined-cycle-tls,1646,benign
id_calib:3491,id_calib,fit,benign,processed/iotsim-combined-cycle-tls-4.csv,iotsim-combined-cycle-tls,1647,benign
id_calib:3492,id_calib,fit,benign,processed/iotsim-combined-cycle-tls-4.csv,iotsim-combined-cycle-tls,1648,benign
id_calib:3493,id_calib,fit,benign,processed/iotsim-combined-cycle-tls-4.csv,iotsim-combined-cycle-tls,1649,benign
id_calib:3494,id_calib,fit,benign,processed/iotsim-combined-cycle-tls-4.csv,iotsim-combined-cycle-tls,1650,benign
id_calib:3495,id_calib,fit,benign,processed/iotsim-combined-cycle-tls-4.csv,iotsim-combined-cycle-tls,1651,benign
id_calib:3496,id_calib,fit,benign,processed/iotsim-combined-cycle-tls-4.csv,iotsim-combined-cycle-tls,1652,benign
id_calib:3497,id_calib,fit,benign,processed/iotsim-combined-cycle-tls-4.csv,iotsim-combined-cycle-tls,1653,benign
id_calib:3498,id_calib,fit,benign,processed/iotsim-combined-cycle-tls-4.csv,iotsim-combined-cycle-tls,1654,benign
id_calib:3499,id_calib,fit,benign,processed/iotsim-combined-cycle-tls-4.csv,iotsim-combined-cycle-tls,1655,benign
id_calib:3500,id_calib,fit,benign,processed/iotsim-combined-cycle-tls-4.csv,iotsim-combined-cycle-tls,1656,benign
id_calib:3501,id_calib,fit,benign,processed/iotsim-combined-cycle-tls-4.csv,iotsim-combined-cycle-tls,1657,benign
id_calib:3502,id_calib,fit,benign,processed/iotsim-combined-cycle-tls-4.csv,iotsim-combined-cycle-tls,1658,benign
id_calib:3503,id_calib,fit,benign,processed/iotsim-combined-cycle-tls-4.csv,iotsim-combined-cycle-tls,1659,benign
id_calib:3504,id_calib,fit,benign,processed/iotsim-combined-cycle-tls-4.csv,iotsim-combined-cycle-tls,1660,benign
id_calib:3505,id_calib,fit,benign,processed/iotsim-combined-cycle-tls-4.csv,iotsim-combined-cycle-tls,1661,benign
id_calib:3506,id_calib,fit,benign,processed/iotsim-combined-cycle-tls-4.csv,iotsim-combined-cycle-tls,1662,benign
id_calib:3507,id_calib,fit,benign,processed/iotsim-combined-cycle-tls-4.csv,iotsim-combined-cycle-tls,1663,benign
id_calib:3508,id_calib,fit,benign,processed/iotsim-combined-cycle-tls-4.csv,iotsim-combined-cycle-tls,1664,benign
id_calib:3509,id_calib,fit,benign,processed/iotsim-combined-cycle-tls-4.csv,iotsim-combined-cycle-tls,1665,benign
id_calib:3510,id_calib,fit,benign,processed/iotsim-combined-cycle-tls-4.csv,iotsim-combined-cycle-tls,1666,benign
id_calib:3511,id_calib,fit,benign,processed/iotsim-combined-cycle-tls-4.csv,iotsim-combined-cycle-tls,1667,benign
id_calib:3512,id_calib,fit,benign,processed/iotsim-combined-cycle-tls-4.csv,iotsim-combined-cycle-tls,1668,benign
id_calib:3513,id_calib,fit,benign,processed/iotsim-combined-cycle-tls-4.csv,iotsim-combined-cycle-tls,1669,benign
id_calib:3514,id_calib,fit,benign,processed/iotsim-combined-cycle-tls-4.csv,iotsim-combined-cycle-tls,1670,benign
id_calib:3515,id_calib,fit,benign,processed/iotsim-combined-cycle-tls-4.csv,iotsim-combined-cycle-tls,1671,benign
id_calib:3516,id_calib,fit,benign,processed/iotsim-combined-cycle-tls-4.csv,iotsim-combined-cycle-tls,1672,benign
id_calib:3517,id_calib,fit,benign,processed/iotsim-combined-cycle-tls-4.csv,iotsim-combined-cycle-tls,1673,benign
id_calib:3518,id_calib,fit,benign,processed/iotsim-combined-cycle-tls-4.csv,iotsim-combined-cycle-tls,1674,benign
id_calib:3519,id_calib,fit,benign,processed/iotsim-combined-cycle-tls-4.csv,iotsim-combined-cycle-tls,1675,benign
id_calib:3520,id_calib,fit,benign,processed/iotsim-combined-cycle-tls-4.csv,iotsim-combined-cycle-tls,1676,benign
id_calib:3521,id_calib,fit,benign,processed/iotsim-combined-cycle-tls-4.csv,iotsim-combined-cycle-tls,1677,benign
id_calib:3522,id_calib,fit,benign,processed/iotsim-combined-cycle-tls-4.csv,iotsim-combined-cycle-tls,1678,benign
id_calib:3523,id_calib,fit,benign,processed/iotsim-combined-cycle-tls-4.csv,iotsim-combined-cycle-tls,1679,benign
id_calib:3524,id_calib,fit,benign,processed/iotsim-combined-cycle-tls-4.csv,iotsim-combined-cycle-tls,1680,benign
id_calib:3525,id_calib,fit,benign,processed/iotsim-combined-cycle-tls-4.csv,iotsim-combined-cycle-tls,1681,benign
id_calib:3526,id_calib,fit,benign,processed/iotsim-combined-cycle-tls-4.csv,iotsim-combined-cycle-tls,1682,benign
id_calib:3527,id_calib,fit,benign,processed/iotsim-combined-cycle-tls-4.csv,iotsim-combined-cycle-tls,1683,benign
id_calib:3528,id_calib,fit,benign,processed/iotsim-combined-cycle-tls-4.csv,iotsim-combined-cycle-tls,1684,benign
id_calib:3529,id_calib,fit,benign,processed/iotsim-combined-cycle-tls-4.csv,iotsim-combined-cycle-tls,1685,benign
id_calib:3530,id_calib,fit,benign,processed/iotsim-combined-cycle-tls-4.csv,iotsim-combined-cycle-tls,1686,benign
id_calib:3531,id_calib,fit,benign,processed/iotsim-combined-cycle-tls-4.csv,iotsim-combined-cycle-tls,1687,benign
id_calib:3532,id_calib,fit,benign,processed/iotsim-combined-cycle-tls-4.csv,iotsim-combined-cycle-tls,1688,benign
id_calib:3533,id_calib,fit,benign,processed/iotsim-combined-cycle-tls-4.csv,iotsim-combined-cycle-tls,1689,benign
id_calib:3534,id_calib,fit,benign,processed/iotsim-combined-cycle-tls-4.csv,iotsim-combined-cycle-tls,1690,benign
id_calib:3535,id_calib,fit,benign,processed/iotsim-combined-cycle-tls-4.csv,iotsim-combined-cycle-tls,1691,benign
id_calib:3536,id_calib,fit,benign,processed/iotsim-combined-cycle-tls-4.csv,iotsim-combined-cycle-tls,1692,benign
id_calib:3537,id_calib,fit,benign,processed/iotsim-combined-cycle-tls-4.csv,iotsim-combined-cycle-tls,1693,benign
id_calib:3538,id_calib,fit,benign,processed/iotsim-combined-cycle-tls-4.csv,iotsim-combined-cycle-tls,1694,benign
id_calib:3539,id_calib,fit,benign,processed/iotsim-combined-cycle-tls-4.csv,iotsim-combined-cycle-tls,1695,benign
id_calib:3540,id_calib,fit,benign,processed/iotsim-combined-cycle-tls-4.csv,iotsim-combined-cycle-tls,1696,benign
id_calib:3541,id_calib,fit,benign,processed/iotsim-combined-cycle-tls-4.csv,iotsim-combined-cycle-tls,1697,benign
id_calib:3542,id_calib,fit,benign,processed/iotsim-combined-cycle-tls-4.csv,iotsim-combined-cycle-tls,1698,benign
id_calib:3543,id_calib,fit,benign,processed/iotsim-combined-cycle-tls-4.csv,iotsim-combined-cycle-tls,1699,benign
id_calib:3544,id_calib,fit,benign,processed/iotsim-combined-cycle-tls-4.csv,iotsim-combined-cycle-tls,1700,benign
id_calib:3545,id_calib,fit,benign,processed/iotsim-combined-cycle-tls-4.csv,iotsim-combined-cycle-tls,1701,benign
id_calib:3546,id_calib,fit,benign,processed/iotsim-combined-cycle-tls-4.csv,iotsim-combined-cycle-tls,1702,benign
id_calib:3547,id_calib,fit,benign,processed/iotsim-combined-cycle-tls-4.csv,iotsim-combined-cycle-tls,1703,benign
id_calib:3548,id_calib,fit,benign,processed/iotsim-combined-cycle-tls-4.csv,iotsim-combined-cycle-tls,1704,benign
id_calib:3549,id_calib,fit,benign,processed/iotsim-combined-cycle-tls-4.csv,iotsim-combined-cycle-tls,1705,benign
id_calib:3550,id_calib,fit,benign,processed/iotsim-combined-cycle-tls-4.csv,iotsim-combined-cycle-tls,1706,benign
id_calib:3551,id_calib,fit,benign,processed/iotsim-combined-cycle-tls-4.csv,iotsim-combined-cycle-tls,1707,benign
id_calib:3552,id_calib,fit,benign,processed/iotsim-combined-cycle-tls-4.csv,iotsim-combined-cycle-tls,1708,benign
id_calib:3553,id_calib,fit,benign,processed/iotsim-combined-cycle-tls-4.csv,iotsim-combined-cycle-tls,1709,benign
id_calib:3554,id_calib,fit,benign,processed/iotsim-combined-cycle-tls-4.csv,iotsim-combined-cycle-tls,1710,benign
id_calib:3555,id_calib,fit,benign,processed/iotsim-combined-cycle-tls-4.csv,iotsim-combined-cycle-tls,1711,benign
id_calib:3556,id_calib,fit,benign,processed/iotsim-combined-cycle-tls-4.csv,iotsim-combined-cycle-tls,1712,benign
id_calib:3557,id_calib,fit,benign,processed/iotsim-combined-cycle-tls-4.csv,iotsim-combined-cycle-tls,1713,benign
id_calib:3558,id_calib,fit,benign,processed/iotsim-combined-cycle-tls-4.csv,iotsim-combined-cycle-tls,1714,benign
id_calib:3559,id_calib,fit,benign,processed/iotsim-combined-cycle-tls-4.csv,iotsim-combined-cycle-tls,1715,benign
id_calib:3560,id_calib,fit,benign,processed/iotsim-combined-cycle-tls-4.csv,iotsim-combined-cycle-tls,1716,benign
id_calib:3561,id_calib,fit,benign,processed/iotsim-combined-cycle-tls-4.csv,iotsim-combined-cycle-tls,1717,benign
id_calib:3562,id_calib,fit,benign,processed/iotsim-combined-cycle-tls-4.csv,iotsim-combined-cycle-tls,1718,benign
id_calib:3563,id_calib,fit,benign,processed/iotsim-combined-cycle-tls-4.csv,iotsim-combined-cycle-tls,1719,benign
id_calib:3564,id_calib,fit,benign,processed/iotsim-combined-cycle-tls-4.csv,iotsim-combined-cycle-tls,1720,benign
id_calib:3565,id_calib,fit,benign,processed/iotsim-combined-cycle-tls-4.csv,iotsim-combined-cycle-tls,1721,benign
id_calib:3566,id_calib,fit,benign,processed/iotsim-combined-cycle-tls-4.csv,iotsim-combined-cycle-tls,1722,benign
id_calib:3567,id_calib,fit,benign,processed/iotsim-combined-cycle-tls-4.csv,iotsim-combined-cycle-tls,1723,benign
id_calib:3568,id_calib,fit,benign,processed/iotsim-combined-cycle-tls-4.csv,iotsim-combined-cycle-tls,1724,benign
id_calib:3569,id_calib,fit,benign,processed/iotsim-combined-cycle-tls-4.csv,iotsim-combined-cycle-tls,1725,benign
id_calib:3570,id_calib,fit,benign,processed/iotsim-combined-cycle-tls-4.csv,iotsim-combined-cycle-tls,1726,benign
id_calib:3571,id_calib,fit,benign,processed/iotsim-combined-cycle-tls-4.csv,iotsim-combined-cycle-tls,1727,benign
id_calib:3572,id_calib,fit,benign,processed/iotsim-combined-cycle-tls-4.csv,iotsim-combined-cycle-tls,1728,benign
id_calib:3573,id_calib,fit,benign,processed/iotsim-combined-cycle-tls-4.csv,iotsim-combined-cycle-tls,1729,benign
id_calib:3574,id_calib,fit,benign,processed/iotsim-combined-cycle-tls-4.csv,iotsim-combined-cycle-tls,1730,benign
id_calib:3575,id_calib,fit,benign,processed/iotsim-combined-cycle-tls-4.csv,iotsim-combined-cycle-tls,1731,benign
id_calib:3576,id_calib,fit,benign,processed/iotsim-combined-cycle-tls-4.csv,iotsim-combined-cycle-tls,1732,benign
id_calib:3577,id_calib,fit,benign,processed/iotsim-combined-cycle-tls-4.csv,iotsim-combined-cycle-tls,1733,benign
id_calib:3578,id_calib,fit,benign,processed/iotsim-combined-cycle-tls-4.csv,iotsim-combined-cycle-tls,1734,benign
id_calib:3579,id_calib,fit,benign,processed/iotsim-combined-cycle-tls-4.csv,iotsim-combined-cycle-tls,1735,benign
id_calib:3580,id_calib,fit,benign,processed/iotsim-combined-cycle-tls-4.csv,iotsim-combined-cycle-tls,1736,benign
id_calib:3581,id_calib,fit,benign,processed/iotsim-combined-cycle-tls-4.csv,iotsim-combined-cycle-tls,1737,benign
id_calib:3582,id_calib,fit,benign,processed/iotsim-combined-cycle-tls-4.csv,iotsim-combined-cycle-tls,1738,benign
id_calib:3583,id_calib,fit,benign,processed/iotsim-combined-cycle-tls-4.csv,iotsim-combined-cycle-tls,1739,benign
id_calib:3584,id_calib,fit,benign,processed/iotsim-combined-cycle-tls-4.csv,iotsim-combined-cycle-tls,1740,benign
id_calib:3585,id_calib,fit,benign,processed/iotsim-combined-cycle-tls-4.csv,iotsim-combined-cycle-tls,1741,benign
id_calib:3586,id_calib,fit,benign,processed/iotsim-combined-cycle-tls-4.csv,iotsim-combined-cycle-tls,1742,benign
id_calib:3587,id_calib,fit,benign,processed/iotsim-combined-cycle-tls-4.csv,iotsim-combined-cycle-tls,1743,benign
id_calib:3588,id_calib,fit,benign,processed/iotsim-combined-cycle-tls-4.csv,iotsim-combined-cycle-tls,1744,benign
id_calib:3589,id_calib,fit,benign,processed/iotsim-combined-cycle-tls-4.csv,iotsim-combined-cycle-tls,1745,benign
id_calib:3590,id_calib,fit,benign,processed/iotsim-combined-cycle-tls-4.csv,iotsim-combined-cycle-tls,1746,benign
id_calib:3591,id_calib,fit,benign,processed/iotsim-combined-cycle-tls-4.csv,iotsim-combined-cycle-tls,1747,benign
id_calib:3592,id_calib,fit,benign,processed/iotsim-combined-cycle-tls-4.csv,iotsim-combined-cycle-tls,1748,benign
id_calib:3593,id_calib,fit,benign,processed/iotsim-combined-cycle-tls-4.csv,iotsim-combined-cycle-tls,1749,benign
id_calib:3594,id_calib,fit,benign,processed/iotsim-combined-cycle-tls-4.csv,iotsim-combined-cycle-tls,1750,benign
id_calib:3595,id_calib,fit,benign,processed/iotsim-combined-cycle-tls-4.csv,iotsim-combined-cycle-tls,1751,benign
id_calib:3596,id_calib,fit,benign,processed/iotsim-combined-cycle-tls-4.csv,iotsim-combined-cycle-tls,1752,benign
id_calib:3597,id_calib,fit,benign,processed/iotsim-combined-cycle-tls-4.csv,iotsim-combined-cycle-tls,1753,benign
id_calib:3598,id_calib,fit,benign,processed/iotsim-combined-cycle-tls-4.csv,iotsim-combined-cycle-tls,1754,benign
id_calib:3599,id_calib,fit,benign,processed/iotsim-combined-cycle-tls-4.csv,iotsim-combined-cycle-tls,1755,benign
id_calib:3600,id_calib,fit,benign,processed/iotsim-combined-cycle-tls-4.csv,iotsim-combined-cycle-tls,1756,benign
id_calib:3601,id_calib,fit,benign,processed/iotsim-combined-cycle-tls-4.csv,iotsim-combined-cycle-tls,1757,benign
id_calib:3602,id_calib,fit,benign,processed/iotsim-combined-cycle-tls-4.csv,iotsim-combined-cycle-tls,1758,benign
id_calib:3603,id_calib,fit,benign,processed/iotsim-combined-cycle-tls-4.csv,iotsim-combined-cycle-tls,1759,benign
id_calib:3604,id_calib,fit,benign,processed/iotsim-combined-cycle-tls-4.csv,iotsim-combined-cycle-tls,1760,benign
id_calib:3605,id_calib,fit,benign,processed/iotsim-combined-cycle-tls-4.csv,iotsim-combined-cycle-tls,1761,benign
id_calib:3606,id_calib,fit,benign,processed/iotsim-combined-cycle-tls-4.csv,iotsim-combined-cycle-tls,1762,benign
id_calib:3607,id_calib,fit,benign,processed/iotsim-combined-cycle-tls-4.csv,iotsim-combined-cycle-tls,1763,benign
id_calib:3608,id_calib,fit,benign,processed/iotsim-combined-cycle-tls-4.csv,iotsim-combined-cycle-tls,1764,benign
id_calib:3609,id_calib,fit,benign,processed/iotsim-combined-cycle-tls-4.csv,iotsim-combined-cycle-tls,1765,benign
id_calib:3610,id_calib,fit,benign,processed/iotsim-combined-cycle-tls-4.csv,iotsim-combined-cycle-tls,1766,benign
id_calib:3611,id_calib,fit,benign,processed/iotsim-combined-cycle-tls-4.csv,iotsim-combined-cycle-tls,1767,benign
id_calib:3612,id_calib,fit,benign,processed/iotsim-combined-cycle-tls-4.csv,iotsim-combined-cycle-tls,1768,benign
id_calib:3613,id_calib,fit,benign,processed/iotsim-combined-cycle-tls-4.csv,iotsim-combined-cycle-tls,1769,benign
id_calib:3614,id_calib,fit,benign,processed/iotsim-combined-cycle-tls-4.csv,iotsim-combined-cycle-tls,1770,benign
id_calib:3615,id_calib,fit,benign,processed/iotsim-combined-cycle-tls-4.csv,iotsim-combined-cycle-tls,1771,benign
id_calib:3616,id_calib,fit,benign,processed/iotsim-combined-cycle-tls-4.csv,iotsim-combined-cycle-tls,1772,benign
id_calib:3617,id_calib,fit,benign,processed/iotsim-combined-cycle-tls-4.csv,iotsim-combined-cycle-tls,1773,benign
id_calib:3618,id_calib,fit,benign,processed/iotsim-combined-cycle-tls-4.csv,iotsim-combined-cycle-tls,1774,benign
id_calib:3619,id_calib,fit,benign,processed/iotsim-combined-cycle-tls-4.csv,iotsim-combined-cycle-tls,1775,benign
id_calib:3620,id_calib,fit,benign,processed/iotsim-combined-cycle-tls-4.csv,iotsim-combined-cycle-tls,1776,benign
id_calib:3621,id_calib,fit,benign,processed/iotsim-combined-cycle-tls-4.csv,iotsim-combined-cycle-tls,1777,benign
id_calib:3622,id_calib,fit,benign,processed/iotsim-combined-cycle-tls-4.csv,iotsim-combined-cycle-tls,1778,benign
id_calib:3623,id_calib,fit,benign,processed/iotsim-combined-cycle-tls-4.csv,iotsim-combined-cycle-tls,1779,benign
id_calib:3624,id_calib,fit,benign,processed/iotsim-combined-cycle-tls-4.csv,iotsim-combined-cycle-tls,1780,benign
id_calib:3625,id_calib,fit,benign,processed/iotsim-combined-cycle-tls-4.csv,iotsim-combined-cycle-tls,1781,benign
id_calib:3626,id_calib,fit,benign,processed/iotsim-combined-cycle-tls-4.csv,iotsim-combined-cycle-tls,1782,benign
id_calib:3627,id_calib,fit,benign,processed/iotsim-combined-cycle-tls-4.csv,iotsim-combined-cycle-tls,1783,benign
id_calib:3628,id_calib,fit,benign,processed/iotsim-combined-cycle-tls-4.csv,iotsim-combined-cycle-tls,1784,benign
id_calib:3629,id_calib,fit,benign,processed/iotsim-combined-cycle-tls-4.csv,iotsim-combined-cycle-tls,1785,benign
id_calib:3630,id_calib,fit,benign,processed/iotsim-combined-cycle-tls-4.csv,iotsim-combined-cycle-tls,1786,benign
id_calib:3631,id_calib,fit,benign,processed/iotsim-combined-cycle-tls-4.csv,iotsim-combined-cycle-tls,1787,benign
id_calib:3632,id_calib,fit,benign,processed/iotsim-combined-cycle-tls-4.csv,iotsim-combined-cycle-tls,1788,benign
id_calib:3633,id_calib,fit,benign,processed/iotsim-combined-cycle-tls-4.csv,iotsim-combined-cycle-tls,1789,benign
id_calib:3634,id_calib,fit,benign,processed/iotsim-combined-cycle-tls-4.csv,iotsim-combined-cycle-tls,1790,benign
id_calib:3635,id_calib,fit,benign,processed/iotsim-combined-cycle-tls-4.csv,iotsim-combined-cycle-tls,1791,benign
id_calib:3636,id_calib,fit,benign,processed/iotsim-combined-cycle-tls-4.csv,iotsim-combined-cycle-tls,1792,benign
id_calib:3637,id_calib,fit,benign,processed/iotsim-combined-cycle-tls-4.csv,iotsim-combined-cycle-tls,1793,benign
id_calib:3638,id_calib,fit,benign,processed/iotsim-combined-cycle-tls-4.csv,iotsim-combined-cycle-tls,1794,benign
id_calib:3639,id_calib,fit,benign,processed/iotsim-combined-cycle-tls-4.csv,iotsim-combined-cycle-tls,1795,benign
id_calib:3640,id_calib,fit,benign,processed/iotsim-combined-cycle-tls-4.csv,iotsim-combined-cycle-tls,1796,benign
id_calib:3641,id_calib,fit,benign,processed/iotsim-combined-cycle-tls-4.csv,iotsim-combined-cycle-tls,1797,benign
id_calib:3642,id_calib,fit,benign,processed/iotsim-combined-cycle-tls-4.csv,iotsim-combined-cycle-tls,1798,benign
id_calib:3643,id_calib,fit,benign,processed/iotsim-combined-cycle-tls-4.csv,iotsim-combined-cycle-tls,1799,benign
id_calib:3644,id_calib,fit,benign,processed/iotsim-combined-cycle-tls-4.csv,iotsim-combined-cycle-tls,1800,benign
id_calib:3645,id_calib,fit,benign,processed/iotsim-combined-cycle-tls-4.csv,iotsim-combined-cycle-tls,1801,benign
id_calib:3646,id_calib,fit,benign,processed/iotsim-combined-cycle-tls-4.csv,iotsim-combined-cycle-tls,1802,benign
id_calib:3647,id_calib,fit,benign,processed/iotsim-combined-cycle-tls-4.csv,iotsim-combined-cycle-tls,1803,benign
id_calib:3648,id_calib,fit,benign,processed/iotsim-combined-cycle-tls-4.csv,iotsim-combined-cycle-tls,1804,benign
id_calib:3649,id_calib,fit,benign,processed/iotsim-combined-cycle-tls-4.csv,iotsim-combined-cycle-tls,1805,benign
id_calib:3650,id_calib,fit,benign,processed/iotsim-combined-cycle-tls-4.csv,iotsim-combined-cycle-tls,1806,benign
id_calib:3651,id_calib,fit,benign,processed/iotsim-combined-cycle-tls-4.csv,iotsim-combined-cycle-tls,1807,benign
id_calib:3652,id_calib,fit,benign,processed/iotsim-combined-cycle-tls-4.csv,iotsim-combined-cycle-tls,1808,benign
id_calib:3653,id_calib,fit,benign,processed/iotsim-combined-cycle-tls-4.csv,iotsim-combined-cycle-tls,1809,benign
id_calib:3654,id_calib,fit,benign,processed/iotsim-combined-cycle-tls-4.csv,iotsim-combined-cycle-tls,1810,benign
id_calib:3655,id_calib,fit,benign,processed/iotsim-combined-cycle-tls-4.csv,iotsim-combined-cycle-tls,1811,benign
id_calib:3656,id_calib,fit,benign,processed/iotsim-combined-cycle-tls-4.csv,iotsim-combined-cycle-tls,1812,benign
id_calib:3657,id_calib,fit,benign,processed/iotsim-combined-cycle-tls-4.csv,iotsim-combined-cycle-tls,1813,benign
id_calib:3658,id_calib,fit,benign,processed/iotsim-combined-cycle-tls-4.csv,iotsim-combined-cycle-tls,1814,benign
id_calib:3659,id_calib,fit,benign,processed/iotsim-combined-cycle-tls-4.csv,iotsim-combined-cycle-tls,1815,benign
id_calib:3660,id_calib,fit,benign,processed/iotsim-combined-cycle-tls-4.csv,iotsim-combined-cycle-tls,1816,benign
id_calib:3661,id_calib,fit,benign,processed/iotsim-combined-cycle-tls-4.csv,iotsim-combined-cycle-tls,1817,benign
id_calib:3662,id_calib,fit,benign,processed/iotsim-combined-cycle-tls-4.csv,iotsim-combined-cycle-tls,1818,benign
id_calib:3663,id_calib,fit,benign,processed/iotsim-combined-cycle-tls-4.csv,iotsim-combined-cycle-tls,1819,benign
id_calib:3664,id_calib,fit,benign,processed/iotsim-combined-cycle-tls-4.csv,iotsim-combined-cycle-tls,1820,benign
id_calib:3665,id_calib,fit,benign,processed/iotsim-combined-cycle-tls-4.csv,iotsim-combined-cycle-tls,1821,benign
id_calib:3666,id_calib,fit,benign,processed/iotsim-combined-cycle-tls-4.csv,iotsim-combined-cycle-tls,1822,benign
id_calib:3667,id_calib,fit,benign,processed/iotsim-combined-cycle-tls-4.csv,iotsim-combined-cycle-tls,1823,benign
id_calib:3668,id_calib,fit,benign,processed/iotsim-combined-cycle-tls-4.csv,iotsim-combined-cycle-tls,1824,benign
id_calib:3669,id_calib,fit,benign,processed/iotsim-combined-cycle-tls-4.csv,iotsim-combined-cycle-tls,1825,benign
id_calib:3670,id_calib,fit,benign,processed/iotsim-combined-cycle-tls-4.csv,iotsim-combined-cycle-tls,1826,benign
id_calib:3671,id_calib,fit,benign,processed/iotsim-combined-cycle-tls-4.csv,iotsim-combined-cycle-tls,1827,benign
id_calib:3672,id_calib,fit,benign,processed/iotsim-combined-cycle-tls-4.csv,iotsim-combined-cycle-tls,1828,benign
id_calib:3673,id_calib,fit,benign,processed/iotsim-combined-cycle-tls-4.csv,iotsim-combined-cycle-tls,1829,benign
id_calib:3674,id_calib,fit,benign,processed/iotsim-combined-cycle-tls-4.csv,iotsim-combined-cycle-tls,1830,benign
id_calib:3675,id_calib,fit,benign,processed/iotsim-combined-cycle-tls-4.csv,iotsim-combined-cycle-tls,1831,benign
id_calib:3676,id_calib,fit,benign,processed/iotsim-combined-cycle-tls-4.csv,iotsim-combined-cycle-tls,1832,benign
id_calib:3677,id_calib,fit,benign,processed/iotsim-combined-cycle-tls-4.csv,iotsim-combined-cycle-tls,1833,benign
id_calib:3678,id_calib,fit,benign,processed/iotsim-combined-cycle-tls-4.csv,iotsim-combined-cycle-tls,1834,benign
id_calib:3679,id_calib,fit,benign,processed/iotsim-combined-cycle-tls-4.csv,iotsim-combined-cycle-tls,1835,benign
id_calib:3680,id_calib,fit,benign,processed/iotsim-combined-cycle-tls-4.csv,iotsim-combined-cycle-tls,1836,benign
id_calib:3681,id_calib,fit,benign,processed/iotsim-combined-cycle-tls-4.csv,iotsim-combined-cycle-tls,1837,benign
id_calib:3682,id_calib,fit,benign,processed/iotsim-combined-cycle-tls-4.csv,iotsim-combined-cycle-tls,1838,benign
id_calib:3683,id_calib,fit,benign,processed/iotsim-combined-cycle-tls-4.csv,iotsim-combined-cycle-tls,1839,benign
id_calib:3684,id_calib,fit,benign,processed/iotsim-combined-cycle-tls-4.csv,iotsim-combined-cycle-tls,1840,benign
id_calib:3685,id_calib,fit,benign,processed/iotsim-combined-cycle-tls-4.csv,iotsim-combined-cycle-tls,1841,benign
id_calib:3686,id_calib,fit,benign,processed/iotsim-combined-cycle-tls-4.csv,iotsim-combined-cycle-tls,1842,benign
id_calib:3687,id_calib,fit,benign,processed/iotsim-combined-cycle-tls-4.csv,iotsim-combined-cycle-tls,1843,benign
id_calib:3688,id_calib,fit,benign,processed/iotsim-combined-cycle-tls-4.csv,iotsim-combined-cycle-tls,1844,benign
id_calib:3689,id_calib,fit,benign,processed/iotsim-combined-cycle-tls-4.csv,iotsim-combined-cycle-tls,1845,benign
id_calib:3690,id_calib,fit,benign,processed/iotsim-combined-cycle-tls-4.csv,iotsim-combined-cycle-tls,1846,benign
id_calib:3691,id_calib,fit,benign,processed/iotsim-combined-cycle-tls-4.csv,iotsim-combined-cycle-tls,1847,benign
id_calib:3692,id_calib,fit,benign,processed/iotsim-combined-cycle-tls-4.csv,iotsim-combined-cycle-tls,1848,benign
id_calib:3693,id_calib,fit,benign,processed/iotsim-combined-cycle-tls-4.csv,iotsim-combined-cycle-tls,1849,benign
id_calib:3694,id_calib,fit,benign,processed/iotsim-combined-cycle-tls-4.csv,iotsim-combined-cycle-tls,1850,benign
id_calib:3695,id_calib,fit,benign,processed/iotsim-combined-cycle-tls-4.csv,iotsim-combined-cycle-tls,1851,benign
id_calib:3696,id_calib,fit,benign,processed/iotsim-combined-cycle-tls-4.csv,iotsim-combined-cycle-tls,1852,benign
id_calib:3697,id_calib,fit,benign,processed/iotsim-combined-cycle-tls-4.csv,iotsim-combined-cycle-tls,1853,benign
id_calib:3698,id_calib,fit,benign,processed/iotsim-combined-cycle-tls-4.csv,iotsim-combined-cycle-tls,1854,benign
id_calib:3699,id_calib,fit,benign,processed/iotsim-combined-cycle-tls-4.csv,iotsim-combined-cycle-tls,1855,benign
id_calib:3700,id_calib,fit,benign,processed/iotsim-combined-cycle-tls-4.csv,iotsim-combined-cycle-tls,1856,benign
id_calib:3701,id_calib,fit,benign,processed/iotsim-combined-cycle-tls-4.csv,iotsim-combined-cycle-tls,1857,benign
id_calib:3702,id_calib,fit,benign,processed/iotsim-combined-cycle-tls-4.csv,iotsim-combined-cycle-tls,1858,benign
id_calib:3703,id_calib,fit,benign,processed/iotsim-combined-cycle-tls-4.csv,iotsim-combined-cycle-tls,1859,benign
id_calib:3704,id_calib,fit,benign,processed/iotsim-combined-cycle-tls-4.csv,iotsim-combined-cycle-tls,1860,benign
id_calib:3705,id_calib,fit,benign,processed/iotsim-combined-cycle-tls-4.csv,iotsim-combined-cycle-tls,1861,benign
id_calib:3706,id_calib,fit,benign,processed/iotsim-combined-cycle-tls-4.csv,iotsim-combined-cycle-tls,1862,benign
id_calib:3707,id_calib,fit,benign,processed/iotsim-combined-cycle-tls-4.csv,iotsim-combined-cycle-tls,1863,benign
id_calib:3708,id_calib,fit,benign,processed/iotsim-combined-cycle-tls-4.csv,iotsim-combined-cycle-tls,1864,benign
id_calib:3709,id_calib,fit,benign,processed/iotsim-combined-cycle-tls-4.csv,iotsim-combined-cycle-tls,1865,benign
id_calib:3710,id_calib,fit,benign,processed/iotsim-combined-cycle-tls-4.csv,iotsim-combined-cycle-tls,1866,benign
id_calib:3711,id_calib,fit,benign,processed/iotsim-combined-cycle-tls-4.csv,iotsim-combined-cycle-tls,1867,benign
id_calib:3712,id_calib,fit,benign,processed/iotsim-combined-cycle-tls-4.csv,iotsim-combined-cycle-tls,1868,benign
id_calib:3713,id_calib,fit,benign,processed/iotsim-combined-cycle-tls-4.csv,iotsim-combined-cycle-tls,1869,benign
id_calib:3714,id_calib,fit,benign,processed/iotsim-combined-cycle-tls-4.csv,iotsim-combined-cycle-tls,1870,benign
id_calib:3715,id_calib,fit,benign,processed/iotsim-combined-cycle-tls-4.csv,iotsim-combined-cycle-tls,1871,benign
id_calib:3716,id_calib,fit,benign,processed/iotsim-combined-cycle-tls-4.csv,iotsim-combined-cycle-tls,1872,benign
id_calib:3717,id_calib,fit,benign,processed/iotsim-combined-cycle-tls-4.csv,iotsim-combined-cycle-tls,1873,benign
id_calib:3718,id_calib,fit,benign,processed/iotsim-combined-cycle-tls-4.csv,iotsim-combined-cycle-tls,1874,benign
id_calib:3719,id_calib,fit,benign,processed/iotsim-combined-cycle-tls-4.csv,iotsim-combined-cycle-tls,1875,benign
id_calib:3720,id_calib,fit,benign,processed/iotsim-combined-cycle-tls-4.csv,iotsim-combined-cycle-tls,1876,benign
id_calib:3721,id_calib,fit,benign,processed/iotsim-combined-cycle-tls-4.csv,iotsim-combined-cycle-tls,1877,benign
id_calib:3722,id_calib,fit,benign,processed/iotsim-combined-cycle-tls-4.csv,iotsim-combined-cycle-tls,1878,benign
id_calib:3723,id_calib,fit,benign,processed/iotsim-combined-cycle-tls-4.csv,iotsim-combined-cycle-tls,1879,benign
id_calib:3724,id_calib,fit,benign,processed/iotsim-combined-cycle-tls-4.csv,iotsim-combined-cycle-tls,1880,benign
id_calib:3725,id_calib,fit,benign,processed/iotsim-combined-cycle-tls-4.csv,iotsim-combined-cycle-tls,1881,benign
id_calib:3726,id_calib,fit,benign,processed/iotsim-combined-cycle-tls-4.csv,iotsim-combined-cycle-tls,1882,benign
id_calib:3727,id_calib,fit,benign,processed/iotsim-combined-cycle-tls-4.csv,iotsim-combined-cycle-tls,1883,benign
id_calib:3728,id_calib,fit,benign,processed/iotsim-combined-cycle-tls-4.csv,iotsim-combined-cycle-tls,1884,benign
id_calib:3729,id_calib,fit,benign,processed/iotsim-combined-cycle-tls-4.csv,iotsim-combined-cycle-tls,1885,benign
id_calib:3730,id_calib,fit,benign,processed/iotsim-combined-cycle-tls-4.csv,iotsim-combined-cycle-tls,1886,benign
id_calib:3731,id_calib,fit,benign,processed/iotsim-combined-cycle-tls-4.csv,iotsim-combined-cycle-tls,1887,benign
id_calib:3732,id_calib,fit,benign,processed/iotsim-combined-cycle-tls-4.csv,iotsim-combined-cycle-tls,1888,benign
id_calib:3733,id_calib,fit,benign,processed/iotsim-combined-cycle-tls-4.csv,iotsim-combined-cycle-tls,1889,benign
id_calib:3734,id_calib,fit,benign,processed/iotsim-combined-cycle-tls-4.csv,iotsim-combined-cycle-tls,1890,benign
id_calib:3735,id_calib,fit,benign,processed/iotsim-combined-cycle-tls-4.csv,iotsim-combined-cycle-tls,1891,benign
id_calib:3736,id_calib,fit,benign,processed/iotsim-combined-cycle-tls-4.csv,iotsim-combined-cycle-tls,1892,benign
id_calib:3737,id_calib,fit,benign,processed/iotsim-combined-cycle-tls-4.csv,iotsim-combined-cycle-tls,1893,benign
id_calib:3738,id_calib,fit,benign,processed/iotsim-combined-cycle-tls-4.csv,iotsim-combined-cycle-tls,1894,benign
id_calib:3739,id_calib,fit,benign,processed/iotsim-combined-cycle-tls-4.csv,iotsim-combined-cycle-tls,1895,benign
id_calib:3740,id_calib,fit,benign,processed/iotsim-combined-cycle-tls-4.csv,iotsim-combined-cycle-tls,1896,benign
id_calib:3741,id_calib,fit,benign,processed/iotsim-combined-cycle-tls-4.csv,iotsim-combined-cycle-tls,1897,benign
id_calib:3742,id_calib,fit,benign,processed/iotsim-combined-cycle-tls-4.csv,iotsim-combined-cycle-tls,1898,benign
id_calib:3743,id_calib,fit,benign,processed/iotsim-combined-cycle-tls-4.csv,iotsim-combined-cycle-tls,1899,benign
id_calib:3744,id_calib,fit,benign,processed/iotsim-combined-cycle-tls-4.csv,iotsim-combined-cycle-tls,1900,benign
id_calib:3745,id_calib,fit,benign,processed/iotsim-combined-cycle-tls-4.csv,iotsim-combined-cycle-tls,1901,benign
id_calib:3746,id_calib,fit,benign,processed/iotsim-combined-cycle-tls-4.csv,iotsim-combined-cycle-tls,1902,benign
id_calib:3747,id_calib,fit,benign,processed/iotsim-combined-cycle-tls-4.csv,iotsim-combined-cycle-tls,1903,benign
id_calib:3748,id_calib,fit,benign,processed/iotsim-combined-cycle-tls-4.csv,iotsim-combined-cycle-tls,1904,benign
id_calib:3749,id_calib,fit,benign,processed/iotsim-combined-cycle-tls-4.csv,iotsim-combined-cycle-tls,1905,benign
id_calib:3750,id_calib,fit,benign,processed/iotsim-combined-cycle-tls-4.csv,iotsim-combined-cycle-tls,1906,benign
id_calib:3751,id_calib,fit,benign,processed/iotsim-combined-cycle-tls-4.csv,iotsim-combined-cycle-tls,1907,benign
id_calib:3752,id_calib,fit,benign,processed/iotsim-combined-cycle-tls-4.csv,iotsim-combined-cycle-tls,1908,benign
id_calib:3753,id_calib,fit,benign,processed/iotsim-combined-cycle-tls-4.csv,iotsim-combined-cycle-tls,1909,benign
id_calib:3754,id_calib,fit,benign,processed/iotsim-combined-cycle-tls-4.csv,iotsim-combined-cycle-tls,1910,benign
id_calib:3755,id_calib,fit,benign,processed/iotsim-combined-cycle-tls-4.csv,iotsim-combined-cycle-tls,1911,benign
id_calib:3756,id_calib,fit,benign,processed/iotsim-combined-cycle-tls-4.csv,iotsim-combined-cycle-tls,1912,benign
id_calib:3757,id_calib,fit,benign,processed/iotsim-combined-cycle-tls-4.csv,iotsim-combined-cycle-tls,1913,benign
id_calib:3758,id_calib,fit,benign,processed/iotsim-combined-cycle-tls-4.csv,iotsim-combined-cycle-tls,1914,benign
id_calib:3759,id_calib,fit,benign,processed/iotsim-combined-cycle-tls-4.csv,iotsim-combined-cycle-tls,1915,benign
id_calib:3760,id_calib,fit,benign,processed/iotsim-combined-cycle-tls-4.csv,iotsim-combined-cycle-tls,1916,benign
id_calib:3761,id_calib,fit,benign,processed/iotsim-combined-cycle-tls-4.csv,iotsim-combined-cycle-tls,1917,benign
id_calib:3762,id_calib,fit,benign,processed/iotsim-combined-cycle-tls-4.csv,iotsim-combined-cycle-tls,1918,benign
id_calib:3763,id_calib,fit,benign,processed/iotsim-combined-cycle-tls-4.csv,iotsim-combined-cycle-tls,1919,benign
id_calib:3764,id_calib,fit,benign,processed/iotsim-combined-cycle-tls-4.csv,iotsim-combined-cycle-tls,1920,benign
id_calib:3765,id_calib,fit,benign,processed/iotsim-combined-cycle-tls-4.csv,iotsim-combined-cycle-tls,1921,benign
id_calib:3766,id_calib,fit,benign,processed/iotsim-combined-cycle-tls-4.csv,iotsim-combined-cycle-tls,1922,benign
id_calib:3767,id_calib,fit,benign,processed/iotsim-combined-cycle-tls-4.csv,iotsim-combined-cycle-tls,1923,benign
id_calib:3768,id_calib,fit,benign,processed/iotsim-combined-cycle-tls-4.csv,iotsim-combined-cycle-tls,1924,benign
id_calib:3769,id_calib,fit,benign,processed/iotsim-combined-cycle-tls-4.csv,iotsim-combined-cycle-tls,1925,benign
id_calib:3770,id_calib,fit,benign,processed/iotsim-combined-cycle-tls-4.csv,iotsim-combined-cycle-tls,1926,benign
id_calib:3771,id_calib,fit,benign,processed/iotsim-combined-cycle-tls-4.csv,iotsim-combined-cycle-tls,1927,benign
id_calib:3772,id_calib,fit,benign,processed/iotsim-combined-cycle-tls-4.csv,iotsim-combined-cycle-tls,1928,benign
id_calib:3773,id_calib,fit,benign,processed/iotsim-combined-cycle-tls-4.csv,iotsim-combined-cycle-tls,1929,benign
id_calib:3774,id_calib,fit,benign,processed/iotsim-combined-cycle-tls-4.csv,iotsim-combined-cycle-tls,1930,benign
id_calib:3775,id_calib,fit,benign,processed/iotsim-combined-cycle-tls-4.csv,iotsim-combined-cycle-tls,1931,benign
id_calib:3776,id_calib,fit,benign,processed/iotsim-combined-cycle-tls-4.csv,iotsim-combined-cycle-tls,1932,benign
id_calib:3777,id_calib,fit,benign,processed/iotsim-combined-cycle-tls-4.csv,iotsim-combined-cycle-tls,1933,benign
id_calib:3778,id_calib,fit,benign,processed/iotsim-combined-cycle-tls-4.csv,iotsim-combined-cycle-tls,1934,benign
id_calib:3779,id_calib,fit,benign,processed/iotsim-combined-cycle-tls-4.csv,iotsim-combined-cycle-tls,1935,benign
id_calib:3780,id_calib,fit,benign,processed/iotsim-combined-cycle-tls-4.csv,iotsim-combined-cycle-tls,1936,benign
id_calib:3781,id_calib,fit,benign,processed/iotsim-combined-cycle-tls-4.csv,iotsim-combined-cycle-tls,1937,benign
id_calib:3782,id_calib,fit,benign,processed/iotsim-combined-cycle-tls-4.csv,iotsim-combined-cycle-tls,1938,benign
id_calib:3783,id_calib,fit,benign,processed/iotsim-combined-cycle-tls-4.csv,iotsim-combined-cycle-tls,1939,benign
id_calib:3784,id_calib,fit,benign,processed/iotsim-combined-cycle-tls-4.csv,iotsim-combined-cycle-tls,1940,benign
id_calib:3785,id_calib,fit,benign,processed/iotsim-combined-cycle-tls-4.csv,iotsim-combined-cycle-tls,1941,benign
id_calib:3786,id_calib,fit,benign,processed/iotsim-combined-cycle-tls-4.csv,iotsim-combined-cycle-tls,1942,benign
id_calib:3787,id_calib,fit,benign,processed/iotsim-combined-cycle-tls-4.csv,iotsim-combined-cycle-tls,1943,benign
id_calib:3788,id_calib,fit,benign,processed/iotsim-combined-cycle-tls-5.csv,iotsim-combined-cycle-tls,50,benign
id_calib:3789,id_calib,fit,benign,processed/iotsim-combined-cycle-tls-5.csv,iotsim-combined-cycle-tls,51,benign
id_calib:3790,id_calib,fit,benign,processed/iotsim-combined-cycle-tls-5.csv,iotsim-combined-cycle-tls,52,benign
id_calib:3791,id_calib,fit,benign,processed/iotsim-combined-cycle-tls-5.csv,iotsim-combined-cycle-tls,53,benign
id_calib:3792,id_calib,fit,benign,processed/iotsim-combined-cycle-tls-5.csv,iotsim-combined-cycle-tls,54,benign
id_calib:3793,id_calib,fit,benign,processed/iotsim-combined-cycle-tls-5.csv,iotsim-combined-cycle-tls,55,benign
id_calib:3794,id_calib,fit,benign,processed/iotsim-combined-cycle-tls-5.csv,iotsim-combined-cycle-tls,56,benign
id_calib:3795,id_calib,fit,benign,processed/iotsim-combined-cycle-tls-5.csv,iotsim-combined-cycle-tls,57,benign
id_calib:3796,id_calib,fit,benign,processed/iotsim-combined-cycle-tls-5.csv,iotsim-combined-cycle-tls,58,benign
id_calib:3797,id_calib,fit,benign,processed/iotsim-combined-cycle-tls-5.csv,iotsim-combined-cycle-tls,59,benign
id_calib:3798,id_calib,fit,benign,processed/iotsim-combined-cycle-tls-5.csv,iotsim-combined-cycle-tls,60,benign
id_calib:3799,id_calib,fit,benign,processed/iotsim-combined-cycle-tls-5.csv,iotsim-combined-cycle-tls,61,benign
id_calib:3800,id_calib,fit,benign,processed/iotsim-combined-cycle-tls-5.csv,iotsim-combined-cycle-tls,62,benign
id_calib:3801,id_calib,fit,benign,processed/iotsim-combined-cycle-tls-5.csv,iotsim-combined-cycle-tls,63,benign
id_calib:3802,id_calib,fit,benign,processed/iotsim-combined-cycle-tls-5.csv,iotsim-combined-cycle-tls,64,benign
id_calib:3803,id_calib,fit,benign,processed/iotsim-combined-cycle-tls-5.csv,iotsim-combined-cycle-tls,65,benign
id_calib:3804,id_calib,fit,benign,processed/iotsim-combined-cycle-tls-5.csv,iotsim-combined-cycle-tls,66,benign
id_calib:3805,id_calib,fit,benign,processed/iotsim-combined-cycle-tls-5.csv,iotsim-combined-cycle-tls,67,benign
id_calib:3806,id_calib,fit,benign,processed/iotsim-combined-cycle-tls-5.csv,iotsim-combined-cycle-tls,68,benign
id_calib:3807,id_calib,fit,benign,processed/iotsim-combined-cycle-tls-5.csv,iotsim-combined-cycle-tls,69,benign
id_calib:3808,id_calib,fit,benign,processed/iotsim-combined-cycle-tls-5.csv,iotsim-combined-cycle-tls,70,benign
id_calib:3809,id_calib,fit,benign,processed/iotsim-combined-cycle-tls-5.csv,iotsim-combined-cycle-tls,71,benign
id_calib:3810,id_calib,fit,benign,processed/iotsim-combined-cycle-tls-5.csv,iotsim-combined-cycle-tls,72,benign
id_calib:3811,id_calib,fit,benign,processed/iotsim-combined-cycle-tls-5.csv,iotsim-combined-cycle-tls,73,benign
id_calib:3812,id_calib,fit,benign,processed/iotsim-combined-cycle-tls-5.csv,iotsim-combined-cycle-tls,74,benign
id_calib:3813,id_calib,fit,benign,processed/iotsim-combined-cycle-tls-5.csv,iotsim-combined-cycle-tls,75,benign
id_calib:3814,id_calib,fit,benign,processed/iotsim-combined-cycle-tls-5.csv,iotsim-combined-cycle-tls,76,benign
id_calib:3815,id_calib,fit,benign,processed/iotsim-combined-cycle-tls-5.csv,iotsim-combined-cycle-tls,77,benign
id_calib:3816,id_calib,fit,benign,processed/iotsim-combined-cycle-tls-5.csv,iotsim-combined-cycle-tls,78,benign
id_calib:3817,id_calib,fit,benign,processed/iotsim-combined-cycle-tls-5.csv,iotsim-combined-cycle-tls,79,benign
id_calib:3818,id_calib,fit,benign,processed/iotsim-combined-cycle-tls-5.csv,iotsim-combined-cycle-tls,80,benign
id_calib:3819,id_calib,fit,benign,processed/iotsim-combined-cycle-tls-5.csv,iotsim-combined-cycle-tls,81,benign
id_calib:3820,id_calib,fit,benign,processed/iotsim-combined-cycle-tls-5.csv,iotsim-combined-cycle-tls,82,benign
id_calib:3821,id_calib,fit,benign,processed/iotsim-combined-cycle-tls-5.csv,iotsim-combined-cycle-tls,83,benign
id_calib:3822,id_calib,fit,benign,processed/iotsim-combined-cycle-tls-5.csv,iotsim-combined-cycle-tls,84,benign
id_calib:3823,id_calib,fit,benign,processed/iotsim-combined-cycle-tls-5.csv,iotsim-combined-cycle-tls,85,benign
id_calib:3824,id_calib,fit,benign,processed/iotsim-combined-cycle-tls-5.csv,iotsim-combined-cycle-tls,86,benign
id_calib:3825,id_calib,fit,benign,processed/iotsim-combined-cycle-tls-5.csv,iotsim-combined-cycle-tls,87,benign
id_calib:3826,id_calib,fit,benign,processed/iotsim-combined-cycle-tls-5.csv,iotsim-combined-cycle-tls,88,benign
id_calib:3827,id_calib,fit,benign,processed/iotsim-combined-cycle-tls-5.csv,iotsim-combined-cycle-tls,89,benign
id_calib:3828,id_calib,fit,benign,processed/iotsim-combined-cycle-tls-5.csv,iotsim-combined-cycle-tls,90,benign
id_calib:3829,id_calib,fit,benign,processed/iotsim-combined-cycle-tls-5.csv,iotsim-combined-cycle-tls,91,benign
id_calib:3830,id_calib,fit,benign,processed/iotsim-combined-cycle-tls-5.csv,iotsim-combined-cycle-tls,92,benign
id_calib:3831,id_calib,fit,benign,processed/iotsim-combined-cycle-tls-5.csv,iotsim-combined-cycle-tls,93,benign
id_calib:3832,id_calib,fit,benign,processed/iotsim-combined-cycle-tls-5.csv,iotsim-combined-cycle-tls,94,benign
id_calib:3833,id_calib,fit,benign,processed/iotsim-combined-cycle-tls-5.csv,iotsim-combined-cycle-tls,95,benign
id_calib:3834,id_calib,fit,benign,processed/iotsim-combined-cycle-tls-5.csv,iotsim-combined-cycle-tls,96,benign
id_calib:3835,id_calib,fit,benign,processed/iotsim-combined-cycle-tls-5.csv,iotsim-combined-cycle-tls,97,benign
id_calib:3836,id_calib,fit,benign,processed/iotsim-combined-cycle-tls-5.csv,iotsim-combined-cycle-tls,98,benign
id_calib:3837,id_calib,fit,benign,processed/iotsim-combined-cycle-tls-5.csv,iotsim-combined-cycle-tls,99,benign
id_calib:3838,id_calib,fit,benign,processed/iotsim-combined-cycle-tls-5.csv,iotsim-combined-cycle-tls,100,benign
id_calib:3839,id_calib,fit,benign,processed/iotsim-combined-cycle-tls-5.csv,iotsim-combined-cycle-tls,101,benign
id_calib:3840,id_calib,fit,benign,processed/iotsim-combined-cycle-tls-5.csv,iotsim-combined-cycle-tls,102,benign
id_calib:3841,id_calib,fit,benign,processed/iotsim-combined-cycle-tls-5.csv,iotsim-combined-cycle-tls,103,benign
id_calib:3842,id_calib,fit,benign,processed/iotsim-combined-cycle-tls-5.csv,iotsim-combined-cycle-tls,104,benign
id_calib:3843,id_calib,fit,benign,processed/iotsim-combined-cycle-tls-5.csv,iotsim-combined-cycle-tls,105,benign
id_calib:3844,id_calib,fit,benign,processed/iotsim-combined-cycle-tls-5.csv,iotsim-combined-cycle-tls,106,benign
id_calib:3845,id_calib,fit,benign,processed/iotsim-combined-cycle-tls-5.csv,iotsim-combined-cycle-tls,107,benign
id_calib:3846,id_calib,fit,benign,processed/iotsim-combined-cycle-tls-5.csv,iotsim-combined-cycle-tls,108,benign
id_calib:3847,id_calib,fit,benign,processed/iotsim-combined-cycle-tls-5.csv,iotsim-combined-cycle-tls,109,benign
id_calib:3848,id_calib,fit,benign,processed/iotsim-combined-cycle-tls-5.csv,iotsim-combined-cycle-tls,110,benign
id_calib:3849,id_calib,fit,benign,processed/iotsim-combined-cycle-tls-5.csv,iotsim-combined-cycle-tls,111,benign
id_calib:3850,id_calib,fit,benign,processed/iotsim-combined-cycle-tls-5.csv,iotsim-combined-cycle-tls,112,benign
id_calib:3851,id_calib,fit,benign,processed/iotsim-combined-cycle-tls-5.csv,iotsim-combined-cycle-tls,113,benign
id_calib:3852,id_calib,fit,benign,processed/iotsim-combined-cycle-tls-5.csv,iotsim-combined-cycle-tls,114,benign
id_calib:3853,id_calib,fit,benign,processed/iotsim-combined-cycle-tls-5.csv,iotsim-combined-cycle-tls,115,benign
id_calib:3854,id_calib,fit,benign,processed/iotsim-combined-cycle-tls-5.csv,iotsim-combined-cycle-tls,116,benign
id_calib:3855,id_calib,fit,benign,processed/iotsim-combined-cycle-tls-5.csv,iotsim-combined-cycle-tls,117,benign
id_calib:3856,id_calib,fit,benign,processed/iotsim-combined-cycle-tls-5.csv,iotsim-combined-cycle-tls,118,benign
id_calib:3857,id_calib,fit,benign,processed/iotsim-combined-cycle-tls-5.csv,iotsim-combined-cycle-tls,119,benign
id_calib:3858,id_calib,fit,benign,processed/iotsim-combined-cycle-tls-5.csv,iotsim-combined-cycle-tls,120,benign
id_calib:3859,id_calib,fit,benign,processed/iotsim-combined-cycle-tls-5.csv,iotsim-combined-cycle-tls,121,benign
id_calib:3860,id_calib,fit,benign,processed/iotsim-combined-cycle-tls-5.csv,iotsim-combined-cycle-tls,122,benign
id_calib:3861,id_calib,fit,benign,processed/iotsim-combined-cycle-tls-5.csv,iotsim-combined-cycle-tls,123,benign
id_calib:3862,id_calib,fit,benign,processed/iotsim-combined-cycle-tls-5.csv,iotsim-combined-cycle-tls,124,benign
id_calib:3863,id_calib,fit,benign,processed/iotsim-combined-cycle-tls-5.csv,iotsim-combined-cycle-tls,125,benign
id_calib:3864,id_calib,fit,benign,processed/iotsim-combined-cycle-tls-5.csv,iotsim-combined-cycle-tls,126,benign
id_calib:3865,id_calib,fit,benign,processed/iotsim-combined-cycle-tls-5.csv,iotsim-combined-cycle-tls,127,benign
id_calib:3866,id_calib,fit,benign,processed/iotsim-combined-cycle-tls-5.csv,iotsim-combined-cycle-tls,128,benign
id_calib:3867,id_calib,fit,benign,processed/iotsim-combined-cycle-tls-5.csv,iotsim-combined-cycle-tls,129,benign
id_calib:3868,id_calib,fit,benign,processed/iotsim-combined-cycle-tls-5.csv,iotsim-combined-cycle-tls,130,benign
id_calib:3869,id_calib,fit,benign,processed/iotsim-combined-cycle-tls-5.csv,iotsim-combined-cycle-tls,131,benign
id_calib:3870,id_calib,fit,benign,processed/iotsim-combined-cycle-tls-5.csv,iotsim-combined-cycle-tls,132,benign
id_calib:3871,id_calib,fit,benign,processed/iotsim-combined-cycle-tls-5.csv,iotsim-combined-cycle-tls,133,benign
id_calib:3872,id_calib,fit,benign,processed/iotsim-combined-cycle-tls-5.csv,iotsim-combined-cycle-tls,134,benign
id_calib:3873,id_calib,fit,benign,processed/iotsim-combined-cycle-tls-5.csv,iotsim-combined-cycle-tls,135,benign
id_calib:3874,id_calib,fit,benign,processed/iotsim-combined-cycle-tls-5.csv,iotsim-combined-cycle-tls,136,benign
id_calib:3875,id_calib,fit,benign,processed/iotsim-combined-cycle-tls-5.csv,iotsim-combined-cycle-tls,137,benign
id_calib:3876,id_calib,fit,benign,processed/iotsim-combined-cycle-tls-5.csv,iotsim-combined-cycle-tls,138,benign
id_calib:3877,id_calib,fit,benign,processed/iotsim-combined-cycle-tls-5.csv,iotsim-combined-cycle-tls,139,benign
id_calib:3878,id_calib,fit,benign,processed/iotsim-combined-cycle-tls-5.csv,iotsim-combined-cycle-tls,140,benign
id_calib:3879,id_calib,fit,benign,processed/iotsim-combined-cycle-tls-5.csv,iotsim-combined-cycle-tls,141,benign
id_calib:3880,id_calib,fit,benign,processed/iotsim-combined-cycle-tls-5.csv,iotsim-combined-cycle-tls,142,benign
id_calib:3881,id_calib,fit,benign,processed/iotsim-combined-cycle-tls-5.csv,iotsim-combined-cycle-tls,143,benign
id_calib:3882,id_calib,fit,benign,processed/iotsim-combined-cycle-tls-5.csv,iotsim-combined-cycle-tls,144,benign
id_calib:3883,id_calib,fit,benign,processed/iotsim-combined-cycle-tls-5.csv,iotsim-combined-cycle-tls,145,benign
id_calib:3884,id_calib,fit,benign,processed/iotsim-combined-cycle-tls-5.csv,iotsim-combined-cycle-tls,146,benign
id_calib:3885,id_calib,fit,benign,processed/iotsim-combined-cycle-tls-5.csv,iotsim-combined-cycle-tls,147,benign
id_calib:3886,id_calib,fit,benign,processed/iotsim-combined-cycle-tls-5.csv,iotsim-combined-cycle-tls,148,benign
id_calib:3887,id_calib,fit,benign,processed/iotsim-combined-cycle-tls-5.csv,iotsim-combined-cycle-tls,149,benign
id_calib:3888,id_calib,fit,benign,processed/iotsim-combined-cycle-tls-5.csv,iotsim-combined-cycle-tls,150,benign
id_calib:3889,id_calib,fit,benign,processed/iotsim-combined-cycle-tls-5.csv,iotsim-combined-cycle-tls,151,benign
id_calib:3890,id_calib,fit,benign,processed/iotsim-combined-cycle-tls-5.csv,iotsim-combined-cycle-tls,152,benign
id_calib:3891,id_calib,fit,benign,processed/iotsim-combined-cycle-tls-5.csv,iotsim-combined-cycle-tls,153,benign
id_calib:3892,id_calib,fit,benign,processed/iotsim-combined-cycle-tls-5.csv,iotsim-combined-cycle-tls,154,benign
id_calib:3893,id_calib,fit,benign,processed/iotsim-combined-cycle-tls-5.csv,iotsim-combined-cycle-tls,155,benign
id_calib:3894,id_calib,fit,benign,processed/iotsim-combined-cycle-tls-5.csv,iotsim-combined-cycle-tls,156,benign
id_calib:3895,id_calib,fit,benign,processed/iotsim-combined-cycle-tls-5.csv,iotsim-combined-cycle-tls,157,benign
id_calib:3896,id_calib,fit,benign,processed/iotsim-combined-cycle-tls-5.csv,iotsim-combined-cycle-tls,158,benign
id_calib:3897,id_calib,fit,benign,processed/iotsim-combined-cycle-tls-5.csv,iotsim-combined-cycle-tls,159,benign
id_calib:3898,id_calib,fit,benign,processed/iotsim-combined-cycle-tls-5.csv,iotsim-combined-cycle-tls,160,benign
id_calib:3899,id_calib,fit,benign,processed/iotsim-combined-cycle-tls-5.csv,iotsim-combined-cycle-tls,161,benign
id_calib:3900,id_calib,fit,benign,processed/iotsim-combined-cycle-tls-5.csv,iotsim-combined-cycle-tls,162,benign
id_calib:3901,id_calib,fit,benign,processed/iotsim-combined-cycle-tls-5.csv,iotsim-combined-cycle-tls,163,benign
id_calib:3902,id_calib,fit,benign,processed/iotsim-combined-cycle-tls-5.csv,iotsim-combined-cycle-tls,164,benign
id_calib:3903,id_calib,fit,benign,processed/iotsim-combined-cycle-tls-5.csv,iotsim-combined-cycle-tls,165,benign
id_calib:3904,id_calib,fit,benign,processed/iotsim-combined-cycle-tls-5.csv,iotsim-combined-cycle-tls,166,benign
id_calib:3905,id_calib,fit,benign,processed/iotsim-combined-cycle-tls-5.csv,iotsim-combined-cycle-tls,167,benign
id_calib:3906,id_calib,fit,benign,processed/iotsim-combined-cycle-tls-5.csv,iotsim-combined-cycle-tls,168,benign
id_calib:3907,id_calib,fit,benign,processed/iotsim-combined-cycle-tls-5.csv,iotsim-combined-cycle-tls,169,benign
id_calib:3908,id_calib,fit,benign,processed/iotsim-combined-cycle-tls-5.csv,iotsim-combined-cycle-tls,170,benign
id_calib:3909,id_calib,fit,benign,processed/iotsim-combined-cycle-tls-5.csv,iotsim-combined-cycle-tls,171,benign
id_calib:3910,id_calib,fit,benign,processed/iotsim-combined-cycle-tls-5.csv,iotsim-combined-cycle-tls,172,benign
id_calib:3911,id_calib,fit,benign,processed/iotsim-combined-cycle-tls-5.csv,iotsim-combined-cycle-tls,173,benign
id_calib:3912,id_calib,fit,benign,processed/iotsim-combined-cycle-tls-5.csv,iotsim-combined-cycle-tls,174,benign
id_calib:3913,id_calib,fit,benign,processed/iotsim-combined-cycle-tls-5.csv,iotsim-combined-cycle-tls,175,benign
id_calib:3914,id_calib,fit,benign,processed/iotsim-combined-cycle-tls-5.csv,iotsim-combined-cycle-tls,176,benign
id_calib:3915,id_calib,fit,benign,processed/iotsim-combined-cycle-tls-5.csv,iotsim-combined-cycle-tls,177,benign
id_calib:3916,id_calib,fit,benign,processed/iotsim-combined-cycle-tls-5.csv,iotsim-combined-cycle-tls,178,benign
id_calib:3917,id_calib,fit,benign,processed/iotsim-combined-cycle-tls-5.csv,iotsim-combined-cycle-tls,179,benign
id_calib:3918,id_calib,fit,benign,processed/iotsim-combined-cycle-tls-5.csv,iotsim-combined-cycle-tls,180,benign
id_calib:3919,id_calib,fit,benign,processed/iotsim-combined-cycle-tls-5.csv,iotsim-combined-cycle-tls,181,benign
id_calib:3920,id_calib,fit,benign,processed/iotsim-combined-cycle-tls-5.csv,iotsim-combined-cycle-tls,182,benign
id_calib:3921,id_calib,fit,benign,processed/iotsim-combined-cycle-tls-5.csv,iotsim-combined-cycle-tls,183,benign
id_calib:3922,id_calib,fit,benign,processed/iotsim-combined-cycle-tls-5.csv,iotsim-combined-cycle-tls,184,benign
id_calib:3923,id_calib,fit,benign,processed/iotsim-combined-cycle-tls-5.csv,iotsim-combined-cycle-tls,185,benign
id_calib:3924,id_calib,fit,benign,processed/iotsim-combined-cycle-tls-5.csv,iotsim-combined-cycle-tls,186,benign
id_calib:3925,id_calib,fit,benign,processed/iotsim-combined-cycle-tls-5.csv,iotsim-combined-cycle-tls,187,benign
id_calib:3926,id_calib,fit,benign,processed/iotsim-combined-cycle-tls-5.csv,iotsim-combined-cycle-tls,188,benign
id_calib:3927,id_calib,fit,benign,processed/iotsim-combined-cycle-tls-5.csv,iotsim-combined-cycle-tls,189,benign
id_calib:3928,id_calib,fit,benign,processed/iotsim-combined-cycle-tls-5.csv,iotsim-combined-cycle-tls,190,benign
id_calib:3929,id_calib,fit,benign,processed/iotsim-combined-cycle-tls-5.csv,iotsim-combined-cycle-tls,191,benign
id_calib:3930,id_calib,fit,benign,processed/iotsim-combined-cycle-tls-5.csv,iotsim-combined-cycle-tls,192,benign
id_calib:3931,id_calib,fit,benign,processed/iotsim-combined-cycle-tls-5.csv,iotsim-combined-cycle-tls,193,benign
id_calib:3932,id_calib,fit,benign,processed/iotsim-combined-cycle-tls-5.csv,iotsim-combined-cycle-tls,194,benign
id_calib:3933,id_calib,fit,benign,processed/iotsim-combined-cycle-tls-5.csv,iotsim-combined-cycle-tls,195,benign
id_calib:3934,id_calib,fit,benign,processed/iotsim-combined-cycle-tls-5.csv,iotsim-combined-cycle-tls,196,benign
id_calib:3935,id_calib,fit,benign,processed/iotsim-combined-cycle-tls-5.csv,iotsim-combined-cycle-tls,197,benign
id_calib:3936,id_calib,fit,benign,processed/iotsim-combined-cycle-tls-5.csv,iotsim-combined-cycle-tls,198,benign
id_calib:3937,id_calib,fit,benign,processed/iotsim-combined-cycle-tls-5.csv,iotsim-combined-cycle-tls,199,benign
id_calib:3938,id_calib,fit,benign,processed/iotsim-combined-cycle-tls-5.csv,iotsim-combined-cycle-tls,200,benign
id_calib:3939,id_calib,fit,benign,processed/iotsim-combined-cycle-tls-5.csv,iotsim-combined-cycle-tls,201,benign
id_calib:3940,id_calib,fit,benign,processed/iotsim-combined-cycle-tls-5.csv,iotsim-combined-cycle-tls,202,benign
id_calib:3941,id_calib,fit,benign,processed/iotsim-combined-cycle-tls-5.csv,iotsim-combined-cycle-tls,203,benign
id_calib:3942,id_calib,fit,benign,processed/iotsim-combined-cycle-tls-5.csv,iotsim-combined-cycle-tls,204,benign
id_calib:3943,id_calib,fit,benign,processed/iotsim-combined-cycle-tls-5.csv,iotsim-combined-cycle-tls,205,benign
id_calib:3944,id_calib,fit,benign,processed/iotsim-combined-cycle-tls-5.csv,iotsim-combined-cycle-tls,206,benign
id_calib:3945,id_calib,fit,benign,processed/iotsim-combined-cycle-tls-5.csv,iotsim-combined-cycle-tls,207,benign
id_calib:3946,id_calib,fit,benign,processed/iotsim-combined-cycle-tls-5.csv,iotsim-combined-cycle-tls,208,benign
id_calib:3947,id_calib,fit,benign,processed/iotsim-combined-cycle-tls-5.csv,iotsim-combined-cycle-tls,209,benign
id_calib:3948,id_calib,fit,benign,processed/iotsim-combined-cycle-tls-5.csv,iotsim-combined-cycle-tls,210,benign
id_calib:3949,id_calib,fit,benign,processed/iotsim-combined-cycle-tls-5.csv,iotsim-combined-cycle-tls,211,benign
id_calib:3950,id_calib,fit,benign,processed/iotsim-combined-cycle-tls-5.csv,iotsim-combined-cycle-tls,212,benign
id_calib:3951,id_calib,fit,benign,processed/iotsim-combined-cycle-tls-5.csv,iotsim-combined-cycle-tls,213,benign
id_calib:3952,id_calib,fit,benign,processed/iotsim-combined-cycle-tls-5.csv,iotsim-combined-cycle-tls,214,benign
id_calib:3953,id_calib,fit,benign,processed/iotsim-combined-cycle-tls-5.csv,iotsim-combined-cycle-tls,215,benign
id_calib:3954,id_calib,fit,benign,processed/iotsim-combined-cycle-tls-5.csv,iotsim-combined-cycle-tls,216,benign
id_calib:3955,id_calib,fit,benign,processed/iotsim-combined-cycle-tls-5.csv,iotsim-combined-cycle-tls,217,benign
id_calib:3956,id_calib,fit,benign,processed/iotsim-combined-cycle-tls-5.csv,iotsim-combined-cycle-tls,218,benign
id_calib:3957,id_calib,fit,benign,processed/iotsim-combined-cycle-tls-5.csv,iotsim-combined-cycle-tls,219,benign
id_calib:3958,id_calib,fit,benign,processed/iotsim-combined-cycle-tls-5.csv,iotsim-combined-cycle-tls,220,benign
id_calib:3959,id_calib,fit,benign,processed/iotsim-combined-cycle-tls-5.csv,iotsim-combined-cycle-tls,221,benign
id_calib:3960,id_calib,fit,benign,processed/iotsim-combined-cycle-tls-5.csv,iotsim-combined-cycle-tls,222,benign
id_calib:3961,id_calib,fit,benign,processed/iotsim-combined-cycle-tls-5.csv,iotsim-combined-cycle-tls,223,benign
id_calib:3962,id_calib,fit,benign,processed/iotsim-combined-cycle-tls-5.csv,iotsim-combined-cycle-tls,224,benign
id_calib:3963,id_calib,fit,benign,processed/iotsim-combined-cycle-tls-5.csv,iotsim-combined-cycle-tls,225,benign
id_calib:3964,id_calib,fit,benign,processed/iotsim-combined-cycle-tls-5.csv,iotsim-combined-cycle-tls,226,benign
id_calib:3965,id_calib,fit,benign,processed/iotsim-combined-cycle-tls-5.csv,iotsim-combined-cycle-tls,227,benign
id_calib:3966,id_calib,fit,benign,processed/iotsim-combined-cycle-tls-5.csv,iotsim-combined-cycle-tls,228,benign
id_calib:3967,id_calib,fit,benign,processed/iotsim-combined-cycle-tls-5.csv,iotsim-combined-cycle-tls,229,benign
id_calib:3968,id_calib,fit,benign,processed/iotsim-combined-cycle-tls-5.csv,iotsim-combined-cycle-tls,230,benign
id_calib:3969,id_calib,fit,benign,processed/iotsim-combined-cycle-tls-5.csv,iotsim-combined-cycle-tls,231,benign
id_calib:3970,id_calib,fit,benign,processed/iotsim-combined-cycle-tls-5.csv,iotsim-combined-cycle-tls,232,benign
id_calib:3971,id_calib,fit,benign,processed/iotsim-combined-cycle-tls-5.csv,iotsim-combined-cycle-tls,233,benign
id_calib:3972,id_calib,fit,benign,processed/iotsim-combined-cycle-tls-5.csv,iotsim-combined-cycle-tls,234,benign
id_calib:3973,id_calib,fit,benign,processed/iotsim-combined-cycle-tls-5.csv,iotsim-combined-cycle-tls,235,benign
id_calib:3974,id_calib,fit,benign,processed/iotsim-combined-cycle-tls-5.csv,iotsim-combined-cycle-tls,236,benign
id_calib:3975,id_calib,fit,benign,processed/iotsim-combined-cycle-tls-5.csv,iotsim-combined-cycle-tls,237,benign
id_calib:3976,id_calib,fit,benign,processed/iotsim-combined-cycle-tls-5.csv,iotsim-combined-cycle-tls,238,benign
id_calib:3977,id_calib,fit,benign,processed/iotsim-combined-cycle-tls-5.csv,iotsim-combined-cycle-tls,239,benign
id_calib:3978,id_calib,fit,benign,processed/iotsim-combined-cycle-tls-5.csv,iotsim-combined-cycle-tls,240,benign
id_calib:3979,id_calib,fit,benign,processed/iotsim-combined-cycle-tls-5.csv,iotsim-combined-cycle-tls,241,benign
id_calib:3980,id_calib,fit,benign,processed/iotsim-combined-cycle-tls-5.csv,iotsim-combined-cycle-tls,242,benign
id_calib:3981,id_calib,fit,benign,processed/iotsim-combined-cycle-tls-5.csv,iotsim-combined-cycle-tls,243,benign
id_calib:3982,id_calib,fit,benign,processed/iotsim-combined-cycle-tls-5.csv,iotsim-combined-cycle-tls,244,benign
id_calib:3983,id_calib,fit,benign,processed/iotsim-combined-cycle-tls-5.csv,iotsim-combined-cycle-tls,245,benign
id_calib:3984,id_calib,fit,benign,processed/iotsim-combined-cycle-tls-5.csv,iotsim-combined-cycle-tls,246,benign
id_calib:3985,id_calib,fit,benign,processed/iotsim-combined-cycle-tls-5.csv,iotsim-combined-cycle-tls,247,benign
id_calib:3986,id_calib,fit,benign,processed/iotsim-combined-cycle-tls-5.csv,iotsim-combined-cycle-tls,248,benign
id_calib:3987,id_calib,fit,benign,processed/iotsim-combined-cycle-tls-5.csv,iotsim-combined-cycle-tls,249,benign
id_calib:3988,id_calib,fit,benign,processed/iotsim-combined-cycle-tls-5.csv,iotsim-combined-cycle-tls,250,benign
id_calib:3989,id_calib,fit,benign,processed/iotsim-combined-cycle-tls-5.csv,iotsim-combined-cycle-tls,251,benign
id_calib:3990,id_calib,fit,benign,processed/iotsim-combined-cycle-tls-5.csv,iotsim-combined-cycle-tls,252,benign
id_calib:3991,id_calib,fit,benign,processed/iotsim-combined-cycle-tls-5.csv,iotsim-combined-cycle-tls,253,benign
id_calib:3992,id_calib,fit,benign,processed/iotsim-combined-cycle-tls-5.csv,iotsim-combined-cycle-tls,254,benign
id_calib:3993,id_calib,fit,benign,processed/iotsim-combined-cycle-tls-5.csv,iotsim-combined-cycle-tls,255,benign
id_calib:3994,id_calib,fit,benign,processed/iotsim-combined-cycle-tls-5.csv,iotsim-combined-cycle-tls,256,benign
id_calib:3995,id_calib,fit,benign,processed/iotsim-combined-cycle-tls-5.csv,iotsim-combined-cycle-tls,257,benign
id_calib:3996,id_calib,fit,benign,processed/iotsim-combined-cycle-tls-5.csv,iotsim-combined-cycle-tls,258,benign
id_calib:3997,id_calib,fit,benign,processed/iotsim-combined-cycle-tls-5.csv,iotsim-combined-cycle-tls,259,benign
id_calib:3998,id_calib,fit,benign,processed/iotsim-combined-cycle-tls-5.csv,iotsim-combined-cycle-tls,260,benign
id_calib:3999,id_calib,fit,benign,processed/iotsim-combined-cycle-tls-5.csv,iotsim-combined-cycle-tls,261,benign
id_calib:4000,id_calib,fit,benign,processed/iotsim-combined-cycle-tls-5.csv,iotsim-combined-cycle-tls,262,benign
id_calib:4001,id_calib,fit,benign,processed/iotsim-combined-cycle-tls-5.csv,iotsim-combined-cycle-tls,263,benign
id_calib:4002,id_calib,fit,benign,processed/iotsim-combined-cycle-tls-5.csv,iotsim-combined-cycle-tls,264,benign
id_calib:4003,id_calib,fit,benign,processed/iotsim-combined-cycle-tls-5.csv,iotsim-combined-cycle-tls,265,benign
id_calib:4004,id_calib,fit,benign,processed/iotsim-combined-cycle-tls-5.csv,iotsim-combined-cycle-tls,266,benign
id_calib:4005,id_calib,fit,benign,processed/iotsim-combined-cycle-tls-5.csv,iotsim-combined-cycle-tls,267,benign
id_calib:4006,id_calib,fit,benign,processed/iotsim-combined-cycle-tls-5.csv,iotsim-combined-cycle-tls,268,benign
id_calib:4007,id_calib,fit,benign,processed/iotsim-combined-cycle-tls-5.csv,iotsim-combined-cycle-tls,269,benign
id_calib:4008,id_calib,fit,benign,processed/iotsim-combined-cycle-tls-5.csv,iotsim-combined-cycle-tls,270,benign
id_calib:4009,id_calib,fit,benign,processed/iotsim-combined-cycle-tls-5.csv,iotsim-combined-cycle-tls,271,benign
id_calib:4010,id_calib,fit,benign,processed/iotsim-combined-cycle-tls-5.csv,iotsim-combined-cycle-tls,272,benign
id_calib:4011,id_calib,fit,benign,processed/iotsim-combined-cycle-tls-5.csv,iotsim-combined-cycle-tls,273,benign
id_calib:4012,id_calib,fit,benign,processed/iotsim-combined-cycle-tls-5.csv,iotsim-combined-cycle-tls,274,benign
id_calib:4013,id_calib,fit,benign,processed/iotsim-combined-cycle-tls-5.csv,iotsim-combined-cycle-tls,275,benign
id_calib:4014,id_calib,fit,benign,processed/iotsim-combined-cycle-tls-5.csv,iotsim-combined-cycle-tls,276,benign
id_calib:4015,id_calib,fit,benign,processed/iotsim-combined-cycle-tls-5.csv,iotsim-combined-cycle-tls,277,benign
id_calib:4016,id_calib,fit,benign,processed/iotsim-combined-cycle-tls-5.csv,iotsim-combined-cycle-tls,278,benign
id_calib:4017,id_calib,fit,benign,processed/iotsim-combined-cycle-tls-5.csv,iotsim-combined-cycle-tls,279,benign
id_calib:4018,id_calib,fit,benign,processed/iotsim-combined-cycle-tls-5.csv,iotsim-combined-cycle-tls,280,benign
id_calib:4019,id_calib,fit,benign,processed/iotsim-combined-cycle-tls-5.csv,iotsim-combined-cycle-tls,281,benign
id_calib:4020,id_calib,fit,benign,processed/iotsim-combined-cycle-tls-5.csv,iotsim-combined-cycle-tls,282,benign
id_calib:4021,id_calib,fit,benign,processed/iotsim-combined-cycle-tls-5.csv,iotsim-combined-cycle-tls,283,benign
id_calib:4022,id_calib,fit,benign,processed/iotsim-combined-cycle-tls-5.csv,iotsim-combined-cycle-tls,284,benign
id_calib:4023,id_calib,fit,benign,processed/iotsim-combined-cycle-tls-5.csv,iotsim-combined-cycle-tls,285,benign
id_calib:4024,id_calib,fit,benign,processed/iotsim-combined-cycle-tls-5.csv,iotsim-combined-cycle-tls,286,benign
id_calib:4025,id_calib,fit,benign,processed/iotsim-combined-cycle-tls-5.csv,iotsim-combined-cycle-tls,287,benign
id_calib:4026,id_calib,fit,benign,processed/iotsim-combined-cycle-tls-5.csv,iotsim-combined-cycle-tls,288,benign
id_calib:4027,id_calib,fit,benign,processed/iotsim-combined-cycle-tls-5.csv,iotsim-combined-cycle-tls,289,benign
id_calib:4028,id_calib,fit,benign,processed/iotsim-combined-cycle-tls-5.csv,iotsim-combined-cycle-tls,290,benign
id_calib:4029,id_calib,fit,benign,processed/iotsim-combined-cycle-tls-5.csv,iotsim-combined-cycle-tls,291,benign
id_calib:4030,id_calib,fit,benign,processed/iotsim-combined-cycle-tls-5.csv,iotsim-combined-cycle-tls,292,benign
id_calib:4031,id_calib,fit,benign,processed/iotsim-combined-cycle-tls-5.csv,iotsim-combined-cycle-tls,293,benign
id_calib:4032,id_calib,fit,benign,processed/iotsim-combined-cycle-tls-5.csv,iotsim-combined-cycle-tls,294,benign
id_calib:4033,id_calib,fit,benign,processed/iotsim-combined-cycle-tls-5.csv,iotsim-combined-cycle-tls,295,benign
id_calib:4034,id_calib,fit,benign,processed/iotsim-combined-cycle-tls-5.csv,iotsim-combined-cycle-tls,296,benign
id_calib:4035,id_calib,fit,benign,processed/iotsim-combined-cycle-tls-5.csv,iotsim-combined-cycle-tls,297,benign
id_calib:4036,id_calib,fit,benign,processed/iotsim-combined-cycle-tls-5.csv,iotsim-combined-cycle-tls,298,benign
id_calib:4037,id_calib,fit,benign,processed/iotsim-combined-cycle-tls-5.csv,iotsim-combined-cycle-tls,299,benign
id_calib:4038,id_calib,fit,benign,processed/iotsim-combined-cycle-tls-5.csv,iotsim-combined-cycle-tls,300,benign
id_calib:4039,id_calib,fit,benign,processed/iotsim-combined-cycle-tls-5.csv,iotsim-combined-cycle-tls,301,benign
id_calib:4040,id_calib,fit,benign,processed/iotsim-combined-cycle-tls-5.csv,iotsim-combined-cycle-tls,302,benign
id_calib:4041,id_calib,fit,benign,processed/iotsim-combined-cycle-tls-5.csv,iotsim-combined-cycle-tls,303,benign
id_calib:4042,id_calib,fit,benign,processed/iotsim-combined-cycle-tls-5.csv,iotsim-combined-cycle-tls,304,benign
id_calib:4043,id_calib,fit,benign,processed/iotsim-combined-cycle-tls-5.csv,iotsim-combined-cycle-tls,305,benign
id_calib:4044,id_calib,fit,benign,processed/iotsim-combined-cycle-tls-5.csv,iotsim-combined-cycle-tls,306,benign
id_calib:4045,id_calib,fit,benign,processed/iotsim-combined-cycle-tls-5.csv,iotsim-combined-cycle-tls,307,benign
id_calib:4046,id_calib,fit,benign,processed/iotsim-combined-cycle-tls-5.csv,iotsim-combined-cycle-tls,308,benign
id_calib:4047,id_calib,fit,benign,processed/iotsim-combined-cycle-tls-5.csv,iotsim-combined-cycle-tls,309,benign
id_calib:4048,id_calib,fit,benign,processed/iotsim-combined-cycle-tls-5.csv,iotsim-combined-cycle-tls,310,benign
id_calib:4049,id_calib,fit,benign,processed/iotsim-combined-cycle-tls-5.csv,iotsim-combined-cycle-tls,311,benign
id_calib:4050,id_calib,fit,benign,processed/iotsim-combined-cycle-tls-5.csv,iotsim-combined-cycle-tls,312,benign
id_calib:4051,id_calib,fit,benign,processed/iotsim-combined-cycle-tls-5.csv,iotsim-combined-cycle-tls,313,benign
id_calib:4052,id_calib,fit,benign,processed/iotsim-combined-cycle-tls-5.csv,iotsim-combined-cycle-tls,314,benign
id_calib:4053,id_calib,fit,benign,processed/iotsim-combined-cycle-tls-5.csv,iotsim-combined-cycle-tls,315,benign
id_calib:4054,id_calib,fit,benign,processed/iotsim-combined-cycle-tls-5.csv,iotsim-combined-cycle-tls,316,benign
id_calib:4055,id_calib,fit,benign,processed/iotsim-combined-cycle-tls-5.csv,iotsim-combined-cycle-tls,317,benign
id_calib:4056,id_calib,fit,benign,processed/iotsim-combined-cycle-tls-5.csv,iotsim-combined-cycle-tls,318,benign
id_calib:4057,id_calib,fit,benign,processed/iotsim-combined-cycle-tls-5.csv,iotsim-combined-cycle-tls,319,benign
id_calib:4058,id_calib,fit,benign,processed/iotsim-combined-cycle-tls-5.csv,iotsim-combined-cycle-tls,320,benign
id_calib:4059,id_calib,fit,benign,processed/iotsim-combined-cycle-tls-5.csv,iotsim-combined-cycle-tls,321,benign
id_calib:4060,id_calib,fit,benign,processed/iotsim-combined-cycle-tls-5.csv,iotsim-combined-cycle-tls,322,benign
id_calib:4061,id_calib,fit,benign,processed/iotsim-combined-cycle-tls-5.csv,iotsim-combined-cycle-tls,323,benign
id_calib:4062,id_calib,fit,benign,processed/iotsim-combined-cycle-tls-5.csv,iotsim-combined-cycle-tls,324,benign
id_calib:4063,id_calib,fit,benign,processed/iotsim-combined-cycle-tls-5.csv,iotsim-combined-cycle-tls,325,benign
id_calib:4064,id_calib,fit,benign,processed/iotsim-combined-cycle-tls-5.csv,iotsim-combined-cycle-tls,326,benign
id_calib:4065,id_calib,fit,benign,processed/iotsim-combined-cycle-tls-5.csv,iotsim-combined-cycle-tls,327,benign
id_calib:4066,id_calib,fit,benign,processed/iotsim-combined-cycle-tls-5.csv,iotsim-combined-cycle-tls,328,benign
id_calib:4067,id_calib,fit,benign,processed/iotsim-combined-cycle-tls-5.csv,iotsim-combined-cycle-tls,329,benign
id_calib:4068,id_calib,fit,benign,processed/iotsim-combined-cycle-tls-5.csv,iotsim-combined-cycle-tls,330,benign
id_calib:4069,id_calib,fit,benign,processed/iotsim-combined-cycle-tls-5.csv,iotsim-combined-cycle-tls,331,benign
id_calib:4070,id_calib,fit,benign,processed/iotsim-combined-cycle-tls-5.csv,iotsim-combined-cycle-tls,332,benign
id_calib:4071,id_calib,fit,benign,processed/iotsim-combined-cycle-tls-5.csv,iotsim-combined-cycle-tls,333,benign
id_calib:4072,id_calib,fit,benign,processed/iotsim-combined-cycle-tls-5.csv,iotsim-combined-cycle-tls,334,benign
id_calib:4073,id_calib,fit,benign,processed/iotsim-combined-cycle-tls-5.csv,iotsim-combined-cycle-tls,335,benign
id_calib:4074,id_calib,fit,benign,processed/iotsim-combined-cycle-tls-5.csv,iotsim-combined-cycle-tls,336,benign
id_calib:4075,id_calib,fit,benign,processed/iotsim-combined-cycle-tls-5.csv,iotsim-combined-cycle-tls,337,benign
id_calib:4076,id_calib,fit,benign,processed/iotsim-combined-cycle-tls-5.csv,iotsim-combined-cycle-tls,338,benign
id_calib:4077,id_calib,fit,benign,processed/iotsim-combined-cycle-tls-5.csv,iotsim-combined-cycle-tls,339,benign
id_calib:4078,id_calib,fit,benign,processed/iotsim-combined-cycle-tls-5.csv,iotsim-combined-cycle-tls,340,benign
id_calib:4079,id_calib,fit,benign,processed/iotsim-combined-cycle-tls-5.csv,iotsim-combined-cycle-tls,341,benign
id_calib:4080,id_calib,fit,benign,processed/iotsim-combined-cycle-tls-5.csv,iotsim-combined-cycle-tls,342,benign
id_calib:4081,id_calib,fit,benign,processed/iotsim-combined-cycle-tls-5.csv,iotsim-combined-cycle-tls,343,benign
id_calib:4082,id_calib,fit,benign,processed/iotsim-combined-cycle-tls-5.csv,iotsim-combined-cycle-tls,344,benign
id_calib:4083,id_calib,fit,benign,processed/iotsim-combined-cycle-tls-5.csv,iotsim-combined-cycle-tls,345,benign
id_calib:4084,id_calib,fit,benign,processed/iotsim-combined-cycle-tls-5.csv,iotsim-combined-cycle-tls,346,benign
id_calib:4085,id_calib,fit,benign,processed/iotsim-combined-cycle-tls-5.csv,iotsim-combined-cycle-tls,347,benign
id_calib:4086,id_calib,fit,benign,processed/iotsim-combined-cycle-tls-5.csv,iotsim-combined-cycle-tls,348,benign
id_calib:4087,id_calib,fit,benign,processed/iotsim-combined-cycle-tls-5.csv,iotsim-combined-cycle-tls,349,benign
id_calib:4088,id_calib,fit,benign,processed/iotsim-combined-cycle-tls-5.csv,iotsim-combined-cycle-tls,350,benign
id_calib:4089,id_calib,fit,benign,processed/iotsim-combined-cycle-tls-5.csv,iotsim-combined-cycle-tls,351,benign
id_calib:4090,id_calib,fit,benign,processed/iotsim-combined-cycle-tls-5.csv,iotsim-combined-cycle-tls,352,benign
id_calib:4091,id_calib,fit,benign,processed/iotsim-combined-cycle-tls-5.csv,iotsim-combined-cycle-tls,353,benign
id_calib:4092,id_calib,fit,benign,processed/iotsim-combined-cycle-tls-5.csv,iotsim-combined-cycle-tls,354,benign
id_calib:4093,id_calib,fit,benign,processed/iotsim-combined-cycle-tls-5.csv,iotsim-combined-cycle-tls,355,benign
id_calib:4094,id_calib,fit,benign,processed/iotsim-combined-cycle-tls-5.csv,iotsim-combined-cycle-tls,356,benign
id_calib:4095,id_calib,fit,benign,processed/iotsim-combined-cycle-tls-5.csv,iotsim-combined-cycle-tls,357,benign
id_calib:4096,id_calib,fit,benign,processed/iotsim-combined-cycle-tls-5.csv,iotsim-combined-cycle-tls,358,benign
id_calib:4097,id_calib,fit,benign,processed/iotsim-combined-cycle-tls-5.csv,iotsim-combined-cycle-tls,359,benign
id_calib:4098,id_calib,fit,benign,processed/iotsim-combined-cycle-tls-5.csv,iotsim-combined-cycle-tls,360,benign
id_calib:4099,id_calib,fit,benign,processed/iotsim-combined-cycle-tls-5.csv,iotsim-combined-cycle-tls,361,benign
id_calib:4100,id_calib,fit,benign,processed/iotsim-combined-cycle-tls-5.csv,iotsim-combined-cycle-tls,362,benign
id_calib:4101,id_calib,fit,benign,processed/iotsim-combined-cycle-tls-5.csv,iotsim-combined-cycle-tls,363,benign
id_calib:4102,id_calib,fit,benign,processed/iotsim-combined-cycle-tls-5.csv,iotsim-combined-cycle-tls,364,benign
id_calib:4103,id_calib,fit,benign,processed/iotsim-combined-cycle-tls-5.csv,iotsim-combined-cycle-tls,365,benign
id_calib:4104,id_calib,fit,benign,processed/iotsim-combined-cycle-tls-5.csv,iotsim-combined-cycle-tls,366,benign
id_calib:4105,id_calib,fit,benign,processed/iotsim-combined-cycle-tls-5.csv,iotsim-combined-cycle-tls,367,benign
id_calib:4106,id_calib,fit,benign,processed/iotsim-combined-cycle-tls-5.csv,iotsim-combined-cycle-tls,368,benign
id_calib:4107,id_calib,fit,benign,processed/iotsim-combined-cycle-tls-5.csv,iotsim-combined-cycle-tls,369,benign
id_calib:4108,id_calib,fit,benign,processed/iotsim-combined-cycle-tls-5.csv,iotsim-combined-cycle-tls,370,benign
id_calib:4109,id_calib,fit,benign,processed/iotsim-combined-cycle-tls-5.csv,iotsim-combined-cycle-tls,371,benign
id_calib:4110,id_calib,fit,benign,processed/iotsim-combined-cycle-tls-5.csv,iotsim-combined-cycle-tls,372,benign
id_calib:4111,id_calib,fit,benign,processed/iotsim-combined-cycle-tls-5.csv,iotsim-combined-cycle-tls,373,benign
id_calib:4112,id_calib,fit,benign,processed/iotsim-combined-cycle-tls-5.csv,iotsim-combined-cycle-tls,374,benign
id_calib:4113,id_calib,fit,benign,processed/iotsim-combined-cycle-tls-5.csv,iotsim-combined-cycle-tls,375,benign
id_calib:4114,id_calib,fit,benign,processed/iotsim-combined-cycle-tls-5.csv,iotsim-combined-cycle-tls,376,benign
id_calib:4115,id_calib,fit,benign,processed/iotsim-combined-cycle-tls-5.csv,iotsim-combined-cycle-tls,377,benign
id_calib:4116,id_calib,fit,benign,processed/iotsim-combined-cycle-tls-5.csv,iotsim-combined-cycle-tls,378,benign
id_calib:4117,id_calib,fit,benign,processed/iotsim-combined-cycle-tls-5.csv,iotsim-combined-cycle-tls,379,benign
id_calib:4118,id_calib,fit,benign,processed/iotsim-combined-cycle-tls-5.csv,iotsim-combined-cycle-tls,380,benign
id_calib:4119,id_calib,fit,benign,processed/iotsim-combined-cycle-tls-5.csv,iotsim-combined-cycle-tls,381,benign
id_calib:4120,id_calib,fit,benign,processed/iotsim-combined-cycle-tls-5.csv,iotsim-combined-cycle-tls,382,benign
id_calib:4121,id_calib,fit,benign,processed/iotsim-combined-cycle-tls-5.csv,iotsim-combined-cycle-tls,383,benign
id_calib:4122,id_calib,fit,benign,processed/iotsim-combined-cycle-tls-5.csv,iotsim-combined-cycle-tls,384,benign
id_calib:4123,id_calib,fit,benign,processed/iotsim-combined-cycle-tls-5.csv,iotsim-combined-cycle-tls,385,benign
id_calib:4124,id_calib,fit,benign,processed/iotsim-combined-cycle-tls-5.csv,iotsim-combined-cycle-tls,386,benign
id_calib:4125,id_calib,fit,benign,processed/iotsim-combined-cycle-tls-5.csv,iotsim-combined-cycle-tls,387,benign
id_calib:4126,id_calib,fit,benign,processed/iotsim-combined-cycle-tls-5.csv,iotsim-combined-cycle-tls,388,benign
id_calib:4127,id_calib,fit,benign,processed/iotsim-combined-cycle-tls-5.csv,iotsim-combined-cycle-tls,389,benign
id_calib:4128,id_calib,fit,benign,processed/iotsim-combined-cycle-tls-5.csv,iotsim-combined-cycle-tls,390,benign
id_calib:4129,id_calib,fit,benign,processed/iotsim-combined-cycle-tls-5.csv,iotsim-combined-cycle-tls,391,benign
id_calib:4130,id_calib,fit,benign,processed/iotsim-combined-cycle-tls-5.csv,iotsim-combined-cycle-tls,392,benign
id_calib:4131,id_calib,fit,benign,processed/iotsim-combined-cycle-tls-5.csv,iotsim-combined-cycle-tls,393,benign
id_calib:4132,id_calib,fit,benign,processed/iotsim-combined-cycle-tls-5.csv,iotsim-combined-cycle-tls,394,benign
id_calib:4133,id_calib,fit,benign,processed/iotsim-combined-cycle-tls-5.csv,iotsim-combined-cycle-tls,395,benign
id_calib:4134,id_calib,fit,benign,processed/iotsim-combined-cycle-tls-5.csv,iotsim-combined-cycle-tls,396,benign
id_calib:4135,id_calib,fit,benign,processed/iotsim-combined-cycle-tls-5.csv,iotsim-combined-cycle-tls,397,benign
id_calib:4136,id_calib,fit,benign,processed/iotsim-combined-cycle-tls-5.csv,iotsim-combined-cycle-tls,398,benign
id_calib:4137,id_calib,fit,benign,processed/iotsim-combined-cycle-tls-5.csv,iotsim-combined-cycle-tls,399,benign
id_calib:4138,id_calib,fit,benign,processed/iotsim-combined-cycle-tls-5.csv,iotsim-combined-cycle-tls,400,benign
id_calib:4139,id_calib,fit,benign,processed/iotsim-combined-cycle-tls-5.csv,iotsim-combined-cycle-tls,401,benign
id_calib:4140,id_calib,fit,benign,processed/iotsim-combined-cycle-tls-5.csv,iotsim-combined-cycle-tls,402,benign
id_calib:4141,id_calib,fit,benign,processed/iotsim-combined-cycle-tls-5.csv,iotsim-combined-cycle-tls,403,benign
id_calib:4142,id_calib,fit,benign,processed/iotsim-combined-cycle-tls-5.csv,iotsim-combined-cycle-tls,404,benign
id_calib:4143,id_calib,fit,benign,processed/iotsim-combined-cycle-tls-5.csv,iotsim-combined-cycle-tls,405,benign
id_calib:4144,id_calib,fit,benign,processed/iotsim-combined-cycle-tls-5.csv,iotsim-combined-cycle-tls,406,benign
id_calib:4145,id_calib,fit,benign,processed/iotsim-combined-cycle-tls-5.csv,iotsim-combined-cycle-tls,407,benign
id_calib:4146,id_calib,fit,benign,processed/iotsim-combined-cycle-tls-5.csv,iotsim-combined-cycle-tls,408,benign
id_calib:4147,id_calib,fit,benign,processed/iotsim-combined-cycle-tls-5.csv,iotsim-combined-cycle-tls,409,benign
id_calib:4148,id_calib,fit,benign,processed/iotsim-combined-cycle-tls-5.csv,iotsim-combined-cycle-tls,410,benign
id_calib:4149,id_calib,fit,benign,processed/iotsim-combined-cycle-tls-5.csv,iotsim-combined-cycle-tls,411,benign
id_calib:4150,id_calib,fit,benign,processed/iotsim-combined-cycle-tls-5.csv,iotsim-combined-cycle-tls,412,benign
id_calib:4151,id_calib,fit,benign,processed/iotsim-combined-cycle-tls-5.csv,iotsim-combined-cycle-tls,413,benign
id_calib:4152,id_calib,fit,benign,processed/iotsim-combined-cycle-tls-5.csv,iotsim-combined-cycle-tls,414,benign
id_calib:4153,id_calib,fit,benign,processed/iotsim-combined-cycle-tls-5.csv,iotsim-combined-cycle-tls,415,benign
id_calib:4154,id_calib,fit,benign,processed/iotsim-combined-cycle-tls-5.csv,iotsim-combined-cycle-tls,416,benign
id_calib:4155,id_calib,fit,benign,processed/iotsim-combined-cycle-tls-5.csv,iotsim-combined-cycle-tls,417,benign
id_calib:4156,id_calib,fit,benign,processed/iotsim-combined-cycle-tls-5.csv,iotsim-combined-cycle-tls,418,benign
id_calib:4157,id_calib,fit,benign,processed/iotsim-combined-cycle-tls-5.csv,iotsim-combined-cycle-tls,419,benign
id_calib:4158,id_calib,fit,benign,processed/iotsim-combined-cycle-tls-5.csv,iotsim-combined-cycle-tls,420,benign
id_calib:4159,id_calib,fit,benign,processed/iotsim-combined-cycle-tls-5.csv,iotsim-combined-cycle-tls,421,benign
id_calib:4160,id_calib,fit,benign,processed/iotsim-combined-cycle-tls-5.csv,iotsim-combined-cycle-tls,422,benign
id_calib:4161,id_calib,fit,benign,processed/iotsim-combined-cycle-tls-5.csv,iotsim-combined-cycle-tls,423,benign
id_calib:4162,id_calib,fit,benign,processed/iotsim-combined-cycle-tls-5.csv,iotsim-combined-cycle-tls,424,benign
id_calib:4163,id_calib,fit,benign,processed/iotsim-combined-cycle-tls-5.csv,iotsim-combined-cycle-tls,425,benign
id_calib:4164,id_calib,fit,benign,processed/iotsim-combined-cycle-tls-5.csv,iotsim-combined-cycle-tls,426,benign
id_calib:4165,id_calib,fit,benign,processed/iotsim-combined-cycle-tls-5.csv,iotsim-combined-cycle-tls,427,benign
id_calib:4166,id_calib,fit,benign,processed/iotsim-combined-cycle-tls-5.csv,iotsim-combined-cycle-tls,428,benign
id_calib:4167,id_calib,fit,benign,processed/iotsim-combined-cycle-tls-5.csv,iotsim-combined-cycle-tls,429,benign
id_calib:4168,id_calib,fit,benign,processed/iotsim-combined-cycle-tls-5.csv,iotsim-combined-cycle-tls,430,benign
id_calib:4169,id_calib,fit,benign,processed/iotsim-combined-cycle-tls-5.csv,iotsim-combined-cycle-tls,431,benign
id_calib:4170,id_calib,fit,benign,processed/iotsim-combined-cycle-tls-5.csv,iotsim-combined-cycle-tls,432,benign
id_calib:4171,id_calib,fit,benign,processed/iotsim-combined-cycle-tls-5.csv,iotsim-combined-cycle-tls,433,benign
id_calib:4172,id_calib,fit,benign,processed/iotsim-combined-cycle-tls-5.csv,iotsim-combined-cycle-tls,434,benign
id_calib:4173,id_calib,fit,benign,processed/iotsim-combined-cycle-tls-5.csv,iotsim-combined-cycle-tls,435,benign
id_calib:4174,id_calib,fit,benign,processed/iotsim-combined-cycle-tls-5.csv,iotsim-combined-cycle-tls,436,benign
id_calib:4175,id_calib,fit,benign,processed/iotsim-combined-cycle-tls-5.csv,iotsim-combined-cycle-tls,437,benign
id_calib:4176,id_calib,fit,benign,processed/iotsim-combined-cycle-tls-5.csv,iotsim-combined-cycle-tls,438,benign
id_calib:4177,id_calib,fit,benign,processed/iotsim-combined-cycle-tls-5.csv,iotsim-combined-cycle-tls,439,benign
id_calib:4178,id_calib,fit,benign,processed/iotsim-combined-cycle-tls-5.csv,iotsim-combined-cycle-tls,440,benign
id_calib:4179,id_calib,fit,benign,processed/iotsim-combined-cycle-tls-5.csv,iotsim-combined-cycle-tls,441,benign
id_calib:4180,id_calib,fit,benign,processed/iotsim-combined-cycle-tls-5.csv,iotsim-combined-cycle-tls,442,benign
id_calib:4181,id_calib,fit,benign,processed/iotsim-combined-cycle-tls-5.csv,iotsim-combined-cycle-tls,443,benign
id_calib:4182,id_calib,fit,benign,processed/iotsim-combined-cycle-tls-5.csv,iotsim-combined-cycle-tls,444,benign
id_calib:4183,id_calib,fit,benign,processed/iotsim-combined-cycle-tls-5.csv,iotsim-combined-cycle-tls,445,benign
id_calib:4184,id_calib,fit,benign,processed/iotsim-combined-cycle-tls-5.csv,iotsim-combined-cycle-tls,446,benign
id_calib:4185,id_calib,fit,benign,processed/iotsim-combined-cycle-tls-5.csv,iotsim-combined-cycle-tls,447,benign
id_calib:4186,id_calib,fit,benign,processed/iotsim-combined-cycle-tls-5.csv,iotsim-combined-cycle-tls,448,benign
id_calib:4187,id_calib,fit,benign,processed/iotsim-combined-cycle-tls-5.csv,iotsim-combined-cycle-tls,449,benign
id_calib:4188,id_calib,fit,benign,processed/iotsim-combined-cycle-tls-5.csv,iotsim-combined-cycle-tls,450,benign
id_calib:4189,id_calib,fit,benign,processed/iotsim-combined-cycle-tls-5.csv,iotsim-combined-cycle-tls,451,benign
id_calib:4190,id_calib,fit,benign,processed/iotsim-combined-cycle-tls-5.csv,iotsim-combined-cycle-tls,452,benign
id_calib:4191,id_calib,fit,benign,processed/iotsim-combined-cycle-tls-5.csv,iotsim-combined-cycle-tls,453,benign
id_calib:4192,id_calib,fit,benign,processed/iotsim-combined-cycle-tls-5.csv,iotsim-combined-cycle-tls,454,benign
id_calib:4193,id_calib,fit,benign,processed/iotsim-combined-cycle-tls-5.csv,iotsim-combined-cycle-tls,455,benign
id_calib:4194,id_calib,fit,benign,processed/iotsim-combined-cycle-tls-5.csv,iotsim-combined-cycle-tls,456,benign
id_calib:4195,id_calib,fit,benign,processed/iotsim-combined-cycle-tls-5.csv,iotsim-combined-cycle-tls,457,benign
id_calib:4196,id_calib,fit,benign,processed/iotsim-combined-cycle-tls-5.csv,iotsim-combined-cycle-tls,458,benign
id_calib:4197,id_calib,fit,benign,processed/iotsim-combined-cycle-tls-5.csv,iotsim-combined-cycle-tls,459,benign
id_calib:4198,id_calib,fit,benign,processed/iotsim-combined-cycle-tls-5.csv,iotsim-combined-cycle-tls,460,benign
id_calib:4199,id_calib,fit,benign,processed/iotsim-combined-cycle-tls-5.csv,iotsim-combined-cycle-tls,461,benign
id_calib:4200,id_calib,fit,benign,processed/iotsim-combined-cycle-tls-5.csv,iotsim-combined-cycle-tls,462,benign
id_calib:4201,id_calib,fit,benign,processed/iotsim-combined-cycle-tls-5.csv,iotsim-combined-cycle-tls,463,benign
id_calib:4202,id_calib,fit,benign,processed/iotsim-combined-cycle-tls-5.csv,iotsim-combined-cycle-tls,464,benign
id_calib:4203,id_calib,fit,benign,processed/iotsim-combined-cycle-tls-5.csv,iotsim-combined-cycle-tls,465,benign
id_calib:4204,id_calib,fit,benign,processed/iotsim-combined-cycle-tls-5.csv,iotsim-combined-cycle-tls,466,benign
id_calib:4205,id_calib,fit,benign,processed/iotsim-combined-cycle-tls-5.csv,iotsim-combined-cycle-tls,467,benign
id_calib:4206,id_calib,fit,benign,processed/iotsim-combined-cycle-tls-5.csv,iotsim-combined-cycle-tls,468,benign
id_calib:4207,id_calib,fit,benign,processed/iotsim-combined-cycle-tls-5.csv,iotsim-combined-cycle-tls,469,benign
id_calib:4208,id_calib,fit,benign,processed/iotsim-combined-cycle-tls-5.csv,iotsim-combined-cycle-tls,470,benign
id_calib:4209,id_calib,fit,benign,processed/iotsim-combined-cycle-tls-5.csv,iotsim-combined-cycle-tls,471,benign
id_calib:4210,id_calib,fit,benign,processed/iotsim-combined-cycle-tls-5.csv,iotsim-combined-cycle-tls,472,benign
id_calib:4211,id_calib,fit,benign,processed/iotsim-combined-cycle-tls-5.csv,iotsim-combined-cycle-tls,473,benign
id_calib:4212,id_calib,fit,benign,processed/iotsim-combined-cycle-tls-5.csv,iotsim-combined-cycle-tls,474,benign
id_calib:4213,id_calib,fit,benign,processed/iotsim-combined-cycle-tls-5.csv,iotsim-combined-cycle-tls,475,benign
id_calib:4214,id_calib,fit,benign,processed/iotsim-combined-cycle-tls-5.csv,iotsim-combined-cycle-tls,476,benign
id_calib:4215,id_calib,fit,benign,processed/iotsim-combined-cycle-tls-5.csv,iotsim-combined-cycle-tls,477,benign
id_calib:4216,id_calib,fit,benign,processed/iotsim-combined-cycle-tls-5.csv,iotsim-combined-cycle-tls,478,benign
id_calib:4217,id_calib,fit,benign,processed/iotsim-combined-cycle-tls-5.csv,iotsim-combined-cycle-tls,479,benign
id_calib:4218,id_calib,fit,benign,processed/iotsim-combined-cycle-tls-5.csv,iotsim-combined-cycle-tls,480,benign
id_calib:4219,id_calib,fit,benign,processed/iotsim-combined-cycle-tls-5.csv,iotsim-combined-cycle-tls,481,benign
id_calib:4220,id_calib,fit,benign,processed/iotsim-combined-cycle-tls-5.csv,iotsim-combined-cycle-tls,482,benign
id_calib:4221,id_calib,fit,benign,processed/iotsim-combined-cycle-tls-5.csv,iotsim-combined-cycle-tls,483,benign
id_calib:4222,id_calib,fit,benign,processed/iotsim-combined-cycle-tls-5.csv,iotsim-combined-cycle-tls,484,benign
id_calib:4223,id_calib,fit,benign,processed/iotsim-combined-cycle-tls-5.csv,iotsim-combined-cycle-tls,485,benign
id_calib:4224,id_calib,fit,benign,processed/iotsim-combined-cycle-tls-5.csv,iotsim-combined-cycle-tls,486,benign
id_calib:4225,id_calib,fit,benign,processed/iotsim-combined-cycle-tls-5.csv,iotsim-combined-cycle-tls,487,benign
id_calib:4226,id_calib,fit,benign,processed/iotsim-combined-cycle-tls-5.csv,iotsim-combined-cycle-tls,488,benign
id_calib:4227,id_calib,fit,benign,processed/iotsim-combined-cycle-tls-5.csv,iotsim-combined-cycle-tls,489,benign
id_calib:4228,id_calib,fit,benign,processed/iotsim-combined-cycle-tls-5.csv,iotsim-combined-cycle-tls,490,benign
id_calib:4229,id_calib,fit,benign,processed/iotsim-combined-cycle-tls-5.csv,iotsim-combined-cycle-tls,491,benign
id_calib:4230,id_calib,fit,benign,processed/iotsim-combined-cycle-tls-5.csv,iotsim-combined-cycle-tls,492,benign
id_calib:4231,id_calib,fit,benign,processed/iotsim-combined-cycle-tls-5.csv,iotsim-combined-cycle-tls,493,benign
id_calib:4232,id_calib,fit,benign,processed/iotsim-combined-cycle-tls-5.csv,iotsim-combined-cycle-tls,494,benign
id_calib:4233,id_calib,fit,benign,processed/iotsim-combined-cycle-tls-5.csv,iotsim-combined-cycle-tls,495,benign
id_calib:4234,id_calib,fit,benign,processed/iotsim-combined-cycle-tls-5.csv,iotsim-combined-cycle-tls,496,benign
id_calib:4235,id_calib,fit,benign,processed/iotsim-combined-cycle-tls-5.csv,iotsim-combined-cycle-tls,497,benign
id_calib:4236,id_calib,fit,benign,processed/iotsim-combined-cycle-tls-5.csv,iotsim-combined-cycle-tls,498,benign
id_calib:4237,id_calib,fit,benign,processed/iotsim-combined-cycle-tls-5.csv,iotsim-combined-cycle-tls,499,benign
id_calib:4238,id_calib,fit,benign,processed/iotsim-combined-cycle-tls-5.csv,iotsim-combined-cycle-tls,500,benign
id_calib:4239,id_calib,fit,benign,processed/iotsim-combined-cycle-tls-5.csv,iotsim-combined-cycle-tls,501,benign
id_calib:4240,id_calib,fit,benign,processed/iotsim-combined-cycle-tls-5.csv,iotsim-combined-cycle-tls,502,benign
id_calib:4241,id_calib,fit,benign,processed/iotsim-combined-cycle-tls-5.csv,iotsim-combined-cycle-tls,503,benign
id_calib:4242,id_calib,fit,benign,processed/iotsim-combined-cycle-tls-5.csv,iotsim-combined-cycle-tls,504,benign
id_calib:4243,id_calib,fit,benign,processed/iotsim-combined-cycle-tls-5.csv,iotsim-combined-cycle-tls,505,benign
id_calib:4244,id_calib,fit,benign,processed/iotsim-combined-cycle-tls-5.csv,iotsim-combined-cycle-tls,506,benign
id_calib:4245,id_calib,fit,benign,processed/iotsim-combined-cycle-tls-5.csv,iotsim-combined-cycle-tls,507,benign
id_calib:4246,id_calib,fit,benign,processed/iotsim-combined-cycle-tls-5.csv,iotsim-combined-cycle-tls,508,benign
id_calib:4247,id_calib,fit,benign,processed/iotsim-combined-cycle-tls-5.csv,iotsim-combined-cycle-tls,509,benign
id_calib:4248,id_calib,fit,benign,processed/iotsim-combined-cycle-tls-5.csv,iotsim-combined-cycle-tls,510,benign
id_calib:4249,id_calib,fit,benign,processed/iotsim-combined-cycle-tls-5.csv,iotsim-combined-cycle-tls,511,benign
id_calib:4250,id_calib,fit,benign,processed/iotsim-combined-cycle-tls-5.csv,iotsim-combined-cycle-tls,512,benign
id_calib:4251,id_calib,fit,benign,processed/iotsim-combined-cycle-tls-5.csv,iotsim-combined-cycle-tls,513,benign
id_calib:4252,id_calib,fit,benign,processed/iotsim-combined-cycle-tls-5.csv,iotsim-combined-cycle-tls,514,benign
id_calib:4253,id_calib,fit,benign,processed/iotsim-combined-cycle-tls-5.csv,iotsim-combined-cycle-tls,515,benign
id_calib:4254,id_calib,fit,benign,processed/iotsim-combined-cycle-tls-5.csv,iotsim-combined-cycle-tls,516,benign
id_calib:4255,id_calib,fit,benign,processed/iotsim-combined-cycle-tls-5.csv,iotsim-combined-cycle-tls,517,benign
id_calib:4256,id_calib,fit,benign,processed/iotsim-combined-cycle-tls-5.csv,iotsim-combined-cycle-tls,518,benign
id_calib:4257,id_calib,fit,benign,processed/iotsim-combined-cycle-tls-5.csv,iotsim-combined-cycle-tls,519,benign
id_calib:4258,id_calib,fit,benign,processed/iotsim-combined-cycle-tls-5.csv,iotsim-combined-cycle-tls,520,benign
id_calib:4259,id_calib,fit,benign,processed/iotsim-combined-cycle-tls-5.csv,iotsim-combined-cycle-tls,521,benign
id_calib:4260,id_calib,fit,benign,processed/iotsim-combined-cycle-tls-5.csv,iotsim-combined-cycle-tls,522,benign
id_calib:4261,id_calib,fit,benign,processed/iotsim-combined-cycle-tls-5.csv,iotsim-combined-cycle-tls,523,benign
id_calib:4262,id_calib,fit,benign,processed/iotsim-combined-cycle-tls-5.csv,iotsim-combined-cycle-tls,524,benign
id_calib:4263,id_calib,fit,benign,processed/iotsim-combined-cycle-tls-5.csv,iotsim-combined-cycle-tls,525,benign
id_calib:4264,id_calib,fit,benign,processed/iotsim-combined-cycle-tls-5.csv,iotsim-combined-cycle-tls,526,benign
id_calib:4265,id_calib,fit,benign,processed/iotsim-combined-cycle-tls-5.csv,iotsim-combined-cycle-tls,527,benign
id_calib:4266,id_calib,fit,benign,processed/iotsim-combined-cycle-tls-5.csv,iotsim-combined-cycle-tls,528,benign
id_calib:4267,id_calib,fit,benign,processed/iotsim-combined-cycle-tls-5.csv,iotsim-combined-cycle-tls,529,benign
id_calib:4268,id_calib,fit,benign,processed/iotsim-combined-cycle-tls-5.csv,iotsim-combined-cycle-tls,530,benign
id_calib:4269,id_calib,fit,benign,processed/iotsim-combined-cycle-tls-5.csv,iotsim-combined-cycle-tls,531,benign
id_calib:4270,id_calib,fit,benign,processed/iotsim-combined-cycle-tls-5.csv,iotsim-combined-cycle-tls,532,benign
id_calib:4271,id_calib,fit,benign,processed/iotsim-combined-cycle-tls-5.csv,iotsim-combined-cycle-tls,533,benign
id_calib:4272,id_calib,fit,benign,processed/iotsim-combined-cycle-tls-5.csv,iotsim-combined-cycle-tls,534,benign
id_calib:4273,id_calib,fit,benign,processed/iotsim-combined-cycle-tls-5.csv,iotsim-combined-cycle-tls,535,benign
id_calib:4274,id_calib,fit,benign,processed/iotsim-combined-cycle-tls-5.csv,iotsim-combined-cycle-tls,536,benign
id_calib:4275,id_calib,fit,benign,processed/iotsim-combined-cycle-tls-5.csv,iotsim-combined-cycle-tls,537,benign
id_calib:4276,id_calib,fit,benign,processed/iotsim-combined-cycle-tls-5.csv,iotsim-combined-cycle-tls,538,benign
id_calib:4277,id_calib,fit,benign,processed/iotsim-combined-cycle-tls-5.csv,iotsim-combined-cycle-tls,539,benign
id_calib:4278,id_calib,fit,benign,processed/iotsim-combined-cycle-tls-5.csv,iotsim-combined-cycle-tls,540,benign
id_calib:4279,id_calib,fit,benign,processed/iotsim-combined-cycle-tls-5.csv,iotsim-combined-cycle-tls,541,benign
id_calib:4280,id_calib,fit,benign,processed/iotsim-combined-cycle-tls-5.csv,iotsim-combined-cycle-tls,542,benign
id_calib:4281,id_calib,fit,benign,processed/iotsim-combined-cycle-tls-5.csv,iotsim-combined-cycle-tls,543,benign
id_calib:4282,id_calib,fit,benign,processed/iotsim-combined-cycle-tls-5.csv,iotsim-combined-cycle-tls,544,benign
id_calib:4283,id_calib,fit,benign,processed/iotsim-combined-cycle-tls-5.csv,iotsim-combined-cycle-tls,545,benign
id_calib:4284,id_calib,fit,benign,processed/iotsim-combined-cycle-tls-5.csv,iotsim-combined-cycle-tls,546,benign
id_calib:4285,id_calib,fit,benign,processed/iotsim-combined-cycle-tls-5.csv,iotsim-combined-cycle-tls,547,benign
id_calib:4286,id_calib,fit,benign,processed/iotsim-combined-cycle-tls-5.csv,iotsim-combined-cycle-tls,548,benign
id_calib:4287,id_calib,fit,benign,processed/iotsim-combined-cycle-tls-5.csv,iotsim-combined-cycle-tls,549,benign
id_calib:4288,id_calib,fit,benign,processed/iotsim-combined-cycle-tls-5.csv,iotsim-combined-cycle-tls,550,benign
id_calib:4289,id_calib,fit,benign,processed/iotsim-combined-cycle-tls-5.csv,iotsim-combined-cycle-tls,551,benign
id_calib:4290,id_calib,fit,benign,processed/iotsim-combined-cycle-tls-5.csv,iotsim-combined-cycle-tls,552,benign
id_calib:4291,id_calib,fit,benign,processed/iotsim-combined-cycle-tls-5.csv,iotsim-combined-cycle-tls,553,benign
id_calib:4292,id_calib,fit,benign,processed/iotsim-combined-cycle-tls-5.csv,iotsim-combined-cycle-tls,554,benign
id_calib:4293,id_calib,fit,benign,processed/iotsim-combined-cycle-tls-5.csv,iotsim-combined-cycle-tls,555,benign
id_calib:4294,id_calib,fit,benign,processed/iotsim-combined-cycle-tls-5.csv,iotsim-combined-cycle-tls,556,benign
id_calib:4295,id_calib,fit,benign,processed/iotsim-combined-cycle-tls-5.csv,iotsim-combined-cycle-tls,557,benign
id_calib:4296,id_calib,fit,benign,processed/iotsim-combined-cycle-tls-5.csv,iotsim-combined-cycle-tls,558,benign
id_calib:4297,id_calib,fit,benign,processed/iotsim-combined-cycle-tls-5.csv,iotsim-combined-cycle-tls,559,benign
id_calib:4298,id_calib,fit,benign,processed/iotsim-combined-cycle-tls-5.csv,iotsim-combined-cycle-tls,560,benign
id_calib:4299,id_calib,fit,benign,processed/iotsim-combined-cycle-tls-5.csv,iotsim-combined-cycle-tls,561,benign
id_calib:4300,id_calib,fit,benign,processed/iotsim-combined-cycle-tls-5.csv,iotsim-combined-cycle-tls,562,benign
id_calib:4301,id_calib,fit,benign,processed/iotsim-combined-cycle-tls-5.csv,iotsim-combined-cycle-tls,563,benign
id_calib:4302,id_calib,fit,benign,processed/iotsim-combined-cycle-tls-5.csv,iotsim-combined-cycle-tls,564,benign
id_calib:4303,id_calib,fit,benign,processed/iotsim-combined-cycle-tls-5.csv,iotsim-combined-cycle-tls,565,benign
id_calib:4304,id_calib,fit,benign,processed/iotsim-combined-cycle-tls-5.csv,iotsim-combined-cycle-tls,566,benign
id_calib:4305,id_calib,fit,benign,processed/iotsim-combined-cycle-tls-5.csv,iotsim-combined-cycle-tls,567,benign
id_calib:4306,id_calib,fit,benign,processed/iotsim-combined-cycle-tls-5.csv,iotsim-combined-cycle-tls,568,benign
id_calib:4307,id_calib,fit,benign,processed/iotsim-combined-cycle-tls-5.csv,iotsim-combined-cycle-tls,569,benign
id_calib:4308,id_calib,fit,benign,processed/iotsim-combined-cycle-tls-5.csv,iotsim-combined-cycle-tls,570,benign
id_calib:4309,id_calib,fit,benign,processed/iotsim-combined-cycle-tls-5.csv,iotsim-combined-cycle-tls,571,benign
id_calib:4310,id_calib,fit,benign,processed/iotsim-combined-cycle-tls-5.csv,iotsim-combined-cycle-tls,572,benign
id_calib:4311,id_calib,fit,benign,processed/iotsim-combined-cycle-tls-5.csv,iotsim-combined-cycle-tls,573,benign
id_calib:4312,id_calib,fit,benign,processed/iotsim-combined-cycle-tls-5.csv,iotsim-combined-cycle-tls,574,benign
id_calib:4313,id_calib,fit,benign,processed/iotsim-combined-cycle-tls-5.csv,iotsim-combined-cycle-tls,575,benign
id_calib:4314,id_calib,fit,benign,processed/iotsim-combined-cycle-tls-5.csv,iotsim-combined-cycle-tls,576,benign
id_calib:4315,id_calib,fit,benign,processed/iotsim-combined-cycle-tls-5.csv,iotsim-combined-cycle-tls,577,benign
id_calib:4316,id_calib,fit,benign,processed/iotsim-combined-cycle-tls-5.csv,iotsim-combined-cycle-tls,578,benign
id_calib:4317,id_calib,fit,benign,processed/iotsim-combined-cycle-tls-5.csv,iotsim-combined-cycle-tls,579,benign
id_calib:4318,id_calib,fit,benign,processed/iotsim-combined-cycle-tls-5.csv,iotsim-combined-cycle-tls,580,benign
id_calib:4319,id_calib,fit,benign,processed/iotsim-combined-cycle-tls-5.csv,iotsim-combined-cycle-tls,581,benign
id_calib:4320,id_calib,fit,benign,processed/iotsim-combined-cycle-tls-5.csv,iotsim-combined-cycle-tls,582,benign
id_calib:4321,id_calib,fit,benign,processed/iotsim-combined-cycle-tls-5.csv,iotsim-combined-cycle-tls,583,benign
id_calib:4322,id_calib,fit,benign,processed/iotsim-combined-cycle-tls-5.csv,iotsim-combined-cycle-tls,584,benign
id_calib:4323,id_calib,fit,benign,processed/iotsim-combined-cycle-tls-5.csv,iotsim-combined-cycle-tls,585,benign
id_calib:4324,id_calib,fit,benign,processed/iotsim-combined-cycle-tls-5.csv,iotsim-combined-cycle-tls,586,benign
id_calib:4325,id_calib,fit,benign,processed/iotsim-combined-cycle-tls-5.csv,iotsim-combined-cycle-tls,587,benign
id_calib:4326,id_calib,fit,benign,processed/iotsim-combined-cycle-tls-5.csv,iotsim-combined-cycle-tls,588,benign
id_calib:4327,id_calib,fit,benign,processed/iotsim-combined-cycle-tls-5.csv,iotsim-combined-cycle-tls,589,benign
id_calib:4328,id_calib,fit,benign,processed/iotsim-combined-cycle-tls-5.csv,iotsim-combined-cycle-tls,590,benign
id_calib:4329,id_calib,fit,benign,processed/iotsim-combined-cycle-tls-5.csv,iotsim-combined-cycle-tls,591,benign
id_calib:4330,id_calib,fit,benign,processed/iotsim-combined-cycle-tls-5.csv,iotsim-combined-cycle-tls,592,benign
id_calib:4331,id_calib,fit,benign,processed/iotsim-combined-cycle-tls-5.csv,iotsim-combined-cycle-tls,593,benign
id_calib:4332,id_calib,fit,benign,processed/iotsim-combined-cycle-tls-5.csv,iotsim-combined-cycle-tls,594,benign
id_calib:4333,id_calib,fit,benign,processed/iotsim-combined-cycle-tls-5.csv,iotsim-combined-cycle-tls,595,benign
id_calib:4334,id_calib,fit,benign,processed/iotsim-combined-cycle-tls-5.csv,iotsim-combined-cycle-tls,596,benign
id_calib:4335,id_calib,fit,benign,processed/iotsim-combined-cycle-tls-5.csv,iotsim-combined-cycle-tls,597,benign
id_calib:4336,id_calib,fit,benign,processed/iotsim-combined-cycle-tls-5.csv,iotsim-combined-cycle-tls,598,benign
id_calib:4337,id_calib,fit,benign,processed/iotsim-combined-cycle-tls-5.csv,iotsim-combined-cycle-tls,599,benign
id_calib:4338,id_calib,fit,benign,processed/iotsim-combined-cycle-tls-5.csv,iotsim-combined-cycle-tls,600,benign
id_calib:4339,id_calib,fit,benign,processed/iotsim-combined-cycle-tls-5.csv,iotsim-combined-cycle-tls,601,benign
id_calib:4340,id_calib,fit,benign,processed/iotsim-combined-cycle-tls-5.csv,iotsim-combined-cycle-tls,602,benign
id_calib:4341,id_calib,fit,benign,processed/iotsim-combined-cycle-tls-5.csv,iotsim-combined-cycle-tls,603,benign
id_calib:4342,id_calib,fit,benign,processed/iotsim-combined-cycle-tls-5.csv,iotsim-combined-cycle-tls,604,benign
id_calib:4343,id_calib,fit,benign,processed/iotsim-combined-cycle-tls-5.csv,iotsim-combined-cycle-tls,605,benign
id_calib:4344,id_calib,fit,benign,processed/iotsim-combined-cycle-tls-5.csv,iotsim-combined-cycle-tls,606,benign
id_calib:4345,id_calib,fit,benign,processed/iotsim-combined-cycle-tls-5.csv,iotsim-combined-cycle-tls,607,benign
id_calib:4346,id_calib,fit,benign,processed/iotsim-combined-cycle-tls-5.csv,iotsim-combined-cycle-tls,608,benign
id_calib:4347,id_calib,fit,benign,processed/iotsim-combined-cycle-tls-5.csv,iotsim-combined-cycle-tls,609,benign
id_calib:4348,id_calib,fit,benign,processed/iotsim-combined-cycle-tls-5.csv,iotsim-combined-cycle-tls,610,benign
id_calib:4349,id_calib,fit,benign,processed/iotsim-combined-cycle-tls-5.csv,iotsim-combined-cycle-tls,611,benign
id_calib:4350,id_calib,fit,benign,processed/iotsim-combined-cycle-tls-5.csv,iotsim-combined-cycle-tls,612,benign
id_calib:4351,id_calib,fit,benign,processed/iotsim-combined-cycle-tls-5.csv,iotsim-combined-cycle-tls,613,benign
id_calib:4352,id_calib,fit,benign,processed/iotsim-combined-cycle-tls-5.csv,iotsim-combined-cycle-tls,614,benign
id_calib:4353,id_calib,fit,benign,processed/iotsim-combined-cycle-tls-5.csv,iotsim-combined-cycle-tls,615,benign
id_calib:4354,id_calib,fit,benign,processed/iotsim-combined-cycle-tls-5.csv,iotsim-combined-cycle-tls,616,benign
id_calib:4355,id_calib,fit,benign,processed/iotsim-combined-cycle-tls-5.csv,iotsim-combined-cycle-tls,617,benign
id_calib:4356,id_calib,fit,benign,processed/iotsim-combined-cycle-tls-5.csv,iotsim-combined-cycle-tls,618,benign
id_calib:4357,id_calib,fit,benign,processed/iotsim-combined-cycle-tls-5.csv,iotsim-combined-cycle-tls,619,benign
id_calib:4358,id_calib,fit,benign,processed/iotsim-combined-cycle-tls-5.csv,iotsim-combined-cycle-tls,620,benign
id_calib:4359,id_calib,fit,benign,processed/iotsim-combined-cycle-tls-5.csv,iotsim-combined-cycle-tls,621,benign
id_calib:4360,id_calib,fit,benign,processed/iotsim-combined-cycle-tls-5.csv,iotsim-combined-cycle-tls,622,benign
id_calib:4361,id_calib,fit,benign,processed/iotsim-combined-cycle-tls-5.csv,iotsim-combined-cycle-tls,623,benign
id_calib:4362,id_calib,fit,benign,processed/iotsim-combined-cycle-tls-5.csv,iotsim-combined-cycle-tls,624,benign
id_calib:4363,id_calib,fit,benign,processed/iotsim-combined-cycle-tls-5.csv,iotsim-combined-cycle-tls,625,benign
id_calib:4364,id_calib,fit,benign,processed/iotsim-combined-cycle-tls-5.csv,iotsim-combined-cycle-tls,626,benign
id_calib:4365,id_calib,fit,benign,processed/iotsim-combined-cycle-tls-5.csv,iotsim-combined-cycle-tls,627,benign
id_calib:4366,id_calib,fit,benign,processed/iotsim-combined-cycle-tls-5.csv,iotsim-combined-cycle-tls,628,benign
id_calib:4367,id_calib,fit,benign,processed/iotsim-combined-cycle-tls-5.csv,iotsim-combined-cycle-tls,629,benign
id_calib:4368,id_calib,fit,benign,processed/iotsim-combined-cycle-tls-5.csv,iotsim-combined-cycle-tls,630,benign
id_calib:4369,id_calib,fit,benign,processed/iotsim-combined-cycle-tls-5.csv,iotsim-combined-cycle-tls,631,benign
id_calib:4370,id_calib,fit,benign,processed/iotsim-combined-cycle-tls-5.csv,iotsim-combined-cycle-tls,632,benign
id_calib:4371,id_calib,fit,benign,processed/iotsim-combined-cycle-tls-5.csv,iotsim-combined-cycle-tls,633,benign
id_calib:4372,id_calib,fit,benign,processed/iotsim-combined-cycle-tls-5.csv,iotsim-combined-cycle-tls,634,benign
id_calib:4373,id_calib,fit,benign,processed/iotsim-combined-cycle-tls-5.csv,iotsim-combined-cycle-tls,635,benign
id_calib:4374,id_calib,fit,benign,processed/iotsim-combined-cycle-tls-5.csv,iotsim-combined-cycle-tls,636,benign
id_calib:4375,id_calib,fit,benign,processed/iotsim-combined-cycle-tls-5.csv,iotsim-combined-cycle-tls,637,benign
id_calib:4376,id_calib,fit,benign,processed/iotsim-combined-cycle-tls-5.csv,iotsim-combined-cycle-tls,638,benign
id_calib:4377,id_calib,fit,benign,processed/iotsim-combined-cycle-tls-5.csv,iotsim-combined-cycle-tls,639,benign
id_calib:4378,id_calib,fit,benign,processed/iotsim-combined-cycle-tls-5.csv,iotsim-combined-cycle-tls,640,benign
id_calib:4379,id_calib,fit,benign,processed/iotsim-combined-cycle-tls-5.csv,iotsim-combined-cycle-tls,641,benign
id_calib:4380,id_calib,fit,benign,processed/iotsim-combined-cycle-tls-5.csv,iotsim-combined-cycle-tls,642,benign
id_calib:4381,id_calib,fit,benign,processed/iotsim-combined-cycle-tls-5.csv,iotsim-combined-cycle-tls,643,benign
id_calib:4382,id_calib,fit,benign,processed/iotsim-combined-cycle-tls-5.csv,iotsim-combined-cycle-tls,644,benign
id_calib:4383,id_calib,fit,benign,processed/iotsim-combined-cycle-tls-5.csv,iotsim-combined-cycle-tls,645,benign
id_calib:4384,id_calib,fit,benign,processed/iotsim-combined-cycle-tls-5.csv,iotsim-combined-cycle-tls,646,benign
id_calib:4385,id_calib,fit,benign,processed/iotsim-combined-cycle-tls-5.csv,iotsim-combined-cycle-tls,647,benign
id_calib:4386,id_calib,fit,benign,processed/iotsim-combined-cycle-tls-5.csv,iotsim-combined-cycle-tls,648,benign
id_calib:4387,id_calib,fit,benign,processed/iotsim-combined-cycle-tls-5.csv,iotsim-combined-cycle-tls,649,benign
id_calib:4388,id_calib,fit,benign,processed/iotsim-combined-cycle-tls-5.csv,iotsim-combined-cycle-tls,650,benign
id_calib:4389,id_calib,fit,benign,processed/iotsim-combined-cycle-tls-5.csv,iotsim-combined-cycle-tls,651,benign
id_calib:4390,id_calib,fit,benign,processed/iotsim-combined-cycle-tls-5.csv,iotsim-combined-cycle-tls,652,benign
id_calib:4391,id_calib,fit,benign,processed/iotsim-combined-cycle-tls-5.csv,iotsim-combined-cycle-tls,653,benign
id_calib:4392,id_calib,fit,benign,processed/iotsim-combined-cycle-tls-5.csv,iotsim-combined-cycle-tls,654,benign
id_calib:4393,id_calib,fit,benign,processed/iotsim-combined-cycle-tls-5.csv,iotsim-combined-cycle-tls,655,benign
id_calib:4394,id_calib,fit,benign,processed/iotsim-combined-cycle-tls-5.csv,iotsim-combined-cycle-tls,656,benign
id_calib:4395,id_calib,fit,benign,processed/iotsim-combined-cycle-tls-5.csv,iotsim-combined-cycle-tls,657,benign
id_calib:4396,id_calib,fit,benign,processed/iotsim-combined-cycle-tls-5.csv,iotsim-combined-cycle-tls,658,benign
id_calib:4397,id_calib,fit,benign,processed/iotsim-combined-cycle-tls-5.csv,iotsim-combined-cycle-tls,659,benign
id_calib:4398,id_calib,fit,benign,processed/iotsim-combined-cycle-tls-5.csv,iotsim-combined-cycle-tls,660,benign
id_calib:4399,id_calib,fit,benign,processed/iotsim-combined-cycle-tls-5.csv,iotsim-combined-cycle-tls,661,benign
id_calib:4400,id_calib,fit,benign,processed/iotsim-combined-cycle-tls-5.csv,iotsim-combined-cycle-tls,662,benign
id_calib:4401,id_calib,fit,benign,processed/iotsim-combined-cycle-tls-5.csv,iotsim-combined-cycle-tls,663,benign
id_calib:4402,id_calib,fit,benign,processed/iotsim-combined-cycle-tls-5.csv,iotsim-combined-cycle-tls,664,benign
id_calib:4403,id_calib,fit,benign,processed/iotsim-combined-cycle-tls-5.csv,iotsim-combined-cycle-tls,665,benign
id_calib:4404,id_calib,fit,benign,processed/iotsim-combined-cycle-tls-5.csv,iotsim-combined-cycle-tls,666,benign
id_calib:4405,id_calib,fit,benign,processed/iotsim-combined-cycle-tls-5.csv,iotsim-combined-cycle-tls,667,benign
id_calib:4406,id_calib,fit,benign,processed/iotsim-combined-cycle-tls-5.csv,iotsim-combined-cycle-tls,668,benign
id_calib:4407,id_calib,fit,benign,processed/iotsim-combined-cycle-tls-5.csv,iotsim-combined-cycle-tls,669,benign
id_calib:4408,id_calib,fit,benign,processed/iotsim-combined-cycle-tls-5.csv,iotsim-combined-cycle-tls,670,benign
id_calib:4409,id_calib,fit,benign,processed/iotsim-combined-cycle-tls-5.csv,iotsim-combined-cycle-tls,671,benign
id_calib:4410,id_calib,fit,benign,processed/iotsim-combined-cycle-tls-5.csv,iotsim-combined-cycle-tls,672,benign
id_calib:4411,id_calib,fit,benign,processed/iotsim-combined-cycle-tls-5.csv,iotsim-combined-cycle-tls,673,benign
id_calib:4412,id_calib,fit,benign,processed/iotsim-combined-cycle-tls-5.csv,iotsim-combined-cycle-tls,674,benign
id_calib:4413,id_calib,fit,benign,processed/iotsim-combined-cycle-tls-5.csv,iotsim-combined-cycle-tls,675,benign
id_calib:4414,id_calib,fit,benign,processed/iotsim-combined-cycle-tls-5.csv,iotsim-combined-cycle-tls,676,benign
id_calib:4415,id_calib,fit,benign,processed/iotsim-combined-cycle-tls-5.csv,iotsim-combined-cycle-tls,677,benign
id_calib:4416,id_calib,fit,benign,processed/iotsim-combined-cycle-tls-5.csv,iotsim-combined-cycle-tls,678,benign
id_calib:4417,id_calib,fit,benign,processed/iotsim-combined-cycle-tls-5.csv,iotsim-combined-cycle-tls,679,benign
id_calib:4418,id_calib,fit,benign,processed/iotsim-combined-cycle-tls-5.csv,iotsim-combined-cycle-tls,680,benign
id_calib:4419,id_calib,fit,benign,processed/iotsim-combined-cycle-tls-5.csv,iotsim-combined-cycle-tls,681,benign
id_calib:4420,id_calib,fit,benign,processed/iotsim-combined-cycle-tls-5.csv,iotsim-combined-cycle-tls,682,benign
id_calib:4421,id_calib,fit,benign,processed/iotsim-combined-cycle-tls-5.csv,iotsim-combined-cycle-tls,683,benign
id_calib:4422,id_calib,fit,benign,processed/iotsim-combined-cycle-tls-5.csv,iotsim-combined-cycle-tls,684,benign
id_calib:4423,id_calib,fit,benign,processed/iotsim-combined-cycle-tls-5.csv,iotsim-combined-cycle-tls,685,benign
id_calib:4424,id_calib,fit,benign,processed/iotsim-combined-cycle-tls-5.csv,iotsim-combined-cycle-tls,686,benign
id_calib:4425,id_calib,fit,benign,processed/iotsim-combined-cycle-tls-5.csv,iotsim-combined-cycle-tls,687,benign
id_calib:4426,id_calib,fit,benign,processed/iotsim-combined-cycle-tls-5.csv,iotsim-combined-cycle-tls,688,benign
id_calib:4427,id_calib,fit,benign,processed/iotsim-combined-cycle-tls-5.csv,iotsim-combined-cycle-tls,689,benign
id_calib:4428,id_calib,fit,benign,processed/iotsim-combined-cycle-tls-5.csv,iotsim-combined-cycle-tls,690,benign
id_calib:4429,id_calib,fit,benign,processed/iotsim-combined-cycle-tls-5.csv,iotsim-combined-cycle-tls,691,benign
id_calib:4430,id_calib,fit,benign,processed/iotsim-combined-cycle-tls-5.csv,iotsim-combined-cycle-tls,692,benign
id_calib:4431,id_calib,fit,benign,processed/iotsim-combined-cycle-tls-5.csv,iotsim-combined-cycle-tls,693,benign
id_calib:4432,id_calib,fit,benign,processed/iotsim-combined-cycle-tls-5.csv,iotsim-combined-cycle-tls,694,benign
id_calib:4433,id_calib,fit,benign,processed/iotsim-combined-cycle-tls-5.csv,iotsim-combined-cycle-tls,695,benign
id_calib:4434,id_calib,fit,benign,processed/iotsim-combined-cycle-tls-5.csv,iotsim-combined-cycle-tls,696,benign
id_calib:4435,id_calib,fit,benign,processed/iotsim-combined-cycle-tls-5.csv,iotsim-combined-cycle-tls,697,benign
id_calib:4436,id_calib,fit,benign,processed/iotsim-combined-cycle-tls-5.csv,iotsim-combined-cycle-tls,698,benign
id_calib:4437,id_calib,fit,benign,processed/iotsim-combined-cycle-tls-5.csv,iotsim-combined-cycle-tls,699,benign
id_calib:4438,id_calib,fit,benign,processed/iotsim-combined-cycle-tls-5.csv,iotsim-combined-cycle-tls,700,benign
id_calib:4439,id_calib,fit,benign,processed/iotsim-combined-cycle-tls-5.csv,iotsim-combined-cycle-tls,701,benign
id_calib:4440,id_calib,fit,benign,processed/iotsim-combined-cycle-tls-5.csv,iotsim-combined-cycle-tls,702,benign
id_calib:4441,id_calib,fit,benign,processed/iotsim-combined-cycle-tls-5.csv,iotsim-combined-cycle-tls,703,benign
id_calib:4442,id_calib,fit,benign,processed/iotsim-combined-cycle-tls-5.csv,iotsim-combined-cycle-tls,704,benign
id_calib:4443,id_calib,fit,benign,processed/iotsim-combined-cycle-tls-5.csv,iotsim-combined-cycle-tls,705,benign
id_calib:4444,id_calib,fit,benign,processed/iotsim-combined-cycle-tls-5.csv,iotsim-combined-cycle-tls,706,benign
id_calib:4445,id_calib,fit,benign,processed/iotsim-combined-cycle-tls-5.csv,iotsim-combined-cycle-tls,707,benign
id_calib:4446,id_calib,fit,benign,processed/iotsim-combined-cycle-tls-5.csv,iotsim-combined-cycle-tls,708,benign
id_calib:4447,id_calib,fit,benign,processed/iotsim-combined-cycle-tls-5.csv,iotsim-combined-cycle-tls,709,benign
id_calib:4448,id_calib,fit,benign,processed/iotsim-combined-cycle-tls-5.csv,iotsim-combined-cycle-tls,710,benign
id_calib:4449,id_calib,fit,benign,processed/iotsim-combined-cycle-tls-5.csv,iotsim-combined-cycle-tls,711,benign
id_calib:4450,id_calib,fit,benign,processed/iotsim-combined-cycle-tls-5.csv,iotsim-combined-cycle-tls,712,benign
id_calib:4451,id_calib,fit,benign,processed/iotsim-combined-cycle-tls-5.csv,iotsim-combined-cycle-tls,713,benign
id_calib:4452,id_calib,fit,benign,processed/iotsim-combined-cycle-tls-5.csv,iotsim-combined-cycle-tls,714,benign
id_calib:4453,id_calib,fit,benign,processed/iotsim-combined-cycle-tls-5.csv,iotsim-combined-cycle-tls,715,benign
id_calib:4454,id_calib,fit,benign,processed/iotsim-combined-cycle-tls-5.csv,iotsim-combined-cycle-tls,716,benign
id_calib:4455,id_calib,fit,benign,processed/iotsim-combined-cycle-tls-5.csv,iotsim-combined-cycle-tls,717,benign
id_calib:4456,id_calib,fit,benign,processed/iotsim-combined-cycle-tls-5.csv,iotsim-combined-cycle-tls,718,benign
id_calib:4457,id_calib,fit,benign,processed/iotsim-combined-cycle-tls-5.csv,iotsim-combined-cycle-tls,719,benign
id_calib:4458,id_calib,fit,benign,processed/iotsim-combined-cycle-tls-5.csv,iotsim-combined-cycle-tls,720,benign
id_calib:4459,id_calib,fit,benign,processed/iotsim-combined-cycle-tls-5.csv,iotsim-combined-cycle-tls,721,benign
id_calib:4460,id_calib,fit,benign,processed/iotsim-combined-cycle-tls-5.csv,iotsim-combined-cycle-tls,722,benign
id_calib:4461,id_calib,fit,benign,processed/iotsim-combined-cycle-tls-5.csv,iotsim-combined-cycle-tls,723,benign
id_calib:4462,id_calib,fit,benign,processed/iotsim-combined-cycle-tls-5.csv,iotsim-combined-cycle-tls,724,benign
id_calib:4463,id_calib,fit,benign,processed/iotsim-combined-cycle-tls-5.csv,iotsim-combined-cycle-tls,725,benign
id_calib:4464,id_calib,fit,benign,processed/iotsim-combined-cycle-tls-5.csv,iotsim-combined-cycle-tls,726,benign
id_calib:4465,id_calib,fit,benign,processed/iotsim-combined-cycle-tls-5.csv,iotsim-combined-cycle-tls,727,benign
id_calib:4466,id_calib,fit,benign,processed/iotsim-combined-cycle-tls-5.csv,iotsim-combined-cycle-tls,728,benign
id_calib:4467,id_calib,fit,benign,processed/iotsim-combined-cycle-tls-5.csv,iotsim-combined-cycle-tls,729,benign
id_calib:4468,id_calib,fit,benign,processed/iotsim-combined-cycle-tls-5.csv,iotsim-combined-cycle-tls,730,benign
id_calib:4469,id_calib,fit,benign,processed/iotsim-combined-cycle-tls-5.csv,iotsim-combined-cycle-tls,731,benign
id_calib:4470,id_calib,fit,benign,processed/iotsim-combined-cycle-tls-5.csv,iotsim-combined-cycle-tls,732,benign
id_calib:4471,id_calib,fit,benign,processed/iotsim-combined-cycle-tls-5.csv,iotsim-combined-cycle-tls,733,benign
id_calib:4472,id_calib,fit,benign,processed/iotsim-combined-cycle-tls-5.csv,iotsim-combined-cycle-tls,734,benign
id_calib:4473,id_calib,fit,benign,processed/iotsim-combined-cycle-tls-5.csv,iotsim-combined-cycle-tls,735,benign
id_calib:4474,id_calib,fit,benign,processed/iotsim-combined-cycle-tls-5.csv,iotsim-combined-cycle-tls,736,benign
id_calib:4475,id_calib,fit,benign,processed/iotsim-combined-cycle-tls-5.csv,iotsim-combined-cycle-tls,737,benign
id_calib:4476,id_calib,fit,benign,processed/iotsim-combined-cycle-tls-5.csv,iotsim-combined-cycle-tls,738,benign
id_calib:4477,id_calib,fit,benign,processed/iotsim-combined-cycle-tls-5.csv,iotsim-combined-cycle-tls,739,benign
id_calib:4478,id_calib,fit,benign,processed/iotsim-combined-cycle-tls-5.csv,iotsim-combined-cycle-tls,740,benign
id_calib:4479,id_calib,fit,benign,processed/iotsim-combined-cycle-tls-5.csv,iotsim-combined-cycle-tls,741,benign
id_calib:4480,id_calib,fit,benign,processed/iotsim-combined-cycle-tls-5.csv,iotsim-combined-cycle-tls,742,benign
id_calib:4481,id_calib,fit,benign,processed/iotsim-combined-cycle-tls-5.csv,iotsim-combined-cycle-tls,743,benign
id_calib:4482,id_calib,fit,benign,processed/iotsim-combined-cycle-tls-5.csv,iotsim-combined-cycle-tls,744,benign
id_calib:4483,id_calib,fit,benign,processed/iotsim-combined-cycle-tls-5.csv,iotsim-combined-cycle-tls,745,benign
id_calib:4484,id_calib,fit,benign,processed/iotsim-combined-cycle-tls-5.csv,iotsim-combined-cycle-tls,746,benign
id_calib:4485,id_calib,fit,benign,processed/iotsim-combined-cycle-tls-5.csv,iotsim-combined-cycle-tls,747,benign
id_calib:4486,id_calib,fit,benign,processed/iotsim-combined-cycle-tls-5.csv,iotsim-combined-cycle-tls,748,benign
id_calib:4487,id_calib,fit,benign,processed/iotsim-combined-cycle-tls-5.csv,iotsim-combined-cycle-tls,749,benign
id_calib:4488,id_calib,fit,benign,processed/iotsim-combined-cycle-tls-5.csv,iotsim-combined-cycle-tls,750,benign
id_calib:4489,id_calib,fit,benign,processed/iotsim-combined-cycle-tls-5.csv,iotsim-combined-cycle-tls,751,benign
id_calib:4490,id_calib,fit,benign,processed/iotsim-combined-cycle-tls-5.csv,iotsim-combined-cycle-tls,752,benign
id_calib:4491,id_calib,fit,benign,processed/iotsim-combined-cycle-tls-5.csv,iotsim-combined-cycle-tls,753,benign
id_calib:4492,id_calib,fit,benign,processed/iotsim-combined-cycle-tls-5.csv,iotsim-combined-cycle-tls,754,benign
id_calib:4493,id_calib,fit,benign,processed/iotsim-combined-cycle-tls-5.csv,iotsim-combined-cycle-tls,755,benign
id_calib:4494,id_calib,fit,benign,processed/iotsim-combined-cycle-tls-5.csv,iotsim-combined-cycle-tls,756,benign
id_calib:4495,id_calib,fit,benign,processed/iotsim-combined-cycle-tls-5.csv,iotsim-combined-cycle-tls,757,benign
id_calib:4496,id_calib,fit,benign,processed/iotsim-combined-cycle-tls-5.csv,iotsim-combined-cycle-tls,758,benign
id_calib:4497,id_calib,fit,benign,processed/iotsim-combined-cycle-tls-5.csv,iotsim-combined-cycle-tls,759,benign
id_calib:4498,id_calib,fit,benign,processed/iotsim-combined-cycle-tls-5.csv,iotsim-combined-cycle-tls,760,benign
id_calib:4499,id_calib,fit,benign,processed/iotsim-combined-cycle-tls-5.csv,iotsim-combined-cycle-tls,761,benign
id_calib:4500,id_calib,fit,benign,processed/iotsim-combined-cycle-tls-5.csv,iotsim-combined-cycle-tls,762,benign
id_calib:4501,id_calib,fit,benign,processed/iotsim-combined-cycle-tls-5.csv,iotsim-combined-cycle-tls,763,benign
id_calib:4502,id_calib,fit,benign,processed/iotsim-combined-cycle-tls-5.csv,iotsim-combined-cycle-tls,764,benign
id_calib:4503,id_calib,fit,benign,processed/iotsim-combined-cycle-tls-5.csv,iotsim-combined-cycle-tls,765,benign
id_calib:4504,id_calib,fit,benign,processed/iotsim-combined-cycle-tls-5.csv,iotsim-combined-cycle-tls,766,benign
id_calib:4505,id_calib,fit,benign,processed/iotsim-combined-cycle-tls-5.csv,iotsim-combined-cycle-tls,767,benign
id_calib:4506,id_calib,fit,benign,processed/iotsim-combined-cycle-tls-5.csv,iotsim-combined-cycle-tls,768,benign
id_calib:4507,id_calib,fit,benign,processed/iotsim-combined-cycle-tls-5.csv,iotsim-combined-cycle-tls,769,benign
id_calib:4508,id_calib,fit,benign,processed/iotsim-combined-cycle-tls-5.csv,iotsim-combined-cycle-tls,770,benign
id_calib:4509,id_calib,fit,benign,processed/iotsim-combined-cycle-tls-5.csv,iotsim-combined-cycle-tls,771,benign
id_calib:4510,id_calib,fit,benign,processed/iotsim-combined-cycle-tls-5.csv,iotsim-combined-cycle-tls,772,benign
id_calib:4511,id_calib,fit,benign,processed/iotsim-combined-cycle-tls-5.csv,iotsim-combined-cycle-tls,773,benign
id_calib:4512,id_calib,fit,benign,processed/iotsim-combined-cycle-tls-5.csv,iotsim-combined-cycle-tls,774,benign
id_calib:4513,id_calib,fit,benign,processed/iotsim-combined-cycle-tls-5.csv,iotsim-combined-cycle-tls,775,benign
id_calib:4514,id_calib,fit,benign,processed/iotsim-combined-cycle-tls-5.csv,iotsim-combined-cycle-tls,776,benign
id_calib:4515,id_calib,fit,benign,processed/iotsim-combined-cycle-tls-5.csv,iotsim-combined-cycle-tls,777,benign
id_calib:4516,id_calib,fit,benign,processed/iotsim-combined-cycle-tls-5.csv,iotsim-combined-cycle-tls,778,benign
id_calib:4517,id_calib,fit,benign,processed/iotsim-combined-cycle-tls-5.csv,iotsim-combined-cycle-tls,779,benign
id_calib:4518,id_calib,fit,benign,processed/iotsim-combined-cycle-tls-5.csv,iotsim-combined-cycle-tls,780,benign
id_calib:4519,id_calib,fit,benign,processed/iotsim-combined-cycle-tls-5.csv,iotsim-combined-cycle-tls,781,benign
id_calib:4520,id_calib,fit,benign,processed/iotsim-combined-cycle-tls-5.csv,iotsim-combined-cycle-tls,782,benign
id_calib:4521,id_calib,fit,benign,processed/iotsim-combined-cycle-tls-5.csv,iotsim-combined-cycle-tls,783,benign
id_calib:4522,id_calib,fit,benign,processed/iotsim-combined-cycle-tls-5.csv,iotsim-combined-cycle-tls,784,benign
id_calib:4523,id_calib,fit,benign,processed/iotsim-combined-cycle-tls-5.csv,iotsim-combined-cycle-tls,785,benign
id_calib:4524,id_calib,fit,benign,processed/iotsim-combined-cycle-tls-5.csv,iotsim-combined-cycle-tls,786,benign
id_calib:4525,id_calib,fit,benign,processed/iotsim-combined-cycle-tls-5.csv,iotsim-combined-cycle-tls,787,benign
id_calib:4526,id_calib,fit,benign,processed/iotsim-combined-cycle-tls-5.csv,iotsim-combined-cycle-tls,788,benign
id_calib:4527,id_calib,fit,benign,processed/iotsim-combined-cycle-tls-5.csv,iotsim-combined-cycle-tls,789,benign
id_calib:4528,id_calib,fit,benign,processed/iotsim-combined-cycle-tls-5.csv,iotsim-combined-cycle-tls,790,benign
id_calib:4529,id_calib,fit,benign,processed/iotsim-combined-cycle-tls-5.csv,iotsim-combined-cycle-tls,791,benign
id_calib:4530,id_calib,fit,benign,processed/iotsim-combined-cycle-tls-5.csv,iotsim-combined-cycle-tls,792,benign
id_calib:4531,id_calib,fit,benign,processed/iotsim-combined-cycle-tls-5.csv,iotsim-combined-cycle-tls,793,benign
id_calib:4532,id_calib,fit,benign,processed/iotsim-combined-cycle-tls-5.csv,iotsim-combined-cycle-tls,794,benign
id_calib:4533,id_calib,fit,benign,processed/iotsim-combined-cycle-tls-5.csv,iotsim-combined-cycle-tls,795,benign
id_calib:4534,id_calib,fit,benign,processed/iotsim-combined-cycle-tls-5.csv,iotsim-combined-cycle-tls,796,benign
id_calib:4535,id_calib,fit,benign,processed/iotsim-combined-cycle-tls-5.csv,iotsim-combined-cycle-tls,797,benign
id_calib:4536,id_calib,fit,benign,processed/iotsim-combined-cycle-tls-5.csv,iotsim-combined-cycle-tls,798,benign
id_calib:4537,id_calib,fit,benign,processed/iotsim-combined-cycle-tls-5.csv,iotsim-combined-cycle-tls,799,benign
id_calib:4538,id_calib,fit,benign,processed/iotsim-combined-cycle-tls-5.csv,iotsim-combined-cycle-tls,800,benign
id_calib:4539,id_calib,fit,benign,processed/iotsim-combined-cycle-tls-5.csv,iotsim-combined-cycle-tls,801,benign
id_calib:4540,id_calib,fit,benign,processed/iotsim-combined-cycle-tls-5.csv,iotsim-combined-cycle-tls,802,benign
id_calib:4541,id_calib,fit,benign,processed/iotsim-combined-cycle-tls-5.csv,iotsim-combined-cycle-tls,803,benign
id_calib:4542,id_calib,fit,benign,processed/iotsim-combined-cycle-tls-5.csv,iotsim-combined-cycle-tls,804,benign
id_calib:4543,id_calib,fit,benign,processed/iotsim-combined-cycle-tls-5.csv,iotsim-combined-cycle-tls,805,benign
id_calib:4544,id_calib,fit,benign,processed/iotsim-combined-cycle-tls-5.csv,iotsim-combined-cycle-tls,806,benign
id_calib:4545,id_calib,fit,benign,processed/iotsim-combined-cycle-tls-5.csv,iotsim-combined-cycle-tls,807,benign
id_calib:4546,id_calib,fit,benign,processed/iotsim-combined-cycle-tls-5.csv,iotsim-combined-cycle-tls,808,benign
id_calib:4547,id_calib,fit,benign,processed/iotsim-combined-cycle-tls-5.csv,iotsim-combined-cycle-tls,809,benign
id_calib:4548,id_calib,fit,benign,processed/iotsim-combined-cycle-tls-5.csv,iotsim-combined-cycle-tls,810,benign
id_calib:4549,id_calib,fit,benign,processed/iotsim-combined-cycle-tls-5.csv,iotsim-combined-cycle-tls,811,benign
id_calib:4550,id_calib,fit,benign,processed/iotsim-combined-cycle-tls-5.csv,iotsim-combined-cycle-tls,812,benign
id_calib:4551,id_calib,fit,benign,processed/iotsim-combined-cycle-tls-5.csv,iotsim-combined-cycle-tls,813,benign
id_calib:4552,id_calib,fit,benign,processed/iotsim-combined-cycle-tls-5.csv,iotsim-combined-cycle-tls,814,benign
id_calib:4553,id_calib,fit,benign,processed/iotsim-combined-cycle-tls-5.csv,iotsim-combined-cycle-tls,815,benign
id_calib:4554,id_calib,fit,benign,processed/iotsim-combined-cycle-tls-5.csv,iotsim-combined-cycle-tls,816,benign
id_calib:4555,id_calib,fit,benign,processed/iotsim-combined-cycle-tls-5.csv,iotsim-combined-cycle-tls,817,benign
id_calib:4556,id_calib,fit,benign,processed/iotsim-combined-cycle-tls-5.csv,iotsim-combined-cycle-tls,818,benign
id_calib:4557,id_calib,fit,benign,processed/iotsim-combined-cycle-tls-5.csv,iotsim-combined-cycle-tls,819,benign
id_calib:4558,id_calib,fit,benign,processed/iotsim-combined-cycle-tls-5.csv,iotsim-combined-cycle-tls,820,benign
id_calib:4559,id_calib,fit,benign,processed/iotsim-combined-cycle-tls-5.csv,iotsim-combined-cycle-tls,821,benign
id_calib:4560,id_calib,fit,benign,processed/iotsim-combined-cycle-tls-5.csv,iotsim-combined-cycle-tls,822,benign
id_calib:4561,id_calib,fit,benign,processed/iotsim-combined-cycle-tls-5.csv,iotsim-combined-cycle-tls,823,benign
id_calib:4562,id_calib,fit,benign,processed/iotsim-combined-cycle-tls-5.csv,iotsim-combined-cycle-tls,824,benign
id_calib:4563,id_calib,fit,benign,processed/iotsim-combined-cycle-tls-5.csv,iotsim-combined-cycle-tls,825,benign
id_calib:4564,id_calib,fit,benign,processed/iotsim-combined-cycle-tls-5.csv,iotsim-combined-cycle-tls,826,benign
id_calib:4565,id_calib,fit,benign,processed/iotsim-combined-cycle-tls-5.csv,iotsim-combined-cycle-tls,827,benign
id_calib:4566,id_calib,fit,benign,processed/iotsim-combined-cycle-tls-5.csv,iotsim-combined-cycle-tls,828,benign
id_calib:4567,id_calib,fit,benign,processed/iotsim-combined-cycle-tls-5.csv,iotsim-combined-cycle-tls,829,benign
id_calib:4568,id_calib,fit,benign,processed/iotsim-combined-cycle-tls-5.csv,iotsim-combined-cycle-tls,830,benign
id_calib:4569,id_calib,fit,benign,processed/iotsim-combined-cycle-tls-5.csv,iotsim-combined-cycle-tls,831,benign
id_calib:4570,id_calib,fit,benign,processed/iotsim-combined-cycle-tls-5.csv,iotsim-combined-cycle-tls,832,benign
id_calib:4571,id_calib,fit,benign,processed/iotsim-combined-cycle-tls-5.csv,iotsim-combined-cycle-tls,833,benign
id_calib:4572,id_calib,fit,benign,processed/iotsim-combined-cycle-tls-5.csv,iotsim-combined-cycle-tls,834,benign
id_calib:4573,id_calib,fit,benign,processed/iotsim-combined-cycle-tls-5.csv,iotsim-combined-cycle-tls,835,benign
id_calib:4574,id_calib,fit,benign,processed/iotsim-combined-cycle-tls-5.csv,iotsim-combined-cycle-tls,836,benign
id_calib:4575,id_calib,fit,benign,processed/iotsim-combined-cycle-tls-5.csv,iotsim-combined-cycle-tls,837,benign
id_calib:4576,id_calib,fit,benign,processed/iotsim-combined-cycle-tls-5.csv,iotsim-combined-cycle-tls,838,benign
id_calib:4577,id_calib,fit,benign,processed/iotsim-combined-cycle-tls-5.csv,iotsim-combined-cycle-tls,839,benign
id_calib:4578,id_calib,fit,benign,processed/iotsim-combined-cycle-tls-5.csv,iotsim-combined-cycle-tls,840,benign
id_calib:4579,id_calib,fit,benign,processed/iotsim-combined-cycle-tls-5.csv,iotsim-combined-cycle-tls,841,benign
id_calib:4580,id_calib,fit,benign,processed/iotsim-combined-cycle-tls-5.csv,iotsim-combined-cycle-tls,842,benign
id_calib:4581,id_calib,fit,benign,processed/iotsim-combined-cycle-tls-5.csv,iotsim-combined-cycle-tls,843,benign
id_calib:4582,id_calib,fit,benign,processed/iotsim-combined-cycle-tls-5.csv,iotsim-combined-cycle-tls,844,benign
id_calib:4583,id_calib,fit,benign,processed/iotsim-combined-cycle-tls-5.csv,iotsim-combined-cycle-tls,845,benign
id_calib:4584,id_calib,fit,benign,processed/iotsim-combined-cycle-tls-5.csv,iotsim-combined-cycle-tls,846,benign
id_calib:4585,id_calib,fit,benign,processed/iotsim-combined-cycle-tls-5.csv,iotsim-combined-cycle-tls,847,benign
id_calib:4586,id_calib,fit,benign,processed/iotsim-combined-cycle-tls-5.csv,iotsim-combined-cycle-tls,848,benign
id_calib:4587,id_calib,fit,benign,processed/iotsim-combined-cycle-tls-5.csv,iotsim-combined-cycle-tls,849,benign
id_calib:4588,id_calib,fit,benign,processed/iotsim-combined-cycle-tls-5.csv,iotsim-combined-cycle-tls,850,benign
id_calib:4589,id_calib,fit,benign,processed/iotsim-combined-cycle-tls-5.csv,iotsim-combined-cycle-tls,851,benign
id_calib:4590,id_calib,fit,benign,processed/iotsim-combined-cycle-tls-5.csv,iotsim-combined-cycle-tls,852,benign
id_calib:4591,id_calib,fit,benign,processed/iotsim-combined-cycle-tls-5.csv,iotsim-combined-cycle-tls,853,benign
id_calib:4592,id_calib,fit,benign,processed/iotsim-combined-cycle-tls-5.csv,iotsim-combined-cycle-tls,854,benign
id_calib:4593,id_calib,fit,benign,processed/iotsim-combined-cycle-tls-5.csv,iotsim-combined-cycle-tls,855,benign
id_calib:4594,id_calib,fit,benign,processed/iotsim-combined-cycle-tls-5.csv,iotsim-combined-cycle-tls,856,benign
id_calib:4595,id_calib,fit,benign,processed/iotsim-combined-cycle-tls-5.csv,iotsim-combined-cycle-tls,857,benign
id_calib:4596,id_calib,fit,benign,processed/iotsim-combined-cycle-tls-5.csv,iotsim-combined-cycle-tls,858,benign
id_calib:4597,id_calib,fit,benign,processed/iotsim-combined-cycle-tls-5.csv,iotsim-combined-cycle-tls,859,benign
id_calib:4598,id_calib,fit,benign,processed/iotsim-combined-cycle-tls-5.csv,iotsim-combined-cycle-tls,860,benign
id_calib:4599,id_calib,fit,benign,processed/iotsim-combined-cycle-tls-5.csv,iotsim-combined-cycle-tls,861,benign
id_calib:4600,id_calib,fit,benign,processed/iotsim-combined-cycle-tls-5.csv,iotsim-combined-cycle-tls,862,benign
id_calib:4601,id_calib,fit,benign,processed/iotsim-combined-cycle-tls-5.csv,iotsim-combined-cycle-tls,863,benign
id_calib:4602,id_calib,fit,benign,processed/iotsim-combined-cycle-tls-5.csv,iotsim-combined-cycle-tls,864,benign
id_calib:4603,id_calib,fit,benign,processed/iotsim-combined-cycle-tls-5.csv,iotsim-combined-cycle-tls,865,benign
id_calib:4604,id_calib,fit,benign,processed/iotsim-combined-cycle-tls-5.csv,iotsim-combined-cycle-tls,866,benign
id_calib:4605,id_calib,fit,benign,processed/iotsim-combined-cycle-tls-5.csv,iotsim-combined-cycle-tls,867,benign
id_calib:4606,id_calib,fit,benign,processed/iotsim-combined-cycle-tls-5.csv,iotsim-combined-cycle-tls,868,benign
id_calib:4607,id_calib,fit,benign,processed/iotsim-combined-cycle-tls-5.csv,iotsim-combined-cycle-tls,869,benign
id_calib:4608,id_calib,fit,benign,processed/iotsim-combined-cycle-tls-5.csv,iotsim-combined-cycle-tls,870,benign
id_calib:4609,id_calib,fit,benign,processed/iotsim-combined-cycle-tls-5.csv,iotsim-combined-cycle-tls,871,benign
id_calib:4610,id_calib,fit,benign,processed/iotsim-combined-cycle-tls-5.csv,iotsim-combined-cycle-tls,872,benign
id_calib:4611,id_calib,fit,benign,processed/iotsim-combined-cycle-tls-5.csv,iotsim-combined-cycle-tls,873,benign
id_calib:4612,id_calib,fit,benign,processed/iotsim-combined-cycle-tls-5.csv,iotsim-combined-cycle-tls,874,benign
id_calib:4613,id_calib,fit,benign,processed/iotsim-combined-cycle-tls-5.csv,iotsim-combined-cycle-tls,875,benign
id_calib:4614,id_calib,fit,benign,processed/iotsim-combined-cycle-tls-5.csv,iotsim-combined-cycle-tls,876,benign
id_calib:4615,id_calib,fit,benign,processed/iotsim-combined-cycle-tls-5.csv,iotsim-combined-cycle-tls,877,benign
id_calib:4616,id_calib,fit,benign,processed/iotsim-combined-cycle-tls-5.csv,iotsim-combined-cycle-tls,878,benign
id_calib:4617,id_calib,fit,benign,processed/iotsim-combined-cycle-tls-5.csv,iotsim-combined-cycle-tls,879,benign
id_calib:4618,id_calib,fit,benign,processed/iotsim-combined-cycle-tls-5.csv,iotsim-combined-cycle-tls,880,benign
id_calib:4619,id_calib,fit,benign,processed/iotsim-combined-cycle-tls-5.csv,iotsim-combined-cycle-tls,881,benign
id_calib:4620,id_calib,fit,benign,processed/iotsim-combined-cycle-tls-5.csv,iotsim-combined-cycle-tls,882,benign
id_calib:4621,id_calib,fit,benign,processed/iotsim-combined-cycle-tls-5.csv,iotsim-combined-cycle-tls,883,benign
id_calib:4622,id_calib,fit,benign,processed/iotsim-combined-cycle-tls-5.csv,iotsim-combined-cycle-tls,884,benign
id_calib:4623,id_calib,fit,benign,processed/iotsim-combined-cycle-tls-5.csv,iotsim-combined-cycle-tls,885,benign
id_calib:4624,id_calib,fit,benign,processed/iotsim-combined-cycle-tls-5.csv,iotsim-combined-cycle-tls,886,benign
id_calib:4625,id_calib,fit,benign,processed/iotsim-combined-cycle-tls-5.csv,iotsim-combined-cycle-tls,887,benign
id_calib:4626,id_calib,fit,benign,processed/iotsim-combined-cycle-tls-5.csv,iotsim-combined-cycle-tls,888,benign
id_calib:4627,id_calib,fit,benign,processed/iotsim-combined-cycle-tls-5.csv,iotsim-combined-cycle-tls,889,benign
id_calib:4628,id_calib,fit,benign,processed/iotsim-combined-cycle-tls-5.csv,iotsim-combined-cycle-tls,890,benign
id_calib:4629,id_calib,fit,benign,processed/iotsim-combined-cycle-tls-5.csv,iotsim-combined-cycle-tls,891,benign
id_calib:4630,id_calib,fit,benign,processed/iotsim-combined-cycle-tls-5.csv,iotsim-combined-cycle-tls,892,benign
id_calib:4631,id_calib,fit,benign,processed/iotsim-combined-cycle-tls-5.csv,iotsim-combined-cycle-tls,893,benign
id_calib:4632,id_calib,fit,benign,processed/iotsim-combined-cycle-tls-5.csv,iotsim-combined-cycle-tls,894,benign
id_calib:4633,id_calib,fit,benign,processed/iotsim-combined-cycle-tls-5.csv,iotsim-combined-cycle-tls,895,benign
id_calib:4634,id_calib,fit,benign,processed/iotsim-combined-cycle-tls-5.csv,iotsim-combined-cycle-tls,896,benign
id_calib:4635,id_calib,fit,benign,processed/iotsim-combined-cycle-tls-5.csv,iotsim-combined-cycle-tls,897,benign
id_calib:4636,id_calib,fit,benign,processed/iotsim-combined-cycle-tls-5.csv,iotsim-combined-cycle-tls,898,benign
id_calib:4637,id_calib,fit,benign,processed/iotsim-combined-cycle-tls-5.csv,iotsim-combined-cycle-tls,899,benign
id_calib:4638,id_calib,fit,benign,processed/iotsim-combined-cycle-tls-5.csv,iotsim-combined-cycle-tls,900,benign
id_calib:4639,id_calib,fit,benign,processed/iotsim-combined-cycle-tls-5.csv,iotsim-combined-cycle-tls,901,benign
id_calib:4640,id_calib,fit,benign,processed/iotsim-combined-cycle-tls-5.csv,iotsim-combined-cycle-tls,902,benign
id_calib:4641,id_calib,fit,benign,processed/iotsim-combined-cycle-tls-5.csv,iotsim-combined-cycle-tls,903,benign
id_calib:4642,id_calib,fit,benign,processed/iotsim-combined-cycle-tls-5.csv,iotsim-combined-cycle-tls,904,benign
id_calib:4643,id_calib,fit,benign,processed/iotsim-combined-cycle-tls-5.csv,iotsim-combined-cycle-tls,905,benign
id_calib:4644,id_calib,fit,benign,processed/iotsim-combined-cycle-tls-5.csv,iotsim-combined-cycle-tls,906,benign
id_calib:4645,id_calib,fit,benign,processed/iotsim-combined-cycle-tls-5.csv,iotsim-combined-cycle-tls,907,benign
id_calib:4646,id_calib,fit,benign,processed/iotsim-combined-cycle-tls-5.csv,iotsim-combined-cycle-tls,908,benign
id_calib:4647,id_calib,fit,benign,processed/iotsim-combined-cycle-tls-5.csv,iotsim-combined-cycle-tls,909,benign
id_calib:4648,id_calib,fit,benign,processed/iotsim-combined-cycle-tls-5.csv,iotsim-combined-cycle-tls,910,benign
id_calib:4649,id_calib,fit,benign,processed/iotsim-combined-cycle-tls-5.csv,iotsim-combined-cycle-tls,911,benign
id_calib:4650,id_calib,fit,benign,processed/iotsim-combined-cycle-tls-5.csv,iotsim-combined-cycle-tls,912,benign
id_calib:4651,id_calib,fit,benign,processed/iotsim-combined-cycle-tls-5.csv,iotsim-combined-cycle-tls,913,benign
id_calib:4652,id_calib,fit,benign,processed/iotsim-combined-cycle-tls-5.csv,iotsim-combined-cycle-tls,914,benign
id_calib:4653,id_calib,fit,benign,processed/iotsim-combined-cycle-tls-5.csv,iotsim-combined-cycle-tls,915,benign
id_calib:4654,id_calib,fit,benign,processed/iotsim-combined-cycle-tls-5.csv,iotsim-combined-cycle-tls,916,benign
id_calib:4655,id_calib,fit,benign,processed/iotsim-combined-cycle-tls-5.csv,iotsim-combined-cycle-tls,917,benign
id_calib:4656,id_calib,fit,benign,processed/iotsim-combined-cycle-tls-5.csv,iotsim-combined-cycle-tls,918,benign
id_calib:4657,id_calib,fit,benign,processed/iotsim-combined-cycle-tls-5.csv,iotsim-combined-cycle-tls,919,benign
id_calib:4658,id_calib,fit,benign,processed/iotsim-combined-cycle-tls-5.csv,iotsim-combined-cycle-tls,920,benign
id_calib:4659,id_calib,fit,benign,processed/iotsim-combined-cycle-tls-5.csv,iotsim-combined-cycle-tls,921,benign
id_calib:4660,id_calib,fit,benign,processed/iotsim-combined-cycle-tls-5.csv,iotsim-combined-cycle-tls,922,benign
id_calib:4661,id_calib,fit,benign,processed/iotsim-combined-cycle-tls-5.csv,iotsim-combined-cycle-tls,923,benign
id_calib:4662,id_calib,fit,benign,processed/iotsim-combined-cycle-tls-5.csv,iotsim-combined-cycle-tls,924,benign
id_calib:4663,id_calib,fit,benign,processed/iotsim-combined-cycle-tls-5.csv,iotsim-combined-cycle-tls,925,benign
id_calib:4664,id_calib,fit,benign,processed/iotsim-combined-cycle-tls-5.csv,iotsim-combined-cycle-tls,926,benign
id_calib:4665,id_calib,fit,benign,processed/iotsim-combined-cycle-tls-5.csv,iotsim-combined-cycle-tls,927,benign
id_calib:4666,id_calib,fit,benign,processed/iotsim-combined-cycle-tls-5.csv,iotsim-combined-cycle-tls,928,benign
id_calib:4667,id_calib,fit,benign,processed/iotsim-combined-cycle-tls-5.csv,iotsim-combined-cycle-tls,929,benign
id_calib:4668,id_calib,fit,benign,processed/iotsim-combined-cycle-tls-5.csv,iotsim-combined-cycle-tls,930,benign
id_calib:4669,id_calib,fit,benign,processed/iotsim-combined-cycle-tls-5.csv,iotsim-combined-cycle-tls,931,benign
id_calib:4670,id_calib,fit,benign,processed/iotsim-combined-cycle-tls-5.csv,iotsim-combined-cycle-tls,932,benign
id_calib:4671,id_calib,fit,benign,processed/iotsim-combined-cycle-tls-5.csv,iotsim-combined-cycle-tls,933,benign
id_calib:4672,id_calib,fit,benign,processed/iotsim-combined-cycle-tls-5.csv,iotsim-combined-cycle-tls,934,benign
id_calib:4673,id_calib,fit,benign,processed/iotsim-combined-cycle-tls-5.csv,iotsim-combined-cycle-tls,935,benign
id_calib:4674,id_calib,fit,benign,processed/iotsim-combined-cycle-tls-5.csv,iotsim-combined-cycle-tls,936,benign
id_calib:4675,id_calib,fit,benign,processed/iotsim-combined-cycle-tls-5.csv,iotsim-combined-cycle-tls,937,benign
id_calib:4676,id_calib,fit,benign,processed/iotsim-combined-cycle-tls-5.csv,iotsim-combined-cycle-tls,938,benign
id_calib:4677,id_calib,fit,benign,processed/iotsim-combined-cycle-tls-5.csv,iotsim-combined-cycle-tls,939,benign
id_calib:4678,id_calib,fit,benign,processed/iotsim-combined-cycle-tls-5.csv,iotsim-combined-cycle-tls,940,benign
id_calib:4679,id_calib,fit,benign,processed/iotsim-combined-cycle-tls-5.csv,iotsim-combined-cycle-tls,941,benign
id_calib:4680,id_calib,fit,benign,processed/iotsim-combined-cycle-tls-5.csv,iotsim-combined-cycle-tls,942,benign
id_calib:4681,id_calib,fit,benign,processed/iotsim-combined-cycle-tls-5.csv,iotsim-combined-cycle-tls,943,benign
id_calib:4682,id_calib,fit,benign,processed/iotsim-combined-cycle-tls-5.csv,iotsim-combined-cycle-tls,944,benign
id_calib:4683,id_calib,fit,benign,processed/iotsim-combined-cycle-tls-5.csv,iotsim-combined-cycle-tls,945,benign
id_calib:4684,id_calib,fit,benign,processed/iotsim-combined-cycle-tls-5.csv,iotsim-combined-cycle-tls,946,benign
id_calib:4685,id_calib,fit,benign,processed/iotsim-combined-cycle-tls-5.csv,iotsim-combined-cycle-tls,947,benign
id_calib:4686,id_calib,fit,benign,processed/iotsim-combined-cycle-tls-5.csv,iotsim-combined-cycle-tls,948,benign
id_calib:4687,id_calib,fit,benign,processed/iotsim-combined-cycle-tls-5.csv,iotsim-combined-cycle-tls,949,benign
id_calib:4688,id_calib,fit,benign,processed/iotsim-combined-cycle-tls-5.csv,iotsim-combined-cycle-tls,950,benign
id_calib:4689,id_calib,fit,benign,processed/iotsim-combined-cycle-tls-5.csv,iotsim-combined-cycle-tls,951,benign
id_calib:4690,id_calib,fit,benign,processed/iotsim-combined-cycle-tls-5.csv,iotsim-combined-cycle-tls,952,benign
id_calib:4691,id_calib,fit,benign,processed/iotsim-combined-cycle-tls-5.csv,iotsim-combined-cycle-tls,953,benign
id_calib:4692,id_calib,fit,benign,processed/iotsim-combined-cycle-tls-5.csv,iotsim-combined-cycle-tls,954,benign
id_calib:4693,id_calib,fit,benign,processed/iotsim-combined-cycle-tls-5.csv,iotsim-combined-cycle-tls,955,benign
id_calib:4694,id_calib,fit,benign,processed/iotsim-combined-cycle-tls-5.csv,iotsim-combined-cycle-tls,956,benign
id_calib:4695,id_calib,fit,benign,processed/iotsim-combined-cycle-tls-5.csv,iotsim-combined-cycle-tls,957,benign
id_calib:4696,id_calib,fit,benign,processed/iotsim-combined-cycle-tls-5.csv,iotsim-combined-cycle-tls,958,benign
id_calib:4697,id_calib,fit,benign,processed/iotsim-combined-cycle-tls-5.csv,iotsim-combined-cycle-tls,959,benign
id_calib:4698,id_calib,fit,benign,processed/iotsim-combined-cycle-tls-5.csv,iotsim-combined-cycle-tls,960,benign
id_calib:4699,id_calib,fit,benign,processed/iotsim-combined-cycle-tls-5.csv,iotsim-combined-cycle-tls,961,benign
id_calib:4700,id_calib,fit,benign,processed/iotsim-combined-cycle-tls-5.csv,iotsim-combined-cycle-tls,962,benign
id_calib:4701,id_calib,fit,benign,processed/iotsim-combined-cycle-tls-5.csv,iotsim-combined-cycle-tls,963,benign
id_calib:4702,id_calib,fit,benign,processed/iotsim-combined-cycle-tls-5.csv,iotsim-combined-cycle-tls,964,benign
id_calib:4703,id_calib,fit,benign,processed/iotsim-combined-cycle-tls-5.csv,iotsim-combined-cycle-tls,965,benign
id_calib:4704,id_calib,fit,benign,processed/iotsim-combined-cycle-tls-5.csv,iotsim-combined-cycle-tls,966,benign
id_calib:4705,id_calib,fit,benign,processed/iotsim-combined-cycle-tls-5.csv,iotsim-combined-cycle-tls,967,benign
id_calib:4706,id_calib,fit,benign,processed/iotsim-combined-cycle-tls-5.csv,iotsim-combined-cycle-tls,968,benign
id_calib:4707,id_calib,fit,benign,processed/iotsim-combined-cycle-tls-5.csv,iotsim-combined-cycle-tls,969,benign
id_calib:4708,id_calib,fit,benign,processed/iotsim-combined-cycle-tls-5.csv,iotsim-combined-cycle-tls,970,benign
id_calib:4709,id_calib,fit,benign,processed/iotsim-combined-cycle-tls-5.csv,iotsim-combined-cycle-tls,971,benign
id_calib:4710,id_calib,fit,benign,processed/iotsim-combined-cycle-tls-5.csv,iotsim-combined-cycle-tls,972,benign
id_calib:4711,id_calib,fit,benign,processed/iotsim-combined-cycle-tls-5.csv,iotsim-combined-cycle-tls,973,benign
id_calib:4712,id_calib,fit,benign,processed/iotsim-combined-cycle-tls-5.csv,iotsim-combined-cycle-tls,974,benign
id_calib:4713,id_calib,fit,benign,processed/iotsim-combined-cycle-tls-5.csv,iotsim-combined-cycle-tls,975,benign
id_calib:4714,id_calib,fit,benign,processed/iotsim-combined-cycle-tls-5.csv,iotsim-combined-cycle-tls,976,benign
id_calib:4715,id_calib,fit,benign,processed/iotsim-combined-cycle-tls-5.csv,iotsim-combined-cycle-tls,977,benign
id_calib:4716,id_calib,fit,benign,processed/iotsim-combined-cycle-tls-5.csv,iotsim-combined-cycle-tls,978,benign
id_calib:4717,id_calib,fit,benign,processed/iotsim-combined-cycle-tls-5.csv,iotsim-combined-cycle-tls,979,benign
id_calib:4718,id_calib,fit,benign,processed/iotsim-combined-cycle-tls-5.csv,iotsim-combined-cycle-tls,980,benign
id_calib:4719,id_calib,fit,benign,processed/iotsim-combined-cycle-tls-5.csv,iotsim-combined-cycle-tls,981,benign
id_calib:4720,id_calib,fit,benign,processed/iotsim-combined-cycle-tls-5.csv,iotsim-combined-cycle-tls,982,benign
id_calib:4721,id_calib,fit,benign,processed/iotsim-combined-cycle-tls-5.csv,iotsim-combined-cycle-tls,983,benign
id_calib:4722,id_calib,fit,benign,processed/iotsim-combined-cycle-tls-5.csv,iotsim-combined-cycle-tls,984,benign
id_calib:4723,id_calib,fit,benign,processed/iotsim-combined-cycle-tls-5.csv,iotsim-combined-cycle-tls,985,benign
id_calib:4724,id_calib,fit,benign,processed/iotsim-combined-cycle-tls-5.csv,iotsim-combined-cycle-tls,986,benign
id_calib:4725,id_calib,fit,benign,processed/iotsim-combined-cycle-tls-5.csv,iotsim-combined-cycle-tls,987,benign
id_calib:4726,id_calib,fit,benign,processed/iotsim-combined-cycle-tls-5.csv,iotsim-combined-cycle-tls,988,benign
id_calib:4727,id_calib,fit,benign,processed/iotsim-combined-cycle-tls-5.csv,iotsim-combined-cycle-tls,989,benign
id_calib:4728,id_calib,fit,benign,processed/iotsim-combined-cycle-tls-5.csv,iotsim-combined-cycle-tls,990,benign
id_calib:4729,id_calib,fit,benign,processed/iotsim-combined-cycle-tls-5.csv,iotsim-combined-cycle-tls,991,benign
id_calib:4730,id_calib,fit,benign,processed/iotsim-combined-cycle-tls-5.csv,iotsim-combined-cycle-tls,992,benign
id_calib:4731,id_calib,fit,benign,processed/iotsim-combined-cycle-tls-5.csv,iotsim-combined-cycle-tls,993,benign
id_calib:4732,id_calib,fit,benign,processed/iotsim-combined-cycle-tls-5.csv,iotsim-combined-cycle-tls,994,benign
id_calib:4733,id_calib,fit,benign,processed/iotsim-combined-cycle-tls-5.csv,iotsim-combined-cycle-tls,995,benign
id_calib:4734,id_calib,fit,benign,processed/iotsim-combined-cycle-tls-5.csv,iotsim-combined-cycle-tls,996,benign
id_calib:4735,id_calib,fit,benign,processed/iotsim-combined-cycle-tls-5.csv,iotsim-combined-cycle-tls,997,benign
id_calib:4736,id_calib,fit,benign,processed/iotsim-combined-cycle-tls-5.csv,iotsim-combined-cycle-tls,998,benign
id_calib:4737,id_calib,fit,benign,processed/iotsim-combined-cycle-tls-5.csv,iotsim-combined-cycle-tls,999,benign
id_calib:4738,id_calib,fit,benign,processed/iotsim-combined-cycle-tls-5.csv,iotsim-combined-cycle-tls,1000,benign
id_calib:4739,id_calib,fit,benign,processed/iotsim-combined-cycle-tls-5.csv,iotsim-combined-cycle-tls,1001,benign
id_calib:4740,id_calib,fit,benign,processed/iotsim-combined-cycle-tls-5.csv,iotsim-combined-cycle-tls,1002,benign
id_calib:4741,id_calib,fit,benign,processed/iotsim-combined-cycle-tls-5.csv,iotsim-combined-cycle-tls,1003,benign
id_calib:4742,id_calib,fit,benign,processed/iotsim-combined-cycle-tls-5.csv,iotsim-combined-cycle-tls,1004,benign
id_calib:4743,id_calib,fit,benign,processed/iotsim-combined-cycle-tls-5.csv,iotsim-combined-cycle-tls,1005,benign
id_calib:4744,id_calib,fit,benign,processed/iotsim-combined-cycle-tls-5.csv,iotsim-combined-cycle-tls,1006,benign
id_calib:4745,id_calib,fit,benign,processed/iotsim-combined-cycle-tls-5.csv,iotsim-combined-cycle-tls,1007,benign
id_calib:4746,id_calib,fit,benign,processed/iotsim-combined-cycle-tls-5.csv,iotsim-combined-cycle-tls,1008,benign
id_calib:4747,id_calib,fit,benign,processed/iotsim-combined-cycle-tls-5.csv,iotsim-combined-cycle-tls,1009,benign
id_calib:4748,id_calib,fit,benign,processed/iotsim-combined-cycle-tls-5.csv,iotsim-combined-cycle-tls,1010,benign
id_calib:4749,id_calib,fit,benign,processed/iotsim-combined-cycle-tls-5.csv,iotsim-combined-cycle-tls,1011,benign
id_calib:4750,id_calib,fit,benign,processed/iotsim-combined-cycle-tls-5.csv,iotsim-combined-cycle-tls,1012,benign
id_calib:4751,id_calib,fit,benign,processed/iotsim-combined-cycle-tls-5.csv,iotsim-combined-cycle-tls,1013,benign
id_calib:4752,id_calib,fit,benign,processed/iotsim-combined-cycle-tls-5.csv,iotsim-combined-cycle-tls,1014,benign
id_calib:4753,id_calib,fit,benign,processed/iotsim-combined-cycle-tls-5.csv,iotsim-combined-cycle-tls,1015,benign
id_calib:4754,id_calib,fit,benign,processed/iotsim-combined-cycle-tls-5.csv,iotsim-combined-cycle-tls,1016,benign
id_calib:4755,id_calib,fit,benign,processed/iotsim-combined-cycle-tls-5.csv,iotsim-combined-cycle-tls,1017,benign
id_calib:4756,id_calib,fit,benign,processed/iotsim-combined-cycle-tls-5.csv,iotsim-combined-cycle-tls,1018,benign
id_calib:4757,id_calib,fit,benign,processed/iotsim-combined-cycle-tls-5.csv,iotsim-combined-cycle-tls,1019,benign
id_calib:4758,id_calib,fit,benign,processed/iotsim-combined-cycle-tls-5.csv,iotsim-combined-cycle-tls,1020,benign
id_calib:4759,id_calib,fit,benign,processed/iotsim-combined-cycle-tls-5.csv,iotsim-combined-cycle-tls,1021,benign
id_calib:4760,id_calib,fit,benign,processed/iotsim-combined-cycle-tls-5.csv,iotsim-combined-cycle-tls,1022,benign
id_calib:4761,id_calib,fit,benign,processed/iotsim-combined-cycle-tls-5.csv,iotsim-combined-cycle-tls,1023,benign
id_calib:4762,id_calib,fit,benign,processed/iotsim-combined-cycle-tls-5.csv,iotsim-combined-cycle-tls,1024,benign
id_calib:4763,id_calib,fit,benign,processed/iotsim-combined-cycle-tls-5.csv,iotsim-combined-cycle-tls,1025,benign
id_calib:4764,id_calib,fit,benign,processed/iotsim-combined-cycle-tls-5.csv,iotsim-combined-cycle-tls,1026,benign
id_calib:4765,id_calib,fit,benign,processed/iotsim-combined-cycle-tls-5.csv,iotsim-combined-cycle-tls,1027,benign
id_calib:4766,id_calib,fit,benign,processed/iotsim-combined-cycle-tls-5.csv,iotsim-combined-cycle-tls,1028,benign
id_calib:4767,id_calib,fit,benign,processed/iotsim-combined-cycle-tls-5.csv,iotsim-combined-cycle-tls,1029,benign
id_calib:4768,id_calib,fit,benign,processed/iotsim-combined-cycle-tls-5.csv,iotsim-combined-cycle-tls,1030,benign
id_calib:4769,id_calib,fit,benign,processed/iotsim-combined-cycle-tls-5.csv,iotsim-combined-cycle-tls,1031,benign
id_calib:4770,id_calib,fit,benign,processed/iotsim-combined-cycle-tls-5.csv,iotsim-combined-cycle-tls,1032,benign
id_calib:4771,id_calib,fit,benign,processed/iotsim-combined-cycle-tls-5.csv,iotsim-combined-cycle-tls,1033,benign
id_calib:4772,id_calib,fit,benign,processed/iotsim-combined-cycle-tls-5.csv,iotsim-combined-cycle-tls,1034,benign
id_calib:4773,id_calib,fit,benign,processed/iotsim-combined-cycle-tls-5.csv,iotsim-combined-cycle-tls,1035,benign
id_calib:4774,id_calib,fit,benign,processed/iotsim-combined-cycle-tls-5.csv,iotsim-combined-cycle-tls,1036,benign
id_calib:4775,id_calib,fit,benign,processed/iotsim-combined-cycle-tls-5.csv,iotsim-combined-cycle-tls,1037,benign
id_calib:4776,id_calib,fit,benign,processed/iotsim-combined-cycle-tls-5.csv,iotsim-combined-cycle-tls,1038,benign
id_calib:4777,id_calib,fit,benign,processed/iotsim-combined-cycle-tls-5.csv,iotsim-combined-cycle-tls,1039,benign
id_calib:4778,id_calib,fit,benign,processed/iotsim-combined-cycle-tls-5.csv,iotsim-combined-cycle-tls,1040,benign
id_calib:4779,id_calib,fit,benign,processed/iotsim-combined-cycle-tls-5.csv,iotsim-combined-cycle-tls,1041,benign
id_calib:4780,id_calib,fit,benign,processed/iotsim-combined-cycle-tls-5.csv,iotsim-combined-cycle-tls,1042,benign
id_calib:4781,id_calib,fit,benign,processed/iotsim-combined-cycle-tls-5.csv,iotsim-combined-cycle-tls,1043,benign
id_calib:4782,id_calib,fit,benign,processed/iotsim-combined-cycle-tls-5.csv,iotsim-combined-cycle-tls,1044,benign
id_calib:4783,id_calib,fit,benign,processed/iotsim-combined-cycle-tls-5.csv,iotsim-combined-cycle-tls,1045,benign
id_calib:4784,id_calib,fit,benign,processed/iotsim-combined-cycle-tls-5.csv,iotsim-combined-cycle-tls,1046,benign
id_calib:4785,id_calib,fit,benign,processed/iotsim-combined-cycle-tls-5.csv,iotsim-combined-cycle-tls,1047,benign
id_calib:4786,id_calib,fit,benign,processed/iotsim-combined-cycle-tls-5.csv,iotsim-combined-cycle-tls,1048,benign
id_calib:4787,id_calib,fit,benign,processed/iotsim-combined-cycle-tls-5.csv,iotsim-combined-cycle-tls,1049,benign
id_calib:4788,id_calib,fit,benign,processed/iotsim-combined-cycle-tls-5.csv,iotsim-combined-cycle-tls,1050,benign
id_calib:4789,id_calib,fit,benign,processed/iotsim-combined-cycle-tls-5.csv,iotsim-combined-cycle-tls,1051,benign
id_calib:4790,id_calib,fit,benign,processed/iotsim-combined-cycle-tls-5.csv,iotsim-combined-cycle-tls,1052,benign
id_calib:4791,id_calib,fit,benign,processed/iotsim-combined-cycle-tls-5.csv,iotsim-combined-cycle-tls,1053,benign
id_calib:4792,id_calib,fit,benign,processed/iotsim-combined-cycle-tls-5.csv,iotsim-combined-cycle-tls,1054,benign
id_calib:4793,id_calib,fit,benign,processed/iotsim-combined-cycle-tls-5.csv,iotsim-combined-cycle-tls,1055,benign
id_calib:4794,id_calib,fit,benign,processed/iotsim-combined-cycle-tls-5.csv,iotsim-combined-cycle-tls,1056,benign
id_calib:4795,id_calib,fit,benign,processed/iotsim-combined-cycle-tls-5.csv,iotsim-combined-cycle-tls,1057,benign
id_calib:4796,id_calib,fit,benign,processed/iotsim-combined-cycle-tls-5.csv,iotsim-combined-cycle-tls,1058,benign
id_calib:4797,id_calib,fit,benign,processed/iotsim-combined-cycle-tls-5.csv,iotsim-combined-cycle-tls,1059,benign
id_calib:4798,id_calib,fit,benign,processed/iotsim-combined-cycle-tls-5.csv,iotsim-combined-cycle-tls,1060,benign
id_calib:4799,id_calib,fit,benign,processed/iotsim-combined-cycle-tls-5.csv,iotsim-combined-cycle-tls,1061,benign
id_calib:4800,id_calib,fit,benign,processed/iotsim-combined-cycle-tls-5.csv,iotsim-combined-cycle-tls,1062,benign
id_calib:4801,id_calib,fit,benign,processed/iotsim-combined-cycle-tls-5.csv,iotsim-combined-cycle-tls,1063,benign
id_calib:4802,id_calib,fit,benign,processed/iotsim-combined-cycle-tls-5.csv,iotsim-combined-cycle-tls,1064,benign
id_calib:4803,id_calib,fit,benign,processed/iotsim-combined-cycle-tls-5.csv,iotsim-combined-cycle-tls,1065,benign
id_calib:4804,id_calib,fit,benign,processed/iotsim-combined-cycle-tls-5.csv,iotsim-combined-cycle-tls,1066,benign
id_calib:4805,id_calib,fit,benign,processed/iotsim-combined-cycle-tls-5.csv,iotsim-combined-cycle-tls,1067,benign
id_calib:4806,id_calib,fit,benign,processed/iotsim-combined-cycle-tls-5.csv,iotsim-combined-cycle-tls,1068,benign
id_calib:4807,id_calib,fit,benign,processed/iotsim-combined-cycle-tls-5.csv,iotsim-combined-cycle-tls,1069,benign
id_calib:4808,id_calib,fit,benign,processed/iotsim-combined-cycle-tls-5.csv,iotsim-combined-cycle-tls,1070,benign
id_calib:4809,id_calib,fit,benign,processed/iotsim-combined-cycle-tls-5.csv,iotsim-combined-cycle-tls,1071,benign
id_calib:4810,id_calib,fit,benign,processed/iotsim-combined-cycle-tls-5.csv,iotsim-combined-cycle-tls,1072,benign
id_calib:4811,id_calib,fit,benign,processed/iotsim-combined-cycle-tls-5.csv,iotsim-combined-cycle-tls,1073,benign
id_calib:4812,id_calib,fit,benign,processed/iotsim-combined-cycle-tls-5.csv,iotsim-combined-cycle-tls,1074,benign
id_calib:4813,id_calib,fit,benign,processed/iotsim-combined-cycle-tls-5.csv,iotsim-combined-cycle-tls,1075,benign
id_calib:4814,id_calib,fit,benign,processed/iotsim-combined-cycle-tls-5.csv,iotsim-combined-cycle-tls,1076,benign
id_calib:4815,id_calib,fit,benign,processed/iotsim-combined-cycle-tls-5.csv,iotsim-combined-cycle-tls,1077,benign
id_calib:4816,id_calib,fit,benign,processed/iotsim-combined-cycle-tls-5.csv,iotsim-combined-cycle-tls,1078,benign
id_calib:4817,id_calib,fit,benign,processed/iotsim-combined-cycle-tls-5.csv,iotsim-combined-cycle-tls,1079,benign
id_calib:4818,id_calib,fit,benign,processed/iotsim-combined-cycle-tls-5.csv,iotsim-combined-cycle-tls,1080,benign
id_calib:4819,id_calib,fit,benign,processed/iotsim-combined-cycle-tls-5.csv,iotsim-combined-cycle-tls,1081,benign
id_calib:4820,id_calib,fit,benign,processed/iotsim-combined-cycle-tls-5.csv,iotsim-combined-cycle-tls,1082,benign
id_calib:4821,id_calib,fit,benign,processed/iotsim-combined-cycle-tls-5.csv,iotsim-combined-cycle-tls,1083,benign
id_calib:4822,id_calib,fit,benign,processed/iotsim-combined-cycle-tls-5.csv,iotsim-combined-cycle-tls,1084,benign
id_calib:4823,id_calib,fit,benign,processed/iotsim-combined-cycle-tls-5.csv,iotsim-combined-cycle-tls,1085,benign
id_calib:4824,id_calib,fit,benign,processed/iotsim-combined-cycle-tls-5.csv,iotsim-combined-cycle-tls,1086,benign
id_calib:4825,id_calib,fit,benign,processed/iotsim-combined-cycle-tls-5.csv,iotsim-combined-cycle-tls,1087,benign
id_calib:4826,id_calib,fit,benign,processed/iotsim-combined-cycle-tls-5.csv,iotsim-combined-cycle-tls,1088,benign
id_calib:4827,id_calib,fit,benign,processed/iotsim-combined-cycle-tls-5.csv,iotsim-combined-cycle-tls,1089,benign
id_calib:4828,id_calib,fit,benign,processed/iotsim-combined-cycle-tls-5.csv,iotsim-combined-cycle-tls,1090,benign
id_calib:4829,id_calib,fit,benign,processed/iotsim-combined-cycle-tls-5.csv,iotsim-combined-cycle-tls,1091,benign
id_calib:4830,id_calib,fit,benign,processed/iotsim-combined-cycle-tls-5.csv,iotsim-combined-cycle-tls,1092,benign
id_calib:4831,id_calib,fit,benign,processed/iotsim-combined-cycle-tls-5.csv,iotsim-combined-cycle-tls,1093,benign
id_calib:4832,id_calib,fit,benign,processed/iotsim-combined-cycle-tls-5.csv,iotsim-combined-cycle-tls,1094,benign
id_calib:4833,id_calib,fit,benign,processed/iotsim-combined-cycle-tls-5.csv,iotsim-combined-cycle-tls,1095,benign
id_calib:4834,id_calib,fit,benign,processed/iotsim-combined-cycle-tls-5.csv,iotsim-combined-cycle-tls,1096,benign
id_calib:4835,id_calib,fit,benign,processed/iotsim-combined-cycle-tls-5.csv,iotsim-combined-cycle-tls,1097,benign
id_calib:4836,id_calib,fit,benign,processed/iotsim-combined-cycle-tls-5.csv,iotsim-combined-cycle-tls,1098,benign
id_calib:4837,id_calib,fit,benign,processed/iotsim-combined-cycle-tls-5.csv,iotsim-combined-cycle-tls,1099,benign
id_calib:4838,id_calib,fit,benign,processed/iotsim-combined-cycle-tls-5.csv,iotsim-combined-cycle-tls,1100,benign
id_calib:4839,id_calib,fit,benign,processed/iotsim-combined-cycle-tls-5.csv,iotsim-combined-cycle-tls,1101,benign
id_calib:4840,id_calib,fit,benign,processed/iotsim-combined-cycle-tls-5.csv,iotsim-combined-cycle-tls,1102,benign
id_calib:4841,id_calib,fit,benign,processed/iotsim-combined-cycle-tls-5.csv,iotsim-combined-cycle-tls,1103,benign
id_calib:4842,id_calib,fit,benign,processed/iotsim-combined-cycle-tls-5.csv,iotsim-combined-cycle-tls,1104,benign
id_calib:4843,id_calib,fit,benign,processed/iotsim-combined-cycle-tls-5.csv,iotsim-combined-cycle-tls,1105,benign
id_calib:4844,id_calib,fit,benign,processed/iotsim-combined-cycle-tls-5.csv,iotsim-combined-cycle-tls,1106,benign
id_calib:4845,id_calib,fit,benign,processed/iotsim-combined-cycle-tls-5.csv,iotsim-combined-cycle-tls,1107,benign
id_calib:4846,id_calib,fit,benign,processed/iotsim-combined-cycle-tls-5.csv,iotsim-combined-cycle-tls,1108,benign
id_calib:4847,id_calib,fit,benign,processed/iotsim-combined-cycle-tls-5.csv,iotsim-combined-cycle-tls,1109,benign
id_calib:4848,id_calib,fit,benign,processed/iotsim-combined-cycle-tls-5.csv,iotsim-combined-cycle-tls,1110,benign
id_calib:4849,id_calib,fit,benign,processed/iotsim-combined-cycle-tls-5.csv,iotsim-combined-cycle-tls,1111,benign
id_calib:4850,id_calib,fit,benign,processed/iotsim-combined-cycle-tls-5.csv,iotsim-combined-cycle-tls,1112,benign
id_calib:4851,id_calib,fit,benign,processed/iotsim-combined-cycle-tls-5.csv,iotsim-combined-cycle-tls,1113,benign
id_calib:4852,id_calib,fit,benign,processed/iotsim-combined-cycle-tls-5.csv,iotsim-combined-cycle-tls,1114,benign
id_calib:4853,id_calib,fit,benign,processed/iotsim-combined-cycle-tls-5.csv,iotsim-combined-cycle-tls,1115,benign
id_calib:4854,id_calib,fit,benign,processed/iotsim-combined-cycle-tls-5.csv,iotsim-combined-cycle-tls,1116,benign
id_calib:4855,id_calib,fit,benign,processed/iotsim-combined-cycle-tls-5.csv,iotsim-combined-cycle-tls,1117,benign
id_calib:4856,id_calib,fit,benign,processed/iotsim-combined-cycle-tls-5.csv,iotsim-combined-cycle-tls,1118,benign
id_calib:4857,id_calib,fit,benign,processed/iotsim-combined-cycle-tls-5.csv,iotsim-combined-cycle-tls,1119,benign
id_calib:4858,id_calib,fit,benign,processed/iotsim-combined-cycle-tls-5.csv,iotsim-combined-cycle-tls,1120,benign
id_calib:4859,id_calib,fit,benign,processed/iotsim-combined-cycle-tls-5.csv,iotsim-combined-cycle-tls,1121,benign
id_calib:4860,id_calib,fit,benign,processed/iotsim-combined-cycle-tls-5.csv,iotsim-combined-cycle-tls,1122,benign
id_calib:4861,id_calib,fit,benign,processed/iotsim-combined-cycle-tls-5.csv,iotsim-combined-cycle-tls,1123,benign
id_calib:4862,id_calib,fit,benign,processed/iotsim-combined-cycle-tls-5.csv,iotsim-combined-cycle-tls,1124,benign
id_calib:4863,id_calib,fit,benign,processed/iotsim-combined-cycle-tls-5.csv,iotsim-combined-cycle-tls,1125,benign
id_calib:4864,id_calib,fit,benign,processed/iotsim-combined-cycle-tls-5.csv,iotsim-combined-cycle-tls,1126,benign
id_calib:4865,id_calib,fit,benign,processed/iotsim-combined-cycle-tls-5.csv,iotsim-combined-cycle-tls,1127,benign
id_calib:4866,id_calib,fit,benign,processed/iotsim-combined-cycle-tls-5.csv,iotsim-combined-cycle-tls,1128,benign
id_calib:4867,id_calib,fit,benign,processed/iotsim-combined-cycle-tls-5.csv,iotsim-combined-cycle-tls,1129,benign
id_calib:4868,id_calib,fit,benign,processed/iotsim-combined-cycle-tls-5.csv,iotsim-combined-cycle-tls,1130,benign
id_calib:4869,id_calib,fit,benign,processed/iotsim-combined-cycle-tls-5.csv,iotsim-combined-cycle-tls,1131,benign
id_calib:4870,id_calib,fit,benign,processed/iotsim-combined-cycle-tls-5.csv,iotsim-combined-cycle-tls,1132,benign
id_calib:4871,id_calib,fit,benign,processed/iotsim-combined-cycle-tls-5.csv,iotsim-combined-cycle-tls,1133,benign
id_calib:4872,id_calib,fit,benign,processed/iotsim-combined-cycle-tls-5.csv,iotsim-combined-cycle-tls,1134,benign
id_calib:4873,id_calib,fit,benign,processed/iotsim-combined-cycle-tls-5.csv,iotsim-combined-cycle-tls,1135,benign
id_calib:4874,id_calib,fit,benign,processed/iotsim-combined-cycle-tls-5.csv,iotsim-combined-cycle-tls,1136,benign
id_calib:4875,id_calib,fit,benign,processed/iotsim-combined-cycle-tls-5.csv,iotsim-combined-cycle-tls,1137,benign
id_calib:4876,id_calib,fit,benign,processed/iotsim-combined-cycle-tls-5.csv,iotsim-combined-cycle-tls,1138,benign
id_calib:4877,id_calib,fit,benign,processed/iotsim-combined-cycle-tls-5.csv,iotsim-combined-cycle-tls,1139,benign
id_calib:4878,id_calib,fit,benign,processed/iotsim-combined-cycle-tls-5.csv,iotsim-combined-cycle-tls,1140,benign
id_calib:4879,id_calib,fit,benign,processed/iotsim-combined-cycle-tls-5.csv,iotsim-combined-cycle-tls,1141,benign
id_calib:4880,id_calib,fit,benign,processed/iotsim-combined-cycle-tls-5.csv,iotsim-combined-cycle-tls,1142,benign
id_calib:4881,id_calib,fit,benign,processed/iotsim-combined-cycle-tls-5.csv,iotsim-combined-cycle-tls,1143,benign
id_calib:4882,id_calib,fit,benign,processed/iotsim-combined-cycle-tls-5.csv,iotsim-combined-cycle-tls,1144,benign
id_calib:4883,id_calib,fit,benign,processed/iotsim-combined-cycle-tls-5.csv,iotsim-combined-cycle-tls,1145,benign
id_calib:4884,id_calib,fit,benign,processed/iotsim-combined-cycle-tls-5.csv,iotsim-combined-cycle-tls,1146,benign
id_calib:4885,id_calib,fit,benign,processed/iotsim-combined-cycle-tls-5.csv,iotsim-combined-cycle-tls,1147,benign
id_calib:4886,id_calib,fit,benign,processed/iotsim-combined-cycle-tls-5.csv,iotsim-combined-cycle-tls,1148,benign
id_calib:4887,id_calib,fit,benign,processed/iotsim-combined-cycle-tls-5.csv,iotsim-combined-cycle-tls,1149,benign
id_calib:4888,id_calib,fit,benign,processed/iotsim-combined-cycle-tls-5.csv,iotsim-combined-cycle-tls,1150,benign
id_calib:4889,id_calib,fit,benign,processed/iotsim-combined-cycle-tls-5.csv,iotsim-combined-cycle-tls,1151,benign
id_calib:4890,id_calib,fit,benign,processed/iotsim-combined-cycle-tls-5.csv,iotsim-combined-cycle-tls,1152,benign
id_calib:4891,id_calib,fit,benign,processed/iotsim-combined-cycle-tls-5.csv,iotsim-combined-cycle-tls,1153,benign
id_calib:4892,id_calib,fit,benign,processed/iotsim-combined-cycle-tls-5.csv,iotsim-combined-cycle-tls,1154,benign
id_calib:4893,id_calib,fit,benign,processed/iotsim-combined-cycle-tls-5.csv,iotsim-combined-cycle-tls,1155,benign
id_calib:4894,id_calib,fit,benign,processed/iotsim-combined-cycle-tls-5.csv,iotsim-combined-cycle-tls,1156,benign
id_calib:4895,id_calib,fit,benign,processed/iotsim-combined-cycle-tls-5.csv,iotsim-combined-cycle-tls,1157,benign
id_calib:4896,id_calib,fit,benign,processed/iotsim-combined-cycle-tls-5.csv,iotsim-combined-cycle-tls,1158,benign
id_calib:4897,id_calib,fit,benign,processed/iotsim-combined-cycle-tls-5.csv,iotsim-combined-cycle-tls,1159,benign
id_calib:4898,id_calib,fit,benign,processed/iotsim-combined-cycle-tls-5.csv,iotsim-combined-cycle-tls,1160,benign
id_calib:4899,id_calib,fit,benign,processed/iotsim-combined-cycle-tls-5.csv,iotsim-combined-cycle-tls,1161,benign
id_calib:4900,id_calib,fit,benign,processed/iotsim-combined-cycle-tls-5.csv,iotsim-combined-cycle-tls,1162,benign
id_calib:4901,id_calib,fit,benign,processed/iotsim-combined-cycle-tls-5.csv,iotsim-combined-cycle-tls,1163,benign
id_calib:4902,id_calib,fit,benign,processed/iotsim-combined-cycle-tls-5.csv,iotsim-combined-cycle-tls,1164,benign
id_calib:4903,id_calib,fit,benign,processed/iotsim-combined-cycle-tls-5.csv,iotsim-combined-cycle-tls,1165,benign
id_calib:4904,id_calib,fit,benign,processed/iotsim-combined-cycle-tls-5.csv,iotsim-combined-cycle-tls,1166,benign
id_calib:4905,id_calib,fit,benign,processed/iotsim-combined-cycle-tls-5.csv,iotsim-combined-cycle-tls,1167,benign
id_calib:4906,id_calib,fit,benign,processed/iotsim-combined-cycle-tls-5.csv,iotsim-combined-cycle-tls,1168,benign
id_calib:4907,id_calib,fit,benign,processed/iotsim-combined-cycle-tls-5.csv,iotsim-combined-cycle-tls,1169,benign
id_calib:4908,id_calib,fit,benign,processed/iotsim-combined-cycle-tls-5.csv,iotsim-combined-cycle-tls,1170,benign
id_calib:4909,id_calib,fit,benign,processed/iotsim-combined-cycle-tls-5.csv,iotsim-combined-cycle-tls,1171,benign
id_calib:4910,id_calib,fit,benign,processed/iotsim-combined-cycle-tls-5.csv,iotsim-combined-cycle-tls,1172,benign
id_calib:4911,id_calib,fit,benign,processed/iotsim-combined-cycle-tls-5.csv,iotsim-combined-cycle-tls,1173,benign
id_calib:4912,id_calib,fit,benign,processed/iotsim-combined-cycle-tls-5.csv,iotsim-combined-cycle-tls,1174,benign
id_calib:4913,id_calib,fit,benign,processed/iotsim-combined-cycle-tls-5.csv,iotsim-combined-cycle-tls,1175,benign
id_calib:4914,id_calib,fit,benign,processed/iotsim-combined-cycle-tls-5.csv,iotsim-combined-cycle-tls,1176,benign
id_calib:4915,id_calib,fit,benign,processed/iotsim-combined-cycle-tls-5.csv,iotsim-combined-cycle-tls,1177,benign
id_calib:4916,id_calib,fit,benign,processed/iotsim-combined-cycle-tls-5.csv,iotsim-combined-cycle-tls,1178,benign
id_calib:4917,id_calib,fit,benign,processed/iotsim-combined-cycle-tls-5.csv,iotsim-combined-cycle-tls,1179,benign
id_calib:4918,id_calib,fit,benign,processed/iotsim-combined-cycle-tls-5.csv,iotsim-combined-cycle-tls,1180,benign
id_calib:4919,id_calib,fit,benign,processed/iotsim-combined-cycle-tls-5.csv,iotsim-combined-cycle-tls,1181,benign
id_calib:4920,id_calib,fit,benign,processed/iotsim-combined-cycle-tls-5.csv,iotsim-combined-cycle-tls,1182,benign
id_calib:4921,id_calib,fit,benign,processed/iotsim-combined-cycle-tls-5.csv,iotsim-combined-cycle-tls,1183,benign
id_calib:4922,id_calib,fit,benign,processed/iotsim-combined-cycle-tls-5.csv,iotsim-combined-cycle-tls,1184,benign
id_calib:4923,id_calib,fit,benign,processed/iotsim-combined-cycle-tls-5.csv,iotsim-combined-cycle-tls,1185,benign
id_calib:4924,id_calib,fit,benign,processed/iotsim-combined-cycle-tls-5.csv,iotsim-combined-cycle-tls,1186,benign
id_calib:4925,id_calib,fit,benign,processed/iotsim-combined-cycle-tls-5.csv,iotsim-combined-cycle-tls,1187,benign
id_calib:4926,id_calib,fit,benign,processed/iotsim-combined-cycle-tls-5.csv,iotsim-combined-cycle-tls,1188,benign
id_calib:4927,id_calib,fit,benign,processed/iotsim-combined-cycle-tls-5.csv,iotsim-combined-cycle-tls,1189,benign
id_calib:4928,id_calib,fit,benign,processed/iotsim-combined-cycle-tls-5.csv,iotsim-combined-cycle-tls,1190,benign
id_calib:4929,id_calib,fit,benign,processed/iotsim-combined-cycle-tls-5.csv,iotsim-combined-cycle-tls,1191,benign
id_calib:4930,id_calib,fit,benign,processed/iotsim-combined-cycle-tls-5.csv,iotsim-combined-cycle-tls,1192,benign
id_calib:4931,id_calib,fit,benign,processed/iotsim-combined-cycle-tls-5.csv,iotsim-combined-cycle-tls,1193,benign
id_calib:4932,id_calib,fit,benign,processed/iotsim-combined-cycle-tls-5.csv,iotsim-combined-cycle-tls,1194,benign
id_calib:4933,id_calib,fit,benign,processed/iotsim-combined-cycle-tls-5.csv,iotsim-combined-cycle-tls,1195,benign
id_calib:4934,id_calib,fit,benign,processed/iotsim-combined-cycle-tls-5.csv,iotsim-combined-cycle-tls,1196,benign
id_calib:4935,id_calib,fit,benign,processed/iotsim-combined-cycle-tls-5.csv,iotsim-combined-cycle-tls,1197,benign
id_calib:4936,id_calib,fit,benign,processed/iotsim-combined-cycle-tls-5.csv,iotsim-combined-cycle-tls,1198,benign
id_calib:4937,id_calib,fit,benign,processed/iotsim-combined-cycle-tls-5.csv,iotsim-combined-cycle-tls,1199,benign
id_calib:4938,id_calib,fit,benign,processed/iotsim-combined-cycle-tls-5.csv,iotsim-combined-cycle-tls,1200,benign
id_calib:4939,id_calib,fit,benign,processed/iotsim-combined-cycle-tls-5.csv,iotsim-combined-cycle-tls,1201,benign
id_calib:4940,id_calib,fit,benign,processed/iotsim-combined-cycle-tls-5.csv,iotsim-combined-cycle-tls,1202,benign
id_calib:4941,id_calib,fit,benign,processed/iotsim-combined-cycle-tls-5.csv,iotsim-combined-cycle-tls,1203,benign
id_calib:4942,id_calib,fit,benign,processed/iotsim-combined-cycle-tls-5.csv,iotsim-combined-cycle-tls,1204,benign
id_calib:4943,id_calib,fit,benign,processed/iotsim-combined-cycle-tls-5.csv,iotsim-combined-cycle-tls,1205,benign
id_calib:4944,id_calib,fit,benign,processed/iotsim-combined-cycle-tls-5.csv,iotsim-combined-cycle-tls,1206,benign
id_calib:4945,id_calib,fit,benign,processed/iotsim-combined-cycle-tls-5.csv,iotsim-combined-cycle-tls,1207,benign
id_calib:4946,id_calib,fit,benign,processed/iotsim-combined-cycle-tls-5.csv,iotsim-combined-cycle-tls,1208,benign
id_calib:4947,id_calib,fit,benign,processed/iotsim-combined-cycle-tls-5.csv,iotsim-combined-cycle-tls,1209,benign
id_calib:4948,id_calib,fit,benign,processed/iotsim-combined-cycle-tls-5.csv,iotsim-combined-cycle-tls,1210,benign
id_calib:4949,id_calib,fit,benign,processed/iotsim-combined-cycle-tls-5.csv,iotsim-combined-cycle-tls,1211,benign
id_calib:4950,id_calib,fit,benign,processed/iotsim-combined-cycle-tls-5.csv,iotsim-combined-cycle-tls,1212,benign
id_calib:4951,id_calib,fit,benign,processed/iotsim-combined-cycle-tls-5.csv,iotsim-combined-cycle-tls,1213,benign
id_calib:4952,id_calib,fit,benign,processed/iotsim-combined-cycle-tls-5.csv,iotsim-combined-cycle-tls,1214,benign
id_calib:4953,id_calib,fit,benign,processed/iotsim-combined-cycle-tls-5.csv,iotsim-combined-cycle-tls,1215,benign
id_calib:4954,id_calib,fit,benign,processed/iotsim-combined-cycle-tls-5.csv,iotsim-combined-cycle-tls,1216,benign
id_calib:4955,id_calib,fit,benign,processed/iotsim-combined-cycle-tls-5.csv,iotsim-combined-cycle-tls,1217,benign
id_calib:4956,id_calib,fit,benign,processed/iotsim-combined-cycle-tls-5.csv,iotsim-combined-cycle-tls,1218,benign
id_calib:4957,id_calib,fit,benign,processed/iotsim-combined-cycle-tls-5.csv,iotsim-combined-cycle-tls,1219,benign
id_calib:4958,id_calib,fit,benign,processed/iotsim-combined-cycle-tls-5.csv,iotsim-combined-cycle-tls,1220,benign
id_calib:4959,id_calib,fit,benign,processed/iotsim-combined-cycle-tls-5.csv,iotsim-combined-cycle-tls,1221,benign
id_calib:4960,id_calib,fit,benign,processed/iotsim-combined-cycle-tls-5.csv,iotsim-combined-cycle-tls,1222,benign
id_calib:4961,id_calib,fit,benign,processed/iotsim-combined-cycle-tls-5.csv,iotsim-combined-cycle-tls,1223,benign
id_calib:4962,id_calib,fit,benign,processed/iotsim-combined-cycle-tls-5.csv,iotsim-combined-cycle-tls,1224,benign
id_calib:4963,id_calib,fit,benign,processed/iotsim-combined-cycle-tls-5.csv,iotsim-combined-cycle-tls,1225,benign
id_calib:4964,id_calib,fit,benign,processed/iotsim-combined-cycle-tls-5.csv,iotsim-combined-cycle-tls,1226,benign
id_calib:4965,id_calib,fit,benign,processed/iotsim-combined-cycle-tls-5.csv,iotsim-combined-cycle-tls,1227,benign
id_calib:4966,id_calib,fit,benign,processed/iotsim-combined-cycle-tls-5.csv,iotsim-combined-cycle-tls,1228,benign
id_calib:4967,id_calib,fit,benign,processed/iotsim-combined-cycle-tls-5.csv,iotsim-combined-cycle-tls,1229,benign
id_calib:4968,id_calib,fit,benign,processed/iotsim-combined-cycle-tls-5.csv,iotsim-combined-cycle-tls,1230,benign
id_calib:4969,id_calib,fit,benign,processed/iotsim-combined-cycle-tls-5.csv,iotsim-combined-cycle-tls,1231,benign
id_calib:4970,id_calib,fit,benign,processed/iotsim-combined-cycle-tls-5.csv,iotsim-combined-cycle-tls,1232,benign
id_calib:4971,id_calib,fit,benign,processed/iotsim-combined-cycle-tls-5.csv,iotsim-combined-cycle-tls,1233,benign
id_calib:4972,id_calib,fit,benign,processed/iotsim-combined-cycle-tls-5.csv,iotsim-combined-cycle-tls,1234,benign
id_calib:4973,id_calib,fit,benign,processed/iotsim-combined-cycle-tls-5.csv,iotsim-combined-cycle-tls,1235,benign
id_calib:4974,id_calib,fit,benign,processed/iotsim-combined-cycle-tls-5.csv,iotsim-combined-cycle-tls,1236,benign
id_calib:4975,id_calib,fit,benign,processed/iotsim-combined-cycle-tls-5.csv,iotsim-combined-cycle-tls,1237,benign
id_calib:4976,id_calib,fit,benign,processed/iotsim-combined-cycle-tls-5.csv,iotsim-combined-cycle-tls,1238,benign
id_calib:4977,id_calib,fit,benign,processed/iotsim-combined-cycle-tls-5.csv,iotsim-combined-cycle-tls,1239,benign
id_calib:4978,id_calib,fit,benign,processed/iotsim-combined-cycle-tls-5.csv,iotsim-combined-cycle-tls,1240,benign
id_calib:4979,id_calib,fit,benign,processed/iotsim-combined-cycle-tls-5.csv,iotsim-combined-cycle-tls,1241,benign
id_calib:4980,id_calib,fit,benign,processed/iotsim-combined-cycle-tls-5.csv,iotsim-combined-cycle-tls,1242,benign
id_calib:4981,id_calib,fit,benign,processed/iotsim-combined-cycle-tls-5.csv,iotsim-combined-cycle-tls,1243,benign
id_calib:4982,id_calib,fit,benign,processed/iotsim-combined-cycle-tls-5.csv,iotsim-combined-cycle-tls,1244,benign
id_calib:4983,id_calib,fit,benign,processed/iotsim-combined-cycle-tls-5.csv,iotsim-combined-cycle-tls,1245,benign
id_calib:4984,id_calib,fit,benign,processed/iotsim-combined-cycle-tls-5.csv,iotsim-combined-cycle-tls,1246,benign
id_calib:4985,id_calib,fit,benign,processed/iotsim-combined-cycle-tls-5.csv,iotsim-combined-cycle-tls,1247,benign
id_calib:4986,id_calib,fit,benign,processed/iotsim-combined-cycle-tls-5.csv,iotsim-combined-cycle-tls,1248,benign
id_calib:4987,id_calib,fit,benign,processed/iotsim-combined-cycle-tls-5.csv,iotsim-combined-cycle-tls,1249,benign
id_calib:4988,id_calib,fit,benign,processed/iotsim-combined-cycle-tls-5.csv,iotsim-combined-cycle-tls,1250,benign
id_calib:4989,id_calib,fit,benign,processed/iotsim-combined-cycle-tls-5.csv,iotsim-combined-cycle-tls,1251,benign
id_calib:4990,id_calib,fit,benign,processed/iotsim-combined-cycle-tls-5.csv,iotsim-combined-cycle-tls,1252,benign
id_calib:4991,id_calib,fit,benign,processed/iotsim-combined-cycle-tls-5.csv,iotsim-combined-cycle-tls,1253,benign
id_calib:4992,id_calib,fit,benign,processed/iotsim-combined-cycle-tls-5.csv,iotsim-combined-cycle-tls,1254,benign
id_calib:4993,id_calib,fit,benign,processed/iotsim-combined-cycle-tls-5.csv,iotsim-combined-cycle-tls,1255,benign
id_calib:4994,id_calib,fit,benign,processed/iotsim-combined-cycle-tls-5.csv,iotsim-combined-cycle-tls,1256,benign
id_calib:4995,id_calib,fit,benign,processed/iotsim-combined-cycle-tls-5.csv,iotsim-combined-cycle-tls,1257,benign
id_calib:4996,id_calib,fit,benign,processed/iotsim-combined-cycle-tls-5.csv,iotsim-combined-cycle-tls,1258,benign
id_calib:4997,id_calib,fit,benign,processed/iotsim-combined-cycle-tls-5.csv,iotsim-combined-cycle-tls,1259,benign
id_calib:4998,id_calib,fit,benign,processed/iotsim-combined-cycle-tls-5.csv,iotsim-combined-cycle-tls,1260,benign
id_calib:4999,id_calib,fit,benign,processed/iotsim-combined-cycle-tls-5.csv,iotsim-combined-cycle-tls,1261,benign
id_calib:5000,id_calib,fit,benign,processed/iotsim-combined-cycle-tls-5.csv,iotsim-combined-cycle-tls,1262,benign
id_calib:5001,id_calib,fit,benign,processed/iotsim-combined-cycle-tls-5.csv,iotsim-combined-cycle-tls,1263,benign
id_calib:5002,id_calib,fit,benign,processed/iotsim-combined-cycle-tls-5.csv,iotsim-combined-cycle-tls,1264,benign
id_calib:5003,id_calib,fit,benign,processed/iotsim-combined-cycle-tls-5.csv,iotsim-combined-cycle-tls,1265,benign
id_calib:5004,id_calib,fit,benign,processed/iotsim-combined-cycle-tls-5.csv,iotsim-combined-cycle-tls,1266,benign
id_calib:5005,id_calib,fit,benign,processed/iotsim-combined-cycle-tls-5.csv,iotsim-combined-cycle-tls,1267,benign
id_calib:5006,id_calib,fit,benign,processed/iotsim-combined-cycle-tls-5.csv,iotsim-combined-cycle-tls,1268,benign
id_calib:5007,id_calib,fit,benign,processed/iotsim-combined-cycle-tls-5.csv,iotsim-combined-cycle-tls,1269,benign
id_calib:5008,id_calib,fit,benign,processed/iotsim-combined-cycle-tls-5.csv,iotsim-combined-cycle-tls,1270,benign
id_calib:5009,id_calib,fit,benign,processed/iotsim-combined-cycle-tls-5.csv,iotsim-combined-cycle-tls,1271,benign
id_calib:5010,id_calib,fit,benign,processed/iotsim-combined-cycle-tls-5.csv,iotsim-combined-cycle-tls,1272,benign
id_calib:5011,id_calib,fit,benign,processed/iotsim-combined-cycle-tls-5.csv,iotsim-combined-cycle-tls,1273,benign
id_calib:5012,id_calib,fit,benign,processed/iotsim-combined-cycle-tls-5.csv,iotsim-combined-cycle-tls,1274,benign
id_calib:5013,id_calib,fit,benign,processed/iotsim-combined-cycle-tls-5.csv,iotsim-combined-cycle-tls,1275,benign
id_calib:5014,id_calib,fit,benign,processed/iotsim-combined-cycle-tls-5.csv,iotsim-combined-cycle-tls,1276,benign
id_calib:5015,id_calib,fit,benign,processed/iotsim-combined-cycle-tls-5.csv,iotsim-combined-cycle-tls,1277,benign
id_calib:5016,id_calib,fit,benign,processed/iotsim-combined-cycle-tls-5.csv,iotsim-combined-cycle-tls,1278,benign
id_calib:5017,id_calib,fit,benign,processed/iotsim-combined-cycle-tls-5.csv,iotsim-combined-cycle-tls,1279,benign
id_calib:5018,id_calib,fit,benign,processed/iotsim-combined-cycle-tls-5.csv,iotsim-combined-cycle-tls,1280,benign
id_calib:5019,id_calib,fit,benign,processed/iotsim-combined-cycle-tls-5.csv,iotsim-combined-cycle-tls,1281,benign
id_calib:5020,id_calib,fit,benign,processed/iotsim-combined-cycle-tls-5.csv,iotsim-combined-cycle-tls,1282,benign
id_calib:5021,id_calib,fit,benign,processed/iotsim-combined-cycle-tls-5.csv,iotsim-combined-cycle-tls,1283,benign
id_calib:5022,id_calib,fit,benign,processed/iotsim-combined-cycle-tls-5.csv,iotsim-combined-cycle-tls,1284,benign
id_calib:5023,id_calib,fit,benign,processed/iotsim-combined-cycle-tls-5.csv,iotsim-combined-cycle-tls,1285,benign
id_calib:5024,id_calib,fit,benign,processed/iotsim-combined-cycle-tls-5.csv,iotsim-combined-cycle-tls,1286,benign
id_calib:5025,id_calib,fit,benign,processed/iotsim-combined-cycle-tls-5.csv,iotsim-combined-cycle-tls,1287,benign
id_calib:5026,id_calib,fit,benign,processed/iotsim-combined-cycle-tls-5.csv,iotsim-combined-cycle-tls,1288,benign
id_calib:5027,id_calib,fit,benign,processed/iotsim-combined-cycle-tls-5.csv,iotsim-combined-cycle-tls,1289,benign
id_calib:5028,id_calib,fit,benign,processed/iotsim-combined-cycle-tls-5.csv,iotsim-combined-cycle-tls,1290,benign
id_calib:5029,id_calib,fit,benign,processed/iotsim-combined-cycle-tls-5.csv,iotsim-combined-cycle-tls,1291,benign
id_calib:5030,id_calib,fit,benign,processed/iotsim-combined-cycle-tls-5.csv,iotsim-combined-cycle-tls,1292,benign
id_calib:5031,id_calib,fit,benign,processed/iotsim-combined-cycle-tls-5.csv,iotsim-combined-cycle-tls,1293,benign
id_calib:5032,id_calib,fit,benign,processed/iotsim-combined-cycle-tls-5.csv,iotsim-combined-cycle-tls,1294,benign
id_calib:5033,id_calib,fit,benign,processed/iotsim-combined-cycle-tls-5.csv,iotsim-combined-cycle-tls,1295,benign
id_calib:5034,id_calib,fit,benign,processed/iotsim-combined-cycle-tls-5.csv,iotsim-combined-cycle-tls,1296,benign
id_calib:5035,id_calib,fit,benign,processed/iotsim-combined-cycle-tls-5.csv,iotsim-combined-cycle-tls,1297,benign
id_calib:5036,id_calib,fit,benign,processed/iotsim-combined-cycle-tls-5.csv,iotsim-combined-cycle-tls,1298,benign
id_calib:5037,id_calib,fit,benign,processed/iotsim-combined-cycle-tls-5.csv,iotsim-combined-cycle-tls,1299,benign
id_calib:5038,id_calib,fit,benign,processed/iotsim-combined-cycle-tls-5.csv,iotsim-combined-cycle-tls,1300,benign
id_calib:5039,id_calib,fit,benign,processed/iotsim-combined-cycle-tls-5.csv,iotsim-combined-cycle-tls,1301,benign
id_calib:5040,id_calib,fit,benign,processed/iotsim-combined-cycle-tls-5.csv,iotsim-combined-cycle-tls,1302,benign
id_calib:5041,id_calib,fit,benign,processed/iotsim-combined-cycle-tls-5.csv,iotsim-combined-cycle-tls,1303,benign
id_calib:5042,id_calib,fit,benign,processed/iotsim-combined-cycle-tls-5.csv,iotsim-combined-cycle-tls,1304,benign
id_calib:5043,id_calib,fit,benign,processed/iotsim-combined-cycle-tls-5.csv,iotsim-combined-cycle-tls,1305,benign
id_calib:5044,id_calib,fit,benign,processed/iotsim-combined-cycle-tls-5.csv,iotsim-combined-cycle-tls,1306,benign
id_calib:5045,id_calib,fit,benign,processed/iotsim-combined-cycle-tls-5.csv,iotsim-combined-cycle-tls,1307,benign
id_calib:5046,id_calib,fit,benign,processed/iotsim-combined-cycle-tls-5.csv,iotsim-combined-cycle-tls,1308,benign
id_calib:5047,id_calib,fit,benign,processed/iotsim-combined-cycle-tls-5.csv,iotsim-combined-cycle-tls,1309,benign
id_calib:5048,id_calib,fit,benign,processed/iotsim-combined-cycle-tls-5.csv,iotsim-combined-cycle-tls,1310,benign
id_calib:5049,id_calib,fit,benign,processed/iotsim-combined-cycle-tls-5.csv,iotsim-combined-cycle-tls,1311,benign
id_calib:5050,id_calib,fit,benign,processed/iotsim-combined-cycle-tls-5.csv,iotsim-combined-cycle-tls,1312,benign
id_calib:5051,id_calib,fit,benign,processed/iotsim-combined-cycle-tls-5.csv,iotsim-combined-cycle-tls,1313,benign
id_calib:5052,id_calib,fit,benign,processed/iotsim-combined-cycle-tls-5.csv,iotsim-combined-cycle-tls,1314,benign
id_calib:5053,id_calib,fit,benign,processed/iotsim-combined-cycle-tls-5.csv,iotsim-combined-cycle-tls,1315,benign
id_calib:5054,id_calib,fit,benign,processed/iotsim-combined-cycle-tls-5.csv,iotsim-combined-cycle-tls,1316,benign
id_calib:5055,id_calib,fit,benign,processed/iotsim-combined-cycle-tls-5.csv,iotsim-combined-cycle-tls,1317,benign
id_calib:5056,id_calib,fit,benign,processed/iotsim-combined-cycle-tls-5.csv,iotsim-combined-cycle-tls,1318,benign
id_calib:5057,id_calib,fit,benign,processed/iotsim-combined-cycle-tls-5.csv,iotsim-combined-cycle-tls,1319,benign
id_calib:5058,id_calib,fit,benign,processed/iotsim-combined-cycle-tls-5.csv,iotsim-combined-cycle-tls,1320,benign
id_calib:5059,id_calib,fit,benign,processed/iotsim-combined-cycle-tls-5.csv,iotsim-combined-cycle-tls,1321,benign
id_calib:5060,id_calib,fit,benign,processed/iotsim-combined-cycle-tls-5.csv,iotsim-combined-cycle-tls,1322,benign
id_calib:5061,id_calib,fit,benign,processed/iotsim-combined-cycle-tls-5.csv,iotsim-combined-cycle-tls,1323,benign
id_calib:5062,id_calib,fit,benign,processed/iotsim-combined-cycle-tls-5.csv,iotsim-combined-cycle-tls,1324,benign
id_calib:5063,id_calib,fit,benign,processed/iotsim-combined-cycle-tls-5.csv,iotsim-combined-cycle-tls,1325,benign
id_calib:5064,id_calib,fit,benign,processed/iotsim-combined-cycle-tls-5.csv,iotsim-combined-cycle-tls,1326,benign
id_calib:5065,id_calib,fit,benign,processed/iotsim-combined-cycle-tls-5.csv,iotsim-combined-cycle-tls,1327,benign
id_calib:5066,id_calib,fit,benign,processed/iotsim-combined-cycle-tls-5.csv,iotsim-combined-cycle-tls,1328,benign
id_calib:5067,id_calib,fit,benign,processed/iotsim-combined-cycle-tls-5.csv,iotsim-combined-cycle-tls,1329,benign
id_calib:5068,id_calib,fit,benign,processed/iotsim-combined-cycle-tls-5.csv,iotsim-combined-cycle-tls,1330,benign
id_calib:5069,id_calib,fit,benign,processed/iotsim-combined-cycle-tls-5.csv,iotsim-combined-cycle-tls,1331,benign
id_calib:5070,id_calib,fit,benign,processed/iotsim-combined-cycle-tls-5.csv,iotsim-combined-cycle-tls,1332,benign
id_calib:5071,id_calib,fit,benign,processed/iotsim-combined-cycle-tls-5.csv,iotsim-combined-cycle-tls,1333,benign
id_calib:5072,id_calib,fit,benign,processed/iotsim-combined-cycle-tls-5.csv,iotsim-combined-cycle-tls,1334,benign
id_calib:5073,id_calib,fit,benign,processed/iotsim-combined-cycle-tls-5.csv,iotsim-combined-cycle-tls,1335,benign
id_calib:5074,id_calib,fit,benign,processed/iotsim-combined-cycle-tls-5.csv,iotsim-combined-cycle-tls,1336,benign
id_calib:5075,id_calib,fit,benign,processed/iotsim-combined-cycle-tls-5.csv,iotsim-combined-cycle-tls,1337,benign
id_calib:5076,id_calib,fit,benign,processed/iotsim-combined-cycle-tls-5.csv,iotsim-combined-cycle-tls,1338,benign
id_calib:5077,id_calib,fit,benign,processed/iotsim-combined-cycle-tls-5.csv,iotsim-combined-cycle-tls,1339,benign
id_calib:5078,id_calib,fit,benign,processed/iotsim-combined-cycle-tls-5.csv,iotsim-combined-cycle-tls,1340,benign
id_calib:5079,id_calib,fit,benign,processed/iotsim-combined-cycle-tls-5.csv,iotsim-combined-cycle-tls,1341,benign
id_calib:5080,id_calib,fit,benign,processed/iotsim-combined-cycle-tls-5.csv,iotsim-combined-cycle-tls,1342,benign
id_calib:5081,id_calib,fit,benign,processed/iotsim-combined-cycle-tls-5.csv,iotsim-combined-cycle-tls,1343,benign
id_calib:5082,id_calib,fit,benign,processed/iotsim-combined-cycle-tls-5.csv,iotsim-combined-cycle-tls,1344,benign
id_calib:5083,id_calib,fit,benign,processed/iotsim-combined-cycle-tls-5.csv,iotsim-combined-cycle-tls,1345,benign
id_calib:5084,id_calib,fit,benign,processed/iotsim-combined-cycle-tls-5.csv,iotsim-combined-cycle-tls,1346,benign
id_calib:5085,id_calib,fit,benign,processed/iotsim-combined-cycle-tls-5.csv,iotsim-combined-cycle-tls,1347,benign
id_calib:5086,id_calib,fit,benign,processed/iotsim-combined-cycle-tls-5.csv,iotsim-combined-cycle-tls,1348,benign
id_calib:5087,id_calib,fit,benign,processed/iotsim-combined-cycle-tls-5.csv,iotsim-combined-cycle-tls,1349,benign
id_calib:5088,id_calib,fit,benign,processed/iotsim-combined-cycle-tls-5.csv,iotsim-combined-cycle-tls,1350,benign
id_calib:5089,id_calib,fit,benign,processed/iotsim-combined-cycle-tls-5.csv,iotsim-combined-cycle-tls,1351,benign
id_calib:5090,id_calib,fit,benign,processed/iotsim-combined-cycle-tls-5.csv,iotsim-combined-cycle-tls,1352,benign
id_calib:5091,id_calib,fit,benign,processed/iotsim-combined-cycle-tls-5.csv,iotsim-combined-cycle-tls,1353,benign
id_calib:5092,id_calib,fit,benign,processed/iotsim-combined-cycle-tls-5.csv,iotsim-combined-cycle-tls,1354,benign
id_calib:5093,id_calib,fit,benign,processed/iotsim-combined-cycle-tls-5.csv,iotsim-combined-cycle-tls,1355,benign
id_calib:5094,id_calib,fit,benign,processed/iotsim-combined-cycle-tls-5.csv,iotsim-combined-cycle-tls,1356,benign
id_calib:5095,id_calib,fit,benign,processed/iotsim-combined-cycle-tls-5.csv,iotsim-combined-cycle-tls,1357,benign
id_calib:5096,id_calib,fit,benign,processed/iotsim-combined-cycle-tls-5.csv,iotsim-combined-cycle-tls,1358,benign
id_calib:5097,id_calib,fit,benign,processed/iotsim-combined-cycle-tls-5.csv,iotsim-combined-cycle-tls,1359,benign
id_calib:5098,id_calib,fit,benign,processed/iotsim-combined-cycle-tls-5.csv,iotsim-combined-cycle-tls,1360,benign
id_calib:5099,id_calib,fit,benign,processed/iotsim-combined-cycle-tls-5.csv,iotsim-combined-cycle-tls,1361,benign
id_calib:5100,id_calib,fit,benign,processed/iotsim-combined-cycle-tls-5.csv,iotsim-combined-cycle-tls,1362,benign
id_calib:5101,id_calib,fit,benign,processed/iotsim-combined-cycle-tls-5.csv,iotsim-combined-cycle-tls,1363,benign
id_calib:5102,id_calib,fit,benign,processed/iotsim-combined-cycle-tls-5.csv,iotsim-combined-cycle-tls,1364,benign
id_calib:5103,id_calib,fit,benign,processed/iotsim-combined-cycle-tls-5.csv,iotsim-combined-cycle-tls,1365,benign
id_calib:5104,id_calib,fit,benign,processed/iotsim-combined-cycle-tls-5.csv,iotsim-combined-cycle-tls,1366,benign
id_calib:5105,id_calib,fit,benign,processed/iotsim-combined-cycle-tls-5.csv,iotsim-combined-cycle-tls,1367,benign
id_calib:5106,id_calib,fit,benign,processed/iotsim-combined-cycle-tls-5.csv,iotsim-combined-cycle-tls,1368,benign
id_calib:5107,id_calib,fit,benign,processed/iotsim-combined-cycle-tls-5.csv,iotsim-combined-cycle-tls,1369,benign
id_calib:5108,id_calib,fit,benign,processed/iotsim-combined-cycle-tls-5.csv,iotsim-combined-cycle-tls,1370,benign
id_calib:5109,id_calib,fit,benign,processed/iotsim-combined-cycle-tls-5.csv,iotsim-combined-cycle-tls,1371,benign
id_calib:5110,id_calib,fit,benign,processed/iotsim-combined-cycle-tls-5.csv,iotsim-combined-cycle-tls,1372,benign
id_calib:5111,id_calib,fit,benign,processed/iotsim-combined-cycle-tls-5.csv,iotsim-combined-cycle-tls,1373,benign
id_calib:5112,id_calib,fit,benign,processed/iotsim-combined-cycle-tls-5.csv,iotsim-combined-cycle-tls,1374,benign
id_calib:5113,id_calib,fit,benign,processed/iotsim-combined-cycle-tls-5.csv,iotsim-combined-cycle-tls,1375,benign
id_calib:5114,id_calib,fit,benign,processed/iotsim-combined-cycle-tls-5.csv,iotsim-combined-cycle-tls,1376,benign
id_calib:5115,id_calib,fit,benign,processed/iotsim-combined-cycle-tls-5.csv,iotsim-combined-cycle-tls,1377,benign
id_calib:5116,id_calib,fit,benign,processed/iotsim-combined-cycle-tls-5.csv,iotsim-combined-cycle-tls,1378,benign
id_calib:5117,id_calib,fit,benign,processed/iotsim-combined-cycle-tls-5.csv,iotsim-combined-cycle-tls,1379,benign
id_calib:5118,id_calib,fit,benign,processed/iotsim-combined-cycle-tls-5.csv,iotsim-combined-cycle-tls,1380,benign
id_calib:5119,id_calib,fit,benign,processed/iotsim-combined-cycle-tls-5.csv,iotsim-combined-cycle-tls,1381,benign
id_calib:5120,id_calib,fit,benign,processed/iotsim-combined-cycle-tls-5.csv,iotsim-combined-cycle-tls,1382,benign
id_calib:5121,id_calib,fit,benign,processed/iotsim-combined-cycle-tls-5.csv,iotsim-combined-cycle-tls,1383,benign
id_calib:5122,id_calib,fit,benign,processed/iotsim-combined-cycle-tls-5.csv,iotsim-combined-cycle-tls,1384,benign
id_calib:5123,id_calib,fit,benign,processed/iotsim-combined-cycle-tls-5.csv,iotsim-combined-cycle-tls,1385,benign
id_calib:5124,id_calib,fit,benign,processed/iotsim-combined-cycle-tls-5.csv,iotsim-combined-cycle-tls,1386,benign
id_calib:5125,id_calib,fit,benign,processed/iotsim-combined-cycle-tls-5.csv,iotsim-combined-cycle-tls,1387,benign
id_calib:5126,id_calib,fit,benign,processed/iotsim-combined-cycle-tls-5.csv,iotsim-combined-cycle-tls,1388,benign
id_calib:5127,id_calib,fit,benign,processed/iotsim-combined-cycle-tls-5.csv,iotsim-combined-cycle-tls,1389,benign
id_calib:5128,id_calib,fit,benign,processed/iotsim-combined-cycle-tls-5.csv,iotsim-combined-cycle-tls,1390,benign
id_calib:5129,id_calib,fit,benign,processed/iotsim-combined-cycle-tls-5.csv,iotsim-combined-cycle-tls,1391,benign
id_calib:5130,id_calib,fit,benign,processed/iotsim-combined-cycle-tls-5.csv,iotsim-combined-cycle-tls,1392,benign
id_calib:5131,id_calib,fit,benign,processed/iotsim-combined-cycle-tls-5.csv,iotsim-combined-cycle-tls,1393,benign
id_calib:5132,id_calib,fit,benign,processed/iotsim-combined-cycle-tls-5.csv,iotsim-combined-cycle-tls,1394,benign
id_calib:5133,id_calib,fit,benign,processed/iotsim-combined-cycle-tls-5.csv,iotsim-combined-cycle-tls,1395,benign
id_calib:5134,id_calib,fit,benign,processed/iotsim-combined-cycle-tls-5.csv,iotsim-combined-cycle-tls,1396,benign
id_calib:5135,id_calib,fit,benign,processed/iotsim-combined-cycle-tls-5.csv,iotsim-combined-cycle-tls,1397,benign
id_calib:5136,id_calib,fit,benign,processed/iotsim-combined-cycle-tls-5.csv,iotsim-combined-cycle-tls,1398,benign
id_calib:5137,id_calib,fit,benign,processed/iotsim-combined-cycle-tls-5.csv,iotsim-combined-cycle-tls,1399,benign
id_calib:5138,id_calib,fit,benign,processed/iotsim-combined-cycle-tls-5.csv,iotsim-combined-cycle-tls,1400,benign
id_calib:5139,id_calib,fit,benign,processed/iotsim-combined-cycle-tls-5.csv,iotsim-combined-cycle-tls,1401,benign
id_calib:5140,id_calib,fit,benign,processed/iotsim-combined-cycle-tls-5.csv,iotsim-combined-cycle-tls,1402,benign
id_calib:5141,id_calib,fit,benign,processed/iotsim-combined-cycle-tls-5.csv,iotsim-combined-cycle-tls,1403,benign
id_calib:5142,id_calib,fit,benign,processed/iotsim-combined-cycle-tls-5.csv,iotsim-combined-cycle-tls,1404,benign
id_calib:5143,id_calib,fit,benign,processed/iotsim-combined-cycle-tls-5.csv,iotsim-combined-cycle-tls,1405,benign
id_calib:5144,id_calib,fit,benign,processed/iotsim-combined-cycle-tls-5.csv,iotsim-combined-cycle-tls,1406,benign
id_calib:5145,id_calib,fit,benign,processed/iotsim-combined-cycle-tls-5.csv,iotsim-combined-cycle-tls,1407,benign
id_calib:5146,id_calib,fit,benign,processed/iotsim-combined-cycle-tls-5.csv,iotsim-combined-cycle-tls,1408,benign
id_calib:5147,id_calib,fit,benign,processed/iotsim-combined-cycle-tls-5.csv,iotsim-combined-cycle-tls,1409,benign
id_calib:5148,id_calib,fit,benign,processed/iotsim-combined-cycle-tls-5.csv,iotsim-combined-cycle-tls,1410,benign
id_calib:5149,id_calib,fit,benign,processed/iotsim-combined-cycle-tls-5.csv,iotsim-combined-cycle-tls,1411,benign
id_calib:5150,id_calib,fit,benign,processed/iotsim-combined-cycle-tls-5.csv,iotsim-combined-cycle-tls,1412,benign
id_calib:5151,id_calib,fit,benign,processed/iotsim-combined-cycle-tls-5.csv,iotsim-combined-cycle-tls,1413,benign
id_calib:5152,id_calib,fit,benign,processed/iotsim-combined-cycle-tls-5.csv,iotsim-combined-cycle-tls,1414,benign
id_calib:5153,id_calib,fit,benign,processed/iotsim-combined-cycle-tls-5.csv,iotsim-combined-cycle-tls,1415,benign
id_calib:5154,id_calib,fit,benign,processed/iotsim-combined-cycle-tls-5.csv,iotsim-combined-cycle-tls,1416,benign
id_calib:5155,id_calib,fit,benign,processed/iotsim-combined-cycle-tls-5.csv,iotsim-combined-cycle-tls,1417,benign
id_calib:5156,id_calib,fit,benign,processed/iotsim-combined-cycle-tls-5.csv,iotsim-combined-cycle-tls,1418,benign
id_calib:5157,id_calib,fit,benign,processed/iotsim-combined-cycle-tls-5.csv,iotsim-combined-cycle-tls,1419,benign
id_calib:5158,id_calib,fit,benign,processed/iotsim-combined-cycle-tls-5.csv,iotsim-combined-cycle-tls,1420,benign
id_calib:5159,id_calib,fit,benign,processed/iotsim-combined-cycle-tls-5.csv,iotsim-combined-cycle-tls,1421,benign
id_calib:5160,id_calib,fit,benign,processed/iotsim-combined-cycle-tls-5.csv,iotsim-combined-cycle-tls,1422,benign
id_calib:5161,id_calib,fit,benign,processed/iotsim-combined-cycle-tls-5.csv,iotsim-combined-cycle-tls,1423,benign
id_calib:5162,id_calib,fit,benign,processed/iotsim-combined-cycle-tls-5.csv,iotsim-combined-cycle-tls,1424,benign
id_calib:5163,id_calib,fit,benign,processed/iotsim-combined-cycle-tls-5.csv,iotsim-combined-cycle-tls,1425,benign
id_calib:5164,id_calib,fit,benign,processed/iotsim-combined-cycle-tls-5.csv,iotsim-combined-cycle-tls,1426,benign
id_calib:5165,id_calib,fit,benign,processed/iotsim-combined-cycle-tls-5.csv,iotsim-combined-cycle-tls,1427,benign
id_calib:5166,id_calib,fit,benign,processed/iotsim-combined-cycle-tls-5.csv,iotsim-combined-cycle-tls,1428,benign
id_calib:5167,id_calib,fit,benign,processed/iotsim-combined-cycle-tls-5.csv,iotsim-combined-cycle-tls,1429,benign
id_calib:5168,id_calib,fit,benign,processed/iotsim-combined-cycle-tls-5.csv,iotsim-combined-cycle-tls,1430,benign
id_calib:5169,id_calib,fit,benign,processed/iotsim-combined-cycle-tls-5.csv,iotsim-combined-cycle-tls,1431,benign
id_calib:5170,id_calib,fit,benign,processed/iotsim-combined-cycle-tls-5.csv,iotsim-combined-cycle-tls,1432,benign
id_calib:5171,id_calib,fit,benign,processed/iotsim-combined-cycle-tls-5.csv,iotsim-combined-cycle-tls,1433,benign
id_calib:5172,id_calib,fit,benign,processed/iotsim-combined-cycle-tls-5.csv,iotsim-combined-cycle-tls,1434,benign
id_calib:5173,id_calib,fit,benign,processed/iotsim-combined-cycle-tls-5.csv,iotsim-combined-cycle-tls,1435,benign
id_calib:5174,id_calib,fit,benign,processed/iotsim-combined-cycle-tls-5.csv,iotsim-combined-cycle-tls,1436,benign
id_calib:5175,id_calib,fit,benign,processed/iotsim-combined-cycle-tls-5.csv,iotsim-combined-cycle-tls,1437,benign
id_calib:5176,id_calib,fit,benign,processed/iotsim-combined-cycle-tls-5.csv,iotsim-combined-cycle-tls,1438,benign
id_calib:5177,id_calib,fit,benign,processed/iotsim-combined-cycle-tls-5.csv,iotsim-combined-cycle-tls,1439,benign
id_calib:5178,id_calib,fit,benign,processed/iotsim-combined-cycle-tls-5.csv,iotsim-combined-cycle-tls,1440,benign
id_calib:5179,id_calib,fit,benign,processed/iotsim-combined-cycle-tls-5.csv,iotsim-combined-cycle-tls,1441,benign
id_calib:5180,id_calib,fit,benign,processed/iotsim-combined-cycle-tls-5.csv,iotsim-combined-cycle-tls,1442,benign
id_calib:5181,id_calib,fit,benign,processed/iotsim-combined-cycle-tls-5.csv,iotsim-combined-cycle-tls,1443,benign
id_calib:5182,id_calib,fit,benign,processed/iotsim-combined-cycle-tls-5.csv,iotsim-combined-cycle-tls,1444,benign
id_calib:5183,id_calib,fit,benign,processed/iotsim-combined-cycle-tls-5.csv,iotsim-combined-cycle-tls,1445,benign
id_calib:5184,id_calib,fit,benign,processed/iotsim-combined-cycle-tls-5.csv,iotsim-combined-cycle-tls,1446,benign
id_calib:5185,id_calib,fit,benign,processed/iotsim-combined-cycle-tls-5.csv,iotsim-combined-cycle-tls,1447,benign
id_calib:5186,id_calib,fit,benign,processed/iotsim-combined-cycle-tls-5.csv,iotsim-combined-cycle-tls,1448,benign
id_calib:5187,id_calib,fit,benign,processed/iotsim-combined-cycle-tls-5.csv,iotsim-combined-cycle-tls,1449,benign
id_calib:5188,id_calib,fit,benign,processed/iotsim-combined-cycle-tls-5.csv,iotsim-combined-cycle-tls,1450,benign
id_calib:5189,id_calib,fit,benign,processed/iotsim-combined-cycle-tls-5.csv,iotsim-combined-cycle-tls,1451,benign
id_calib:5190,id_calib,fit,benign,processed/iotsim-combined-cycle-tls-5.csv,iotsim-combined-cycle-tls,1452,benign
id_calib:5191,id_calib,fit,benign,processed/iotsim-combined-cycle-tls-5.csv,iotsim-combined-cycle-tls,1453,benign
id_calib:5192,id_calib,fit,benign,processed/iotsim-combined-cycle-tls-5.csv,iotsim-combined-cycle-tls,1454,benign
id_calib:5193,id_calib,fit,benign,processed/iotsim-combined-cycle-tls-5.csv,iotsim-combined-cycle-tls,1455,benign
id_calib:5194,id_calib,fit,benign,processed/iotsim-combined-cycle-tls-5.csv,iotsim-combined-cycle-tls,1456,benign
id_calib:5195,id_calib,fit,benign,processed/iotsim-combined-cycle-tls-5.csv,iotsim-combined-cycle-tls,1457,benign
id_calib:5196,id_calib,fit,benign,processed/iotsim-combined-cycle-tls-5.csv,iotsim-combined-cycle-tls,1458,benign
id_calib:5197,id_calib,fit,benign,processed/iotsim-combined-cycle-tls-5.csv,iotsim-combined-cycle-tls,1459,benign
id_calib:5198,id_calib,fit,benign,processed/iotsim-combined-cycle-tls-5.csv,iotsim-combined-cycle-tls,1460,benign
id_calib:5199,id_calib,fit,benign,processed/iotsim-combined-cycle-tls-5.csv,iotsim-combined-cycle-tls,1461,benign
id_calib:5200,id_calib,fit,benign,processed/iotsim-combined-cycle-tls-5.csv,iotsim-combined-cycle-tls,1462,benign
id_calib:5201,id_calib,fit,benign,processed/iotsim-combined-cycle-tls-5.csv,iotsim-combined-cycle-tls,1463,benign
id_calib:5202,id_calib,fit,benign,processed/iotsim-combined-cycle-tls-5.csv,iotsim-combined-cycle-tls,1464,benign
id_calib:5203,id_calib,fit,benign,processed/iotsim-combined-cycle-tls-5.csv,iotsim-combined-cycle-tls,1465,benign
id_calib:5204,id_calib,fit,benign,processed/iotsim-combined-cycle-tls-5.csv,iotsim-combined-cycle-tls,1466,benign
id_calib:5205,id_calib,fit,benign,processed/iotsim-combined-cycle-tls-5.csv,iotsim-combined-cycle-tls,1467,benign
id_calib:5206,id_calib,fit,benign,processed/iotsim-combined-cycle-tls-5.csv,iotsim-combined-cycle-tls,1468,benign
id_calib:5207,id_calib,fit,benign,processed/iotsim-combined-cycle-tls-5.csv,iotsim-combined-cycle-tls,1469,benign
id_calib:5208,id_calib,fit,benign,processed/iotsim-combined-cycle-tls-5.csv,iotsim-combined-cycle-tls,1470,benign
id_calib:5209,id_calib,fit,benign,processed/iotsim-combined-cycle-tls-5.csv,iotsim-combined-cycle-tls,1471,benign
id_calib:5210,id_calib,fit,benign,processed/iotsim-combined-cycle-tls-5.csv,iotsim-combined-cycle-tls,1472,benign
id_calib:5211,id_calib,fit,benign,processed/iotsim-combined-cycle-tls-5.csv,iotsim-combined-cycle-tls,1473,benign
id_calib:5212,id_calib,fit,benign,processed/iotsim-combined-cycle-tls-5.csv,iotsim-combined-cycle-tls,1474,benign
id_calib:5213,id_calib,fit,benign,processed/iotsim-combined-cycle-tls-5.csv,iotsim-combined-cycle-tls,1475,benign
id_calib:5214,id_calib,fit,benign,processed/iotsim-combined-cycle-tls-5.csv,iotsim-combined-cycle-tls,1476,benign
id_calib:5215,id_calib,fit,benign,processed/iotsim-combined-cycle-tls-5.csv,iotsim-combined-cycle-tls,1477,benign
id_calib:5216,id_calib,fit,benign,processed/iotsim-combined-cycle-tls-5.csv,iotsim-combined-cycle-tls,1478,benign
id_calib:5217,id_calib,fit,benign,processed/iotsim-combined-cycle-tls-5.csv,iotsim-combined-cycle-tls,1479,benign
id_calib:5218,id_calib,fit,benign,processed/iotsim-combined-cycle-tls-5.csv,iotsim-combined-cycle-tls,1480,benign
id_calib:5219,id_calib,fit,benign,processed/iotsim-combined-cycle-tls-5.csv,iotsim-combined-cycle-tls,1481,benign
id_calib:5220,id_calib,fit,benign,processed/iotsim-combined-cycle-tls-5.csv,iotsim-combined-cycle-tls,1482,benign
id_calib:5221,id_calib,fit,benign,processed/iotsim-combined-cycle-tls-5.csv,iotsim-combined-cycle-tls,1483,benign
id_calib:5222,id_calib,fit,benign,processed/iotsim-combined-cycle-tls-5.csv,iotsim-combined-cycle-tls,1484,benign
id_calib:5223,id_calib,fit,benign,processed/iotsim-combined-cycle-tls-5.csv,iotsim-combined-cycle-tls,1485,benign
id_calib:5224,id_calib,fit,benign,processed/iotsim-combined-cycle-tls-5.csv,iotsim-combined-cycle-tls,1486,benign
id_calib:5225,id_calib,fit,benign,processed/iotsim-combined-cycle-tls-5.csv,iotsim-combined-cycle-tls,1487,benign
id_calib:5226,id_calib,fit,benign,processed/iotsim-combined-cycle-tls-5.csv,iotsim-combined-cycle-tls,1488,benign
id_calib:5227,id_calib,fit,benign,processed/iotsim-combined-cycle-tls-5.csv,iotsim-combined-cycle-tls,1489,benign
id_calib:5228,id_calib,fit,benign,processed/iotsim-combined-cycle-tls-5.csv,iotsim-combined-cycle-tls,1490,benign
id_calib:5229,id_calib,fit,benign,processed/iotsim-combined-cycle-tls-5.csv,iotsim-combined-cycle-tls,1491,benign
id_calib:5230,id_calib,fit,benign,processed/iotsim-combined-cycle-tls-5.csv,iotsim-combined-cycle-tls,1492,benign
id_calib:5231,id_calib,fit,benign,processed/iotsim-combined-cycle-tls-5.csv,iotsim-combined-cycle-tls,1493,benign
id_calib:5232,id_calib,fit,benign,processed/iotsim-combined-cycle-tls-5.csv,iotsim-combined-cycle-tls,1494,benign
id_calib:5233,id_calib,fit,benign,processed/iotsim-combined-cycle-tls-5.csv,iotsim-combined-cycle-tls,1495,benign
id_calib:5234,id_calib,fit,benign,processed/iotsim-combined-cycle-tls-5.csv,iotsim-combined-cycle-tls,1496,benign
id_calib:5235,id_calib,fit,benign,processed/iotsim-combined-cycle-tls-5.csv,iotsim-combined-cycle-tls,1497,benign
id_calib:5236,id_calib,fit,benign,processed/iotsim-combined-cycle-tls-5.csv,iotsim-combined-cycle-tls,1498,benign
id_calib:5237,id_calib,fit,benign,processed/iotsim-combined-cycle-tls-5.csv,iotsim-combined-cycle-tls,1499,benign
id_calib:5238,id_calib,fit,benign,processed/iotsim-combined-cycle-tls-5.csv,iotsim-combined-cycle-tls,1500,benign
id_calib:5239,id_calib,fit,benign,processed/iotsim-combined-cycle-tls-5.csv,iotsim-combined-cycle-tls,1501,benign
id_calib:5240,id_calib,fit,benign,processed/iotsim-combined-cycle-tls-5.csv,iotsim-combined-cycle-tls,1502,benign
id_calib:5241,id_calib,fit,benign,processed/iotsim-combined-cycle-tls-5.csv,iotsim-combined-cycle-tls,1503,benign
id_calib:5242,id_calib,fit,benign,processed/iotsim-combined-cycle-tls-5.csv,iotsim-combined-cycle-tls,1504,benign
id_calib:5243,id_calib,fit,benign,processed/iotsim-combined-cycle-tls-5.csv,iotsim-combined-cycle-tls,1505,benign
id_calib:5244,id_calib,fit,benign,processed/iotsim-combined-cycle-tls-5.csv,iotsim-combined-cycle-tls,1506,benign
id_calib:5245,id_calib,fit,benign,processed/iotsim-combined-cycle-tls-5.csv,iotsim-combined-cycle-tls,1507,benign
id_calib:5246,id_calib,fit,benign,processed/iotsim-combined-cycle-tls-5.csv,iotsim-combined-cycle-tls,1508,benign
id_calib:5247,id_calib,fit,benign,processed/iotsim-combined-cycle-tls-5.csv,iotsim-combined-cycle-tls,1509,benign
id_calib:5248,id_calib,fit,benign,processed/iotsim-combined-cycle-tls-5.csv,iotsim-combined-cycle-tls,1510,benign
id_calib:5249,id_calib,fit,benign,processed/iotsim-combined-cycle-tls-5.csv,iotsim-combined-cycle-tls,1511,benign
id_calib:5250,id_calib,fit,benign,processed/iotsim-combined-cycle-tls-5.csv,iotsim-combined-cycle-tls,1512,benign
id_calib:5251,id_calib,fit,benign,processed/iotsim-combined-cycle-tls-5.csv,iotsim-combined-cycle-tls,1513,benign
id_calib:5252,id_calib,fit,benign,processed/iotsim-combined-cycle-tls-5.csv,iotsim-combined-cycle-tls,1514,benign
id_calib:5253,id_calib,fit,benign,processed/iotsim-combined-cycle-tls-5.csv,iotsim-combined-cycle-tls,1515,benign
id_calib:5254,id_calib,fit,benign,processed/iotsim-combined-cycle-tls-5.csv,iotsim-combined-cycle-tls,1516,benign
id_calib:5255,id_calib,fit,benign,processed/iotsim-combined-cycle-tls-5.csv,iotsim-combined-cycle-tls,1517,benign
id_calib:5256,id_calib,fit,benign,processed/iotsim-combined-cycle-tls-5.csv,iotsim-combined-cycle-tls,1518,benign
id_calib:5257,id_calib,fit,benign,processed/iotsim-combined-cycle-tls-5.csv,iotsim-combined-cycle-tls,1519,benign
id_calib:5258,id_calib,fit,benign,processed/iotsim-combined-cycle-tls-5.csv,iotsim-combined-cycle-tls,1520,benign
id_calib:5259,id_calib,fit,benign,processed/iotsim-combined-cycle-tls-5.csv,iotsim-combined-cycle-tls,1521,benign
id_calib:5260,id_calib,fit,benign,processed/iotsim-combined-cycle-tls-5.csv,iotsim-combined-cycle-tls,1522,benign
id_calib:5261,id_calib,fit,benign,processed/iotsim-combined-cycle-tls-5.csv,iotsim-combined-cycle-tls,1523,benign
id_calib:5262,id_calib,fit,benign,processed/iotsim-combined-cycle-tls-5.csv,iotsim-combined-cycle-tls,1524,benign
id_calib:5263,id_calib,fit,benign,processed/iotsim-combined-cycle-tls-5.csv,iotsim-combined-cycle-tls,1525,benign
id_calib:5264,id_calib,fit,benign,processed/iotsim-combined-cycle-tls-5.csv,iotsim-combined-cycle-tls,1526,benign
id_calib:5265,id_calib,fit,benign,processed/iotsim-combined-cycle-tls-5.csv,iotsim-combined-cycle-tls,1527,benign
id_calib:5266,id_calib,fit,benign,processed/iotsim-combined-cycle-tls-5.csv,iotsim-combined-cycle-tls,1528,benign
id_calib:5267,id_calib,fit,benign,processed/iotsim-combined-cycle-tls-5.csv,iotsim-combined-cycle-tls,1529,benign
id_calib:5268,id_calib,fit,benign,processed/iotsim-combined-cycle-tls-5.csv,iotsim-combined-cycle-tls,1530,benign
id_calib:5269,id_calib,fit,benign,processed/iotsim-combined-cycle-tls-5.csv,iotsim-combined-cycle-tls,1531,benign
id_calib:5270,id_calib,fit,benign,processed/iotsim-combined-cycle-tls-5.csv,iotsim-combined-cycle-tls,1532,benign
id_calib:5271,id_calib,fit,benign,processed/iotsim-combined-cycle-tls-5.csv,iotsim-combined-cycle-tls,1533,benign
id_calib:5272,id_calib,fit,benign,processed/iotsim-combined-cycle-tls-5.csv,iotsim-combined-cycle-tls,1534,benign
id_calib:5273,id_calib,fit,benign,processed/iotsim-combined-cycle-tls-5.csv,iotsim-combined-cycle-tls,1535,benign
id_calib:5274,id_calib,fit,benign,processed/iotsim-combined-cycle-tls-5.csv,iotsim-combined-cycle-tls,1536,benign
id_calib:5275,id_calib,fit,benign,processed/iotsim-combined-cycle-tls-5.csv,iotsim-combined-cycle-tls,1537,benign
id_calib:5276,id_calib,fit,benign,processed/iotsim-combined-cycle-tls-5.csv,iotsim-combined-cycle-tls,1538,benign
id_calib:5277,id_calib,fit,benign,processed/iotsim-combined-cycle-tls-5.csv,iotsim-combined-cycle-tls,1539,benign
id_calib:5278,id_calib,fit,benign,processed/iotsim-combined-cycle-tls-5.csv,iotsim-combined-cycle-tls,1540,benign
id_calib:5279,id_calib,fit,benign,processed/iotsim-combined-cycle-tls-5.csv,iotsim-combined-cycle-tls,1541,benign
id_calib:5280,id_calib,fit,benign,processed/iotsim-combined-cycle-tls-5.csv,iotsim-combined-cycle-tls,1542,benign
id_calib:5281,id_calib,fit,benign,processed/iotsim-combined-cycle-tls-5.csv,iotsim-combined-cycle-tls,1543,benign
id_calib:5282,id_calib,fit,benign,processed/iotsim-combined-cycle-tls-5.csv,iotsim-combined-cycle-tls,1544,benign
id_calib:5283,id_calib,fit,benign,processed/iotsim-combined-cycle-tls-5.csv,iotsim-combined-cycle-tls,1545,benign
id_calib:5284,id_calib,fit,benign,processed/iotsim-combined-cycle-tls-5.csv,iotsim-combined-cycle-tls,1546,benign
id_calib:5285,id_calib,fit,benign,processed/iotsim-combined-cycle-tls-5.csv,iotsim-combined-cycle-tls,1547,benign
id_calib:5286,id_calib,fit,benign,processed/iotsim-combined-cycle-tls-5.csv,iotsim-combined-cycle-tls,1548,benign
id_calib:5287,id_calib,fit,benign,processed/iotsim-combined-cycle-tls-5.csv,iotsim-combined-cycle-tls,1549,benign
id_calib:5288,id_calib,fit,benign,processed/iotsim-combined-cycle-tls-5.csv,iotsim-combined-cycle-tls,1550,benign
id_calib:5289,id_calib,fit,benign,processed/iotsim-combined-cycle-tls-5.csv,iotsim-combined-cycle-tls,1551,benign
id_calib:5290,id_calib,fit,benign,processed/iotsim-combined-cycle-tls-5.csv,iotsim-combined-cycle-tls,1552,benign
id_calib:5291,id_calib,fit,benign,processed/iotsim-combined-cycle-tls-5.csv,iotsim-combined-cycle-tls,1553,benign
id_calib:5292,id_calib,fit,benign,processed/iotsim-combined-cycle-tls-5.csv,iotsim-combined-cycle-tls,1554,benign
id_calib:5293,id_calib,fit,benign,processed/iotsim-combined-cycle-tls-5.csv,iotsim-combined-cycle-tls,1555,benign
id_calib:5294,id_calib,fit,benign,processed/iotsim-combined-cycle-tls-5.csv,iotsim-combined-cycle-tls,1556,benign
id_calib:5295,id_calib,fit,benign,processed/iotsim-combined-cycle-tls-5.csv,iotsim-combined-cycle-tls,1557,benign
id_calib:5296,id_calib,fit,benign,processed/iotsim-combined-cycle-tls-5.csv,iotsim-combined-cycle-tls,1558,benign
id_calib:5297,id_calib,fit,benign,processed/iotsim-combined-cycle-tls-5.csv,iotsim-combined-cycle-tls,1559,benign
id_calib:5298,id_calib,fit,benign,processed/iotsim-combined-cycle-tls-5.csv,iotsim-combined-cycle-tls,1560,benign
id_calib:5299,id_calib,fit,benign,processed/iotsim-combined-cycle-tls-5.csv,iotsim-combined-cycle-tls,1561,benign
id_calib:5300,id_calib,fit,benign,processed/iotsim-combined-cycle-tls-5.csv,iotsim-combined-cycle-tls,1562,benign
id_calib:5301,id_calib,fit,benign,processed/iotsim-combined-cycle-tls-5.csv,iotsim-combined-cycle-tls,1563,benign
id_calib:5302,id_calib,fit,benign,processed/iotsim-combined-cycle-tls-5.csv,iotsim-combined-cycle-tls,1564,benign
id_calib:5303,id_calib,fit,benign,processed/iotsim-combined-cycle-tls-5.csv,iotsim-combined-cycle-tls,1565,benign
id_calib:5304,id_calib,fit,benign,processed/iotsim-combined-cycle-tls-5.csv,iotsim-combined-cycle-tls,1566,benign
id_calib:5305,id_calib,fit,benign,processed/iotsim-combined-cycle-tls-5.csv,iotsim-combined-cycle-tls,1567,benign
id_calib:5306,id_calib,fit,benign,processed/iotsim-combined-cycle-tls-5.csv,iotsim-combined-cycle-tls,1568,benign
id_calib:5307,id_calib,fit,benign,processed/iotsim-combined-cycle-tls-5.csv,iotsim-combined-cycle-tls,1569,benign
id_calib:5308,id_calib,fit,benign,processed/iotsim-combined-cycle-tls-5.csv,iotsim-combined-cycle-tls,1570,benign
id_calib:5309,id_calib,fit,benign,processed/iotsim-combined-cycle-tls-5.csv,iotsim-combined-cycle-tls,1571,benign
id_calib:5310,id_calib,fit,benign,processed/iotsim-combined-cycle-tls-5.csv,iotsim-combined-cycle-tls,1572,benign
id_calib:5311,id_calib,fit,benign,processed/iotsim-combined-cycle-tls-5.csv,iotsim-combined-cycle-tls,1573,benign
id_calib:5312,id_calib,fit,benign,processed/iotsim-combined-cycle-tls-5.csv,iotsim-combined-cycle-tls,1574,benign
id_calib:5313,id_calib,fit,benign,processed/iotsim-combined-cycle-tls-5.csv,iotsim-combined-cycle-tls,1575,benign
id_calib:5314,id_calib,fit,benign,processed/iotsim-combined-cycle-tls-5.csv,iotsim-combined-cycle-tls,1576,benign
id_calib:5315,id_calib,fit,benign,processed/iotsim-combined-cycle-tls-5.csv,iotsim-combined-cycle-tls,1577,benign
id_calib:5316,id_calib,fit,benign,processed/iotsim-combined-cycle-tls-5.csv,iotsim-combined-cycle-tls,1578,benign
id_calib:5317,id_calib,fit,benign,processed/iotsim-combined-cycle-tls-5.csv,iotsim-combined-cycle-tls,1579,benign
id_calib:5318,id_calib,fit,benign,processed/iotsim-combined-cycle-tls-5.csv,iotsim-combined-cycle-tls,1580,benign
id_calib:5319,id_calib,fit,benign,processed/iotsim-combined-cycle-tls-5.csv,iotsim-combined-cycle-tls,1581,benign
id_calib:5320,id_calib,fit,benign,processed/iotsim-combined-cycle-tls-5.csv,iotsim-combined-cycle-tls,1582,benign
id_calib:5321,id_calib,fit,benign,processed/iotsim-combined-cycle-tls-5.csv,iotsim-combined-cycle-tls,1583,benign
id_calib:5322,id_calib,fit,benign,processed/iotsim-combined-cycle-tls-5.csv,iotsim-combined-cycle-tls,1584,benign
id_calib:5323,id_calib,fit,benign,processed/iotsim-combined-cycle-tls-5.csv,iotsim-combined-cycle-tls,1585,benign
id_calib:5324,id_calib,fit,benign,processed/iotsim-combined-cycle-tls-5.csv,iotsim-combined-cycle-tls,1586,benign
id_calib:5325,id_calib,fit,benign,processed/iotsim-combined-cycle-tls-5.csv,iotsim-combined-cycle-tls,1587,benign
id_calib:5326,id_calib,fit,benign,processed/iotsim-combined-cycle-tls-5.csv,iotsim-combined-cycle-tls,1588,benign
id_calib:5327,id_calib,fit,benign,processed/iotsim-combined-cycle-tls-5.csv,iotsim-combined-cycle-tls,1589,benign
id_calib:5328,id_calib,fit,benign,processed/iotsim-combined-cycle-tls-5.csv,iotsim-combined-cycle-tls,1590,benign
id_calib:5329,id_calib,fit,benign,processed/iotsim-combined-cycle-tls-5.csv,iotsim-combined-cycle-tls,1591,benign
id_calib:5330,id_calib,fit,benign,processed/iotsim-combined-cycle-tls-5.csv,iotsim-combined-cycle-tls,1592,benign
id_calib:5331,id_calib,fit,benign,processed/iotsim-combined-cycle-tls-5.csv,iotsim-combined-cycle-tls,1593,benign
id_calib:5332,id_calib,fit,benign,processed/iotsim-combined-cycle-tls-5.csv,iotsim-combined-cycle-tls,1594,benign
id_calib:5333,id_calib,fit,benign,processed/iotsim-combined-cycle-tls-5.csv,iotsim-combined-cycle-tls,1595,benign
id_calib:5334,id_calib,fit,benign,processed/iotsim-combined-cycle-tls-5.csv,iotsim-combined-cycle-tls,1596,benign
id_calib:5335,id_calib,fit,benign,processed/iotsim-combined-cycle-tls-5.csv,iotsim-combined-cycle-tls,1597,benign
id_calib:5336,id_calib,fit,benign,processed/iotsim-combined-cycle-tls-5.csv,iotsim-combined-cycle-tls,1598,benign
id_calib:5337,id_calib,fit,benign,processed/iotsim-combined-cycle-tls-5.csv,iotsim-combined-cycle-tls,1599,benign
id_calib:5338,id_calib,fit,benign,processed/iotsim-combined-cycle-tls-5.csv,iotsim-combined-cycle-tls,1600,benign
id_calib:5339,id_calib,fit,benign,processed/iotsim-combined-cycle-tls-5.csv,iotsim-combined-cycle-tls,1601,benign
id_calib:5340,id_calib,fit,benign,processed/iotsim-combined-cycle-tls-5.csv,iotsim-combined-cycle-tls,1602,benign
id_calib:5341,id_calib,fit,benign,processed/iotsim-combined-cycle-tls-5.csv,iotsim-combined-cycle-tls,1603,benign
id_calib:5342,id_calib,fit,benign,processed/iotsim-combined-cycle-tls-5.csv,iotsim-combined-cycle-tls,1604,benign
id_calib:5343,id_calib,fit,benign,processed/iotsim-combined-cycle-tls-5.csv,iotsim-combined-cycle-tls,1605,benign
id_calib:5344,id_calib,fit,benign,processed/iotsim-combined-cycle-tls-5.csv,iotsim-combined-cycle-tls,1606,benign
id_calib:5345,id_calib,fit,benign,processed/iotsim-combined-cycle-tls-5.csv,iotsim-combined-cycle-tls,1607,benign
id_calib:5346,id_calib,fit,benign,processed/iotsim-combined-cycle-tls-5.csv,iotsim-combined-cycle-tls,1608,benign
id_calib:5347,id_calib,fit,benign,processed/iotsim-combined-cycle-tls-5.csv,iotsim-combined-cycle-tls,1609,benign
id_calib:5348,id_calib,fit,benign,processed/iotsim-combined-cycle-tls-5.csv,iotsim-combined-cycle-tls,1610,benign
id_calib:5349,id_calib,fit,benign,processed/iotsim-combined-cycle-tls-5.csv,iotsim-combined-cycle-tls,1611,benign
id_calib:5350,id_calib,fit,benign,processed/iotsim-combined-cycle-tls-5.csv,iotsim-combined-cycle-tls,1612,benign
id_calib:5351,id_calib,fit,benign,processed/iotsim-combined-cycle-tls-5.csv,iotsim-combined-cycle-tls,1613,benign
id_calib:5352,id_calib,fit,benign,processed/iotsim-combined-cycle-tls-5.csv,iotsim-combined-cycle-tls,1614,benign
id_calib:5353,id_calib,fit,benign,processed/iotsim-combined-cycle-tls-5.csv,iotsim-combined-cycle-tls,1615,benign
id_calib:5354,id_calib,fit,benign,processed/iotsim-combined-cycle-tls-5.csv,iotsim-combined-cycle-tls,1616,benign
id_calib:5355,id_calib,fit,benign,processed/iotsim-combined-cycle-tls-5.csv,iotsim-combined-cycle-tls,1617,benign
id_calib:5356,id_calib,fit,benign,processed/iotsim-combined-cycle-tls-5.csv,iotsim-combined-cycle-tls,1618,benign
id_calib:5357,id_calib,fit,benign,processed/iotsim-combined-cycle-tls-5.csv,iotsim-combined-cycle-tls,1619,benign
id_calib:5358,id_calib,fit,benign,processed/iotsim-combined-cycle-tls-5.csv,iotsim-combined-cycle-tls,1620,benign
id_calib:5359,id_calib,fit,benign,processed/iotsim-combined-cycle-tls-5.csv,iotsim-combined-cycle-tls,1621,benign
id_calib:5360,id_calib,fit,benign,processed/iotsim-combined-cycle-tls-5.csv,iotsim-combined-cycle-tls,1622,benign
id_calib:5361,id_calib,fit,benign,processed/iotsim-combined-cycle-tls-5.csv,iotsim-combined-cycle-tls,1623,benign
id_calib:5362,id_calib,fit,benign,processed/iotsim-combined-cycle-tls-5.csv,iotsim-combined-cycle-tls,1624,benign
id_calib:5363,id_calib,fit,benign,processed/iotsim-combined-cycle-tls-5.csv,iotsim-combined-cycle-tls,1625,benign
id_calib:5364,id_calib,fit,benign,processed/iotsim-combined-cycle-tls-5.csv,iotsim-combined-cycle-tls,1626,benign
id_calib:5365,id_calib,fit,benign,processed/iotsim-combined-cycle-tls-5.csv,iotsim-combined-cycle-tls,1627,benign
id_calib:5366,id_calib,fit,benign,processed/iotsim-combined-cycle-tls-5.csv,iotsim-combined-cycle-tls,1628,benign
id_calib:5367,id_calib,fit,benign,processed/iotsim-combined-cycle-tls-5.csv,iotsim-combined-cycle-tls,1629,benign
id_calib:5368,id_calib,fit,benign,processed/iotsim-combined-cycle-tls-5.csv,iotsim-combined-cycle-tls,1630,benign
id_calib:5369,id_calib,fit,benign,processed/iotsim-combined-cycle-tls-5.csv,iotsim-combined-cycle-tls,1631,benign
id_calib:5370,id_calib,fit,benign,processed/iotsim-combined-cycle-tls-5.csv,iotsim-combined-cycle-tls,1632,benign
id_calib:5371,id_calib,fit,benign,processed/iotsim-combined-cycle-tls-5.csv,iotsim-combined-cycle-tls,1633,benign
id_calib:5372,id_calib,fit,benign,processed/iotsim-combined-cycle-tls-5.csv,iotsim-combined-cycle-tls,1634,benign
id_calib:5373,id_calib,fit,benign,processed/iotsim-combined-cycle-tls-5.csv,iotsim-combined-cycle-tls,1635,benign
id_calib:5374,id_calib,fit,benign,processed/iotsim-combined-cycle-tls-5.csv,iotsim-combined-cycle-tls,1636,benign
id_calib:5375,id_calib,fit,benign,processed/iotsim-combined-cycle-tls-5.csv,iotsim-combined-cycle-tls,1637,benign
id_calib:5376,id_calib,fit,benign,processed/iotsim-combined-cycle-tls-5.csv,iotsim-combined-cycle-tls,1638,benign
id_calib:5377,id_calib,fit,benign,processed/iotsim-combined-cycle-tls-5.csv,iotsim-combined-cycle-tls,1639,benign
id_calib:5378,id_calib,fit,benign,processed/iotsim-combined-cycle-tls-5.csv,iotsim-combined-cycle-tls,1640,benign
id_calib:5379,id_calib,fit,benign,processed/iotsim-combined-cycle-tls-5.csv,iotsim-combined-cycle-tls,1641,benign
id_calib:5380,id_calib,fit,benign,processed/iotsim-combined-cycle-tls-5.csv,iotsim-combined-cycle-tls,1642,benign
id_calib:5381,id_calib,fit,benign,processed/iotsim-combined-cycle-tls-5.csv,iotsim-combined-cycle-tls,1643,benign
id_calib:5382,id_calib,fit,benign,processed/iotsim-combined-cycle-tls-5.csv,iotsim-combined-cycle-tls,1644,benign
id_calib:5383,id_calib,fit,benign,processed/iotsim-combined-cycle-tls-5.csv,iotsim-combined-cycle-tls,1645,benign
id_calib:5384,id_calib,fit,benign,processed/iotsim-combined-cycle-tls-5.csv,iotsim-combined-cycle-tls,1646,benign
id_calib:5385,id_calib,fit,benign,processed/iotsim-combined-cycle-tls-5.csv,iotsim-combined-cycle-tls,1647,benign
id_calib:5386,id_calib,fit,benign,processed/iotsim-combined-cycle-tls-5.csv,iotsim-combined-cycle-tls,1648,benign
id_calib:5387,id_calib,fit,benign,processed/iotsim-combined-cycle-tls-5.csv,iotsim-combined-cycle-tls,1649,benign
id_calib:5388,id_calib,fit,benign,processed/iotsim-combined-cycle-tls-5.csv,iotsim-combined-cycle-tls,1650,benign
id_calib:5389,id_calib,fit,benign,processed/iotsim-combined-cycle-tls-5.csv,iotsim-combined-cycle-tls,1651,benign
id_calib:5390,id_calib,fit,benign,processed/iotsim-combined-cycle-tls-5.csv,iotsim-combined-cycle-tls,1652,benign
id_calib:5391,id_calib,fit,benign,processed/iotsim-combined-cycle-tls-5.csv,iotsim-combined-cycle-tls,1653,benign
id_calib:5392,id_calib,fit,benign,processed/iotsim-combined-cycle-tls-5.csv,iotsim-combined-cycle-tls,1654,benign
id_calib:5393,id_calib,fit,benign,processed/iotsim-combined-cycle-tls-5.csv,iotsim-combined-cycle-tls,1655,benign
id_calib:5394,id_calib,fit,benign,processed/iotsim-combined-cycle-tls-5.csv,iotsim-combined-cycle-tls,1656,benign
id_calib:5395,id_calib,fit,benign,processed/iotsim-combined-cycle-tls-5.csv,iotsim-combined-cycle-tls,1657,benign
id_calib:5396,id_calib,fit,benign,processed/iotsim-combined-cycle-tls-5.csv,iotsim-combined-cycle-tls,1658,benign
id_calib:5397,id_calib,fit,benign,processed/iotsim-combined-cycle-tls-5.csv,iotsim-combined-cycle-tls,1659,benign
id_calib:5398,id_calib,fit,benign,processed/iotsim-combined-cycle-tls-5.csv,iotsim-combined-cycle-tls,1660,benign
id_calib:5399,id_calib,fit,benign,processed/iotsim-combined-cycle-tls-5.csv,iotsim-combined-cycle-tls,1661,benign
id_calib:5400,id_calib,fit,benign,processed/iotsim-combined-cycle-tls-5.csv,iotsim-combined-cycle-tls,1662,benign
id_calib:5401,id_calib,fit,benign,processed/iotsim-combined-cycle-tls-5.csv,iotsim-combined-cycle-tls,1663,benign
id_calib:5402,id_calib,fit,benign,processed/iotsim-combined-cycle-tls-5.csv,iotsim-combined-cycle-tls,1664,benign
id_calib:5403,id_calib,fit,benign,processed/iotsim-combined-cycle-tls-5.csv,iotsim-combined-cycle-tls,1665,benign
id_calib:5404,id_calib,fit,benign,processed/iotsim-combined-cycle-tls-5.csv,iotsim-combined-cycle-tls,1666,benign
id_calib:5405,id_calib,fit,benign,processed/iotsim-combined-cycle-tls-5.csv,iotsim-combined-cycle-tls,1667,benign
id_calib:5406,id_calib,fit,benign,processed/iotsim-combined-cycle-tls-5.csv,iotsim-combined-cycle-tls,1668,benign
id_calib:5407,id_calib,fit,benign,processed/iotsim-combined-cycle-tls-5.csv,iotsim-combined-cycle-tls,1669,benign
id_calib:5408,id_calib,fit,benign,processed/iotsim-combined-cycle-tls-5.csv,iotsim-combined-cycle-tls,1670,benign
id_calib:5409,id_calib,fit,benign,processed/iotsim-combined-cycle-tls-5.csv,iotsim-combined-cycle-tls,1671,benign
id_calib:5410,id_calib,fit,benign,processed/iotsim-combined-cycle-tls-5.csv,iotsim-combined-cycle-tls,1672,benign
id_calib:5411,id_calib,fit,benign,processed/iotsim-combined-cycle-tls-5.csv,iotsim-combined-cycle-tls,1673,benign
id_calib:5412,id_calib,fit,benign,processed/iotsim-combined-cycle-tls-5.csv,iotsim-combined-cycle-tls,1674,benign
id_calib:5413,id_calib,fit,benign,processed/iotsim-combined-cycle-tls-5.csv,iotsim-combined-cycle-tls,1675,benign
id_calib:5414,id_calib,fit,benign,processed/iotsim-combined-cycle-tls-5.csv,iotsim-combined-cycle-tls,1676,benign
id_calib:5415,id_calib,fit,benign,processed/iotsim-combined-cycle-tls-5.csv,iotsim-combined-cycle-tls,1677,benign
id_calib:5416,id_calib,fit,benign,processed/iotsim-combined-cycle-tls-5.csv,iotsim-combined-cycle-tls,1678,benign
id_calib:5417,id_calib,fit,benign,processed/iotsim-combined-cycle-tls-5.csv,iotsim-combined-cycle-tls,1679,benign
id_calib:5418,id_calib,fit,benign,processed/iotsim-combined-cycle-tls-5.csv,iotsim-combined-cycle-tls,1680,benign
id_calib:5419,id_calib,fit,benign,processed/iotsim-combined-cycle-tls-5.csv,iotsim-combined-cycle-tls,1681,benign
id_calib:5420,id_calib,fit,benign,processed/iotsim-combined-cycle-tls-5.csv,iotsim-combined-cycle-tls,1682,benign
id_calib:5421,id_calib,fit,benign,processed/iotsim-combined-cycle-tls-5.csv,iotsim-combined-cycle-tls,1683,benign
id_calib:5422,id_calib,fit,benign,processed/iotsim-combined-cycle-tls-5.csv,iotsim-combined-cycle-tls,1684,benign
id_calib:5423,id_calib,fit,benign,processed/iotsim-combined-cycle-tls-5.csv,iotsim-combined-cycle-tls,1685,benign
id_calib:5424,id_calib,fit,benign,processed/iotsim-combined-cycle-tls-5.csv,iotsim-combined-cycle-tls,1686,benign
id_calib:5425,id_calib,fit,benign,processed/iotsim-combined-cycle-tls-5.csv,iotsim-combined-cycle-tls,1687,benign
id_calib:5426,id_calib,fit,benign,processed/iotsim-combined-cycle-tls-5.csv,iotsim-combined-cycle-tls,1688,benign
id_calib:5427,id_calib,fit,benign,processed/iotsim-combined-cycle-tls-5.csv,iotsim-combined-cycle-tls,1689,benign
id_calib:5428,id_calib,fit,benign,processed/iotsim-combined-cycle-tls-5.csv,iotsim-combined-cycle-tls,1690,benign
id_calib:5429,id_calib,fit,benign,processed/iotsim-combined-cycle-tls-5.csv,iotsim-combined-cycle-tls,1691,benign
id_calib:5430,id_calib,fit,benign,processed/iotsim-combined-cycle-tls-5.csv,iotsim-combined-cycle-tls,1692,benign
id_calib:5431,id_calib,fit,benign,processed/iotsim-combined-cycle-tls-5.csv,iotsim-combined-cycle-tls,1693,benign
id_calib:5432,id_calib,fit,benign,processed/iotsim-combined-cycle-tls-5.csv,iotsim-combined-cycle-tls,1694,benign
id_calib:5433,id_calib,fit,benign,processed/iotsim-combined-cycle-tls-5.csv,iotsim-combined-cycle-tls,1695,benign
id_calib:5434,id_calib,fit,benign,processed/iotsim-combined-cycle-tls-5.csv,iotsim-combined-cycle-tls,1696,benign
id_calib:5435,id_calib,fit,benign,processed/iotsim-combined-cycle-tls-5.csv,iotsim-combined-cycle-tls,1697,benign
id_calib:5436,id_calib,fit,benign,processed/iotsim-combined-cycle-tls-5.csv,iotsim-combined-cycle-tls,1698,benign
id_calib:5437,id_calib,fit,benign,processed/iotsim-combined-cycle-tls-5.csv,iotsim-combined-cycle-tls,1699,benign
id_calib:5438,id_calib,fit,benign,processed/iotsim-combined-cycle-tls-5.csv,iotsim-combined-cycle-tls,1700,benign
id_calib:5439,id_calib,fit,benign,processed/iotsim-combined-cycle-tls-5.csv,iotsim-combined-cycle-tls,1701,benign
id_calib:5440,id_calib,fit,benign,processed/iotsim-combined-cycle-tls-5.csv,iotsim-combined-cycle-tls,1702,benign
id_calib:5441,id_calib,fit,benign,processed/iotsim-combined-cycle-tls-5.csv,iotsim-combined-cycle-tls,1703,benign
id_calib:5442,id_calib,fit,benign,processed/iotsim-combined-cycle-tls-5.csv,iotsim-combined-cycle-tls,1704,benign
id_calib:5443,id_calib,fit,benign,processed/iotsim-combined-cycle-tls-5.csv,iotsim-combined-cycle-tls,1705,benign
id_calib:5444,id_calib,fit,benign,processed/iotsim-combined-cycle-tls-5.csv,iotsim-combined-cycle-tls,1706,benign
id_calib:5445,id_calib,fit,benign,processed/iotsim-combined-cycle-tls-5.csv,iotsim-combined-cycle-tls,1707,benign
id_calib:5446,id_calib,fit,benign,processed/iotsim-combined-cycle-tls-5.csv,iotsim-combined-cycle-tls,1708,benign
id_calib:5447,id_calib,fit,benign,processed/iotsim-combined-cycle-tls-5.csv,iotsim-combined-cycle-tls,1709,benign
id_calib:5448,id_calib,fit,benign,processed/iotsim-combined-cycle-tls-5.csv,iotsim-combined-cycle-tls,1710,benign
id_calib:5449,id_calib,fit,benign,processed/iotsim-combined-cycle-tls-5.csv,iotsim-combined-cycle-tls,1711,benign
id_calib:5450,id_calib,fit,benign,processed/iotsim-combined-cycle-tls-5.csv,iotsim-combined-cycle-tls,1712,benign
id_calib:5451,id_calib,fit,benign,processed/iotsim-combined-cycle-tls-5.csv,iotsim-combined-cycle-tls,1713,benign
id_calib:5452,id_calib,fit,benign,processed/iotsim-combined-cycle-tls-5.csv,iotsim-combined-cycle-tls,1714,benign
id_calib:5453,id_calib,fit,benign,processed/iotsim-combined-cycle-tls-5.csv,iotsim-combined-cycle-tls,1715,benign
id_calib:5454,id_calib,fit,benign,processed/iotsim-combined-cycle-tls-5.csv,iotsim-combined-cycle-tls,1716,benign
id_calib:5455,id_calib,fit,benign,processed/iotsim-combined-cycle-tls-5.csv,iotsim-combined-cycle-tls,1717,benign
id_calib:5456,id_calib,fit,benign,processed/iotsim-combined-cycle-tls-5.csv,iotsim-combined-cycle-tls,1718,benign
id_calib:5457,id_calib,fit,benign,processed/iotsim-combined-cycle-tls-5.csv,iotsim-combined-cycle-tls,1719,benign
id_calib:5458,id_calib,fit,benign,processed/iotsim-combined-cycle-tls-5.csv,iotsim-combined-cycle-tls,1720,benign
id_calib:5459,id_calib,fit,benign,processed/iotsim-combined-cycle-tls-5.csv,iotsim-combined-cycle-tls,1721,benign
id_calib:5460,id_calib,fit,benign,processed/iotsim-combined-cycle-tls-5.csv,iotsim-combined-cycle-tls,1722,benign
id_calib:5461,id_calib,fit,benign,processed/iotsim-combined-cycle-tls-5.csv,iotsim-combined-cycle-tls,1723,benign
id_calib:5462,id_calib,fit,benign,processed/iotsim-combined-cycle-tls-5.csv,iotsim-combined-cycle-tls,1724,benign
id_calib:5463,id_calib,fit,benign,processed/iotsim-combined-cycle-tls-5.csv,iotsim-combined-cycle-tls,1725,benign
id_calib:5464,id_calib,fit,benign,processed/iotsim-combined-cycle-tls-5.csv,iotsim-combined-cycle-tls,1726,benign
id_calib:5465,id_calib,fit,benign,processed/iotsim-combined-cycle-tls-5.csv,iotsim-combined-cycle-tls,1727,benign
id_calib:5466,id_calib,fit,benign,processed/iotsim-combined-cycle-tls-5.csv,iotsim-combined-cycle-tls,1728,benign
id_calib:5467,id_calib,fit,benign,processed/iotsim-combined-cycle-tls-5.csv,iotsim-combined-cycle-tls,1729,benign
id_calib:5468,id_calib,fit,benign,processed/iotsim-combined-cycle-tls-5.csv,iotsim-combined-cycle-tls,1730,benign
id_calib:5469,id_calib,fit,benign,processed/iotsim-combined-cycle-tls-5.csv,iotsim-combined-cycle-tls,1731,benign
id_calib:5470,id_calib,fit,benign,processed/iotsim-combined-cycle-tls-5.csv,iotsim-combined-cycle-tls,1732,benign
id_calib:5471,id_calib,fit,benign,processed/iotsim-combined-cycle-tls-5.csv,iotsim-combined-cycle-tls,1733,benign
id_calib:5472,id_calib,fit,benign,processed/iotsim-combined-cycle-tls-5.csv,iotsim-combined-cycle-tls,1734,benign
id_calib:5473,id_calib,fit,benign,processed/iotsim-combined-cycle-tls-5.csv,iotsim-combined-cycle-tls,1735,benign
id_calib:5474,id_calib,fit,benign,processed/iotsim-combined-cycle-tls-5.csv,iotsim-combined-cycle-tls,1736,benign
id_calib:5475,id_calib,fit,benign,processed/iotsim-combined-cycle-tls-5.csv,iotsim-combined-cycle-tls,1737,benign
id_calib:5476,id_calib,fit,benign,processed/iotsim-combined-cycle-tls-5.csv,iotsim-combined-cycle-tls,1738,benign
id_calib:5477,id_calib,fit,benign,processed/iotsim-combined-cycle-tls-5.csv,iotsim-combined-cycle-tls,1739,benign
id_calib:5478,id_calib,fit,benign,processed/iotsim-combined-cycle-tls-5.csv,iotsim-combined-cycle-tls,1740,benign
id_calib:5479,id_calib,fit,benign,processed/iotsim-combined-cycle-tls-5.csv,iotsim-combined-cycle-tls,1741,benign
id_calib:5480,id_calib,fit,benign,processed/iotsim-combined-cycle-tls-5.csv,iotsim-combined-cycle-tls,1742,benign
id_calib:5481,id_calib,fit,benign,processed/iotsim-combined-cycle-tls-5.csv,iotsim-combined-cycle-tls,1743,benign
id_calib:5482,id_calib,fit,benign,processed/iotsim-combined-cycle-tls-5.csv,iotsim-combined-cycle-tls,1744,benign
id_calib:5483,id_calib,fit,benign,processed/iotsim-combined-cycle-tls-5.csv,iotsim-combined-cycle-tls,1745,benign
id_calib:5484,id_calib,fit,benign,processed/iotsim-combined-cycle-tls-5.csv,iotsim-combined-cycle-tls,1746,benign
id_calib:5485,id_calib,fit,benign,processed/iotsim-combined-cycle-tls-5.csv,iotsim-combined-cycle-tls,1747,benign
id_calib:5486,id_calib,fit,benign,processed/iotsim-combined-cycle-tls-5.csv,iotsim-combined-cycle-tls,1748,benign
id_calib:5487,id_calib,fit,benign,processed/iotsim-combined-cycle-tls-5.csv,iotsim-combined-cycle-tls,1749,benign
id_calib:5488,id_calib,fit,benign,processed/iotsim-combined-cycle-tls-5.csv,iotsim-combined-cycle-tls,1750,benign
id_calib:5489,id_calib,fit,benign,processed/iotsim-combined-cycle-tls-5.csv,iotsim-combined-cycle-tls,1751,benign
id_calib:5490,id_calib,fit,benign,processed/iotsim-combined-cycle-tls-5.csv,iotsim-combined-cycle-tls,1752,benign
id_calib:5491,id_calib,fit,benign,processed/iotsim-combined-cycle-tls-5.csv,iotsim-combined-cycle-tls,1753,benign
id_calib:5492,id_calib,fit,benign,processed/iotsim-combined-cycle-tls-5.csv,iotsim-combined-cycle-tls,1754,benign
id_calib:5493,id_calib,fit,benign,processed/iotsim-combined-cycle-tls-5.csv,iotsim-combined-cycle-tls,1755,benign
id_calib:5494,id_calib,fit,benign,processed/iotsim-combined-cycle-tls-5.csv,iotsim-combined-cycle-tls,1756,benign
id_calib:5495,id_calib,fit,benign,processed/iotsim-combined-cycle-tls-5.csv,iotsim-combined-cycle-tls,1757,benign
id_calib:5496,id_calib,fit,benign,processed/iotsim-combined-cycle-tls-5.csv,iotsim-combined-cycle-tls,1758,benign
id_calib:5497,id_calib,fit,benign,processed/iotsim-combined-cycle-tls-5.csv,iotsim-combined-cycle-tls,1759,benign
id_calib:5498,id_calib,fit,benign,processed/iotsim-combined-cycle-tls-5.csv,iotsim-combined-cycle-tls,1760,benign
id_calib:5499,id_calib,fit,benign,processed/iotsim-combined-cycle-tls-5.csv,iotsim-combined-cycle-tls,1761,benign
id_calib:5500,id_calib,fit,benign,processed/iotsim-combined-cycle-tls-5.csv,iotsim-combined-cycle-tls,1762,benign
id_calib:5501,id_calib,fit,benign,processed/iotsim-combined-cycle-tls-5.csv,iotsim-combined-cycle-tls,1763,benign
id_calib:5502,id_calib,fit,benign,processed/iotsim-combined-cycle-tls-5.csv,iotsim-combined-cycle-tls,1764,benign
id_calib:5503,id_calib,fit,benign,processed/iotsim-combined-cycle-tls-5.csv,iotsim-combined-cycle-tls,1765,benign
id_calib:5504,id_calib,fit,benign,processed/iotsim-combined-cycle-tls-5.csv,iotsim-combined-cycle-tls,1766,benign
id_calib:5505,id_calib,fit,benign,processed/iotsim-combined-cycle-tls-5.csv,iotsim-combined-cycle-tls,1767,benign
id_calib:5506,id_calib,fit,benign,processed/iotsim-combined-cycle-tls-5.csv,iotsim-combined-cycle-tls,1768,benign
id_calib:5507,id_calib,fit,benign,processed/iotsim-combined-cycle-tls-5.csv,iotsim-combined-cycle-tls,1769,benign
id_calib:5508,id_calib,fit,benign,processed/iotsim-combined-cycle-tls-5.csv,iotsim-combined-cycle-tls,1770,benign
id_calib:5509,id_calib,fit,benign,processed/iotsim-combined-cycle-tls-5.csv,iotsim-combined-cycle-tls,1771,benign
id_calib:5510,id_calib,fit,benign,processed/iotsim-combined-cycle-tls-5.csv,iotsim-combined-cycle-tls,1772,benign
id_calib:5511,id_calib,fit,benign,processed/iotsim-combined-cycle-tls-5.csv,iotsim-combined-cycle-tls,1773,benign
id_calib:5512,id_calib,fit,benign,processed/iotsim-combined-cycle-tls-5.csv,iotsim-combined-cycle-tls,1774,benign
id_calib:5513,id_calib,fit,benign,processed/iotsim-combined-cycle-tls-5.csv,iotsim-combined-cycle-tls,1775,benign
id_calib:5514,id_calib,fit,benign,processed/iotsim-combined-cycle-tls-5.csv,iotsim-combined-cycle-tls,1776,benign
id_calib:5515,id_calib,fit,benign,processed/iotsim-combined-cycle-tls-5.csv,iotsim-combined-cycle-tls,1777,benign
id_calib:5516,id_calib,fit,benign,processed/iotsim-combined-cycle-tls-5.csv,iotsim-combined-cycle-tls,1778,benign
id_calib:5517,id_calib,fit,benign,processed/iotsim-combined-cycle-tls-5.csv,iotsim-combined-cycle-tls,1779,benign
id_calib:5518,id_calib,fit,benign,processed/iotsim-combined-cycle-tls-5.csv,iotsim-combined-cycle-tls,1780,benign
id_calib:5519,id_calib,fit,benign,processed/iotsim-combined-cycle-tls-5.csv,iotsim-combined-cycle-tls,1781,benign
id_calib:5520,id_calib,fit,benign,processed/iotsim-combined-cycle-tls-5.csv,iotsim-combined-cycle-tls,1782,benign
id_calib:5521,id_calib,fit,benign,processed/iotsim-combined-cycle-tls-5.csv,iotsim-combined-cycle-tls,1783,benign
id_calib:5522,id_calib,fit,benign,processed/iotsim-combined-cycle-tls-5.csv,iotsim-combined-cycle-tls,1784,benign
id_calib:5523,id_calib,fit,benign,processed/iotsim-combined-cycle-tls-5.csv,iotsim-combined-cycle-tls,1785,benign
id_calib:5524,id_calib,fit,benign,processed/iotsim-combined-cycle-tls-5.csv,iotsim-combined-cycle-tls,1786,benign
id_calib:5525,id_calib,fit,benign,processed/iotsim-combined-cycle-tls-5.csv,iotsim-combined-cycle-tls,1787,benign
id_calib:5526,id_calib,fit,benign,processed/iotsim-combined-cycle-tls-5.csv,iotsim-combined-cycle-tls,1788,benign
id_calib:5527,id_calib,fit,benign,processed/iotsim-combined-cycle-tls-5.csv,iotsim-combined-cycle-tls,1789,benign
id_calib:5528,id_calib,fit,benign,processed/iotsim-combined-cycle-tls-5.csv,iotsim-combined-cycle-tls,1790,benign
id_calib:5529,id_calib,fit,benign,processed/iotsim-combined-cycle-tls-5.csv,iotsim-combined-cycle-tls,1791,benign
id_calib:5530,id_calib,fit,benign,processed/iotsim-combined-cycle-tls-5.csv,iotsim-combined-cycle-tls,1792,benign
id_calib:5531,id_calib,fit,benign,processed/iotsim-combined-cycle-tls-5.csv,iotsim-combined-cycle-tls,1793,benign
id_calib:5532,id_calib,fit,benign,processed/iotsim-combined-cycle-tls-5.csv,iotsim-combined-cycle-tls,1794,benign
id_calib:5533,id_calib,fit,benign,processed/iotsim-combined-cycle-tls-5.csv,iotsim-combined-cycle-tls,1795,benign
id_calib:5534,id_calib,fit,benign,processed/iotsim-combined-cycle-tls-5.csv,iotsim-combined-cycle-tls,1796,benign
id_calib:5535,id_calib,fit,benign,processed/iotsim-combined-cycle-tls-5.csv,iotsim-combined-cycle-tls,1797,benign
id_calib:5536,id_calib,fit,benign,processed/iotsim-combined-cycle-tls-5.csv,iotsim-combined-cycle-tls,1798,benign
id_calib:5537,id_calib,fit,benign,processed/iotsim-combined-cycle-tls-5.csv,iotsim-combined-cycle-tls,1799,benign
id_calib:5538,id_calib,fit,benign,processed/iotsim-combined-cycle-tls-5.csv,iotsim-combined-cycle-tls,1800,benign
id_calib:5539,id_calib,fit,benign,processed/iotsim-combined-cycle-tls-5.csv,iotsim-combined-cycle-tls,1801,benign
id_calib:5540,id_calib,fit,benign,processed/iotsim-combined-cycle-tls-5.csv,iotsim-combined-cycle-tls,1802,benign
id_calib:5541,id_calib,fit,benign,processed/iotsim-combined-cycle-tls-5.csv,iotsim-combined-cycle-tls,1803,benign
id_calib:5542,id_calib,fit,benign,processed/iotsim-combined-cycle-tls-5.csv,iotsim-combined-cycle-tls,1804,benign
id_calib:5543,id_calib,fit,benign,processed/iotsim-combined-cycle-tls-5.csv,iotsim-combined-cycle-tls,1805,benign
id_calib:5544,id_calib,fit,benign,processed/iotsim-combined-cycle-tls-5.csv,iotsim-combined-cycle-tls,1806,benign
id_calib:5545,id_calib,fit,benign,processed/iotsim-combined-cycle-tls-5.csv,iotsim-combined-cycle-tls,1807,benign
id_calib:5546,id_calib,fit,benign,processed/iotsim-combined-cycle-tls-5.csv,iotsim-combined-cycle-tls,1808,benign
id_calib:5547,id_calib,fit,benign,processed/iotsim-combined-cycle-tls-5.csv,iotsim-combined-cycle-tls,1809,benign
id_calib:5548,id_calib,fit,benign,processed/iotsim-combined-cycle-tls-5.csv,iotsim-combined-cycle-tls,1810,benign
id_calib:5549,id_calib,fit,benign,processed/iotsim-combined-cycle-tls-5.csv,iotsim-combined-cycle-tls,1811,benign
id_calib:5550,id_calib,fit,benign,processed/iotsim-combined-cycle-tls-5.csv,iotsim-combined-cycle-tls,1812,benign
id_calib:5551,id_calib,fit,benign,processed/iotsim-combined-cycle-tls-5.csv,iotsim-combined-cycle-tls,1813,benign
id_calib:5552,id_calib,fit,benign,processed/iotsim-combined-cycle-tls-5.csv,iotsim-combined-cycle-tls,1814,benign
id_calib:5553,id_calib,fit,benign,processed/iotsim-combined-cycle-tls-5.csv,iotsim-combined-cycle-tls,1815,benign
id_calib:5554,id_calib,fit,benign,processed/iotsim-combined-cycle-tls-5.csv,iotsim-combined-cycle-tls,1816,benign
id_calib:5555,id_calib,fit,benign,processed/iotsim-combined-cycle-tls-5.csv,iotsim-combined-cycle-tls,1817,benign
id_calib:5556,id_calib,fit,benign,processed/iotsim-combined-cycle-tls-5.csv,iotsim-combined-cycle-tls,1818,benign
id_calib:5557,id_calib,fit,benign,processed/iotsim-combined-cycle-tls-5.csv,iotsim-combined-cycle-tls,1819,benign
id_calib:5558,id_calib,fit,benign,processed/iotsim-combined-cycle-tls-5.csv,iotsim-combined-cycle-tls,1820,benign
id_calib:5559,id_calib,fit,benign,processed/iotsim-combined-cycle-tls-5.csv,iotsim-combined-cycle-tls,1821,benign
id_calib:5560,id_calib,fit,benign,processed/iotsim-combined-cycle-tls-5.csv,iotsim-combined-cycle-tls,1822,benign
id_calib:5561,id_calib,fit,benign,processed/iotsim-combined-cycle-tls-5.csv,iotsim-combined-cycle-tls,1823,benign
id_calib:5562,id_calib,fit,benign,processed/iotsim-combined-cycle-tls-5.csv,iotsim-combined-cycle-tls,1824,benign
id_calib:5563,id_calib,fit,benign,processed/iotsim-combined-cycle-tls-5.csv,iotsim-combined-cycle-tls,1825,benign
id_calib:5564,id_calib,fit,benign,processed/iotsim-combined-cycle-tls-5.csv,iotsim-combined-cycle-tls,1826,benign
id_calib:5565,id_calib,fit,benign,processed/iotsim-combined-cycle-tls-5.csv,iotsim-combined-cycle-tls,1827,benign
id_calib:5566,id_calib,fit,benign,processed/iotsim-combined-cycle-tls-5.csv,iotsim-combined-cycle-tls,1828,benign
id_calib:5567,id_calib,fit,benign,processed/iotsim-combined-cycle-tls-5.csv,iotsim-combined-cycle-tls,1829,benign
id_calib:5568,id_calib,fit,benign,processed/iotsim-combined-cycle-tls-5.csv,iotsim-combined-cycle-tls,1830,benign
id_calib:5569,id_calib,fit,benign,processed/iotsim-combined-cycle-tls-5.csv,iotsim-combined-cycle-tls,1831,benign
id_calib:5570,id_calib,fit,benign,processed/iotsim-combined-cycle-tls-5.csv,iotsim-combined-cycle-tls,1832,benign
id_calib:5571,id_calib,fit,benign,processed/iotsim-combined-cycle-tls-5.csv,iotsim-combined-cycle-tls,1833,benign
id_calib:5572,id_calib,fit,benign,processed/iotsim-combined-cycle-tls-5.csv,iotsim-combined-cycle-tls,1834,benign
id_calib:5573,id_calib,fit,benign,processed/iotsim-combined-cycle-tls-5.csv,iotsim-combined-cycle-tls,1835,benign
id_calib:5574,id_calib,fit,benign,processed/iotsim-combined-cycle-tls-5.csv,iotsim-combined-cycle-tls,1836,benign
id_calib:5575,id_calib,fit,benign,processed/iotsim-combined-cycle-tls-5.csv,iotsim-combined-cycle-tls,1837,benign
id_calib:5576,id_calib,fit,benign,processed/iotsim-combined-cycle-tls-5.csv,iotsim-combined-cycle-tls,1838,benign
id_calib:5577,id_calib,fit,benign,processed/iotsim-combined-cycle-tls-5.csv,iotsim-combined-cycle-tls,1839,benign
id_calib:5578,id_calib,fit,benign,processed/iotsim-combined-cycle-tls-5.csv,iotsim-combined-cycle-tls,1840,benign
id_calib:5579,id_calib,fit,benign,processed/iotsim-combined-cycle-tls-5.csv,iotsim-combined-cycle-tls,1841,benign
id_calib:5580,id_calib,fit,benign,processed/iotsim-combined-cycle-tls-5.csv,iotsim-combined-cycle-tls,1842,benign
id_calib:5581,id_calib,fit,benign,processed/iotsim-combined-cycle-tls-5.csv,iotsim-combined-cycle-tls,1843,benign
id_calib:5582,id_calib,fit,benign,processed/iotsim-combined-cycle-tls-5.csv,iotsim-combined-cycle-tls,1844,benign
id_calib:5583,id_calib,fit,benign,processed/iotsim-combined-cycle-tls-5.csv,iotsim-combined-cycle-tls,1845,benign
id_calib:5584,id_calib,fit,benign,processed/iotsim-combined-cycle-tls-5.csv,iotsim-combined-cycle-tls,1846,benign
id_calib:5585,id_calib,fit,benign,processed/iotsim-combined-cycle-tls-5.csv,iotsim-combined-cycle-tls,1847,benign
id_calib:5586,id_calib,fit,benign,processed/iotsim-combined-cycle-tls-5.csv,iotsim-combined-cycle-tls,1848,benign
id_calib:5587,id_calib,fit,benign,processed/iotsim-combined-cycle-tls-5.csv,iotsim-combined-cycle-tls,1849,benign
id_calib:5588,id_calib,fit,benign,processed/iotsim-combined-cycle-tls-5.csv,iotsim-combined-cycle-tls,1850,benign
id_calib:5589,id_calib,fit,benign,processed/iotsim-combined-cycle-tls-5.csv,iotsim-combined-cycle-tls,1851,benign
id_calib:5590,id_calib,fit,benign,processed/iotsim-combined-cycle-tls-5.csv,iotsim-combined-cycle-tls,1852,benign
id_calib:5591,id_calib,fit,benign,processed/iotsim-combined-cycle-tls-5.csv,iotsim-combined-cycle-tls,1853,benign
id_calib:5592,id_calib,fit,benign,processed/iotsim-combined-cycle-tls-5.csv,iotsim-combined-cycle-tls,1854,benign
id_calib:5593,id_calib,fit,benign,processed/iotsim-combined-cycle-tls-5.csv,iotsim-combined-cycle-tls,1855,benign
id_calib:5594,id_calib,fit,benign,processed/iotsim-combined-cycle-tls-5.csv,iotsim-combined-cycle-tls,1856,benign
id_calib:5595,id_calib,fit,benign,processed/iotsim-combined-cycle-tls-5.csv,iotsim-combined-cycle-tls,1857,benign
id_calib:5596,id_calib,fit,benign,processed/iotsim-combined-cycle-tls-5.csv,iotsim-combined-cycle-tls,1858,benign
id_calib:5597,id_calib,fit,benign,processed/iotsim-combined-cycle-tls-5.csv,iotsim-combined-cycle-tls,1859,benign
id_calib:5598,id_calib,fit,benign,processed/iotsim-combined-cycle-tls-5.csv,iotsim-combined-cycle-tls,1860,benign
id_calib:5599,id_calib,fit,benign,processed/iotsim-combined-cycle-tls-5.csv,iotsim-combined-cycle-tls,1861,benign
id_calib:5600,id_calib,fit,benign,processed/iotsim-combined-cycle-tls-5.csv,iotsim-combined-cycle-tls,1862,benign
id_calib:5601,id_calib,fit,benign,processed/iotsim-combined-cycle-tls-5.csv,iotsim-combined-cycle-tls,1863,benign
id_calib:5602,id_calib,fit,benign,processed/iotsim-combined-cycle-tls-5.csv,iotsim-combined-cycle-tls,1864,benign
id_calib:5603,id_calib,fit,benign,processed/iotsim-combined-cycle-tls-5.csv,iotsim-combined-cycle-tls,1865,benign
id_calib:5604,id_calib,fit,benign,processed/iotsim-combined-cycle-tls-5.csv,iotsim-combined-cycle-tls,1866,benign
id_calib:5605,id_calib,fit,benign,processed/iotsim-combined-cycle-tls-5.csv,iotsim-combined-cycle-tls,1867,benign
id_calib:5606,id_calib,fit,benign,processed/iotsim-combined-cycle-tls-5.csv,iotsim-combined-cycle-tls,1868,benign
id_calib:5607,id_calib,fit,benign,processed/iotsim-combined-cycle-tls-5.csv,iotsim-combined-cycle-tls,1869,benign
id_calib:5608,id_calib,fit,benign,processed/iotsim-combined-cycle-tls-5.csv,iotsim-combined-cycle-tls,1870,benign
id_calib:5609,id_calib,fit,benign,processed/iotsim-combined-cycle-tls-5.csv,iotsim-combined-cycle-tls,1871,benign
id_calib:5610,id_calib,fit,benign,processed/iotsim-combined-cycle-tls-5.csv,iotsim-combined-cycle-tls,1872,benign
id_calib:5611,id_calib,fit,benign,processed/iotsim-combined-cycle-tls-5.csv,iotsim-combined-cycle-tls,1873,benign
id_calib:5612,id_calib,fit,benign,processed/iotsim-combined-cycle-tls-5.csv,iotsim-combined-cycle-tls,1874,benign
id_calib:5613,id_calib,fit,benign,processed/iotsim-combined-cycle-tls-5.csv,iotsim-combined-cycle-tls,1875,benign
id_calib:5614,id_calib,fit,benign,processed/iotsim-combined-cycle-tls-5.csv,iotsim-combined-cycle-tls,1876,benign
id_calib:5615,id_calib,fit,benign,processed/iotsim-combined-cycle-tls-5.csv,iotsim-combined-cycle-tls,1877,benign
id_calib:5616,id_calib,fit,benign,processed/iotsim-combined-cycle-tls-5.csv,iotsim-combined-cycle-tls,1878,benign
id_calib:5617,id_calib,fit,benign,processed/iotsim-combined-cycle-tls-5.csv,iotsim-combined-cycle-tls,1879,benign
id_calib:5618,id_calib,fit,benign,processed/iotsim-combined-cycle-tls-5.csv,iotsim-combined-cycle-tls,1880,benign
id_calib:5619,id_calib,fit,benign,processed/iotsim-combined-cycle-tls-5.csv,iotsim-combined-cycle-tls,1881,benign
id_calib:5620,id_calib,fit,benign,processed/iotsim-combined-cycle-tls-5.csv,iotsim-combined-cycle-tls,1882,benign
id_calib:5621,id_calib,fit,benign,processed/iotsim-combined-cycle-tls-5.csv,iotsim-combined-cycle-tls,1883,benign
id_calib:5622,id_calib,fit,benign,processed/iotsim-combined-cycle-tls-5.csv,iotsim-combined-cycle-tls,1884,benign
id_calib:5623,id_calib,fit,benign,processed/iotsim-combined-cycle-tls-5.csv,iotsim-combined-cycle-tls,1885,benign
id_calib:5624,id_calib,fit,benign,processed/iotsim-combined-cycle-tls-5.csv,iotsim-combined-cycle-tls,1886,benign
id_calib:5625,id_calib,fit,benign,processed/iotsim-combined-cycle-tls-5.csv,iotsim-combined-cycle-tls,1887,benign
id_calib:5626,id_calib,fit,benign,processed/iotsim-combined-cycle-tls-5.csv,iotsim-combined-cycle-tls,1888,benign
id_calib:5627,id_calib,fit,benign,processed/iotsim-combined-cycle-tls-5.csv,iotsim-combined-cycle-tls,1889,benign
id_calib:5628,id_calib,fit,benign,processed/iotsim-combined-cycle-tls-5.csv,iotsim-combined-cycle-tls,1890,benign
id_calib:5629,id_calib,fit,benign,processed/iotsim-combined-cycle-tls-5.csv,iotsim-combined-cycle-tls,1891,benign
id_calib:5630,id_calib,fit,benign,processed/iotsim-combined-cycle-tls-5.csv,iotsim-combined-cycle-tls,1892,benign
id_calib:5631,id_calib,fit,benign,processed/iotsim-combined-cycle-tls-5.csv,iotsim-combined-cycle-tls,1893,benign
id_calib:5632,id_calib,fit,benign,processed/iotsim-combined-cycle-tls-5.csv,iotsim-combined-cycle-tls,1894,benign
id_calib:5633,id_calib,fit,benign,processed/iotsim-combined-cycle-tls-5.csv,iotsim-combined-cycle-tls,1895,benign
id_calib:5634,id_calib,fit,benign,processed/iotsim-combined-cycle-tls-5.csv,iotsim-combined-cycle-tls,1896,benign
id_calib:5635,id_calib,fit,benign,processed/iotsim-combined-cycle-tls-5.csv,iotsim-combined-cycle-tls,1897,benign
id_calib:5636,id_calib,fit,benign,processed/iotsim-combined-cycle-tls-5.csv,iotsim-combined-cycle-tls,1898,benign
id_calib:5637,id_calib,fit,benign,processed/iotsim-combined-cycle-tls-5.csv,iotsim-combined-cycle-tls,1899,benign
id_calib:5638,id_calib,fit,benign,processed/iotsim-combined-cycle-tls-5.csv,iotsim-combined-cycle-tls,1900,benign
id_calib:5639,id_calib,fit,benign,processed/iotsim-combined-cycle-tls-5.csv,iotsim-combined-cycle-tls,1901,benign
id_calib:5640,id_calib,fit,benign,processed/iotsim-combined-cycle-tls-5.csv,iotsim-combined-cycle-tls,1902,benign
id_calib:5641,id_calib,fit,benign,processed/iotsim-combined-cycle-tls-5.csv,iotsim-combined-cycle-tls,1903,benign
id_calib:5642,id_calib,fit,benign,processed/iotsim-combined-cycle-tls-5.csv,iotsim-combined-cycle-tls,1904,benign
id_calib:5643,id_calib,fit,benign,processed/iotsim-combined-cycle-tls-5.csv,iotsim-combined-cycle-tls,1905,benign
id_calib:5644,id_calib,fit,benign,processed/iotsim-combined-cycle-tls-5.csv,iotsim-combined-cycle-tls,1906,benign
id_calib:5645,id_calib,fit,benign,processed/iotsim-combined-cycle-tls-5.csv,iotsim-combined-cycle-tls,1907,benign
id_calib:5646,id_calib,fit,benign,processed/iotsim-combined-cycle-tls-5.csv,iotsim-combined-cycle-tls,1908,benign
id_calib:5647,id_calib,fit,benign,processed/iotsim-combined-cycle-tls-5.csv,iotsim-combined-cycle-tls,1909,benign
id_calib:5648,id_calib,fit,benign,processed/iotsim-combined-cycle-tls-5.csv,iotsim-combined-cycle-tls,1910,benign
id_calib:5649,id_calib,fit,benign,processed/iotsim-combined-cycle-tls-5.csv,iotsim-combined-cycle-tls,1911,benign
id_calib:5650,id_calib,fit,benign,processed/iotsim-combined-cycle-tls-5.csv,iotsim-combined-cycle-tls,1912,benign
id_calib:5651,id_calib,fit,benign,processed/iotsim-combined-cycle-tls-5.csv,iotsim-combined-cycle-tls,1913,benign
id_calib:5652,id_calib,fit,benign,processed/iotsim-combined-cycle-tls-5.csv,iotsim-combined-cycle-tls,1914,benign
id_calib:5653,id_calib,fit,benign,processed/iotsim-combined-cycle-tls-5.csv,iotsim-combined-cycle-tls,1915,benign
id_calib:5654,id_calib,fit,benign,processed/iotsim-combined-cycle-tls-5.csv,iotsim-combined-cycle-tls,1916,benign
id_calib:5655,id_calib,fit,benign,processed/iotsim-combined-cycle-tls-5.csv,iotsim-combined-cycle-tls,1917,benign
id_calib:5656,id_calib,fit,benign,processed/iotsim-combined-cycle-tls-5.csv,iotsim-combined-cycle-tls,1918,benign
id_calib:5657,id_calib,fit,benign,processed/iotsim-combined-cycle-tls-5.csv,iotsim-combined-cycle-tls,1919,benign
id_calib:5658,id_calib,fit,benign,processed/iotsim-combined-cycle-tls-5.csv,iotsim-combined-cycle-tls,1920,benign
id_calib:5659,id_calib,fit,benign,processed/iotsim-combined-cycle-tls-5.csv,iotsim-combined-cycle-tls,1921,benign
id_calib:5660,id_calib,fit,benign,processed/iotsim-combined-cycle-tls-5.csv,iotsim-combined-cycle-tls,1922,benign
id_calib:5661,id_calib,fit,benign,processed/iotsim-combined-cycle-tls-5.csv,iotsim-combined-cycle-tls,1923,benign
id_calib:5662,id_calib,fit,benign,processed/iotsim-combined-cycle-tls-5.csv,iotsim-combined-cycle-tls,1924,benign
id_calib:5663,id_calib,fit,benign,processed/iotsim-combined-cycle-tls-5.csv,iotsim-combined-cycle-tls,1925,benign
id_calib:5664,id_calib,fit,benign,processed/iotsim-combined-cycle-tls-5.csv,iotsim-combined-cycle-tls,1926,benign
id_calib:5665,id_calib,fit,benign,processed/iotsim-combined-cycle-tls-5.csv,iotsim-combined-cycle-tls,1927,benign
id_calib:5666,id_calib,fit,benign,processed/iotsim-combined-cycle-tls-5.csv,iotsim-combined-cycle-tls,1928,benign
id_calib:5667,id_calib,fit,benign,processed/iotsim-combined-cycle-tls-5.csv,iotsim-combined-cycle-tls,1929,benign
id_calib:5668,id_calib,fit,benign,processed/iotsim-combined-cycle-tls-5.csv,iotsim-combined-cycle-tls,1930,benign
id_calib:5669,id_calib,fit,benign,processed/iotsim-combined-cycle-tls-5.csv,iotsim-combined-cycle-tls,1931,benign
id_calib:5670,id_calib,fit,benign,processed/iotsim-combined-cycle-tls-5.csv,iotsim-combined-cycle-tls,1932,benign
id_calib:5671,id_calib,fit,benign,processed/iotsim-combined-cycle-tls-5.csv,iotsim-combined-cycle-tls,1933,benign
id_calib:5672,id_calib,fit,benign,processed/iotsim-combined-cycle-tls-5.csv,iotsim-combined-cycle-tls,1934,benign
id_calib:5673,id_calib,fit,benign,processed/iotsim-combined-cycle-tls-5.csv,iotsim-combined-cycle-tls,1935,benign
id_calib:5674,id_calib,fit,benign,processed/iotsim-combined-cycle-tls-5.csv,iotsim-combined-cycle-tls,1936,benign
id_calib:5675,id_calib,fit,benign,processed/iotsim-combined-cycle-tls-5.csv,iotsim-combined-cycle-tls,1937,benign
id_calib:5676,id_calib,fit,benign,processed/iotsim-combined-cycle-tls-5.csv,iotsim-combined-cycle-tls,1938,benign
id_calib:5677,id_calib,fit,benign,processed/iotsim-combined-cycle-tls-5.csv,iotsim-combined-cycle-tls,1939,benign
id_calib:5678,id_calib,fit,benign,processed/iotsim-combined-cycle-tls-5.csv,iotsim-combined-cycle-tls,1940,benign
id_calib:5679,id_calib,fit,benign,processed/iotsim-combined-cycle-tls-5.csv,iotsim-combined-cycle-tls,1941,benign
id_calib:5680,id_calib,fit,benign,processed/iotsim-combined-cycle-tls-5.csv,iotsim-combined-cycle-tls,1942,benign
id_calib:5681,id_calib,fit,benign,processed/iotsim-combined-cycle-tls-5.csv,iotsim-combined-cycle-tls,1943,benign
ood_val:20896,ood_val,fit,benign,processed/iotsim-building-monitor-2.csv,iotsim-building-monitor,50,benign
ood_val:20897,ood_val,fit,benign,processed/iotsim-building-monitor-2.csv,iotsim-building-monitor,51,benign
ood_val:20898,ood_val,fit,benign,processed/iotsim-building-monitor-2.csv,iotsim-building-monitor,52,benign
ood_val:20899,ood_val,fit,benign,processed/iotsim-building-monitor-2.csv,iotsim-building-monitor,53,benign
ood_val:20900,ood_val,fit,benign,processed/iotsim-building-monitor-2.csv,iotsim-building-monitor,54,benign
ood_val:20901,ood_val,fit,benign,processed/iotsim-building-monitor-2.csv,iotsim-building-monitor,55,benign
ood_val:20902,ood_val,fit,benign,processed/iotsim-building-monitor-2.csv,iotsim-building-monitor,56,benign
ood_val:20903,ood_val,fit,benign,processed/iotsim-building-monitor-2.csv,iotsim-building-monitor,57,benign
ood_val:20904,ood_val,fit,benign,processed/iotsim-building-monitor-2.csv,iotsim-building-monitor,58,benign
ood_val:20905,ood_val,fit,benign,processed/iotsim-building-monitor-2.csv,iotsim-building-monitor,59,benign
ood_val:20906,ood_val,fit,benign,processed/iotsim-building-monitor-2.csv,iotsim-building-monitor,60,benign
ood_val:20907,ood_val,fit,benign,processed/iotsim-building-monitor-2.csv,iotsim-building-monitor,61,benign
ood_val:20908,ood_val,fit,benign,processed/iotsim-building-monitor-2.csv,iotsim-building-monitor,62,benign
ood_val:20909,ood_val,fit,benign,processed/iotsim-building-monitor-2.csv,iotsim-building-monitor,63,benign
ood_val:20910,ood_val,fit,benign,processed/iotsim-building-monitor-2.csv,iotsim-building-monitor,64,benign
ood_val:20911,ood_val,fit,benign,processed/iotsim-building-monitor-2.csv,iotsim-building-monitor,65,benign
ood_val:20912,ood_val,fit,benign,processed/iotsim-building-monitor-2.csv,iotsim-building-monitor,66,benign
ood_val:20913,ood_val,fit,benign,processed/iotsim-building-monitor-2.csv,iotsim-building-monitor,67,benign
ood_val:20914,ood_val,fit,benign,processed/iotsim-building-monitor-2.csv,iotsim-building-monitor,68,benign
ood_val:20915,ood_val,fit,benign,processed/iotsim-building-monitor-2.csv,iotsim-building-monitor,69,benign
ood_val:20916,ood_val,fit,benign,processed/iotsim-building-monitor-2.csv,iotsim-building-monitor,70,benign
ood_val:20917,ood_val,fit,benign,processed/iotsim-building-monitor-2.csv,iotsim-building-monitor,71,benign
ood_val:20918,ood_val,fit,benign,processed/iotsim-building-monitor-2.csv,iotsim-building-monitor,72,benign
ood_val:20919,ood_val,fit,benign,processed/iotsim-building-monitor-2.csv,iotsim-building-monitor,73,benign
ood_val:20920,ood_val,fit,benign,processed/iotsim-building-monitor-2.csv,iotsim-building-monitor,74,benign
ood_val:20921,ood_val,fit,benign,processed/iotsim-building-monitor-2.csv,iotsim-building-monitor,75,benign
ood_val:20922,ood_val,fit,benign,processed/iotsim-building-monitor-2.csv,iotsim-building-monitor,76,benign
ood_val:20923,ood_val,fit,benign,processed/iotsim-building-monitor-2.csv,iotsim-building-monitor,77,benign
ood_val:20924,ood_val,fit,benign,processed/iotsim-building-monitor-2.csv,iotsim-building-monitor,78,benign
ood_val:20925,ood_val,fit,benign,processed/iotsim-building-monitor-2.csv,iotsim-building-monitor,79,benign
ood_val:20926,ood_val,fit,benign,processed/iotsim-building-monitor-2.csv,iotsim-building-monitor,80,benign
ood_val:20927,ood_val,fit,benign,processed/iotsim-building-monitor-2.csv,iotsim-building-monitor,81,benign
ood_val:20928,ood_val,fit,benign,processed/iotsim-building-monitor-2.csv,iotsim-building-monitor,82,benign
ood_val:20929,ood_val,fit,benign,processed/iotsim-building-monitor-2.csv,iotsim-building-monitor,83,benign
ood_val:20930,ood_val,fit,benign,processed/iotsim-building-monitor-2.csv,iotsim-building-monitor,84,benign
ood_val:20931,ood_val,fit,benign,processed/iotsim-building-monitor-2.csv,iotsim-building-monitor,85,benign
ood_val:20932,ood_val,fit,benign,processed/iotsim-building-monitor-2.csv,iotsim-building-monitor,86,benign
ood_val:20933,ood_val,fit,benign,processed/iotsim-building-monitor-2.csv,iotsim-building-monitor,87,benign
ood_val:20934,ood_val,fit,benign,processed/iotsim-building-monitor-2.csv,iotsim-building-monitor,88,benign
ood_val:20935,ood_val,fit,benign,processed/iotsim-building-monitor-2.csv,iotsim-building-monitor,89,benign
ood_val:20936,ood_val,fit,benign,processed/iotsim-building-monitor-2.csv,iotsim-building-monitor,90,benign
ood_val:20937,ood_val,fit,benign,processed/iotsim-building-monitor-2.csv,iotsim-building-monitor,91,benign
ood_val:20938,ood_val,fit,benign,processed/iotsim-building-monitor-2.csv,iotsim-building-monitor,92,benign
ood_val:20939,ood_val,fit,benign,processed/iotsim-building-monitor-2.csv,iotsim-building-monitor,93,benign
ood_val:20940,ood_val,fit,benign,processed/iotsim-building-monitor-2.csv,iotsim-building-monitor,94,benign
ood_val:20941,ood_val,fit,benign,processed/iotsim-building-monitor-2.csv,iotsim-building-monitor,95,benign
ood_val:20942,ood_val,fit,benign,processed/iotsim-building-monitor-2.csv,iotsim-building-monitor,96,benign
ood_val:20943,ood_val,fit,benign,processed/iotsim-building-monitor-2.csv,iotsim-building-monitor,97,benign
ood_val:20944,ood_val,fit,benign,processed/iotsim-building-monitor-2.csv,iotsim-building-monitor,98,benign
ood_val:20945,ood_val,fit,benign,processed/iotsim-building-monitor-2.csv,iotsim-building-monitor,99,benign
ood_val:20946,ood_val,fit,benign,processed/iotsim-building-monitor-2.csv,iotsim-building-monitor,100,benign
ood_val:20947,ood_val,fit,benign,processed/iotsim-building-monitor-2.csv,iotsim-building-monitor,101,benign
ood_val:20948,ood_val,fit,benign,processed/iotsim-building-monitor-2.csv,iotsim-building-monitor,102,benign
ood_val:20949,ood_val,fit,benign,processed/iotsim-building-monitor-2.csv,iotsim-building-monitor,103,benign
ood_val:20950,ood_val,fit,benign,processed/iotsim-building-monitor-2.csv,iotsim-building-monitor,104,benign
ood_val:20951,ood_val,fit,benign,processed/iotsim-building-monitor-2.csv,iotsim-building-monitor,105,benign
ood_val:20952,ood_val,fit,benign,processed/iotsim-building-monitor-2.csv,iotsim-building-monitor,106,benign
ood_val:20953,ood_val,fit,benign,processed/iotsim-building-monitor-2.csv,iotsim-building-monitor,107,benign
ood_val:20954,ood_val,fit,benign,processed/iotsim-building-monitor-2.csv,iotsim-building-monitor,108,benign
ood_val:20955,ood_val,fit,benign,processed/iotsim-building-monitor-2.csv,iotsim-building-monitor,109,benign
ood_val:20956,ood_val,fit,benign,processed/iotsim-building-monitor-2.csv,iotsim-building-monitor,110,benign
ood_val:20957,ood_val,fit,benign,processed/iotsim-building-monitor-2.csv,iotsim-building-monitor,111,benign
ood_val:20958,ood_val,fit,benign,processed/iotsim-building-monitor-2.csv,iotsim-building-monitor,112,benign
ood_val:20959,ood_val,fit,benign,processed/iotsim-building-monitor-2.csv,iotsim-building-monitor,113,benign
ood_val:20960,ood_val,fit,benign,processed/iotsim-building-monitor-2.csv,iotsim-building-monitor,114,benign
ood_val:20961,ood_val,fit,benign,processed/iotsim-building-monitor-2.csv,iotsim-building-monitor,115,benign
ood_val:20962,ood_val,fit,benign,processed/iotsim-building-monitor-2.csv,iotsim-building-monitor,116,benign
ood_val:20963,ood_val,fit,benign,processed/iotsim-building-monitor-2.csv,iotsim-building-monitor,117,benign
ood_val:20964,ood_val,fit,benign,processed/iotsim-building-monitor-2.csv,iotsim-building-monitor,118,benign
ood_val:20965,ood_val,fit,benign,processed/iotsim-building-monitor-2.csv,iotsim-building-monitor,119,benign
ood_val:20966,ood_val,fit,benign,processed/iotsim-building-monitor-2.csv,iotsim-building-monitor,120,benign
ood_val:20967,ood_val,fit,benign,processed/iotsim-building-monitor-2.csv,iotsim-building-monitor,121,benign
ood_val:20968,ood_val,fit,benign,processed/iotsim-building-monitor-2.csv,iotsim-building-monitor,122,benign
ood_val:20969,ood_val,fit,benign,processed/iotsim-building-monitor-2.csv,iotsim-building-monitor,123,benign
ood_val:20970,ood_val,fit,benign,processed/iotsim-building-monitor-2.csv,iotsim-building-monitor,124,benign
ood_val:20971,ood_val,fit,benign,processed/iotsim-building-monitor-2.csv,iotsim-building-monitor,125,benign
ood_val:20972,ood_val,fit,benign,processed/iotsim-building-monitor-2.csv,iotsim-building-monitor,126,benign
ood_val:20973,ood_val,fit,benign,processed/iotsim-building-monitor-2.csv,iotsim-building-monitor,127,benign
ood_val:20974,ood_val,fit,benign,processed/iotsim-building-monitor-2.csv,iotsim-building-monitor,128,benign
ood_val:20975,ood_val,fit,benign,processed/iotsim-building-monitor-2.csv,iotsim-building-monitor,129,benign
ood_val:20976,ood_val,fit,benign,processed/iotsim-building-monitor-2.csv,iotsim-building-monitor,130,benign
ood_val:20977,ood_val,fit,benign,processed/iotsim-building-monitor-2.csv,iotsim-building-monitor,131,benign
ood_val:20978,ood_val,fit,benign,processed/iotsim-building-monitor-2.csv,iotsim-building-monitor,132,benign
ood_val:20979,ood_val,fit,benign,processed/iotsim-building-monitor-2.csv,iotsim-building-monitor,133,benign
ood_val:20980,ood_val,fit,benign,processed/iotsim-building-monitor-2.csv,iotsim-building-monitor,134,benign
ood_val:20981,ood_val,fit,benign,processed/iotsim-building-monitor-2.csv,iotsim-building-monitor,135,benign
ood_val:20982,ood_val,fit,benign,processed/iotsim-building-monitor-2.csv,iotsim-building-monitor,136,benign
ood_val:20983,ood_val,fit,benign,processed/iotsim-building-monitor-2.csv,iotsim-building-monitor,137,benign
ood_val:20984,ood_val,fit,benign,processed/iotsim-building-monitor-2.csv,iotsim-building-monitor,138,benign
ood_val:20985,ood_val,fit,benign,processed/iotsim-building-monitor-2.csv,iotsim-building-monitor,139,benign
ood_val:20986,ood_val,fit,benign,processed/iotsim-building-monitor-2.csv,iotsim-building-monitor,140,benign
ood_val:20987,ood_val,fit,benign,processed/iotsim-building-monitor-2.csv,iotsim-building-monitor,141,benign
ood_val:20988,ood_val,fit,benign,processed/iotsim-building-monitor-2.csv,iotsim-building-monitor,142,benign
ood_val:20989,ood_val,fit,benign,processed/iotsim-building-monitor-2.csv,iotsim-building-monitor,143,benign
ood_val:20990,ood_val,fit,benign,processed/iotsim-building-monitor-2.csv,iotsim-building-monitor,144,benign
ood_val:20991,ood_val,fit,benign,processed/iotsim-building-monitor-2.csv,iotsim-building-monitor,145,benign
ood_val:20992,ood_val,fit,benign,processed/iotsim-building-monitor-2.csv,iotsim-building-monitor,146,benign
ood_val:20993,ood_val,fit,benign,processed/iotsim-building-monitor-2.csv,iotsim-building-monitor,147,benign
ood_val:20994,ood_val,fit,benign,processed/iotsim-building-monitor-2.csv,iotsim-building-monitor,148,benign
ood_val:20995,ood_val,fit,benign,processed/iotsim-building-monitor-2.csv,iotsim-building-monitor,149,benign
ood_val:20996,ood_val,fit,benign,processed/iotsim-building-monitor-2.csv,iotsim-building-monitor,150,benign
ood_val:20997,ood_val,fit,benign,processed/iotsim-building-monitor-2.csv,iotsim-building-monitor,151,benign
ood_val:20998,ood_val,fit,benign,processed/iotsim-building-monitor-2.csv,iotsim-building-monitor,152,benign
ood_val:20999,ood_val,fit,benign,processed/iotsim-building-monitor-2.csv,iotsim-building-monitor,153,benign
ood_val:21000,ood_val,fit,benign,processed/iotsim-building-monitor-2.csv,iotsim-building-monitor,154,benign
ood_val:21001,ood_val,fit,benign,processed/iotsim-building-monitor-2.csv,iotsim-building-monitor,155,benign
ood_val:21002,ood_val,fit,benign,processed/iotsim-building-monitor-2.csv,iotsim-building-monitor,156,benign
ood_val:21003,ood_val,fit,benign,processed/iotsim-building-monitor-2.csv,iotsim-building-monitor,157,benign
ood_val:21004,ood_val,fit,benign,processed/iotsim-building-monitor-2.csv,iotsim-building-monitor,158,benign
ood_val:21005,ood_val,fit,benign,processed/iotsim-building-monitor-2.csv,iotsim-building-monitor,159,benign
ood_val:21006,ood_val,fit,benign,processed/iotsim-building-monitor-2.csv,iotsim-building-monitor,160,benign
ood_val:21007,ood_val,fit,benign,processed/iotsim-building-monitor-2.csv,iotsim-building-monitor,161,benign
ood_val:21008,ood_val,fit,benign,processed/iotsim-building-monitor-2.csv,iotsim-building-monitor,162,benign
ood_val:21009,ood_val,fit,benign,processed/iotsim-building-monitor-2.csv,iotsim-building-monitor,163,benign
ood_val:21010,ood_val,fit,benign,processed/iotsim-building-monitor-2.csv,iotsim-building-monitor,164,benign
ood_val:21011,ood_val,fit,benign,processed/iotsim-building-monitor-2.csv,iotsim-building-monitor,165,benign
ood_val:21012,ood_val,fit,benign,processed/iotsim-building-monitor-2.csv,iotsim-building-monitor,166,benign
ood_val:21013,ood_val,fit,benign,processed/iotsim-building-monitor-2.csv,iotsim-building-monitor,167,benign
ood_val:21014,ood_val,fit,benign,processed/iotsim-building-monitor-2.csv,iotsim-building-monitor,168,benign
ood_val:21015,ood_val,fit,benign,processed/iotsim-building-monitor-2.csv,iotsim-building-monitor,169,benign
ood_val:21016,ood_val,fit,benign,processed/iotsim-building-monitor-2.csv,iotsim-building-monitor,170,benign
ood_val:21017,ood_val,fit,benign,processed/iotsim-building-monitor-2.csv,iotsim-building-monitor,171,benign
ood_val:21018,ood_val,fit,benign,processed/iotsim-building-monitor-2.csv,iotsim-building-monitor,172,benign
ood_val:21019,ood_val,fit,benign,processed/iotsim-building-monitor-2.csv,iotsim-building-monitor,173,benign
ood_val:21020,ood_val,fit,benign,processed/iotsim-building-monitor-2.csv,iotsim-building-monitor,174,benign
ood_val:21021,ood_val,fit,benign,processed/iotsim-building-monitor-2.csv,iotsim-building-monitor,175,benign
ood_val:21022,ood_val,fit,benign,processed/iotsim-building-monitor-2.csv,iotsim-building-monitor,176,benign
ood_val:21023,ood_val,fit,benign,processed/iotsim-building-monitor-2.csv,iotsim-building-monitor,177,benign
ood_val:21024,ood_val,fit,benign,processed/iotsim-building-monitor-2.csv,iotsim-building-monitor,178,benign
ood_val:21025,ood_val,fit,benign,processed/iotsim-building-monitor-2.csv,iotsim-building-monitor,179,benign
ood_val:21026,ood_val,fit,benign,processed/iotsim-building-monitor-2.csv,iotsim-building-monitor,180,benign
ood_val:21027,ood_val,fit,benign,processed/iotsim-building-monitor-2.csv,iotsim-building-monitor,181,benign
ood_val:21028,ood_val,fit,benign,processed/iotsim-building-monitor-2.csv,iotsim-building-monitor,182,benign
ood_val:21029,ood_val,fit,benign,processed/iotsim-building-monitor-2.csv,iotsim-building-monitor,183,benign
ood_val:21030,ood_val,fit,benign,processed/iotsim-building-monitor-2.csv,iotsim-building-monitor,184,benign
ood_val:21031,ood_val,fit,benign,processed/iotsim-building-monitor-2.csv,iotsim-building-monitor,185,benign
ood_val:21032,ood_val,fit,benign,processed/iotsim-building-monitor-2.csv,iotsim-building-monitor,186,benign
ood_val:21033,ood_val,fit,benign,processed/iotsim-building-monitor-2.csv,iotsim-building-monitor,187,benign
ood_val:21034,ood_val,fit,benign,processed/iotsim-building-monitor-2.csv,iotsim-building-monitor,188,benign
ood_val:21035,ood_val,fit,benign,processed/iotsim-building-monitor-2.csv,iotsim-building-monitor,189,benign
ood_val:21036,ood_val,fit,benign,processed/iotsim-building-monitor-2.csv,iotsim-building-monitor,190,benign
ood_val:21037,ood_val,fit,benign,processed/iotsim-building-monitor-2.csv,iotsim-building-monitor,191,benign
ood_val:21038,ood_val,fit,benign,processed/iotsim-building-monitor-2.csv,iotsim-building-monitor,192,benign
ood_val:21039,ood_val,fit,benign,processed/iotsim-building-monitor-2.csv,iotsim-building-monitor,193,benign
ood_val:21040,ood_val,fit,benign,processed/iotsim-building-monitor-2.csv,iotsim-building-monitor,194,benign
ood_val:21041,ood_val,fit,benign,processed/iotsim-building-monitor-2.csv,iotsim-building-monitor,195,benign
ood_val:21042,ood_val,fit,benign,processed/iotsim-building-monitor-2.csv,iotsim-building-monitor,196,benign
ood_val:21043,ood_val,fit,benign,processed/iotsim-building-monitor-2.csv,iotsim-building-monitor,197,benign
ood_val:21044,ood_val,fit,benign,processed/iotsim-building-monitor-2.csv,iotsim-building-monitor,198,benign
ood_val:21045,ood_val,fit,benign,processed/iotsim-building-monitor-2.csv,iotsim-building-monitor,199,benign
ood_val:21046,ood_val,fit,benign,processed/iotsim-building-monitor-2.csv,iotsim-building-monitor,200,benign
ood_val:21047,ood_val,fit,benign,processed/iotsim-building-monitor-2.csv,iotsim-building-monitor,201,benign
ood_val:21048,ood_val,fit,benign,processed/iotsim-building-monitor-2.csv,iotsim-building-monitor,202,benign
ood_val:21049,ood_val,fit,benign,processed/iotsim-building-monitor-2.csv,iotsim-building-monitor,203,benign
ood_val:21050,ood_val,fit,benign,processed/iotsim-building-monitor-2.csv,iotsim-building-monitor,204,benign
ood_val:21051,ood_val,fit,benign,processed/iotsim-building-monitor-2.csv,iotsim-building-monitor,205,benign
ood_val:21052,ood_val,fit,benign,processed/iotsim-building-monitor-2.csv,iotsim-building-monitor,206,benign
ood_val:21053,ood_val,fit,benign,processed/iotsim-building-monitor-2.csv,iotsim-building-monitor,207,benign
ood_val:21054,ood_val,fit,benign,processed/iotsim-building-monitor-2.csv,iotsim-building-monitor,208,benign
ood_val:21055,ood_val,fit,benign,processed/iotsim-building-monitor-2.csv,iotsim-building-monitor,209,benign
ood_val:21056,ood_val,fit,benign,processed/iotsim-building-monitor-2.csv,iotsim-building-monitor,210,benign
ood_val:21057,ood_val,fit,benign,processed/iotsim-building-monitor-2.csv,iotsim-building-monitor,211,benign
ood_val:21058,ood_val,fit,benign,processed/iotsim-building-monitor-2.csv,iotsim-building-monitor,212,benign
ood_val:21059,ood_val,fit,benign,processed/iotsim-building-monitor-2.csv,iotsim-building-monitor,213,benign
ood_val:21060,ood_val,fit,benign,processed/iotsim-building-monitor-2.csv,iotsim-building-monitor,214,benign
ood_val:21061,ood_val,fit,benign,processed/iotsim-building-monitor-2.csv,iotsim-building-monitor,215,benign
ood_val:21062,ood_val,fit,benign,processed/iotsim-building-monitor-2.csv,iotsim-building-monitor,216,benign
ood_val:21063,ood_val,fit,benign,processed/iotsim-building-monitor-2.csv,iotsim-building-monitor,217,benign
ood_val:21064,ood_val,fit,benign,processed/iotsim-building-monitor-2.csv,iotsim-building-monitor,218,benign
ood_val:21065,ood_val,fit,benign,processed/iotsim-building-monitor-2.csv,iotsim-building-monitor,219,benign
ood_val:21066,ood_val,fit,benign,processed/iotsim-building-monitor-2.csv,iotsim-building-monitor,220,benign
ood_val:21067,ood_val,fit,benign,processed/iotsim-building-monitor-2.csv,iotsim-building-monitor,221,benign
ood_val:21068,ood_val,fit,benign,processed/iotsim-building-monitor-2.csv,iotsim-building-monitor,222,benign
ood_val:21069,ood_val,fit,benign,processed/iotsim-building-monitor-2.csv,iotsim-building-monitor,223,benign
ood_val:21070,ood_val,fit,benign,processed/iotsim-building-monitor-2.csv,iotsim-building-monitor,224,benign
ood_val:21071,ood_val,fit,benign,processed/iotsim-building-monitor-2.csv,iotsim-building-monitor,225,benign
ood_val:21072,ood_val,fit,benign,processed/iotsim-building-monitor-2.csv,iotsim-building-monitor,226,benign
ood_val:21073,ood_val,fit,benign,processed/iotsim-building-monitor-2.csv,iotsim-building-monitor,227,benign
ood_val:21074,ood_val,fit,benign,processed/iotsim-building-monitor-2.csv,iotsim-building-monitor,228,benign
ood_val:21075,ood_val,fit,benign,processed/iotsim-building-monitor-2.csv,iotsim-building-monitor,229,benign
ood_val:21076,ood_val,fit,benign,processed/iotsim-building-monitor-2.csv,iotsim-building-monitor,230,benign
ood_val:21077,ood_val,fit,benign,processed/iotsim-building-monitor-2.csv,iotsim-building-monitor,231,benign
ood_val:21078,ood_val,fit,benign,processed/iotsim-building-monitor-2.csv,iotsim-building-monitor,232,benign
ood_val:21079,ood_val,fit,benign,processed/iotsim-building-monitor-2.csv,iotsim-building-monitor,233,benign
ood_val:21080,ood_val,fit,benign,processed/iotsim-building-monitor-2.csv,iotsim-building-monitor,234,benign
ood_val:21081,ood_val,fit,benign,processed/iotsim-building-monitor-2.csv,iotsim-building-monitor,235,benign
ood_val:21082,ood_val,fit,benign,processed/iotsim-building-monitor-2.csv,iotsim-building-monitor,236,benign
ood_val:21083,ood_val,fit,benign,processed/iotsim-building-monitor-2.csv,iotsim-building-monitor,237,benign
ood_val:21084,ood_val,fit,benign,processed/iotsim-building-monitor-2.csv,iotsim-building-monitor,238,benign
ood_val:21085,ood_val,fit,benign,processed/iotsim-building-monitor-2.csv,iotsim-building-monitor,239,benign
ood_val:21086,ood_val,fit,benign,processed/iotsim-building-monitor-2.csv,iotsim-building-monitor,240,benign
ood_val:21087,ood_val,fit,benign,processed/iotsim-building-monitor-2.csv,iotsim-building-monitor,241,benign
ood_val:21088,ood_val,fit,benign,processed/iotsim-building-monitor-2.csv,iotsim-building-monitor,242,benign
ood_val:21089,ood_val,fit,benign,processed/iotsim-building-monitor-2.csv,iotsim-building-monitor,243,benign
ood_val:21090,ood_val,fit,benign,processed/iotsim-building-monitor-2.csv,iotsim-building-monitor,244,benign
ood_val:21091,ood_val,fit,benign,processed/iotsim-building-monitor-2.csv,iotsim-building-monitor,245,benign
ood_val:21092,ood_val,fit,benign,processed/iotsim-building-monitor-2.csv,iotsim-building-monitor,246,benign
ood_val:21093,ood_val,fit,benign,processed/iotsim-building-monitor-2.csv,iotsim-building-monitor,247,benign
ood_val:21094,ood_val,fit,benign,processed/iotsim-building-monitor-2.csv,iotsim-building-monitor,248,benign
ood_val:21095,ood_val,fit,benign,processed/iotsim-building-monitor-2.csv,iotsim-building-monitor,249,benign
ood_val:21096,ood_val,fit,benign,processed/iotsim-building-monitor-2.csv,iotsim-building-monitor,250,benign
ood_val:21097,ood_val,fit,benign,processed/iotsim-building-monitor-2.csv,iotsim-building-monitor,251,benign
ood_val:21098,ood_val,fit,benign,processed/iotsim-building-monitor-2.csv,iotsim-building-monitor,252,benign
ood_val:21099,ood_val,fit,benign,processed/iotsim-building-monitor-2.csv,iotsim-building-monitor,253,benign
ood_val:21100,ood_val,fit,benign,processed/iotsim-building-monitor-2.csv,iotsim-building-monitor,254,benign
ood_val:21101,ood_val,fit,benign,processed/iotsim-building-monitor-2.csv,iotsim-building-monitor,255,benign
ood_val:21102,ood_val,fit,benign,processed/iotsim-building-monitor-2.csv,iotsim-building-monitor,256,benign
ood_val:21103,ood_val,fit,benign,processed/iotsim-building-monitor-2.csv,iotsim-building-monitor,257,benign
ood_val:21104,ood_val,fit,benign,processed/iotsim-building-monitor-2.csv,iotsim-building-monitor,258,benign
ood_val:21105,ood_val,fit,benign,processed/iotsim-building-monitor-2.csv,iotsim-building-monitor,259,benign
ood_val:21106,ood_val,fit,benign,processed/iotsim-building-monitor-2.csv,iotsim-building-monitor,260,benign
ood_val:21107,ood_val,fit,benign,processed/iotsim-building-monitor-2.csv,iotsim-building-monitor,261,benign
ood_val:21108,ood_val,fit,benign,processed/iotsim-building-monitor-2.csv,iotsim-building-monitor,262,benign
ood_val:21109,ood_val,fit,benign,processed/iotsim-building-monitor-2.csv,iotsim-building-monitor,263,benign
ood_val:21110,ood_val,fit,benign,processed/iotsim-building-monitor-2.csv,iotsim-building-monitor,264,benign
ood_val:21111,ood_val,fit,benign,processed/iotsim-building-monitor-2.csv,iotsim-building-monitor,265,benign
ood_val:21112,ood_val,fit,benign,processed/iotsim-building-monitor-2.csv,iotsim-building-monitor,266,benign
ood_val:21113,ood_val,fit,benign,processed/iotsim-building-monitor-2.csv,iotsim-building-monitor,267,benign
ood_val:21114,ood_val,fit,benign,processed/iotsim-building-monitor-2.csv,iotsim-building-monitor,268,benign
ood_val:21115,ood_val,fit,benign,processed/iotsim-building-monitor-2.csv,iotsim-building-monitor,269,benign
ood_val:21116,ood_val,fit,benign,processed/iotsim-building-monitor-2.csv,iotsim-building-monitor,270,benign
ood_val:21117,ood_val,fit,benign,processed/iotsim-building-monitor-2.csv,iotsim-building-monitor,271,benign
ood_val:21118,ood_val,fit,benign,processed/iotsim-building-monitor-2.csv,iotsim-building-monitor,272,benign
ood_val:21119,ood_val,fit,benign,processed/iotsim-building-monitor-2.csv,iotsim-building-monitor,273,benign
ood_val:21120,ood_val,fit,benign,processed/iotsim-building-monitor-2.csv,iotsim-building-monitor,274,benign
ood_val:21121,ood_val,fit,benign,processed/iotsim-building-monitor-2.csv,iotsim-building-monitor,275,benign
ood_val:21122,ood_val,fit,benign,processed/iotsim-building-monitor-2.csv,iotsim-building-monitor,276,benign
ood_val:21123,ood_val,fit,benign,processed/iotsim-building-monitor-2.csv,iotsim-building-monitor,277,benign
ood_val:21124,ood_val,fit,benign,processed/iotsim-building-monitor-2.csv,iotsim-building-monitor,278,benign
ood_val:21125,ood_val,fit,benign,processed/iotsim-building-monitor-2.csv,iotsim-building-monitor,279,benign
ood_val:21126,ood_val,fit,benign,processed/iotsim-building-monitor-2.csv,iotsim-building-monitor,280,benign
ood_val:21127,ood_val,fit,benign,processed/iotsim-building-monitor-2.csv,iotsim-building-monitor,281,benign
ood_val:21128,ood_val,fit,benign,processed/iotsim-building-monitor-2.csv,iotsim-building-monitor,282,benign
ood_val:21129,ood_val,fit,benign,processed/iotsim-building-monitor-2.csv,iotsim-building-monitor,283,benign
ood_val:21130,ood_val,fit,benign,processed/iotsim-building-monitor-2.csv,iotsim-building-monitor,284,benign
ood_val:21131,ood_val,fit,benign,processed/iotsim-building-monitor-2.csv,iotsim-building-monitor,285,benign
ood_val:21132,ood_val,fit,benign,processed/iotsim-building-monitor-2.csv,iotsim-building-monitor,286,benign
ood_val:21133,ood_val,fit,benign,processed/iotsim-building-monitor-2.csv,iotsim-building-monitor,287,benign
ood_val:21134,ood_val,fit,benign,processed/iotsim-building-monitor-2.csv,iotsim-building-monitor,288,benign
ood_val:21135,ood_val,fit,benign,processed/iotsim-building-monitor-2.csv,iotsim-building-monitor,289,benign
ood_val:21136,ood_val,fit,benign,processed/iotsim-building-monitor-2.csv,iotsim-building-monitor,290,benign
ood_val:21137,ood_val,fit,benign,processed/iotsim-building-monitor-2.csv,iotsim-building-monitor,291,benign
ood_val:21138,ood_val,fit,benign,processed/iotsim-building-monitor-2.csv,iotsim-building-monitor,292,benign
ood_val:21139,ood_val,fit,benign,processed/iotsim-building-monitor-2.csv,iotsim-building-monitor,293,benign
ood_val:21140,ood_val,fit,benign,processed/iotsim-building-monitor-2.csv,iotsim-building-monitor,294,benign
ood_val:21141,ood_val,fit,benign,processed/iotsim-building-monitor-2.csv,iotsim-building-monitor,295,benign
ood_val:21142,ood_val,fit,benign,processed/iotsim-building-monitor-2.csv,iotsim-building-monitor,296,benign
ood_val:21143,ood_val,fit,benign,processed/iotsim-building-monitor-2.csv,iotsim-building-monitor,297,benign
ood_val:21144,ood_val,fit,benign,processed/iotsim-building-monitor-2.csv,iotsim-building-monitor,298,benign
ood_val:21145,ood_val,fit,benign,processed/iotsim-building-monitor-2.csv,iotsim-building-monitor,299,benign
ood_val:21146,ood_val,fit,benign,processed/iotsim-building-monitor-2.csv,iotsim-building-monitor,300,benign
ood_val:21147,ood_val,fit,benign,processed/iotsim-building-monitor-2.csv,iotsim-building-monitor,301,benign
ood_val:21148,ood_val,fit,benign,processed/iotsim-building-monitor-2.csv,iotsim-building-monitor,302,benign
ood_val:21149,ood_val,fit,benign,processed/iotsim-building-monitor-2.csv,iotsim-building-monitor,303,benign
ood_val:21150,ood_val,fit,benign,processed/iotsim-building-monitor-2.csv,iotsim-building-monitor,304,benign
ood_val:21151,ood_val,fit,benign,processed/iotsim-building-monitor-2.csv,iotsim-building-monitor,305,benign
ood_val:21152,ood_val,fit,benign,processed/iotsim-building-monitor-2.csv,iotsim-building-monitor,306,benign
ood_val:21153,ood_val,fit,benign,processed/iotsim-building-monitor-2.csv,iotsim-building-monitor,307,benign
ood_val:21154,ood_val,fit,benign,processed/iotsim-building-monitor-2.csv,iotsim-building-monitor,308,benign
ood_val:21155,ood_val,fit,benign,processed/iotsim-building-monitor-2.csv,iotsim-building-monitor,309,benign
ood_val:21156,ood_val,fit,benign,processed/iotsim-building-monitor-2.csv,iotsim-building-monitor,310,benign
ood_val:21157,ood_val,fit,benign,processed/iotsim-building-monitor-2.csv,iotsim-building-monitor,311,benign
ood_val:21158,ood_val,fit,benign,processed/iotsim-building-monitor-2.csv,iotsim-building-monitor,312,benign
ood_val:21159,ood_val,fit,benign,processed/iotsim-building-monitor-2.csv,iotsim-building-monitor,313,benign
ood_val:21160,ood_val,fit,benign,processed/iotsim-building-monitor-2.csv,iotsim-building-monitor,314,benign
ood_val:21161,ood_val,fit,benign,processed/iotsim-building-monitor-2.csv,iotsim-building-monitor,315,benign
ood_val:21162,ood_val,fit,benign,processed/iotsim-building-monitor-2.csv,iotsim-building-monitor,316,benign
ood_val:21163,ood_val,fit,benign,processed/iotsim-building-monitor-2.csv,iotsim-building-monitor,317,benign
ood_val:21164,ood_val,fit,benign,processed/iotsim-building-monitor-2.csv,iotsim-building-monitor,318,benign
ood_val:21165,ood_val,fit,benign,processed/iotsim-building-monitor-2.csv,iotsim-building-monitor,319,benign
ood_val:21166,ood_val,fit,benign,processed/iotsim-building-monitor-2.csv,iotsim-building-monitor,320,benign
ood_val:21167,ood_val,fit,benign,processed/iotsim-building-monitor-2.csv,iotsim-building-monitor,321,benign
ood_val:21168,ood_val,fit,benign,processed/iotsim-building-monitor-2.csv,iotsim-building-monitor,322,benign
ood_val:21169,ood_val,fit,benign,processed/iotsim-building-monitor-2.csv,iotsim-building-monitor,323,benign
ood_val:21170,ood_val,fit,benign,processed/iotsim-building-monitor-2.csv,iotsim-building-monitor,324,benign
ood_val:21171,ood_val,fit,benign,processed/iotsim-building-monitor-2.csv,iotsim-building-monitor,325,benign
ood_val:21172,ood_val,fit,benign,processed/iotsim-building-monitor-2.csv,iotsim-building-monitor,326,benign
ood_val:21173,ood_val,fit,benign,processed/iotsim-building-monitor-2.csv,iotsim-building-monitor,327,benign
ood_val:21174,ood_val,fit,benign,processed/iotsim-building-monitor-2.csv,iotsim-building-monitor,328,benign
ood_val:21175,ood_val,fit,benign,processed/iotsim-building-monitor-2.csv,iotsim-building-monitor,329,benign
ood_val:21176,ood_val,fit,benign,processed/iotsim-building-monitor-2.csv,iotsim-building-monitor,330,benign
ood_val:21177,ood_val,fit,benign,processed/iotsim-building-monitor-2.csv,iotsim-building-monitor,331,benign
ood_val:21178,ood_val,fit,benign,processed/iotsim-building-monitor-2.csv,iotsim-building-monitor,332,benign
ood_val:21179,ood_val,fit,benign,processed/iotsim-building-monitor-2.csv,iotsim-building-monitor,333,benign
ood_val:21180,ood_val,fit,benign,processed/iotsim-building-monitor-2.csv,iotsim-building-monitor,334,benign
ood_val:21181,ood_val,fit,benign,processed/iotsim-building-monitor-2.csv,iotsim-building-monitor,335,benign
ood_val:21182,ood_val,fit,benign,processed/iotsim-building-monitor-2.csv,iotsim-building-monitor,336,benign
ood_val:21183,ood_val,fit,benign,processed/iotsim-building-monitor-2.csv,iotsim-building-monitor,337,benign
ood_val:21184,ood_val,fit,benign,processed/iotsim-building-monitor-2.csv,iotsim-building-monitor,338,benign
ood_val:21185,ood_val,fit,benign,processed/iotsim-building-monitor-2.csv,iotsim-building-monitor,339,benign
ood_val:21186,ood_val,fit,benign,processed/iotsim-building-monitor-2.csv,iotsim-building-monitor,340,benign
ood_val:21187,ood_val,fit,benign,processed/iotsim-building-monitor-2.csv,iotsim-building-monitor,341,benign
ood_val:21188,ood_val,fit,benign,processed/iotsim-building-monitor-2.csv,iotsim-building-monitor,342,benign
ood_val:21189,ood_val,fit,benign,processed/iotsim-building-monitor-2.csv,iotsim-building-monitor,343,benign
ood_val:21190,ood_val,fit,benign,processed/iotsim-building-monitor-2.csv,iotsim-building-monitor,344,benign
ood_val:21191,ood_val,fit,benign,processed/iotsim-building-monitor-2.csv,iotsim-building-monitor,345,benign
ood_val:21192,ood_val,fit,benign,processed/iotsim-building-monitor-2.csv,iotsim-building-monitor,346,benign
ood_val:21193,ood_val,fit,benign,processed/iotsim-building-monitor-2.csv,iotsim-building-monitor,347,benign
ood_val:21194,ood_val,fit,benign,processed/iotsim-building-monitor-2.csv,iotsim-building-monitor,348,benign
ood_val:21195,ood_val,fit,benign,processed/iotsim-building-monitor-2.csv,iotsim-building-monitor,349,benign
ood_val:21196,ood_val,fit,benign,processed/iotsim-building-monitor-2.csv,iotsim-building-monitor,350,benign
ood_val:21197,ood_val,fit,benign,processed/iotsim-building-monitor-2.csv,iotsim-building-monitor,351,benign
ood_val:21198,ood_val,fit,benign,processed/iotsim-building-monitor-2.csv,iotsim-building-monitor,352,benign
ood_val:21199,ood_val,fit,benign,processed/iotsim-building-monitor-2.csv,iotsim-building-monitor,353,benign
ood_val:21200,ood_val,fit,benign,processed/iotsim-building-monitor-2.csv,iotsim-building-monitor,354,benign
ood_val:21201,ood_val,fit,benign,processed/iotsim-building-monitor-2.csv,iotsim-building-monitor,355,benign
ood_val:21202,ood_val,fit,benign,processed/iotsim-building-monitor-2.csv,iotsim-building-monitor,356,benign
ood_val:21203,ood_val,fit,benign,processed/iotsim-building-monitor-2.csv,iotsim-building-monitor,357,benign
ood_val:21204,ood_val,fit,benign,processed/iotsim-building-monitor-2.csv,iotsim-building-monitor,358,benign
ood_val:21205,ood_val,fit,benign,processed/iotsim-building-monitor-2.csv,iotsim-building-monitor,359,benign
ood_val:21206,ood_val,fit,benign,processed/iotsim-building-monitor-2.csv,iotsim-building-monitor,360,benign
ood_val:21207,ood_val,fit,benign,processed/iotsim-building-monitor-2.csv,iotsim-building-monitor,361,benign
ood_val:21208,ood_val,fit,benign,processed/iotsim-building-monitor-2.csv,iotsim-building-monitor,362,benign
ood_val:21209,ood_val,fit,benign,processed/iotsim-building-monitor-2.csv,iotsim-building-monitor,363,benign
ood_val:21210,ood_val,fit,benign,processed/iotsim-building-monitor-2.csv,iotsim-building-monitor,364,benign
ood_val:21211,ood_val,fit,benign,processed/iotsim-building-monitor-2.csv,iotsim-building-monitor,365,benign
ood_val:21212,ood_val,fit,benign,processed/iotsim-building-monitor-2.csv,iotsim-building-monitor,366,benign
ood_val:21213,ood_val,fit,benign,processed/iotsim-building-monitor-2.csv,iotsim-building-monitor,367,benign
ood_val:21214,ood_val,fit,benign,processed/iotsim-building-monitor-2.csv,iotsim-building-monitor,368,benign
ood_val:21215,ood_val,fit,benign,processed/iotsim-building-monitor-2.csv,iotsim-building-monitor,369,benign
ood_val:21216,ood_val,fit,benign,processed/iotsim-building-monitor-2.csv,iotsim-building-monitor,370,benign
ood_val:21217,ood_val,fit,benign,processed/iotsim-building-monitor-2.csv,iotsim-building-monitor,371,benign
ood_val:21218,ood_val,fit,benign,processed/iotsim-building-monitor-2.csv,iotsim-building-monitor,372,benign
ood_val:21219,ood_val,fit,benign,processed/iotsim-building-monitor-2.csv,iotsim-building-monitor,373,benign
ood_val:21220,ood_val,fit,benign,processed/iotsim-building-monitor-2.csv,iotsim-building-monitor,374,benign
ood_val:21221,ood_val,fit,benign,processed/iotsim-building-monitor-2.csv,iotsim-building-monitor,375,benign
ood_val:21222,ood_val,fit,benign,processed/iotsim-building-monitor-2.csv,iotsim-building-monitor,376,benign
ood_val:21223,ood_val,fit,benign,processed/iotsim-building-monitor-2.csv,iotsim-building-monitor,377,benign
ood_val:21224,ood_val,fit,benign,processed/iotsim-building-monitor-2.csv,iotsim-building-monitor,378,benign
ood_val:21225,ood_val,fit,benign,processed/iotsim-building-monitor-2.csv,iotsim-building-monitor,379,benign
ood_val:21226,ood_val,fit,benign,processed/iotsim-building-monitor-2.csv,iotsim-building-monitor,380,benign
ood_val:21227,ood_val,fit,benign,processed/iotsim-building-monitor-2.csv,iotsim-building-monitor,381,benign
ood_val:21228,ood_val,fit,benign,processed/iotsim-building-monitor-2.csv,iotsim-building-monitor,382,benign
ood_val:21229,ood_val,fit,benign,processed/iotsim-building-monitor-2.csv,iotsim-building-monitor,383,benign
ood_val:21230,ood_val,fit,benign,processed/iotsim-building-monitor-2.csv,iotsim-building-monitor,384,benign
ood_val:21231,ood_val,fit,benign,processed/iotsim-building-monitor-2.csv,iotsim-building-monitor,385,benign
ood_val:21232,ood_val,fit,benign,processed/iotsim-building-monitor-2.csv,iotsim-building-monitor,386,benign
ood_val:21233,ood_val,fit,benign,processed/iotsim-building-monitor-2.csv,iotsim-building-monitor,387,benign
ood_val:21234,ood_val,fit,benign,processed/iotsim-building-monitor-2.csv,iotsim-building-monitor,388,benign
ood_val:21235,ood_val,fit,benign,processed/iotsim-building-monitor-2.csv,iotsim-building-monitor,389,benign
ood_val:21236,ood_val,fit,benign,processed/iotsim-building-monitor-2.csv,iotsim-building-monitor,390,benign
ood_val:21237,ood_val,fit,benign,processed/iotsim-building-monitor-2.csv,iotsim-building-monitor,391,benign
ood_val:21238,ood_val,fit,benign,processed/iotsim-building-monitor-2.csv,iotsim-building-monitor,392,benign
ood_val:21239,ood_val,fit,benign,processed/iotsim-building-monitor-2.csv,iotsim-building-monitor,393,benign
ood_val:21240,ood_val,fit,benign,processed/iotsim-building-monitor-2.csv,iotsim-building-monitor,394,benign
ood_val:21241,ood_val,fit,benign,processed/iotsim-building-monitor-2.csv,iotsim-building-monitor,395,benign
ood_val:21242,ood_val,fit,benign,processed/iotsim-building-monitor-2.csv,iotsim-building-monitor,396,benign
ood_val:21243,ood_val,fit,benign,processed/iotsim-building-monitor-2.csv,iotsim-building-monitor,397,benign
ood_val:21244,ood_val,fit,benign,processed/iotsim-building-monitor-2.csv,iotsim-building-monitor,398,benign
ood_val:21245,ood_val,fit,benign,processed/iotsim-building-monitor-2.csv,iotsim-building-monitor,399,benign
ood_val:21246,ood_val,fit,benign,processed/iotsim-building-monitor-2.csv,iotsim-building-monitor,400,benign
ood_val:21247,ood_val,fit,benign,processed/iotsim-building-monitor-2.csv,iotsim-building-monitor,401,benign
ood_val:21248,ood_val,fit,benign,processed/iotsim-building-monitor-2.csv,iotsim-building-monitor,402,benign
ood_val:21249,ood_val,fit,benign,processed/iotsim-building-monitor-2.csv,iotsim-building-monitor,403,benign
ood_val:21250,ood_val,fit,benign,processed/iotsim-building-monitor-2.csv,iotsim-building-monitor,404,benign
ood_val:21251,ood_val,fit,benign,processed/iotsim-building-monitor-2.csv,iotsim-building-monitor,405,benign
ood_val:21252,ood_val,fit,benign,processed/iotsim-building-monitor-2.csv,iotsim-building-monitor,406,benign
ood_val:21253,ood_val,fit,benign,processed/iotsim-building-monitor-2.csv,iotsim-building-monitor,407,benign
ood_val:21254,ood_val,fit,benign,processed/iotsim-building-monitor-2.csv,iotsim-building-monitor,408,benign
ood_val:21255,ood_val,fit,benign,processed/iotsim-building-monitor-2.csv,iotsim-building-monitor,409,benign
ood_val:21256,ood_val,fit,benign,processed/iotsim-building-monitor-2.csv,iotsim-building-monitor,410,benign
ood_val:21257,ood_val,fit,benign,processed/iotsim-building-monitor-2.csv,iotsim-building-monitor,411,benign
ood_val:21258,ood_val,fit,benign,processed/iotsim-building-monitor-2.csv,iotsim-building-monitor,412,benign
ood_val:21259,ood_val,fit,benign,processed/iotsim-building-monitor-2.csv,iotsim-building-monitor,413,benign
ood_val:21260,ood_val,fit,benign,processed/iotsim-building-monitor-2.csv,iotsim-building-monitor,414,benign
ood_val:21261,ood_val,fit,benign,processed/iotsim-building-monitor-2.csv,iotsim-building-monitor,415,benign
ood_val:21262,ood_val,fit,benign,processed/iotsim-building-monitor-2.csv,iotsim-building-monitor,416,benign
ood_val:21263,ood_val,fit,benign,processed/iotsim-building-monitor-2.csv,iotsim-building-monitor,417,benign
ood_val:21264,ood_val,fit,benign,processed/iotsim-building-monitor-2.csv,iotsim-building-monitor,418,benign
ood_val:21265,ood_val,fit,benign,processed/iotsim-building-monitor-2.csv,iotsim-building-monitor,419,benign
ood_val:21266,ood_val,fit,benign,processed/iotsim-building-monitor-2.csv,iotsim-building-monitor,420,benign
ood_val:21267,ood_val,fit,benign,processed/iotsim-building-monitor-2.csv,iotsim-building-monitor,421,benign
ood_val:21268,ood_val,fit,benign,processed/iotsim-building-monitor-2.csv,iotsim-building-monitor,422,benign
ood_val:21269,ood_val,fit,benign,processed/iotsim-building-monitor-2.csv,iotsim-building-monitor,423,benign
ood_val:21270,ood_val,fit,benign,processed/iotsim-building-monitor-2.csv,iotsim-building-monitor,424,benign
ood_val:21271,ood_val,fit,benign,processed/iotsim-building-monitor-2.csv,iotsim-building-monitor,425,benign
ood_val:21272,ood_val,fit,benign,processed/iotsim-building-monitor-2.csv,iotsim-building-monitor,426,benign
ood_val:21273,ood_val,fit,benign,processed/iotsim-building-monitor-2.csv,iotsim-building-monitor,427,benign
ood_val:21274,ood_val,fit,benign,processed/iotsim-building-monitor-2.csv,iotsim-building-monitor,428,benign
ood_val:21275,ood_val,fit,benign,processed/iotsim-building-monitor-2.csv,iotsim-building-monitor,429,benign
ood_val:21276,ood_val,fit,benign,processed/iotsim-building-monitor-2.csv,iotsim-building-monitor,430,benign
ood_val:21277,ood_val,fit,benign,processed/iotsim-building-monitor-2.csv,iotsim-building-monitor,431,benign
ood_val:21278,ood_val,fit,benign,processed/iotsim-building-monitor-2.csv,iotsim-building-monitor,432,benign
ood_val:21279,ood_val,fit,benign,processed/iotsim-building-monitor-2.csv,iotsim-building-monitor,433,benign
ood_val:21280,ood_val,fit,benign,processed/iotsim-building-monitor-2.csv,iotsim-building-monitor,434,benign
ood_val:21281,ood_val,fit,benign,processed/iotsim-building-monitor-2.csv,iotsim-building-monitor,435,benign
ood_val:21282,ood_val,fit,benign,processed/iotsim-building-monitor-2.csv,iotsim-building-monitor,436,benign
ood_val:21283,ood_val,fit,benign,processed/iotsim-building-monitor-2.csv,iotsim-building-monitor,437,benign
ood_val:21284,ood_val,fit,benign,processed/iotsim-building-monitor-2.csv,iotsim-building-monitor,438,benign
ood_val:21285,ood_val,fit,benign,processed/iotsim-building-monitor-2.csv,iotsim-building-monitor,439,benign
ood_val:21286,ood_val,fit,benign,processed/iotsim-building-monitor-2.csv,iotsim-building-monitor,440,benign
ood_val:21287,ood_val,fit,benign,processed/iotsim-building-monitor-2.csv,iotsim-building-monitor,441,benign
ood_val:21288,ood_val,fit,benign,processed/iotsim-building-monitor-2.csv,iotsim-building-monitor,442,benign
ood_val:21289,ood_val,fit,benign,processed/iotsim-building-monitor-2.csv,iotsim-building-monitor,443,benign
ood_val:21290,ood_val,fit,benign,processed/iotsim-building-monitor-2.csv,iotsim-building-monitor,444,benign
ood_val:21291,ood_val,fit,benign,processed/iotsim-building-monitor-2.csv,iotsim-building-monitor,445,benign
ood_val:21292,ood_val,fit,benign,processed/iotsim-building-monitor-2.csv,iotsim-building-monitor,446,benign
ood_val:21293,ood_val,fit,benign,processed/iotsim-building-monitor-2.csv,iotsim-building-monitor,447,benign
ood_val:21294,ood_val,fit,benign,processed/iotsim-building-monitor-2.csv,iotsim-building-monitor,448,benign
ood_val:21295,ood_val,fit,benign,processed/iotsim-building-monitor-2.csv,iotsim-building-monitor,449,benign
ood_val:21296,ood_val,fit,benign,processed/iotsim-building-monitor-2.csv,iotsim-building-monitor,450,benign
ood_val:21297,ood_val,fit,benign,processed/iotsim-building-monitor-2.csv,iotsim-building-monitor,451,benign
ood_val:21298,ood_val,fit,benign,processed/iotsim-building-monitor-2.csv,iotsim-building-monitor,452,benign
ood_val:21299,ood_val,fit,benign,processed/iotsim-building-monitor-2.csv,iotsim-building-monitor,453,benign
ood_val:21300,ood_val,fit,benign,processed/iotsim-building-monitor-2.csv,iotsim-building-monitor,454,benign
ood_val:21301,ood_val,fit,benign,processed/iotsim-building-monitor-2.csv,iotsim-building-monitor,455,benign
ood_val:21302,ood_val,fit,benign,processed/iotsim-building-monitor-2.csv,iotsim-building-monitor,456,benign
ood_val:21303,ood_val,fit,benign,processed/iotsim-building-monitor-2.csv,iotsim-building-monitor,457,benign
ood_val:21304,ood_val,fit,benign,processed/iotsim-building-monitor-2.csv,iotsim-building-monitor,458,benign
ood_val:21305,ood_val,fit,benign,processed/iotsim-building-monitor-2.csv,iotsim-building-monitor,459,benign
ood_val:21306,ood_val,fit,benign,processed/iotsim-building-monitor-2.csv,iotsim-building-monitor,460,benign
ood_val:21307,ood_val,fit,benign,processed/iotsim-building-monitor-2.csv,iotsim-building-monitor,461,benign
ood_val:21308,ood_val,fit,benign,processed/iotsim-building-monitor-2.csv,iotsim-building-monitor,462,benign
ood_val:21309,ood_val,fit,benign,processed/iotsim-building-monitor-2.csv,iotsim-building-monitor,463,benign
ood_val:21310,ood_val,fit,benign,processed/iotsim-building-monitor-2.csv,iotsim-building-monitor,464,benign
ood_val:21311,ood_val,fit,benign,processed/iotsim-building-monitor-2.csv,iotsim-building-monitor,465,benign
ood_val:21312,ood_val,fit,benign,processed/iotsim-building-monitor-2.csv,iotsim-building-monitor,466,benign
ood_val:21313,ood_val,fit,benign,processed/iotsim-building-monitor-2.csv,iotsim-building-monitor,467,benign
ood_val:21314,ood_val,fit,benign,processed/iotsim-building-monitor-2.csv,iotsim-building-monitor,468,benign
ood_val:21315,ood_val,fit,benign,processed/iotsim-building-monitor-2.csv,iotsim-building-monitor,469,benign
ood_val:21316,ood_val,fit,benign,processed/iotsim-building-monitor-2.csv,iotsim-building-monitor,470,benign
ood_val:21317,ood_val,fit,benign,processed/iotsim-building-monitor-2.csv,iotsim-building-monitor,471,benign
ood_val:21318,ood_val,fit,benign,processed/iotsim-building-monitor-2.csv,iotsim-building-monitor,472,benign
ood_val:21319,ood_val,fit,benign,processed/iotsim-building-monitor-2.csv,iotsim-building-monitor,473,benign
ood_val:21320,ood_val,fit,benign,processed/iotsim-building-monitor-2.csv,iotsim-building-monitor,474,benign
ood_val:21321,ood_val,fit,benign,processed/iotsim-building-monitor-2.csv,iotsim-building-monitor,475,benign
ood_val:21322,ood_val,fit,benign,processed/iotsim-building-monitor-2.csv,iotsim-building-monitor,476,benign
ood_val:21323,ood_val,fit,benign,processed/iotsim-building-monitor-2.csv,iotsim-building-monitor,477,benign
ood_val:21324,ood_val,fit,benign,processed/iotsim-building-monitor-2.csv,iotsim-building-monitor,478,benign
ood_val:21325,ood_val,fit,benign,processed/iotsim-building-monitor-2.csv,iotsim-building-monitor,479,benign
ood_val:21326,ood_val,fit,benign,processed/iotsim-building-monitor-2.csv,iotsim-building-monitor,480,benign
ood_val:21327,ood_val,fit,benign,processed/iotsim-building-monitor-2.csv,iotsim-building-monitor,481,benign
ood_val:21328,ood_val,fit,benign,processed/iotsim-building-monitor-2.csv,iotsim-building-monitor,482,benign
ood_val:21329,ood_val,fit,benign,processed/iotsim-building-monitor-2.csv,iotsim-building-monitor,483,benign
ood_val:21330,ood_val,fit,benign,processed/iotsim-building-monitor-2.csv,iotsim-building-monitor,484,benign
ood_val:21331,ood_val,fit,benign,processed/iotsim-building-monitor-2.csv,iotsim-building-monitor,485,benign
ood_val:21332,ood_val,fit,benign,processed/iotsim-building-monitor-2.csv,iotsim-building-monitor,486,benign
ood_val:21333,ood_val,fit,benign,processed/iotsim-building-monitor-2.csv,iotsim-building-monitor,487,benign
ood_val:21334,ood_val,fit,benign,processed/iotsim-building-monitor-2.csv,iotsim-building-monitor,488,benign
ood_val:21335,ood_val,fit,benign,processed/iotsim-building-monitor-2.csv,iotsim-building-monitor,489,benign
ood_val:21336,ood_val,fit,benign,processed/iotsim-building-monitor-2.csv,iotsim-building-monitor,490,benign
ood_val:21337,ood_val,fit,benign,processed/iotsim-building-monitor-2.csv,iotsim-building-monitor,491,benign
ood_val:21338,ood_val,fit,benign,processed/iotsim-building-monitor-2.csv,iotsim-building-monitor,492,benign
ood_val:21339,ood_val,fit,benign,processed/iotsim-building-monitor-2.csv,iotsim-building-monitor,493,benign
ood_val:21340,ood_val,fit,benign,processed/iotsim-building-monitor-2.csv,iotsim-building-monitor,494,benign
ood_val:21341,ood_val,fit,benign,processed/iotsim-building-monitor-2.csv,iotsim-building-monitor,495,benign
ood_val:21342,ood_val,fit,benign,processed/iotsim-building-monitor-2.csv,iotsim-building-monitor,496,benign
ood_val:21343,ood_val,fit,benign,processed/iotsim-building-monitor-2.csv,iotsim-building-monitor,497,benign
ood_val:21344,ood_val,fit,benign,processed/iotsim-building-monitor-2.csv,iotsim-building-monitor,498,benign
ood_val:21345,ood_val,fit,benign,processed/iotsim-building-monitor-2.csv,iotsim-building-monitor,499,benign
ood_val:21346,ood_val,fit,benign,processed/iotsim-building-monitor-2.csv,iotsim-building-monitor,500,benign
ood_val:21347,ood_val,fit,benign,processed/iotsim-building-monitor-2.csv,iotsim-building-monitor,501,benign
ood_val:21348,ood_val,fit,benign,processed/iotsim-building-monitor-2.csv,iotsim-building-monitor,502,benign
ood_val:21349,ood_val,fit,benign,processed/iotsim-building-monitor-2.csv,iotsim-building-monitor,503,benign
ood_val:21350,ood_val,fit,benign,processed/iotsim-building-monitor-2.csv,iotsim-building-monitor,504,benign
ood_val:21351,ood_val,fit,benign,processed/iotsim-building-monitor-2.csv,iotsim-building-monitor,505,benign
ood_val:21352,ood_val,fit,benign,processed/iotsim-building-monitor-2.csv,iotsim-building-monitor,506,benign
ood_val:21353,ood_val,fit,benign,processed/iotsim-building-monitor-2.csv,iotsim-building-monitor,507,benign
ood_val:21354,ood_val,fit,benign,processed/iotsim-building-monitor-2.csv,iotsim-building-monitor,508,benign
ood_val:21355,ood_val,fit,benign,processed/iotsim-building-monitor-2.csv,iotsim-building-monitor,509,benign
ood_val:21356,ood_val,fit,benign,processed/iotsim-building-monitor-2.csv,iotsim-building-monitor,510,benign
ood_val:21357,ood_val,fit,benign,processed/iotsim-building-monitor-2.csv,iotsim-building-monitor,511,benign
ood_val:21358,ood_val,fit,benign,processed/iotsim-building-monitor-2.csv,iotsim-building-monitor,512,benign
ood_val:21359,ood_val,fit,benign,processed/iotsim-building-monitor-2.csv,iotsim-building-monitor,513,benign
ood_val:21360,ood_val,fit,benign,processed/iotsim-building-monitor-2.csv,iotsim-building-monitor,514,benign
ood_val:21361,ood_val,fit,benign,processed/iotsim-building-monitor-2.csv,iotsim-building-monitor,515,benign
ood_val:21362,ood_val,fit,benign,processed/iotsim-building-monitor-2.csv,iotsim-building-monitor,516,benign
ood_val:21363,ood_val,fit,benign,processed/iotsim-building-monitor-2.csv,iotsim-building-monitor,517,benign
ood_val:21364,ood_val,fit,benign,processed/iotsim-building-monitor-2.csv,iotsim-building-monitor,518,benign
ood_val:21365,ood_val,fit,benign,processed/iotsim-building-monitor-2.csv,iotsim-building-monitor,519,benign
ood_val:21366,ood_val,fit,benign,processed/iotsim-building-monitor-2.csv,iotsim-building-monitor,520,benign
ood_val:21367,ood_val,fit,benign,processed/iotsim-building-monitor-2.csv,iotsim-building-monitor,521,benign
ood_val:21368,ood_val,fit,benign,processed/iotsim-building-monitor-2.csv,iotsim-building-monitor,522,benign
ood_val:21369,ood_val,fit,benign,processed/iotsim-building-monitor-2.csv,iotsim-building-monitor,523,benign
ood_val:21370,ood_val,fit,benign,processed/iotsim-building-monitor-2.csv,iotsim-building-monitor,524,benign
ood_val:21371,ood_val,fit,benign,processed/iotsim-building-monitor-2.csv,iotsim-building-monitor,525,benign
ood_val:21372,ood_val,fit,benign,processed/iotsim-building-monitor-2.csv,iotsim-building-monitor,526,benign
ood_val:21373,ood_val,fit,benign,processed/iotsim-building-monitor-2.csv,iotsim-building-monitor,527,benign
ood_val:21374,ood_val,fit,benign,processed/iotsim-building-monitor-2.csv,iotsim-building-monitor,528,benign
ood_val:21375,ood_val,fit,benign,processed/iotsim-building-monitor-2.csv,iotsim-building-monitor,529,benign
ood_val:21376,ood_val,fit,benign,processed/iotsim-building-monitor-2.csv,iotsim-building-monitor,530,benign
ood_val:21377,ood_val,fit,benign,processed/iotsim-building-monitor-2.csv,iotsim-building-monitor,531,benign
ood_val:21378,ood_val,fit,benign,processed/iotsim-building-monitor-2.csv,iotsim-building-monitor,532,benign
ood_val:21379,ood_val,fit,benign,processed/iotsim-building-monitor-2.csv,iotsim-building-monitor,533,benign
ood_val:21380,ood_val,fit,benign,processed/iotsim-building-monitor-2.csv,iotsim-building-monitor,534,benign
ood_val:21381,ood_val,fit,benign,processed/iotsim-building-monitor-2.csv,iotsim-building-monitor,535,benign
ood_val:21382,ood_val,fit,benign,processed/iotsim-building-monitor-2.csv,iotsim-building-monitor,536,benign
ood_val:21383,ood_val,fit,benign,processed/iotsim-building-monitor-2.csv,iotsim-building-monitor,537,benign
ood_val:21384,ood_val,fit,benign,processed/iotsim-building-monitor-2.csv,iotsim-building-monitor,538,benign
ood_val:21385,ood_val,fit,benign,processed/iotsim-building-monitor-2.csv,iotsim-building-monitor,539,benign
ood_val:21386,ood_val,fit,benign,processed/iotsim-building-monitor-2.csv,iotsim-building-monitor,540,benign
ood_val:21387,ood_val,fit,benign,processed/iotsim-building-monitor-2.csv,iotsim-building-monitor,541,benign
ood_val:21388,ood_val,fit,benign,processed/iotsim-building-monitor-2.csv,iotsim-building-monitor,542,benign
ood_val:21389,ood_val,fit,benign,processed/iotsim-building-monitor-2.csv,iotsim-building-monitor,543,benign
ood_val:21390,ood_val,fit,benign,processed/iotsim-building-monitor-2.csv,iotsim-building-monitor,544,benign
ood_val:21391,ood_val,fit,benign,processed/iotsim-building-monitor-2.csv,iotsim-building-monitor,545,benign
ood_val:21392,ood_val,fit,benign,processed/iotsim-building-monitor-2.csv,iotsim-building-monitor,546,benign
ood_val:21393,ood_val,fit,benign,processed/iotsim-building-monitor-2.csv,iotsim-building-monitor,547,benign
ood_val:21394,ood_val,fit,benign,processed/iotsim-building-monitor-2.csv,iotsim-building-monitor,548,benign
ood_val:21395,ood_val,fit,benign,processed/iotsim-building-monitor-2.csv,iotsim-building-monitor,549,benign
ood_val:21396,ood_val,fit,benign,processed/iotsim-building-monitor-2.csv,iotsim-building-monitor,550,benign
ood_val:21397,ood_val,fit,benign,processed/iotsim-building-monitor-2.csv,iotsim-building-monitor,551,benign
ood_val:21398,ood_val,fit,benign,processed/iotsim-building-monitor-2.csv,iotsim-building-monitor,552,benign
ood_val:21399,ood_val,fit,benign,processed/iotsim-building-monitor-2.csv,iotsim-building-monitor,553,benign
ood_val:21400,ood_val,fit,benign,processed/iotsim-building-monitor-2.csv,iotsim-building-monitor,554,benign
ood_val:21401,ood_val,fit,benign,processed/iotsim-building-monitor-2.csv,iotsim-building-monitor,555,benign
ood_val:21402,ood_val,fit,benign,processed/iotsim-building-monitor-2.csv,iotsim-building-monitor,556,benign
ood_val:21403,ood_val,fit,benign,processed/iotsim-building-monitor-2.csv,iotsim-building-monitor,557,benign
ood_val:21404,ood_val,fit,benign,processed/iotsim-building-monitor-2.csv,iotsim-building-monitor,558,benign
ood_val:21405,ood_val,fit,benign,processed/iotsim-building-monitor-2.csv,iotsim-building-monitor,559,benign
ood_val:21406,ood_val,fit,benign,processed/iotsim-building-monitor-2.csv,iotsim-building-monitor,560,benign
ood_val:21407,ood_val,fit,benign,processed/iotsim-building-monitor-2.csv,iotsim-building-monitor,561,benign
ood_val:21408,ood_val,fit,benign,processed/iotsim-building-monitor-2.csv,iotsim-building-monitor,562,benign
ood_val:21409,ood_val,fit,benign,processed/iotsim-building-monitor-2.csv,iotsim-building-monitor,563,benign
ood_val:21410,ood_val,fit,benign,processed/iotsim-building-monitor-2.csv,iotsim-building-monitor,564,benign
ood_val:21411,ood_val,fit,benign,processed/iotsim-building-monitor-2.csv,iotsim-building-monitor,565,benign
ood_val:21412,ood_val,fit,benign,processed/iotsim-building-monitor-2.csv,iotsim-building-monitor,566,benign
ood_val:21413,ood_val,fit,benign,processed/iotsim-building-monitor-2.csv,iotsim-building-monitor,567,benign
ood_val:21414,ood_val,fit,benign,processed/iotsim-building-monitor-2.csv,iotsim-building-monitor,568,benign
ood_val:21415,ood_val,fit,benign,processed/iotsim-building-monitor-2.csv,iotsim-building-monitor,569,benign
ood_val:21416,ood_val,fit,benign,processed/iotsim-building-monitor-2.csv,iotsim-building-monitor,570,benign
ood_val:21417,ood_val,fit,benign,processed/iotsim-building-monitor-2.csv,iotsim-building-monitor,571,benign
ood_val:21418,ood_val,fit,benign,processed/iotsim-building-monitor-2.csv,iotsim-building-monitor,572,benign
ood_val:21419,ood_val,fit,benign,processed/iotsim-building-monitor-2.csv,iotsim-building-monitor,573,benign
ood_val:21420,ood_val,fit,benign,processed/iotsim-building-monitor-2.csv,iotsim-building-monitor,574,benign
ood_val:21421,ood_val,fit,benign,processed/iotsim-building-monitor-2.csv,iotsim-building-monitor,575,benign
ood_val:21422,ood_val,fit,benign,processed/iotsim-building-monitor-2.csv,iotsim-building-monitor,576,benign
ood_val:21423,ood_val,fit,benign,processed/iotsim-building-monitor-2.csv,iotsim-building-monitor,577,benign
ood_val:21424,ood_val,fit,benign,processed/iotsim-building-monitor-2.csv,iotsim-building-monitor,578,benign
ood_val:21425,ood_val,fit,benign,processed/iotsim-building-monitor-2.csv,iotsim-building-monitor,579,benign
ood_val:21426,ood_val,fit,benign,processed/iotsim-building-monitor-2.csv,iotsim-building-monitor,580,benign
ood_val:21427,ood_val,fit,benign,processed/iotsim-building-monitor-2.csv,iotsim-building-monitor,581,benign
ood_val:21428,ood_val,fit,benign,processed/iotsim-building-monitor-2.csv,iotsim-building-monitor,582,benign
ood_val:21429,ood_val,fit,benign,processed/iotsim-building-monitor-2.csv,iotsim-building-monitor,583,benign
ood_val:21430,ood_val,fit,benign,processed/iotsim-building-monitor-2.csv,iotsim-building-monitor,584,benign
ood_val:21431,ood_val,fit,benign,processed/iotsim-building-monitor-2.csv,iotsim-building-monitor,585,benign
ood_val:21432,ood_val,fit,benign,processed/iotsim-building-monitor-2.csv,iotsim-building-monitor,586,benign
ood_val:21433,ood_val,fit,benign,processed/iotsim-building-monitor-2.csv,iotsim-building-monitor,587,benign
ood_val:21434,ood_val,fit,benign,processed/iotsim-building-monitor-2.csv,iotsim-building-monitor,588,benign
ood_val:21435,ood_val,fit,benign,processed/iotsim-building-monitor-2.csv,iotsim-building-monitor,589,benign
ood_val:21436,ood_val,fit,benign,processed/iotsim-building-monitor-2.csv,iotsim-building-monitor,590,benign
ood_val:21437,ood_val,fit,benign,processed/iotsim-building-monitor-2.csv,iotsim-building-monitor,591,benign
ood_val:21438,ood_val,fit,benign,processed/iotsim-building-monitor-2.csv,iotsim-building-monitor,592,benign
ood_val:21439,ood_val,fit,benign,processed/iotsim-building-monitor-2.csv,iotsim-building-monitor,593,benign
ood_val:21440,ood_val,fit,benign,processed/iotsim-building-monitor-2.csv,iotsim-building-monitor,594,benign
ood_val:21441,ood_val,fit,benign,processed/iotsim-building-monitor-2.csv,iotsim-building-monitor,595,benign
ood_val:21442,ood_val,fit,benign,processed/iotsim-building-monitor-2.csv,iotsim-building-monitor,596,benign
ood_val:21443,ood_val,fit,benign,processed/iotsim-building-monitor-2.csv,iotsim-building-monitor,597,benign
ood_val:21444,ood_val,fit,benign,processed/iotsim-building-monitor-2.csv,iotsim-building-monitor,598,benign
ood_val:21445,ood_val,fit,benign,processed/iotsim-building-monitor-2.csv,iotsim-building-monitor,599,benign
ood_val:21446,ood_val,fit,benign,processed/iotsim-building-monitor-2.csv,iotsim-building-monitor,600,benign
ood_val:21447,ood_val,fit,benign,processed/iotsim-building-monitor-2.csv,iotsim-building-monitor,601,benign
ood_val:21448,ood_val,fit,benign,processed/iotsim-building-monitor-2.csv,iotsim-building-monitor,602,benign
ood_val:21449,ood_val,fit,benign,processed/iotsim-building-monitor-2.csv,iotsim-building-monitor,603,benign
ood_val:21450,ood_val,fit,benign,processed/iotsim-building-monitor-2.csv,iotsim-building-monitor,604,benign
ood_val:21451,ood_val,fit,benign,processed/iotsim-building-monitor-2.csv,iotsim-building-monitor,605,benign
ood_val:21452,ood_val,fit,benign,processed/iotsim-building-monitor-2.csv,iotsim-building-monitor,606,benign
ood_val:21453,ood_val,fit,benign,processed/iotsim-building-monitor-2.csv,iotsim-building-monitor,607,benign
ood_val:21454,ood_val,fit,benign,processed/iotsim-building-monitor-2.csv,iotsim-building-monitor,608,benign
ood_val:21455,ood_val,fit,benign,processed/iotsim-building-monitor-2.csv,iotsim-building-monitor,609,benign
ood_val:21456,ood_val,fit,benign,processed/iotsim-building-monitor-2.csv,iotsim-building-monitor,610,benign
ood_val:21457,ood_val,fit,benign,processed/iotsim-building-monitor-2.csv,iotsim-building-monitor,611,benign
ood_val:21458,ood_val,fit,benign,processed/iotsim-building-monitor-2.csv,iotsim-building-monitor,612,benign
ood_val:21459,ood_val,fit,benign,processed/iotsim-building-monitor-2.csv,iotsim-building-monitor,613,benign
ood_val:21460,ood_val,fit,benign,processed/iotsim-building-monitor-2.csv,iotsim-building-monitor,614,benign
ood_val:21461,ood_val,fit,benign,processed/iotsim-building-monitor-2.csv,iotsim-building-monitor,615,benign
ood_val:21462,ood_val,fit,benign,processed/iotsim-building-monitor-2.csv,iotsim-building-monitor,616,benign
ood_val:21463,ood_val,fit,benign,processed/iotsim-building-monitor-2.csv,iotsim-building-monitor,617,benign
ood_val:21464,ood_val,fit,benign,processed/iotsim-building-monitor-2.csv,iotsim-building-monitor,618,benign
ood_val:21465,ood_val,fit,benign,processed/iotsim-building-monitor-2.csv,iotsim-building-monitor,619,benign
ood_val:21466,ood_val,fit,benign,processed/iotsim-building-monitor-2.csv,iotsim-building-monitor,620,benign
ood_val:21467,ood_val,fit,benign,processed/iotsim-building-monitor-2.csv,iotsim-building-monitor,621,benign
ood_val:21468,ood_val,fit,benign,processed/iotsim-building-monitor-2.csv,iotsim-building-monitor,622,benign
ood_val:21469,ood_val,fit,benign,processed/iotsim-building-monitor-2.csv,iotsim-building-monitor,623,benign
ood_val:21470,ood_val,fit,benign,processed/iotsim-building-monitor-2.csv,iotsim-building-monitor,624,benign
ood_val:21471,ood_val,fit,benign,processed/iotsim-building-monitor-2.csv,iotsim-building-monitor,625,benign
ood_val:21472,ood_val,fit,benign,processed/iotsim-building-monitor-2.csv,iotsim-building-monitor,626,benign
ood_val:21473,ood_val,fit,benign,processed/iotsim-building-monitor-2.csv,iotsim-building-monitor,627,benign
ood_val:21474,ood_val,fit,benign,processed/iotsim-building-monitor-2.csv,iotsim-building-monitor,628,benign
ood_val:21475,ood_val,fit,benign,processed/iotsim-building-monitor-2.csv,iotsim-building-monitor,629,benign
ood_val:21476,ood_val,fit,benign,processed/iotsim-building-monitor-2.csv,iotsim-building-monitor,630,benign
ood_val:21477,ood_val,fit,benign,processed/iotsim-building-monitor-2.csv,iotsim-building-monitor,631,benign
ood_val:21478,ood_val,fit,benign,processed/iotsim-building-monitor-2.csv,iotsim-building-monitor,632,benign
ood_val:21479,ood_val,fit,benign,processed/iotsim-building-monitor-2.csv,iotsim-building-monitor,633,benign
ood_val:21480,ood_val,fit,benign,processed/iotsim-building-monitor-2.csv,iotsim-building-monitor,634,benign
ood_val:21481,ood_val,fit,benign,processed/iotsim-building-monitor-2.csv,iotsim-building-monitor,635,benign
ood_val:21482,ood_val,fit,benign,processed/iotsim-building-monitor-2.csv,iotsim-building-monitor,636,benign
ood_val:21483,ood_val,fit,benign,processed/iotsim-building-monitor-2.csv,iotsim-building-monitor,637,benign
ood_val:21484,ood_val,fit,benign,processed/iotsim-building-monitor-2.csv,iotsim-building-monitor,638,benign
ood_val:21485,ood_val,fit,benign,processed/iotsim-building-monitor-2.csv,iotsim-building-monitor,639,benign
ood_val:21486,ood_val,fit,benign,processed/iotsim-building-monitor-2.csv,iotsim-building-monitor,640,benign
ood_val:21487,ood_val,fit,benign,processed/iotsim-building-monitor-2.csv,iotsim-building-monitor,641,benign
ood_val:21488,ood_val,fit,benign,processed/iotsim-building-monitor-2.csv,iotsim-building-monitor,642,benign
ood_val:21489,ood_val,fit,benign,processed/iotsim-building-monitor-2.csv,iotsim-building-monitor,643,benign
ood_val:21490,ood_val,fit,benign,processed/iotsim-building-monitor-2.csv,iotsim-building-monitor,644,benign
ood_val:21491,ood_val,fit,benign,processed/iotsim-building-monitor-2.csv,iotsim-building-monitor,645,benign
ood_val:21492,ood_val,fit,benign,processed/iotsim-building-monitor-2.csv,iotsim-building-monitor,646,benign
ood_val:21493,ood_val,fit,benign,processed/iotsim-building-monitor-2.csv,iotsim-building-monitor,647,benign
ood_val:21494,ood_val,fit,benign,processed/iotsim-building-monitor-2.csv,iotsim-building-monitor,648,benign
ood_val:21495,ood_val,fit,benign,processed/iotsim-building-monitor-2.csv,iotsim-building-monitor,649,benign
ood_val:21496,ood_val,fit,benign,processed/iotsim-building-monitor-2.csv,iotsim-building-monitor,650,benign
ood_val:21497,ood_val,fit,benign,processed/iotsim-building-monitor-2.csv,iotsim-building-monitor,651,benign
ood_val:21498,ood_val,fit,benign,processed/iotsim-building-monitor-2.csv,iotsim-building-monitor,652,benign
ood_val:21499,ood_val,fit,benign,processed/iotsim-building-monitor-2.csv,iotsim-building-monitor,653,benign
ood_val:21500,ood_val,fit,benign,processed/iotsim-building-monitor-2.csv,iotsim-building-monitor,654,benign
ood_val:21501,ood_val,fit,benign,processed/iotsim-building-monitor-2.csv,iotsim-building-monitor,655,benign
ood_val:21502,ood_val,fit,benign,processed/iotsim-building-monitor-2.csv,iotsim-building-monitor,656,benign
ood_val:21503,ood_val,fit,benign,processed/iotsim-building-monitor-2.csv,iotsim-building-monitor,657,benign
ood_val:21504,ood_val,fit,benign,processed/iotsim-building-monitor-2.csv,iotsim-building-monitor,658,benign
ood_val:21505,ood_val,fit,benign,processed/iotsim-building-monitor-2.csv,iotsim-building-monitor,659,benign
ood_val:21506,ood_val,fit,benign,processed/iotsim-building-monitor-2.csv,iotsim-building-monitor,660,benign
ood_val:21507,ood_val,fit,benign,processed/iotsim-building-monitor-2.csv,iotsim-building-monitor,661,benign
ood_val:21508,ood_val,fit,benign,processed/iotsim-building-monitor-2.csv,iotsim-building-monitor,662,benign
ood_val:21509,ood_val,fit,benign,processed/iotsim-building-monitor-2.csv,iotsim-building-monitor,663,benign
ood_val:21510,ood_val,fit,benign,processed/iotsim-building-monitor-2.csv,iotsim-building-monitor,664,benign
ood_val:21511,ood_val,fit,benign,processed/iotsim-building-monitor-2.csv,iotsim-building-monitor,665,benign
ood_val:21512,ood_val,fit,benign,processed/iotsim-building-monitor-2.csv,iotsim-building-monitor,666,benign
ood_val:21513,ood_val,fit,benign,processed/iotsim-building-monitor-2.csv,iotsim-building-monitor,667,benign
ood_val:21514,ood_val,fit,benign,processed/iotsim-building-monitor-2.csv,iotsim-building-monitor,668,benign
ood_val:21515,ood_val,fit,benign,processed/iotsim-building-monitor-2.csv,iotsim-building-monitor,669,benign
ood_val:21516,ood_val,fit,benign,processed/iotsim-building-monitor-2.csv,iotsim-building-monitor,670,benign
ood_val:21517,ood_val,fit,benign,processed/iotsim-building-monitor-2.csv,iotsim-building-monitor,671,benign
ood_val:21518,ood_val,fit,benign,processed/iotsim-building-monitor-2.csv,iotsim-building-monitor,672,benign
ood_val:21519,ood_val,fit,benign,processed/iotsim-building-monitor-2.csv,iotsim-building-monitor,673,benign
ood_val:21520,ood_val,fit,benign,processed/iotsim-building-monitor-2.csv,iotsim-building-monitor,674,benign
ood_val:21521,ood_val,fit,benign,processed/iotsim-building-monitor-2.csv,iotsim-building-monitor,675,benign
ood_val:21522,ood_val,fit,benign,processed/iotsim-building-monitor-2.csv,iotsim-building-monitor,676,benign
ood_val:21523,ood_val,fit,benign,processed/iotsim-building-monitor-2.csv,iotsim-building-monitor,677,benign
ood_val:21524,ood_val,fit,benign,processed/iotsim-building-monitor-2.csv,iotsim-building-monitor,678,benign
ood_val:21525,ood_val,fit,benign,processed/iotsim-building-monitor-2.csv,iotsim-building-monitor,679,benign
ood_val:21526,ood_val,fit,benign,processed/iotsim-building-monitor-2.csv,iotsim-building-monitor,680,benign
ood_val:21527,ood_val,fit,benign,processed/iotsim-building-monitor-2.csv,iotsim-building-monitor,681,benign
ood_val:21528,ood_val,fit,benign,processed/iotsim-building-monitor-2.csv,iotsim-building-monitor,682,benign
ood_val:21529,ood_val,fit,benign,processed/iotsim-building-monitor-2.csv,iotsim-building-monitor,683,benign
ood_val:21530,ood_val,fit,benign,processed/iotsim-building-monitor-2.csv,iotsim-building-monitor,684,benign
ood_val:21531,ood_val,fit,benign,processed/iotsim-building-monitor-2.csv,iotsim-building-monitor,685,benign
ood_val:21532,ood_val,fit,benign,processed/iotsim-building-monitor-2.csv,iotsim-building-monitor,686,benign
ood_val:21533,ood_val,fit,benign,processed/iotsim-building-monitor-2.csv,iotsim-building-monitor,687,benign
ood_val:21534,ood_val,fit,benign,processed/iotsim-building-monitor-2.csv,iotsim-building-monitor,688,benign
ood_val:21535,ood_val,fit,benign,processed/iotsim-building-monitor-2.csv,iotsim-building-monitor,689,benign
ood_val:21536,ood_val,fit,benign,processed/iotsim-building-monitor-2.csv,iotsim-building-monitor,690,benign
ood_val:21537,ood_val,fit,benign,processed/iotsim-building-monitor-2.csv,iotsim-building-monitor,691,benign
ood_val:21538,ood_val,fit,benign,processed/iotsim-building-monitor-2.csv,iotsim-building-monitor,692,benign
ood_val:21539,ood_val,fit,benign,processed/iotsim-building-monitor-2.csv,iotsim-building-monitor,693,benign
ood_val:21540,ood_val,fit,benign,processed/iotsim-building-monitor-2.csv,iotsim-building-monitor,694,benign
ood_val:21541,ood_val,fit,benign,processed/iotsim-building-monitor-2.csv,iotsim-building-monitor,695,benign
ood_val:21542,ood_val,fit,benign,processed/iotsim-building-monitor-2.csv,iotsim-building-monitor,696,benign
ood_val:21543,ood_val,fit,benign,processed/iotsim-building-monitor-2.csv,iotsim-building-monitor,697,benign
ood_val:21544,ood_val,fit,benign,processed/iotsim-building-monitor-2.csv,iotsim-building-monitor,698,benign
ood_val:21545,ood_val,fit,benign,processed/iotsim-building-monitor-2.csv,iotsim-building-monitor,699,benign
ood_val:21546,ood_val,fit,benign,processed/iotsim-building-monitor-2.csv,iotsim-building-monitor,700,benign
ood_val:21547,ood_val,fit,benign,processed/iotsim-building-monitor-2.csv,iotsim-building-monitor,701,benign
ood_val:21548,ood_val,fit,benign,processed/iotsim-building-monitor-2.csv,iotsim-building-monitor,702,benign
ood_val:21549,ood_val,fit,benign,processed/iotsim-building-monitor-2.csv,iotsim-building-monitor,703,benign
ood_val:21550,ood_val,fit,benign,processed/iotsim-building-monitor-2.csv,iotsim-building-monitor,704,benign
ood_val:21551,ood_val,fit,benign,processed/iotsim-building-monitor-2.csv,iotsim-building-monitor,705,benign
ood_val:21552,ood_val,fit,benign,processed/iotsim-building-monitor-2.csv,iotsim-building-monitor,706,benign
ood_val:21553,ood_val,fit,benign,processed/iotsim-building-monitor-2.csv,iotsim-building-monitor,707,benign
ood_val:21554,ood_val,fit,benign,processed/iotsim-building-monitor-2.csv,iotsim-building-monitor,708,benign
ood_val:21555,ood_val,fit,benign,processed/iotsim-building-monitor-2.csv,iotsim-building-monitor,709,benign
ood_val:21556,ood_val,fit,benign,processed/iotsim-building-monitor-2.csv,iotsim-building-monitor,710,benign
ood_val:21557,ood_val,fit,benign,processed/iotsim-building-monitor-2.csv,iotsim-building-monitor,711,benign
ood_val:21558,ood_val,fit,benign,processed/iotsim-building-monitor-2.csv,iotsim-building-monitor,712,benign
ood_val:21559,ood_val,fit,benign,processed/iotsim-building-monitor-2.csv,iotsim-building-monitor,713,benign
ood_val:21560,ood_val,fit,benign,processed/iotsim-building-monitor-2.csv,iotsim-building-monitor,714,benign
ood_val:21561,ood_val,fit,benign,processed/iotsim-building-monitor-2.csv,iotsim-building-monitor,715,benign
ood_val:21562,ood_val,fit,benign,processed/iotsim-building-monitor-2.csv,iotsim-building-monitor,716,benign
ood_val:21563,ood_val,fit,benign,processed/iotsim-building-monitor-2.csv,iotsim-building-monitor,717,benign
ood_val:21564,ood_val,fit,benign,processed/iotsim-building-monitor-2.csv,iotsim-building-monitor,718,benign
ood_val:21565,ood_val,fit,benign,processed/iotsim-building-monitor-2.csv,iotsim-building-monitor,719,benign
ood_val:21566,ood_val,fit,benign,processed/iotsim-building-monitor-2.csv,iotsim-building-monitor,720,benign
ood_val:21567,ood_val,fit,benign,processed/iotsim-building-monitor-2.csv,iotsim-building-monitor,721,benign
ood_val:21568,ood_val,fit,benign,processed/iotsim-building-monitor-2.csv,iotsim-building-monitor,722,benign
ood_val:21569,ood_val,fit,benign,processed/iotsim-building-monitor-2.csv,iotsim-building-monitor,723,benign
ood_val:21570,ood_val,fit,benign,processed/iotsim-building-monitor-2.csv,iotsim-building-monitor,724,benign
ood_val:21571,ood_val,fit,benign,processed/iotsim-building-monitor-2.csv,iotsim-building-monitor,725,benign
ood_val:21572,ood_val,fit,benign,processed/iotsim-building-monitor-2.csv,iotsim-building-monitor,726,benign
ood_val:21573,ood_val,fit,benign,processed/iotsim-building-monitor-2.csv,iotsim-building-monitor,727,benign
ood_val:21574,ood_val,fit,benign,processed/iotsim-building-monitor-2.csv,iotsim-building-monitor,728,benign
ood_val:21575,ood_val,fit,benign,processed/iotsim-building-monitor-2.csv,iotsim-building-monitor,729,benign
ood_val:21576,ood_val,fit,benign,processed/iotsim-building-monitor-2.csv,iotsim-building-monitor,730,benign
ood_val:21577,ood_val,fit,benign,processed/iotsim-building-monitor-2.csv,iotsim-building-monitor,731,benign
ood_val:21578,ood_val,fit,benign,processed/iotsim-building-monitor-2.csv,iotsim-building-monitor,732,benign
ood_val:21579,ood_val,fit,benign,processed/iotsim-building-monitor-2.csv,iotsim-building-monitor,733,benign
ood_val:21580,ood_val,fit,benign,processed/iotsim-building-monitor-2.csv,iotsim-building-monitor,734,benign
ood_val:21581,ood_val,fit,benign,processed/iotsim-building-monitor-2.csv,iotsim-building-monitor,735,benign
ood_val:21582,ood_val,fit,benign,processed/iotsim-building-monitor-2.csv,iotsim-building-monitor,736,benign
ood_val:21583,ood_val,fit,benign,processed/iotsim-building-monitor-2.csv,iotsim-building-monitor,737,benign
ood_val:21584,ood_val,fit,benign,processed/iotsim-building-monitor-2.csv,iotsim-building-monitor,738,benign
ood_val:21585,ood_val,fit,benign,processed/iotsim-building-monitor-2.csv,iotsim-building-monitor,739,benign
ood_val:21586,ood_val,fit,benign,processed/iotsim-building-monitor-2.csv,iotsim-building-monitor,740,benign
ood_val:21587,ood_val,fit,benign,processed/iotsim-building-monitor-2.csv,iotsim-building-monitor,741,benign
ood_val:21588,ood_val,fit,benign,processed/iotsim-building-monitor-2.csv,iotsim-building-monitor,742,benign
ood_val:21589,ood_val,fit,benign,processed/iotsim-building-monitor-2.csv,iotsim-building-monitor,743,benign
ood_val:21590,ood_val,fit,benign,processed/iotsim-building-monitor-2.csv,iotsim-building-monitor,744,benign
ood_val:21591,ood_val,fit,benign,processed/iotsim-building-monitor-2.csv,iotsim-building-monitor,745,benign
ood_val:21592,ood_val,fit,benign,processed/iotsim-building-monitor-2.csv,iotsim-building-monitor,746,benign
ood_val:21593,ood_val,fit,benign,processed/iotsim-building-monitor-2.csv,iotsim-building-monitor,747,benign
ood_val:21594,ood_val,fit,benign,processed/iotsim-building-monitor-2.csv,iotsim-building-monitor,748,benign
ood_val:21595,ood_val,fit,benign,processed/iotsim-building-monitor-2.csv,iotsim-building-monitor,749,benign
ood_val:21596,ood_val,fit,benign,processed/iotsim-building-monitor-2.csv,iotsim-building-monitor,750,benign
ood_val:21597,ood_val,fit,benign,processed/iotsim-building-monitor-2.csv,iotsim-building-monitor,751,benign
ood_val:21598,ood_val,fit,benign,processed/iotsim-building-monitor-2.csv,iotsim-building-monitor,752,benign
ood_val:21599,ood_val,fit,benign,processed/iotsim-building-monitor-2.csv,iotsim-building-monitor,753,benign
ood_val:21600,ood_val,fit,benign,processed/iotsim-building-monitor-2.csv,iotsim-building-monitor,754,benign
ood_val:21601,ood_val,fit,benign,processed/iotsim-building-monitor-2.csv,iotsim-building-monitor,755,benign
ood_val:21602,ood_val,fit,benign,processed/iotsim-building-monitor-2.csv,iotsim-building-monitor,756,benign
ood_val:21603,ood_val,fit,benign,processed/iotsim-building-monitor-2.csv,iotsim-building-monitor,757,benign
ood_val:21604,ood_val,fit,benign,processed/iotsim-building-monitor-2.csv,iotsim-building-monitor,758,benign
ood_val:21605,ood_val,fit,benign,processed/iotsim-building-monitor-2.csv,iotsim-building-monitor,759,benign
ood_val:21606,ood_val,fit,benign,processed/iotsim-building-monitor-2.csv,iotsim-building-monitor,760,benign
ood_val:21607,ood_val,fit,benign,processed/iotsim-building-monitor-2.csv,iotsim-building-monitor,761,benign
ood_val:21608,ood_val,fit,benign,processed/iotsim-building-monitor-2.csv,iotsim-building-monitor,762,benign
ood_val:21609,ood_val,fit,benign,processed/iotsim-building-monitor-2.csv,iotsim-building-monitor,763,benign
ood_val:21610,ood_val,fit,benign,processed/iotsim-building-monitor-2.csv,iotsim-building-monitor,764,benign
ood_val:21611,ood_val,fit,benign,processed/iotsim-building-monitor-2.csv,iotsim-building-monitor,765,benign
ood_val:21612,ood_val,fit,benign,processed/iotsim-building-monitor-2.csv,iotsim-building-monitor,766,benign
ood_val:21613,ood_val,fit,benign,processed/iotsim-building-monitor-2.csv,iotsim-building-monitor,767,benign
ood_val:21614,ood_val,fit,benign,processed/iotsim-building-monitor-2.csv,iotsim-building-monitor,768,benign
ood_val:21615,ood_val,fit,benign,processed/iotsim-building-monitor-2.csv,iotsim-building-monitor,769,benign
ood_val:21616,ood_val,fit,benign,processed/iotsim-building-monitor-2.csv,iotsim-building-monitor,770,benign
ood_val:21617,ood_val,fit,benign,processed/iotsim-building-monitor-2.csv,iotsim-building-monitor,771,benign
ood_val:21618,ood_val,fit,benign,processed/iotsim-building-monitor-2.csv,iotsim-building-monitor,772,benign
ood_val:21619,ood_val,fit,benign,processed/iotsim-building-monitor-2.csv,iotsim-building-monitor,773,benign
ood_val:21620,ood_val,fit,benign,processed/iotsim-building-monitor-2.csv,iotsim-building-monitor,774,benign
ood_val:21621,ood_val,fit,benign,processed/iotsim-building-monitor-2.csv,iotsim-building-monitor,775,benign
ood_val:21622,ood_val,fit,benign,processed/iotsim-building-monitor-2.csv,iotsim-building-monitor,776,benign
ood_val:21623,ood_val,fit,benign,processed/iotsim-building-monitor-2.csv,iotsim-building-monitor,777,benign
ood_val:21624,ood_val,fit,benign,processed/iotsim-building-monitor-2.csv,iotsim-building-monitor,778,benign
ood_val:21625,ood_val,fit,benign,processed/iotsim-building-monitor-2.csv,iotsim-building-monitor,779,benign
ood_val:21626,ood_val,fit,benign,processed/iotsim-building-monitor-2.csv,iotsim-building-monitor,780,benign
ood_val:21627,ood_val,fit,benign,processed/iotsim-building-monitor-2.csv,iotsim-building-monitor,781,benign
ood_val:21628,ood_val,fit,benign,processed/iotsim-building-monitor-2.csv,iotsim-building-monitor,782,benign
ood_val:21629,ood_val,fit,benign,processed/iotsim-building-monitor-2.csv,iotsim-building-monitor,783,benign
ood_val:21630,ood_val,fit,benign,processed/iotsim-building-monitor-2.csv,iotsim-building-monitor,784,benign
ood_val:21631,ood_val,fit,benign,processed/iotsim-building-monitor-2.csv,iotsim-building-monitor,785,benign
ood_val:21632,ood_val,fit,benign,processed/iotsim-building-monitor-2.csv,iotsim-building-monitor,786,benign
ood_val:21633,ood_val,fit,benign,processed/iotsim-building-monitor-2.csv,iotsim-building-monitor,787,benign
ood_val:21634,ood_val,fit,benign,processed/iotsim-building-monitor-2.csv,iotsim-building-monitor,788,benign
ood_val:21635,ood_val,fit,benign,processed/iotsim-building-monitor-2.csv,iotsim-building-monitor,789,benign
ood_val:21636,ood_val,fit,benign,processed/iotsim-building-monitor-2.csv,iotsim-building-monitor,790,benign
ood_val:21637,ood_val,fit,benign,processed/iotsim-building-monitor-2.csv,iotsim-building-monitor,791,benign
ood_val:21638,ood_val,fit,benign,processed/iotsim-building-monitor-2.csv,iotsim-building-monitor,792,benign
ood_val:21639,ood_val,fit,benign,processed/iotsim-building-monitor-2.csv,iotsim-building-monitor,793,benign
ood_val:21640,ood_val,fit,benign,processed/iotsim-building-monitor-2.csv,iotsim-building-monitor,794,benign
ood_val:21641,ood_val,fit,benign,processed/iotsim-building-monitor-2.csv,iotsim-building-monitor,795,benign
ood_val:21642,ood_val,fit,benign,processed/iotsim-building-monitor-2.csv,iotsim-building-monitor,796,benign
ood_val:21643,ood_val,fit,benign,processed/iotsim-building-monitor-2.csv,iotsim-building-monitor,797,benign
ood_val:21644,ood_val,fit,benign,processed/iotsim-building-monitor-2.csv,iotsim-building-monitor,798,benign
ood_val:21645,ood_val,fit,benign,processed/iotsim-building-monitor-2.csv,iotsim-building-monitor,799,benign
ood_val:21646,ood_val,fit,benign,processed/iotsim-building-monitor-2.csv,iotsim-building-monitor,800,benign
ood_val:21647,ood_val,fit,benign,processed/iotsim-building-monitor-2.csv,iotsim-building-monitor,801,benign
ood_val:21648,ood_val,fit,benign,processed/iotsim-building-monitor-2.csv,iotsim-building-monitor,802,benign
ood_val:21649,ood_val,fit,benign,processed/iotsim-building-monitor-2.csv,iotsim-building-monitor,803,benign
ood_val:21650,ood_val,fit,benign,processed/iotsim-building-monitor-2.csv,iotsim-building-monitor,804,benign
ood_val:21651,ood_val,fit,benign,processed/iotsim-building-monitor-2.csv,iotsim-building-monitor,805,benign
ood_val:21652,ood_val,fit,benign,processed/iotsim-building-monitor-2.csv,iotsim-building-monitor,806,benign
ood_val:21653,ood_val,fit,benign,processed/iotsim-building-monitor-2.csv,iotsim-building-monitor,807,benign
ood_val:21654,ood_val,fit,benign,processed/iotsim-building-monitor-2.csv,iotsim-building-monitor,808,benign
ood_val:21655,ood_val,fit,benign,processed/iotsim-building-monitor-2.csv,iotsim-building-monitor,809,benign
ood_val:21656,ood_val,fit,benign,processed/iotsim-building-monitor-2.csv,iotsim-building-monitor,810,benign
ood_val:21657,ood_val,fit,benign,processed/iotsim-building-monitor-2.csv,iotsim-building-monitor,811,benign
ood_val:21658,ood_val,fit,benign,processed/iotsim-building-monitor-2.csv,iotsim-building-monitor,812,benign
ood_val:21659,ood_val,fit,benign,processed/iotsim-building-monitor-2.csv,iotsim-building-monitor,813,benign
ood_val:21660,ood_val,fit,benign,processed/iotsim-building-monitor-2.csv,iotsim-building-monitor,814,benign
ood_val:21661,ood_val,fit,benign,processed/iotsim-building-monitor-2.csv,iotsim-building-monitor,815,benign
ood_val:21662,ood_val,fit,benign,processed/iotsim-building-monitor-2.csv,iotsim-building-monitor,816,benign
ood_val:21663,ood_val,fit,benign,processed/iotsim-building-monitor-2.csv,iotsim-building-monitor,817,benign
ood_val:21664,ood_val,fit,benign,processed/iotsim-building-monitor-2.csv,iotsim-building-monitor,818,benign
ood_val:21665,ood_val,fit,benign,processed/iotsim-building-monitor-2.csv,iotsim-building-monitor,819,benign
ood_val:21666,ood_val,fit,benign,processed/iotsim-building-monitor-2.csv,iotsim-building-monitor,820,benign
ood_val:21667,ood_val,fit,benign,processed/iotsim-building-monitor-2.csv,iotsim-building-monitor,821,benign
ood_val:21668,ood_val,fit,benign,processed/iotsim-building-monitor-2.csv,iotsim-building-monitor,822,benign
ood_val:21669,ood_val,fit,benign,processed/iotsim-building-monitor-2.csv,iotsim-building-monitor,823,benign
ood_val:21670,ood_val,fit,benign,processed/iotsim-building-monitor-2.csv,iotsim-building-monitor,824,benign
ood_val:21671,ood_val,fit,benign,processed/iotsim-building-monitor-2.csv,iotsim-building-monitor,825,benign
ood_val:21672,ood_val,fit,benign,processed/iotsim-building-monitor-2.csv,iotsim-building-monitor,826,benign
ood_val:21673,ood_val,fit,benign,processed/iotsim-building-monitor-2.csv,iotsim-building-monitor,827,benign
ood_val:21674,ood_val,fit,benign,processed/iotsim-building-monitor-2.csv,iotsim-building-monitor,828,benign
ood_val:21675,ood_val,fit,benign,processed/iotsim-building-monitor-2.csv,iotsim-building-monitor,829,benign
ood_val:21676,ood_val,fit,benign,processed/iotsim-building-monitor-2.csv,iotsim-building-monitor,830,benign
ood_val:21677,ood_val,fit,benign,processed/iotsim-building-monitor-2.csv,iotsim-building-monitor,831,benign
ood_val:21678,ood_val,fit,benign,processed/iotsim-building-monitor-2.csv,iotsim-building-monitor,832,benign
ood_val:21679,ood_val,fit,benign,processed/iotsim-building-monitor-2.csv,iotsim-building-monitor,833,benign
ood_val:21680,ood_val,fit,benign,processed/iotsim-building-monitor-2.csv,iotsim-building-monitor,834,benign
ood_val:21681,ood_val,fit,benign,processed/iotsim-building-monitor-2.csv,iotsim-building-monitor,835,benign
ood_val:21682,ood_val,fit,benign,processed/iotsim-building-monitor-2.csv,iotsim-building-monitor,836,benign
ood_val:21683,ood_val,fit,benign,processed/iotsim-building-monitor-2.csv,iotsim-building-monitor,837,benign
ood_val:21684,ood_val,fit,benign,processed/iotsim-building-monitor-2.csv,iotsim-building-monitor,838,benign
ood_val:21685,ood_val,fit,benign,processed/iotsim-building-monitor-2.csv,iotsim-building-monitor,839,benign
ood_val:21686,ood_val,fit,benign,processed/iotsim-building-monitor-2.csv,iotsim-building-monitor,840,benign
ood_val:21687,ood_val,fit,benign,processed/iotsim-building-monitor-2.csv,iotsim-building-monitor,841,benign
ood_val:21688,ood_val,fit,benign,processed/iotsim-building-monitor-2.csv,iotsim-building-monitor,842,benign
ood_val:21689,ood_val,fit,benign,processed/iotsim-building-monitor-2.csv,iotsim-building-monitor,843,benign
ood_val:21690,ood_val,fit,benign,processed/iotsim-building-monitor-2.csv,iotsim-building-monitor,844,benign
ood_val:21691,ood_val,fit,benign,processed/iotsim-building-monitor-2.csv,iotsim-building-monitor,845,benign
ood_val:21692,ood_val,fit,benign,processed/iotsim-building-monitor-2.csv,iotsim-building-monitor,846,benign
ood_val:21693,ood_val,fit,benign,processed/iotsim-building-monitor-2.csv,iotsim-building-monitor,847,benign
ood_val:21694,ood_val,fit,benign,processed/iotsim-building-monitor-2.csv,iotsim-building-monitor,848,benign
ood_val:21695,ood_val,fit,benign,processed/iotsim-building-monitor-2.csv,iotsim-building-monitor,849,benign
ood_val:21696,ood_val,fit,benign,processed/iotsim-building-monitor-2.csv,iotsim-building-monitor,850,benign
ood_val:21697,ood_val,fit,benign,processed/iotsim-building-monitor-2.csv,iotsim-building-monitor,851,benign
ood_val:21698,ood_val,fit,benign,processed/iotsim-building-monitor-2.csv,iotsim-building-monitor,852,benign
ood_val:21699,ood_val,fit,benign,processed/iotsim-building-monitor-2.csv,iotsim-building-monitor,853,benign
ood_val:21700,ood_val,fit,benign,processed/iotsim-building-monitor-2.csv,iotsim-building-monitor,854,benign
ood_val:21701,ood_val,fit,benign,processed/iotsim-building-monitor-2.csv,iotsim-building-monitor,855,benign
ood_val:21702,ood_val,fit,benign,processed/iotsim-building-monitor-2.csv,iotsim-building-monitor,856,benign
ood_val:21703,ood_val,fit,benign,processed/iotsim-building-monitor-2.csv,iotsim-building-monitor,857,benign
ood_val:21704,ood_val,fit,benign,processed/iotsim-building-monitor-2.csv,iotsim-building-monitor,858,benign
ood_val:21705,ood_val,fit,benign,processed/iotsim-building-monitor-2.csv,iotsim-building-monitor,859,benign
ood_val:21706,ood_val,fit,benign,processed/iotsim-building-monitor-2.csv,iotsim-building-monitor,860,benign
ood_val:21707,ood_val,fit,benign,processed/iotsim-building-monitor-2.csv,iotsim-building-monitor,861,benign
ood_val:21708,ood_val,fit,benign,processed/iotsim-building-monitor-2.csv,iotsim-building-monitor,862,benign
ood_val:21709,ood_val,fit,benign,processed/iotsim-building-monitor-2.csv,iotsim-building-monitor,863,benign
ood_val:21710,ood_val,fit,benign,processed/iotsim-building-monitor-2.csv,iotsim-building-monitor,864,benign
ood_val:21711,ood_val,fit,benign,processed/iotsim-building-monitor-2.csv,iotsim-building-monitor,865,benign
ood_val:21712,ood_val,fit,benign,processed/iotsim-building-monitor-2.csv,iotsim-building-monitor,866,benign
ood_val:21713,ood_val,fit,benign,processed/iotsim-building-monitor-2.csv,iotsim-building-monitor,867,benign
ood_val:21714,ood_val,fit,benign,processed/iotsim-building-monitor-2.csv,iotsim-building-monitor,868,benign
ood_val:21715,ood_val,fit,benign,processed/iotsim-building-monitor-2.csv,iotsim-building-monitor,869,benign
ood_val:21716,ood_val,fit,benign,processed/iotsim-building-monitor-2.csv,iotsim-building-monitor,870,benign
ood_val:21717,ood_val,fit,benign,processed/iotsim-building-monitor-2.csv,iotsim-building-monitor,871,benign
ood_val:21718,ood_val,fit,benign,processed/iotsim-building-monitor-2.csv,iotsim-building-monitor,872,benign
ood_val:21719,ood_val,fit,benign,processed/iotsim-building-monitor-2.csv,iotsim-building-monitor,873,benign
ood_val:21720,ood_val,fit,benign,processed/iotsim-building-monitor-2.csv,iotsim-building-monitor,874,benign
ood_val:21721,ood_val,fit,benign,processed/iotsim-building-monitor-2.csv,iotsim-building-monitor,875,benign
ood_val:21722,ood_val,fit,benign,processed/iotsim-building-monitor-2.csv,iotsim-building-monitor,876,benign
ood_val:21723,ood_val,fit,benign,processed/iotsim-building-monitor-2.csv,iotsim-building-monitor,877,benign
ood_val:21724,ood_val,fit,benign,processed/iotsim-building-monitor-2.csv,iotsim-building-monitor,878,benign
ood_val:21725,ood_val,fit,benign,processed/iotsim-building-monitor-2.csv,iotsim-building-monitor,879,benign
ood_val:21726,ood_val,fit,benign,processed/iotsim-building-monitor-2.csv,iotsim-building-monitor,880,benign
ood_val:21727,ood_val,fit,benign,processed/iotsim-building-monitor-2.csv,iotsim-building-monitor,881,benign
ood_val:21728,ood_val,fit,benign,processed/iotsim-building-monitor-2.csv,iotsim-building-monitor,882,benign
ood_val:21729,ood_val,fit,benign,processed/iotsim-building-monitor-2.csv,iotsim-building-monitor,883,benign
ood_val:21730,ood_val,fit,benign,processed/iotsim-building-monitor-2.csv,iotsim-building-monitor,884,benign
ood_val:21731,ood_val,fit,benign,processed/iotsim-building-monitor-2.csv,iotsim-building-monitor,885,benign
ood_val:21732,ood_val,fit,benign,processed/iotsim-building-monitor-2.csv,iotsim-building-monitor,886,benign
ood_val:21733,ood_val,fit,benign,processed/iotsim-building-monitor-2.csv,iotsim-building-monitor,887,benign
ood_val:21734,ood_val,fit,benign,processed/iotsim-building-monitor-2.csv,iotsim-building-monitor,888,benign
ood_val:21735,ood_val,fit,benign,processed/iotsim-building-monitor-2.csv,iotsim-building-monitor,889,benign
ood_val:21736,ood_val,fit,benign,processed/iotsim-building-monitor-2.csv,iotsim-building-monitor,890,benign
ood_val:21737,ood_val,fit,benign,processed/iotsim-building-monitor-2.csv,iotsim-building-monitor,891,benign
ood_val:21738,ood_val,fit,benign,processed/iotsim-building-monitor-2.csv,iotsim-building-monitor,892,benign
ood_val:21739,ood_val,fit,benign,processed/iotsim-building-monitor-2.csv,iotsim-building-monitor,893,benign
ood_val:21740,ood_val,fit,benign,processed/iotsim-building-monitor-2.csv,iotsim-building-monitor,894,benign
ood_val:21741,ood_val,fit,benign,processed/iotsim-building-monitor-2.csv,iotsim-building-monitor,895,benign
ood_val:21742,ood_val,fit,benign,processed/iotsim-building-monitor-2.csv,iotsim-building-monitor,896,benign
ood_val:21743,ood_val,fit,benign,processed/iotsim-building-monitor-2.csv,iotsim-building-monitor,897,benign
ood_val:21744,ood_val,fit,benign,processed/iotsim-building-monitor-2.csv,iotsim-building-monitor,898,benign
ood_val:21745,ood_val,fit,benign,processed/iotsim-building-monitor-2.csv,iotsim-building-monitor,899,benign
ood_val:21746,ood_val,fit,benign,processed/iotsim-building-monitor-2.csv,iotsim-building-monitor,900,benign
ood_val:21747,ood_val,fit,benign,processed/iotsim-building-monitor-2.csv,iotsim-building-monitor,901,benign
ood_val:21748,ood_val,fit,benign,processed/iotsim-building-monitor-2.csv,iotsim-building-monitor,902,benign
ood_val:21749,ood_val,fit,benign,processed/iotsim-building-monitor-2.csv,iotsim-building-monitor,903,benign
ood_val:21750,ood_val,fit,benign,processed/iotsim-building-monitor-2.csv,iotsim-building-monitor,904,benign
ood_val:21751,ood_val,fit,benign,processed/iotsim-building-monitor-2.csv,iotsim-building-monitor,905,benign
ood_val:21752,ood_val,fit,benign,processed/iotsim-building-monitor-2.csv,iotsim-building-monitor,906,benign
ood_val:21753,ood_val,fit,benign,processed/iotsim-building-monitor-2.csv,iotsim-building-monitor,907,benign
ood_val:21754,ood_val,fit,benign,processed/iotsim-building-monitor-2.csv,iotsim-building-monitor,908,benign
ood_val:21755,ood_val,fit,benign,processed/iotsim-building-monitor-2.csv,iotsim-building-monitor,909,benign
ood_val:21756,ood_val,fit,benign,processed/iotsim-building-monitor-2.csv,iotsim-building-monitor,910,benign
ood_val:21757,ood_val,fit,benign,processed/iotsim-building-monitor-2.csv,iotsim-building-monitor,911,benign
ood_val:21758,ood_val,fit,benign,processed/iotsim-building-monitor-2.csv,iotsim-building-monitor,912,benign
ood_val:21759,ood_val,fit,benign,processed/iotsim-building-monitor-2.csv,iotsim-building-monitor,913,benign
ood_val:21760,ood_val,fit,benign,processed/iotsim-building-monitor-2.csv,iotsim-building-monitor,914,benign
ood_val:21761,ood_val,fit,benign,processed/iotsim-building-monitor-2.csv,iotsim-building-monitor,915,benign
ood_val:21762,ood_val,fit,benign,processed/iotsim-building-monitor-2.csv,iotsim-building-monitor,916,benign
ood_val:21763,ood_val,fit,benign,processed/iotsim-building-monitor-2.csv,iotsim-building-monitor,917,benign
ood_val:21764,ood_val,fit,benign,processed/iotsim-building-monitor-2.csv,iotsim-building-monitor,918,benign
ood_val:21765,ood_val,fit,benign,processed/iotsim-building-monitor-2.csv,iotsim-building-monitor,919,benign
ood_val:21766,ood_val,fit,benign,processed/iotsim-building-monitor-2.csv,iotsim-building-monitor,920,benign
ood_val:21767,ood_val,fit,benign,processed/iotsim-building-monitor-2.csv,iotsim-building-monitor,921,benign
ood_val:21768,ood_val,fit,benign,processed/iotsim-building-monitor-2.csv,iotsim-building-monitor,922,benign
ood_val:21769,ood_val,fit,benign,processed/iotsim-building-monitor-2.csv,iotsim-building-monitor,923,benign
ood_val:21770,ood_val,fit,benign,processed/iotsim-building-monitor-2.csv,iotsim-building-monitor,924,benign
ood_val:21771,ood_val,fit,benign,processed/iotsim-building-monitor-2.csv,iotsim-building-monitor,925,benign
ood_val:21772,ood_val,fit,benign,processed/iotsim-building-monitor-2.csv,iotsim-building-monitor,926,benign
ood_val:21773,ood_val,fit,benign,processed/iotsim-building-monitor-2.csv,iotsim-building-monitor,927,benign
ood_val:21774,ood_val,fit,benign,processed/iotsim-building-monitor-2.csv,iotsim-building-monitor,928,benign
ood_val:21775,ood_val,fit,benign,processed/iotsim-building-monitor-2.csv,iotsim-building-monitor,929,benign
ood_val:21776,ood_val,fit,benign,processed/iotsim-building-monitor-2.csv,iotsim-building-monitor,930,benign
ood_val:21777,ood_val,fit,benign,processed/iotsim-building-monitor-2.csv,iotsim-building-monitor,931,benign
ood_val:21778,ood_val,fit,benign,processed/iotsim-building-monitor-2.csv,iotsim-building-monitor,932,benign
ood_val:21779,ood_val,fit,benign,processed/iotsim-building-monitor-2.csv,iotsim-building-monitor,933,benign
ood_val:21780,ood_val,fit,benign,processed/iotsim-building-monitor-2.csv,iotsim-building-monitor,934,benign
ood_val:21781,ood_val,fit,benign,processed/iotsim-building-monitor-2.csv,iotsim-building-monitor,935,benign
ood_val:21782,ood_val,fit,benign,processed/iotsim-building-monitor-2.csv,iotsim-building-monitor,936,benign
ood_val:21783,ood_val,fit,benign,processed/iotsim-building-monitor-2.csv,iotsim-building-monitor,937,benign
ood_val:21784,ood_val,fit,benign,processed/iotsim-building-monitor-2.csv,iotsim-building-monitor,938,benign
ood_val:21785,ood_val,fit,benign,processed/iotsim-building-monitor-2.csv,iotsim-building-monitor,939,benign
ood_val:21786,ood_val,fit,benign,processed/iotsim-building-monitor-2.csv,iotsim-building-monitor,940,benign
ood_val:21787,ood_val,fit,benign,processed/iotsim-building-monitor-2.csv,iotsim-building-monitor,941,benign
ood_val:21788,ood_val,fit,benign,processed/iotsim-building-monitor-2.csv,iotsim-building-monitor,942,benign
ood_val:21789,ood_val,fit,benign,processed/iotsim-building-monitor-2.csv,iotsim-building-monitor,943,benign
ood_val:21790,ood_val,fit,benign,processed/iotsim-building-monitor-2.csv,iotsim-building-monitor,944,benign
ood_val:21791,ood_val,fit,benign,processed/iotsim-building-monitor-2.csv,iotsim-building-monitor,945,benign
ood_val:21792,ood_val,fit,benign,processed/iotsim-building-monitor-2.csv,iotsim-building-monitor,946,benign
ood_val:21793,ood_val,fit,benign,processed/iotsim-building-monitor-2.csv,iotsim-building-monitor,947,benign
ood_val:21794,ood_val,fit,benign,processed/iotsim-building-monitor-2.csv,iotsim-building-monitor,948,benign
ood_val:21795,ood_val,fit,benign,processed/iotsim-building-monitor-2.csv,iotsim-building-monitor,949,benign
ood_val:21796,ood_val,fit,benign,processed/iotsim-building-monitor-2.csv,iotsim-building-monitor,950,benign
ood_val:21797,ood_val,fit,benign,processed/iotsim-building-monitor-2.csv,iotsim-building-monitor,951,benign
ood_val:21798,ood_val,fit,benign,processed/iotsim-building-monitor-2.csv,iotsim-building-monitor,952,benign
ood_val:21799,ood_val,fit,benign,processed/iotsim-building-monitor-2.csv,iotsim-building-monitor,953,benign
ood_val:21800,ood_val,fit,benign,processed/iotsim-building-monitor-2.csv,iotsim-building-monitor,954,benign
ood_val:21801,ood_val,fit,benign,processed/iotsim-building-monitor-2.csv,iotsim-building-monitor,955,benign
ood_val:21802,ood_val,fit,benign,processed/iotsim-building-monitor-2.csv,iotsim-building-monitor,956,benign
ood_val:21803,ood_val,fit,benign,processed/iotsim-building-monitor-2.csv,iotsim-building-monitor,957,benign
ood_val:21804,ood_val,fit,benign,processed/iotsim-building-monitor-2.csv,iotsim-building-monitor,958,benign
ood_val:21805,ood_val,fit,benign,processed/iotsim-building-monitor-2.csv,iotsim-building-monitor,959,benign
ood_val:21806,ood_val,fit,benign,processed/iotsim-building-monitor-2.csv,iotsim-building-monitor,960,benign
ood_val:21807,ood_val,fit,benign,processed/iotsim-building-monitor-2.csv,iotsim-building-monitor,961,benign
ood_val:21808,ood_val,fit,benign,processed/iotsim-building-monitor-2.csv,iotsim-building-monitor,962,benign
ood_val:21809,ood_val,fit,benign,processed/iotsim-building-monitor-2.csv,iotsim-building-monitor,963,benign
ood_val:21810,ood_val,fit,benign,processed/iotsim-building-monitor-2.csv,iotsim-building-monitor,964,benign
ood_val:21811,ood_val,fit,benign,processed/iotsim-building-monitor-2.csv,iotsim-building-monitor,965,benign
ood_val:21812,ood_val,fit,benign,processed/iotsim-building-monitor-2.csv,iotsim-building-monitor,966,benign
ood_val:21813,ood_val,fit,benign,processed/iotsim-building-monitor-2.csv,iotsim-building-monitor,967,benign
ood_val:21814,ood_val,fit,benign,processed/iotsim-building-monitor-2.csv,iotsim-building-monitor,968,benign
ood_val:21815,ood_val,fit,benign,processed/iotsim-building-monitor-2.csv,iotsim-building-monitor,969,benign
ood_val:21816,ood_val,fit,benign,processed/iotsim-building-monitor-2.csv,iotsim-building-monitor,970,benign
ood_val:21817,ood_val,fit,benign,processed/iotsim-building-monitor-2.csv,iotsim-building-monitor,971,benign
ood_val:21818,ood_val,fit,benign,processed/iotsim-building-monitor-2.csv,iotsim-building-monitor,972,benign
ood_val:21819,ood_val,fit,benign,processed/iotsim-building-monitor-2.csv,iotsim-building-monitor,973,benign
ood_val:21820,ood_val,fit,benign,processed/iotsim-building-monitor-2.csv,iotsim-building-monitor,974,benign
ood_val:21821,ood_val,fit,benign,processed/iotsim-building-monitor-2.csv,iotsim-building-monitor,975,benign
ood_val:21822,ood_val,fit,benign,processed/iotsim-building-monitor-2.csv,iotsim-building-monitor,976,benign
ood_val:21823,ood_val,fit,benign,processed/iotsim-building-monitor-2.csv,iotsim-building-monitor,977,benign
ood_val:21824,ood_val,fit,benign,processed/iotsim-building-monitor-2.csv,iotsim-building-monitor,978,benign
ood_val:21825,ood_val,fit,benign,processed/iotsim-building-monitor-2.csv,iotsim-building-monitor,979,benign
ood_val:21826,ood_val,fit,benign,processed/iotsim-building-monitor-2.csv,iotsim-building-monitor,980,benign
ood_val:21827,ood_val,fit,benign,processed/iotsim-building-monitor-2.csv,iotsim-building-monitor,981,benign
ood_val:21828,ood_val,fit,benign,processed/iotsim-building-monitor-2.csv,iotsim-building-monitor,982,benign
ood_val:21829,ood_val,fit,benign,processed/iotsim-building-monitor-2.csv,iotsim-building-monitor,983,benign
ood_val:21830,ood_val,fit,benign,processed/iotsim-building-monitor-2.csv,iotsim-building-monitor,984,benign
ood_val:21831,ood_val,fit,benign,processed/iotsim-building-monitor-2.csv,iotsim-building-monitor,985,benign
ood_val:21832,ood_val,fit,benign,processed/iotsim-building-monitor-2.csv,iotsim-building-monitor,986,benign
ood_val:21833,ood_val,fit,benign,processed/iotsim-building-monitor-2.csv,iotsim-building-monitor,987,benign
ood_val:21834,ood_val,fit,benign,processed/iotsim-building-monitor-2.csv,iotsim-building-monitor,988,benign
ood_val:21835,ood_val,fit,benign,processed/iotsim-building-monitor-2.csv,iotsim-building-monitor,989,benign
ood_val:21836,ood_val,fit,benign,processed/iotsim-building-monitor-2.csv,iotsim-building-monitor,990,benign
ood_val:21837,ood_val,fit,benign,processed/iotsim-building-monitor-2.csv,iotsim-building-monitor,991,benign
ood_val:21838,ood_val,fit,benign,processed/iotsim-building-monitor-2.csv,iotsim-building-monitor,992,benign
ood_val:21839,ood_val,fit,benign,processed/iotsim-building-monitor-2.csv,iotsim-building-monitor,993,benign
ood_val:21840,ood_val,fit,benign,processed/iotsim-building-monitor-2.csv,iotsim-building-monitor,994,benign
ood_val:21841,ood_val,fit,benign,processed/iotsim-building-monitor-2.csv,iotsim-building-monitor,995,benign
ood_val:21842,ood_val,fit,benign,processed/iotsim-building-monitor-2.csv,iotsim-building-monitor,996,benign
ood_val:21843,ood_val,fit,benign,processed/iotsim-building-monitor-2.csv,iotsim-building-monitor,997,benign
ood_val:21844,ood_val,fit,benign,processed/iotsim-building-monitor-2.csv,iotsim-building-monitor,998,benign
ood_val:21845,ood_val,fit,benign,processed/iotsim-building-monitor-2.csv,iotsim-building-monitor,999,benign
ood_val:21846,ood_val,fit,benign,processed/iotsim-building-monitor-2.csv,iotsim-building-monitor,1000,benign
ood_val:21847,ood_val,fit,benign,processed/iotsim-building-monitor-2.csv,iotsim-building-monitor,1001,benign
ood_val:21848,ood_val,fit,benign,processed/iotsim-building-monitor-2.csv,iotsim-building-monitor,1002,benign
ood_val:21849,ood_val,fit,benign,processed/iotsim-building-monitor-2.csv,iotsim-building-monitor,1003,benign
ood_val:21850,ood_val,fit,benign,processed/iotsim-building-monitor-2.csv,iotsim-building-monitor,1004,benign
ood_val:21851,ood_val,fit,benign,processed/iotsim-building-monitor-2.csv,iotsim-building-monitor,1005,benign
ood_val:21852,ood_val,fit,benign,processed/iotsim-building-monitor-2.csv,iotsim-building-monitor,1006,benign
ood_val:21853,ood_val,fit,benign,processed/iotsim-building-monitor-2.csv,iotsim-building-monitor,1007,benign
ood_val:21854,ood_val,fit,benign,processed/iotsim-building-monitor-2.csv,iotsim-building-monitor,1008,benign
ood_val:21855,ood_val,fit,benign,processed/iotsim-building-monitor-2.csv,iotsim-building-monitor,1009,benign
ood_val:21856,ood_val,fit,benign,processed/iotsim-building-monitor-2.csv,iotsim-building-monitor,1010,benign
ood_val:21857,ood_val,fit,benign,processed/iotsim-building-monitor-2.csv,iotsim-building-monitor,1011,benign
ood_val:21858,ood_val,fit,benign,processed/iotsim-building-monitor-2.csv,iotsim-building-monitor,1012,benign
ood_val:21859,ood_val,fit,benign,processed/iotsim-building-monitor-2.csv,iotsim-building-monitor,1013,benign
ood_val:21860,ood_val,fit,benign,processed/iotsim-building-monitor-2.csv,iotsim-building-monitor,1014,benign
ood_val:21861,ood_val,fit,benign,processed/iotsim-building-monitor-2.csv,iotsim-building-monitor,1015,benign
ood_val:21862,ood_val,fit,benign,processed/iotsim-building-monitor-2.csv,iotsim-building-monitor,1016,benign
ood_val:21863,ood_val,fit,benign,processed/iotsim-building-monitor-2.csv,iotsim-building-monitor,1017,benign
ood_val:21864,ood_val,fit,benign,processed/iotsim-building-monitor-2.csv,iotsim-building-monitor,1018,benign
ood_val:21865,ood_val,fit,benign,processed/iotsim-building-monitor-2.csv,iotsim-building-monitor,1019,benign
ood_val:21866,ood_val,fit,benign,processed/iotsim-building-monitor-2.csv,iotsim-building-monitor,1020,benign
ood_val:21867,ood_val,fit,benign,processed/iotsim-building-monitor-2.csv,iotsim-building-monitor,1021,benign
ood_val:21868,ood_val,fit,benign,processed/iotsim-building-monitor-2.csv,iotsim-building-monitor,1022,benign
ood_val:21869,ood_val,fit,benign,processed/iotsim-building-monitor-2.csv,iotsim-building-monitor,1023,benign
ood_val:21870,ood_val,fit,benign,processed/iotsim-building-monitor-2.csv,iotsim-building-monitor,1024,benign
ood_val:21871,ood_val,fit,benign,processed/iotsim-building-monitor-2.csv,iotsim-building-monitor,1025,benign
ood_val:21872,ood_val,fit,benign,processed/iotsim-building-monitor-2.csv,iotsim-building-monitor,1026,benign
ood_val:21873,ood_val,fit,benign,processed/iotsim-building-monitor-2.csv,iotsim-building-monitor,1027,benign
ood_val:21874,ood_val,fit,benign,processed/iotsim-building-monitor-2.csv,iotsim-building-monitor,1028,benign
ood_val:21875,ood_val,fit,benign,processed/iotsim-building-monitor-2.csv,iotsim-building-monitor,1029,benign
ood_val:21876,ood_val,fit,benign,processed/iotsim-building-monitor-2.csv,iotsim-building-monitor,1030,benign
ood_val:21877,ood_val,fit,benign,processed/iotsim-building-monitor-2.csv,iotsim-building-monitor,1031,benign
ood_val:21878,ood_val,fit,benign,processed/iotsim-building-monitor-2.csv,iotsim-building-monitor,1032,benign
ood_val:21879,ood_val,fit,benign,processed/iotsim-building-monitor-2.csv,iotsim-building-monitor,1033,benign
ood_val:21880,ood_val,fit,benign,processed/iotsim-building-monitor-2.csv,iotsim-building-monitor,1034,benign
ood_val:21881,ood_val,fit,benign,processed/iotsim-building-monitor-2.csv,iotsim-building-monitor,1035,benign
ood_val:21882,ood_val,fit,benign,processed/iotsim-building-monitor-2.csv,iotsim-building-monitor,1036,benign
ood_val:21883,ood_val,fit,benign,processed/iotsim-building-monitor-2.csv,iotsim-building-monitor,1037,benign
ood_val:21884,ood_val,fit,benign,processed/iotsim-building-monitor-2.csv,iotsim-building-monitor,1038,benign
ood_val:21885,ood_val,fit,benign,processed/iotsim-building-monitor-2.csv,iotsim-building-monitor,1039,benign
ood_val:21886,ood_val,fit,benign,processed/iotsim-building-monitor-2.csv,iotsim-building-monitor,1040,benign
ood_val:21887,ood_val,fit,benign,processed/iotsim-building-monitor-2.csv,iotsim-building-monitor,1041,benign
ood_val:21888,ood_val,fit,benign,processed/iotsim-building-monitor-2.csv,iotsim-building-monitor,1042,benign
ood_val:21889,ood_val,fit,benign,processed/iotsim-building-monitor-2.csv,iotsim-building-monitor,1043,benign
ood_val:21890,ood_val,fit,benign,processed/iotsim-building-monitor-2.csv,iotsim-building-monitor,1044,benign
ood_val:21891,ood_val,fit,benign,processed/iotsim-building-monitor-2.csv,iotsim-building-monitor,1045,benign
ood_val:21892,ood_val,fit,benign,processed/iotsim-building-monitor-2.csv,iotsim-building-monitor,1046,benign
ood_val:21893,ood_val,fit,benign,processed/iotsim-building-monitor-2.csv,iotsim-building-monitor,1047,benign
ood_val:21894,ood_val,fit,benign,processed/iotsim-building-monitor-2.csv,iotsim-building-monitor,1048,benign
ood_val:21895,ood_val,fit,benign,processed/iotsim-building-monitor-2.csv,iotsim-building-monitor,1049,benign
ood_val:21896,ood_val,fit,benign,processed/iotsim-building-monitor-2.csv,iotsim-building-monitor,1050,benign
ood_val:21897,ood_val,fit,benign,processed/iotsim-building-monitor-2.csv,iotsim-building-monitor,1051,benign
ood_val:21898,ood_val,fit,benign,processed/iotsim-building-monitor-2.csv,iotsim-building-monitor,1052,benign
ood_val:21899,ood_val,fit,benign,processed/iotsim-building-monitor-2.csv,iotsim-building-monitor,1053,benign
ood_val:21900,ood_val,fit,benign,processed/iotsim-building-monitor-2.csv,iotsim-building-monitor,1054,benign
ood_val:21901,ood_val,fit,benign,processed/iotsim-building-monitor-2.csv,iotsim-building-monitor,1055,benign
ood_val:21902,ood_val,fit,benign,processed/iotsim-building-monitor-2.csv,iotsim-building-monitor,1056,benign
ood_val:21903,ood_val,fit,benign,processed/iotsim-building-monitor-2.csv,iotsim-building-monitor,1057,benign
ood_val:21904,ood_val,fit,benign,processed/iotsim-building-monitor-2.csv,iotsim-building-monitor,1058,benign
ood_val:21905,ood_val,fit,benign,processed/iotsim-building-monitor-2.csv,iotsim-building-monitor,1059,benign
ood_val:21906,ood_val,fit,benign,processed/iotsim-building-monitor-2.csv,iotsim-building-monitor,1060,benign
ood_val:21907,ood_val,fit,benign,processed/iotsim-building-monitor-2.csv,iotsim-building-monitor,1061,benign
ood_val:21908,ood_val,fit,benign,processed/iotsim-building-monitor-2.csv,iotsim-building-monitor,1062,benign
ood_val:21909,ood_val,fit,benign,processed/iotsim-building-monitor-2.csv,iotsim-building-monitor,1063,benign
ood_val:21910,ood_val,fit,benign,processed/iotsim-building-monitor-2.csv,iotsim-building-monitor,1064,benign
ood_val:21911,ood_val,fit,benign,processed/iotsim-building-monitor-2.csv,iotsim-building-monitor,1065,benign
ood_val:21912,ood_val,fit,benign,processed/iotsim-building-monitor-2.csv,iotsim-building-monitor,1066,benign
ood_val:21913,ood_val,fit,benign,processed/iotsim-building-monitor-2.csv,iotsim-building-monitor,1067,benign
ood_val:21914,ood_val,fit,benign,processed/iotsim-building-monitor-2.csv,iotsim-building-monitor,1068,benign
ood_val:21915,ood_val,fit,benign,processed/iotsim-building-monitor-2.csv,iotsim-building-monitor,1069,benign
ood_val:21916,ood_val,fit,benign,processed/iotsim-building-monitor-2.csv,iotsim-building-monitor,1070,benign
ood_val:21917,ood_val,fit,benign,processed/iotsim-building-monitor-2.csv,iotsim-building-monitor,1071,benign
ood_val:21918,ood_val,fit,benign,processed/iotsim-building-monitor-2.csv,iotsim-building-monitor,1072,benign
ood_val:21919,ood_val,fit,benign,processed/iotsim-building-monitor-2.csv,iotsim-building-monitor,1073,benign
ood_val:21920,ood_val,fit,benign,processed/iotsim-building-monitor-2.csv,iotsim-building-monitor,1074,benign
ood_val:21921,ood_val,fit,benign,processed/iotsim-building-monitor-2.csv,iotsim-building-monitor,1075,benign
ood_val:21922,ood_val,fit,benign,processed/iotsim-building-monitor-2.csv,iotsim-building-monitor,1076,benign
ood_val:21923,ood_val,fit,benign,processed/iotsim-building-monitor-2.csv,iotsim-building-monitor,1077,benign
ood_val:21924,ood_val,fit,benign,processed/iotsim-building-monitor-2.csv,iotsim-building-monitor,1078,benign
ood_val:21925,ood_val,fit,benign,processed/iotsim-building-monitor-2.csv,iotsim-building-monitor,1079,benign
ood_val:21926,ood_val,fit,benign,processed/iotsim-building-monitor-2.csv,iotsim-building-monitor,1080,benign
ood_val:21927,ood_val,fit,benign,processed/iotsim-building-monitor-2.csv,iotsim-building-monitor,1081,benign
ood_val:21928,ood_val,fit,benign,processed/iotsim-building-monitor-2.csv,iotsim-building-monitor,1082,benign
ood_val:21929,ood_val,fit,benign,processed/iotsim-building-monitor-2.csv,iotsim-building-monitor,1083,benign
ood_val:21930,ood_val,fit,benign,processed/iotsim-building-monitor-2.csv,iotsim-building-monitor,1084,benign
ood_val:21931,ood_val,fit,benign,processed/iotsim-building-monitor-2.csv,iotsim-building-monitor,1085,benign
ood_val:21932,ood_val,fit,benign,processed/iotsim-building-monitor-2.csv,iotsim-building-monitor,1086,benign
ood_val:21933,ood_val,fit,benign,processed/iotsim-building-monitor-2.csv,iotsim-building-monitor,1087,benign
ood_val:21934,ood_val,fit,benign,processed/iotsim-building-monitor-2.csv,iotsim-building-monitor,1088,benign
ood_val:21935,ood_val,fit,benign,processed/iotsim-building-monitor-2.csv,iotsim-building-monitor,1089,benign
ood_val:21936,ood_val,fit,benign,processed/iotsim-building-monitor-2.csv,iotsim-building-monitor,1090,benign
ood_val:21937,ood_val,fit,benign,processed/iotsim-building-monitor-2.csv,iotsim-building-monitor,1091,benign
ood_val:21938,ood_val,fit,benign,processed/iotsim-building-monitor-2.csv,iotsim-building-monitor,1092,benign
ood_val:21939,ood_val,fit,benign,processed/iotsim-building-monitor-2.csv,iotsim-building-monitor,1093,benign
ood_val:21940,ood_val,fit,benign,processed/iotsim-building-monitor-2.csv,iotsim-building-monitor,1094,benign
ood_val:21941,ood_val,fit,benign,processed/iotsim-building-monitor-2.csv,iotsim-building-monitor,1095,benign
ood_val:21942,ood_val,fit,benign,processed/iotsim-building-monitor-2.csv,iotsim-building-monitor,1096,benign
ood_val:21943,ood_val,fit,benign,processed/iotsim-building-monitor-2.csv,iotsim-building-monitor,1097,benign
ood_val:21944,ood_val,fit,benign,processed/iotsim-building-monitor-2.csv,iotsim-building-monitor,1098,benign
ood_val:21945,ood_val,fit,benign,processed/iotsim-building-monitor-2.csv,iotsim-building-monitor,1099,benign
ood_val:21946,ood_val,fit,benign,processed/iotsim-building-monitor-2.csv,iotsim-building-monitor,1100,benign
ood_val:21947,ood_val,fit,benign,processed/iotsim-building-monitor-2.csv,iotsim-building-monitor,1101,benign
ood_val:21948,ood_val,fit,benign,processed/iotsim-building-monitor-2.csv,iotsim-building-monitor,1102,benign
ood_val:21949,ood_val,fit,benign,processed/iotsim-building-monitor-2.csv,iotsim-building-monitor,1103,benign
ood_val:21950,ood_val,fit,benign,processed/iotsim-building-monitor-2.csv,iotsim-building-monitor,1104,benign
ood_val:21951,ood_val,fit,benign,processed/iotsim-building-monitor-2.csv,iotsim-building-monitor,1105,benign
ood_val:21952,ood_val,fit,benign,processed/iotsim-building-monitor-2.csv,iotsim-building-monitor,1106,benign
ood_val:21953,ood_val,fit,benign,processed/iotsim-building-monitor-2.csv,iotsim-building-monitor,1107,benign
ood_val:21954,ood_val,fit,benign,processed/iotsim-building-monitor-2.csv,iotsim-building-monitor,1108,benign
ood_val:21955,ood_val,fit,benign,processed/iotsim-building-monitor-2.csv,iotsim-building-monitor,1109,benign
ood_val:21956,ood_val,fit,benign,processed/iotsim-building-monitor-2.csv,iotsim-building-monitor,1110,benign
ood_val:21957,ood_val,fit,benign,processed/iotsim-building-monitor-2.csv,iotsim-building-monitor,1111,benign
ood_val:21958,ood_val,fit,benign,processed/iotsim-building-monitor-2.csv,iotsim-building-monitor,1112,benign
ood_val:21959,ood_val,fit,benign,processed/iotsim-building-monitor-2.csv,iotsim-building-monitor,1113,benign
ood_val:21960,ood_val,fit,benign,processed/iotsim-building-monitor-2.csv,iotsim-building-monitor,1114,benign
ood_val:21961,ood_val,fit,benign,processed/iotsim-building-monitor-2.csv,iotsim-building-monitor,1115,benign
ood_val:21962,ood_val,fit,benign,processed/iotsim-building-monitor-2.csv,iotsim-building-monitor,1116,benign
ood_val:21963,ood_val,fit,benign,processed/iotsim-building-monitor-2.csv,iotsim-building-monitor,1117,benign
ood_val:21964,ood_val,fit,benign,processed/iotsim-building-monitor-2.csv,iotsim-building-monitor,1118,benign
ood_val:21965,ood_val,fit,benign,processed/iotsim-building-monitor-2.csv,iotsim-building-monitor,1119,benign
ood_val:21966,ood_val,fit,benign,processed/iotsim-building-monitor-2.csv,iotsim-building-monitor,1120,benign
ood_val:21967,ood_val,fit,benign,processed/iotsim-building-monitor-2.csv,iotsim-building-monitor,1121,benign
ood_val:21968,ood_val,fit,benign,processed/iotsim-building-monitor-2.csv,iotsim-building-monitor,1122,benign
ood_val:21969,ood_val,fit,benign,processed/iotsim-building-monitor-2.csv,iotsim-building-monitor,1123,benign
ood_val:21970,ood_val,fit,benign,processed/iotsim-building-monitor-2.csv,iotsim-building-monitor,1124,benign
ood_val:21971,ood_val,fit,benign,processed/iotsim-building-monitor-2.csv,iotsim-building-monitor,1125,benign
ood_val:21972,ood_val,fit,benign,processed/iotsim-building-monitor-2.csv,iotsim-building-monitor,1126,benign
ood_val:21973,ood_val,fit,benign,processed/iotsim-building-monitor-2.csv,iotsim-building-monitor,1127,benign
ood_val:21974,ood_val,fit,benign,processed/iotsim-building-monitor-2.csv,iotsim-building-monitor,1128,benign
ood_val:21975,ood_val,fit,benign,processed/iotsim-building-monitor-2.csv,iotsim-building-monitor,1129,benign
ood_val:21976,ood_val,fit,benign,processed/iotsim-building-monitor-2.csv,iotsim-building-monitor,1130,benign
ood_val:21977,ood_val,fit,benign,processed/iotsim-building-monitor-2.csv,iotsim-building-monitor,1131,benign
ood_val:21978,ood_val,fit,benign,processed/iotsim-building-monitor-2.csv,iotsim-building-monitor,1132,benign
ood_val:21979,ood_val,fit,benign,processed/iotsim-building-monitor-2.csv,iotsim-building-monitor,1133,benign
ood_val:21980,ood_val,fit,benign,processed/iotsim-building-monitor-2.csv,iotsim-building-monitor,1134,benign
ood_val:21981,ood_val,fit,benign,processed/iotsim-building-monitor-2.csv,iotsim-building-monitor,1135,benign
ood_val:21982,ood_val,fit,benign,processed/iotsim-building-monitor-2.csv,iotsim-building-monitor,1136,benign
ood_val:21983,ood_val,fit,benign,processed/iotsim-building-monitor-2.csv,iotsim-building-monitor,1137,benign
ood_val:21984,ood_val,fit,benign,processed/iotsim-building-monitor-2.csv,iotsim-building-monitor,1138,benign
ood_val:21985,ood_val,fit,benign,processed/iotsim-building-monitor-2.csv,iotsim-building-monitor,1139,benign
ood_val:21986,ood_val,fit,benign,processed/iotsim-building-monitor-2.csv,iotsim-building-monitor,1140,benign
ood_val:21987,ood_val,fit,benign,processed/iotsim-building-monitor-2.csv,iotsim-building-monitor,1141,benign
ood_val:21988,ood_val,fit,benign,processed/iotsim-building-monitor-2.csv,iotsim-building-monitor,1142,benign
ood_val:21989,ood_val,fit,benign,processed/iotsim-building-monitor-2.csv,iotsim-building-monitor,1143,benign
ood_val:21990,ood_val,fit,benign,processed/iotsim-building-monitor-2.csv,iotsim-building-monitor,1144,benign
ood_val:21991,ood_val,fit,benign,processed/iotsim-building-monitor-2.csv,iotsim-building-monitor,1145,benign
ood_val:21992,ood_val,fit,benign,processed/iotsim-building-monitor-2.csv,iotsim-building-monitor,1146,benign
ood_val:21993,ood_val,fit,benign,processed/iotsim-building-monitor-2.csv,iotsim-building-monitor,1147,benign
ood_val:21994,ood_val,fit,benign,processed/iotsim-building-monitor-2.csv,iotsim-building-monitor,1148,benign
ood_val:21995,ood_val,fit,benign,processed/iotsim-building-monitor-2.csv,iotsim-building-monitor,1149,benign
ood_val:21996,ood_val,fit,benign,processed/iotsim-building-monitor-2.csv,iotsim-building-monitor,1150,benign
ood_val:21997,ood_val,fit,benign,processed/iotsim-building-monitor-2.csv,iotsim-building-monitor,1151,benign
ood_val:21998,ood_val,fit,benign,processed/iotsim-building-monitor-2.csv,iotsim-building-monitor,1152,benign
ood_val:21999,ood_val,fit,benign,processed/iotsim-building-monitor-2.csv,iotsim-building-monitor,1153,benign
ood_val:22000,ood_val,fit,benign,processed/iotsim-building-monitor-2.csv,iotsim-building-monitor,1154,benign
ood_val:22001,ood_val,fit,benign,processed/iotsim-building-monitor-2.csv,iotsim-building-monitor,1155,benign
ood_val:22002,ood_val,fit,benign,processed/iotsim-building-monitor-2.csv,iotsim-building-monitor,1156,benign
ood_val:22003,ood_val,fit,benign,processed/iotsim-building-monitor-2.csv,iotsim-building-monitor,1157,benign
ood_val:22004,ood_val,fit,benign,processed/iotsim-building-monitor-2.csv,iotsim-building-monitor,1158,benign
ood_val:22005,ood_val,fit,benign,processed/iotsim-building-monitor-2.csv,iotsim-building-monitor,1159,benign
ood_val:22006,ood_val,fit,benign,processed/iotsim-building-monitor-2.csv,iotsim-building-monitor,1160,benign
ood_val:22007,ood_val,fit,benign,processed/iotsim-building-monitor-2.csv,iotsim-building-monitor,1161,benign
ood_val:22008,ood_val,fit,benign,processed/iotsim-building-monitor-2.csv,iotsim-building-monitor,1162,benign
ood_val:22009,ood_val,fit,benign,processed/iotsim-building-monitor-2.csv,iotsim-building-monitor,1163,benign
ood_val:22010,ood_val,fit,benign,processed/iotsim-building-monitor-2.csv,iotsim-building-monitor,1164,benign
ood_val:22011,ood_val,fit,benign,processed/iotsim-building-monitor-2.csv,iotsim-building-monitor,1165,benign
ood_val:22012,ood_val,fit,benign,processed/iotsim-building-monitor-2.csv,iotsim-building-monitor,1166,benign
ood_val:22013,ood_val,fit,benign,processed/iotsim-building-monitor-2.csv,iotsim-building-monitor,1167,benign
ood_val:22014,ood_val,fit,benign,processed/iotsim-building-monitor-2.csv,iotsim-building-monitor,1168,benign
ood_val:22015,ood_val,fit,benign,processed/iotsim-building-monitor-2.csv,iotsim-building-monitor,1169,benign
ood_val:22016,ood_val,fit,benign,processed/iotsim-building-monitor-2.csv,iotsim-building-monitor,1170,benign
ood_val:22017,ood_val,fit,benign,processed/iotsim-building-monitor-2.csv,iotsim-building-monitor,1171,benign
ood_val:22018,ood_val,fit,benign,processed/iotsim-building-monitor-2.csv,iotsim-building-monitor,1172,benign
ood_val:22019,ood_val,fit,benign,processed/iotsim-building-monitor-2.csv,iotsim-building-monitor,1173,benign
ood_val:22020,ood_val,fit,benign,processed/iotsim-building-monitor-2.csv,iotsim-building-monitor,1174,benign
ood_val:22021,ood_val,fit,benign,processed/iotsim-building-monitor-2.csv,iotsim-building-monitor,1175,benign
ood_val:22022,ood_val,fit,benign,processed/iotsim-building-monitor-2.csv,iotsim-building-monitor,1176,benign
ood_val:22023,ood_val,fit,benign,processed/iotsim-building-monitor-2.csv,iotsim-building-monitor,1177,benign
ood_val:22024,ood_val,fit,benign,processed/iotsim-building-monitor-2.csv,iotsim-building-monitor,1178,benign
ood_val:22025,ood_val,fit,benign,processed/iotsim-building-monitor-2.csv,iotsim-building-monitor,1179,benign
ood_val:22026,ood_val,fit,benign,processed/iotsim-building-monitor-2.csv,iotsim-building-monitor,1180,benign
ood_val:22027,ood_val,fit,benign,processed/iotsim-building-monitor-2.csv,iotsim-building-monitor,1181,benign
ood_val:22028,ood_val,fit,benign,processed/iotsim-building-monitor-2.csv,iotsim-building-monitor,1182,benign
ood_val:22029,ood_val,fit,benign,processed/iotsim-building-monitor-2.csv,iotsim-building-monitor,1183,benign
ood_val:22030,ood_val,fit,benign,processed/iotsim-building-monitor-2.csv,iotsim-building-monitor,1184,benign
ood_val:22031,ood_val,fit,benign,processed/iotsim-building-monitor-2.csv,iotsim-building-monitor,1185,benign
ood_val:22032,ood_val,fit,benign,processed/iotsim-building-monitor-2.csv,iotsim-building-monitor,1186,benign
ood_val:22033,ood_val,fit,benign,processed/iotsim-building-monitor-2.csv,iotsim-building-monitor,1187,benign
ood_val:22034,ood_val,fit,benign,processed/iotsim-building-monitor-2.csv,iotsim-building-monitor,1188,benign
ood_val:22035,ood_val,fit,benign,processed/iotsim-building-monitor-2.csv,iotsim-building-monitor,1189,benign
ood_val:22036,ood_val,fit,benign,processed/iotsim-building-monitor-2.csv,iotsim-building-monitor,1190,benign
ood_val:22037,ood_val,fit,benign,processed/iotsim-building-monitor-2.csv,iotsim-building-monitor,1191,benign
ood_val:22038,ood_val,fit,benign,processed/iotsim-building-monitor-2.csv,iotsim-building-monitor,1192,benign
ood_val:22039,ood_val,fit,benign,processed/iotsim-building-monitor-2.csv,iotsim-building-monitor,1193,benign
ood_val:22040,ood_val,fit,benign,processed/iotsim-building-monitor-2.csv,iotsim-building-monitor,1194,benign
ood_val:22041,ood_val,fit,benign,processed/iotsim-building-monitor-2.csv,iotsim-building-monitor,1195,benign
ood_val:22042,ood_val,fit,benign,processed/iotsim-building-monitor-2.csv,iotsim-building-monitor,1196,benign
ood_val:22043,ood_val,fit,benign,processed/iotsim-building-monitor-2.csv,iotsim-building-monitor,1197,benign
ood_val:22044,ood_val,fit,benign,processed/iotsim-building-monitor-2.csv,iotsim-building-monitor,1198,benign
ood_val:22045,ood_val,fit,benign,processed/iotsim-building-monitor-2.csv,iotsim-building-monitor,1199,benign
ood_val:22046,ood_val,fit,benign,processed/iotsim-building-monitor-2.csv,iotsim-building-monitor,1200,benign
ood_val:22047,ood_val,fit,benign,processed/iotsim-building-monitor-2.csv,iotsim-building-monitor,1201,benign
ood_val:22048,ood_val,fit,benign,processed/iotsim-building-monitor-2.csv,iotsim-building-monitor,1202,benign
ood_val:22049,ood_val,fit,benign,processed/iotsim-building-monitor-2.csv,iotsim-building-monitor,1203,benign
ood_val:22050,ood_val,fit,benign,processed/iotsim-building-monitor-2.csv,iotsim-building-monitor,1204,benign
ood_val:22051,ood_val,fit,benign,processed/iotsim-building-monitor-2.csv,iotsim-building-monitor,1205,benign
ood_val:22052,ood_val,fit,benign,processed/iotsim-building-monitor-2.csv,iotsim-building-monitor,1206,benign
ood_val:22053,ood_val,fit,benign,processed/iotsim-building-monitor-2.csv,iotsim-building-monitor,1207,benign
ood_val:22054,ood_val,fit,benign,processed/iotsim-building-monitor-2.csv,iotsim-building-monitor,1208,benign
ood_val:22055,ood_val,fit,benign,processed/iotsim-building-monitor-2.csv,iotsim-building-monitor,1209,benign
ood_val:22056,ood_val,fit,benign,processed/iotsim-building-monitor-2.csv,iotsim-building-monitor,1210,benign
ood_val:22057,ood_val,fit,benign,processed/iotsim-building-monitor-2.csv,iotsim-building-monitor,1211,benign
ood_val:22058,ood_val,fit,benign,processed/iotsim-building-monitor-2.csv,iotsim-building-monitor,1212,benign
ood_val:22059,ood_val,fit,benign,processed/iotsim-building-monitor-2.csv,iotsim-building-monitor,1213,benign
ood_val:22060,ood_val,fit,benign,processed/iotsim-building-monitor-2.csv,iotsim-building-monitor,1214,benign
ood_val:22061,ood_val,fit,benign,processed/iotsim-building-monitor-2.csv,iotsim-building-monitor,1215,benign
ood_val:22062,ood_val,fit,benign,processed/iotsim-building-monitor-2.csv,iotsim-building-monitor,1216,benign
ood_val:22063,ood_val,fit,benign,processed/iotsim-building-monitor-2.csv,iotsim-building-monitor,1217,benign
ood_val:22064,ood_val,fit,benign,processed/iotsim-building-monitor-2.csv,iotsim-building-monitor,1218,benign
ood_val:22065,ood_val,fit,benign,processed/iotsim-building-monitor-2.csv,iotsim-building-monitor,1219,benign
ood_val:22066,ood_val,fit,benign,processed/iotsim-building-monitor-2.csv,iotsim-building-monitor,1220,benign
ood_val:22067,ood_val,fit,benign,processed/iotsim-building-monitor-2.csv,iotsim-building-monitor,1221,benign
ood_val:22068,ood_val,fit,benign,processed/iotsim-building-monitor-2.csv,iotsim-building-monitor,1222,benign
ood_val:22069,ood_val,fit,benign,processed/iotsim-building-monitor-2.csv,iotsim-building-monitor,1223,benign
ood_val:22070,ood_val,fit,benign,processed/iotsim-building-monitor-2.csv,iotsim-building-monitor,1224,benign
ood_val:22071,ood_val,fit,benign,processed/iotsim-building-monitor-2.csv,iotsim-building-monitor,1225,benign
ood_val:22072,ood_val,fit,benign,processed/iotsim-building-monitor-2.csv,iotsim-building-monitor,1226,benign
ood_val:22073,ood_val,fit,benign,processed/iotsim-building-monitor-2.csv,iotsim-building-monitor,1227,benign
ood_val:22074,ood_val,fit,benign,processed/iotsim-building-monitor-2.csv,iotsim-building-monitor,1228,benign
ood_val:22075,ood_val,fit,benign,processed/iotsim-building-monitor-2.csv,iotsim-building-monitor,1229,benign
ood_val:22076,ood_val,fit,benign,processed/iotsim-building-monitor-2.csv,iotsim-building-monitor,1230,benign
ood_val:22077,ood_val,fit,benign,processed/iotsim-building-monitor-2.csv,iotsim-building-monitor,1231,benign
ood_val:22078,ood_val,fit,benign,processed/iotsim-building-monitor-2.csv,iotsim-building-monitor,1232,benign
ood_val:22079,ood_val,fit,benign,processed/iotsim-building-monitor-2.csv,iotsim-building-monitor,1233,benign
ood_val:22080,ood_val,fit,benign,processed/iotsim-building-monitor-2.csv,iotsim-building-monitor,1234,benign
ood_val:22081,ood_val,fit,benign,processed/iotsim-building-monitor-2.csv,iotsim-building-monitor,1235,benign
ood_val:22082,ood_val,fit,benign,processed/iotsim-building-monitor-2.csv,iotsim-building-monitor,1236,benign
ood_val:22083,ood_val,fit,benign,processed/iotsim-building-monitor-2.csv,iotsim-building-monitor,1237,benign
ood_val:22084,ood_val,fit,benign,processed/iotsim-building-monitor-2.csv,iotsim-building-monitor,1238,benign
ood_val:22085,ood_val,fit,benign,processed/iotsim-building-monitor-2.csv,iotsim-building-monitor,1239,benign
ood_val:22086,ood_val,fit,benign,processed/iotsim-building-monitor-2.csv,iotsim-building-monitor,1240,benign
ood_val:22087,ood_val,fit,benign,processed/iotsim-building-monitor-2.csv,iotsim-building-monitor,1241,benign
ood_val:22088,ood_val,fit,benign,processed/iotsim-building-monitor-2.csv,iotsim-building-monitor,1242,benign
ood_val:22089,ood_val,fit,benign,processed/iotsim-building-monitor-2.csv,iotsim-building-monitor,1243,benign
ood_val:22090,ood_val,fit,benign,processed/iotsim-building-monitor-2.csv,iotsim-building-monitor,1244,benign
ood_val:22091,ood_val,fit,benign,processed/iotsim-building-monitor-2.csv,iotsim-building-monitor,1245,benign
ood_val:22092,ood_val,fit,benign,processed/iotsim-building-monitor-2.csv,iotsim-building-monitor,1246,benign
ood_val:22093,ood_val,fit,benign,processed/iotsim-building-monitor-2.csv,iotsim-building-monitor,1247,benign
ood_val:22094,ood_val,fit,benign,processed/iotsim-building-monitor-2.csv,iotsim-building-monitor,1248,benign
ood_val:22095,ood_val,fit,benign,processed/iotsim-building-monitor-2.csv,iotsim-building-monitor,1249,benign
ood_val:22096,ood_val,fit,benign,processed/iotsim-building-monitor-2.csv,iotsim-building-monitor,1250,benign
ood_val:22097,ood_val,fit,benign,processed/iotsim-building-monitor-2.csv,iotsim-building-monitor,1251,benign
ood_val:22098,ood_val,fit,benign,processed/iotsim-building-monitor-2.csv,iotsim-building-monitor,1252,benign
ood_val:22099,ood_val,fit,benign,processed/iotsim-building-monitor-2.csv,iotsim-building-monitor,1253,benign
ood_val:22100,ood_val,fit,benign,processed/iotsim-building-monitor-2.csv,iotsim-building-monitor,1254,benign
ood_val:22101,ood_val,fit,benign,processed/iotsim-building-monitor-2.csv,iotsim-building-monitor,1255,benign
ood_val:22102,ood_val,fit,benign,processed/iotsim-building-monitor-2.csv,iotsim-building-monitor,1256,benign
ood_val:22103,ood_val,fit,benign,processed/iotsim-building-monitor-2.csv,iotsim-building-monitor,1257,benign
ood_val:22104,ood_val,fit,benign,processed/iotsim-building-monitor-2.csv,iotsim-building-monitor,1258,benign
ood_val:22105,ood_val,fit,benign,processed/iotsim-building-monitor-2.csv,iotsim-building-monitor,1259,benign
ood_val:22106,ood_val,fit,benign,processed/iotsim-building-monitor-2.csv,iotsim-building-monitor,1260,benign
ood_val:22107,ood_val,fit,benign,processed/iotsim-building-monitor-2.csv,iotsim-building-monitor,1261,benign
ood_val:22108,ood_val,fit,benign,processed/iotsim-building-monitor-2.csv,iotsim-building-monitor,1262,benign
ood_val:22109,ood_val,fit,benign,processed/iotsim-building-monitor-2.csv,iotsim-building-monitor,1263,benign
ood_val:22110,ood_val,fit,benign,processed/iotsim-building-monitor-2.csv,iotsim-building-monitor,1264,benign
ood_val:22111,ood_val,fit,benign,processed/iotsim-building-monitor-2.csv,iotsim-building-monitor,1265,benign
ood_val:22112,ood_val,fit,benign,processed/iotsim-building-monitor-2.csv,iotsim-building-monitor,1266,benign
ood_val:22113,ood_val,fit,benign,processed/iotsim-building-monitor-2.csv,iotsim-building-monitor,1267,benign
ood_val:22114,ood_val,fit,benign,processed/iotsim-building-monitor-2.csv,iotsim-building-monitor,1268,benign
ood_val:22115,ood_val,fit,benign,processed/iotsim-building-monitor-2.csv,iotsim-building-monitor,1269,benign
ood_val:22116,ood_val,fit,benign,processed/iotsim-building-monitor-2.csv,iotsim-building-monitor,1270,benign
ood_val:22117,ood_val,fit,benign,processed/iotsim-building-monitor-2.csv,iotsim-building-monitor,1271,benign
ood_val:22118,ood_val,fit,benign,processed/iotsim-building-monitor-2.csv,iotsim-building-monitor,1272,benign
ood_val:22119,ood_val,fit,benign,processed/iotsim-building-monitor-2.csv,iotsim-building-monitor,1273,benign
ood_val:22120,ood_val,fit,benign,processed/iotsim-building-monitor-2.csv,iotsim-building-monitor,1274,benign
ood_val:22121,ood_val,fit,benign,processed/iotsim-building-monitor-2.csv,iotsim-building-monitor,1275,benign
ood_val:22122,ood_val,fit,benign,processed/iotsim-building-monitor-2.csv,iotsim-building-monitor,1276,benign
ood_val:22123,ood_val,fit,benign,processed/iotsim-building-monitor-2.csv,iotsim-building-monitor,1277,benign
ood_val:22124,ood_val,fit,benign,processed/iotsim-building-monitor-2.csv,iotsim-building-monitor,1278,benign
ood_val:22125,ood_val,fit,benign,processed/iotsim-building-monitor-2.csv,iotsim-building-monitor,1279,benign
ood_val:22126,ood_val,fit,benign,processed/iotsim-building-monitor-2.csv,iotsim-building-monitor,1280,benign
ood_val:22127,ood_val,fit,benign,processed/iotsim-building-monitor-2.csv,iotsim-building-monitor,1281,benign
ood_val:22128,ood_val,fit,benign,processed/iotsim-building-monitor-2.csv,iotsim-building-monitor,1282,benign
ood_val:22129,ood_val,fit,benign,processed/iotsim-building-monitor-2.csv,iotsim-building-monitor,1283,benign
ood_val:22130,ood_val,fit,benign,processed/iotsim-building-monitor-2.csv,iotsim-building-monitor,1284,benign
ood_val:22131,ood_val,fit,benign,processed/iotsim-building-monitor-2.csv,iotsim-building-monitor,1285,benign
ood_val:22132,ood_val,fit,benign,processed/iotsim-building-monitor-2.csv,iotsim-building-monitor,1286,benign
ood_val:22133,ood_val,fit,benign,processed/iotsim-building-monitor-2.csv,iotsim-building-monitor,1287,benign
ood_val:22134,ood_val,fit,benign,processed/iotsim-building-monitor-2.csv,iotsim-building-monitor,1288,benign
ood_val:22135,ood_val,fit,benign,processed/iotsim-building-monitor-2.csv,iotsim-building-monitor,1289,benign
ood_val:22136,ood_val,fit,benign,processed/iotsim-building-monitor-2.csv,iotsim-building-monitor,1290,benign
ood_val:22137,ood_val,fit,benign,processed/iotsim-building-monitor-2.csv,iotsim-building-monitor,1291,benign
ood_val:22138,ood_val,fit,benign,processed/iotsim-building-monitor-2.csv,iotsim-building-monitor,1292,benign
ood_val:22139,ood_val,fit,benign,processed/iotsim-building-monitor-2.csv,iotsim-building-monitor,1293,benign
ood_val:22140,ood_val,fit,benign,processed/iotsim-building-monitor-2.csv,iotsim-building-monitor,1294,benign
ood_val:22141,ood_val,fit,benign,processed/iotsim-building-monitor-2.csv,iotsim-building-monitor,1295,benign
ood_val:22142,ood_val,fit,benign,processed/iotsim-building-monitor-2.csv,iotsim-building-monitor,1296,benign
ood_val:22143,ood_val,fit,benign,processed/iotsim-building-monitor-2.csv,iotsim-building-monitor,1297,benign
ood_val:22144,ood_val,fit,benign,processed/iotsim-building-monitor-2.csv,iotsim-building-monitor,1298,benign
ood_val:22145,ood_val,fit,benign,processed/iotsim-building-monitor-2.csv,iotsim-building-monitor,1299,benign
ood_val:22146,ood_val,fit,benign,processed/iotsim-building-monitor-2.csv,iotsim-building-monitor,1300,benign
ood_val:22147,ood_val,fit,benign,processed/iotsim-building-monitor-2.csv,iotsim-building-monitor,1301,benign
ood_val:22148,ood_val,fit,benign,processed/iotsim-building-monitor-2.csv,iotsim-building-monitor,1302,benign
ood_val:22149,ood_val,fit,benign,processed/iotsim-building-monitor-2.csv,iotsim-building-monitor,1303,benign
ood_val:22150,ood_val,fit,benign,processed/iotsim-building-monitor-2.csv,iotsim-building-monitor,1304,benign
ood_val:22151,ood_val,fit,benign,processed/iotsim-building-monitor-2.csv,iotsim-building-monitor,1305,benign
ood_val:22152,ood_val,fit,benign,processed/iotsim-building-monitor-2.csv,iotsim-building-monitor,1306,benign
ood_val:22153,ood_val,fit,benign,processed/iotsim-building-monitor-2.csv,iotsim-building-monitor,1307,benign
ood_val:22154,ood_val,fit,benign,processed/iotsim-building-monitor-2.csv,iotsim-building-monitor,1308,benign
ood_val:22155,ood_val,fit,benign,processed/iotsim-building-monitor-2.csv,iotsim-building-monitor,1309,benign
ood_val:22156,ood_val,fit,benign,processed/iotsim-building-monitor-2.csv,iotsim-building-monitor,1310,benign
ood_val:22157,ood_val,fit,benign,processed/iotsim-building-monitor-2.csv,iotsim-building-monitor,1311,benign
ood_val:22158,ood_val,fit,benign,processed/iotsim-building-monitor-2.csv,iotsim-building-monitor,1312,benign
ood_val:22159,ood_val,fit,benign,processed/iotsim-building-monitor-2.csv,iotsim-building-monitor,1313,benign
ood_val:22160,ood_val,fit,benign,processed/iotsim-building-monitor-2.csv,iotsim-building-monitor,1314,benign
ood_val:22161,ood_val,fit,benign,processed/iotsim-building-monitor-2.csv,iotsim-building-monitor,1315,benign
ood_val:22162,ood_val,fit,benign,processed/iotsim-building-monitor-2.csv,iotsim-building-monitor,1316,benign
ood_val:22163,ood_val,fit,benign,processed/iotsim-building-monitor-2.csv,iotsim-building-monitor,1317,benign
ood_val:22164,ood_val,fit,benign,processed/iotsim-building-monitor-2.csv,iotsim-building-monitor,1318,benign
ood_val:22165,ood_val,fit,benign,processed/iotsim-building-monitor-2.csv,iotsim-building-monitor,1319,benign
ood_val:22166,ood_val,fit,benign,processed/iotsim-building-monitor-2.csv,iotsim-building-monitor,1320,benign
ood_val:22167,ood_val,fit,benign,processed/iotsim-building-monitor-2.csv,iotsim-building-monitor,1321,benign
ood_val:22168,ood_val,fit,benign,processed/iotsim-building-monitor-2.csv,iotsim-building-monitor,1322,benign
ood_val:22169,ood_val,fit,benign,processed/iotsim-building-monitor-2.csv,iotsim-building-monitor,1323,benign
ood_val:22170,ood_val,fit,benign,processed/iotsim-building-monitor-2.csv,iotsim-building-monitor,1324,benign
ood_val:22171,ood_val,fit,benign,processed/iotsim-building-monitor-2.csv,iotsim-building-monitor,1325,benign
ood_val:22172,ood_val,fit,benign,processed/iotsim-building-monitor-2.csv,iotsim-building-monitor,1326,benign
ood_val:22173,ood_val,fit,benign,processed/iotsim-building-monitor-2.csv,iotsim-building-monitor,1327,benign
ood_val:22174,ood_val,fit,benign,processed/iotsim-building-monitor-2.csv,iotsim-building-monitor,1328,benign
ood_val:22175,ood_val,fit,benign,processed/iotsim-building-monitor-2.csv,iotsim-building-monitor,1329,benign
ood_val:22176,ood_val,fit,benign,processed/iotsim-building-monitor-2.csv,iotsim-building-monitor,1330,benign
ood_val:22177,ood_val,fit,benign,processed/iotsim-building-monitor-2.csv,iotsim-building-monitor,1331,benign
ood_val:22178,ood_val,fit,benign,processed/iotsim-building-monitor-2.csv,iotsim-building-monitor,1332,benign
ood_val:22179,ood_val,fit,benign,processed/iotsim-building-monitor-2.csv,iotsim-building-monitor,1333,benign
ood_val:22180,ood_val,fit,benign,processed/iotsim-building-monitor-2.csv,iotsim-building-monitor,1334,benign
ood_val:22181,ood_val,fit,benign,processed/iotsim-building-monitor-2.csv,iotsim-building-monitor,1335,benign
ood_val:22182,ood_val,fit,benign,processed/iotsim-building-monitor-2.csv,iotsim-building-monitor,1336,benign
ood_val:22183,ood_val,fit,benign,processed/iotsim-building-monitor-2.csv,iotsim-building-monitor,1337,benign
ood_val:22184,ood_val,fit,benign,processed/iotsim-building-monitor-2.csv,iotsim-building-monitor,1338,benign
ood_val:22185,ood_val,fit,benign,processed/iotsim-building-monitor-2.csv,iotsim-building-monitor,1339,benign
ood_val:22186,ood_val,fit,benign,processed/iotsim-building-monitor-2.csv,iotsim-building-monitor,1340,benign
ood_val:22187,ood_val,fit,benign,processed/iotsim-building-monitor-2.csv,iotsim-building-monitor,1341,benign
ood_val:22188,ood_val,fit,benign,processed/iotsim-building-monitor-2.csv,iotsim-building-monitor,1342,benign
ood_val:22189,ood_val,fit,benign,processed/iotsim-building-monitor-2.csv,iotsim-building-monitor,1343,benign
ood_val:22190,ood_val,fit,benign,processed/iotsim-building-monitor-2.csv,iotsim-building-monitor,1344,benign
ood_val:22191,ood_val,fit,benign,processed/iotsim-building-monitor-2.csv,iotsim-building-monitor,1345,benign
ood_val:22192,ood_val,fit,benign,processed/iotsim-building-monitor-2.csv,iotsim-building-monitor,1346,benign
ood_val:22193,ood_val,fit,benign,processed/iotsim-building-monitor-2.csv,iotsim-building-monitor,1347,benign
ood_val:22194,ood_val,fit,benign,processed/iotsim-building-monitor-2.csv,iotsim-building-monitor,1348,benign
ood_val:22195,ood_val,fit,benign,processed/iotsim-building-monitor-2.csv,iotsim-building-monitor,1349,benign
ood_val:22196,ood_val,fit,benign,processed/iotsim-building-monitor-2.csv,iotsim-building-monitor,1350,benign
ood_val:22197,ood_val,fit,benign,processed/iotsim-building-monitor-2.csv,iotsim-building-monitor,1351,benign
ood_val:22198,ood_val,fit,benign,processed/iotsim-building-monitor-2.csv,iotsim-building-monitor,1352,benign
ood_val:22199,ood_val,fit,benign,processed/iotsim-building-monitor-2.csv,iotsim-building-monitor,1353,benign
ood_val:22200,ood_val,fit,benign,processed/iotsim-building-monitor-2.csv,iotsim-building-monitor,1354,benign
ood_val:22201,ood_val,fit,benign,processed/iotsim-building-monitor-2.csv,iotsim-building-monitor,1355,benign
ood_val:22202,ood_val,fit,benign,processed/iotsim-building-monitor-2.csv,iotsim-building-monitor,1356,benign
ood_val:22203,ood_val,fit,benign,processed/iotsim-building-monitor-2.csv,iotsim-building-monitor,1357,benign
ood_val:22204,ood_val,fit,benign,processed/iotsim-building-monitor-2.csv,iotsim-building-monitor,1358,benign
ood_val:22205,ood_val,fit,benign,processed/iotsim-building-monitor-2.csv,iotsim-building-monitor,1359,benign
ood_val:22206,ood_val,fit,benign,processed/iotsim-building-monitor-2.csv,iotsim-building-monitor,1360,benign
ood_val:22207,ood_val,fit,benign,processed/iotsim-building-monitor-2.csv,iotsim-building-monitor,1361,benign
ood_val:22208,ood_val,fit,benign,processed/iotsim-building-monitor-2.csv,iotsim-building-monitor,1362,benign
ood_val:22209,ood_val,fit,benign,processed/iotsim-building-monitor-2.csv,iotsim-building-monitor,1363,benign
ood_val:22210,ood_val,fit,benign,processed/iotsim-building-monitor-2.csv,iotsim-building-monitor,1364,benign
ood_val:22211,ood_val,fit,benign,processed/iotsim-building-monitor-2.csv,iotsim-building-monitor,1365,benign
ood_val:22212,ood_val,fit,benign,processed/iotsim-building-monitor-2.csv,iotsim-building-monitor,1366,benign
ood_val:22213,ood_val,fit,benign,processed/iotsim-building-monitor-2.csv,iotsim-building-monitor,1367,benign
ood_val:22214,ood_val,fit,benign,processed/iotsim-building-monitor-2.csv,iotsim-building-monitor,1368,benign
ood_val:22215,ood_val,fit,benign,processed/iotsim-building-monitor-2.csv,iotsim-building-monitor,1369,benign
ood_val:22216,ood_val,fit,benign,processed/iotsim-building-monitor-2.csv,iotsim-building-monitor,1370,benign
ood_val:22217,ood_val,fit,benign,processed/iotsim-building-monitor-2.csv,iotsim-building-monitor,1371,benign
ood_val:22218,ood_val,fit,benign,processed/iotsim-building-monitor-2.csv,iotsim-building-monitor,1372,benign
ood_val:22219,ood_val,fit,benign,processed/iotsim-building-monitor-2.csv,iotsim-building-monitor,1373,benign
ood_val:22220,ood_val,fit,benign,processed/iotsim-building-monitor-2.csv,iotsim-building-monitor,1374,benign
ood_val:22221,ood_val,fit,benign,processed/iotsim-building-monitor-2.csv,iotsim-building-monitor,1375,benign
ood_val:22222,ood_val,fit,benign,processed/iotsim-building-monitor-2.csv,iotsim-building-monitor,1376,benign
ood_val:22223,ood_val,fit,benign,processed/iotsim-building-monitor-2.csv,iotsim-building-monitor,1377,benign
ood_val:22224,ood_val,fit,benign,processed/iotsim-building-monitor-2.csv,iotsim-building-monitor,1378,benign
ood_val:22225,ood_val,fit,benign,processed/iotsim-building-monitor-2.csv,iotsim-building-monitor,1379,benign
ood_val:22226,ood_val,fit,benign,processed/iotsim-building-monitor-2.csv,iotsim-building-monitor,1380,benign
ood_val:22227,ood_val,fit,benign,processed/iotsim-building-monitor-2.csv,iotsim-building-monitor,1381,benign
ood_val:22228,ood_val,fit,benign,processed/iotsim-building-monitor-2.csv,iotsim-building-monitor,1382,benign
ood_val:22229,ood_val,fit,benign,processed/iotsim-building-monitor-2.csv,iotsim-building-monitor,1383,benign
ood_val:22230,ood_val,fit,benign,processed/iotsim-building-monitor-2.csv,iotsim-building-monitor,1384,benign
ood_val:22231,ood_val,fit,benign,processed/iotsim-building-monitor-2.csv,iotsim-building-monitor,1385,benign
ood_val:22232,ood_val,fit,benign,processed/iotsim-building-monitor-2.csv,iotsim-building-monitor,1386,benign
ood_val:22233,ood_val,fit,benign,processed/iotsim-building-monitor-2.csv,iotsim-building-monitor,1387,benign
ood_val:22234,ood_val,fit,benign,processed/iotsim-building-monitor-2.csv,iotsim-building-monitor,1388,benign
ood_val:22235,ood_val,fit,benign,processed/iotsim-building-monitor-2.csv,iotsim-building-monitor,1389,benign
ood_val:22236,ood_val,fit,benign,processed/iotsim-building-monitor-2.csv,iotsim-building-monitor,1390,benign
ood_val:22237,ood_val,fit,benign,processed/iotsim-building-monitor-2.csv,iotsim-building-monitor,1391,benign
ood_val:22238,ood_val,fit,benign,processed/iotsim-building-monitor-2.csv,iotsim-building-monitor,1392,benign
ood_val:22239,ood_val,fit,benign,processed/iotsim-building-monitor-2.csv,iotsim-building-monitor,1393,benign
ood_val:22240,ood_val,fit,benign,processed/iotsim-building-monitor-2.csv,iotsim-building-monitor,1394,benign
ood_val:22241,ood_val,fit,benign,processed/iotsim-building-monitor-2.csv,iotsim-building-monitor,1395,benign
ood_val:22242,ood_val,fit,benign,processed/iotsim-building-monitor-2.csv,iotsim-building-monitor,1396,benign
ood_val:22243,ood_val,fit,benign,processed/iotsim-building-monitor-2.csv,iotsim-building-monitor,1397,benign
ood_val:22244,ood_val,fit,benign,processed/iotsim-building-monitor-2.csv,iotsim-building-monitor,1398,benign
ood_val:22245,ood_val,fit,benign,processed/iotsim-building-monitor-2.csv,iotsim-building-monitor,1399,benign
ood_val:22246,ood_val,fit,benign,processed/iotsim-building-monitor-2.csv,iotsim-building-monitor,1400,benign
ood_val:22247,ood_val,fit,benign,processed/iotsim-building-monitor-2.csv,iotsim-building-monitor,1401,benign
ood_val:22248,ood_val,fit,benign,processed/iotsim-building-monitor-2.csv,iotsim-building-monitor,1402,benign
ood_val:22249,ood_val,fit,benign,processed/iotsim-building-monitor-2.csv,iotsim-building-monitor,1403,benign
ood_val:22250,ood_val,fit,benign,processed/iotsim-building-monitor-2.csv,iotsim-building-monitor,1404,benign
ood_val:22251,ood_val,fit,benign,processed/iotsim-building-monitor-2.csv,iotsim-building-monitor,1405,benign
ood_val:22252,ood_val,fit,benign,processed/iotsim-building-monitor-2.csv,iotsim-building-monitor,1406,benign
ood_val:22253,ood_val,fit,benign,processed/iotsim-building-monitor-2.csv,iotsim-building-monitor,1407,benign
ood_val:22254,ood_val,fit,benign,processed/iotsim-building-monitor-2.csv,iotsim-building-monitor,1408,benign
ood_val:22255,ood_val,fit,benign,processed/iotsim-building-monitor-2.csv,iotsim-building-monitor,1409,benign
ood_val:22256,ood_val,fit,benign,processed/iotsim-building-monitor-2.csv,iotsim-building-monitor,1410,benign
ood_val:22257,ood_val,fit,benign,processed/iotsim-building-monitor-2.csv,iotsim-building-monitor,1411,benign
ood_val:22258,ood_val,fit,benign,processed/iotsim-building-monitor-2.csv,iotsim-building-monitor,1412,benign
ood_val:22259,ood_val,fit,benign,processed/iotsim-building-monitor-2.csv,iotsim-building-monitor,1413,benign
ood_val:22260,ood_val,fit,benign,processed/iotsim-building-monitor-2.csv,iotsim-building-monitor,1414,benign
ood_val:22261,ood_val,fit,benign,processed/iotsim-building-monitor-2.csv,iotsim-building-monitor,1415,benign
ood_val:22262,ood_val,fit,benign,processed/iotsim-building-monitor-2.csv,iotsim-building-monitor,1416,benign
ood_val:22263,ood_val,fit,benign,processed/iotsim-building-monitor-2.csv,iotsim-building-monitor,1417,benign
ood_val:22264,ood_val,fit,benign,processed/iotsim-building-monitor-2.csv,iotsim-building-monitor,1418,benign
ood_val:22265,ood_val,fit,benign,processed/iotsim-building-monitor-2.csv,iotsim-building-monitor,1419,benign
ood_val:22266,ood_val,fit,benign,processed/iotsim-building-monitor-2.csv,iotsim-building-monitor,1420,benign
ood_val:22267,ood_val,fit,benign,processed/iotsim-building-monitor-2.csv,iotsim-building-monitor,1421,benign
ood_val:22268,ood_val,fit,benign,processed/iotsim-building-monitor-2.csv,iotsim-building-monitor,1422,benign
ood_val:22269,ood_val,fit,benign,processed/iotsim-building-monitor-2.csv,iotsim-building-monitor,1423,benign
ood_val:22270,ood_val,fit,benign,processed/iotsim-building-monitor-2.csv,iotsim-building-monitor,1424,benign
ood_val:22271,ood_val,fit,benign,processed/iotsim-building-monitor-2.csv,iotsim-building-monitor,1425,benign
ood_val:22272,ood_val,fit,benign,processed/iotsim-building-monitor-2.csv,iotsim-building-monitor,1426,benign
ood_val:22273,ood_val,fit,benign,processed/iotsim-building-monitor-2.csv,iotsim-building-monitor,1427,benign
ood_val:22274,ood_val,fit,benign,processed/iotsim-building-monitor-2.csv,iotsim-building-monitor,1428,benign
ood_val:22275,ood_val,fit,benign,processed/iotsim-building-monitor-2.csv,iotsim-building-monitor,1429,benign
ood_val:22276,ood_val,fit,benign,processed/iotsim-building-monitor-2.csv,iotsim-building-monitor,1430,benign
ood_val:22277,ood_val,fit,benign,processed/iotsim-building-monitor-2.csv,iotsim-building-monitor,1431,benign
ood_val:22278,ood_val,fit,benign,processed/iotsim-building-monitor-2.csv,iotsim-building-monitor,1432,benign
ood_val:22279,ood_val,fit,benign,processed/iotsim-building-monitor-2.csv,iotsim-building-monitor,1433,benign
ood_val:22280,ood_val,fit,benign,processed/iotsim-building-monitor-2.csv,iotsim-building-monitor,1434,benign
ood_val:22281,ood_val,fit,benign,processed/iotsim-building-monitor-2.csv,iotsim-building-monitor,1435,benign
ood_val:22282,ood_val,fit,benign,processed/iotsim-building-monitor-2.csv,iotsim-building-monitor,1436,benign
ood_val:22283,ood_val,fit,benign,processed/iotsim-building-monitor-2.csv,iotsim-building-monitor,1437,benign
ood_val:22284,ood_val,fit,benign,processed/iotsim-building-monitor-2.csv,iotsim-building-monitor,1438,benign
ood_val:22285,ood_val,fit,benign,processed/iotsim-building-monitor-2.csv,iotsim-building-monitor,1439,benign
ood_val:22286,ood_val,fit,benign,processed/iotsim-building-monitor-2.csv,iotsim-building-monitor,1440,benign
ood_val:22287,ood_val,fit,benign,processed/iotsim-building-monitor-2.csv,iotsim-building-monitor,1441,benign
ood_val:22288,ood_val,fit,benign,processed/iotsim-building-monitor-2.csv,iotsim-building-monitor,1442,benign
ood_val:22289,ood_val,fit,benign,processed/iotsim-building-monitor-2.csv,iotsim-building-monitor,1443,benign
ood_val:22290,ood_val,fit,benign,processed/iotsim-building-monitor-2.csv,iotsim-building-monitor,1444,benign
ood_val:22291,ood_val,fit,benign,processed/iotsim-building-monitor-2.csv,iotsim-building-monitor,1445,benign
ood_val:22292,ood_val,fit,benign,processed/iotsim-building-monitor-2.csv,iotsim-building-monitor,1446,benign
ood_val:22293,ood_val,fit,benign,processed/iotsim-building-monitor-2.csv,iotsim-building-monitor,1447,benign
ood_val:22294,ood_val,fit,benign,processed/iotsim-building-monitor-2.csv,iotsim-building-monitor,1448,benign
ood_val:22295,ood_val,fit,benign,processed/iotsim-building-monitor-2.csv,iotsim-building-monitor,1449,benign
ood_val:22296,ood_val,fit,benign,processed/iotsim-building-monitor-2.csv,iotsim-building-monitor,1450,benign
ood_val:22297,ood_val,fit,benign,processed/iotsim-building-monitor-2.csv,iotsim-building-monitor,1451,benign
ood_val:22298,ood_val,fit,benign,processed/iotsim-building-monitor-2.csv,iotsim-building-monitor,1452,benign
ood_val:22299,ood_val,fit,benign,processed/iotsim-building-monitor-2.csv,iotsim-building-monitor,1453,benign
ood_val:22300,ood_val,fit,benign,processed/iotsim-building-monitor-2.csv,iotsim-building-monitor,1454,benign
ood_val:22301,ood_val,fit,benign,processed/iotsim-building-monitor-2.csv,iotsim-building-monitor,1455,benign
ood_val:22302,ood_val,fit,benign,processed/iotsim-building-monitor-2.csv,iotsim-building-monitor,1456,benign
ood_val:22303,ood_val,fit,benign,processed/iotsim-building-monitor-2.csv,iotsim-building-monitor,1457,benign
ood_val:22304,ood_val,fit,benign,processed/iotsim-building-monitor-2.csv,iotsim-building-monitor,1458,benign
ood_val:22305,ood_val,fit,benign,processed/iotsim-building-monitor-2.csv,iotsim-building-monitor,1459,benign
ood_val:22306,ood_val,fit,benign,processed/iotsim-building-monitor-2.csv,iotsim-building-monitor,1460,benign
ood_val:22307,ood_val,fit,benign,processed/iotsim-building-monitor-2.csv,iotsim-building-monitor,1461,benign
ood_val:22308,ood_val,fit,benign,processed/iotsim-building-monitor-2.csv,iotsim-building-monitor,1462,benign
ood_val:22309,ood_val,fit,benign,processed/iotsim-building-monitor-2.csv,iotsim-building-monitor,1463,benign
ood_val:22310,ood_val,fit,benign,processed/iotsim-building-monitor-2.csv,iotsim-building-monitor,1464,benign
ood_val:22311,ood_val,fit,benign,processed/iotsim-building-monitor-2.csv,iotsim-building-monitor,1465,benign
ood_val:22312,ood_val,fit,benign,processed/iotsim-building-monitor-2.csv,iotsim-building-monitor,1466,benign
ood_val:22313,ood_val,fit,benign,processed/iotsim-building-monitor-2.csv,iotsim-building-monitor,1467,benign
ood_val:22314,ood_val,fit,benign,processed/iotsim-building-monitor-2.csv,iotsim-building-monitor,1468,benign
ood_val:22315,ood_val,fit,benign,processed/iotsim-building-monitor-2.csv,iotsim-building-monitor,1469,benign
ood_val:22316,ood_val,fit,benign,processed/iotsim-building-monitor-2.csv,iotsim-building-monitor,1470,benign
ood_val:22317,ood_val,fit,benign,processed/iotsim-building-monitor-2.csv,iotsim-building-monitor,1471,benign
ood_val:22318,ood_val,fit,benign,processed/iotsim-building-monitor-2.csv,iotsim-building-monitor,1472,benign
ood_val:22319,ood_val,fit,benign,processed/iotsim-building-monitor-2.csv,iotsim-building-monitor,1473,benign
ood_val:22320,ood_val,fit,benign,processed/iotsim-building-monitor-2.csv,iotsim-building-monitor,1474,benign
ood_val:22321,ood_val,fit,benign,processed/iotsim-building-monitor-2.csv,iotsim-building-monitor,1475,benign
ood_val:22322,ood_val,fit,benign,processed/iotsim-building-monitor-2.csv,iotsim-building-monitor,1476,benign
ood_val:22323,ood_val,fit,benign,processed/iotsim-building-monitor-2.csv,iotsim-building-monitor,1477,benign
ood_val:22324,ood_val,fit,benign,processed/iotsim-building-monitor-2.csv,iotsim-building-monitor,1478,benign
ood_val:22325,ood_val,fit,benign,processed/iotsim-building-monitor-2.csv,iotsim-building-monitor,1479,benign
ood_val:22326,ood_val,fit,benign,processed/iotsim-building-monitor-2.csv,iotsim-building-monitor,1480,benign
ood_val:22327,ood_val,fit,benign,processed/iotsim-building-monitor-2.csv,iotsim-building-monitor,1481,benign
ood_val:22328,ood_val,fit,benign,processed/iotsim-building-monitor-2.csv,iotsim-building-monitor,1482,benign
ood_val:22329,ood_val,fit,benign,processed/iotsim-building-monitor-2.csv,iotsim-building-monitor,1483,benign
ood_val:22330,ood_val,fit,benign,processed/iotsim-building-monitor-2.csv,iotsim-building-monitor,1484,benign
ood_val:22331,ood_val,fit,benign,processed/iotsim-building-monitor-2.csv,iotsim-building-monitor,1485,benign
ood_val:22332,ood_val,fit,benign,processed/iotsim-building-monitor-2.csv,iotsim-building-monitor,1486,benign
ood_val:22333,ood_val,fit,benign,processed/iotsim-building-monitor-2.csv,iotsim-building-monitor,1487,benign
ood_val:22334,ood_val,fit,benign,processed/iotsim-building-monitor-2.csv,iotsim-building-monitor,1488,benign
ood_val:22335,ood_val,fit,benign,processed/iotsim-building-monitor-2.csv,iotsim-building-monitor,1489,benign
ood_val:22336,ood_val,fit,benign,processed/iotsim-building-monitor-2.csv,iotsim-building-monitor,1490,benign
ood_val:22337,ood_val,fit,benign,processed/iotsim-building-monitor-2.csv,iotsim-building-monitor,1491,benign
ood_val:22338,ood_val,fit,benign,processed/iotsim-building-monitor-2.csv,iotsim-building-monitor,1492,benign
ood_val:22339,ood_val,fit,benign,processed/iotsim-building-monitor-2.csv,iotsim-building-monitor,1493,benign
ood_val:22340,ood_val,fit,benign,processed/iotsim-building-monitor-2.csv,iotsim-building-monitor,1494,benign
ood_val:22341,ood_val,fit,benign,processed/iotsim-building-monitor-2.csv,iotsim-building-monitor,1495,benign
ood_val:22342,ood_val,fit,benign,processed/iotsim-building-monitor-2.csv,iotsim-building-monitor,1496,benign
ood_val:22343,ood_val,fit,benign,processed/iotsim-building-monitor-2.csv,iotsim-building-monitor,1497,benign
ood_val:22344,ood_val,fit,benign,processed/iotsim-building-monitor-2.csv,iotsim-building-monitor,1498,benign
ood_val:22345,ood_val,fit,benign,processed/iotsim-building-monitor-2.csv,iotsim-building-monitor,1499,benign
ood_val:22346,ood_val,fit,benign,processed/iotsim-building-monitor-2.csv,iotsim-building-monitor,1500,benign
ood_val:22347,ood_val,fit,benign,processed/iotsim-building-monitor-2.csv,iotsim-building-monitor,1501,benign
ood_val:22348,ood_val,fit,benign,processed/iotsim-building-monitor-2.csv,iotsim-building-monitor,1502,benign
ood_val:22349,ood_val,fit,benign,processed/iotsim-building-monitor-2.csv,iotsim-building-monitor,1503,benign
ood_val:22350,ood_val,fit,benign,processed/iotsim-building-monitor-2.csv,iotsim-building-monitor,1504,benign
ood_val:22351,ood_val,fit,benign,processed/iotsim-building-monitor-2.csv,iotsim-building-monitor,1505,benign
ood_val:22352,ood_val,fit,benign,processed/iotsim-building-monitor-2.csv,iotsim-building-monitor,1506,benign
ood_val:22353,ood_val,fit,benign,processed/iotsim-building-monitor-2.csv,iotsim-building-monitor,1507,benign
ood_val:22354,ood_val,fit,benign,processed/iotsim-building-monitor-2.csv,iotsim-building-monitor,1508,benign
ood_val:22355,ood_val,fit,benign,processed/iotsim-building-monitor-2.csv,iotsim-building-monitor,1509,benign
ood_val:22356,ood_val,fit,benign,processed/iotsim-building-monitor-2.csv,iotsim-building-monitor,1510,benign
ood_val:22357,ood_val,fit,benign,processed/iotsim-building-monitor-2.csv,iotsim-building-monitor,1511,benign
ood_val:22358,ood_val,fit,benign,processed/iotsim-building-monitor-2.csv,iotsim-building-monitor,1512,benign
ood_val:22359,ood_val,fit,benign,processed/iotsim-building-monitor-2.csv,iotsim-building-monitor,1513,benign
ood_val:22360,ood_val,fit,benign,processed/iotsim-building-monitor-2.csv,iotsim-building-monitor,1514,benign
ood_val:22361,ood_val,fit,benign,processed/iotsim-building-monitor-2.csv,iotsim-building-monitor,1515,benign
ood_val:22362,ood_val,fit,benign,processed/iotsim-building-monitor-2.csv,iotsim-building-monitor,1516,benign
ood_val:22363,ood_val,fit,benign,processed/iotsim-building-monitor-2.csv,iotsim-building-monitor,1517,benign
ood_val:22364,ood_val,fit,benign,processed/iotsim-building-monitor-2.csv,iotsim-building-monitor,1518,benign
ood_val:22365,ood_val,fit,benign,processed/iotsim-building-monitor-2.csv,iotsim-building-monitor,1519,benign
ood_val:22366,ood_val,fit,benign,processed/iotsim-building-monitor-2.csv,iotsim-building-monitor,1520,benign
ood_val:22367,ood_val,fit,benign,processed/iotsim-building-monitor-2.csv,iotsim-building-monitor,1521,benign
ood_val:22368,ood_val,fit,benign,processed/iotsim-building-monitor-2.csv,iotsim-building-monitor,1522,benign
ood_val:22369,ood_val,fit,benign,processed/iotsim-building-monitor-2.csv,iotsim-building-monitor,1523,benign
ood_val:22370,ood_val,fit,benign,processed/iotsim-building-monitor-2.csv,iotsim-building-monitor,1524,benign
ood_val:22371,ood_val,fit,benign,processed/iotsim-building-monitor-2.csv,iotsim-building-monitor,1525,benign
ood_val:22372,ood_val,fit,benign,processed/iotsim-building-monitor-2.csv,iotsim-building-monitor,1526,benign
ood_val:22373,ood_val,fit,benign,processed/iotsim-building-monitor-2.csv,iotsim-building-monitor,1527,benign
ood_val:22374,ood_val,fit,benign,processed/iotsim-building-monitor-2.csv,iotsim-building-monitor,1528,benign
ood_val:22375,ood_val,fit,benign,processed/iotsim-building-monitor-2.csv,iotsim-building-monitor,1529,benign
ood_val:22376,ood_val,fit,benign,processed/iotsim-building-monitor-2.csv,iotsim-building-monitor,1530,benign
ood_val:22377,ood_val,fit,benign,processed/iotsim-building-monitor-2.csv,iotsim-building-monitor,1531,benign
ood_val:22378,ood_val,fit,benign,processed/iotsim-building-monitor-2.csv,iotsim-building-monitor,1532,benign
ood_val:22379,ood_val,fit,benign,processed/iotsim-building-monitor-2.csv,iotsim-building-monitor,1533,benign
ood_val:22380,ood_val,fit,benign,processed/iotsim-building-monitor-2.csv,iotsim-building-monitor,1534,benign
ood_val:22381,ood_val,fit,benign,processed/iotsim-building-monitor-2.csv,iotsim-building-monitor,1535,benign
ood_val:22382,ood_val,fit,benign,processed/iotsim-building-monitor-2.csv,iotsim-building-monitor,1536,benign
ood_val:22383,ood_val,fit,benign,processed/iotsim-building-monitor-2.csv,iotsim-building-monitor,1537,benign
ood_val:22384,ood_val,fit,benign,processed/iotsim-building-monitor-2.csv,iotsim-building-monitor,1538,benign
ood_val:22385,ood_val,fit,benign,processed/iotsim-building-monitor-2.csv,iotsim-building-monitor,1539,benign
ood_val:22386,ood_val,fit,benign,processed/iotsim-building-monitor-2.csv,iotsim-building-monitor,1540,benign
ood_val:22387,ood_val,fit,benign,processed/iotsim-building-monitor-2.csv,iotsim-building-monitor,1541,benign
ood_val:22388,ood_val,fit,benign,processed/iotsim-building-monitor-2.csv,iotsim-building-monitor,1542,benign
ood_val:22389,ood_val,fit,benign,processed/iotsim-building-monitor-2.csv,iotsim-building-monitor,1543,benign
ood_val:22390,ood_val,fit,benign,processed/iotsim-building-monitor-2.csv,iotsim-building-monitor,1544,benign
ood_val:22391,ood_val,fit,benign,processed/iotsim-building-monitor-2.csv,iotsim-building-monitor,1545,benign
ood_val:22392,ood_val,fit,benign,processed/iotsim-building-monitor-2.csv,iotsim-building-monitor,1546,benign
ood_val:22393,ood_val,fit,benign,processed/iotsim-building-monitor-2.csv,iotsim-building-monitor,1547,benign
ood_val:22394,ood_val,fit,benign,processed/iotsim-building-monitor-2.csv,iotsim-building-monitor,1548,benign
ood_val:22395,ood_val,fit,benign,processed/iotsim-building-monitor-2.csv,iotsim-building-monitor,1549,benign
ood_val:22396,ood_val,fit,benign,processed/iotsim-building-monitor-2.csv,iotsim-building-monitor,1550,benign
ood_val:22397,ood_val,fit,benign,processed/iotsim-building-monitor-2.csv,iotsim-building-monitor,1551,benign
ood_val:22398,ood_val,fit,benign,processed/iotsim-building-monitor-2.csv,iotsim-building-monitor,1552,benign
ood_val:22399,ood_val,fit,benign,processed/iotsim-building-monitor-2.csv,iotsim-building-monitor,1553,benign
ood_val:22400,ood_val,fit,benign,processed/iotsim-building-monitor-2.csv,iotsim-building-monitor,1554,benign
ood_val:22401,ood_val,fit,benign,processed/iotsim-building-monitor-2.csv,iotsim-building-monitor,1555,benign
ood_val:22402,ood_val,fit,benign,processed/iotsim-building-monitor-2.csv,iotsim-building-monitor,1556,benign
ood_val:22403,ood_val,fit,benign,processed/iotsim-building-monitor-2.csv,iotsim-building-monitor,1557,benign
ood_val:22404,ood_val,fit,benign,processed/iotsim-building-monitor-2.csv,iotsim-building-monitor,1558,benign
ood_val:22405,ood_val,fit,benign,processed/iotsim-building-monitor-2.csv,iotsim-building-monitor,1559,benign
ood_val:22406,ood_val,fit,benign,processed/iotsim-building-monitor-2.csv,iotsim-building-monitor,1560,benign
ood_val:22407,ood_val,fit,benign,processed/iotsim-building-monitor-2.csv,iotsim-building-monitor,1561,benign
ood_val:22408,ood_val,fit,benign,processed/iotsim-building-monitor-2.csv,iotsim-building-monitor,1562,benign
ood_val:22409,ood_val,fit,benign,processed/iotsim-building-monitor-2.csv,iotsim-building-monitor,1563,benign
ood_val:22410,ood_val,fit,benign,processed/iotsim-building-monitor-2.csv,iotsim-building-monitor,1564,benign
ood_val:22411,ood_val,fit,benign,processed/iotsim-building-monitor-2.csv,iotsim-building-monitor,1565,benign
ood_val:22412,ood_val,fit,benign,processed/iotsim-building-monitor-2.csv,iotsim-building-monitor,1566,benign
ood_val:22413,ood_val,fit,benign,processed/iotsim-building-monitor-2.csv,iotsim-building-monitor,1567,benign
ood_val:22414,ood_val,fit,benign,processed/iotsim-building-monitor-2.csv,iotsim-building-monitor,1568,benign
ood_val:22415,ood_val,fit,benign,processed/iotsim-building-monitor-2.csv,iotsim-building-monitor,1569,benign
ood_val:22416,ood_val,fit,benign,processed/iotsim-building-monitor-2.csv,iotsim-building-monitor,1570,benign
ood_val:22417,ood_val,fit,benign,processed/iotsim-building-monitor-2.csv,iotsim-building-monitor,1571,benign
ood_val:22418,ood_val,fit,benign,processed/iotsim-building-monitor-2.csv,iotsim-building-monitor,1572,benign
ood_val:22419,ood_val,fit,benign,processed/iotsim-building-monitor-2.csv,iotsim-building-monitor,1573,benign
ood_val:22420,ood_val,fit,benign,processed/iotsim-building-monitor-2.csv,iotsim-building-monitor,1574,benign
ood_val:22421,ood_val,fit,benign,processed/iotsim-building-monitor-2.csv,iotsim-building-monitor,1575,benign
ood_val:22422,ood_val,fit,benign,processed/iotsim-building-monitor-2.csv,iotsim-building-monitor,1576,benign
ood_val:22423,ood_val,fit,benign,processed/iotsim-building-monitor-2.csv,iotsim-building-monitor,1577,benign
ood_val:22424,ood_val,fit,benign,processed/iotsim-building-monitor-2.csv,iotsim-building-monitor,1578,benign
ood_val:22425,ood_val,fit,benign,processed/iotsim-building-monitor-2.csv,iotsim-building-monitor,1579,benign
ood_val:22426,ood_val,fit,benign,processed/iotsim-building-monitor-2.csv,iotsim-building-monitor,1580,benign
ood_val:22427,ood_val,fit,benign,processed/iotsim-building-monitor-2.csv,iotsim-building-monitor,1581,benign
ood_val:22428,ood_val,fit,benign,processed/iotsim-building-monitor-2.csv,iotsim-building-monitor,1582,benign
ood_val:22429,ood_val,fit,benign,processed/iotsim-building-monitor-2.csv,iotsim-building-monitor,1583,benign
ood_val:22430,ood_val,fit,benign,processed/iotsim-building-monitor-2.csv,iotsim-building-monitor,1584,benign
ood_val:22431,ood_val,fit,benign,processed/iotsim-building-monitor-2.csv,iotsim-building-monitor,1585,benign
ood_val:22432,ood_val,fit,benign,processed/iotsim-building-monitor-2.csv,iotsim-building-monitor,1586,benign
ood_val:22433,ood_val,fit,benign,processed/iotsim-building-monitor-2.csv,iotsim-building-monitor,1587,benign
ood_val:22434,ood_val,fit,benign,processed/iotsim-building-monitor-2.csv,iotsim-building-monitor,1588,benign
ood_val:22435,ood_val,fit,benign,processed/iotsim-building-monitor-2.csv,iotsim-building-monitor,1589,benign
ood_val:22436,ood_val,fit,benign,processed/iotsim-building-monitor-2.csv,iotsim-building-monitor,1590,benign
ood_val:22437,ood_val,fit,benign,processed/iotsim-building-monitor-2.csv,iotsim-building-monitor,1591,benign
ood_val:22438,ood_val,fit,benign,processed/iotsim-building-monitor-2.csv,iotsim-building-monitor,1592,benign
ood_val:22439,ood_val,fit,benign,processed/iotsim-building-monitor-2.csv,iotsim-building-monitor,1593,benign
ood_val:22440,ood_val,fit,benign,processed/iotsim-building-monitor-2.csv,iotsim-building-monitor,1594,benign
ood_val:22441,ood_val,fit,benign,processed/iotsim-building-monitor-2.csv,iotsim-building-monitor,1595,benign
ood_val:22442,ood_val,fit,benign,processed/iotsim-building-monitor-2.csv,iotsim-building-monitor,1596,benign
ood_val:22443,ood_val,fit,benign,processed/iotsim-building-monitor-2.csv,iotsim-building-monitor,1597,benign
ood_val:22444,ood_val,fit,benign,processed/iotsim-building-monitor-2.csv,iotsim-building-monitor,1598,benign
ood_val:22445,ood_val,fit,benign,processed/iotsim-building-monitor-2.csv,iotsim-building-monitor,1599,benign
ood_val:22446,ood_val,fit,benign,processed/iotsim-building-monitor-2.csv,iotsim-building-monitor,1600,benign
ood_val:22447,ood_val,fit,benign,processed/iotsim-building-monitor-2.csv,iotsim-building-monitor,1601,benign
ood_val:22448,ood_val,fit,benign,processed/iotsim-building-monitor-2.csv,iotsim-building-monitor,1602,benign
ood_val:22449,ood_val,fit,benign,processed/iotsim-building-monitor-2.csv,iotsim-building-monitor,1603,benign
ood_val:22450,ood_val,fit,benign,processed/iotsim-building-monitor-2.csv,iotsim-building-monitor,1604,benign
ood_val:22451,ood_val,fit,benign,processed/iotsim-building-monitor-2.csv,iotsim-building-monitor,1605,benign
ood_val:22452,ood_val,fit,benign,processed/iotsim-building-monitor-2.csv,iotsim-building-monitor,1606,benign
ood_val:22453,ood_val,fit,benign,processed/iotsim-building-monitor-2.csv,iotsim-building-monitor,1607,benign
ood_val:22454,ood_val,fit,benign,processed/iotsim-building-monitor-2.csv,iotsim-building-monitor,1608,benign
ood_val:22455,ood_val,fit,benign,processed/iotsim-building-monitor-2.csv,iotsim-building-monitor,1609,benign
ood_val:22456,ood_val,fit,benign,processed/iotsim-building-monitor-2.csv,iotsim-building-monitor,1610,benign
ood_val:22457,ood_val,fit,benign,processed/iotsim-building-monitor-2.csv,iotsim-building-monitor,1611,benign
ood_val:22458,ood_val,fit,benign,processed/iotsim-building-monitor-2.csv,iotsim-building-monitor,1612,benign
ood_val:22459,ood_val,fit,benign,processed/iotsim-building-monitor-2.csv,iotsim-building-monitor,1613,benign
ood_val:22460,ood_val,fit,benign,processed/iotsim-building-monitor-2.csv,iotsim-building-monitor,1614,benign
ood_val:22461,ood_val,fit,benign,processed/iotsim-building-monitor-2.csv,iotsim-building-monitor,1615,benign
ood_val:22462,ood_val,fit,benign,processed/iotsim-building-monitor-2.csv,iotsim-building-monitor,1616,benign
ood_val:22463,ood_val,fit,benign,processed/iotsim-building-monitor-2.csv,iotsim-building-monitor,1617,benign
ood_val:22464,ood_val,fit,benign,processed/iotsim-building-monitor-2.csv,iotsim-building-monitor,1618,benign
ood_val:22465,ood_val,fit,benign,processed/iotsim-building-monitor-2.csv,iotsim-building-monitor,1619,benign
ood_val:22466,ood_val,fit,benign,processed/iotsim-building-monitor-2.csv,iotsim-building-monitor,1620,benign
ood_val:22467,ood_val,fit,benign,processed/iotsim-building-monitor-2.csv,iotsim-building-monitor,1621,benign
ood_val:22468,ood_val,fit,benign,processed/iotsim-building-monitor-2.csv,iotsim-building-monitor,1622,benign
ood_val:22469,ood_val,fit,benign,processed/iotsim-building-monitor-2.csv,iotsim-building-monitor,1623,benign
ood_val:22470,ood_val,fit,benign,processed/iotsim-building-monitor-2.csv,iotsim-building-monitor,1624,benign
ood_val:22471,ood_val,fit,benign,processed/iotsim-building-monitor-2.csv,iotsim-building-monitor,1625,benign
ood_val:22472,ood_val,fit,benign,processed/iotsim-building-monitor-2.csv,iotsim-building-monitor,1626,benign
ood_val:22473,ood_val,fit,benign,processed/iotsim-building-monitor-2.csv,iotsim-building-monitor,1627,benign
ood_val:22474,ood_val,fit,benign,processed/iotsim-building-monitor-2.csv,iotsim-building-monitor,1628,benign
ood_val:22475,ood_val,fit,benign,processed/iotsim-building-monitor-2.csv,iotsim-building-monitor,1629,benign
ood_val:22476,ood_val,fit,benign,processed/iotsim-building-monitor-2.csv,iotsim-building-monitor,1630,benign
ood_val:22477,ood_val,fit,benign,processed/iotsim-building-monitor-2.csv,iotsim-building-monitor,1631,benign
ood_val:22478,ood_val,fit,benign,processed/iotsim-building-monitor-2.csv,iotsim-building-monitor,1632,benign
ood_val:22479,ood_val,fit,benign,processed/iotsim-building-monitor-2.csv,iotsim-building-monitor,1633,benign
ood_val:22480,ood_val,fit,benign,processed/iotsim-building-monitor-2.csv,iotsim-building-monitor,1634,benign
ood_val:22481,ood_val,fit,benign,processed/iotsim-building-monitor-2.csv,iotsim-building-monitor,1635,benign
ood_val:22482,ood_val,fit,benign,processed/iotsim-building-monitor-2.csv,iotsim-building-monitor,1636,benign
ood_val:22483,ood_val,fit,benign,processed/iotsim-building-monitor-2.csv,iotsim-building-monitor,1637,benign
ood_val:22484,ood_val,fit,benign,processed/iotsim-building-monitor-2.csv,iotsim-building-monitor,1638,benign
ood_val:22485,ood_val,fit,benign,processed/iotsim-building-monitor-2.csv,iotsim-building-monitor,1639,benign
ood_val:22486,ood_val,fit,benign,processed/iotsim-building-monitor-2.csv,iotsim-building-monitor,1640,benign
ood_val:22487,ood_val,fit,benign,processed/iotsim-building-monitor-2.csv,iotsim-building-monitor,1641,benign
ood_val:22488,ood_val,fit,benign,processed/iotsim-building-monitor-2.csv,iotsim-building-monitor,1642,benign
ood_val:22489,ood_val,fit,benign,processed/iotsim-building-monitor-2.csv,iotsim-building-monitor,1643,benign
ood_val:22490,ood_val,fit,benign,processed/iotsim-building-monitor-2.csv,iotsim-building-monitor,1644,benign
ood_val:22491,ood_val,fit,benign,processed/iotsim-building-monitor-2.csv,iotsim-building-monitor,1645,benign
ood_val:22492,ood_val,fit,benign,processed/iotsim-building-monitor-2.csv,iotsim-building-monitor,1646,benign
ood_val:22493,ood_val,fit,benign,processed/iotsim-building-monitor-2.csv,iotsim-building-monitor,1647,benign
ood_val:22494,ood_val,fit,benign,processed/iotsim-building-monitor-2.csv,iotsim-building-monitor,1648,benign
ood_val:22495,ood_val,fit,benign,processed/iotsim-building-monitor-2.csv,iotsim-building-monitor,1649,benign
ood_val:22496,ood_val,fit,benign,processed/iotsim-building-monitor-2.csv,iotsim-building-monitor,1650,benign
ood_val:22497,ood_val,fit,benign,processed/iotsim-building-monitor-2.csv,iotsim-building-monitor,1651,benign
ood_val:22498,ood_val,fit,benign,processed/iotsim-building-monitor-2.csv,iotsim-building-monitor,1652,benign
ood_val:22499,ood_val,fit,benign,processed/iotsim-building-monitor-2.csv,iotsim-building-monitor,1653,benign
ood_val:22500,ood_val,fit,benign,processed/iotsim-building-monitor-2.csv,iotsim-building-monitor,1654,benign
ood_val:22501,ood_val,fit,benign,processed/iotsim-building-monitor-2.csv,iotsim-building-monitor,1655,benign
ood_val:22502,ood_val,fit,benign,processed/iotsim-building-monitor-2.csv,iotsim-building-monitor,1656,benign
ood_val:22503,ood_val,fit,benign,processed/iotsim-building-monitor-2.csv,iotsim-building-monitor,1657,benign
ood_val:22504,ood_val,fit,benign,processed/iotsim-building-monitor-2.csv,iotsim-building-monitor,1658,benign
ood_val:22505,ood_val,fit,benign,processed/iotsim-building-monitor-2.csv,iotsim-building-monitor,1659,benign
ood_val:22506,ood_val,fit,benign,processed/iotsim-building-monitor-2.csv,iotsim-building-monitor,1660,benign
ood_val:22507,ood_val,fit,benign,processed/iotsim-building-monitor-2.csv,iotsim-building-monitor,1661,benign
ood_val:22508,ood_val,fit,benign,processed/iotsim-building-monitor-2.csv,iotsim-building-monitor,1662,benign
ood_val:22509,ood_val,fit,benign,processed/iotsim-building-monitor-2.csv,iotsim-building-monitor,1663,benign
ood_val:22510,ood_val,fit,benign,processed/iotsim-building-monitor-2.csv,iotsim-building-monitor,1664,benign
ood_val:22511,ood_val,fit,benign,processed/iotsim-building-monitor-2.csv,iotsim-building-monitor,1665,benign
ood_val:22512,ood_val,fit,benign,processed/iotsim-building-monitor-2.csv,iotsim-building-monitor,1666,benign
ood_val:22513,ood_val,fit,benign,processed/iotsim-building-monitor-2.csv,iotsim-building-monitor,1667,benign
ood_val:22514,ood_val,fit,benign,processed/iotsim-building-monitor-2.csv,iotsim-building-monitor,1668,benign
ood_val:22515,ood_val,fit,benign,processed/iotsim-building-monitor-2.csv,iotsim-building-monitor,1669,benign
ood_val:22516,ood_val,fit,benign,processed/iotsim-building-monitor-2.csv,iotsim-building-monitor,1670,benign
ood_val:22517,ood_val,fit,benign,processed/iotsim-building-monitor-2.csv,iotsim-building-monitor,1671,benign
ood_val:22518,ood_val,fit,benign,processed/iotsim-building-monitor-2.csv,iotsim-building-monitor,1672,benign
ood_val:22519,ood_val,fit,benign,processed/iotsim-building-monitor-2.csv,iotsim-building-monitor,1673,benign
ood_val:22520,ood_val,fit,benign,processed/iotsim-building-monitor-2.csv,iotsim-building-monitor,1674,benign
ood_val:22521,ood_val,fit,benign,processed/iotsim-building-monitor-2.csv,iotsim-building-monitor,1675,benign
ood_val:22522,ood_val,fit,benign,processed/iotsim-building-monitor-2.csv,iotsim-building-monitor,1676,benign
ood_val:22523,ood_val,fit,benign,processed/iotsim-building-monitor-2.csv,iotsim-building-monitor,1677,benign
ood_val:22524,ood_val,fit,benign,processed/iotsim-building-monitor-2.csv,iotsim-building-monitor,1678,benign
ood_val:22525,ood_val,fit,benign,processed/iotsim-building-monitor-2.csv,iotsim-building-monitor,1679,benign
ood_val:22526,ood_val,fit,benign,processed/iotsim-building-monitor-2.csv,iotsim-building-monitor,1680,benign
ood_val:22527,ood_val,fit,benign,processed/iotsim-building-monitor-2.csv,iotsim-building-monitor,1681,benign
ood_val:22528,ood_val,fit,benign,processed/iotsim-building-monitor-2.csv,iotsim-building-monitor,1682,benign
ood_val:22529,ood_val,fit,benign,processed/iotsim-building-monitor-2.csv,iotsim-building-monitor,1683,benign
ood_val:22530,ood_val,fit,benign,processed/iotsim-building-monitor-2.csv,iotsim-building-monitor,1684,benign
ood_val:22531,ood_val,fit,benign,processed/iotsim-building-monitor-2.csv,iotsim-building-monitor,1685,benign
ood_val:22532,ood_val,fit,benign,processed/iotsim-building-monitor-2.csv,iotsim-building-monitor,1686,benign
ood_val:22533,ood_val,fit,benign,processed/iotsim-building-monitor-2.csv,iotsim-building-monitor,1687,benign
ood_val:22534,ood_val,fit,benign,processed/iotsim-building-monitor-2.csv,iotsim-building-monitor,1688,benign
ood_val:22535,ood_val,fit,benign,processed/iotsim-building-monitor-2.csv,iotsim-building-monitor,1689,benign
ood_val:22536,ood_val,fit,benign,processed/iotsim-building-monitor-2.csv,iotsim-building-monitor,1690,benign
ood_val:22537,ood_val,fit,benign,processed/iotsim-building-monitor-2.csv,iotsim-building-monitor,1691,benign
ood_val:22538,ood_val,fit,benign,processed/iotsim-building-monitor-2.csv,iotsim-building-monitor,1692,benign
ood_val:22539,ood_val,fit,benign,processed/iotsim-building-monitor-2.csv,iotsim-building-monitor,1693,benign
ood_val:22540,ood_val,fit,benign,processed/iotsim-building-monitor-2.csv,iotsim-building-monitor,1694,benign
ood_val:22541,ood_val,fit,benign,processed/iotsim-building-monitor-2.csv,iotsim-building-monitor,1695,benign
ood_val:22542,ood_val,fit,benign,processed/iotsim-building-monitor-2.csv,iotsim-building-monitor,1696,benign
ood_val:22543,ood_val,fit,benign,processed/iotsim-building-monitor-2.csv,iotsim-building-monitor,1697,benign
ood_val:22544,ood_val,fit,benign,processed/iotsim-building-monitor-2.csv,iotsim-building-monitor,1698,benign
ood_val:22545,ood_val,fit,benign,processed/iotsim-building-monitor-2.csv,iotsim-building-monitor,1699,benign
ood_val:22546,ood_val,fit,benign,processed/iotsim-building-monitor-2.csv,iotsim-building-monitor,1700,benign
ood_val:22547,ood_val,fit,benign,processed/iotsim-building-monitor-2.csv,iotsim-building-monitor,1701,benign
ood_val:22548,ood_val,fit,benign,processed/iotsim-building-monitor-2.csv,iotsim-building-monitor,1702,benign
ood_val:22549,ood_val,fit,benign,processed/iotsim-building-monitor-2.csv,iotsim-building-monitor,1703,benign
ood_val:22550,ood_val,fit,benign,processed/iotsim-building-monitor-2.csv,iotsim-building-monitor,1704,benign
ood_val:22551,ood_val,fit,benign,processed/iotsim-building-monitor-2.csv,iotsim-building-monitor,1705,benign
ood_val:22552,ood_val,fit,benign,processed/iotsim-building-monitor-2.csv,iotsim-building-monitor,1706,benign
ood_val:22553,ood_val,fit,benign,processed/iotsim-building-monitor-2.csv,iotsim-building-monitor,1707,benign
ood_val:22554,ood_val,fit,benign,processed/iotsim-building-monitor-2.csv,iotsim-building-monitor,1708,benign
ood_val:22555,ood_val,fit,benign,processed/iotsim-building-monitor-2.csv,iotsim-building-monitor,1709,benign
ood_val:22556,ood_val,fit,benign,processed/iotsim-building-monitor-2.csv,iotsim-building-monitor,1710,benign
ood_val:22557,ood_val,fit,benign,processed/iotsim-building-monitor-2.csv,iotsim-building-monitor,1711,benign
ood_val:22558,ood_val,fit,benign,processed/iotsim-building-monitor-2.csv,iotsim-building-monitor,1712,benign
ood_val:22559,ood_val,fit,benign,processed/iotsim-building-monitor-2.csv,iotsim-building-monitor,1713,benign
ood_val:22560,ood_val,fit,benign,processed/iotsim-building-monitor-2.csv,iotsim-building-monitor,1714,benign
ood_val:22561,ood_val,fit,benign,processed/iotsim-building-monitor-2.csv,iotsim-building-monitor,1715,benign
ood_val:22562,ood_val,fit,benign,processed/iotsim-building-monitor-2.csv,iotsim-building-monitor,1716,benign
ood_val:22563,ood_val,fit,benign,processed/iotsim-building-monitor-2.csv,iotsim-building-monitor,1717,benign
ood_val:22564,ood_val,fit,benign,processed/iotsim-building-monitor-2.csv,iotsim-building-monitor,1718,benign
ood_val:22565,ood_val,fit,benign,processed/iotsim-building-monitor-2.csv,iotsim-building-monitor,1719,benign
ood_val:22566,ood_val,fit,benign,processed/iotsim-building-monitor-2.csv,iotsim-building-monitor,1720,benign
ood_val:22567,ood_val,fit,benign,processed/iotsim-building-monitor-2.csv,iotsim-building-monitor,1721,benign
ood_val:22568,ood_val,fit,benign,processed/iotsim-building-monitor-2.csv,iotsim-building-monitor,1722,benign
ood_val:22569,ood_val,fit,benign,processed/iotsim-building-monitor-2.csv,iotsim-building-monitor,1723,benign
ood_val:22570,ood_val,fit,benign,processed/iotsim-building-monitor-2.csv,iotsim-building-monitor,1724,benign
ood_val:22571,ood_val,fit,benign,processed/iotsim-building-monitor-2.csv,iotsim-building-monitor,1725,benign
ood_val:22572,ood_val,fit,benign,processed/iotsim-building-monitor-2.csv,iotsim-building-monitor,1726,benign
ood_val:22573,ood_val,fit,benign,processed/iotsim-building-monitor-2.csv,iotsim-building-monitor,1727,benign
ood_val:22574,ood_val,fit,benign,processed/iotsim-building-monitor-2.csv,iotsim-building-monitor,1728,benign
ood_val:22575,ood_val,fit,benign,processed/iotsim-building-monitor-2.csv,iotsim-building-monitor,1729,benign
ood_val:22576,ood_val,fit,benign,processed/iotsim-building-monitor-2.csv,iotsim-building-monitor,1730,benign
ood_val:22577,ood_val,fit,benign,processed/iotsim-building-monitor-2.csv,iotsim-building-monitor,1731,benign
ood_val:22578,ood_val,fit,benign,processed/iotsim-building-monitor-2.csv,iotsim-building-monitor,1732,benign
ood_val:22579,ood_val,fit,benign,processed/iotsim-building-monitor-2.csv,iotsim-building-monitor,1733,benign
ood_val:22580,ood_val,fit,benign,processed/iotsim-building-monitor-2.csv,iotsim-building-monitor,1734,benign
ood_val:22581,ood_val,fit,benign,processed/iotsim-building-monitor-2.csv,iotsim-building-monitor,1735,benign
ood_val:22582,ood_val,fit,benign,processed/iotsim-building-monitor-2.csv,iotsim-building-monitor,1736,benign
ood_val:22583,ood_val,fit,benign,processed/iotsim-building-monitor-2.csv,iotsim-building-monitor,1737,benign
ood_val:22584,ood_val,fit,benign,processed/iotsim-building-monitor-2.csv,iotsim-building-monitor,1738,benign
ood_val:22585,ood_val,fit,benign,processed/iotsim-building-monitor-2.csv,iotsim-building-monitor,1739,benign
ood_val:22586,ood_val,fit,benign,processed/iotsim-building-monitor-3.csv,iotsim-building-monitor,50,benign
ood_val:22587,ood_val,fit,benign,processed/iotsim-building-monitor-3.csv,iotsim-building-monitor,51,benign
ood_val:22588,ood_val,fit,benign,processed/iotsim-building-monitor-3.csv,iotsim-building-monitor,52,benign
ood_val:22589,ood_val,fit,benign,processed/iotsim-building-monitor-3.csv,iotsim-building-monitor,53,benign
ood_val:22590,ood_val,fit,benign,processed/iotsim-building-monitor-3.csv,iotsim-building-monitor,54,benign
ood_val:22591,ood_val,fit,benign,processed/iotsim-building-monitor-3.csv,iotsim-building-monitor,55,benign
ood_val:22592,ood_val,fit,benign,processed/iotsim-building-monitor-3.csv,iotsim-building-monitor,56,benign
ood_val:22593,ood_val,fit,benign,processed/iotsim-building-monitor-3.csv,iotsim-building-monitor,57,benign
ood_val:22594,ood_val,fit,benign,processed/iotsim-building-monitor-3.csv,iotsim-building-monitor,58,benign
ood_val:22595,ood_val,fit,benign,processed/iotsim-building-monitor-3.csv,iotsim-building-monitor,59,benign
ood_val:22596,ood_val,fit,benign,processed/iotsim-building-monitor-3.csv,iotsim-building-monitor,60,benign
ood_val:22597,ood_val,fit,benign,processed/iotsim-building-monitor-3.csv,iotsim-building-monitor,61,benign
ood_val:22598,ood_val,fit,benign,processed/iotsim-building-monitor-3.csv,iotsim-building-monitor,62,benign
ood_val:22599,ood_val,fit,benign,processed/iotsim-building-monitor-3.csv,iotsim-building-monitor,63,benign
ood_val:22600,ood_val,fit,benign,processed/iotsim-building-monitor-3.csv,iotsim-building-monitor,64,benign
ood_val:22601,ood_val,fit,benign,processed/iotsim-building-monitor-3.csv,iotsim-building-monitor,65,benign
ood_val:22602,ood_val,fit,benign,processed/iotsim-building-monitor-3.csv,iotsim-building-monitor,66,benign
ood_val:22603,ood_val,fit,benign,processed/iotsim-building-monitor-3.csv,iotsim-building-monitor,67,benign
ood_val:22604,ood_val,fit,benign,processed/iotsim-building-monitor-3.csv,iotsim-building-monitor,68,benign
ood_val:22605,ood_val,fit,benign,processed/iotsim-building-monitor-3.csv,iotsim-building-monitor,69,benign
ood_val:22606,ood_val,fit,benign,processed/iotsim-building-monitor-3.csv,iotsim-building-monitor,70,benign
ood_val:22607,ood_val,fit,benign,processed/iotsim-building-monitor-3.csv,iotsim-building-monitor,71,benign
ood_val:22608,ood_val,fit,benign,processed/iotsim-building-monitor-3.csv,iotsim-building-monitor,72,benign
ood_val:22609,ood_val,fit,benign,processed/iotsim-building-monitor-3.csv,iotsim-building-monitor,73,benign
ood_val:22610,ood_val,fit,benign,processed/iotsim-building-monitor-3.csv,iotsim-building-monitor,74,benign
ood_val:22611,ood_val,fit,benign,processed/iotsim-building-monitor-3.csv,iotsim-building-monitor,75,benign
ood_val:22612,ood_val,fit,benign,processed/iotsim-building-monitor-3.csv,iotsim-building-monitor,76,benign
ood_val:22613,ood_val,fit,benign,processed/iotsim-building-monitor-3.csv,iotsim-building-monitor,77,benign
ood_val:22614,ood_val,fit,benign,processed/iotsim-building-monitor-3.csv,iotsim-building-monitor,78,benign
ood_val:22615,ood_val,fit,benign,processed/iotsim-building-monitor-3.csv,iotsim-building-monitor,79,benign
ood_val:22616,ood_val,fit,benign,processed/iotsim-building-monitor-3.csv,iotsim-building-monitor,80,benign
ood_val:22617,ood_val,fit,benign,processed/iotsim-building-monitor-3.csv,iotsim-building-monitor,81,benign
ood_val:22618,ood_val,fit,benign,processed/iotsim-building-monitor-3.csv,iotsim-building-monitor,82,benign
ood_val:22619,ood_val,fit,benign,processed/iotsim-building-monitor-3.csv,iotsim-building-monitor,83,benign
ood_val:22620,ood_val,fit,benign,processed/iotsim-building-monitor-3.csv,iotsim-building-monitor,84,benign
ood_val:22621,ood_val,fit,benign,processed/iotsim-building-monitor-3.csv,iotsim-building-monitor,85,benign
ood_val:22622,ood_val,fit,benign,processed/iotsim-building-monitor-3.csv,iotsim-building-monitor,86,benign
ood_val:22623,ood_val,fit,benign,processed/iotsim-building-monitor-3.csv,iotsim-building-monitor,87,benign
ood_val:22624,ood_val,fit,benign,processed/iotsim-building-monitor-3.csv,iotsim-building-monitor,88,benign
ood_val:22625,ood_val,fit,benign,processed/iotsim-building-monitor-3.csv,iotsim-building-monitor,89,benign
ood_val:22626,ood_val,fit,benign,processed/iotsim-building-monitor-3.csv,iotsim-building-monitor,90,benign
ood_val:22627,ood_val,fit,benign,processed/iotsim-building-monitor-3.csv,iotsim-building-monitor,91,benign
ood_val:22628,ood_val,fit,benign,processed/iotsim-building-monitor-3.csv,iotsim-building-monitor,92,benign
ood_val:22629,ood_val,fit,benign,processed/iotsim-building-monitor-3.csv,iotsim-building-monitor,93,benign
ood_val:22630,ood_val,fit,benign,processed/iotsim-building-monitor-3.csv,iotsim-building-monitor,94,benign
ood_val:22631,ood_val,fit,benign,processed/iotsim-building-monitor-3.csv,iotsim-building-monitor,95,benign
ood_val:22632,ood_val,fit,benign,processed/iotsim-building-monitor-3.csv,iotsim-building-monitor,96,benign
ood_val:22633,ood_val,fit,benign,processed/iotsim-building-monitor-3.csv,iotsim-building-monitor,97,benign
ood_val:22634,ood_val,fit,benign,processed/iotsim-building-monitor-3.csv,iotsim-building-monitor,98,benign
ood_val:22635,ood_val,fit,benign,processed/iotsim-building-monitor-3.csv,iotsim-building-monitor,99,benign
ood_val:22636,ood_val,fit,benign,processed/iotsim-building-monitor-3.csv,iotsim-building-monitor,100,benign
ood_val:22637,ood_val,fit,benign,processed/iotsim-building-monitor-3.csv,iotsim-building-monitor,101,benign
ood_val:22638,ood_val,fit,benign,processed/iotsim-building-monitor-3.csv,iotsim-building-monitor,102,benign
ood_val:22639,ood_val,fit,benign,processed/iotsim-building-monitor-3.csv,iotsim-building-monitor,103,benign
ood_val:22640,ood_val,fit,benign,processed/iotsim-building-monitor-3.csv,iotsim-building-monitor,104,benign
ood_val:22641,ood_val,fit,benign,processed/iotsim-building-monitor-3.csv,iotsim-building-monitor,105,benign
ood_val:22642,ood_val,fit,benign,processed/iotsim-building-monitor-3.csv,iotsim-building-monitor,106,benign
ood_val:22643,ood_val,fit,benign,processed/iotsim-building-monitor-3.csv,iotsim-building-monitor,107,benign
ood_val:22644,ood_val,fit,benign,processed/iotsim-building-monitor-3.csv,iotsim-building-monitor,108,benign
ood_val:22645,ood_val,fit,benign,processed/iotsim-building-monitor-3.csv,iotsim-building-monitor,109,benign
ood_val:22646,ood_val,fit,benign,processed/iotsim-building-monitor-3.csv,iotsim-building-monitor,110,benign
ood_val:22647,ood_val,fit,benign,processed/iotsim-building-monitor-3.csv,iotsim-building-monitor,111,benign
ood_val:22648,ood_val,fit,benign,processed/iotsim-building-monitor-3.csv,iotsim-building-monitor,112,benign
ood_val:22649,ood_val,fit,benign,processed/iotsim-building-monitor-3.csv,iotsim-building-monitor,113,benign
ood_val:22650,ood_val,fit,benign,processed/iotsim-building-monitor-3.csv,iotsim-building-monitor,114,benign
ood_val:22651,ood_val,fit,benign,processed/iotsim-building-monitor-3.csv,iotsim-building-monitor,115,benign
ood_val:22652,ood_val,fit,benign,processed/iotsim-building-monitor-3.csv,iotsim-building-monitor,116,benign
ood_val:22653,ood_val,fit,benign,processed/iotsim-building-monitor-3.csv,iotsim-building-monitor,117,benign
ood_val:22654,ood_val,fit,benign,processed/iotsim-building-monitor-3.csv,iotsim-building-monitor,118,benign
ood_val:22655,ood_val,fit,benign,processed/iotsim-building-monitor-3.csv,iotsim-building-monitor,119,benign
ood_val:22656,ood_val,fit,benign,processed/iotsim-building-monitor-3.csv,iotsim-building-monitor,120,benign
ood_val:22657,ood_val,fit,benign,processed/iotsim-building-monitor-3.csv,iotsim-building-monitor,121,benign
ood_val:22658,ood_val,fit,benign,processed/iotsim-building-monitor-3.csv,iotsim-building-monitor,122,benign
ood_val:22659,ood_val,fit,benign,processed/iotsim-building-monitor-3.csv,iotsim-building-monitor,123,benign
ood_val:22660,ood_val,fit,benign,processed/iotsim-building-monitor-3.csv,iotsim-building-monitor,124,benign
ood_val:22661,ood_val,fit,benign,processed/iotsim-building-monitor-3.csv,iotsim-building-monitor,125,benign
ood_val:22662,ood_val,fit,benign,processed/iotsim-building-monitor-3.csv,iotsim-building-monitor,126,benign
ood_val:22663,ood_val,fit,benign,processed/iotsim-building-monitor-3.csv,iotsim-building-monitor,127,benign
ood_val:22664,ood_val,fit,benign,processed/iotsim-building-monitor-3.csv,iotsim-building-monitor,128,benign
ood_val:22665,ood_val,fit,benign,processed/iotsim-building-monitor-3.csv,iotsim-building-monitor,129,benign
ood_val:22666,ood_val,fit,benign,processed/iotsim-building-monitor-3.csv,iotsim-building-monitor,130,benign
ood_val:22667,ood_val,fit,benign,processed/iotsim-building-monitor-3.csv,iotsim-building-monitor,131,benign
ood_val:22668,ood_val,fit,benign,processed/iotsim-building-monitor-3.csv,iotsim-building-monitor,132,benign
ood_val:22669,ood_val,fit,benign,processed/iotsim-building-monitor-3.csv,iotsim-building-monitor,133,benign
ood_val:22670,ood_val,fit,benign,processed/iotsim-building-monitor-3.csv,iotsim-building-monitor,134,benign
ood_val:22671,ood_val,fit,benign,processed/iotsim-building-monitor-3.csv,iotsim-building-monitor,135,benign
ood_val:22672,ood_val,fit,benign,processed/iotsim-building-monitor-3.csv,iotsim-building-monitor,136,benign
ood_val:22673,ood_val,fit,benign,processed/iotsim-building-monitor-3.csv,iotsim-building-monitor,137,benign
ood_val:22674,ood_val,fit,benign,processed/iotsim-building-monitor-3.csv,iotsim-building-monitor,138,benign
ood_val:22675,ood_val,fit,benign,processed/iotsim-building-monitor-3.csv,iotsim-building-monitor,139,benign
ood_val:22676,ood_val,fit,benign,processed/iotsim-building-monitor-3.csv,iotsim-building-monitor,140,benign
ood_val:22677,ood_val,fit,benign,processed/iotsim-building-monitor-3.csv,iotsim-building-monitor,141,benign
ood_val:22678,ood_val,fit,benign,processed/iotsim-building-monitor-3.csv,iotsim-building-monitor,142,benign
ood_val:22679,ood_val,fit,benign,processed/iotsim-building-monitor-3.csv,iotsim-building-monitor,143,benign
ood_val:22680,ood_val,fit,benign,processed/iotsim-building-monitor-3.csv,iotsim-building-monitor,144,benign
ood_val:22681,ood_val,fit,benign,processed/iotsim-building-monitor-3.csv,iotsim-building-monitor,145,benign
ood_val:22682,ood_val,fit,benign,processed/iotsim-building-monitor-3.csv,iotsim-building-monitor,146,benign
ood_val:22683,ood_val,fit,benign,processed/iotsim-building-monitor-3.csv,iotsim-building-monitor,147,benign
ood_val:22684,ood_val,fit,benign,processed/iotsim-building-monitor-3.csv,iotsim-building-monitor,148,benign
ood_val:22685,ood_val,fit,benign,processed/iotsim-building-monitor-3.csv,iotsim-building-monitor,149,benign
ood_val:22686,ood_val,fit,benign,processed/iotsim-building-monitor-3.csv,iotsim-building-monitor,150,benign
ood_val:22687,ood_val,fit,benign,processed/iotsim-building-monitor-3.csv,iotsim-building-monitor,151,benign
ood_val:22688,ood_val,fit,benign,processed/iotsim-building-monitor-3.csv,iotsim-building-monitor,152,benign
ood_val:22689,ood_val,fit,benign,processed/iotsim-building-monitor-3.csv,iotsim-building-monitor,153,benign
ood_val:22690,ood_val,fit,benign,processed/iotsim-building-monitor-3.csv,iotsim-building-monitor,154,benign
ood_val:22691,ood_val,fit,benign,processed/iotsim-building-monitor-3.csv,iotsim-building-monitor,155,benign
ood_val:22692,ood_val,fit,benign,processed/iotsim-building-monitor-3.csv,iotsim-building-monitor,156,benign
ood_val:22693,ood_val,fit,benign,processed/iotsim-building-monitor-3.csv,iotsim-building-monitor,157,benign
ood_val:22694,ood_val,fit,benign,processed/iotsim-building-monitor-3.csv,iotsim-building-monitor,158,benign
ood_val:22695,ood_val,fit,benign,processed/iotsim-building-monitor-3.csv,iotsim-building-monitor,159,benign
ood_val:22696,ood_val,fit,benign,processed/iotsim-building-monitor-3.csv,iotsim-building-monitor,160,benign
ood_val:22697,ood_val,fit,benign,processed/iotsim-building-monitor-3.csv,iotsim-building-monitor,161,benign
ood_val:22698,ood_val,fit,benign,processed/iotsim-building-monitor-3.csv,iotsim-building-monitor,162,benign
ood_val:22699,ood_val,fit,benign,processed/iotsim-building-monitor-3.csv,iotsim-building-monitor,163,benign
ood_val:22700,ood_val,fit,benign,processed/iotsim-building-monitor-3.csv,iotsim-building-monitor,164,benign
ood_val:22701,ood_val,fit,benign,processed/iotsim-building-monitor-3.csv,iotsim-building-monitor,165,benign
ood_val:22702,ood_val,fit,benign,processed/iotsim-building-monitor-3.csv,iotsim-building-monitor,166,benign
ood_val:22703,ood_val,fit,benign,processed/iotsim-building-monitor-3.csv,iotsim-building-monitor,167,benign
ood_val:22704,ood_val,fit,benign,processed/iotsim-building-monitor-3.csv,iotsim-building-monitor,168,benign
ood_val:22705,ood_val,fit,benign,processed/iotsim-building-monitor-3.csv,iotsim-building-monitor,169,benign
ood_val:22706,ood_val,fit,benign,processed/iotsim-building-monitor-3.csv,iotsim-building-monitor,170,benign
ood_val:22707,ood_val,fit,benign,processed/iotsim-building-monitor-3.csv,iotsim-building-monitor,171,benign
ood_val:22708,ood_val,fit,benign,processed/iotsim-building-monitor-3.csv,iotsim-building-monitor,172,benign
ood_val:22709,ood_val,fit,benign,processed/iotsim-building-monitor-3.csv,iotsim-building-monitor,173,benign
ood_val:22710,ood_val,fit,benign,processed/iotsim-building-monitor-3.csv,iotsim-building-monitor,174,benign
ood_val:22711,ood_val,fit,benign,processed/iotsim-building-monitor-3.csv,iotsim-building-monitor,175,benign
ood_val:22712,ood_val,fit,benign,processed/iotsim-building-monitor-3.csv,iotsim-building-monitor,176,benign
ood_val:22713,ood_val,fit,benign,processed/iotsim-building-monitor-3.csv,iotsim-building-monitor,177,benign
ood_val:22714,ood_val,fit,benign,processed/iotsim-building-monitor-3.csv,iotsim-building-monitor,178,benign
ood_val:22715,ood_val,fit,benign,processed/iotsim-building-monitor-3.csv,iotsim-building-monitor,179,benign
ood_val:22716,ood_val,fit,benign,processed/iotsim-building-monitor-3.csv,iotsim-building-monitor,180,benign
ood_val:22717,ood_val,fit,benign,processed/iotsim-building-monitor-3.csv,iotsim-building-monitor,181,benign
ood_val:22718,ood_val,fit,benign,processed/iotsim-building-monitor-3.csv,iotsim-building-monitor,182,benign
ood_val:22719,ood_val,fit,benign,processed/iotsim-building-monitor-3.csv,iotsim-building-monitor,183,benign
ood_val:22720,ood_val,fit,benign,processed/iotsim-building-monitor-3.csv,iotsim-building-monitor,184,benign
ood_val:22721,ood_val,fit,benign,processed/iotsim-building-monitor-3.csv,iotsim-building-monitor,185,benign
ood_val:22722,ood_val,fit,benign,processed/iotsim-building-monitor-3.csv,iotsim-building-monitor,186,benign
ood_val:22723,ood_val,fit,benign,processed/iotsim-building-monitor-3.csv,iotsim-building-monitor,187,benign
ood_val:22724,ood_val,fit,benign,processed/iotsim-building-monitor-3.csv,iotsim-building-monitor,188,benign
ood_val:22725,ood_val,fit,benign,processed/iotsim-building-monitor-3.csv,iotsim-building-monitor,189,benign
ood_val:22726,ood_val,fit,benign,processed/iotsim-building-monitor-3.csv,iotsim-building-monitor,190,benign
ood_val:22727,ood_val,fit,benign,processed/iotsim-building-monitor-3.csv,iotsim-building-monitor,191,benign
ood_val:22728,ood_val,fit,benign,processed/iotsim-building-monitor-3.csv,iotsim-building-monitor,192,benign
ood_val:22729,ood_val,fit,benign,processed/iotsim-building-monitor-3.csv,iotsim-building-monitor,193,benign
ood_val:22730,ood_val,fit,benign,processed/iotsim-building-monitor-3.csv,iotsim-building-monitor,194,benign
ood_val:22731,ood_val,fit,benign,processed/iotsim-building-monitor-3.csv,iotsim-building-monitor,195,benign
ood_val:22732,ood_val,fit,benign,processed/iotsim-building-monitor-3.csv,iotsim-building-monitor,196,benign
ood_val:22733,ood_val,fit,benign,processed/iotsim-building-monitor-3.csv,iotsim-building-monitor,197,benign
ood_val:22734,ood_val,fit,benign,processed/iotsim-building-monitor-3.csv,iotsim-building-monitor,198,benign
ood_val:22735,ood_val,fit,benign,processed/iotsim-building-monitor-3.csv,iotsim-building-monitor,199,benign
ood_val:22736,ood_val,fit,benign,processed/iotsim-building-monitor-3.csv,iotsim-building-monitor,200,benign
ood_val:22737,ood_val,fit,benign,processed/iotsim-building-monitor-3.csv,iotsim-building-monitor,201,benign
ood_val:22738,ood_val,fit,benign,processed/iotsim-building-monitor-3.csv,iotsim-building-monitor,202,benign
ood_val:22739,ood_val,fit,benign,processed/iotsim-building-monitor-3.csv,iotsim-building-monitor,203,benign
ood_val:22740,ood_val,fit,benign,processed/iotsim-building-monitor-3.csv,iotsim-building-monitor,204,benign
ood_val:22741,ood_val,fit,benign,processed/iotsim-building-monitor-3.csv,iotsim-building-monitor,205,benign
ood_val:22742,ood_val,fit,benign,processed/iotsim-building-monitor-3.csv,iotsim-building-monitor,206,benign
ood_val:22743,ood_val,fit,benign,processed/iotsim-building-monitor-3.csv,iotsim-building-monitor,207,benign
ood_val:22744,ood_val,fit,benign,processed/iotsim-building-monitor-3.csv,iotsim-building-monitor,208,benign
ood_val:22745,ood_val,fit,benign,processed/iotsim-building-monitor-3.csv,iotsim-building-monitor,209,benign
ood_val:22746,ood_val,fit,benign,processed/iotsim-building-monitor-3.csv,iotsim-building-monitor,210,benign
ood_val:22747,ood_val,fit,benign,processed/iotsim-building-monitor-3.csv,iotsim-building-monitor,211,benign
ood_val:22748,ood_val,fit,benign,processed/iotsim-building-monitor-3.csv,iotsim-building-monitor,212,benign
ood_val:22749,ood_val,fit,benign,processed/iotsim-building-monitor-3.csv,iotsim-building-monitor,213,benign
ood_val:22750,ood_val,fit,benign,processed/iotsim-building-monitor-3.csv,iotsim-building-monitor,214,benign
ood_val:22751,ood_val,fit,benign,processed/iotsim-building-monitor-3.csv,iotsim-building-monitor,215,benign
ood_val:22752,ood_val,fit,benign,processed/iotsim-building-monitor-3.csv,iotsim-building-monitor,216,benign
ood_val:22753,ood_val,fit,benign,processed/iotsim-building-monitor-3.csv,iotsim-building-monitor,217,benign
ood_val:22754,ood_val,fit,benign,processed/iotsim-building-monitor-3.csv,iotsim-building-monitor,218,benign
ood_val:22755,ood_val,fit,benign,processed/iotsim-building-monitor-3.csv,iotsim-building-monitor,219,benign
ood_val:22756,ood_val,fit,benign,processed/iotsim-building-monitor-3.csv,iotsim-building-monitor,220,benign
ood_val:22757,ood_val,fit,benign,processed/iotsim-building-monitor-3.csv,iotsim-building-monitor,221,benign
ood_val:22758,ood_val,fit,benign,processed/iotsim-building-monitor-3.csv,iotsim-building-monitor,222,benign
ood_val:22759,ood_val,fit,benign,processed/iotsim-building-monitor-3.csv,iotsim-building-monitor,223,benign
ood_val:22760,ood_val,fit,benign,processed/iotsim-building-monitor-3.csv,iotsim-building-monitor,224,benign
ood_val:22761,ood_val,fit,benign,processed/iotsim-building-monitor-3.csv,iotsim-building-monitor,225,benign
ood_val:22762,ood_val,fit,benign,processed/iotsim-building-monitor-3.csv,iotsim-building-monitor,226,benign
ood_val:22763,ood_val,fit,benign,processed/iotsim-building-monitor-3.csv,iotsim-building-monitor,227,benign
ood_val:22764,ood_val,fit,benign,processed/iotsim-building-monitor-3.csv,iotsim-building-monitor,228,benign
ood_val:22765,ood_val,fit,benign,processed/iotsim-building-monitor-3.csv,iotsim-building-monitor,229,benign
ood_val:22766,ood_val,fit,benign,processed/iotsim-building-monitor-3.csv,iotsim-building-monitor,230,benign
ood_val:22767,ood_val,fit,benign,processed/iotsim-building-monitor-3.csv,iotsim-building-monitor,231,benign
ood_val:22768,ood_val,fit,benign,processed/iotsim-building-monitor-3.csv,iotsim-building-monitor,232,benign
ood_val:22769,ood_val,fit,benign,processed/iotsim-building-monitor-3.csv,iotsim-building-monitor,233,benign
ood_val:22770,ood_val,fit,benign,processed/iotsim-building-monitor-3.csv,iotsim-building-monitor,234,benign
ood_val:22771,ood_val,fit,benign,processed/iotsim-building-monitor-3.csv,iotsim-building-monitor,235,benign
ood_val:22772,ood_val,fit,benign,processed/iotsim-building-monitor-3.csv,iotsim-building-monitor,236,benign
ood_val:22773,ood_val,fit,benign,processed/iotsim-building-monitor-3.csv,iotsim-building-monitor,237,benign
ood_val:22774,ood_val,fit,benign,processed/iotsim-building-monitor-3.csv,iotsim-building-monitor,238,benign
ood_val:22775,ood_val,fit,benign,processed/iotsim-building-monitor-3.csv,iotsim-building-monitor,239,benign
ood_val:22776,ood_val,fit,benign,processed/iotsim-building-monitor-3.csv,iotsim-building-monitor,240,benign
ood_val:22777,ood_val,fit,benign,processed/iotsim-building-monitor-3.csv,iotsim-building-monitor,241,benign
ood_val:22778,ood_val,fit,benign,processed/iotsim-building-monitor-3.csv,iotsim-building-monitor,242,benign
ood_val:22779,ood_val,fit,benign,processed/iotsim-building-monitor-3.csv,iotsim-building-monitor,243,benign
ood_val:22780,ood_val,fit,benign,processed/iotsim-building-monitor-3.csv,iotsim-building-monitor,244,benign
ood_val:22781,ood_val,fit,benign,processed/iotsim-building-monitor-3.csv,iotsim-building-monitor,245,benign
ood_val:22782,ood_val,fit,benign,processed/iotsim-building-monitor-3.csv,iotsim-building-monitor,246,benign
ood_val:22783,ood_val,fit,benign,processed/iotsim-building-monitor-3.csv,iotsim-building-monitor,247,benign
ood_val:22784,ood_val,fit,benign,processed/iotsim-building-monitor-3.csv,iotsim-building-monitor,248,benign
ood_val:22785,ood_val,fit,benign,processed/iotsim-building-monitor-3.csv,iotsim-building-monitor,249,benign
ood_val:22786,ood_val,fit,benign,processed/iotsim-building-monitor-3.csv,iotsim-building-monitor,250,benign
ood_val:22787,ood_val,fit,benign,processed/iotsim-building-monitor-3.csv,iotsim-building-monitor,251,benign
ood_val:22788,ood_val,fit,benign,processed/iotsim-building-monitor-3.csv,iotsim-building-monitor,252,benign
ood_val:22789,ood_val,fit,benign,processed/iotsim-building-monitor-3.csv,iotsim-building-monitor,253,benign
ood_val:22790,ood_val,fit,benign,processed/iotsim-building-monitor-3.csv,iotsim-building-monitor,254,benign
ood_val:22791,ood_val,fit,benign,processed/iotsim-building-monitor-3.csv,iotsim-building-monitor,255,benign
ood_val:22792,ood_val,fit,benign,processed/iotsim-building-monitor-3.csv,iotsim-building-monitor,256,benign
ood_val:22793,ood_val,fit,benign,processed/iotsim-building-monitor-3.csv,iotsim-building-monitor,257,benign
ood_val:22794,ood_val,fit,benign,processed/iotsim-building-monitor-3.csv,iotsim-building-monitor,258,benign
ood_val:22795,ood_val,fit,benign,processed/iotsim-building-monitor-3.csv,iotsim-building-monitor,259,benign
ood_val:22796,ood_val,fit,benign,processed/iotsim-building-monitor-3.csv,iotsim-building-monitor,260,benign
ood_val:22797,ood_val,fit,benign,processed/iotsim-building-monitor-3.csv,iotsim-building-monitor,261,benign
ood_val:22798,ood_val,fit,benign,processed/iotsim-building-monitor-3.csv,iotsim-building-monitor,262,benign
ood_val:22799,ood_val,fit,benign,processed/iotsim-building-monitor-3.csv,iotsim-building-monitor,263,benign
ood_val:22800,ood_val,fit,benign,processed/iotsim-building-monitor-3.csv,iotsim-building-monitor,264,benign
ood_val:22801,ood_val,fit,benign,processed/iotsim-building-monitor-3.csv,iotsim-building-monitor,265,benign
ood_val:22802,ood_val,fit,benign,processed/iotsim-building-monitor-3.csv,iotsim-building-monitor,266,benign
ood_val:22803,ood_val,fit,benign,processed/iotsim-building-monitor-3.csv,iotsim-building-monitor,267,benign
ood_val:22804,ood_val,fit,benign,processed/iotsim-building-monitor-3.csv,iotsim-building-monitor,268,benign
ood_val:22805,ood_val,fit,benign,processed/iotsim-building-monitor-3.csv,iotsim-building-monitor,269,benign
ood_val:22806,ood_val,fit,benign,processed/iotsim-building-monitor-3.csv,iotsim-building-monitor,270,benign
ood_val:22807,ood_val,fit,benign,processed/iotsim-building-monitor-3.csv,iotsim-building-monitor,271,benign
ood_val:22808,ood_val,fit,benign,processed/iotsim-building-monitor-3.csv,iotsim-building-monitor,272,benign
ood_val:22809,ood_val,fit,benign,processed/iotsim-building-monitor-3.csv,iotsim-building-monitor,273,benign
ood_val:22810,ood_val,fit,benign,processed/iotsim-building-monitor-3.csv,iotsim-building-monitor,274,benign
ood_val:22811,ood_val,fit,benign,processed/iotsim-building-monitor-3.csv,iotsim-building-monitor,275,benign
ood_val:22812,ood_val,fit,benign,processed/iotsim-building-monitor-3.csv,iotsim-building-monitor,276,benign
ood_val:22813,ood_val,fit,benign,processed/iotsim-building-monitor-3.csv,iotsim-building-monitor,277,benign
ood_val:22814,ood_val,fit,benign,processed/iotsim-building-monitor-3.csv,iotsim-building-monitor,278,benign
ood_val:22815,ood_val,fit,benign,processed/iotsim-building-monitor-3.csv,iotsim-building-monitor,279,benign
ood_val:22816,ood_val,fit,benign,processed/iotsim-building-monitor-3.csv,iotsim-building-monitor,280,benign
ood_val:22817,ood_val,fit,benign,processed/iotsim-building-monitor-3.csv,iotsim-building-monitor,281,benign
ood_val:22818,ood_val,fit,benign,processed/iotsim-building-monitor-3.csv,iotsim-building-monitor,282,benign
ood_val:22819,ood_val,fit,benign,processed/iotsim-building-monitor-3.csv,iotsim-building-monitor,283,benign
ood_val:22820,ood_val,fit,benign,processed/iotsim-building-monitor-3.csv,iotsim-building-monitor,284,benign
ood_val:22821,ood_val,fit,benign,processed/iotsim-building-monitor-3.csv,iotsim-building-monitor,285,benign
ood_val:22822,ood_val,fit,benign,processed/iotsim-building-monitor-3.csv,iotsim-building-monitor,286,benign
ood_val:22823,ood_val,fit,benign,processed/iotsim-building-monitor-3.csv,iotsim-building-monitor,287,benign
ood_val:22824,ood_val,fit,benign,processed/iotsim-building-monitor-3.csv,iotsim-building-monitor,288,benign
ood_val:22825,ood_val,fit,benign,processed/iotsim-building-monitor-3.csv,iotsim-building-monitor,289,benign
ood_val:22826,ood_val,fit,benign,processed/iotsim-building-monitor-3.csv,iotsim-building-monitor,290,benign
ood_val:22827,ood_val,fit,benign,processed/iotsim-building-monitor-3.csv,iotsim-building-monitor,291,benign
ood_val:22828,ood_val,fit,benign,processed/iotsim-building-monitor-3.csv,iotsim-building-monitor,292,benign
ood_val:22829,ood_val,fit,benign,processed/iotsim-building-monitor-3.csv,iotsim-building-monitor,293,benign
ood_val:22830,ood_val,fit,benign,processed/iotsim-building-monitor-3.csv,iotsim-building-monitor,294,benign
ood_val:22831,ood_val,fit,benign,processed/iotsim-building-monitor-3.csv,iotsim-building-monitor,295,benign
ood_val:22832,ood_val,fit,benign,processed/iotsim-building-monitor-3.csv,iotsim-building-monitor,296,benign
ood_val:22833,ood_val,fit,benign,processed/iotsim-building-monitor-3.csv,iotsim-building-monitor,297,benign
ood_val:22834,ood_val,fit,benign,processed/iotsim-building-monitor-3.csv,iotsim-building-monitor,298,benign
ood_val:22835,ood_val,fit,benign,processed/iotsim-building-monitor-3.csv,iotsim-building-monitor,299,benign
ood_val:22836,ood_val,fit,benign,processed/iotsim-building-monitor-3.csv,iotsim-building-monitor,300,benign
ood_val:22837,ood_val,fit,benign,processed/iotsim-building-monitor-3.csv,iotsim-building-monitor,301,benign
ood_val:22838,ood_val,fit,benign,processed/iotsim-building-monitor-3.csv,iotsim-building-monitor,302,benign
ood_val:22839,ood_val,fit,benign,processed/iotsim-building-monitor-3.csv,iotsim-building-monitor,303,benign
ood_val:22840,ood_val,fit,benign,processed/iotsim-building-monitor-3.csv,iotsim-building-monitor,304,benign
ood_val:22841,ood_val,fit,benign,processed/iotsim-building-monitor-3.csv,iotsim-building-monitor,305,benign
ood_val:22842,ood_val,fit,benign,processed/iotsim-building-monitor-3.csv,iotsim-building-monitor,306,benign
ood_val:22843,ood_val,fit,benign,processed/iotsim-building-monitor-3.csv,iotsim-building-monitor,307,benign
ood_val:22844,ood_val,fit,benign,processed/iotsim-building-monitor-3.csv,iotsim-building-monitor,308,benign
ood_val:22845,ood_val,fit,benign,processed/iotsim-building-monitor-3.csv,iotsim-building-monitor,309,benign
ood_val:22846,ood_val,fit,benign,processed/iotsim-building-monitor-3.csv,iotsim-building-monitor,310,benign
ood_val:22847,ood_val,fit,benign,processed/iotsim-building-monitor-3.csv,iotsim-building-monitor,311,benign
ood_val:22848,ood_val,fit,benign,processed/iotsim-building-monitor-3.csv,iotsim-building-monitor,312,benign
ood_val:22849,ood_val,fit,benign,processed/iotsim-building-monitor-3.csv,iotsim-building-monitor,313,benign
ood_val:22850,ood_val,fit,benign,processed/iotsim-building-monitor-3.csv,iotsim-building-monitor,314,benign
ood_val:22851,ood_val,fit,benign,processed/iotsim-building-monitor-3.csv,iotsim-building-monitor,315,benign
ood_val:22852,ood_val,fit,benign,processed/iotsim-building-monitor-3.csv,iotsim-building-monitor,316,benign
ood_val:22853,ood_val,fit,benign,processed/iotsim-building-monitor-3.csv,iotsim-building-monitor,317,benign
ood_val:22854,ood_val,fit,benign,processed/iotsim-building-monitor-3.csv,iotsim-building-monitor,318,benign
ood_val:22855,ood_val,fit,benign,processed/iotsim-building-monitor-3.csv,iotsim-building-monitor,319,benign
ood_val:22856,ood_val,fit,benign,processed/iotsim-building-monitor-3.csv,iotsim-building-monitor,320,benign
ood_val:22857,ood_val,fit,benign,processed/iotsim-building-monitor-3.csv,iotsim-building-monitor,321,benign
ood_val:22858,ood_val,fit,benign,processed/iotsim-building-monitor-3.csv,iotsim-building-monitor,322,benign
ood_val:22859,ood_val,fit,benign,processed/iotsim-building-monitor-3.csv,iotsim-building-monitor,323,benign
ood_val:22860,ood_val,fit,benign,processed/iotsim-building-monitor-3.csv,iotsim-building-monitor,324,benign
ood_val:22861,ood_val,fit,benign,processed/iotsim-building-monitor-3.csv,iotsim-building-monitor,325,benign
ood_val:22862,ood_val,fit,benign,processed/iotsim-building-monitor-3.csv,iotsim-building-monitor,326,benign
ood_val:22863,ood_val,fit,benign,processed/iotsim-building-monitor-3.csv,iotsim-building-monitor,327,benign
ood_val:22864,ood_val,fit,benign,processed/iotsim-building-monitor-3.csv,iotsim-building-monitor,328,benign
ood_val:22865,ood_val,fit,benign,processed/iotsim-building-monitor-3.csv,iotsim-building-monitor,329,benign
ood_val:22866,ood_val,fit,benign,processed/iotsim-building-monitor-3.csv,iotsim-building-monitor,330,benign
ood_val:22867,ood_val,fit,benign,processed/iotsim-building-monitor-3.csv,iotsim-building-monitor,331,benign
ood_val:22868,ood_val,fit,benign,processed/iotsim-building-monitor-3.csv,iotsim-building-monitor,332,benign
ood_val:22869,ood_val,fit,benign,processed/iotsim-building-monitor-3.csv,iotsim-building-monitor,333,benign
ood_val:22870,ood_val,fit,benign,processed/iotsim-building-monitor-3.csv,iotsim-building-monitor,334,benign
ood_val:22871,ood_val,fit,benign,processed/iotsim-building-monitor-3.csv,iotsim-building-monitor,335,benign
ood_val:22872,ood_val,fit,benign,processed/iotsim-building-monitor-3.csv,iotsim-building-monitor,336,benign
ood_val:22873,ood_val,fit,benign,processed/iotsim-building-monitor-3.csv,iotsim-building-monitor,337,benign
ood_val:22874,ood_val,fit,benign,processed/iotsim-building-monitor-3.csv,iotsim-building-monitor,338,benign
ood_val:22875,ood_val,fit,benign,processed/iotsim-building-monitor-3.csv,iotsim-building-monitor,339,benign
ood_val:22876,ood_val,fit,benign,processed/iotsim-building-monitor-3.csv,iotsim-building-monitor,340,benign
ood_val:22877,ood_val,fit,benign,processed/iotsim-building-monitor-3.csv,iotsim-building-monitor,341,benign
ood_val:22878,ood_val,fit,benign,processed/iotsim-building-monitor-3.csv,iotsim-building-monitor,342,benign
ood_val:22879,ood_val,fit,benign,processed/iotsim-building-monitor-3.csv,iotsim-building-monitor,343,benign
ood_val:22880,ood_val,fit,benign,processed/iotsim-building-monitor-3.csv,iotsim-building-monitor,344,benign
ood_val:22881,ood_val,fit,benign,processed/iotsim-building-monitor-3.csv,iotsim-building-monitor,345,benign
ood_val:22882,ood_val,fit,benign,processed/iotsim-building-monitor-3.csv,iotsim-building-monitor,346,benign
ood_val:22883,ood_val,fit,benign,processed/iotsim-building-monitor-3.csv,iotsim-building-monitor,347,benign
ood_val:22884,ood_val,fit,benign,processed/iotsim-building-monitor-3.csv,iotsim-building-monitor,348,benign
ood_val:22885,ood_val,fit,benign,processed/iotsim-building-monitor-3.csv,iotsim-building-monitor,349,benign
ood_val:22886,ood_val,fit,benign,processed/iotsim-building-monitor-3.csv,iotsim-building-monitor,350,benign
ood_val:22887,ood_val,fit,benign,processed/iotsim-building-monitor-3.csv,iotsim-building-monitor,351,benign
ood_val:22888,ood_val,fit,benign,processed/iotsim-building-monitor-3.csv,iotsim-building-monitor,352,benign
ood_val:22889,ood_val,fit,benign,processed/iotsim-building-monitor-3.csv,iotsim-building-monitor,353,benign
ood_val:22890,ood_val,fit,benign,processed/iotsim-building-monitor-3.csv,iotsim-building-monitor,354,benign
ood_val:22891,ood_val,fit,benign,processed/iotsim-building-monitor-3.csv,iotsim-building-monitor,355,benign
ood_val:22892,ood_val,fit,benign,processed/iotsim-building-monitor-3.csv,iotsim-building-monitor,356,benign
ood_val:22893,ood_val,fit,benign,processed/iotsim-building-monitor-3.csv,iotsim-building-monitor,357,benign
ood_val:22894,ood_val,fit,benign,processed/iotsim-building-monitor-3.csv,iotsim-building-monitor,358,benign
ood_val:22895,ood_val,fit,benign,processed/iotsim-building-monitor-3.csv,iotsim-building-monitor,359,benign
ood_val:22896,ood_val,fit,benign,processed/iotsim-building-monitor-3.csv,iotsim-building-monitor,360,benign
ood_val:22897,ood_val,fit,benign,processed/iotsim-building-monitor-3.csv,iotsim-building-monitor,361,benign
ood_val:22898,ood_val,fit,benign,processed/iotsim-building-monitor-3.csv,iotsim-building-monitor,362,benign
ood_val:22899,ood_val,fit,benign,processed/iotsim-building-monitor-3.csv,iotsim-building-monitor,363,benign
ood_val:22900,ood_val,fit,benign,processed/iotsim-building-monitor-3.csv,iotsim-building-monitor,364,benign
ood_val:22901,ood_val,fit,benign,processed/iotsim-building-monitor-3.csv,iotsim-building-monitor,365,benign
ood_val:22902,ood_val,fit,benign,processed/iotsim-building-monitor-3.csv,iotsim-building-monitor,366,benign
ood_val:22903,ood_val,fit,benign,processed/iotsim-building-monitor-3.csv,iotsim-building-monitor,367,benign
ood_val:22904,ood_val,fit,benign,processed/iotsim-building-monitor-3.csv,iotsim-building-monitor,368,benign
ood_val:22905,ood_val,fit,benign,processed/iotsim-building-monitor-3.csv,iotsim-building-monitor,369,benign
ood_val:22906,ood_val,fit,benign,processed/iotsim-building-monitor-3.csv,iotsim-building-monitor,370,benign
ood_val:22907,ood_val,fit,benign,processed/iotsim-building-monitor-3.csv,iotsim-building-monitor,371,benign
ood_val:22908,ood_val,fit,benign,processed/iotsim-building-monitor-3.csv,iotsim-building-monitor,372,benign
ood_val:22909,ood_val,fit,benign,processed/iotsim-building-monitor-3.csv,iotsim-building-monitor,373,benign
ood_val:22910,ood_val,fit,benign,processed/iotsim-building-monitor-3.csv,iotsim-building-monitor,374,benign
ood_val:22911,ood_val,fit,benign,processed/iotsim-building-monitor-3.csv,iotsim-building-monitor,375,benign
ood_val:22912,ood_val,fit,benign,processed/iotsim-building-monitor-3.csv,iotsim-building-monitor,376,benign
ood_val:22913,ood_val,fit,benign,processed/iotsim-building-monitor-3.csv,iotsim-building-monitor,377,benign
ood_val:22914,ood_val,fit,benign,processed/iotsim-building-monitor-3.csv,iotsim-building-monitor,378,benign
ood_val:22915,ood_val,fit,benign,processed/iotsim-building-monitor-3.csv,iotsim-building-monitor,379,benign
ood_val:22916,ood_val,fit,benign,processed/iotsim-building-monitor-3.csv,iotsim-building-monitor,380,benign
ood_val:22917,ood_val,fit,benign,processed/iotsim-building-monitor-3.csv,iotsim-building-monitor,381,benign
ood_val:22918,ood_val,fit,benign,processed/iotsim-building-monitor-3.csv,iotsim-building-monitor,382,benign
ood_val:22919,ood_val,fit,benign,processed/iotsim-building-monitor-3.csv,iotsim-building-monitor,383,benign
ood_val:22920,ood_val,fit,benign,processed/iotsim-building-monitor-3.csv,iotsim-building-monitor,384,benign
ood_val:22921,ood_val,fit,benign,processed/iotsim-building-monitor-3.csv,iotsim-building-monitor,385,benign
ood_val:22922,ood_val,fit,benign,processed/iotsim-building-monitor-3.csv,iotsim-building-monitor,386,benign
ood_val:22923,ood_val,fit,benign,processed/iotsim-building-monitor-3.csv,iotsim-building-monitor,387,benign
ood_val:22924,ood_val,fit,benign,processed/iotsim-building-monitor-3.csv,iotsim-building-monitor,388,benign
ood_val:22925,ood_val,fit,benign,processed/iotsim-building-monitor-3.csv,iotsim-building-monitor,389,benign
ood_val:22926,ood_val,fit,benign,processed/iotsim-building-monitor-3.csv,iotsim-building-monitor,390,benign
ood_val:22927,ood_val,fit,benign,processed/iotsim-building-monitor-3.csv,iotsim-building-monitor,391,benign
ood_val:22928,ood_val,fit,benign,processed/iotsim-building-monitor-3.csv,iotsim-building-monitor,392,benign
ood_val:22929,ood_val,fit,benign,processed/iotsim-building-monitor-3.csv,iotsim-building-monitor,393,benign
ood_val:22930,ood_val,fit,benign,processed/iotsim-building-monitor-3.csv,iotsim-building-monitor,394,benign
ood_val:22931,ood_val,fit,benign,processed/iotsim-building-monitor-3.csv,iotsim-building-monitor,395,benign
ood_val:22932,ood_val,fit,benign,processed/iotsim-building-monitor-3.csv,iotsim-building-monitor,396,benign
ood_val:22933,ood_val,fit,benign,processed/iotsim-building-monitor-3.csv,iotsim-building-monitor,397,benign
ood_val:22934,ood_val,fit,benign,processed/iotsim-building-monitor-3.csv,iotsim-building-monitor,398,benign
ood_val:22935,ood_val,fit,benign,processed/iotsim-building-monitor-3.csv,iotsim-building-monitor,399,benign
ood_val:22936,ood_val,fit,benign,processed/iotsim-building-monitor-3.csv,iotsim-building-monitor,400,benign
ood_val:22937,ood_val,fit,benign,processed/iotsim-building-monitor-3.csv,iotsim-building-monitor,401,benign
ood_val:22938,ood_val,fit,benign,processed/iotsim-building-monitor-3.csv,iotsim-building-monitor,402,benign
ood_val:22939,ood_val,fit,benign,processed/iotsim-building-monitor-3.csv,iotsim-building-monitor,403,benign
ood_val:22940,ood_val,fit,benign,processed/iotsim-building-monitor-3.csv,iotsim-building-monitor,404,benign
ood_val:22941,ood_val,fit,benign,processed/iotsim-building-monitor-3.csv,iotsim-building-monitor,405,benign
ood_val:22942,ood_val,fit,benign,processed/iotsim-building-monitor-3.csv,iotsim-building-monitor,406,benign
ood_val:22943,ood_val,fit,benign,processed/iotsim-building-monitor-3.csv,iotsim-building-monitor,407,benign
ood_val:22944,ood_val,fit,benign,processed/iotsim-building-monitor-3.csv,iotsim-building-monitor,408,benign
ood_val:22945,ood_val,fit,benign,processed/iotsim-building-monitor-3.csv,iotsim-building-monitor,409,benign
ood_val:22946,ood_val,fit,benign,processed/iotsim-building-monitor-3.csv,iotsim-building-monitor,410,benign
ood_val:22947,ood_val,fit,benign,processed/iotsim-building-monitor-3.csv,iotsim-building-monitor,411,benign
ood_val:22948,ood_val,fit,benign,processed/iotsim-building-monitor-3.csv,iotsim-building-monitor,412,benign
ood_val:22949,ood_val,fit,benign,processed/iotsim-building-monitor-3.csv,iotsim-building-monitor,413,benign
ood_val:22950,ood_val,fit,benign,processed/iotsim-building-monitor-3.csv,iotsim-building-monitor,414,benign
ood_val:22951,ood_val,fit,benign,processed/iotsim-building-monitor-3.csv,iotsim-building-monitor,415,benign
ood_val:22952,ood_val,fit,benign,processed/iotsim-building-monitor-3.csv,iotsim-building-monitor,416,benign
ood_val:22953,ood_val,fit,benign,processed/iotsim-building-monitor-3.csv,iotsim-building-monitor,417,benign
ood_val:22954,ood_val,fit,benign,processed/iotsim-building-monitor-3.csv,iotsim-building-monitor,418,benign
ood_val:22955,ood_val,fit,benign,processed/iotsim-building-monitor-3.csv,iotsim-building-monitor,419,benign
ood_val:22956,ood_val,fit,benign,processed/iotsim-building-monitor-3.csv,iotsim-building-monitor,420,benign
ood_val:22957,ood_val,fit,benign,processed/iotsim-building-monitor-3.csv,iotsim-building-monitor,421,benign
ood_val:22958,ood_val,fit,benign,processed/iotsim-building-monitor-3.csv,iotsim-building-monitor,422,benign
ood_val:22959,ood_val,fit,benign,processed/iotsim-building-monitor-3.csv,iotsim-building-monitor,423,benign
ood_val:22960,ood_val,fit,benign,processed/iotsim-building-monitor-3.csv,iotsim-building-monitor,424,benign
ood_val:22961,ood_val,fit,benign,processed/iotsim-building-monitor-3.csv,iotsim-building-monitor,425,benign
ood_val:22962,ood_val,fit,benign,processed/iotsim-building-monitor-3.csv,iotsim-building-monitor,426,benign
ood_val:22963,ood_val,fit,benign,processed/iotsim-building-monitor-3.csv,iotsim-building-monitor,427,benign
ood_val:22964,ood_val,fit,benign,processed/iotsim-building-monitor-3.csv,iotsim-building-monitor,428,benign
ood_val:22965,ood_val,fit,benign,processed/iotsim-building-monitor-3.csv,iotsim-building-monitor,429,benign
ood_val:22966,ood_val,fit,benign,processed/iotsim-building-monitor-3.csv,iotsim-building-monitor,430,benign
ood_val:22967,ood_val,fit,benign,processed/iotsim-building-monitor-3.csv,iotsim-building-monitor,431,benign
ood_val:22968,ood_val,fit,benign,processed/iotsim-building-monitor-3.csv,iotsim-building-monitor,432,benign
ood_val:22969,ood_val,fit,benign,processed/iotsim-building-monitor-3.csv,iotsim-building-monitor,433,benign
ood_val:22970,ood_val,fit,benign,processed/iotsim-building-monitor-3.csv,iotsim-building-monitor,434,benign
ood_val:22971,ood_val,fit,benign,processed/iotsim-building-monitor-3.csv,iotsim-building-monitor,435,benign
ood_val:22972,ood_val,fit,benign,processed/iotsim-building-monitor-3.csv,iotsim-building-monitor,436,benign
ood_val:22973,ood_val,fit,benign,processed/iotsim-building-monitor-3.csv,iotsim-building-monitor,437,benign
ood_val:22974,ood_val,fit,benign,processed/iotsim-building-monitor-3.csv,iotsim-building-monitor,438,benign
ood_val:22975,ood_val,fit,benign,processed/iotsim-building-monitor-3.csv,iotsim-building-monitor,439,benign
ood_val:22976,ood_val,fit,benign,processed/iotsim-building-monitor-3.csv,iotsim-building-monitor,440,benign
ood_val:22977,ood_val,fit,benign,processed/iotsim-building-monitor-3.csv,iotsim-building-monitor,441,benign
ood_val:22978,ood_val,fit,benign,processed/iotsim-building-monitor-3.csv,iotsim-building-monitor,442,benign
ood_val:22979,ood_val,fit,benign,processed/iotsim-building-monitor-3.csv,iotsim-building-monitor,443,benign
ood_val:22980,ood_val,fit,benign,processed/iotsim-building-monitor-3.csv,iotsim-building-monitor,444,benign
ood_val:22981,ood_val,fit,benign,processed/iotsim-building-monitor-3.csv,iotsim-building-monitor,445,benign
ood_val:22982,ood_val,fit,benign,processed/iotsim-building-monitor-3.csv,iotsim-building-monitor,446,benign
ood_val:22983,ood_val,fit,benign,processed/iotsim-building-monitor-3.csv,iotsim-building-monitor,447,benign
ood_val:22984,ood_val,fit,benign,processed/iotsim-building-monitor-3.csv,iotsim-building-monitor,448,benign
ood_val:22985,ood_val,fit,benign,processed/iotsim-building-monitor-3.csv,iotsim-building-monitor,449,benign
ood_val:22986,ood_val,fit,benign,processed/iotsim-building-monitor-3.csv,iotsim-building-monitor,450,benign
ood_val:22987,ood_val,fit,benign,processed/iotsim-building-monitor-3.csv,iotsim-building-monitor,451,benign
ood_val:22988,ood_val,fit,benign,processed/iotsim-building-monitor-3.csv,iotsim-building-monitor,452,benign
ood_val:22989,ood_val,fit,benign,processed/iotsim-building-monitor-3.csv,iotsim-building-monitor,453,benign
ood_val:22990,ood_val,fit,benign,processed/iotsim-building-monitor-3.csv,iotsim-building-monitor,454,benign
ood_val:22991,ood_val,fit,benign,processed/iotsim-building-monitor-3.csv,iotsim-building-monitor,455,benign
ood_val:22992,ood_val,fit,benign,processed/iotsim-building-monitor-3.csv,iotsim-building-monitor,456,benign
ood_val:22993,ood_val,fit,benign,processed/iotsim-building-monitor-3.csv,iotsim-building-monitor,457,benign
ood_val:22994,ood_val,fit,benign,processed/iotsim-building-monitor-3.csv,iotsim-building-monitor,458,benign
ood_val:22995,ood_val,fit,benign,processed/iotsim-building-monitor-3.csv,iotsim-building-monitor,459,benign
ood_val:22996,ood_val,fit,benign,processed/iotsim-building-monitor-3.csv,iotsim-building-monitor,460,benign
ood_val:22997,ood_val,fit,benign,processed/iotsim-building-monitor-3.csv,iotsim-building-monitor,461,benign
ood_val:22998,ood_val,fit,benign,processed/iotsim-building-monitor-3.csv,iotsim-building-monitor,462,benign
ood_val:22999,ood_val,fit,benign,processed/iotsim-building-monitor-3.csv,iotsim-building-monitor,463,benign
ood_val:23000,ood_val,fit,benign,processed/iotsim-building-monitor-3.csv,iotsim-building-monitor,464,benign
ood_val:23001,ood_val,fit,benign,processed/iotsim-building-monitor-3.csv,iotsim-building-monitor,465,benign
ood_val:23002,ood_val,fit,benign,processed/iotsim-building-monitor-3.csv,iotsim-building-monitor,466,benign
ood_val:23003,ood_val,fit,benign,processed/iotsim-building-monitor-3.csv,iotsim-building-monitor,467,benign
ood_val:23004,ood_val,fit,benign,processed/iotsim-building-monitor-3.csv,iotsim-building-monitor,468,benign
ood_val:23005,ood_val,fit,benign,processed/iotsim-building-monitor-3.csv,iotsim-building-monitor,469,benign
ood_val:23006,ood_val,fit,benign,processed/iotsim-building-monitor-3.csv,iotsim-building-monitor,470,benign
ood_val:23007,ood_val,fit,benign,processed/iotsim-building-monitor-3.csv,iotsim-building-monitor,471,benign
ood_val:23008,ood_val,fit,benign,processed/iotsim-building-monitor-3.csv,iotsim-building-monitor,472,benign
ood_val:23009,ood_val,fit,benign,processed/iotsim-building-monitor-3.csv,iotsim-building-monitor,473,benign
ood_val:23010,ood_val,fit,benign,processed/iotsim-building-monitor-3.csv,iotsim-building-monitor,474,benign
ood_val:23011,ood_val,fit,benign,processed/iotsim-building-monitor-3.csv,iotsim-building-monitor,475,benign
ood_val:23012,ood_val,fit,benign,processed/iotsim-building-monitor-3.csv,iotsim-building-monitor,476,benign
ood_val:23013,ood_val,fit,benign,processed/iotsim-building-monitor-3.csv,iotsim-building-monitor,477,benign
ood_val:23014,ood_val,fit,benign,processed/iotsim-building-monitor-3.csv,iotsim-building-monitor,478,benign
ood_val:23015,ood_val,fit,benign,processed/iotsim-building-monitor-3.csv,iotsim-building-monitor,479,benign
ood_val:23016,ood_val,fit,benign,processed/iotsim-building-monitor-3.csv,iotsim-building-monitor,480,benign
ood_val:23017,ood_val,fit,benign,processed/iotsim-building-monitor-3.csv,iotsim-building-monitor,481,benign
ood_val:23018,ood_val,fit,benign,processed/iotsim-building-monitor-3.csv,iotsim-building-monitor,482,benign
ood_val:23019,ood_val,fit,benign,processed/iotsim-building-monitor-3.csv,iotsim-building-monitor,483,benign
ood_val:23020,ood_val,fit,benign,processed/iotsim-building-monitor-3.csv,iotsim-building-monitor,484,benign
ood_val:23021,ood_val,fit,benign,processed/iotsim-building-monitor-3.csv,iotsim-building-monitor,485,benign
ood_val:23022,ood_val,fit,benign,processed/iotsim-building-monitor-3.csv,iotsim-building-monitor,486,benign
ood_val:23023,ood_val,fit,benign,processed/iotsim-building-monitor-3.csv,iotsim-building-monitor,487,benign
ood_val:23024,ood_val,fit,benign,processed/iotsim-building-monitor-3.csv,iotsim-building-monitor,488,benign
ood_val:23025,ood_val,fit,benign,processed/iotsim-building-monitor-3.csv,iotsim-building-monitor,489,benign
ood_val:23026,ood_val,fit,benign,processed/iotsim-building-monitor-3.csv,iotsim-building-monitor,490,benign
ood_val:23027,ood_val,fit,benign,processed/iotsim-building-monitor-3.csv,iotsim-building-monitor,491,benign
ood_val:23028,ood_val,fit,benign,processed/iotsim-building-monitor-3.csv,iotsim-building-monitor,492,benign
ood_val:23029,ood_val,fit,benign,processed/iotsim-building-monitor-3.csv,iotsim-building-monitor,493,benign
ood_val:23030,ood_val,fit,benign,processed/iotsim-building-monitor-3.csv,iotsim-building-monitor,494,benign
ood_val:23031,ood_val,fit,benign,processed/iotsim-building-monitor-3.csv,iotsim-building-monitor,495,benign
ood_val:23032,ood_val,fit,benign,processed/iotsim-building-monitor-3.csv,iotsim-building-monitor,496,benign
ood_val:23033,ood_val,fit,benign,processed/iotsim-building-monitor-3.csv,iotsim-building-monitor,497,benign
ood_val:23034,ood_val,fit,benign,processed/iotsim-building-monitor-3.csv,iotsim-building-monitor,498,benign
ood_val:23035,ood_val,fit,benign,processed/iotsim-building-monitor-3.csv,iotsim-building-monitor,499,benign
ood_val:23036,ood_val,fit,benign,processed/iotsim-building-monitor-3.csv,iotsim-building-monitor,500,benign
ood_val:23037,ood_val,fit,benign,processed/iotsim-building-monitor-3.csv,iotsim-building-monitor,501,benign
ood_val:23038,ood_val,fit,benign,processed/iotsim-building-monitor-3.csv,iotsim-building-monitor,502,benign
ood_val:23039,ood_val,fit,benign,processed/iotsim-building-monitor-3.csv,iotsim-building-monitor,503,benign
ood_val:23040,ood_val,fit,benign,processed/iotsim-building-monitor-3.csv,iotsim-building-monitor,504,benign
ood_val:23041,ood_val,fit,benign,processed/iotsim-building-monitor-3.csv,iotsim-building-monitor,505,benign
ood_val:23042,ood_val,fit,benign,processed/iotsim-building-monitor-3.csv,iotsim-building-monitor,506,benign
ood_val:23043,ood_val,fit,benign,processed/iotsim-building-monitor-3.csv,iotsim-building-monitor,507,benign
ood_val:23044,ood_val,fit,benign,processed/iotsim-building-monitor-3.csv,iotsim-building-monitor,508,benign
ood_val:23045,ood_val,fit,benign,processed/iotsim-building-monitor-3.csv,iotsim-building-monitor,509,benign
ood_val:23046,ood_val,fit,benign,processed/iotsim-building-monitor-3.csv,iotsim-building-monitor,510,benign
ood_val:23047,ood_val,fit,benign,processed/iotsim-building-monitor-3.csv,iotsim-building-monitor,511,benign
ood_val:23048,ood_val,fit,benign,processed/iotsim-building-monitor-3.csv,iotsim-building-monitor,512,benign
ood_val:23049,ood_val,fit,benign,processed/iotsim-building-monitor-3.csv,iotsim-building-monitor,513,benign
ood_val:23050,ood_val,fit,benign,processed/iotsim-building-monitor-3.csv,iotsim-building-monitor,514,benign
ood_val:23051,ood_val,fit,benign,processed/iotsim-building-monitor-3.csv,iotsim-building-monitor,515,benign
ood_val:23052,ood_val,fit,benign,processed/iotsim-building-monitor-3.csv,iotsim-building-monitor,516,benign
ood_val:23053,ood_val,fit,benign,processed/iotsim-building-monitor-3.csv,iotsim-building-monitor,517,benign
ood_val:23054,ood_val,fit,benign,processed/iotsim-building-monitor-3.csv,iotsim-building-monitor,518,benign
ood_val:23055,ood_val,fit,benign,processed/iotsim-building-monitor-3.csv,iotsim-building-monitor,519,benign
ood_val:23056,ood_val,fit,benign,processed/iotsim-building-monitor-3.csv,iotsim-building-monitor,520,benign
ood_val:23057,ood_val,fit,benign,processed/iotsim-building-monitor-3.csv,iotsim-building-monitor,521,benign
ood_val:23058,ood_val,fit,benign,processed/iotsim-building-monitor-3.csv,iotsim-building-monitor,522,benign
ood_val:23059,ood_val,fit,benign,processed/iotsim-building-monitor-3.csv,iotsim-building-monitor,523,benign
ood_val:23060,ood_val,fit,benign,processed/iotsim-building-monitor-3.csv,iotsim-building-monitor,524,benign
ood_val:23061,ood_val,fit,benign,processed/iotsim-building-monitor-3.csv,iotsim-building-monitor,525,benign
ood_val:23062,ood_val,fit,benign,processed/iotsim-building-monitor-3.csv,iotsim-building-monitor,526,benign
ood_val:23063,ood_val,fit,benign,processed/iotsim-building-monitor-3.csv,iotsim-building-monitor,527,benign
ood_val:23064,ood_val,fit,benign,processed/iotsim-building-monitor-3.csv,iotsim-building-monitor,528,benign
ood_val:23065,ood_val,fit,benign,processed/iotsim-building-monitor-3.csv,iotsim-building-monitor,529,benign
ood_val:23066,ood_val,fit,benign,processed/iotsim-building-monitor-3.csv,iotsim-building-monitor,530,benign
ood_val:23067,ood_val,fit,benign,processed/iotsim-building-monitor-3.csv,iotsim-building-monitor,531,benign
ood_val:23068,ood_val,fit,benign,processed/iotsim-building-monitor-3.csv,iotsim-building-monitor,532,benign
ood_val:23069,ood_val,fit,benign,processed/iotsim-building-monitor-3.csv,iotsim-building-monitor,533,benign
ood_val:23070,ood_val,fit,benign,processed/iotsim-building-monitor-3.csv,iotsim-building-monitor,534,benign
ood_val:23071,ood_val,fit,benign,processed/iotsim-building-monitor-3.csv,iotsim-building-monitor,535,benign
ood_val:23072,ood_val,fit,benign,processed/iotsim-building-monitor-3.csv,iotsim-building-monitor,536,benign
ood_val:23073,ood_val,fit,benign,processed/iotsim-building-monitor-3.csv,iotsim-building-monitor,537,benign
ood_val:23074,ood_val,fit,benign,processed/iotsim-building-monitor-3.csv,iotsim-building-monitor,538,benign
ood_val:23075,ood_val,fit,benign,processed/iotsim-building-monitor-3.csv,iotsim-building-monitor,539,benign
ood_val:23076,ood_val,fit,benign,processed/iotsim-building-monitor-3.csv,iotsim-building-monitor,540,benign
ood_val:23077,ood_val,fit,benign,processed/iotsim-building-monitor-3.csv,iotsim-building-monitor,541,benign
ood_val:23078,ood_val,fit,benign,processed/iotsim-building-monitor-3.csv,iotsim-building-monitor,542,benign
ood_val:23079,ood_val,fit,benign,processed/iotsim-building-monitor-3.csv,iotsim-building-monitor,543,benign
ood_val:23080,ood_val,fit,benign,processed/iotsim-building-monitor-3.csv,iotsim-building-monitor,544,benign
ood_val:23081,ood_val,fit,benign,processed/iotsim-building-monitor-3.csv,iotsim-building-monitor,545,benign
ood_val:23082,ood_val,fit,benign,processed/iotsim-building-monitor-3.csv,iotsim-building-monitor,546,benign
ood_val:23083,ood_val,fit,benign,processed/iotsim-building-monitor-3.csv,iotsim-building-monitor,547,benign
ood_val:23084,ood_val,fit,benign,processed/iotsim-building-monitor-3.csv,iotsim-building-monitor,548,benign
ood_val:23085,ood_val,fit,benign,processed/iotsim-building-monitor-3.csv,iotsim-building-monitor,549,benign
ood_val:23086,ood_val,fit,benign,processed/iotsim-building-monitor-3.csv,iotsim-building-monitor,550,benign
ood_val:23087,ood_val,fit,benign,processed/iotsim-building-monitor-3.csv,iotsim-building-monitor,551,benign
ood_val:23088,ood_val,fit,benign,processed/iotsim-building-monitor-3.csv,iotsim-building-monitor,552,benign
ood_val:23089,ood_val,fit,benign,processed/iotsim-building-monitor-3.csv,iotsim-building-monitor,553,benign
ood_val:23090,ood_val,fit,benign,processed/iotsim-building-monitor-3.csv,iotsim-building-monitor,554,benign
ood_val:23091,ood_val,fit,benign,processed/iotsim-building-monitor-3.csv,iotsim-building-monitor,555,benign
ood_val:23092,ood_val,fit,benign,processed/iotsim-building-monitor-3.csv,iotsim-building-monitor,556,benign
ood_val:23093,ood_val,fit,benign,processed/iotsim-building-monitor-3.csv,iotsim-building-monitor,557,benign
ood_val:23094,ood_val,fit,benign,processed/iotsim-building-monitor-3.csv,iotsim-building-monitor,558,benign
ood_val:23095,ood_val,fit,benign,processed/iotsim-building-monitor-3.csv,iotsim-building-monitor,559,benign
ood_val:23096,ood_val,fit,benign,processed/iotsim-building-monitor-3.csv,iotsim-building-monitor,560,benign
ood_val:23097,ood_val,fit,benign,processed/iotsim-building-monitor-3.csv,iotsim-building-monitor,561,benign
ood_val:23098,ood_val,fit,benign,processed/iotsim-building-monitor-3.csv,iotsim-building-monitor,562,benign
ood_val:23099,ood_val,fit,benign,processed/iotsim-building-monitor-3.csv,iotsim-building-monitor,563,benign
ood_val:23100,ood_val,fit,benign,processed/iotsim-building-monitor-3.csv,iotsim-building-monitor,564,benign
ood_val:23101,ood_val,fit,benign,processed/iotsim-building-monitor-3.csv,iotsim-building-monitor,565,benign
ood_val:23102,ood_val,fit,benign,processed/iotsim-building-monitor-3.csv,iotsim-building-monitor,566,benign
ood_val:23103,ood_val,fit,benign,processed/iotsim-building-monitor-3.csv,iotsim-building-monitor,567,benign
ood_val:23104,ood_val,fit,benign,processed/iotsim-building-monitor-3.csv,iotsim-building-monitor,568,benign
ood_val:23105,ood_val,fit,benign,processed/iotsim-building-monitor-3.csv,iotsim-building-monitor,569,benign
ood_val:23106,ood_val,fit,benign,processed/iotsim-building-monitor-3.csv,iotsim-building-monitor,570,benign
ood_val:23107,ood_val,fit,benign,processed/iotsim-building-monitor-3.csv,iotsim-building-monitor,571,benign
ood_val:23108,ood_val,fit,benign,processed/iotsim-building-monitor-3.csv,iotsim-building-monitor,572,benign
ood_val:23109,ood_val,fit,benign,processed/iotsim-building-monitor-3.csv,iotsim-building-monitor,573,benign
ood_val:23110,ood_val,fit,benign,processed/iotsim-building-monitor-3.csv,iotsim-building-monitor,574,benign
ood_val:23111,ood_val,fit,benign,processed/iotsim-building-monitor-3.csv,iotsim-building-monitor,575,benign
ood_val:23112,ood_val,fit,benign,processed/iotsim-building-monitor-3.csv,iotsim-building-monitor,576,benign
ood_val:23113,ood_val,fit,benign,processed/iotsim-building-monitor-3.csv,iotsim-building-monitor,577,benign
ood_val:23114,ood_val,fit,benign,processed/iotsim-building-monitor-3.csv,iotsim-building-monitor,578,benign
ood_val:23115,ood_val,fit,benign,processed/iotsim-building-monitor-3.csv,iotsim-building-monitor,579,benign
ood_val:23116,ood_val,fit,benign,processed/iotsim-building-monitor-3.csv,iotsim-building-monitor,580,benign
ood_val:23117,ood_val,fit,benign,processed/iotsim-building-monitor-3.csv,iotsim-building-monitor,581,benign
ood_val:23118,ood_val,fit,benign,processed/iotsim-building-monitor-3.csv,iotsim-building-monitor,582,benign
ood_val:23119,ood_val,fit,benign,processed/iotsim-building-monitor-3.csv,iotsim-building-monitor,583,benign
ood_val:23120,ood_val,fit,benign,processed/iotsim-building-monitor-3.csv,iotsim-building-monitor,584,benign
ood_val:23121,ood_val,fit,benign,processed/iotsim-building-monitor-3.csv,iotsim-building-monitor,585,benign
ood_val:23122,ood_val,fit,benign,processed/iotsim-building-monitor-3.csv,iotsim-building-monitor,586,benign
ood_val:23123,ood_val,fit,benign,processed/iotsim-building-monitor-3.csv,iotsim-building-monitor,587,benign
ood_val:23124,ood_val,fit,benign,processed/iotsim-building-monitor-3.csv,iotsim-building-monitor,588,benign
ood_val:23125,ood_val,fit,benign,processed/iotsim-building-monitor-3.csv,iotsim-building-monitor,589,benign
ood_val:23126,ood_val,fit,benign,processed/iotsim-building-monitor-3.csv,iotsim-building-monitor,590,benign
ood_val:23127,ood_val,fit,benign,processed/iotsim-building-monitor-3.csv,iotsim-building-monitor,591,benign
ood_val:23128,ood_val,fit,benign,processed/iotsim-building-monitor-3.csv,iotsim-building-monitor,592,benign
ood_val:23129,ood_val,fit,benign,processed/iotsim-building-monitor-3.csv,iotsim-building-monitor,593,benign
ood_val:23130,ood_val,fit,benign,processed/iotsim-building-monitor-3.csv,iotsim-building-monitor,594,benign
ood_val:23131,ood_val,fit,benign,processed/iotsim-building-monitor-3.csv,iotsim-building-monitor,595,benign
ood_val:23132,ood_val,fit,benign,processed/iotsim-building-monitor-3.csv,iotsim-building-monitor,596,benign
ood_val:23133,ood_val,fit,benign,processed/iotsim-building-monitor-3.csv,iotsim-building-monitor,597,benign
ood_val:23134,ood_val,fit,benign,processed/iotsim-building-monitor-3.csv,iotsim-building-monitor,598,benign
ood_val:23135,ood_val,fit,benign,processed/iotsim-building-monitor-3.csv,iotsim-building-monitor,599,benign
ood_val:23136,ood_val,fit,benign,processed/iotsim-building-monitor-3.csv,iotsim-building-monitor,600,benign
ood_val:23137,ood_val,fit,benign,processed/iotsim-building-monitor-3.csv,iotsim-building-monitor,601,benign
ood_val:23138,ood_val,fit,benign,processed/iotsim-building-monitor-3.csv,iotsim-building-monitor,602,benign
ood_val:23139,ood_val,fit,benign,processed/iotsim-building-monitor-3.csv,iotsim-building-monitor,603,benign
ood_val:23140,ood_val,fit,benign,processed/iotsim-building-monitor-3.csv,iotsim-building-monitor,604,benign
ood_val:23141,ood_val,fit,benign,processed/iotsim-building-monitor-3.csv,iotsim-building-monitor,605,benign
ood_val:23142,ood_val,fit,benign,processed/iotsim-building-monitor-3.csv,iotsim-building-monitor,606,benign
ood_val:23143,ood_val,fit,benign,processed/iotsim-building-monitor-3.csv,iotsim-building-monitor,607,benign
ood_val:23144,ood_val,fit,benign,processed/iotsim-building-monitor-3.csv,iotsim-building-monitor,608,benign
ood_val:23145,ood_val,fit,benign,processed/iotsim-building-monitor-3.csv,iotsim-building-monitor,609,benign
ood_val:23146,ood_val,fit,benign,processed/iotsim-building-monitor-3.csv,iotsim-building-monitor,610,benign
ood_val:23147,ood_val,fit,benign,processed/iotsim-building-monitor-3.csv,iotsim-building-monitor,611,benign
ood_val:23148,ood_val,fit,benign,processed/iotsim-building-monitor-3.csv,iotsim-building-monitor,612,benign
ood_val:23149,ood_val,fit,benign,processed/iotsim-building-monitor-3.csv,iotsim-building-monitor,613,benign
ood_val:23150,ood_val,fit,benign,processed/iotsim-building-monitor-3.csv,iotsim-building-monitor,614,benign
ood_val:23151,ood_val,fit,benign,processed/iotsim-building-monitor-3.csv,iotsim-building-monitor,615,benign
ood_val:23152,ood_val,fit,benign,processed/iotsim-building-monitor-3.csv,iotsim-building-monitor,616,benign
ood_val:23153,ood_val,fit,benign,processed/iotsim-building-monitor-3.csv,iotsim-building-monitor,617,benign
ood_val:23154,ood_val,fit,benign,processed/iotsim-building-monitor-3.csv,iotsim-building-monitor,618,benign
ood_val:23155,ood_val,fit,benign,processed/iotsim-building-monitor-3.csv,iotsim-building-monitor,619,benign
ood_val:23156,ood_val,fit,benign,processed/iotsim-building-monitor-3.csv,iotsim-building-monitor,620,benign
ood_val:23157,ood_val,fit,benign,processed/iotsim-building-monitor-3.csv,iotsim-building-monitor,621,benign
ood_val:23158,ood_val,fit,benign,processed/iotsim-building-monitor-3.csv,iotsim-building-monitor,622,benign
ood_val:23159,ood_val,fit,benign,processed/iotsim-building-monitor-3.csv,iotsim-building-monitor,623,benign
ood_val:23160,ood_val,fit,benign,processed/iotsim-building-monitor-3.csv,iotsim-building-monitor,624,benign
ood_val:23161,ood_val,fit,benign,processed/iotsim-building-monitor-3.csv,iotsim-building-monitor,625,benign
ood_val:23162,ood_val,fit,benign,processed/iotsim-building-monitor-3.csv,iotsim-building-monitor,626,benign
ood_val:23163,ood_val,fit,benign,processed/iotsim-building-monitor-3.csv,iotsim-building-monitor,627,benign
ood_val:23164,ood_val,fit,benign,processed/iotsim-building-monitor-3.csv,iotsim-building-monitor,628,benign
ood_val:23165,ood_val,fit,benign,processed/iotsim-building-monitor-3.csv,iotsim-building-monitor,629,benign
ood_val:23166,ood_val,fit,benign,processed/iotsim-building-monitor-3.csv,iotsim-building-monitor,630,benign
ood_val:23167,ood_val,fit,benign,processed/iotsim-building-monitor-3.csv,iotsim-building-monitor,631,benign
ood_val:23168,ood_val,fit,benign,processed/iotsim-building-monitor-3.csv,iotsim-building-monitor,632,benign
ood_val:23169,ood_val,fit,benign,processed/iotsim-building-monitor-3.csv,iotsim-building-monitor,633,benign
ood_val:23170,ood_val,fit,benign,processed/iotsim-building-monitor-3.csv,iotsim-building-monitor,634,benign
ood_val:23171,ood_val,fit,benign,processed/iotsim-building-monitor-3.csv,iotsim-building-monitor,635,benign
ood_val:23172,ood_val,fit,benign,processed/iotsim-building-monitor-3.csv,iotsim-building-monitor,636,benign
ood_val:23173,ood_val,fit,benign,processed/iotsim-building-monitor-3.csv,iotsim-building-monitor,637,benign
ood_val:23174,ood_val,fit,benign,processed/iotsim-building-monitor-3.csv,iotsim-building-monitor,638,benign
ood_val:23175,ood_val,fit,benign,processed/iotsim-building-monitor-3.csv,iotsim-building-monitor,639,benign
ood_val:23176,ood_val,fit,benign,processed/iotsim-building-monitor-3.csv,iotsim-building-monitor,640,benign
ood_val:23177,ood_val,fit,benign,processed/iotsim-building-monitor-3.csv,iotsim-building-monitor,641,benign
ood_val:23178,ood_val,fit,benign,processed/iotsim-building-monitor-3.csv,iotsim-building-monitor,642,benign
ood_val:23179,ood_val,fit,benign,processed/iotsim-building-monitor-3.csv,iotsim-building-monitor,643,benign
ood_val:23180,ood_val,fit,benign,processed/iotsim-building-monitor-3.csv,iotsim-building-monitor,644,benign
ood_val:23181,ood_val,fit,benign,processed/iotsim-building-monitor-3.csv,iotsim-building-monitor,645,benign
ood_val:23182,ood_val,fit,benign,processed/iotsim-building-monitor-3.csv,iotsim-building-monitor,646,benign
ood_val:23183,ood_val,fit,benign,processed/iotsim-building-monitor-3.csv,iotsim-building-monitor,647,benign
ood_val:23184,ood_val,fit,benign,processed/iotsim-building-monitor-3.csv,iotsim-building-monitor,648,benign
ood_val:23185,ood_val,fit,benign,processed/iotsim-building-monitor-3.csv,iotsim-building-monitor,649,benign
ood_val:23186,ood_val,fit,benign,processed/iotsim-building-monitor-3.csv,iotsim-building-monitor,650,benign
ood_val:23187,ood_val,fit,benign,processed/iotsim-building-monitor-3.csv,iotsim-building-monitor,651,benign
ood_val:23188,ood_val,fit,benign,processed/iotsim-building-monitor-3.csv,iotsim-building-monitor,652,benign
ood_val:23189,ood_val,fit,benign,processed/iotsim-building-monitor-3.csv,iotsim-building-monitor,653,benign
ood_val:23190,ood_val,fit,benign,processed/iotsim-building-monitor-3.csv,iotsim-building-monitor,654,benign
ood_val:23191,ood_val,fit,benign,processed/iotsim-building-monitor-3.csv,iotsim-building-monitor,655,benign
ood_val:23192,ood_val,fit,benign,processed/iotsim-building-monitor-3.csv,iotsim-building-monitor,656,benign
ood_val:23193,ood_val,fit,benign,processed/iotsim-building-monitor-3.csv,iotsim-building-monitor,657,benign
ood_val:23194,ood_val,fit,benign,processed/iotsim-building-monitor-3.csv,iotsim-building-monitor,658,benign
ood_val:23195,ood_val,fit,benign,processed/iotsim-building-monitor-3.csv,iotsim-building-monitor,659,benign
ood_val:23196,ood_val,fit,benign,processed/iotsim-building-monitor-3.csv,iotsim-building-monitor,660,benign
ood_val:23197,ood_val,fit,benign,processed/iotsim-building-monitor-3.csv,iotsim-building-monitor,661,benign
ood_val:23198,ood_val,fit,benign,processed/iotsim-building-monitor-3.csv,iotsim-building-monitor,662,benign
ood_val:23199,ood_val,fit,benign,processed/iotsim-building-monitor-3.csv,iotsim-building-monitor,663,benign
ood_val:23200,ood_val,fit,benign,processed/iotsim-building-monitor-3.csv,iotsim-building-monitor,664,benign
ood_val:23201,ood_val,fit,benign,processed/iotsim-building-monitor-3.csv,iotsim-building-monitor,665,benign
ood_val:23202,ood_val,fit,benign,processed/iotsim-building-monitor-3.csv,iotsim-building-monitor,666,benign
ood_val:23203,ood_val,fit,benign,processed/iotsim-building-monitor-3.csv,iotsim-building-monitor,667,benign
ood_val:23204,ood_val,fit,benign,processed/iotsim-building-monitor-3.csv,iotsim-building-monitor,668,benign
ood_val:23205,ood_val,fit,benign,processed/iotsim-building-monitor-3.csv,iotsim-building-monitor,669,benign
ood_val:23206,ood_val,fit,benign,processed/iotsim-building-monitor-3.csv,iotsim-building-monitor,670,benign
ood_val:23207,ood_val,fit,benign,processed/iotsim-building-monitor-3.csv,iotsim-building-monitor,671,benign
ood_val:23208,ood_val,fit,benign,processed/iotsim-building-monitor-3.csv,iotsim-building-monitor,672,benign
ood_val:23209,ood_val,fit,benign,processed/iotsim-building-monitor-3.csv,iotsim-building-monitor,673,benign
ood_val:23210,ood_val,fit,benign,processed/iotsim-building-monitor-3.csv,iotsim-building-monitor,674,benign
ood_val:23211,ood_val,fit,benign,processed/iotsim-building-monitor-3.csv,iotsim-building-monitor,675,benign
ood_val:23212,ood_val,fit,benign,processed/iotsim-building-monitor-3.csv,iotsim-building-monitor,676,benign
ood_val:23213,ood_val,fit,benign,processed/iotsim-building-monitor-3.csv,iotsim-building-monitor,677,benign
ood_val:23214,ood_val,fit,benign,processed/iotsim-building-monitor-3.csv,iotsim-building-monitor,678,benign
ood_val:23215,ood_val,fit,benign,processed/iotsim-building-monitor-3.csv,iotsim-building-monitor,679,benign
ood_val:23216,ood_val,fit,benign,processed/iotsim-building-monitor-3.csv,iotsim-building-monitor,680,benign
ood_val:23217,ood_val,fit,benign,processed/iotsim-building-monitor-3.csv,iotsim-building-monitor,681,benign
ood_val:23218,ood_val,fit,benign,processed/iotsim-building-monitor-3.csv,iotsim-building-monitor,682,benign
ood_val:23219,ood_val,fit,benign,processed/iotsim-building-monitor-3.csv,iotsim-building-monitor,683,benign
ood_val:23220,ood_val,fit,benign,processed/iotsim-building-monitor-3.csv,iotsim-building-monitor,684,benign
ood_val:23221,ood_val,fit,benign,processed/iotsim-building-monitor-3.csv,iotsim-building-monitor,685,benign
ood_val:23222,ood_val,fit,benign,processed/iotsim-building-monitor-3.csv,iotsim-building-monitor,686,benign
ood_val:23223,ood_val,fit,benign,processed/iotsim-building-monitor-3.csv,iotsim-building-monitor,687,benign
ood_val:23224,ood_val,fit,benign,processed/iotsim-building-monitor-3.csv,iotsim-building-monitor,688,benign
ood_val:23225,ood_val,fit,benign,processed/iotsim-building-monitor-3.csv,iotsim-building-monitor,689,benign
ood_val:23226,ood_val,fit,benign,processed/iotsim-building-monitor-3.csv,iotsim-building-monitor,690,benign
ood_val:23227,ood_val,fit,benign,processed/iotsim-building-monitor-3.csv,iotsim-building-monitor,691,benign
ood_val:23228,ood_val,fit,benign,processed/iotsim-building-monitor-3.csv,iotsim-building-monitor,692,benign
ood_val:23229,ood_val,fit,benign,processed/iotsim-building-monitor-3.csv,iotsim-building-monitor,693,benign
ood_val:23230,ood_val,fit,benign,processed/iotsim-building-monitor-3.csv,iotsim-building-monitor,694,benign
ood_val:23231,ood_val,fit,benign,processed/iotsim-building-monitor-3.csv,iotsim-building-monitor,695,benign
ood_val:23232,ood_val,fit,benign,processed/iotsim-building-monitor-3.csv,iotsim-building-monitor,696,benign
ood_val:23233,ood_val,fit,benign,processed/iotsim-building-monitor-3.csv,iotsim-building-monitor,697,benign
ood_val:23234,ood_val,fit,benign,processed/iotsim-building-monitor-3.csv,iotsim-building-monitor,698,benign
ood_val:23235,ood_val,fit,benign,processed/iotsim-building-monitor-3.csv,iotsim-building-monitor,699,benign
ood_val:23236,ood_val,fit,benign,processed/iotsim-building-monitor-3.csv,iotsim-building-monitor,700,benign
ood_val:23237,ood_val,fit,benign,processed/iotsim-building-monitor-3.csv,iotsim-building-monitor,701,benign
ood_val:23238,ood_val,fit,benign,processed/iotsim-building-monitor-3.csv,iotsim-building-monitor,702,benign
ood_val:23239,ood_val,fit,benign,processed/iotsim-building-monitor-3.csv,iotsim-building-monitor,703,benign
ood_val:23240,ood_val,fit,benign,processed/iotsim-building-monitor-3.csv,iotsim-building-monitor,704,benign
ood_val:23241,ood_val,fit,benign,processed/iotsim-building-monitor-3.csv,iotsim-building-monitor,705,benign
ood_val:23242,ood_val,fit,benign,processed/iotsim-building-monitor-3.csv,iotsim-building-monitor,706,benign
ood_val:23243,ood_val,fit,benign,processed/iotsim-building-monitor-3.csv,iotsim-building-monitor,707,benign
ood_val:23244,ood_val,fit,benign,processed/iotsim-building-monitor-3.csv,iotsim-building-monitor,708,benign
ood_val:23245,ood_val,fit,benign,processed/iotsim-building-monitor-3.csv,iotsim-building-monitor,709,benign
ood_val:23246,ood_val,fit,benign,processed/iotsim-building-monitor-3.csv,iotsim-building-monitor,710,benign
ood_val:23247,ood_val,fit,benign,processed/iotsim-building-monitor-3.csv,iotsim-building-monitor,711,benign
ood_val:23248,ood_val,fit,benign,processed/iotsim-building-monitor-3.csv,iotsim-building-monitor,712,benign
ood_val:23249,ood_val,fit,benign,processed/iotsim-building-monitor-3.csv,iotsim-building-monitor,713,benign
ood_val:23250,ood_val,fit,benign,processed/iotsim-building-monitor-3.csv,iotsim-building-monitor,714,benign
ood_val:23251,ood_val,fit,benign,processed/iotsim-building-monitor-3.csv,iotsim-building-monitor,715,benign
ood_val:23252,ood_val,fit,benign,processed/iotsim-building-monitor-3.csv,iotsim-building-monitor,716,benign
ood_val:23253,ood_val,fit,benign,processed/iotsim-building-monitor-3.csv,iotsim-building-monitor,717,benign
ood_val:23254,ood_val,fit,benign,processed/iotsim-building-monitor-3.csv,iotsim-building-monitor,718,benign
ood_val:23255,ood_val,fit,benign,processed/iotsim-building-monitor-3.csv,iotsim-building-monitor,719,benign
ood_val:23256,ood_val,fit,benign,processed/iotsim-building-monitor-3.csv,iotsim-building-monitor,720,benign
ood_val:23257,ood_val,fit,benign,processed/iotsim-building-monitor-3.csv,iotsim-building-monitor,721,benign
ood_val:23258,ood_val,fit,benign,processed/iotsim-building-monitor-3.csv,iotsim-building-monitor,722,benign
ood_val:23259,ood_val,fit,benign,processed/iotsim-building-monitor-3.csv,iotsim-building-monitor,723,benign
ood_val:23260,ood_val,fit,benign,processed/iotsim-building-monitor-3.csv,iotsim-building-monitor,724,benign
ood_val:23261,ood_val,fit,benign,processed/iotsim-building-monitor-3.csv,iotsim-building-monitor,725,benign
ood_val:23262,ood_val,fit,benign,processed/iotsim-building-monitor-3.csv,iotsim-building-monitor,726,benign
ood_val:23263,ood_val,fit,benign,processed/iotsim-building-monitor-3.csv,iotsim-building-monitor,727,benign
ood_val:23264,ood_val,fit,benign,processed/iotsim-building-monitor-3.csv,iotsim-building-monitor,728,benign
ood_val:23265,ood_val,fit,benign,processed/iotsim-building-monitor-3.csv,iotsim-building-monitor,729,benign
ood_val:23266,ood_val,fit,benign,processed/iotsim-building-monitor-3.csv,iotsim-building-monitor,730,benign
ood_val:23267,ood_val,fit,benign,processed/iotsim-building-monitor-3.csv,iotsim-building-monitor,731,benign
ood_val:23268,ood_val,fit,benign,processed/iotsim-building-monitor-3.csv,iotsim-building-monitor,732,benign
ood_val:23269,ood_val,fit,benign,processed/iotsim-building-monitor-3.csv,iotsim-building-monitor,733,benign
ood_val:23270,ood_val,fit,benign,processed/iotsim-building-monitor-3.csv,iotsim-building-monitor,734,benign
ood_val:23271,ood_val,fit,benign,processed/iotsim-building-monitor-3.csv,iotsim-building-monitor,735,benign
ood_val:23272,ood_val,fit,benign,processed/iotsim-building-monitor-3.csv,iotsim-building-monitor,736,benign
ood_val:23273,ood_val,fit,benign,processed/iotsim-building-monitor-3.csv,iotsim-building-monitor,737,benign
ood_val:23274,ood_val,fit,benign,processed/iotsim-building-monitor-3.csv,iotsim-building-monitor,738,benign
ood_val:23275,ood_val,fit,benign,processed/iotsim-building-monitor-3.csv,iotsim-building-monitor,739,benign
ood_val:23276,ood_val,fit,benign,processed/iotsim-building-monitor-3.csv,iotsim-building-monitor,740,benign
ood_val:23277,ood_val,fit,benign,processed/iotsim-building-monitor-3.csv,iotsim-building-monitor,741,benign
ood_val:23278,ood_val,fit,benign,processed/iotsim-building-monitor-3.csv,iotsim-building-monitor,742,benign
ood_val:23279,ood_val,fit,benign,processed/iotsim-building-monitor-3.csv,iotsim-building-monitor,743,benign
ood_val:23280,ood_val,fit,benign,processed/iotsim-building-monitor-3.csv,iotsim-building-monitor,744,benign
ood_val:23281,ood_val,fit,benign,processed/iotsim-building-monitor-3.csv,iotsim-building-monitor,745,benign
ood_val:23282,ood_val,fit,benign,processed/iotsim-building-monitor-3.csv,iotsim-building-monitor,746,benign
ood_val:23283,ood_val,fit,benign,processed/iotsim-building-monitor-3.csv,iotsim-building-monitor,747,benign
ood_val:23284,ood_val,fit,benign,processed/iotsim-building-monitor-3.csv,iotsim-building-monitor,748,benign
ood_val:23285,ood_val,fit,benign,processed/iotsim-building-monitor-3.csv,iotsim-building-monitor,749,benign
ood_val:23286,ood_val,fit,benign,processed/iotsim-building-monitor-3.csv,iotsim-building-monitor,750,benign
ood_val:23287,ood_val,fit,benign,processed/iotsim-building-monitor-3.csv,iotsim-building-monitor,751,benign
ood_val:23288,ood_val,fit,benign,processed/iotsim-building-monitor-3.csv,iotsim-building-monitor,752,benign
ood_val:23289,ood_val,fit,benign,processed/iotsim-building-monitor-3.csv,iotsim-building-monitor,753,benign
ood_val:23290,ood_val,fit,benign,processed/iotsim-building-monitor-3.csv,iotsim-building-monitor,754,benign
ood_val:23291,ood_val,fit,benign,processed/iotsim-building-monitor-3.csv,iotsim-building-monitor,755,benign
ood_val:23292,ood_val,fit,benign,processed/iotsim-building-monitor-3.csv,iotsim-building-monitor,756,benign
ood_val:23293,ood_val,fit,benign,processed/iotsim-building-monitor-3.csv,iotsim-building-monitor,757,benign
ood_val:23294,ood_val,fit,benign,processed/iotsim-building-monitor-3.csv,iotsim-building-monitor,758,benign
ood_val:23295,ood_val,fit,benign,processed/iotsim-building-monitor-3.csv,iotsim-building-monitor,759,benign
ood_val:23296,ood_val,fit,benign,processed/iotsim-building-monitor-3.csv,iotsim-building-monitor,760,benign
ood_val:23297,ood_val,fit,benign,processed/iotsim-building-monitor-3.csv,iotsim-building-monitor,761,benign
ood_val:23298,ood_val,fit,benign,processed/iotsim-building-monitor-3.csv,iotsim-building-monitor,762,benign
ood_val:23299,ood_val,fit,benign,processed/iotsim-building-monitor-3.csv,iotsim-building-monitor,763,benign
ood_val:23300,ood_val,fit,benign,processed/iotsim-building-monitor-3.csv,iotsim-building-monitor,764,benign
ood_val:23301,ood_val,fit,benign,processed/iotsim-building-monitor-3.csv,iotsim-building-monitor,765,benign
ood_val:23302,ood_val,fit,benign,processed/iotsim-building-monitor-3.csv,iotsim-building-monitor,766,benign
ood_val:23303,ood_val,fit,benign,processed/iotsim-building-monitor-3.csv,iotsim-building-monitor,767,benign
ood_val:23304,ood_val,fit,benign,processed/iotsim-building-monitor-3.csv,iotsim-building-monitor,768,benign
ood_val:23305,ood_val,fit,benign,processed/iotsim-building-monitor-3.csv,iotsim-building-monitor,769,benign
ood_val:23306,ood_val,fit,benign,processed/iotsim-building-monitor-3.csv,iotsim-building-monitor,770,benign
ood_val:23307,ood_val,fit,benign,processed/iotsim-building-monitor-3.csv,iotsim-building-monitor,771,benign
ood_val:23308,ood_val,fit,benign,processed/iotsim-building-monitor-3.csv,iotsim-building-monitor,772,benign
ood_val:23309,ood_val,fit,benign,processed/iotsim-building-monitor-3.csv,iotsim-building-monitor,773,benign
ood_val:23310,ood_val,fit,benign,processed/iotsim-building-monitor-3.csv,iotsim-building-monitor,774,benign
ood_val:23311,ood_val,fit,benign,processed/iotsim-building-monitor-3.csv,iotsim-building-monitor,775,benign
ood_val:23312,ood_val,fit,benign,processed/iotsim-building-monitor-3.csv,iotsim-building-monitor,776,benign
ood_val:23313,ood_val,fit,benign,processed/iotsim-building-monitor-3.csv,iotsim-building-monitor,777,benign
ood_val:23314,ood_val,fit,benign,processed/iotsim-building-monitor-3.csv,iotsim-building-monitor,778,benign
ood_val:23315,ood_val,fit,benign,processed/iotsim-building-monitor-3.csv,iotsim-building-monitor,779,benign
ood_val:23316,ood_val,fit,benign,processed/iotsim-building-monitor-3.csv,iotsim-building-monitor,780,benign
ood_val:23317,ood_val,fit,benign,processed/iotsim-building-monitor-3.csv,iotsim-building-monitor,781,benign
ood_val:23318,ood_val,fit,benign,processed/iotsim-building-monitor-3.csv,iotsim-building-monitor,782,benign
ood_val:23319,ood_val,fit,benign,processed/iotsim-building-monitor-3.csv,iotsim-building-monitor,783,benign
ood_val:23320,ood_val,fit,benign,processed/iotsim-building-monitor-3.csv,iotsim-building-monitor,784,benign
ood_val:23321,ood_val,fit,benign,processed/iotsim-building-monitor-3.csv,iotsim-building-monitor,785,benign
ood_val:23322,ood_val,fit,benign,processed/iotsim-building-monitor-3.csv,iotsim-building-monitor,786,benign
ood_val:23323,ood_val,fit,benign,processed/iotsim-building-monitor-3.csv,iotsim-building-monitor,787,benign
ood_val:23324,ood_val,fit,benign,processed/iotsim-building-monitor-3.csv,iotsim-building-monitor,788,benign
ood_val:23325,ood_val,fit,benign,processed/iotsim-building-monitor-3.csv,iotsim-building-monitor,789,benign
ood_val:23326,ood_val,fit,benign,processed/iotsim-building-monitor-3.csv,iotsim-building-monitor,790,benign
ood_val:23327,ood_val,fit,benign,processed/iotsim-building-monitor-3.csv,iotsim-building-monitor,791,benign
ood_val:23328,ood_val,fit,benign,processed/iotsim-building-monitor-3.csv,iotsim-building-monitor,792,benign
ood_val:23329,ood_val,fit,benign,processed/iotsim-building-monitor-3.csv,iotsim-building-monitor,793,benign
ood_val:23330,ood_val,fit,benign,processed/iotsim-building-monitor-3.csv,iotsim-building-monitor,794,benign
ood_val:23331,ood_val,fit,benign,processed/iotsim-building-monitor-3.csv,iotsim-building-monitor,795,benign
ood_val:23332,ood_val,fit,benign,processed/iotsim-building-monitor-3.csv,iotsim-building-monitor,796,benign
ood_val:23333,ood_val,fit,benign,processed/iotsim-building-monitor-3.csv,iotsim-building-monitor,797,benign
ood_val:23334,ood_val,fit,benign,processed/iotsim-building-monitor-3.csv,iotsim-building-monitor,798,benign
ood_val:23335,ood_val,fit,benign,processed/iotsim-building-monitor-3.csv,iotsim-building-monitor,799,benign
ood_val:23336,ood_val,fit,benign,processed/iotsim-building-monitor-3.csv,iotsim-building-monitor,800,benign
ood_val:23337,ood_val,fit,benign,processed/iotsim-building-monitor-3.csv,iotsim-building-monitor,801,benign
ood_val:23338,ood_val,fit,benign,processed/iotsim-building-monitor-3.csv,iotsim-building-monitor,802,benign
ood_val:23339,ood_val,fit,benign,processed/iotsim-building-monitor-3.csv,iotsim-building-monitor,803,benign
ood_val:23340,ood_val,fit,benign,processed/iotsim-building-monitor-3.csv,iotsim-building-monitor,804,benign
ood_val:23341,ood_val,fit,benign,processed/iotsim-building-monitor-3.csv,iotsim-building-monitor,805,benign
ood_val:23342,ood_val,fit,benign,processed/iotsim-building-monitor-3.csv,iotsim-building-monitor,806,benign
ood_val:23343,ood_val,fit,benign,processed/iotsim-building-monitor-3.csv,iotsim-building-monitor,807,benign
ood_val:23344,ood_val,fit,benign,processed/iotsim-building-monitor-3.csv,iotsim-building-monitor,808,benign
ood_val:23345,ood_val,fit,benign,processed/iotsim-building-monitor-3.csv,iotsim-building-monitor,809,benign
ood_val:23346,ood_val,fit,benign,processed/iotsim-building-monitor-3.csv,iotsim-building-monitor,810,benign
ood_val:23347,ood_val,fit,benign,processed/iotsim-building-monitor-3.csv,iotsim-building-monitor,811,benign
ood_val:23348,ood_val,fit,benign,processed/iotsim-building-monitor-3.csv,iotsim-building-monitor,812,benign
ood_val:23349,ood_val,fit,benign,processed/iotsim-building-monitor-3.csv,iotsim-building-monitor,813,benign
ood_val:23350,ood_val,fit,benign,processed/iotsim-building-monitor-3.csv,iotsim-building-monitor,814,benign
ood_val:23351,ood_val,fit,benign,processed/iotsim-building-monitor-3.csv,iotsim-building-monitor,815,benign
ood_val:23352,ood_val,fit,benign,processed/iotsim-building-monitor-3.csv,iotsim-building-monitor,816,benign
ood_val:23353,ood_val,fit,benign,processed/iotsim-building-monitor-3.csv,iotsim-building-monitor,817,benign
ood_val:23354,ood_val,fit,benign,processed/iotsim-building-monitor-3.csv,iotsim-building-monitor,818,benign
ood_val:23355,ood_val,fit,benign,processed/iotsim-building-monitor-3.csv,iotsim-building-monitor,819,benign
ood_val:23356,ood_val,fit,benign,processed/iotsim-building-monitor-3.csv,iotsim-building-monitor,820,benign
ood_val:23357,ood_val,fit,benign,processed/iotsim-building-monitor-3.csv,iotsim-building-monitor,821,benign
ood_val:23358,ood_val,fit,benign,processed/iotsim-building-monitor-3.csv,iotsim-building-monitor,822,benign
ood_val:23359,ood_val,fit,benign,processed/iotsim-building-monitor-3.csv,iotsim-building-monitor,823,benign
ood_val:23360,ood_val,fit,benign,processed/iotsim-building-monitor-3.csv,iotsim-building-monitor,824,benign
ood_val:23361,ood_val,fit,benign,processed/iotsim-building-monitor-3.csv,iotsim-building-monitor,825,benign
ood_val:23362,ood_val,fit,benign,processed/iotsim-building-monitor-3.csv,iotsim-building-monitor,826,benign
ood_val:23363,ood_val,fit,benign,processed/iotsim-building-monitor-3.csv,iotsim-building-monitor,827,benign
ood_val:23364,ood_val,fit,benign,processed/iotsim-building-monitor-3.csv,iotsim-building-monitor,828,benign
ood_val:23365,ood_val,fit,benign,processed/iotsim-building-monitor-3.csv,iotsim-building-monitor,829,benign
ood_val:23366,ood_val,fit,benign,processed/iotsim-building-monitor-3.csv,iotsim-building-monitor,830,benign
ood_val:23367,ood_val,fit,benign,processed/iotsim-building-monitor-3.csv,iotsim-building-monitor,831,benign
ood_val:23368,ood_val,fit,benign,processed/iotsim-building-monitor-3.csv,iotsim-building-monitor,832,benign
ood_val:23369,ood_val,fit,benign,processed/iotsim-building-monitor-3.csv,iotsim-building-monitor,833,benign
ood_val:23370,ood_val,fit,benign,processed/iotsim-building-monitor-3.csv,iotsim-building-monitor,834,benign
ood_val:23371,ood_val,fit,benign,processed/iotsim-building-monitor-3.csv,iotsim-building-monitor,835,benign
ood_val:23372,ood_val,fit,benign,processed/iotsim-building-monitor-3.csv,iotsim-building-monitor,836,benign
ood_val:23373,ood_val,fit,benign,processed/iotsim-building-monitor-3.csv,iotsim-building-monitor,837,benign
ood_val:23374,ood_val,fit,benign,processed/iotsim-building-monitor-3.csv,iotsim-building-monitor,838,benign
ood_val:23375,ood_val,fit,benign,processed/iotsim-building-monitor-3.csv,iotsim-building-monitor,839,benign
ood_val:23376,ood_val,fit,benign,processed/iotsim-building-monitor-3.csv,iotsim-building-monitor,840,benign
ood_val:23377,ood_val,fit,benign,processed/iotsim-building-monitor-3.csv,iotsim-building-monitor,841,benign
ood_val:23378,ood_val,fit,benign,processed/iotsim-building-monitor-3.csv,iotsim-building-monitor,842,benign
ood_val:23379,ood_val,fit,benign,processed/iotsim-building-monitor-3.csv,iotsim-building-monitor,843,benign
ood_val:23380,ood_val,fit,benign,processed/iotsim-building-monitor-3.csv,iotsim-building-monitor,844,benign
ood_val:23381,ood_val,fit,benign,processed/iotsim-building-monitor-3.csv,iotsim-building-monitor,845,benign
ood_val:23382,ood_val,fit,benign,processed/iotsim-building-monitor-3.csv,iotsim-building-monitor,846,benign
ood_val:23383,ood_val,fit,benign,processed/iotsim-building-monitor-3.csv,iotsim-building-monitor,847,benign
ood_val:23384,ood_val,fit,benign,processed/iotsim-building-monitor-3.csv,iotsim-building-monitor,848,benign
ood_val:23385,ood_val,fit,benign,processed/iotsim-building-monitor-3.csv,iotsim-building-monitor,849,benign
ood_val:23386,ood_val,fit,benign,processed/iotsim-building-monitor-3.csv,iotsim-building-monitor,850,benign
ood_val:23387,ood_val,fit,benign,processed/iotsim-building-monitor-3.csv,iotsim-building-monitor,851,benign
ood_val:23388,ood_val,fit,benign,processed/iotsim-building-monitor-3.csv,iotsim-building-monitor,852,benign
ood_val:23389,ood_val,fit,benign,processed/iotsim-building-monitor-3.csv,iotsim-building-monitor,853,benign
ood_val:23390,ood_val,fit,benign,processed/iotsim-building-monitor-3.csv,iotsim-building-monitor,854,benign
ood_val:23391,ood_val,fit,benign,processed/iotsim-building-monitor-3.csv,iotsim-building-monitor,855,benign
ood_val:23392,ood_val,fit,benign,processed/iotsim-building-monitor-3.csv,iotsim-building-monitor,856,benign
ood_val:23393,ood_val,fit,benign,processed/iotsim-building-monitor-3.csv,iotsim-building-monitor,857,benign
ood_val:23394,ood_val,fit,benign,processed/iotsim-building-monitor-3.csv,iotsim-building-monitor,858,benign
ood_val:23395,ood_val,fit,benign,processed/iotsim-building-monitor-3.csv,iotsim-building-monitor,859,benign
ood_val:23396,ood_val,fit,benign,processed/iotsim-building-monitor-3.csv,iotsim-building-monitor,860,benign
ood_val:23397,ood_val,fit,benign,processed/iotsim-building-monitor-3.csv,iotsim-building-monitor,861,benign
ood_val:23398,ood_val,fit,benign,processed/iotsim-building-monitor-3.csv,iotsim-building-monitor,862,benign
ood_val:23399,ood_val,fit,benign,processed/iotsim-building-monitor-3.csv,iotsim-building-monitor,863,benign
ood_val:23400,ood_val,fit,benign,processed/iotsim-building-monitor-3.csv,iotsim-building-monitor,864,benign
ood_val:23401,ood_val,fit,benign,processed/iotsim-building-monitor-3.csv,iotsim-building-monitor,865,benign
ood_val:23402,ood_val,fit,benign,processed/iotsim-building-monitor-3.csv,iotsim-building-monitor,866,benign
ood_val:23403,ood_val,fit,benign,processed/iotsim-building-monitor-3.csv,iotsim-building-monitor,867,benign
ood_val:23404,ood_val,fit,benign,processed/iotsim-building-monitor-3.csv,iotsim-building-monitor,868,benign
ood_val:23405,ood_val,fit,benign,processed/iotsim-building-monitor-3.csv,iotsim-building-monitor,869,benign
ood_val:23406,ood_val,fit,benign,processed/iotsim-building-monitor-3.csv,iotsim-building-monitor,870,benign
ood_val:23407,ood_val,fit,benign,processed/iotsim-building-monitor-3.csv,iotsim-building-monitor,871,benign
ood_val:23408,ood_val,fit,benign,processed/iotsim-building-monitor-3.csv,iotsim-building-monitor,872,benign
ood_val:23409,ood_val,fit,benign,processed/iotsim-building-monitor-3.csv,iotsim-building-monitor,873,benign
ood_val:23410,ood_val,fit,benign,processed/iotsim-building-monitor-3.csv,iotsim-building-monitor,874,benign
ood_val:23411,ood_val,fit,benign,processed/iotsim-building-monitor-3.csv,iotsim-building-monitor,875,benign
ood_val:23412,ood_val,fit,benign,processed/iotsim-building-monitor-3.csv,iotsim-building-monitor,876,benign
ood_val:23413,ood_val,fit,benign,processed/iotsim-building-monitor-3.csv,iotsim-building-monitor,877,benign
ood_val:23414,ood_val,fit,benign,processed/iotsim-building-monitor-3.csv,iotsim-building-monitor,878,benign
ood_val:23415,ood_val,fit,benign,processed/iotsim-building-monitor-3.csv,iotsim-building-monitor,879,benign
ood_val:23416,ood_val,fit,benign,processed/iotsim-building-monitor-3.csv,iotsim-building-monitor,880,benign
ood_val:23417,ood_val,fit,benign,processed/iotsim-building-monitor-3.csv,iotsim-building-monitor,881,benign
ood_val:23418,ood_val,fit,benign,processed/iotsim-building-monitor-3.csv,iotsim-building-monitor,882,benign
ood_val:23419,ood_val,fit,benign,processed/iotsim-building-monitor-3.csv,iotsim-building-monitor,883,benign
ood_val:23420,ood_val,fit,benign,processed/iotsim-building-monitor-3.csv,iotsim-building-monitor,884,benign
ood_val:23421,ood_val,fit,benign,processed/iotsim-building-monitor-3.csv,iotsim-building-monitor,885,benign
ood_val:23422,ood_val,fit,benign,processed/iotsim-building-monitor-3.csv,iotsim-building-monitor,886,benign
ood_val:23423,ood_val,fit,benign,processed/iotsim-building-monitor-3.csv,iotsim-building-monitor,887,benign
ood_val:23424,ood_val,fit,benign,processed/iotsim-building-monitor-3.csv,iotsim-building-monitor,888,benign
ood_val:23425,ood_val,fit,benign,processed/iotsim-building-monitor-3.csv,iotsim-building-monitor,889,benign
ood_val:23426,ood_val,fit,benign,processed/iotsim-building-monitor-3.csv,iotsim-building-monitor,890,benign
ood_val:23427,ood_val,fit,benign,processed/iotsim-building-monitor-3.csv,iotsim-building-monitor,891,benign
ood_val:23428,ood_val,fit,benign,processed/iotsim-building-monitor-3.csv,iotsim-building-monitor,892,benign
ood_val:23429,ood_val,fit,benign,processed/iotsim-building-monitor-3.csv,iotsim-building-monitor,893,benign
ood_val:23430,ood_val,fit,benign,processed/iotsim-building-monitor-3.csv,iotsim-building-monitor,894,benign
ood_val:23431,ood_val,fit,benign,processed/iotsim-building-monitor-3.csv,iotsim-building-monitor,895,benign
ood_val:23432,ood_val,fit,benign,processed/iotsim-building-monitor-3.csv,iotsim-building-monitor,896,benign
ood_val:23433,ood_val,fit,benign,processed/iotsim-building-monitor-3.csv,iotsim-building-monitor,897,benign
ood_val:23434,ood_val,fit,benign,processed/iotsim-building-monitor-3.csv,iotsim-building-monitor,898,benign
ood_val:23435,ood_val,fit,benign,processed/iotsim-building-monitor-3.csv,iotsim-building-monitor,899,benign
ood_val:23436,ood_val,fit,benign,processed/iotsim-building-monitor-3.csv,iotsim-building-monitor,900,benign
ood_val:23437,ood_val,fit,benign,processed/iotsim-building-monitor-3.csv,iotsim-building-monitor,901,benign
ood_val:23438,ood_val,fit,benign,processed/iotsim-building-monitor-3.csv,iotsim-building-monitor,902,benign
ood_val:23439,ood_val,fit,benign,processed/iotsim-building-monitor-3.csv,iotsim-building-monitor,903,benign
ood_val:23440,ood_val,fit,benign,processed/iotsim-building-monitor-3.csv,iotsim-building-monitor,904,benign
ood_val:23441,ood_val,fit,benign,processed/iotsim-building-monitor-3.csv,iotsim-building-monitor,905,benign
ood_val:23442,ood_val,fit,benign,processed/iotsim-building-monitor-3.csv,iotsim-building-monitor,906,benign
ood_val:23443,ood_val,fit,benign,processed/iotsim-building-monitor-3.csv,iotsim-building-monitor,907,benign
ood_val:23444,ood_val,fit,benign,processed/iotsim-building-monitor-3.csv,iotsim-building-monitor,908,benign
ood_val:23445,ood_val,fit,benign,processed/iotsim-building-monitor-3.csv,iotsim-building-monitor,909,benign
ood_val:23446,ood_val,fit,benign,processed/iotsim-building-monitor-3.csv,iotsim-building-monitor,910,benign
ood_val:23447,ood_val,fit,benign,processed/iotsim-building-monitor-3.csv,iotsim-building-monitor,911,benign
ood_val:23448,ood_val,fit,benign,processed/iotsim-building-monitor-3.csv,iotsim-building-monitor,912,benign
ood_val:23449,ood_val,fit,benign,processed/iotsim-building-monitor-3.csv,iotsim-building-monitor,913,benign
ood_val:23450,ood_val,fit,benign,processed/iotsim-building-monitor-3.csv,iotsim-building-monitor,914,benign
ood_val:23451,ood_val,fit,benign,processed/iotsim-building-monitor-3.csv,iotsim-building-monitor,915,benign
ood_val:23452,ood_val,fit,benign,processed/iotsim-building-monitor-3.csv,iotsim-building-monitor,916,benign
ood_val:23453,ood_val,fit,benign,processed/iotsim-building-monitor-3.csv,iotsim-building-monitor,917,benign
ood_val:23454,ood_val,fit,benign,processed/iotsim-building-monitor-3.csv,iotsim-building-monitor,918,benign
ood_val:23455,ood_val,fit,benign,processed/iotsim-building-monitor-3.csv,iotsim-building-monitor,919,benign
ood_val:23456,ood_val,fit,benign,processed/iotsim-building-monitor-3.csv,iotsim-building-monitor,920,benign
ood_val:23457,ood_val,fit,benign,processed/iotsim-building-monitor-3.csv,iotsim-building-monitor,921,benign
ood_val:23458,ood_val,fit,benign,processed/iotsim-building-monitor-3.csv,iotsim-building-monitor,922,benign
ood_val:23459,ood_val,fit,benign,processed/iotsim-building-monitor-3.csv,iotsim-building-monitor,923,benign
ood_val:23460,ood_val,fit,benign,processed/iotsim-building-monitor-3.csv,iotsim-building-monitor,924,benign
ood_val:23461,ood_val,fit,benign,processed/iotsim-building-monitor-3.csv,iotsim-building-monitor,925,benign
ood_val:23462,ood_val,fit,benign,processed/iotsim-building-monitor-3.csv,iotsim-building-monitor,926,benign
ood_val:23463,ood_val,fit,benign,processed/iotsim-building-monitor-3.csv,iotsim-building-monitor,927,benign
ood_val:23464,ood_val,fit,benign,processed/iotsim-building-monitor-3.csv,iotsim-building-monitor,928,benign
ood_val:23465,ood_val,fit,benign,processed/iotsim-building-monitor-3.csv,iotsim-building-monitor,929,benign
ood_val:23466,ood_val,fit,benign,processed/iotsim-building-monitor-3.csv,iotsim-building-monitor,930,benign
ood_val:23467,ood_val,fit,benign,processed/iotsim-building-monitor-3.csv,iotsim-building-monitor,931,benign
ood_val:23468,ood_val,fit,benign,processed/iotsim-building-monitor-3.csv,iotsim-building-monitor,932,benign
ood_val:23469,ood_val,fit,benign,processed/iotsim-building-monitor-3.csv,iotsim-building-monitor,933,benign
ood_val:23470,ood_val,fit,benign,processed/iotsim-building-monitor-3.csv,iotsim-building-monitor,934,benign
ood_val:23471,ood_val,fit,benign,processed/iotsim-building-monitor-3.csv,iotsim-building-monitor,935,benign
ood_val:23472,ood_val,fit,benign,processed/iotsim-building-monitor-3.csv,iotsim-building-monitor,936,benign
ood_val:23473,ood_val,fit,benign,processed/iotsim-building-monitor-3.csv,iotsim-building-monitor,937,benign
ood_val:23474,ood_val,fit,benign,processed/iotsim-building-monitor-3.csv,iotsim-building-monitor,938,benign
ood_val:23475,ood_val,fit,benign,processed/iotsim-building-monitor-3.csv,iotsim-building-monitor,939,benign
ood_val:23476,ood_val,fit,benign,processed/iotsim-building-monitor-3.csv,iotsim-building-monitor,940,benign
ood_val:23477,ood_val,fit,benign,processed/iotsim-building-monitor-3.csv,iotsim-building-monitor,941,benign
ood_val:23478,ood_val,fit,benign,processed/iotsim-building-monitor-3.csv,iotsim-building-monitor,942,benign
ood_val:23479,ood_val,fit,benign,processed/iotsim-building-monitor-3.csv,iotsim-building-monitor,943,benign
ood_val:23480,ood_val,fit,benign,processed/iotsim-building-monitor-3.csv,iotsim-building-monitor,944,benign
ood_val:23481,ood_val,fit,benign,processed/iotsim-building-monitor-3.csv,iotsim-building-monitor,945,benign
ood_val:23482,ood_val,fit,benign,processed/iotsim-building-monitor-3.csv,iotsim-building-monitor,946,benign
ood_val:23483,ood_val,fit,benign,processed/iotsim-building-monitor-3.csv,iotsim-building-monitor,947,benign
ood_val:23484,ood_val,fit,benign,processed/iotsim-building-monitor-3.csv,iotsim-building-monitor,948,benign
ood_val:23485,ood_val,fit,benign,processed/iotsim-building-monitor-3.csv,iotsim-building-monitor,949,benign
ood_val:23486,ood_val,fit,benign,processed/iotsim-building-monitor-3.csv,iotsim-building-monitor,950,benign
ood_val:23487,ood_val,fit,benign,processed/iotsim-building-monitor-3.csv,iotsim-building-monitor,951,benign
ood_val:23488,ood_val,fit,benign,processed/iotsim-building-monitor-3.csv,iotsim-building-monitor,952,benign
ood_val:23489,ood_val,fit,benign,processed/iotsim-building-monitor-3.csv,iotsim-building-monitor,953,benign
ood_val:23490,ood_val,fit,benign,processed/iotsim-building-monitor-3.csv,iotsim-building-monitor,954,benign
ood_val:23491,ood_val,fit,benign,processed/iotsim-building-monitor-3.csv,iotsim-building-monitor,955,benign
ood_val:23492,ood_val,fit,benign,processed/iotsim-building-monitor-3.csv,iotsim-building-monitor,956,benign
ood_val:23493,ood_val,fit,benign,processed/iotsim-building-monitor-3.csv,iotsim-building-monitor,957,benign
ood_val:23494,ood_val,fit,benign,processed/iotsim-building-monitor-3.csv,iotsim-building-monitor,958,benign
ood_val:23495,ood_val,fit,benign,processed/iotsim-building-monitor-3.csv,iotsim-building-monitor,959,benign
ood_val:23496,ood_val,fit,benign,processed/iotsim-building-monitor-3.csv,iotsim-building-monitor,960,benign
ood_val:23497,ood_val,fit,benign,processed/iotsim-building-monitor-3.csv,iotsim-building-monitor,961,benign
ood_val:23498,ood_val,fit,benign,processed/iotsim-building-monitor-3.csv,iotsim-building-monitor,962,benign
ood_val:23499,ood_val,fit,benign,processed/iotsim-building-monitor-3.csv,iotsim-building-monitor,963,benign
