split,seed,role,group_field,group_value,rows,raw_alarm_rate,conflict_review_rate,hard_alarm_rate,raw_alarm_count,review_count,hard_count,attack_score_mean,attack_score_p95
main_seed42,42,id_calib,source_group,processed/iotsim-cooler-motor-6.csv,22418,0.0010705682933357123,0.0010705682933357123,0.0,24,24,0,0.0003424347022180233,0.0007629065342628425
main_seed42,42,id_calib,source_group,processed/iotsim-cooler-motor-7.csv,22425,0.0011594202898550724,0.0011594202898550724,0.0,26,26,0,0.0003460384499901234,0.0007629065342628425
main_seed42,42,id_calib,source_group,processed/iotsim-cooler-motor-8.csv,5011,0.001197365795250449,0.001197365795250449,0.0,6,6,0,0.00040778578472054785,0.0006518181248041811
main_seed42,42,id_calib,source_group,processed/iotsim-cooler-motor-9.csv,1643,0.0018259281801582471,0.0018259281801582471,0.0,3,3,0,0.00050382863409641,0.0036901158124691565
main_seed42,42,id_calib,source_family,iotsim-cooler-motor,51497,0.0011456978076392799,0.0011456978076392799,0.0,59,59,0,0.0003555123290367833,0.0007629065342628425
main_seed42,42,id_calib,device_family,iotsim-cooler-motor,51497,0.0011456978076392799,0.0011456978076392799,0.0,59,59,0,0.0003555123290367833,0.0007629065342628425
main_seed42,42,id_calib,time_block,q1,14235,0.0014752370916754477,0.0014752370916754477,0.0,21,21,0,0.0004524471856601746,0.002351262766689931
main_seed42,42,id_calib,time_block,q2,12229,0.0008995011857061084,0.0008995011857061084,0.0,11,11,0,0.00030437536056269923,0.0007629065342628425
main_seed42,42,id_calib,time_block,q3,11772,0.0013591573224600749,0.0013591573224600749,0.0,16,16,0,0.00033164927259210795,0.0007629065342628425
main_seed42,42,id_calib,time_block,q4,13261,0.0008295000377045472,0.0008295000377045472,0.0,11,11,0,0.0003197987481531636,0.0008079091086775766
main_seed42,42,id_calib,attack_label,benign,51497,0.0011456978076392799,0.0011456978076392799,0.0,59,59,0,0.0003555123290367833,0.0007629065342628425
main_seed42,42,id_calib,attack_family,benign,51497,0.0011456978076392799,0.0011456978076392799,0.0,59,59,0,0.0003555123290367833,0.0007629065342628425
main_seed42,42,id_calib,support_seen,unseen,51497,0.0011456978076392799,0.0011456978076392799,0.0,59,59,0,0.0003555123290367833,0.0007629065342628425
main_seed42,42,ood_val,source_group,processed/iotsim-hydraulic-system-12.csv,2446,0.013082583810302535,0.013082583810302535,0.0,32,32,0,0.0013832035224802378,0.002848024010781185
main_seed42,42,ood_val,source_group,processed/iotsim-hydraulic-system-13.csv,2431,0.011517893870835048,0.011517893870835048,0.0,28,28,0,0.001060409078161164,0.0027899799207894045
main_seed42,42,ood_val,source_group,processed/iotsim-hydraulic-system-14.csv,2431,0.009872480460715755,0.009872480460715755,0.0,24,24,0,0.0009235206310838214,0.0028213611213819823
main_seed42,42,ood_val,source_group,processed/iotsim-hydraulic-system-15.csv,2446,0.004497138184791497,0.004497138184791497,0.0,11,11,0,0.001004689169083082,0.0027965574809266907
main_seed42,42,ood_val,source_group,processed/iotsim-hydraulic-system-2.csv,2451,0.0069359445124439,0.0069359445124439,0.0,17,17,0,0.0011665478516705097,0.0028156530228582834
main_seed42,42,ood_val,source_family,iotsim-hydraulic-system,12205,0.009176566980745596,0.009176566980745596,0.0,112,112,0,0.0011079825834643883,0.0028101639285017565
main_seed42,42,ood_val,device_family,iotsim-hydraulic-system,12205,0.009176566980745596,0.009176566980745596,0.0,112,112,0,0.0011079825834643883,0.0028101639285017565
main_seed42,42,ood_val,time_block,q1,3275,0.03206106870229008,0.03206106870229008,0.0,105,105,0,0.002160943661882974,0.007008430880676134
main_seed42,42,ood_val,time_block,q2,3174,0.001575299306868305,0.001575299306868305,0.0,5,5,0,0.0007948796799272671,0.002693601208197072
main_seed42,42,ood_val,time_block,q3,3237,0.00030892801977139327,0.00030892801977139327,0.0,1,1,0,0.0005854195336056417,0.002567875906580217
main_seed42,42,ood_val,time_block,q4,2519,0.0003969829297340214,0.0003969829297340214,0.0,1,1,0,0.0008050360476957177,0.002690876008072098
main_seed42,42,ood_val,attack_label,benign,12205,0.009176566980745596,0.009176566980745596,0.0,112,112,0,0.0011079825834643883,0.0028101639285017565
main_seed42,42,ood_val,attack_family,benign,12205,0.009176566980745596,0.009176566980745596,0.0,112,112,0,0.0011079825834643883,0.0028101639285017565
main_seed42,42,ood_val,support_seen,unseen,12205,0.009176566980745596,0.009176566980745596,0.0,112,112,0,0.0011079825834643883,0.0028101639285017565
main_seed42,42,ood_stress,source_group,processed/iotsim-stream-consumer-2.csv,79950,0.005666041275797374,0.005403377110694184,0.0002626641651031895,453,432,21,0.0006625180196149276,0.0009315709009482169
main_seed42,42,ood_stress,source_family,iotsim-stream-consumer,79950,0.005666041275797374,0.005403377110694184,0.0002626641651031895,453,432,21,0.0006625180196149276,0.0009315709009482169
main_seed42,42,ood_stress,device_family,iotsim-stream-consumer,79950,0.005666041275797374,0.005403377110694184,0.0002626641651031895,453,432,21,0.0006625180196149276,0.0009315709009482169
main_seed42,42,ood_stress,time_block,q1,28717,0.010342305951178745,0.009680676950934986,0.0006616290002437581,297,278,19,0.0012243387383935836,0.0017630064105267813
main_seed42,42,ood_stress,time_block,q2,28769,0.0038930793562515207,0.0038235600820327436,6.951927421877716e-05,112,110,2,0.000410610427318953,0.0003798920026020142
main_seed42,42,ood_stress,time_block,q3,22464,0.001958689458689459,0.001958689458689459,0.0,44,44,0,0.0002669216851062129,0.000271621245581277
main_seed42,42,ood_stress,attack_label,benign,79950,0.005666041275797374,0.005403377110694184,0.0002626641651031895,453,432,21,0.0006625180196149276,0.0009315709009482169
main_seed42,42,ood_stress,attack_family,benign,79950,0.005666041275797374,0.005403377110694184,0.0002626641651031895,453,432,21,0.0006625180196149276,0.0009315709009482169
main_seed42,42,ood_stress,support_seen,unseen,79950,0.005666041275797374,0.005403377110694184,0.0002626641651031895,453,432,21,0.0006625180196149276,0.0009315709009482169
main_seed42,42,support_val,source_group,processed/iotsim-city-power-1.csv,23,1.0,0.0,1.0,23,0,23,0.9986300722483457,0.999507671385526
main_seed42,42,support_val,source_group,processed/iotsim-combined-cycle-10.csv,6,1.0,0.16666666666666666,0.8333333333333334,6,1,5,0.80386026135162,0.99821753944776
main_seed42,42,support_val,source_group,processed/iotsim-ip-camera-museum-1.csv,40,1.0,0.0,1.0,40,0,40,0.9906086724745938,0.9995146063725215
main_seed42,42,support_val,source_family,iotsim-city-power,23,1.0,0.0,1.0,23,0,23,0.9986300722483457,0.999507671385526
main_seed42,42,support_val,source_family,iotsim-combined-cycle,6,1.0,0.16666666666666666,0.8333333333333334,6,1,5,0.80386026135162,0.99821753944776
main_seed42,42,support_val,source_family,iotsim-ip-camera-museum,40,1.0,0.0,1.0,40,0,40,0.9906086724745938,0.9995146063725215
main_seed42,42,support_val,device_family,city-power,23,1.0,0.0,1.0,23,0,23,0.9986300722483457,0.999507671385526
main_seed42,42,support_val,device_family,combined-cycle,6,1.0,0.16666666666666666,0.8333333333333334,6,1,5,0.80386026135162,0.99821753944776
main_seed42,42,support_val,device_family,ip-camera-museum,40,1.0,0.0,1.0,40,0,40,0.9906086724745938,0.9995146063725215
main_seed42,42,support_val,time_block,q1,17,1.0,0.0,1.0,17,0,17,0.9983954781765282,0.9995032696754405
main_seed42,42,support_val,time_block,q2,19,1.0,0.05263157894736842,0.9473684210526315,19,1,18,0.9370977958797443,0.9994563224990891
main_seed42,42,support_val,time_block,q3,13,1.0,0.0,1.0,13,0,13,0.9993938224950543,0.9995104453803242
main_seed42,42,support_val,time_block,q4,20,1.0,0.0,1.0,20,0,20,0.98231495928268,0.9995146063725215
main_seed42,42,support_val,attack_label,File Download,3,1.0,0.3333333333333333,0.6666666666666666,3,1,2,0.6105016577400538,0.9568148896322727
main_seed42,42,support_val,attack_label,Ingress Tool Transfer,3,1.0,0.0,1.0,3,0,3,0.9972188649631858,0.9980561662151943
main_seed42,42,support_val,attack_label,Merlin C&C Communication,5,1.0,0.0,1.0,5,0,5,0.9981892997279553,0.9990090137328015
main_seed42,42,support_val,attack_label,Merlin ICMP Flooding,8,1.0,0.0,1.0,8,0,8,0.998163035529831,0.9995032696754405
main_seed42,42,support_val,attack_label,Merlin TCP Flooding,11,1.0,0.0,1.0,11,0,11,0.9985315858512752,0.9994563224990891
main_seed42,42,support_val,attack_label,Merlin UDP Flooding,6,1.0,0.0,1.0,6,0,6,0.9990535758939917,0.9993108323598179
main_seed42,42,support_val,attack_label,Mirai C&C Communication,2,1.0,0.0,1.0,2,0,2,0.8275924068065297,0.9377923988683537
main_seed42,42,support_val,attack_label,Mirai GRE Flooding,10,1.0,0.0,1.0,10,0,10,0.999484236811312,0.9995146063725215
main_seed42,42,support_val,attack_label,Mirai TCP Flooding,10,1.0,0.0,1.0,10,0,10,0.9993807311122336,0.9995146063725215
main_seed42,42,support_val,attack_label,Mirai UDP Flooding,11,1.0,0.0,1.0,11,0,11,0.9995076713855261,0.999507671385526
main_seed42,42,support_val,attack_family,File Download,3,1.0,0.3333333333333333,0.6666666666666666,3,1,2,0.6105016577400538,0.9568148896322727
main_seed42,42,support_val,attack_family,Ingress Tool,3,1.0,0.0,1.0,3,0,3,0.9972188649631858,0.9980561662151943
main_seed42,42,support_val,attack_family,Merlin C&C,5,1.0,0.0,1.0,5,0,5,0.9981892997279553,0.9990090137328015
main_seed42,42,support_val,attack_family,Merlin ICMP,8,1.0,0.0,1.0,8,0,8,0.998163035529831,0.9995032696754405
main_seed42,42,support_val,attack_family,Merlin TCP,11,1.0,0.0,1.0,11,0,11,0.9985315858512752,0.9994563224990891
main_seed42,42,support_val,attack_family,Merlin UDP,6,1.0,0.0,1.0,6,0,6,0.9990535758939917,0.9993108323598179
main_seed42,42,support_val,attack_family,Mirai C&C,2,1.0,0.0,1.0,2,0,2,0.8275924068065297,0.9377923988683537
main_seed42,42,support_val,attack_family,Mirai GRE,10,1.0,0.0,1.0,10,0,10,0.999484236811312,0.9995146063725215
main_seed42,42,support_val,attack_family,Mirai TCP,10,1.0,0.0,1.0,10,0,10,0.9993807311122336,0.9995146063725215
main_seed42,42,support_val,attack_family,Mirai UDP,11,1.0,0.0,1.0,11,0,11,0.9995076713855261,0.999507671385526
main_seed42,42,support_val,support_seen,seen,69,1.0,0.014492753623188406,0.9855072463768116,69,1,68,0.977043480127615,0.9995146063725215
main_seed42,42,same_file_query,source_group,processed/iotsim-combined-cycle-10.csv,2486,1.0,0.0,1.0,2486,0,2486,0.8788948534970191,0.9902553656744293
main_seed42,42,same_file_query,source_group,processed/iotsim-ip-camera-museum-1.csv,65263,1.0,0.0018080688904892513,0.9981919311095108,65263,118,65145,0.9914239432151348,0.9995146063725215
main_seed42,42,same_file_query,source_family,iotsim-combined-cycle,2486,1.0,0.0,1.0,2486,0,2486,0.8788948534970191,0.9902553656744293
main_seed42,42,same_file_query,source_family,iotsim-ip-camera-museum,65263,1.0,0.0018080688904892513,0.9981919311095108,65263,118,65145,0.9914239432151348,0.9995146063725215
main_seed42,42,same_file_query,device_family,combined-cycle,2486,1.0,0.0,1.0,2486,0,2486,0.8788948534970191,0.9902553656744293
main_seed42,42,same_file_query,device_family,ip-camera-museum,65263,1.0,0.0018080688904892513,0.9981919311095108,65263,118,65145,0.9914239432151348,0.9995146063725215
main_seed42,42,same_file_query,time_block,q1,19977,1.0,0.0037042598988837163,0.9962957401011163,19977,74,19903,0.9797494929009222,0.9995032696754405
main_seed42,42,same_file_query,time_block,q2,11666,1.0,0.00017143836790673754,0.9998285616320932,11666,2,11664,0.9654342416599542,0.9984591025484015
main_seed42,42,same_file_query,time_block,q3,4686,1.0,0.0,1.0,4686,0,4686,0.9995076713855261,0.999507671385526
main_seed42,42,same_file_query,time_block,q4,31420,1.0,0.001336728198599618,0.9986632718014004,31420,42,31378,0.9983873004724255,0.9995146063725215
main_seed42,42,same_file_query,attack_label,File Download,105,1.0,0.0,1.0,105,0,105,0.8995963025556171,0.9522998752895931
main_seed42,42,same_file_query,attack_label,Ingress Tool Transfer,2381,1.0,0.0,1.0,2381,0,2381,0.8779819378518482,0.9902553656744293
main_seed42,42,same_file_query,attack_label,Merlin C&C Communication,6827,1.0,0.01098579170938919,0.9890142082906108,6827,75,6752,0.9300520283524639,0.9985957109723941
main_seed42,42,same_file_query,attack_label,Merlin ICMP Flooding,7038,1.0,0.0,1.0,7038,0,7038,0.999477044618959,0.9995032696754405
main_seed42,42,same_file_query,attack_label,Merlin TCP Flooding,12000,1.0,8.333333333333333e-05,0.9999166666666667,12000,1,11999,0.998195818023637,0.9991908942387142
main_seed42,42,same_file_query,attack_label,Merlin UDP Flooding,3292,1.0,0.0,1.0,3292,0,3292,0.9988288041370018,0.9989697782858877
main_seed42,42,same_file_query,attack_label,Mirai C&C Communication,106,1.0,0.39622641509433965,0.6037735849056604,106,42,64,0.6728049248578832,0.9824505909349266
main_seed42,42,same_file_query,attack_label,Mirai GRE Flooding,12000,1.0,0.0,1.0,12000,0,12000,0.9995146063725214,0.9995146063725215
main_seed42,42,same_file_query,attack_label,Mirai TCP Flooding,12000,1.0,0.0,1.0,12000,0,12000,0.9994531061520565,0.9995146063725215
main_seed42,42,same_file_query,attack_label,Mirai UDP Flooding,12000,1.0,0.0,1.0,12000,0,12000,0.999507671385526,0.999507671385526
main_seed42,42,same_file_query,attack_family,File Download,105,1.0,0.0,1.0,105,0,105,0.8995963025556171,0.9522998752895931
main_seed42,42,same_file_query,attack_family,Ingress Tool,2381,1.0,0.0,1.0,2381,0,2381,0.8779819378518482,0.9902553656744293
main_seed42,42,same_file_query,attack_family,Merlin C&C,6827,1.0,0.01098579170938919,0.9890142082906108,6827,75,6752,0.9300520283524639,0.9985957109723941
main_seed42,42,same_file_query,attack_family,Merlin ICMP,7038,1.0,0.0,1.0,7038,0,7038,0.999477044618959,0.9995032696754405
main_seed42,42,same_file_query,attack_family,Merlin TCP,12000,1.0,8.333333333333333e-05,0.9999166666666667,12000,1,11999,0.998195818023637,0.9991908942387142
main_seed42,42,same_file_query,attack_family,Merlin UDP,3292,1.0,0.0,1.0,3292,0,3292,0.9988288041370018,0.9989697782858877
main_seed42,42,same_file_query,attack_family,Mirai C&C,106,1.0,0.39622641509433965,0.6037735849056604,106,42,64,0.6728049248578832,0.9824505909349266
main_seed42,42,same_file_query,attack_family,Mirai GRE,12000,1.0,0.0,1.0,12000,0,12000,0.9995146063725214,0.9995146063725215
main_seed42,42,same_file_query,attack_family,Mirai TCP,12000,1.0,0.0,1.0,12000,0,12000,0.9994531061520565,0.9995146063725215
main_seed42,42,same_file_query,attack_family,Mirai UDP,12000,1.0,0.0,1.0,12000,0,12000,0.999507671385526,0.999507671385526
main_seed42,42,same_file_query,support_seen,seen,67749,1.0,0.0017417231250645767,0.9982582768749354,67749,118,67631,0.9872947705773211,0.9995146063725215
main_seed42,42,future_query,source_group,processed/iotsim-combined-cycle-1.csv,88575,0.9980468529494778,0.008806096528365791,0.9892407564211121,88402,780,87622,0.9048887625618843,0.9995146063725215
main_seed42,42,future_query,source_group,processed/iotsim-combined-cycle-10.csv,24154,0.997888548480583,0.010101846485054236,0.9877867019955286,24103,244,23859,0.7065272244387544,0.9971345713568849
main_seed42,42,future_query,source_group,processed/iotsim-domotic-monitor-1.csv,91812,0.9994336252341742,0.0041388925194963625,0.9952947327146778,91760,380,91380,0.9208421561458306,0.999507671385526
main_seed42,42,future_query,source_group,processed/iotsim-ip-camera-museum-1.csv,24108,1.0,8.296001327360213e-05,0.9999170399867264,24108,2,24106,0.9928226221373254,0.997771132370773
main_seed42,42,future_query,source_family,iotsim-combined-cycle,112729,0.9980129336727905,0.009083731781529153,0.9889292018912613,112505,1024,111481,0.8623866150060108,0.9995146063725215
main_seed42,42,future_query,source_family,iotsim-domotic-monitor,91812,0.9994336252341742,0.0041388925194963625,0.9952947327146778,91760,380,91380,0.9208421561458306,0.999507671385526
main_seed42,42,future_query,source_family,iotsim-ip-camera-museum,24108,1.0,8.296001327360213e-05,0.9999170399867264,24108,2,24106,0.9928226221373254,0.997771132370773
main_seed42,42,future_query,device_family,combined-cycle,112729,0.9980129336727905,0.009083731781529153,0.9889292018912613,112505,1024,111481,0.8623866150060108,0.9995146063725215
main_seed42,42,future_query,device_family,domotic-monitor,91812,0.9994336252341742,0.0041388925194963625,0.9952947327146778,91760,380,91380,0.9208421561458306,0.999507671385526
main_seed42,42,future_query,device_family,ip-camera-museum,24108,1.0,8.296001327360213e-05,0.9999170399867264,24108,2,24106,0.9928226221373254,0.997771132370773
main_seed42,42,future_query,time_block,q1,62514,1.0,0.007774258566081198,0.9922257414339188,62514,486,62028,0.9211286254057464,0.9991252335368022
main_seed42,42,future_query,time_block,q2,48836,0.9994880825620444,0.012531738881153248,0.9869563436808911,48811,612,48199,0.8316024865103486,0.997771132370773
main_seed42,42,future_query,time_block,q3,46976,0.9983395776566758,0.004044618528610354,0.9942949591280654,46898,190,46708,0.8593057154658508,0.9981130947821745
main_seed42,42,future_query,time_block,q4,70323,0.9975399229270651,0.001677971645123217,0.9958619512819419,70150,118,70032,0.9546377334300616,0.9995146063725215
main_seed42,42,future_query,attack_label,C&C Communication,172,0.75,0.36046511627906974,0.38953488372093026,129,62,67,0.33106046729546856,0.9825886194944994
main_seed42,42,future_query,attack_label,CoAP Amplification,12000,1.0,0.0,1.0,12000,0,12000,0.7701650761506458,0.9776879867765992
main_seed42,42,future_query,attack_label,File Download,1187,1.0,0.0016849199663016006,0.9983150800336984,1187,2,1185,0.9824774788862968,0.9987039050283189
main_seed42,42,future_query,attack_label,Ingress Tool Transfer,3786,1.0,0.005546751188589541,0.9944532488114105,3786,21,3765,0.9814928283345439,0.995507976324867
main_seed42,42,future_query,attack_label,Merlin C&C Communication,9933,1.0,0.02466525722339676,0.9753347427766033,9933,245,9688,0.912629233422765,0.993246894442084
main_seed42,42,future_query,attack_label,Merlin ICMP Flooding,18835,1.0,0.0,1.0,18835,0,18835,0.9984230529924041,0.9994955729730842
main_seed42,42,future_query,attack_label,Merlin TCP Flooding,24000,1.0,0.0,1.0,24000,0,24000,0.9958497729012308,0.9985402483329834
main_seed42,42,future_query,attack_label,Merlin UDP Flooding,10000,1.0,0.0,1.0,10000,0,10000,0.9989784180424729,0.9990017220847772
main_seed42,42,future_query,attack_label,Mirai C&C Communication,358,0.5167597765363129,0.329608938547486,0.1871508379888268,185,118,67,0.19123209505540786,0.8216738441961527
main_seed42,42,future_query,attack_label,Mirai GRE Flooding,24000,1.0,0.0,1.0,24000,0,24000,0.9994387078467365,0.9994395194661695
main_seed42,42,future_query,attack_label,Mirai TCP Flooding,24000,1.0,0.0,1.0,24000,0,24000,0.99944712622984,0.9995146063725215
main_seed42,42,future_query,attack_label,Mirai UDP Flooding,24000,1.0,0.0,1.0,24000,0,24000,0.8802075586691886,0.999507671385526
main_seed42,42,future_query,attack_label,Reporting,136,0.8014705882352942,0.11764705882352941,0.6838235294117647,109,16,93,0.5680767348156738,0.984201680648447
main_seed42,42,future_query,attack_label,TCP Scan,36000,0.9990833333333333,0.011361111111111112,0.9877222222222222,35967,409,35558,0.7986454779431224,0.9976767788193371
main_seed42,42,future_query,attack_label,Telnet Brute Force,36000,1.0,0.0032222222222222222,0.9967777777777778,36000,116,35884,0.8077773158440119,0.9977371488467793
main_seed42,42,future_query,attack_label,UDP Scan,4242,1.0,0.0983026874115983,0.9016973125884017,4242,417,3825,0.6314115914452044,0.9693368074215639
main_seed42,42,future_query,attack_family,C&C Communication,172,0.75,0.36046511627906974,0.38953488372093026,129,62,67,0.33106046729546856,0.9825886194944994
main_seed42,42,future_query,attack_family,CoAP Amplification,12000,1.0,0.0,1.0,12000,0,12000,0.7701650761506458,0.9776879867765992
main_seed42,42,future_query,attack_family,File Download,1187,1.0,0.0016849199663016006,0.9983150800336984,1187,2,1185,0.9824774788862968,0.9987039050283189
main_seed42,42,future_query,attack_family,Ingress Tool,3786,1.0,0.005546751188589541,0.9944532488114105,3786,21,3765,0.9814928283345439,0.995507976324867
main_seed42,42,future_query,attack_family,Merlin C&C,9933,1.0,0.02466525722339676,0.9753347427766033,9933,245,9688,0.912629233422765,0.993246894442084
main_seed42,42,future_query,attack_family,Merlin ICMP,18835,1.0,0.0,1.0,18835,0,18835,0.9984230529924041,0.9994955729730842
main_seed42,42,future_query,attack_family,Merlin TCP,24000,1.0,0.0,1.0,24000,0,24000,0.9958497729012308,0.9985402483329834
main_seed42,42,future_query,attack_family,Merlin UDP,10000,1.0,0.0,1.0,10000,0,10000,0.9989784180424729,0.9990017220847772
main_seed42,42,future_query,attack_family,Mirai C&C,358,0.5167597765363129,0.329608938547486,0.1871508379888268,185,118,67,0.19123209505540786,0.8216738441961527
main_seed42,42,future_query,attack_family,Mirai GRE,24000,1.0,0.0,1.0,24000,0,24000,0.9994387078467365,0.9994395194661695
main_seed42,42,future_query,attack_family,Mirai TCP,24000,1.0,0.0,1.0,24000,0,24000,0.99944712622984,0.9995146063725215
main_seed42,42,future_query,attack_family,Mirai UDP,24000,1.0,0.0,1.0,24000,0,24000,0.8802075586691886,0.999507671385526
main_seed42,42,future_query,attack_family,Reporting,136,0.8014705882352942,0.11764705882352941,0.6838235294117647,109,16,93,0.5680767348156738,0.984201680648447
main_seed42,42,future_query,attack_family,TCP Scan,36000,0.9990833333333333,0.011361111111111112,0.9877222222222222,35967,409,35558,0.7986454779431224,0.9976767788193371
main_seed42,42,future_query,attack_family,Telnet Brute,36000,1.0,0.0032222222222222222,0.9967777777777778,36000,116,35884,0.8077773158440119,0.9977371488467793
main_seed42,42,future_query,attack_family,UDP Scan,4242,1.0,0.0983026874115983,0.9016973125884017,4242,417,3825,0.6314115914452044,0.9693368074215639
main_seed42,42,future_query,support_seen,seen,140099,0.9987651589233328,0.002755194541003148,0.9960099643823297,139926,386,139540,0.9693820672538374,0.9995146063725215
main_seed42,42,future_query,support_seen,unseen,88550,0.9988368153585545,0.011518915866741954,0.9873178994918126,88447,1020,87427,0.7892247351481071,0.9977371488467793
main_seed42,42,sealed_final_ood,source_group,processed/iotsim-ip-camera-museum-2.csv,54950,0.021910828025477707,0.019326660600545952,0.002584167424931756,1204,1062,142,0.0038127760797502836,0.00387249928986902
main_seed42,42,sealed_final_ood,source_group,processed/iotsim-ip-camera-street-2.csv,99950,0.05042521260630315,0.04676338169084542,0.0036618309154577288,5040,4674,366,0.006633086889657149,0.011001228604174282
main_seed42,42,sealed_final_ood,source_family,iotsim-ip-camera-museum,54950,0.021910828025477707,0.019326660600545952,0.002584167424931756,1204,1062,142,0.0038127760797502836,0.00387249928986902
main_seed42,42,sealed_final_ood,source_family,iotsim-ip-camera-street,99950,0.05042521260630315,0.04676338169084542,0.0036618309154577288,5040,4674,366,0.006633086889657149,0.011001228604174282
main_seed42,42,sealed_final_ood,device_family,iotsim-ip-camera-museum,54950,0.021910828025477707,0.019326660600545952,0.002584167424931756,1204,1062,142,0.0038127760797502836,0.00387249928986902
main_seed42,42,sealed_final_ood,device_family,iotsim-ip-camera-street,99950,0.05042521260630315,0.04676338169084542,0.0036618309154577288,5040,4674,366,0.006633086889657149,0.011001228604174282
main_seed42,42,sealed_final_ood,time_block,q1,38725,0.07573918657198192,0.0666494512588767,0.009089735313105229,2933,2581,352,0.012118706116913085,0.015325704606832384
main_seed42,42,sealed_final_ood,time_block,q2,38725,0.026417043253712073,0.024247901872175598,0.002169141381536475,1023,939,84,0.004012875349508609,0.00552439826769258
main_seed42,42,sealed_final_ood,time_block,q3,38725,0.03026468689477082,0.02907682375726275,0.0011878631375080698,1172,1126,46,0.003468437303477112,0.00731934879183686
main_seed42,42,sealed_final_ood,time_block,q4,38725,0.02881859264041317,0.028147191736604262,0.000671400903808909,1116,1090,26,0.002930364192102749,0.007718375110601358
main_seed42,42,sealed_final_ood,attack_label,benign,154900,0.0403098773402195,0.03703034215622983,0.003279535183989671,6244,5736,508,0.005632595740500388,0.00917903399886993
main_seed42,42,sealed_final_ood,attack_family,benign,154900,0.0403098773402195,0.03703034215622983,0.003279535183989671,6244,5736,508,0.005632595740500388,0.00917903399886993
main_seed42,42,sealed_final_ood,support_seen,unseen,154900,0.0403098773402195,0.03703034215622983,0.003279535183989671,6244,5736,508,0.005632595740500388,0.00917903399886993
main_seed42,42,sealed_final_attack,source_group,processed/iotsim-ip-camera-street-1.csv,110104,0.9983651820097362,0.006185061396497857,0.9921801206132383,109924,681,109243,0.9702413288825302,0.9995032696754405
main_seed42,42,sealed_final_attack,source_family,iotsim-ip-camera-street,110104,0.9983651820097362,0.006185061396497857,0.9921801206132383,109924,681,109243,0.9702413288825302,0.9995032696754405
main_seed42,42,sealed_final_attack,device_family,ip-camera-street,110104,0.9983651820097362,0.006185061396497857,0.9921801206132383,109924,681,109243,0.9702413288825302,0.9995032696754405
main_seed42,42,sealed_final_attack,time_block,q1,27526,0.9999636707113275,0.0015258301242461673,0.9984378405870813,27525,42,27483,0.9934515344988596,0.9995032696754405
main_seed42,42,sealed_final_attack,time_block,q2,27526,0.9948775702971736,0.022487829688294703,0.9723897406088788,27385,619,26766,0.897256102638237,0.9990190753588488
main_seed42,42,sealed_final_attack,time_block,q3,27526,0.9986194870304439,0.0006539271961055002,0.9979655598343384,27488,18,27470,0.9909599698575798,0.9994611400010838
main_seed42,42,sealed_final_attack,time_block,q4,27526,1.0,7.265857734505559e-05,0.9999273414226549,27526,2,27524,0.9992977085354444,0.9995146063725215
main_seed42,42,sealed_final_attack,attack_label,C&C Communication,90,0.7222222222222222,0.16666666666666666,0.5555555555555556,65,15,50,0.5109131007580816,0.9949572367591586
main_seed42,42,sealed_final_attack,attack_label,File Download,1231,1.0,0.002437043054427295,0.9975629569455727,1231,3,1228,0.9967537310820623,0.9990877696593229
main_seed42,42,sealed_final_attack,attack_label,Ingress Tool Transfer,3702,1.0,0.0005402485143165856,0.9994597514856834,3702,2,3700,0.9935170717745208,0.9981351202878197
main_seed42,42,sealed_final_attack,attack_label,Merlin ICMP Flooding,10011,1.0,0.0012985715712716013,0.9987014284287284,10011,13,9998,0.9979570261622518,0.9995032696754405
main_seed42,42,sealed_final_attack,attack_label,Merlin TCP Flooding,15000,1.0,0.0018666666666666666,0.9981333333333333,15000,28,14972,0.9918779992295162,0.9994563224990891
main_seed42,42,sealed_final_attack,attack_label,Merlin UDP Flooding,4996,0.9997998398718975,0.00020016012810248197,0.999599679743795,4995,1,4994,0.9913633529997349,0.9926582995729516
main_seed42,42,sealed_final_attack,attack_label,Mirai GRE Flooding,15000,1.0,0.00013333333333333334,0.9998666666666667,15000,2,14998,0.9992632907728565,0.9993830174908616
main_seed42,42,sealed_final_attack,attack_label,Mirai TCP Flooding,15000,1.0,0.0,1.0,15000,0,15000,0.995794418405495,0.9995146063725215
main_seed42,42,sealed_final_attack,attack_label,Mirai UDP Flooding,15000,0.9996,0.0,0.9996,14994,0,14994,0.9947940827905418,0.9951955508823088
main_seed42,42,sealed_final_attack,attack_label,Reporting,74,0.6891891891891891,0.05405405405405406,0.6351351351351351,51,4,47,0.49955456951840627,0.9973950851907694
main_seed42,42,sealed_final_attack,attack_label,TCP Scan,15000,0.9922,0.035333333333333335,0.9568666666666666,14883,530,14353,0.8241883837202632,0.999226184315695
main_seed42,42,sealed_final_attack,attack_label,Telnet Brute Force,15000,0.9994666666666666,0.005533333333333334,0.9939333333333333,14992,83,14909,0.9871550860747432,0.9980664170895576
main_seed42,42,sealed_final_attack,attack_family,C&C Communication,90,0.7222222222222222,0.16666666666666666,0.5555555555555556,65,15,50,0.5109131007580816,0.9949572367591586
main_seed42,42,sealed_final_attack,attack_family,File Download,1231,1.0,0.002437043054427295,0.9975629569455727,1231,3,1228,0.9967537310820623,0.9990877696593229
main_seed42,42,sealed_final_attack,attack_family,Ingress Tool,3702,1.0,0.0005402485143165856,0.9994597514856834,3702,2,3700,0.9935170717745208,0.9981351202878197
main_seed42,42,sealed_final_attack,attack_family,Merlin ICMP,10011,1.0,0.0012985715712716013,0.9987014284287284,10011,13,9998,0.9979570261622518,0.9995032696754405
main_seed42,42,sealed_final_attack,attack_family,Merlin TCP,15000,1.0,0.0018666666666666666,0.9981333333333333,15000,28,14972,0.9918779992295162,0.9994563224990891
main_seed42,42,sealed_final_attack,attack_family,Merlin UDP,4996,0.9997998398718975,0.00020016012810248197,0.999599679743795,4995,1,4994,0.9913633529997349,0.9926582995729516
main_seed42,42,sealed_final_attack,attack_family,Mirai GRE,15000,1.0,0.00013333333333333334,0.9998666666666667,15000,2,14998,0.9992632907728565,0.9993830174908616
main_seed42,42,sealed_final_attack,attack_family,Mirai TCP,15000,1.0,0.0,1.0,15000,0,15000,0.995794418405495,0.9995146063725215
main_seed42,42,sealed_final_attack,attack_family,Mirai UDP,15000,0.9996,0.0,0.9996,14994,0,14994,0.9947940827905418,0.9951955508823088
main_seed42,42,sealed_final_attack,attack_family,Reporting,74,0.6891891891891891,0.05405405405405406,0.6351351351351351,51,4,47,0.49955456951840627,0.9973950851907694
main_seed42,42,sealed_final_attack,attack_family,TCP Scan,15000,0.9922,0.035333333333333335,0.9568666666666666,14883,530,14353,0.8241883837202632,0.999226184315695
main_seed42,42,sealed_final_attack,attack_family,Telnet Brute,15000,0.9994666666666666,0.005533333333333334,0.9939333333333333,14992,83,14909,0.9871550860747432,0.9980664170895576
main_seed42,42,sealed_final_attack,support_seen,seen,79940,0.9999124343257443,0.0006129597197898424,0.9992994746059545,79933,49,79884,0.9954259445977535,0.9995032696754405
main_seed42,42,sealed_final_attack,support_seen,unseen,30164,0.9942646863811165,0.020952128364938337,0.9733125580161782,29991,632,29359,0.9034975886532849,0.998457113717297
main_seed42,42,id_calib,source_group,processed/iotsim-cooler-motor-6.csv,22418,4.460701222232135e-05,0.0,4.460701222232135e-05,1,0,1,0.010944176894460601,0.026350632682442657
main_seed42,42,id_calib,source_group,processed/iotsim-cooler-motor-7.csv,22425,0.00013377926421404682,0.0,0.00013377926421404682,3,0,3,0.011400146744727288,0.025465290620922974
main_seed42,42,id_calib,source_group,processed/iotsim-cooler-motor-8.csv,5011,0.00019956096587507485,0.0,0.00019956096587507485,1,0,1,0.016443663318203926,0.03343023359775543
main_seed42,42,id_calib,source_group,processed/iotsim-cooler-motor-9.csv,1643,0.0006086427267194157,0.0,0.0006086427267194157,1,0,1,0.020666948719125694,0.04532499983906739
main_seed42,42,id_calib,source_family,iotsim-cooler-motor,51497,0.00011651164145484203,0.0,0.00011651164145484203,6,0,6,0.011988073907287233,0.026788018643856028
main_seed42,42,id_calib,device_family,iotsim-cooler-motor,51497,0.00011651164145484203,0.0,0.00011651164145484203,6,0,6,0.011988073907287233,0.026788018643856028
main_seed42,42,id_calib,time_block,q1,14235,0.0002809975412715139,0.0,0.0002809975412715139,4,0,4,0.01659155005878992,0.03705374561250199
main_seed42,42,id_calib,time_block,q2,12229,0.00016354567012838336,0.0,0.00016354567012838336,2,0,2,0.00948887375521134,0.022337193787097934
main_seed42,42,id_calib,time_block,q3,11772,0.0,0.0,0.0,0,0,0,0.010241454229419519,0.021201148536056258
main_seed42,42,id_calib,time_block,q4,13261,0.0,0.0,0.0,0,0,0,0.010901688453019389,0.025464219972491264
main_seed42,42,id_calib,attack_label,benign,51497,0.00011651164145484203,0.0,0.00011651164145484203,6,0,6,0.011988073907287233,0.026788018643856028
main_seed42,42,id_calib,attack_family,benign,51497,0.00011651164145484203,0.0,0.00011651164145484203,6,0,6,0.011988073907287233,0.026788018643856028
main_seed42,42,id_calib,support_seen,unseen,51497,0.00011651164145484203,0.0,0.00011651164145484203,6,0,6,0.011988073907287233,0.026788018643856028
main_seed42,42,ood_val,source_group,processed/iotsim-hydraulic-system-12.csv,2446,0.009811937857726901,0.0,0.009811937857726901,24,0,24,0.013972867216883574,0.0031147453701123595
main_seed42,42,ood_val,source_group,processed/iotsim-hydraulic-system-13.csv,2431,0.009872480460715755,0.0,0.009872480460715755,24,0,24,0.01306000792912536,0.002732572960667312
main_seed42,42,ood_val,source_group,processed/iotsim-hydraulic-system-14.csv,2431,0.009872480460715755,0.0,0.009872480460715755,24,0,24,0.012815713019198281,0.0024061689618974924
main_seed42,42,ood_val,source_group,processed/iotsim-hydraulic-system-15.csv,2446,0.009811937857726901,0.0,0.009811937857726901,24,0,24,0.013190067716279293,0.002286552102304995
main_seed42,42,ood_val,source_group,processed/iotsim-hydraulic-system-2.csv,2451,0.009791921664626682,0.0,0.009791921664626682,24,0,24,0.01417644626884687,0.003103732829913497
main_seed42,42,ood_val,source_family,iotsim-hydraulic-system,12205,0.009832036050798854,0.0,0.009832036050798854,120,0,120,0.013444562579011457,0.002993269357830286
main_seed42,42,ood_val,device_family,iotsim-hydraulic-system,12205,0.009832036050798854,0.0,0.009832036050798854,120,0,120,0.013444562579011457,0.002993269357830286
main_seed42,42,ood_val,time_block,q1,3275,0.03358778625954199,0.0,0.03358778625954199,110,0,110,0.045932910999079465,0.21512814462184154
main_seed42,42,ood_val,time_block,q2,3174,0.00315059861373661,0.0,0.00315059861373661,10,0,10,0.004031656645819896,0.0009827885602135187
main_seed42,42,ood_val,time_block,q3,3237,0.0,0.0,0.0,0,0,0,0.000128246130941114,0.0007634030538611114
main_seed42,42,ood_val,time_block,q4,2519,0.0,0.0,0.0,0,0,0,0.00017824209414880098,0.0012334114871919155
main_seed42,42,ood_val,attack_label,benign,12205,0.009832036050798854,0.0,0.009832036050798854,120,0,120,0.013444562579011457,0.002993269357830286
main_seed42,42,ood_val,attack_family,benign,12205,0.009832036050798854,0.0,0.009832036050798854,120,0,120,0.013444562579011457,0.002993269357830286
main_seed42,42,ood_val,support_seen,unseen,12205,0.009832036050798854,0.0,0.009832036050798854,120,0,120,0.013444562579011457,0.002993269357830286
main_seed42,42,ood_stress,source_group,processed/iotsim-stream-consumer-2.csv,79950,0.007217010631644778,0.0,0.007217010631644778,577,0,577,0.008040902859927168,0.0002089405810693282
main_seed42,42,ood_stress,source_family,iotsim-stream-consumer,79950,0.007217010631644778,0.0,0.007217010631644778,577,0,577,0.008040902859927168,0.0002089405810693282
main_seed42,42,ood_stress,device_family,iotsim-stream-consumer,79950,0.007217010631644778,0.0,0.007217010631644778,577,0,577,0.008040902859927168,0.0002089405810693282
main_seed42,42,ood_stress,time_block,q1,28717,0.007208273844760943,0.0,0.007208273844760943,207,0,207,0.008571054654449685,0.0002394072071183469
main_seed42,42,ood_stress,time_block,q2,28769,0.007264764155862213,0.0,0.007264764155862213,209,0,209,0.007869383389882065,0.00018416875100228859
main_seed42,42,ood_stress,time_block,q3,22464,0.007167022792022792,0.0,0.007167022792022792,161,0,161,0.007582839939272985,0.000198230929527198
main_seed42,42,ood_stress,attack_label,benign,79950,0.007217010631644778,0.0,0.007217010631644778,577,0,577,0.008040902859927168,0.0002089405810693282
main_seed42,42,ood_stress,attack_family,benign,79950,0.007217010631644778,0.0,0.007217010631644778,577,0,577,0.008040902859927168,0.0002089405810693282
main_seed42,42,ood_stress,support_seen,unseen,79950,0.007217010631644778,0.0,0.007217010631644778,577,0,577,0.008040902859927168,0.0002089405810693282
main_seed42,42,support_val,source_group,processed/iotsim-city-power-1.csv,23,0.9565217391304348,0.0,0.9565217391304348,22,0,22,0.9946113669353983,1.0
main_seed42,42,support_val,source_group,processed/iotsim-combined-cycle-10.csv,6,1.0,0.0,1.0,6,0,6,0.999944140513738,1.0
main_seed42,42,support_val,source_group,processed/iotsim-ip-camera-museum-1.csv,40,0.975,0.0,0.975,39,0,39,0.98413195759058,1.0
main_seed42,42,support_val,source_family,iotsim-city-power,23,0.9565217391304348,0.0,0.9565217391304348,22,0,22,0.9946113669353983,1.0
main_seed42,42,support_val,source_family,iotsim-combined-cycle,6,1.0,0.0,1.0,6,0,6,0.999944140513738,1.0
main_seed42,42,support_val,source_family,iotsim-ip-camera-museum,40,0.975,0.0,0.975,39,0,39,0.98413195759058,1.0
main_seed42,42,support_val,device_family,city-power,23,0.9565217391304348,0.0,0.9565217391304348,22,0,22,0.9946113669353983,1.0
main_seed42,42,support_val,device_family,combined-cycle,6,1.0,0.0,1.0,6,0,6,0.999944140513738,1.0
main_seed42,42,support_val,device_family,ip-camera-museum,40,0.975,0.0,0.975,39,0,39,0.98413195759058,1.0
main_seed42,42,support_val,time_block,q1,17,0.9411764705882353,0.0,0.9411764705882353,16,0,16,0.9925003016696257,1.0
main_seed42,42,support_val,time_block,q2,19,1.0,0.0,1.0,19,0,19,0.9999651187344601,1.0
main_seed42,42,support_val,time_block,q3,13,1.0,0.0,1.0,13,0,13,0.9999968547087449,1.0
main_seed42,42,support_val,time_block,q4,20,0.95,0.0,0.95,19,0,19,0.9684601545333862,1.0
main_seed42,42,support_val,attack_label,File Download,3,1.0,0.0,1.0,3,0,3,1.0,1.0
main_seed42,42,support_val,attack_label,Ingress Tool Transfer,3,1.0,0.0,1.0,3,0,3,0.999888281027476,0.9999952912330627
main_seed42,42,support_val,attack_label,Merlin C&C Communication,5,1.0,0.0,1.0,5,0,5,1.0,1.0
main_seed42,42,support_val,attack_label,Merlin ICMP Flooding,8,0.875,0.0,0.875,7,0,7,0.9840661659836769,1.0
main_seed42,42,support_val,attack_label,Merlin TCP Flooding,11,1.0,0.0,1.0,11,0,11,0.9999702193520286,1.0
main_seed42,42,support_val,attack_label,Merlin UDP Flooding,6,1.0,0.0,1.0,6,0,6,0.9999959667523702,1.0
main_seed42,42,support_val,attack_label,Mirai C&C Communication,2,0.5,0.0,0.5,1,0,1,0.6846047043800354,0.9684604704380035
main_seed42,42,support_val,attack_label,Mirai GRE Flooding,10,1.0,0.0,1.0,10,0,10,1.0,1.0
main_seed42,42,support_val,attack_label,Mirai TCP Flooding,10,1.0,0.0,1.0,10,0,10,1.0,1.0
main_seed42,42,support_val,attack_label,Mirai UDP Flooding,11,1.0,0.0,1.0,11,0,11,0.9999957084655762,1.0
main_seed42,42,support_val,attack_family,File Download,3,1.0,0.0,1.0,3,0,3,1.0,1.0
main_seed42,42,support_val,attack_family,Ingress Tool,3,1.0,0.0,1.0,3,0,3,0.999888281027476,0.9999952912330627
main_seed42,42,support_val,attack_family,Merlin C&C,5,1.0,0.0,1.0,5,0,5,1.0,1.0
main_seed42,42,support_val,attack_family,Merlin ICMP,8,0.875,0.0,0.875,7,0,7,0.9840661659836769,1.0
main_seed42,42,support_val,attack_family,Merlin TCP,11,1.0,0.0,1.0,11,0,11,0.9999702193520286,1.0
main_seed42,42,support_val,attack_family,Merlin UDP,6,1.0,0.0,1.0,6,0,6,0.9999959667523702,1.0
main_seed42,42,support_val,attack_family,Mirai C&C,2,0.5,0.0,0.5,1,0,1,0.6846047043800354,0.9684604704380035
main_seed42,42,support_val,attack_family,Mirai GRE,10,1.0,0.0,1.0,10,0,10,1.0,1.0
main_seed42,42,support_val,attack_family,Mirai TCP,10,1.0,0.0,1.0,10,0,10,1.0,1.0
main_seed42,42,support_val,attack_family,Mirai UDP,11,1.0,0.0,1.0,11,0,11,0.9999957084655762,1.0
main_seed42,42,support_val,support_seen,seen,69,0.9710144927536232,0.0,0.9710144927536232,67,0,67,0.9890000664669535,1.0
main_seed42,42,same_file_query,source_group,processed/iotsim-combined-cycle-10.csv,2486,0.999597747385358,0.0,0.999597747385358,2485,0,2485,0.9828342007756329,0.9998147785663605
main_seed42,42,same_file_query,source_group,processed/iotsim-ip-camera-museum-1.csv,65263,0.9716991250785284,0.0,0.9716991250785284,63416,0,63416,0.980553681046309,1.0
main_seed42,42,same_file_query,source_family,iotsim-combined-cycle,2486,0.999597747385358,0.0,0.999597747385358,2485,0,2485,0.9828342007756329,0.9998147785663605
main_seed42,42,same_file_query,source_family,iotsim-ip-camera-museum,65263,0.9716991250785284,0.0,0.9716991250785284,63416,0,63416,0.980553681046309,1.0
main_seed42,42,same_file_query,device_family,combined-cycle,2486,0.999597747385358,0.0,0.999597747385358,2485,0,2485,0.9828342007756329,0.9998147785663605
main_seed42,42,same_file_query,device_family,ip-camera-museum,65263,0.9716991250785284,0.0,0.9716991250785284,63416,0,63416,0.980553681046309,1.0
main_seed42,42,same_file_query,time_block,q1,19977,0.9076437903589127,0.0,0.9076437903589127,18132,0,18132,0.9366089051516658,1.0
main_seed42,42,same_file_query,time_block,q2,11666,0.9998285616320932,0.0,0.9998285616320932,11664,0,11664,0.996204585267934,1.0
main_seed42,42,same_file_query,time_block,q3,4686,1.0,0.0,1.0,4686,0,4686,1.0,1.0
main_seed42,42,same_file_query,time_block,q4,31420,0.9999681731381286,0.0,0.9999681731381286,31419,0,31419,0.9999631419256187,1.0
main_seed42,42,same_file_query,attack_label,File Download,105,1.0,0.0,1.0,105,0,105,0.9999988476435343,0.9999995231628418
main_seed42,42,same_file_query,attack_label,Ingress Tool Transfer,2381,0.999580008399832,0.0,0.999580008399832,2380,0,2380,0.9820772549876742,0.999763548374176
main_seed42,42,same_file_query,attack_label,Merlin C&C Communication,6827,0.9939944338655339,0.0,0.9939944338655339,6786,0,6786,0.9940481936752309,1.0
main_seed42,42,same_file_query,attack_label,Merlin ICMP Flooding,7038,0.999289570900824,0.0,0.999289570900824,7033,0,7033,0.999298417920303,1.0
main_seed42,42,same_file_query,attack_label,Merlin TCP Flooding,12000,0.9999166666666667,0.0,0.9999166666666667,11999,0,11999,0.999867932286618,1.0
main_seed42,42,same_file_query,attack_label,Merlin UDP Flooding,3292,0.45352369380315916,0.0,0.45352369380315916,1493,0,1493,0.6291581093071126,0.9997188866138458
main_seed42,42,same_file_query,attack_label,Mirai C&C Communication,106,0.9905660377358491,0.0,0.9905660377358491,105,0,105,0.9890747104050979,1.0
main_seed42,42,same_file_query,attack_label,Mirai GRE Flooding,12000,1.0,0.0,1.0,12000,0,12000,1.0,1.0
main_seed42,42,same_file_query,attack_label,Mirai TCP Flooding,12000,1.0,0.0,1.0,12000,0,12000,1.0,1.0
main_seed42,42,same_file_query,attack_label,Mirai UDP Flooding,12000,1.0,0.0,1.0,12000,0,12000,1.0,1.0
main_seed42,42,same_file_query,attack_family,File Download,105,1.0,0.0,1.0,105,0,105,0.9999988476435343,0.9999995231628418
main_seed42,42,same_file_query,attack_family,Ingress Tool,2381,0.999580008399832,0.0,0.999580008399832,2380,0,2380,0.9820772549876742,0.999763548374176
main_seed42,42,same_file_query,attack_family,Merlin C&C,6827,0.9939944338655339,0.0,0.9939944338655339,6786,0,6786,0.9940481936752309,1.0
main_seed42,42,same_file_query,attack_family,Merlin ICMP,7038,0.999289570900824,0.0,0.999289570900824,7033,0,7033,0.999298417920303,1.0
main_seed42,42,same_file_query,attack_family,Merlin TCP,12000,0.9999166666666667,0.0,0.9999166666666667,11999,0,11999,0.999867932286618,1.0
main_seed42,42,same_file_query,attack_family,Merlin UDP,3292,0.45352369380315916,0.0,0.45352369380315916,1493,0,1493,0.6291581093071126,0.9997188866138458
main_seed42,42,same_file_query,attack_family,Mirai C&C,106,0.9905660377358491,0.0,0.9905660377358491,105,0,105,0.9890747104050979,1.0
main_seed42,42,same_file_query,attack_family,Mirai GRE,12000,1.0,0.0,1.0,12000,0,12000,1.0,1.0
main_seed42,42,same_file_query,attack_family,Mirai TCP,12000,1.0,0.0,1.0,12000,0,12000,1.0,1.0
main_seed42,42,same_file_query,attack_family,Mirai UDP,12000,1.0,0.0,1.0,12000,0,12000,1.0,1.0
main_seed42,42,same_file_query,support_seen,seen,67749,0.9727228446176327,0.0,0.9727228446176327,65901,0,65901,0.9806373630496906,1.0
main_seed42,42,future_query,source_group,processed/iotsim-combined-cycle-1.csv,88575,0.9778154106689246,0.0,0.9778154106689246,86610,0,86610,0.9878534513621258,1.0
main_seed42,42,future_query,source_group,processed/iotsim-combined-cycle-10.csv,24154,0.7623996025503023,0.0,0.7623996025503023,18415,0,18415,0.9075043152636274,0.99936483502388
main_seed42,42,future_query,source_group,processed/iotsim-domotic-monitor-1.csv,91812,0.9435259007537141,0.0,0.9435259007537141,86627,0,86627,0.9765522658420589,1.0
main_seed42,42,future_query,source_group,processed/iotsim-ip-camera-museum-1.csv,24108,0.9271611083457774,0.0,0.9271611083457774,22352,0,22352,0.9668446958485263,0.9999996423721313
main_seed42,42,future_query,source_family,iotsim-combined-cycle,112729,0.9316591116749018,0.0,0.9316591116749018,105025,0,105025,0.970637357603438,1.0
main_seed42,42,future_query,source_family,iotsim-domotic-monitor,91812,0.9435259007537141,0.0,0.9435259007537141,86627,0,86627,0.9765522658420589,1.0
main_seed42,42,future_query,source_family,iotsim-ip-camera-museum,24108,0.9271611083457774,0.0,0.9271611083457774,22352,0,22352,0.9668446958485263,0.9999996423721313
main_seed42,42,future_query,device_family,combined-cycle,112729,0.9316591116749018,0.0,0.9316591116749018,105025,0,105025,0.970637357603438,1.0
main_seed42,42,future_query,device_family,domotic-monitor,91812,0.9435259007537141,0.0,0.9435259007537141,86627,0,86627,0.9765522658420589,1.0
main_seed42,42,future_query,device_family,ip-camera-museum,24108,0.9271611083457774,0.0,0.9271611083457774,22352,0,22352,0.9668446958485263,0.9999996423721313
main_seed42,42,future_query,time_block,q1,62514,0.978980708321336,0.0,0.978980708321336,61200,0,61200,0.9899498522427134,1.0
main_seed42,42,future_query,time_block,q2,48836,0.8141330166270784,0.0,0.8141330166270784,39759,0,39759,0.9325687166712893,1.0
main_seed42,42,future_query,time_block,q3,46976,0.9131258514986376,0.0,0.9131258514986376,42895,0,42895,0.9519815140161773,1.0
main_seed42,42,future_query,time_block,q4,70323,0.9975399229270651,0.0,0.9975399229270651,70150,0,70150,0.998790619447426,1.0
main_seed42,42,future_query,attack_label,C&C Communication,172,0.46511627906976744,0.0,0.46511627906976744,80,0,80,0.7004342747852714,0.9981522738933564
main_seed42,42,future_query,attack_label,CoAP Amplification,12000,0.9994166666666666,0.0,0.9994166666666666,11993,0,11993,0.9996608607272307,1.0
main_seed42,42,future_query,attack_label,File Download,1187,1.0,0.0,1.0,1187,0,1187,0.999995470800215,1.0
main_seed42,42,future_query,attack_label,Ingress Tool Transfer,3786,0.9870575805599577,0.0,0.9870575805599577,3737,0,3737,0.9819380548490901,0.9998425841331482
main_seed42,42,future_query,attack_label,Merlin C&C Communication,9933,0.9950669485553206,0.0,0.9950669485553206,9884,0,9884,0.9958454453701768,1.0
main_seed42,42,future_query,attack_label,Merlin ICMP Flooding,18835,0.9935226971064508,0.0,0.9935226971064508,18713,0,18713,0.9943221371438324,1.0
main_seed42,42,future_query,attack_label,Merlin TCP Flooding,24000,0.9760416666666667,0.0,0.9760416666666667,23425,0,23425,0.9824016689993237,1.0
main_seed42,42,future_query,attack_label,Merlin UDP Flooding,10000,0.9989,0.0,0.9989,9989,0,9989,0.9991967942287839,1.0
main_seed42,42,future_query,attack_label,Mirai C&C Communication,358,0.5195530726256983,0.0,0.5195530726256983,186,0,186,0.7634540594007371,1.0
main_seed42,42,future_query,attack_label,Mirai GRE Flooding,24000,1.0,0.0,1.0,24000,0,24000,1.0,1.0
main_seed42,42,future_query,attack_label,Mirai TCP Flooding,24000,1.0,0.0,1.0,24000,0,24000,1.0,1.0
main_seed42,42,future_query,attack_label,Mirai UDP Flooding,24000,0.9999583333333333,0.0,0.9999583333333333,23999,0,23999,0.9999843507111073,1.0
main_seed42,42,future_query,attack_label,Reporting,136,0.5735294117647058,0.0,0.5735294117647058,78,0,78,0.7346131607697405,0.9984749555587769
main_seed42,42,future_query,attack_label,TCP Scan,36000,0.8674166666666666,0.0,0.8674166666666666,31227,0,31227,0.9394790982538472,0.9999847412109375
main_seed42,42,future_query,attack_label,Telnet Brute Force,36000,0.7874166666666667,0.0,0.7874166666666667,28347,0,28347,0.9212872748813441,0.9999990463256836
main_seed42,42,future_query,attack_label,UDP Scan,4242,0.7446958981612447,0.0,0.7446958981612447,3159,0,3159,0.8995837028514205,0.9799144476652145
main_seed42,42,future_query,attack_family,C&C Communication,172,0.46511627906976744,0.0,0.46511627906976744,80,0,80,0.7004342747852714,0.9981522738933564
main_seed42,42,future_query,attack_family,CoAP Amplification,12000,0.9994166666666666,0.0,0.9994166666666666,11993,0,11993,0.9996608607272307,1.0
main_seed42,42,future_query,attack_family,File Download,1187,1.0,0.0,1.0,1187,0,1187,0.999995470800215,1.0
main_seed42,42,future_query,attack_family,Ingress Tool,3786,0.9870575805599577,0.0,0.9870575805599577,3737,0,3737,0.9819380548490901,0.9998425841331482
main_seed42,42,future_query,attack_family,Merlin C&C,9933,0.9950669485553206,0.0,0.9950669485553206,9884,0,9884,0.9958454453701768,1.0
main_seed42,42,future_query,attack_family,Merlin ICMP,18835,0.9935226971064508,0.0,0.9935226971064508,18713,0,18713,0.9943221371438324,1.0
main_seed42,42,future_query,attack_family,Merlin TCP,24000,0.9760416666666667,0.0,0.9760416666666667,23425,0,23425,0.9824016689993237,1.0
main_seed42,42,future_query,attack_family,Merlin UDP,10000,0.9989,0.0,0.9989,9989,0,9989,0.9991967942287839,1.0
main_seed42,42,future_query,attack_family,Mirai C&C,358,0.5195530726256983,0.0,0.5195530726256983,186,0,186,0.7634540594007371,1.0
main_seed42,42,future_query,attack_family,Mirai GRE,24000,1.0,0.0,1.0,24000,0,24000,1.0,1.0
main_seed42,42,future_query,attack_family,Mirai TCP,24000,1.0,0.0,1.0,24000,0,24000,1.0,1.0
main_seed42,42,future_query,attack_family,Mirai UDP,24000,0.9999583333333333,0.0,0.9999583333333333,23999,0,23999,0.9999843507111073,1.0
main_seed42,42,future_query,attack_family,Reporting,136,0.5735294117647058,0.0,0.5735294117647058,78,0,78,0.7346131607697405,0.9984749555587769
main_seed42,42,future_query,attack_family,TCP Scan,36000,0.8674166666666666,0.0,0.8674166666666666,31227,0,31227,0.9394790982538472,0.9999847412109375
main_seed42,42,future_query,attack_family,Telnet Brute,36000,0.7874166666666667,0.0,0.7874166666666667,28347,0,28347,0.9212872748813441,0.9999990463256836
main_seed42,42,future_query,attack_family,UDP Scan,4242,0.7446958981612447,0.0,0.7446958981612447,3159,0,3159,0.8995837028514205,0.9799144476652145
main_seed42,42,future_query,support_seen,seen,140099,0.9930120843118081,0.0,0.9930120843118081,139120,0,139120,0.9947747759089516,1.0
main_seed42,42,future_query,support_seen,unseen,88550,0.8456691134952005,0.0,0.8456691134952005,74884,0,74884,0.9375486833903685,1.0
main_seed42,42,sealed_final_ood,source_group,processed/iotsim-ip-camera-museum-2.csv,54950,0.0031847133757961785,0.0,0.0031847133757961785,175,0,175,0.003465352007428141,0.00013889991605537926
main_seed42,42,sealed_final_ood,source_group,processed/iotsim-ip-camera-street-2.csv,99950,0.0054127063531765884,0.0,0.0054127063531765884,541,0,541,0.005759746941799918,0.001164856273680925
main_seed42,42,sealed_final_ood,source_family,iotsim-ip-camera-museum,54950,0.0031847133757961785,0.0,0.0031847133757961785,175,0,175,0.003465352007428141,0.00013889991605537926
main_seed42,42,sealed_final_ood,source_family,iotsim-ip-camera-street,99950,0.0054127063531765884,0.0,0.0054127063531765884,541,0,541,0.005759746941799918,0.001164856273680925
main_seed42,42,sealed_final_ood,device_family,iotsim-ip-camera-museum,54950,0.0031847133757961785,0.0,0.0031847133757961785,175,0,175,0.003465352007428141,0.00013889991605537926
main_seed42,42,sealed_final_ood,device_family,iotsim-ip-camera-street,99950,0.0054127063531765884,0.0,0.0054127063531765884,541,0,541,0.005759746941799918,0.001164856273680925
main_seed42,42,sealed_final_ood,time_block,q1,38725,0.004105874757908328,0.0,0.004105874757908328,159,0,159,0.005002625203763084,0.0005181115819141262
main_seed42,42,sealed_final_ood,time_block,q2,38725,0.004131697869593286,0.0,0.004131697869593286,160,0,160,0.004201785918124999,0.0005241924896836277
main_seed42,42,sealed_final_ood,time_block,q3,38725,0.005035506778566817,0.0,0.005035506778566817,195,0,195,0.005175450343665716,0.0009349318570457357
main_seed42,42,sealed_final_ood,time_block,q4,38725,0.005216268560361523,0.0,0.005216268560361523,202,0,202,0.005403425807295217,0.0011978528229519658
main_seed42,42,sealed_final_ood,attack_label,benign,154900,0.004622336991607488,0.0,0.004622336991607488,716,0,716,0.004945821818212254,0.0007890252833021804
main_seed42,42,sealed_final_ood,attack_family,benign,154900,0.004622336991607488,0.0,0.004622336991607488,716,0,716,0.004945821818212254,0.0007890252833021804
main_seed42,42,sealed_final_ood,support_seen,unseen,154900,0.004622336991607488,0.0,0.004622336991607488,716,0,716,0.004945821818212254,0.0007890252833021804
main_seed42,42,sealed_final_attack,source_group,processed/iotsim-ip-camera-street-1.csv,110104,0.721090968538836,0.0,0.721090968538836,79395,0,79395,0.7315472507316931,1.0
main_seed42,42,sealed_final_attack,source_family,iotsim-ip-camera-street,110104,0.721090968538836,0.0,0.721090968538836,79395,0,79395,0.7315472507316931,1.0
main_seed42,42,sealed_final_attack,device_family,ip-camera-street,110104,0.721090968538836,0.0,0.721090968538836,79395,0,79395,0.7315472507316931,1.0
main_seed42,42,sealed_final_attack,time_block,q1,27526,0.9993460728038945,0.0,0.9993460728038945,27508,0,27508,0.9984460855280534,1.0
main_seed42,42,sealed_final_attack,time_block,q2,27526,0.24297028264186588,0.0,0.24297028264186588,6688,0,6688,0.2708432477711321,0.9999599456787109
main_seed42,42,sealed_final_attack,time_block,q3,27526,0.6420475187095837,0.0,0.6420475187095837,17673,0,17673,0.6568997357284145,1.0
main_seed42,42,sealed_final_attack,time_block,q4,27526,1.0,0.0,1.0,27526,0,27526,0.9999999338991722,1.0
main_seed42,42,sealed_final_attack,attack_label,C&C Communication,90,0.14444444444444443,0.0,0.14444444444444443,13,0,13,0.1570826078328911,0.999552246928215
main_seed42,42,sealed_final_attack,attack_label,File Download,1231,0.4646628757108042,0.0,0.4646628757108042,572,0,572,0.4938447944919036,1.0
main_seed42,42,sealed_final_attack,attack_label,Ingress Tool Transfer,3702,0.025121555915721232,0.0,0.025121555915721232,93,0,93,0.047730717889247515,0.24676307067274966
main_seed42,42,sealed_final_attack,attack_label,Merlin ICMP Flooding,10011,1.0,0.0,1.0,10011,0,10011,0.99997142779221,1.0
main_seed42,42,sealed_final_attack,attack_label,Merlin TCP Flooding,15000,0.9989333333333333,0.0,0.9989333333333333,14984,0,14984,0.9955910642514626,1.0
main_seed42,42,sealed_final_attack,attack_label,Merlin UDP Flooding,4996,0.999599679743795,0.0,0.999599679743795,4994,0,4994,0.9995222302729047,0.9999891519546509
main_seed42,42,sealed_final_attack,attack_label,Mirai GRE Flooding,15000,1.0,0.0,1.0,15000,0,15000,0.9999998787005743,1.0
main_seed42,42,sealed_final_attack,attack_label,Mirai TCP Flooding,15000,1.0,0.0,1.0,15000,0,15000,1.0,1.0
main_seed42,42,sealed_final_attack,attack_label,Mirai UDP Flooding,15000,0.9996,0.0,0.9996,14994,0,14994,0.9995969157729463,1.0
main_seed42,42,sealed_final_attack,attack_label,Reporting,74,0.05405405405405406,0.0,0.05405405405405406,4,0,4,0.0602327015939504,0.4143219497054764
main_seed42,42,sealed_final_attack,attack_label,TCP Scan,15000,0.063,0.0,0.063,945,0,945,0.10640483983319006,0.9446086913347241
main_seed42,42,sealed_final_attack,attack_label,Telnet Brute Force,15000,0.18566666666666667,0.0,0.18566666666666667,2785,0,2785,0.2143229517233364,0.999998927116394
main_seed42,42,sealed_final_attack,attack_family,C&C Communication,90,0.14444444444444443,0.0,0.14444444444444443,13,0,13,0.1570826078328911,0.999552246928215
main_seed42,42,sealed_final_attack,attack_family,File Download,1231,0.4646628757108042,0.0,0.4646628757108042,572,0,572,0.4938447944919036,1.0
main_seed42,42,sealed_final_attack,attack_family,Ingress Tool,3702,0.025121555915721232,0.0,0.025121555915721232,93,0,93,0.047730717889247515,0.24676307067274966
main_seed42,42,sealed_final_attack,attack_family,Merlin ICMP,10011,1.0,0.0,1.0,10011,0,10011,0.99997142779221,1.0
main_seed42,42,sealed_final_attack,attack_family,Merlin TCP,15000,0.9989333333333333,0.0,0.9989333333333333,14984,0,14984,0.9955910642514626,1.0
main_seed42,42,sealed_final_attack,attack_family,Merlin UDP,4996,0.999599679743795,0.0,0.999599679743795,4994,0,4994,0.9995222302729047,0.9999891519546509
main_seed42,42,sealed_final_attack,attack_family,Mirai GRE,15000,1.0,0.0,1.0,15000,0,15000,0.9999998787005743,1.0
main_seed42,42,sealed_final_attack,attack_family,Mirai TCP,15000,1.0,0.0,1.0,15000,0,15000,1.0,1.0
main_seed42,42,sealed_final_attack,attack_family,Mirai UDP,15000,0.9996,0.0,0.9996,14994,0,14994,0.9995969157729463,1.0
main_seed42,42,sealed_final_attack,attack_family,Reporting,74,0.05405405405405406,0.0,0.05405405405405406,4,0,4,0.0602327015939504,0.4143219497054764
main_seed42,42,sealed_final_attack,attack_family,TCP Scan,15000,0.063,0.0,0.063,945,0,945,0.10640483983319006,0.9446086913347241
main_seed42,42,sealed_final_attack,attack_family,Telnet Brute,15000,0.18566666666666667,0.0,0.18566666666666667,2785,0,2785,0.2143229517233364,0.999998927116394
main_seed42,42,sealed_final_attack,support_seen,seen,79940,0.9463097322992244,0.0,0.9463097322992244,75648,0,75648,0.9471699645558108,1.0
main_seed42,42,sealed_final_attack,support_seen,unseen,30164,0.12422092560668346,0.0,0.12422092560668346,3747,0,3747,0.16010845802847132,0.9997973501682281
main_seed42,42,id_calib,source_group,processed/iotsim-cooler-motor-6.csv,22418,0.007137121955571416,0.0,0.007137121955571416,160,0,160,0.05950971400366615,0.1902832143008689
main_seed42,42,id_calib,source_group,processed/iotsim-cooler-motor-7.csv,22425,0.006376811594202898,0.0,0.006376811594202898,143,0,143,0.06032397886654828,0.19747877717018103
main_seed42,42,id_calib,source_group,processed/iotsim-cooler-motor-8.csv,5011,0.024545998802634205,0.0,0.024545998802634205,123,0,123,0.08832786547507507,0.31570591032505035
main_seed42,42,id_calib,source_group,processed/iotsim-cooler-motor-9.csv,1643,0.054169202678027994,0.0,0.054169202678027994,89,0,89,0.1270513737512434,0.7033577680587768
main_seed42,42,id_calib,source_family,iotsim-cooler-motor,51497,0.010000582558207275,0.0,0.010000582558207275,515,0,515,0.06482339428676286,0.21322676539421073
main_seed42,42,id_calib,device_family,iotsim-cooler-motor,51497,0.010000582558207275,0.0,0.010000582558207275,515,0,515,0.06482339428676286,0.21322676539421073
main_seed42,42,id_calib,time_block,q1,14235,0.02978573937478047,0.0,0.02978573937478047,424,0,424,0.09618943724665145,0.3474598824977875
main_seed42,42,id_calib,time_block,q2,12229,0.0031891405675034752,0.0,0.0031891405675034752,39,0,39,0.055120780783494146,0.16272395253181457
main_seed42,42,id_calib,time_block,q3,11772,0.0031430513081889227,0.0,0.0031430513081889227,37,0,37,0.05428306216845637,0.16025984138250346
main_seed42,42,id_calib,time_block,q4,13261,0.0011311364150516552,0.0,0.0011311364150516552,15,0,15,0.04945791873395107,0.15914155542850494
main_seed42,42,id_calib,attack_label,benign,51497,0.010000582558207275,0.0,0.010000582558207275,515,0,515,0.06482339428676286,0.21322676539421073
main_seed42,42,id_calib,attack_family,benign,51497,0.010000582558207275,0.0,0.010000582558207275,515,0,515,0.06482339428676286,0.21322676539421073
main_seed42,42,id_calib,support_seen,unseen,51497,0.010000582558207275,0.0,0.010000582558207275,515,0,515,0.06482339428676286,0.21322676539421073
main_seed42,42,ood_val,source_group,processed/iotsim-hydraulic-system-12.csv,2446,0.001635322976287817,0.0,0.001635322976287817,4,0,4,0.019234927624699066,0.07014702633023262
main_seed42,42,ood_val,source_group,processed/iotsim-hydraulic-system-13.csv,2431,0.0016454134101192926,0.0,0.0016454134101192926,4,0,4,0.01834145732296823,0.06948455423116684
main_seed42,42,ood_val,source_group,processed/iotsim-hydraulic-system-14.csv,2431,0.0008227067050596463,0.0,0.0008227067050596463,2,0,2,0.01707854221073759,0.06613270938396454
main_seed42,42,ood_val,source_group,processed/iotsim-hydraulic-system-15.csv,2446,0.001635322976287817,0.0,0.001635322976287817,4,0,4,0.018015534662017624,0.06403617933392525
main_seed42,42,ood_val,source_group,processed/iotsim-hydraulic-system-2.csv,2451,0.0004079967360261118,0.0,0.0004079967360261118,1,0,1,0.02003498687078991,0.07922865077853203
main_seed42,42,ood_val,source_family,iotsim-hydraulic-system,12205,0.0012290045063498567,0.0,0.0012290045063498567,15,0,15,0.018543744566985165,0.07014498859643936
main_seed42,42,ood_val,device_family,iotsim-hydraulic-system,12205,0.0012290045063498567,0.0,0.0012290045063498567,15,0,15,0.018543744566985165,0.07014498859643936
main_seed42,42,ood_val,time_block,q1,3275,0.00366412213740458,0.0,0.00366412213740458,12,0,12,0.057528941100053875,0.5775749742984772
main_seed42,42,ood_val,time_block,q2,3174,0.000630119722747322,0.0,0.000630119722747322,2,0,2,0.0065128913179311,0.01132566011510789
main_seed42,42,ood_val,time_block,q3,3237,0.0,0.0,0.0,0,0,0,0.002508891794687753,0.008672008290886877
main_seed42,42,ood_val,time_block,q4,2519,0.0003969829297340214,0.0,0.0003969829297340214,1,0,1,0.0036228346783882164,0.010681193042546503
main_seed42,42,ood_val,attack_label,benign,12205,0.0012290045063498567,0.0,0.0012290045063498567,15,0,15,0.018543744566985165,0.07014498859643936
main_seed42,42,ood_val,attack_family,benign,12205,0.0012290045063498567,0.0,0.0012290045063498567,15,0,15,0.018543744566985165,0.07014498859643936
main_seed42,42,ood_val,support_seen,unseen,12205,0.0012290045063498567,0.0,0.0012290045063498567,15,0,15,0.018543744566985165,0.07014498859643936
main_seed42,42,ood_stress,source_group,processed/iotsim-stream-consumer-2.csv,79950,0.008317698561601,0.0,0.008317698561601,665,0,665,0.010795162933684356,0.00446423685643822
main_seed42,42,ood_stress,source_family,iotsim-stream-consumer,79950,0.008317698561601,0.0,0.008317698561601,665,0,665,0.010795162933684356,0.00446423685643822
main_seed42,42,ood_stress,device_family,iotsim-stream-consumer,79950,0.008317698561601,0.0,0.008317698561601,665,0,665,0.010795162933684356,0.00446423685643822
main_seed42,42,ood_stress,time_block,q1,28717,0.008496709266288262,0.0,0.008496709266288262,244,0,244,0.011225612512346456,0.00521085429936647
main_seed42,42,ood_stress,time_block,q2,28769,0.008133755083596927,0.0,0.008133755083596927,234,0,234,0.010522928609763763,0.004174429643899202
main_seed42,42,ood_stress,time_block,q3,22464,0.008324430199430199,0.0,0.008324430199430199,187,0,187,0.010593537609362423,0.004002338857389983
main_seed42,42,ood_stress,attack_label,benign,79950,0.008317698561601,0.0,0.008317698561601,665,0,665,0.010795162933684356,0.00446423685643822
main_seed42,42,ood_stress,attack_family,benign,79950,0.008317698561601,0.0,0.008317698561601,665,0,665,0.010795162933684356,0.00446423685643822
main_seed42,42,ood_stress,support_seen,unseen,79950,0.008317698561601,0.0,0.008317698561601,665,0,665,0.010795162933684356,0.00446423685643822
main_seed42,42,support_val,source_group,processed/iotsim-city-power-1.csv,23,0.9565217391304348,0.0,0.9565217391304348,22,0,22,0.9827137174813644,1.0
main_seed42,42,support_val,source_group,processed/iotsim-combined-cycle-10.csv,6,1.0,0.0,1.0,6,0,6,0.993276317914327,1.0
main_seed42,42,support_val,source_group,processed/iotsim-ip-camera-museum-1.csv,40,0.975,0.0,0.975,39,0,39,0.9881795391440391,1.0
main_seed42,42,support_val,source_family,iotsim-city-power,23,0.9565217391304348,0.0,0.9565217391304348,22,0,22,0.9827137174813644,1.0
main_seed42,42,support_val,source_family,iotsim-combined-cycle,6,1.0,0.0,1.0,6,0,6,0.993276317914327,1.0
main_seed42,42,support_val,source_family,iotsim-ip-camera-museum,40,0.975,0.0,0.975,39,0,39,0.9881795391440391,1.0
main_seed42,42,support_val,device_family,city-power,23,0.9565217391304348,0.0,0.9565217391304348,22,0,22,0.9827137174813644,1.0
main_seed42,42,support_val,device_family,combined-cycle,6,1.0,0.0,1.0,6,0,6,0.993276317914327,1.0
main_seed42,42,support_val,device_family,ip-camera-museum,40,0.975,0.0,0.975,39,0,39,0.9881795391440391,1.0
main_seed42,42,support_val,time_block,q1,17,0.9411764705882353,0.0,0.9411764705882353,16,0,16,0.9765030426137588,1.0
main_seed42,42,support_val,time_block,q2,19,1.0,0.0,1.0,19,0,19,0.9976561822389302,1.0
main_seed42,42,support_val,time_block,q3,13,1.0,0.0,1.0,13,0,13,0.9999410739311805,1.0
main_seed42,42,support_val,time_block,q4,20,0.95,0.0,0.95,19,0,19,0.9767000913619995,1.0
main_seed42,42,support_val,attack_label,File Download,3,1.0,0.0,1.0,3,0,3,1.0,1.0
main_seed42,42,support_val,attack_label,Ingress Tool Transfer,3,1.0,0.0,1.0,3,0,3,0.9865526358286539,1.0
main_seed42,42,support_val,attack_label,Merlin C&C Communication,5,1.0,0.0,1.0,5,0,5,1.0,1.0
main_seed42,42,support_val,attack_label,Merlin ICMP Flooding,8,0.875,0.0,0.875,7,0,7,0.9501132443547249,0.9999998807907104
main_seed42,42,support_val,attack_label,Merlin TCP Flooding,11,1.0,0.0,1.0,11,0,11,0.9996190504594282,0.9999998807907104
main_seed42,42,support_val,attack_label,Merlin UDP Flooding,6,1.0,0.0,1.0,6,0,6,0.99994096159935,1.0
main_seed42,42,support_val,attack_label,Mirai C&C Communication,2,0.5,0.0,0.5,1,0,1,0.7671820521354675,0.9767182052135467
main_seed42,42,support_val,attack_label,Mirai GRE Flooding,10,1.0,0.0,1.0,10,0,10,1.0,1.0
main_seed42,42,support_val,attack_label,Mirai TCP Flooding,10,1.0,0.0,1.0,10,0,10,1.0,1.0
main_seed42,42,support_val,attack_label,Mirai UDP Flooding,11,1.0,0.0,1.0,11,0,11,0.9998974258249457,1.0
main_seed42,42,support_val,attack_family,File Download,3,1.0,0.0,1.0,3,0,3,1.0,1.0
main_seed42,42,support_val,attack_family,Ingress Tool,3,1.0,0.0,1.0,3,0,3,0.9865526358286539,1.0
main_seed42,42,support_val,attack_family,Merlin C&C,5,1.0,0.0,1.0,5,0,5,1.0,1.0
main_seed42,42,support_val,attack_family,Merlin ICMP,8,0.875,0.0,0.875,7,0,7,0.9501132443547249,0.9999998807907104
main_seed42,42,support_val,attack_family,Merlin TCP,11,1.0,0.0,1.0,11,0,11,0.9996190504594282,0.9999998807907104
main_seed42,42,support_val,attack_family,Merlin UDP,6,1.0,0.0,1.0,6,0,6,0.99994096159935,1.0
main_seed42,42,support_val,attack_family,Mirai C&C,2,0.5,0.0,0.5,1,0,1,0.7671820521354675,0.9767182052135467
main_seed42,42,support_val,attack_family,Mirai GRE,10,1.0,0.0,1.0,10,0,10,1.0,1.0
main_seed42,42,support_val,attack_family,Mirai TCP,10,1.0,0.0,1.0,10,0,10,1.0,1.0
main_seed42,42,support_val,attack_family,Mirai UDP,11,1.0,0.0,1.0,11,0,11,0.9998974258249457,1.0
main_seed42,42,support_val,support_seen,seen,69,0.9710144927536232,0.0,0.9710144927536232,67,0,67,0.9868007967437523,1.0
main_seed42,42,same_file_query,source_group,processed/iotsim-combined-cycle-10.csv,2486,0.9617860016090105,0.0,0.9617860016090105,2391,0,2391,0.8785382299599747,0.9998624920845032
main_seed42,42,same_file_query,source_group,processed/iotsim-ip-camera-museum-1.csv,65263,0.9999693547645679,0.0,0.9999693547645679,65261,0,65261,0.9999009637061084,1.0
main_seed42,42,same_file_query,source_family,iotsim-combined-cycle,2486,0.9617860016090105,0.0,0.9617860016090105,2391,0,2391,0.8785382299599747,0.9998624920845032
main_seed42,42,same_file_query,source_family,iotsim-ip-camera-museum,65263,0.9999693547645679,0.0,0.9999693547645679,65261,0,65261,0.9999009637061084,1.0
main_seed42,42,same_file_query,device_family,combined-cycle,2486,0.9617860016090105,0.0,0.9617860016090105,2391,0,2391,0.8785382299599747,0.9998624920845032
main_seed42,42,same_file_query,device_family,ip-camera-museum,65263,0.9999693547645679,0.0,0.9999693547645679,65261,0,65261,0.9999009637061084,1.0
main_seed42,42,same_file_query,time_block,q1,19977,1.0,0.0,1.0,19977,0,19977,0.9998091962528807,1.0
main_seed42,42,same_file_query,time_block,q2,11666,0.9917709583404766,0.0,0.9917709583404766,11570,0,11570,0.9740124315837083,1.0
main_seed42,42,same_file_query,time_block,q3,4686,1.0,0.0,1.0,4686,0,4686,1.0,1.0
main_seed42,42,same_file_query,time_block,q4,31420,0.9999681731381286,0.0,0.9999681731381286,31419,0,31419,0.9999543377986286,1.0
main_seed42,42,same_file_query,attack_label,File Download,105,1.0,0.0,1.0,105,0,105,0.9999356758026849,0.9999998807907104
main_seed42,42,same_file_query,attack_label,Ingress Tool Transfer,2381,0.9601007979840404,0.0,0.9601007979840404,2286,0,2286,0.873184709668717,0.99391770362854
main_seed42,42,same_file_query,attack_label,Merlin C&C Communication,6827,1.0,0.0,1.0,6827,0,6827,0.9999998758840443,1.0
main_seed42,42,same_file_query,attack_label,Merlin ICMP Flooding,7038,1.0,0.0,1.0,7038,0,7038,0.9999273228066047,1.0
main_seed42,42,same_file_query,attack_label,Merlin TCP Flooding,12000,0.9999166666666667,0.0,0.9999166666666667,11999,0,11999,0.9998985756782737,1.0
main_seed42,42,same_file_query,attack_label,Merlin UDP Flooding,3292,1.0,0.0,1.0,3292,0,3292,0.9989977952631537,0.9990954399108887
main_seed42,42,same_file_query,attack_label,Mirai C&C Communication,106,0.9905660377358491,0.0,0.9905660377358491,105,0,105,0.9864650342727678,0.9999912679195404
main_seed42,42,same_file_query,attack_label,Mirai GRE Flooding,12000,1.0,0.0,1.0,12000,0,12000,1.0,1.0
main_seed42,42,same_file_query,attack_label,Mirai TCP Flooding,12000,1.0,0.0,1.0,12000,0,12000,1.0,1.0
main_seed42,42,same_file_query,attack_label,Mirai UDP Flooding,12000,1.0,0.0,1.0,12000,0,12000,1.0,1.0
main_seed42,42,same_file_query,attack_family,File Download,105,1.0,0.0,1.0,105,0,105,0.9999356758026849,0.9999998807907104
main_seed42,42,same_file_query,attack_family,Ingress Tool,2381,0.9601007979840404,0.0,0.9601007979840404,2286,0,2286,0.873184709668717,0.99391770362854
main_seed42,42,same_file_query,attack_family,Merlin C&C,6827,1.0,0.0,1.0,6827,0,6827,0.9999998758840443,1.0
main_seed42,42,same_file_query,attack_family,Merlin ICMP,7038,1.0,0.0,1.0,7038,0,7038,0.9999273228066047,1.0
main_seed42,42,same_file_query,attack_family,Merlin TCP,12000,0.9999166666666667,0.0,0.9999166666666667,11999,0,11999,0.9998985756782737,1.0
main_seed42,42,same_file_query,attack_family,Merlin UDP,3292,1.0,0.0,1.0,3292,0,3292,0.9989977952631537,0.9990954399108887
main_seed42,42,same_file_query,attack_family,Mirai C&C,106,0.9905660377358491,0.0,0.9905660377358491,105,0,105,0.9864650342727678,0.9999912679195404
main_seed42,42,same_file_query,attack_family,Mirai GRE,12000,1.0,0.0,1.0,12000,0,12000,1.0,1.0
main_seed42,42,same_file_query,attack_family,Mirai TCP,12000,1.0,0.0,1.0,12000,0,12000,1.0,1.0
main_seed42,42,same_file_query,attack_family,Mirai UDP,12000,1.0,0.0,1.0,12000,0,12000,1.0,1.0
main_seed42,42,same_file_query,support_seen,seen,67749,0.998568244549735,0.0,0.998568244549735,67652,0,67652,0.9954476469620548,1.0
main_seed42,42,future_query,source_group,processed/iotsim-combined-cycle-1.csv,88575,0.988269827829523,0.0,0.988269827829523,87536,0,87536,0.9850092382350081,1.0
main_seed42,42,future_query,source_group,processed/iotsim-combined-cycle-10.csv,24154,0.5690982859981784,0.0,0.5690982859981784,13746,0,13746,0.6951411855570327,0.9615775674581527
main_seed42,42,future_query,source_group,processed/iotsim-domotic-monitor-1.csv,91812,0.8874112316472792,0.0,0.8874112316472792,81475,0,81475,0.9138848245371194,1.0
main_seed42,42,future_query,source_group,processed/iotsim-ip-camera-museum-1.csv,24108,0.9909988385598142,0.0,0.9909988385598142,23891,0,23891,0.9843404241428054,0.9999787390232087
main_seed42,42,future_query,source_family,iotsim-combined-cycle,112729,0.8984555881805036,0.0,0.8984555881805036,101282,0,101282,0.9229003492678053,1.0
main_seed42,42,future_query,source_family,iotsim-domotic-monitor,91812,0.8874112316472792,0.0,0.8874112316472792,81475,0,81475,0.9138848245371194,1.0
main_seed42,42,future_query,source_family,iotsim-ip-camera-museum,24108,0.9909988385598142,0.0,0.9909988385598142,23891,0,23891,0.9843404241428054,0.9999787390232087
main_seed42,42,future_query,device_family,combined-cycle,112729,0.8984555881805036,0.0,0.8984555881805036,101282,0,101282,0.9229003492678053,1.0
main_seed42,42,future_query,device_family,domotic-monitor,91812,0.8874112316472792,0.0,0.8874112316472792,81475,0,81475,0.9138848245371194,1.0
main_seed42,42,future_query,device_family,ip-camera-museum,24108,0.9909988385598142,0.0,0.9909988385598142,23891,0,23891,0.9843404241428054,0.9999787390232087
main_seed42,42,future_query,time_block,q1,62514,0.9907860639216816,0.0,0.9907860639216816,61938,0,61938,0.9843131740285762,1.0
main_seed42,42,future_query,time_block,q2,48836,0.707818003112458,0.0,0.707818003112458,34567,0,34567,0.8315242028285501,1.0
main_seed42,42,future_query,time_block,q3,46976,0.8501575272479565,0.0,0.8501575272479565,39937,0,39937,0.8361062044620836,1.0
main_seed42,42,future_query,time_block,q4,70323,0.9983362484535643,0.0,0.9983362484535643,70206,0,70206,0.9990346136666359,1.0
main_seed42,42,future_query,attack_label,C&C Communication,172,0.45348837209302323,0.0,0.45348837209302323,78,0,78,0.6422041462274349,0.9483388453722
main_seed42,42,future_query,attack_label,CoAP Amplification,12000,0.9995,0.0,0.9995,11994,0,11994,0.9993730950007836,1.0
main_seed42,42,future_query,attack_label,File Download,1187,1.0,0.0,1.0,1187,0,1187,0.9999318056580593,1.0
main_seed42,42,future_query,attack_label,Ingress Tool Transfer,3786,0.9717379820390913,0.0,0.9717379820390913,3679,0,3679,0.8878717278236129,0.9998632371425629
main_seed42,42,future_query,attack_label,Merlin C&C Communication,9933,0.9980871841336958,0.0,0.9980871841336958,9914,0,9914,0.9984253588094187,1.0
main_seed42,42,future_query,attack_label,Merlin ICMP Flooding,18835,0.9932041412264402,0.0,0.9932041412264402,18707,0,18707,0.9932814930231645,1.0
main_seed42,42,future_query,attack_label,Merlin TCP Flooding,24000,0.983375,0.0,0.983375,23601,0,23601,0.9852662072282765,1.0
main_seed42,42,future_query,attack_label,Merlin UDP Flooding,10000,0.9982,0.0,0.9982,9982,0,9982,0.9986479697237257,1.0
main_seed42,42,future_query,attack_label,Mirai C&C Communication,358,0.6731843575418994,0.0,0.6731843575418994,241,0,241,0.813187675839342,1.0
main_seed42,42,future_query,attack_label,Mirai GRE Flooding,24000,1.0,0.0,1.0,24000,0,24000,1.0,1.0
main_seed42,42,future_query,attack_label,Mirai TCP Flooding,24000,1.0,0.0,1.0,24000,0,24000,0.9999999997665485,1.0
main_seed42,42,future_query,attack_label,Mirai UDP Flooding,24000,1.0,0.0,1.0,24000,0,24000,0.9999510478973389,1.0
main_seed42,42,future_query,attack_label,Reporting,136,0.41911764705882354,0.0,0.41911764705882354,57,0,57,0.5702687152068319,0.9467524886131287
main_seed42,42,future_query,attack_label,TCP Scan,36000,0.7998333333333333,0.0,0.7998333333333333,28794,0,28794,0.8145276976207071,0.9996071696281433
main_seed42,42,future_query,attack_label,Telnet Brute Force,36000,0.6259722222222223,0.0,0.6259722222222223,22535,0,22535,0.7669111492851216,0.9999687671661377
main_seed42,42,future_query,attack_label,UDP Scan,4242,0.9144271570014144,0.0,0.9144271570014144,3879,0,3879,0.8166860475265041,0.888609629869461
main_seed42,42,future_query,attack_family,C&C Communication,172,0.45348837209302323,0.0,0.45348837209302323,78,0,78,0.6422041462274349,0.9483388453722
main_seed42,42,future_query,attack_family,CoAP Amplification,12000,0.9995,0.0,0.9995,11994,0,11994,0.9993730950007836,1.0
main_seed42,42,future_query,attack_family,File Download,1187,1.0,0.0,1.0,1187,0,1187,0.9999318056580593,1.0
main_seed42,42,future_query,attack_family,Ingress Tool,3786,0.9717379820390913,0.0,0.9717379820390913,3679,0,3679,0.8878717278236129,0.9998632371425629
main_seed42,42,future_query,attack_family,Merlin C&C,9933,0.9980871841336958,0.0,0.9980871841336958,9914,0,9914,0.9984253588094187,1.0
main_seed42,42,future_query,attack_family,Merlin ICMP,18835,0.9932041412264402,0.0,0.9932041412264402,18707,0,18707,0.9932814930231645,1.0
main_seed42,42,future_query,attack_family,Merlin TCP,24000,0.983375,0.0,0.983375,23601,0,23601,0.9852662072282765,1.0
main_seed42,42,future_query,attack_family,Merlin UDP,10000,0.9982,0.0,0.9982,9982,0,9982,0.9986479697237257,1.0
main_seed42,42,future_query,attack_family,Mirai C&C,358,0.6731843575418994,0.0,0.6731843575418994,241,0,241,0.813187675839342,1.0
main_seed42,42,future_query,attack_family,Mirai GRE,24000,1.0,0.0,1.0,24000,0,24000,1.0,1.0
main_seed42,42,future_query,attack_family,Mirai TCP,24000,1.0,0.0,1.0,24000,0,24000,0.9999999997665485,1.0
main_seed42,42,future_query,attack_family,Mirai UDP,24000,1.0,0.0,1.0,24000,0,24000,0.9999510478973389,1.0
main_seed42,42,future_query,attack_family,Reporting,136,0.41911764705882354,0.0,0.41911764705882354,57,0,57,0.5702687152068319,0.9467524886131287
main_seed42,42,future_query,attack_family,TCP Scan,36000,0.7998333333333333,0.0,0.7998333333333333,28794,0,28794,0.8145276976207071,0.9996071696281433
main_seed42,42,future_query,attack_family,Telnet Brute,36000,0.6259722222222223,0.0,0.6259722222222223,22535,0,22535,0.7669111492851216,0.9999687671661377
main_seed42,42,future_query,attack_family,UDP Scan,4242,0.9144271570014144,0.0,0.9144271570014144,3879,0,3879,0.8166860475265041,0.888609629869461
main_seed42,42,future_query,support_seen,seen,140099,0.9943754059629262,0.0,0.9943754059629262,139311,0,139311,0.9928481461509451,1.0
main_seed42,42,future_query,support_seen,unseen,88550,0.7604404291360813,0.0,0.7604404291360813,67337,0,67337,0.8196123489626866,1.0
main_seed42,42,sealed_final_ood,source_group,processed/iotsim-ip-camera-museum-2.csv,54950,0.0031847133757961785,0.0,0.0031847133757961785,175,0,175,0.004458876080883638,0.0027382323285564747
main_seed42,42,sealed_final_ood,source_group,processed/iotsim-ip-camera-street-2.csv,99950,0.005392696348174087,0.0,0.005392696348174087,539,0,539,0.007759776895832154,0.007448000856675205
main_seed42,42,sealed_final_ood,source_family,iotsim-ip-camera-museum,54950,0.0031847133757961785,0.0,0.0031847133757961785,175,0,175,0.004458876080883638,0.0027382323285564747
main_seed42,42,sealed_final_ood,source_family,iotsim-ip-camera-street,99950,0.005392696348174087,0.0,0.005392696348174087,539,0,539,0.007759776895832154,0.007448000856675205
main_seed42,42,sealed_final_ood,device_family,iotsim-ip-camera-museum,54950,0.0031847133757961785,0.0,0.0031847133757961785,175,0,175,0.004458876080883638,0.0027382323285564747
main_seed42,42,sealed_final_ood,device_family,iotsim-ip-camera-street,99950,0.005392696348174087,0.0,0.005392696348174087,539,0,539,0.007759776895832154,0.007448000856675205
main_seed42,42,sealed_final_ood,time_block,q1,38725,0.004105874757908328,0.0,0.004105874757908328,159,0,159,0.006625344603333236,0.006904019042849535
main_seed42,42,sealed_final_ood,time_block,q2,38725,0.004105874757908328,0.0,0.004105874757908328,159,0,159,0.005594560950548352,0.005069294199347493
main_seed42,42,sealed_final_ood,time_block,q3,38725,0.005035506778566817,0.0,0.005035506778566817,195,0,195,0.006868934677097788,0.0062244961969554384
main_seed42,42,sealed_final_ood,time_block,q4,38725,0.005190445448676566,0.0,0.005190445448676566,201,0,201,0.007266355156573359,0.0067985927686095215
main_seed42,42,sealed_final_ood,attack_label,benign,154900,0.0046094254357650095,0.0,0.0046094254357650095,714,0,714,0.006588798846888184,0.006297267857007676
main_seed42,42,sealed_final_ood,attack_family,benign,154900,0.0046094254357650095,0.0,0.0046094254357650095,714,0,714,0.006588798846888184,0.006297267857007676
main_seed42,42,sealed_final_ood,support_seen,unseen,154900,0.0046094254357650095,0.0,0.0046094254357650095,714,0,714,0.006588798846888184,0.006297267857007676
main_seed42,42,sealed_final_attack,source_group,processed/iotsim-ip-camera-street-1.csv,110104,0.8464451791033931,0.0,0.8464451791033931,93197,0,93197,0.8747845356060142,1.0
main_seed42,42,sealed_final_attack,source_family,iotsim-ip-camera-street,110104,0.8464451791033931,0.0,0.8464451791033931,93197,0,93197,0.8747845356060142,1.0
main_seed42,42,sealed_final_attack,device_family,ip-camera-street,110104,0.8464451791033931,0.0,0.8464451791033931,93197,0,93197,0.8747845356060142,1.0
main_seed42,42,sealed_final_attack,time_block,q1,27526,0.9999273414226549,0.0,0.9999273414226549,27524,0,27524,0.9998532428775084,1.0
main_seed42,42,sealed_final_attack,time_block,q2,27526,0.6342367216449902,0.0,0.6342367216449902,17458,0,17458,0.6884445957402079,0.9999959468841553
main_seed42,42,sealed_final_attack,time_block,q3,27526,0.7516893119232726,0.0,0.7516893119232726,20691,0,20691,0.8109067381414252,1.0
main_seed42,42,sealed_final_attack,time_block,q4,27526,0.9999273414226549,0.0,0.9999273414226549,27524,0,27524,0.9999335656649154,1.0
main_seed42,42,sealed_final_attack,attack_label,C&C Communication,90,0.4888888888888889,0.0,0.4888888888888889,44,0,44,0.5402759956571066,0.999550512433052
main_seed42,42,sealed_final_attack,attack_label,File Download,1231,1.0,0.0,1.0,1231,0,1231,0.9999951676660006,1.0
main_seed42,42,sealed_final_attack,attack_label,Ingress Tool Transfer,3702,0.33981631550513236,0.0,0.33981631550513236,1258,0,1258,0.42586298287908536,0.9774999231100082
main_seed42,42,sealed_final_attack,attack_label,Merlin ICMP Flooding,10011,1.0,0.0,1.0,10011,0,10011,0.9999243207428437,1.0
main_seed42,42,sealed_final_attack,attack_label,Merlin TCP Flooding,15000,1.0,0.0,1.0,15000,0,15000,0.9998639400998751,1.0
main_seed42,42,sealed_final_attack,attack_label,Merlin UDP Flooding,4996,0.999599679743795,0.0,0.999599679743795,4994,0,4994,0.9995788646944177,0.9999992847442627
main_seed42,42,sealed_final_attack,attack_label,Mirai GRE Flooding,15000,0.9998666666666667,0.0,0.9998666666666667,14998,0,14998,0.9998780885661642,1.0
main_seed42,42,sealed_final_attack,attack_label,Mirai TCP Flooding,15000,1.0,0.0,1.0,15000,0,15000,1.0,1.0
main_seed42,42,sealed_final_attack,attack_label,Mirai UDP Flooding,15000,0.9996,0.0,0.9996,14994,0,14994,0.9995997596526518,1.0
main_seed42,42,sealed_final_attack,attack_label,Reporting,74,0.4189189189189189,0.0,0.4189189189189189,31,0,31,0.41206123230576114,0.9817657262086866
main_seed42,42,sealed_final_attack,attack_label,TCP Scan,15000,0.6254,0.0,0.6254,9381,0,9381,0.6796027253277295,0.9991882503032684
main_seed42,42,sealed_final_attack,attack_label,Telnet Brute Force,15000,0.417,0.0,0.417,6255,0,6255,0.5494876157255585,0.9999784290790558
main_seed42,42,sealed_final_attack,attack_family,C&C Communication,90,0.4888888888888889,0.0,0.4888888888888889,44,0,44,0.5402759956571066,0.999550512433052
main_seed42,42,sealed_final_attack,attack_family,File Download,1231,1.0,0.0,1.0,1231,0,1231,0.9999951676660006,1.0
main_seed42,42,sealed_final_attack,attack_family,Ingress Tool,3702,0.33981631550513236,0.0,0.33981631550513236,1258,0,1258,0.42586298287908536,0.9774999231100082
main_seed42,42,sealed_final_attack,attack_family,Merlin ICMP,10011,1.0,0.0,1.0,10011,0,10011,0.9999243207428437,1.0
main_seed42,42,sealed_final_attack,attack_family,Merlin TCP,15000,1.0,0.0,1.0,15000,0,15000,0.9998639400998751,1.0
main_seed42,42,sealed_final_attack,attack_family,Merlin UDP,4996,0.999599679743795,0.0,0.999599679743795,4994,0,4994,0.9995788646944177,0.9999992847442627
main_seed42,42,sealed_final_attack,attack_family,Mirai GRE,15000,0.9998666666666667,0.0,0.9998666666666667,14998,0,14998,0.9998780885661642,1.0
main_seed42,42,sealed_final_attack,attack_family,Mirai TCP,15000,1.0,0.0,1.0,15000,0,15000,1.0,1.0
main_seed42,42,sealed_final_attack,attack_family,Mirai UDP,15000,0.9996,0.0,0.9996,14994,0,14994,0.9995997596526518,1.0
main_seed42,42,sealed_final_attack,attack_family,Reporting,74,0.4189189189189189,0.0,0.4189189189189189,31,0,31,0.41206123230576114,0.9817657262086866
main_seed42,42,sealed_final_attack,attack_family,TCP Scan,15000,0.6254,0.0,0.6254,9381,0,9381,0.6796027253277295,0.9991882503032684
main_seed42,42,sealed_final_attack,attack_family,Telnet Brute,15000,0.417,0.0,0.417,6255,0,6255,0.5494876157255585,0.9999784290790558
main_seed42,42,sealed_final_attack,support_seen,seen,79940,0.9693019764823618,0.0,0.9693019764823618,77486,0,77486,0.9732524896392983,1.0
main_seed42,42,sealed_final_attack,support_seen,unseen,30164,0.5208526720594086,0.0,0.5208526720594086,15711,0,15711,0.6138268295517533,0.9998680830001831
main_seed42,42,id_calib,source_group,processed/iotsim-cooler-motor-6.csv,22418,0.00231956463556071,0.0,0.00231956463556071,52,0,52,0.051492096619408095,0.1504013657569885
main_seed42,42,id_calib,source_group,processed/iotsim-cooler-motor-7.csv,22425,0.002318840579710145,0.0,0.002318840579710145,52,0,52,0.05223551778420152,0.1546498119831083
main_seed42,42,id_calib,source_group,processed/iotsim-cooler-motor-8.csv,5011,0.006984633805627619,0.0,0.006984633805627619,35,0,35,0.07690988984087432,0.33416350185871124
main_seed42,42,id_calib,source_group,processed/iotsim-cooler-motor-9.csv,1643,0.014607425441265977,0.0,0.014607425441265977,24,0,24,0.10858516100503854,0.5165574371814727
main_seed42,42,id_calib,source_family,iotsim-cooler-motor,51497,0.0031652329261898753,0.0,0.0031652329261898753,163,0,163,0.05611068966830124,0.1757433176040646
main_seed42,42,id_calib,device_family,iotsim-cooler-motor,51497,0.0031652329261898753,0.0,0.0031652329261898753,163,0,163,0.05611068966830124,0.1757433176040646
main_seed42,42,id_calib,time_block,q1,14235,0.009062170706006322,0.0,0.009062170706006322,129,0,129,0.083305456992599,0.35151206552982267
main_seed42,42,id_calib,time_block,q2,12229,0.0013083653610270669,0.0,0.0013083653610270669,16,0,16,0.048927430240991145,0.12871509790420532
main_seed42,42,id_calib,time_block,q3,11772,0.0008494733265375467,0.0,0.0008494733265375467,10,0,10,0.0460105266075782,0.12769206613302223
main_seed42,42,id_calib,time_block,q4,13261,0.0006032727546942162,0.0,0.0006032727546942162,8,0,8,0.04250882602498839,0.12740829586982727
main_seed42,42,id_calib,attack_label,benign,51497,0.0031652329261898753,0.0,0.0031652329261898753,163,0,163,0.05611068966830124,0.1757433176040646
main_seed42,42,id_calib,attack_family,benign,51497,0.0031652329261898753,0.0,0.0031652329261898753,163,0,163,0.05611068966830124,0.1757433176040646
main_seed42,42,id_calib,support_seen,unseen,51497,0.0031652329261898753,0.0,0.0031652329261898753,163,0,163,0.05611068966830124,0.1757433176040646
main_seed42,42,ood_val,source_group,processed/iotsim-hydraulic-system-12.csv,2446,0.009811937857726901,0.0,0.009811937857726901,24,0,24,0.01759109960633128,0.028525210916996002
main_seed42,42,ood_val,source_group,processed/iotsim-hydraulic-system-13.csv,2431,0.009872480460715755,0.0,0.009872480460715755,24,0,24,0.016913940459433615,0.027227915823459625
main_seed42,42,ood_val,source_group,processed/iotsim-hydraulic-system-14.csv,2431,0.008638420403126285,0.0,0.008638420403126285,21,0,21,0.01519571368527442,0.024150666780769825
main_seed42,42,ood_val,source_group,processed/iotsim-hydraulic-system-15.csv,2446,0.008994276369582993,0.0,0.008994276369582993,22,0,22,0.015967873327088756,0.026855351869016886
main_seed42,42,ood_val,source_group,processed/iotsim-hydraulic-system-2.csv,2451,0.013055895552835577,0.0,0.013055895552835577,32,0,32,0.021585031276002642,0.04346160404384136
main_seed42,42,ood_val,source_family,iotsim-hydraulic-system,12205,0.010077836952068825,0.0,0.010077836952068825,123,0,123,0.01745585650785851,0.031091296672821046
main_seed42,42,ood_val,device_family,iotsim-hydraulic-system,12205,0.010077836952068825,0.0,0.010077836952068825,123,0,123,0.01745585650785851,0.031091296672821046
main_seed42,42,ood_val,time_block,q1,3275,0.0317557251908397,0.0,0.0317557251908397,104,0,104,0.05714888676048578,0.5948526859283447
main_seed42,42,ood_val,time_block,q2,3174,0.004095778197857593,0.0,0.004095778197857593,13,0,13,0.0049834714262861875,0.004258262948133051
main_seed42,42,ood_val,time_block,q3,3237,0.0,0.0,0.0,0,0,0,0.0010771667715966705,0.002402485581114887
main_seed42,42,ood_val,time_block,q4,2519,0.0023818975784041284,0.0,0.0023818975784041284,6,0,6,0.002612861211247077,0.0029528810409829016
main_seed42,42,ood_val,attack_label,benign,12205,0.010077836952068825,0.0,0.010077836952068825,123,0,123,0.01745585650785851,0.031091296672821046
main_seed42,42,ood_val,attack_family,benign,12205,0.010077836952068825,0.0,0.010077836952068825,123,0,123,0.01745585650785851,0.031091296672821046
main_seed42,42,ood_val,support_seen,unseen,12205,0.010077836952068825,0.0,0.010077836952068825,123,0,123,0.01745585650785851,0.031091296672821046
main_seed42,42,ood_stress,source_group,processed/iotsim-stream-consumer-2.csv,79950,0.009143214509068168,0.0,0.009143214509068168,731,0,731,0.009644157383127797,2.9597056072816564e-05
main_seed42,42,ood_stress,source_family,iotsim-stream-consumer,79950,0.009143214509068168,0.0,0.009143214509068168,731,0,731,0.009644157383127797,2.9597056072816564e-05
main_seed42,42,ood_stress,device_family,iotsim-stream-consumer,79950,0.009143214509068168,0.0,0.009143214509068168,731,0,731,0.009644157383127797,2.9597056072816564e-05
main_seed42,42,ood_stress,time_block,q1,28717,0.008914580213810634,0.0,0.008914580213810634,256,0,256,0.009843113864949255,3.753290657186858e-05
main_seed42,42,ood_stress,time_block,q2,28769,0.009593659842191248,0.0,0.009593659842191248,276,0,276,0.009818404969421246,2.5450289467698724e-05
main_seed42,42,ood_stress,time_block,q3,22464,0.008858618233618233,0.0,0.008858618233618233,199,0,199,0.009166666192843648,2.5792368342081147e-05
main_seed42,42,ood_stress,attack_label,benign,79950,0.009143214509068168,0.0,0.009143214509068168,731,0,731,0.009644157383127797,2.9597056072816564e-05
main_seed42,42,ood_stress,attack_family,benign,79950,0.009143214509068168,0.0,0.009143214509068168,731,0,731,0.009644157383127797,2.9597056072816564e-05
main_seed42,42,ood_stress,support_seen,unseen,79950,0.009143214509068168,0.0,0.009143214509068168,731,0,731,0.009644157383127797,2.9597056072816564e-05
main_seed42,42,support_val,source_group,processed/iotsim-city-power-1.csv,23,0.9565217391304348,0.0,0.9565217391304348,22,0,22,0.9823786901391071,1.0
main_seed42,42,support_val,source_group,processed/iotsim-combined-cycle-10.csv,6,1.0,0.0,1.0,6,0,6,0.988604724407196,1.0
main_seed42,42,support_val,source_group,processed/iotsim-ip-camera-museum-1.csv,40,0.975,0.0,0.975,39,0,39,0.9907070249319077,1.0
main_seed42,42,support_val,source_family,iotsim-city-power,23,0.9565217391304348,0.0,0.9565217391304348,22,0,22,0.9823786901391071,1.0
main_seed42,42,support_val,source_family,iotsim-combined-cycle,6,1.0,0.0,1.0,6,0,6,0.988604724407196,1.0
main_seed42,42,support_val,source_family,iotsim-ip-camera-museum,40,0.975,0.0,0.975,39,0,39,0.9907070249319077,1.0
main_seed42,42,support_val,device_family,city-power,23,0.9565217391304348,0.0,0.9565217391304348,22,0,22,0.9823786901391071,1.0
main_seed42,42,support_val,device_family,combined-cycle,6,1.0,0.0,1.0,6,0,6,0.988604724407196,1.0
main_seed42,42,support_val,device_family,ip-camera-museum,40,0.975,0.0,0.975,39,0,39,0.9907070249319077,1.0
main_seed42,42,support_val,time_block,q1,17,0.9411764705882353,0.0,0.9411764705882353,16,0,16,0.9758113727850073,1.0
main_seed42,42,support_val,time_block,q2,19,1.0,0.0,1.0,19,0,19,0.996383409751089,1.0
main_seed42,42,support_val,time_block,q3,13,1.0,0.0,1.0,13,0,13,0.9999878039726844,1.0
main_seed42,42,support_val,time_block,q4,20,0.95,0.0,0.95,19,0,19,0.9817349821329117,1.0
main_seed42,42,support_val,attack_label,File Download,3,1.0,0.0,1.0,3,0,3,1.0,1.0
main_seed42,42,support_val,attack_label,Ingress Tool Transfer,3,1.0,0.0,1.0,3,0,3,0.9772094488143921,1.0
main_seed42,42,support_val,attack_label,Merlin C&C Communication,5,1.0,0.0,1.0,5,0,5,0.9999831438064575,1.0
main_seed42,42,support_val,attack_label,Merlin ICMP Flooding,8,0.875,0.0,0.875,7,0,7,0.9486268684267998,0.9999689936637879
main_seed42,42,support_val,attack_label,Merlin TCP Flooding,11,1.0,0.0,1.0,11,0,11,0.9999687671661377,0.9999997615814209
main_seed42,42,support_val,attack_label,Merlin UDP Flooding,6,1.0,0.0,1.0,6,0,6,0.9999771118164062,1.0
main_seed42,42,support_val,attack_label,Mirai C&C Communication,2,0.5,0.0,0.5,1,0,1,0.8173865973949432,0.9817386597394943
main_seed42,42,support_val,attack_label,Mirai GRE Flooding,10,1.0,0.0,1.0,10,0,10,1.0,1.0
main_seed42,42,support_val,attack_label,Mirai TCP Flooding,10,1.0,0.0,1.0,10,0,10,1.0,1.0
main_seed42,42,support_val,attack_label,Mirai UDP Flooding,11,1.0,0.0,1.0,11,0,11,0.9999788999557495,1.0
main_seed42,42,support_val,attack_family,File Download,3,1.0,0.0,1.0,3,0,3,1.0,1.0
main_seed42,42,support_val,attack_family,Ingress Tool,3,1.0,0.0,1.0,3,0,3,0.9772094488143921,1.0
main_seed42,42,support_val,attack_family,Merlin C&C,5,1.0,0.0,1.0,5,0,5,0.9999831438064575,1.0
main_seed42,42,support_val,attack_family,Merlin ICMP,8,0.875,0.0,0.875,7,0,7,0.9486268684267998,0.9999689936637879
main_seed42,42,support_val,attack_family,Merlin TCP,11,1.0,0.0,1.0,11,0,11,0.9999687671661377,0.9999997615814209
main_seed42,42,support_val,attack_family,Merlin UDP,6,1.0,0.0,1.0,6,0,6,0.9999771118164062,1.0
main_seed42,42,support_val,attack_family,Mirai C&C,2,0.5,0.0,0.5,1,0,1,0.8173865973949432,0.9817386597394943
main_seed42,42,support_val,attack_family,Mirai GRE,10,1.0,0.0,1.0,10,0,10,1.0,1.0
main_seed42,42,support_val,attack_family,Mirai TCP,10,1.0,0.0,1.0,10,0,10,1.0,1.0
main_seed42,42,support_val,attack_family,Mirai UDP,11,1.0,0.0,1.0,11,0,11,0.9999788999557495,1.0
main_seed42,42,support_val,support_seen,seen,69,0.9710144927536232,0.0,0.9710144927536232,67,0,67,0.9877481045930282,1.0
main_seed42,42,same_file_query,source_group,processed/iotsim-combined-cycle-10.csv,2486,0.998390989541432,0.0,0.998390989541432,2482,0,2482,0.8759442456128846,0.9999875426292419
main_seed42,42,same_file_query,source_group,processed/iotsim-ip-camera-museum-1.csv,65263,0.9982991894335228,0.0,0.9982991894335228,65152,0,65152,0.9979764914319009,1.0
main_seed42,42,same_file_query,source_family,iotsim-combined-cycle,2486,0.998390989541432,0.0,0.998390989541432,2482,0,2482,0.8759442456128846,0.9999875426292419
main_seed42,42,same_file_query,source_family,iotsim-ip-camera-museum,65263,0.9982991894335228,0.0,0.9982991894335228,65152,0,65152,0.9979764914319009,1.0
main_seed42,42,same_file_query,device_family,combined-cycle,2486,0.998390989541432,0.0,0.998390989541432,2482,0,2482,0.8759442456128846,0.9999875426292419
main_seed42,42,same_file_query,device_family,ip-camera-museum,65263,0.9982991894335228,0.0,0.9982991894335228,65152,0,65152,0.9979764914319009,1.0
main_seed42,42,same_file_query,time_block,q1,19977,0.9993492516393853,0.0,0.9993492516393853,19964,0,19964,0.9982869360808798,1.0
main_seed42,42,same_file_query,time_block,q2,11666,0.9913423624207097,0.0,0.9913423624207097,11565,0,11565,0.9652919072241031,1.0
main_seed42,42,same_file_query,time_block,q3,4686,1.0,0.0,1.0,4686,0,4686,1.0,1.0
main_seed42,42,same_file_query,time_block,q4,31420,0.9999681731381286,0.0,0.9999681731381286,31419,0,31419,0.9999574679551133,1.0
main_seed42,42,same_file_query,attack_label,File Download,105,1.0,0.0,1.0,105,0,105,1.0,1.0
main_seed42,42,same_file_query,attack_label,Ingress Tool Transfer,2381,0.998320033599328,0.0,0.998320033599328,2377,0,2377,0.8704734962594,0.9976752400398254
main_seed42,42,same_file_query,attack_label,Merlin C&C Communication,6827,0.984766368829647,0.0,0.984766368829647,6723,0,6723,0.984830009252386,1.0
main_seed42,42,same_file_query,attack_label,Merlin ICMP Flooding,7038,0.999289570900824,0.0,0.999289570900824,7033,0,7033,0.9992528299182551,0.9999890327453613
main_seed42,42,same_file_query,attack_label,Merlin TCP Flooding,12000,0.9999166666666667,0.0,0.9999166666666667,11999,0,11999,0.9999127076104051,1.0
main_seed42,42,same_file_query,attack_label,Merlin UDP Flooding,3292,1.0,0.0,1.0,3292,0,3292,0.9936657763411034,0.9967366218566894
main_seed42,42,same_file_query,attack_label,Mirai C&C Communication,106,0.9905660377358491,0.0,0.9905660377358491,105,0,105,0.9873928599024437,0.9999986588954926
main_seed42,42,same_file_query,attack_label,Mirai GRE Flooding,12000,1.0,0.0,1.0,12000,0,12000,1.0,1.0
main_seed42,42,same_file_query,attack_label,Mirai TCP Flooding,12000,1.0,0.0,1.0,12000,0,12000,1.0,1.0
main_seed42,42,same_file_query,attack_label,Mirai UDP Flooding,12000,1.0,0.0,1.0,12000,0,12000,1.0,1.0
main_seed42,42,same_file_query,attack_family,File Download,105,1.0,0.0,1.0,105,0,105,1.0,1.0
main_seed42,42,same_file_query,attack_family,Ingress Tool,2381,0.998320033599328,0.0,0.998320033599328,2377,0,2377,0.8704734962594,0.9976752400398254
main_seed42,42,same_file_query,attack_family,Merlin C&C,6827,0.984766368829647,0.0,0.984766368829647,6723,0,6723,0.984830009252386,1.0
main_seed42,42,same_file_query,attack_family,Merlin ICMP,7038,0.999289570900824,0.0,0.999289570900824,7033,0,7033,0.9992528299182551,0.9999890327453613
main_seed42,42,same_file_query,attack_family,Merlin TCP,12000,0.9999166666666667,0.0,0.9999166666666667,11999,0,11999,0.9999127076104051,1.0
main_seed42,42,same_file_query,attack_family,Merlin UDP,3292,1.0,0.0,1.0,3292,0,3292,0.9936657763411034,0.9967366218566894
main_seed42,42,same_file_query,attack_family,Mirai C&C,106,0.9905660377358491,0.0,0.9905660377358491,105,0,105,0.9873928599024437,0.9999986588954926
main_seed42,42,same_file_query,attack_family,Mirai GRE,12000,1.0,0.0,1.0,12000,0,12000,1.0,1.0
main_seed42,42,same_file_query,attack_family,Mirai TCP,12000,1.0,0.0,1.0,12000,0,12000,1.0,1.0
main_seed42,42,same_file_query,attack_family,Mirai UDP,12000,1.0,0.0,1.0,12000,0,12000,1.0,1.0
main_seed42,42,same_file_query,support_seen,seen,67749,0.9983025579713354,0.0,0.9983025579713354,67634,0,67634,0.9934986074320474,1.0
main_seed42,42,future_query,source_group,processed/iotsim-combined-cycle-1.csv,88575,0.9821281399943551,0.0,0.9821281399943551,86992,0,86992,0.9770246234493406,1.0
main_seed42,42,future_query,source_group,processed/iotsim-combined-cycle-10.csv,24154,0.5777096961165853,0.0,0.5777096961165853,13954,0,13954,0.6736730269081267,0.9547438859939573
main_seed42,42,future_query,source_group,processed/iotsim-domotic-monitor-1.csv,91812,0.8921709580447,0.0,0.8921709580447,81912,0,81912,0.907029274033011,1.0
main_seed42,42,future_query,source_group,processed/iotsim-ip-camera-museum-1.csv,24108,0.9934876389580223,0.0,0.9934876389580223,23951,0,23951,0.9905853288499032,0.9999877214431763
main_seed42,42,future_query,source_family,iotsim-combined-cycle,112729,0.8954749886896894,0.0,0.8954749886896894,100946,0,100946,0.9120266685055686,1.0
main_seed42,42,future_query,source_family,iotsim-domotic-monitor,91812,0.8921709580447,0.0,0.8921709580447,81912,0,81912,0.907029274033011,1.0
main_seed42,42,future_query,source_family,iotsim-ip-camera-museum,24108,0.9934876389580223,0.0,0.9934876389580223,23951,0,23951,0.9905853288499032,0.9999877214431763
main_seed42,42,future_query,device_family,combined-cycle,112729,0.8954749886896894,0.0,0.8954749886896894,100946,0,100946,0.9120266685055686,1.0
main_seed42,42,future_query,device_family,domotic-monitor,91812,0.8921709580447,0.0,0.8921709580447,81912,0,81912,0.907029274033011,1.0
main_seed42,42,future_query,device_family,ip-camera-museum,24108,0.9934876389580223,0.0,0.9934876389580223,23951,0,23951,0.9905853288499032,0.9999877214431763
main_seed42,42,future_query,time_block,q1,62514,0.9856032248776274,0.0,0.9856032248776274,61614,0,61614,0.9773526222529021,1.0
main_seed42,42,future_query,time_block,q2,48836,0.7214964370546318,0.0,0.7214964370546318,35235,0,35235,0.8203402888717367,1.0
main_seed42,42,future_query,time_block,q3,46976,0.8446014986376021,0.0,0.8446014986376021,39676,0,39676,0.8205070900354772,1.0
main_seed42,42,future_query,time_block,q4,70323,0.9994454161511881,0.0,0.9994454161511881,70284,0,70284,0.9991689190312114,1.0
main_seed42,42,future_query,attack_label,C&C Communication,172,0.7732558139534884,0.0,0.7732558139534884,133,0,133,0.7197001036202405,0.999985420703888
main_seed42,42,future_query,attack_label,CoAP Amplification,12000,0.9994166666666666,0.0,0.9994166666666666,11993,0,11993,0.9985890839497248,1.0
main_seed42,42,future_query,attack_label,File Download,1187,1.0,0.0,1.0,1187,0,1187,0.9999999698712831,1.0
main_seed42,42,future_query,attack_label,Ingress Tool Transfer,3786,0.9952456418383518,0.0,0.9952456418383518,3768,0,3768,0.8862707705285677,0.9999848008155823
main_seed42,42,future_query,attack_label,Merlin C&C Communication,9933,0.9542937682472566,0.0,0.9542937682472566,9479,0,9479,0.9577160435913032,1.0
main_seed42,42,future_query,attack_label,Merlin ICMP Flooding,18835,0.989540748606318,0.0,0.989540748606318,18638,0,18638,0.9879602207300016,0.9999998807907104
main_seed42,42,future_query,attack_label,Merlin TCP Flooding,24000,0.970125,0.0,0.970125,23283,0,23283,0.972134998846737,1.0
main_seed42,42,future_query,attack_label,Merlin UDP Flooding,10000,0.9988,0.0,0.9988,9988,0,9988,0.9988519527373836,1.0
main_seed42,42,future_query,attack_label,Mirai C&C Communication,358,0.8910614525139665,0.0,0.8910614525139665,319,0,319,0.8372704963558796,1.0
main_seed42,42,future_query,attack_label,Mirai GRE Flooding,24000,1.0,0.0,1.0,24000,0,24000,1.0,1.0
main_seed42,42,future_query,attack_label,Mirai TCP Flooding,24000,1.0,0.0,1.0,24000,0,24000,1.0,1.0
main_seed42,42,future_query,attack_label,Mirai UDP Flooding,24000,1.0,0.0,1.0,24000,0,24000,0.9999903808161617,1.0
main_seed42,42,future_query,attack_label,Reporting,136,0.5514705882352942,0.0,0.5514705882352942,75,0,75,0.6230557865152457,0.9633150845766068
main_seed42,42,future_query,attack_label,TCP Scan,36000,0.7969722222222222,0.0,0.7969722222222222,28691,0,28691,0.7961144439905201,0.9999417126178741
main_seed42,42,future_query,attack_label,Telnet Brute Force,36000,0.6444722222222222,0.0,0.6444722222222222,23201,0,23201,0.7580971293205936,0.9999765157699585
main_seed42,42,future_query,attack_label,UDP Scan,4242,0.9556812824139557,0.0,0.9556812824139557,4054,0,4054,0.8352028951277181,0.906496050953865
main_seed42,42,future_query,attack_family,C&C Communication,172,0.7732558139534884,0.0,0.7732558139534884,133,0,133,0.7197001036202405,0.999985420703888
main_seed42,42,future_query,attack_family,CoAP Amplification,12000,0.9994166666666666,0.0,0.9994166666666666,11993,0,11993,0.9985890839497248,1.0
main_seed42,42,future_query,attack_family,File Download,1187,1.0,0.0,1.0,1187,0,1187,0.9999999698712831,1.0
main_seed42,42,future_query,attack_family,Ingress Tool,3786,0.9952456418383518,0.0,0.9952456418383518,3768,0,3768,0.8862707705285677,0.9999848008155823
main_seed42,42,future_query,attack_family,Merlin C&C,9933,0.9542937682472566,0.0,0.9542937682472566,9479,0,9479,0.9577160435913032,1.0
main_seed42,42,future_query,attack_family,Merlin ICMP,18835,0.989540748606318,0.0,0.989540748606318,18638,0,18638,0.9879602207300016,0.9999998807907104
main_seed42,42,future_query,attack_family,Merlin TCP,24000,0.970125,0.0,0.970125,23283,0,23283,0.972134998846737,1.0
main_seed42,42,future_query,attack_family,Merlin UDP,10000,0.9988,0.0,0.9988,9988,0,9988,0.9988519527373836,1.0
main_seed42,42,future_query,attack_family,Mirai C&C,358,0.8910614525139665,0.0,0.8910614525139665,319,0,319,0.8372704963558796,1.0
main_seed42,42,future_query,attack_family,Mirai GRE,24000,1.0,0.0,1.0,24000,0,24000,1.0,1.0
main_seed42,42,future_query,attack_family,Mirai TCP,24000,1.0,0.0,1.0,24000,0,24000,1.0,1.0
main_seed42,42,future_query,attack_family,Mirai UDP,24000,1.0,0.0,1.0,24000,0,24000,0.9999903808161617,1.0
main_seed42,42,future_query,attack_family,Reporting,136,0.5514705882352942,0.0,0.5514705882352942,75,0,75,0.6230557865152457,0.9633150845766068
main_seed42,42,future_query,attack_family,TCP Scan,36000,0.7969722222222222,0.0,0.7969722222222222,28691,0,28691,0.7961144439905201,0.9999417126178741
main_seed42,42,future_query,attack_family,Telnet Brute,36000,0.6444722222222222,0.0,0.6444722222222222,23201,0,23201,0.7580971293205936,0.9999765157699585
main_seed42,42,future_query,attack_family,UDP Scan,4242,0.9556812824139557,0.0,0.9556812824139557,4054,0,4054,0.8352028951277181,0.906496050953865
main_seed42,42,future_query,support_seen,seen,140099,0.9897429674730013,0.0,0.9897429674730013,138662,0,138662,0.9870371437117978,1.0
main_seed42,42,future_query,support_seen,unseen,88550,0.769587803500847,0.0,0.769587803500847,68147,0,68147,0.8095555091193375,1.0
main_seed42,42,sealed_final_ood,source_group,processed/iotsim-ip-camera-museum-2.csv,54950,0.0031847133757961785,0.0,0.0031847133757961785,175,0,175,0.0034374046674895712,1.423128469468789e-05
main_seed42,42,sealed_final_ood,source_group,processed/iotsim-ip-camera-street-2.csv,99950,0.0054127063531765884,0.0,0.0054127063531765884,541,0,541,0.0056400774186408,9.79630447545786e-05
main_seed42,42,sealed_final_ood,source_family,iotsim-ip-camera-museum,54950,0.0031847133757961785,0.0,0.0031847133757961785,175,0,175,0.0034374046674895712,1.423128469468789e-05
main_seed42,42,sealed_final_ood,source_family,iotsim-ip-camera-street,99950,0.0054127063531765884,0.0,0.0054127063531765884,541,0,541,0.0056400774186408,9.79630447545786e-05
main_seed42,42,sealed_final_ood,device_family,iotsim-ip-camera-museum,54950,0.0031847133757961785,0.0,0.0031847133757961785,175,0,175,0.0034374046674895712,1.423128469468789e-05
main_seed42,42,sealed_final_ood,device_family,iotsim-ip-camera-street,99950,0.0054127063531765884,0.0,0.0054127063531765884,541,0,541,0.0056400774186408,9.79630447545786e-05
main_seed42,42,sealed_final_ood,time_block,q1,38725,0.004105874757908328,0.0,0.004105874757908328,159,0,159,0.004886716569685056,5.316356764524224e-05
main_seed42,42,sealed_final_ood,time_block,q2,38725,0.004131697869593286,0.0,0.004131697869593286,160,0,160,0.004167407323331682,4.594227502821009e-05
main_seed42,42,sealed_final_ood,time_block,q3,38725,0.005035506778566817,0.0,0.005035506778566817,195,0,195,0.005093853914316796,7.46493547922e-05
main_seed42,42,sealed_final_ood,time_block,q4,38725,0.005216268560361523,0.0,0.005216268560361523,202,0,202,0.005286783315241027,9.45224936003793e-05
main_seed42,42,sealed_final_ood,attack_label,benign,154900,0.004622336991607488,0.0,0.004622336991607488,716,0,716,0.00485869028064364,6.697870194329877e-05
main_seed42,42,sealed_final_ood,attack_family,benign,154900,0.004622336991607488,0.0,0.004622336991607488,716,0,716,0.00485869028064364,6.697870194329877e-05
main_seed42,42,sealed_final_ood,support_seen,unseen,154900,0.004622336991607488,0.0,0.004622336991607488,716,0,716,0.00485869028064364,6.697870194329877e-05
main_seed42,42,sealed_final_attack,source_group,processed/iotsim-ip-camera-street-1.csv,110104,0.7748583157741772,0.0,0.7748583157741772,85315,0,85315,0.7885159947600089,1.0
main_seed42,42,sealed_final_attack,source_family,iotsim-ip-camera-street,110104,0.7748583157741772,0.0,0.7748583157741772,85315,0,85315,0.7885159947600089,1.0
main_seed42,42,sealed_final_attack,device_family,ip-camera-street,110104,0.7748583157741772,0.0,0.7748583157741772,85315,0,85315,0.7885159947600089,1.0
main_seed42,42,sealed_final_attack,time_block,q1,27526,0.9595655017074766,0.0,0.9595655017074766,26413,0,26413,0.9639729589995185,1.0
main_seed42,42,sealed_final_attack,time_block,q2,27526,0.3546101867325438,0.0,0.3546101867325438,9761,0,9761,0.38238982134507843,0.9999469518661499
main_seed42,42,sealed_final_attack,time_block,q3,27526,0.7853302332340333,0.0,0.7853302332340333,21617,0,21617,0.8077681565330125,1.0
main_seed42,42,sealed_final_attack,time_block,q4,27526,0.9999273414226549,0.0,0.9999273414226549,27524,0,27524,0.9999330421624264,1.0
main_seed42,42,sealed_final_attack,attack_label,C&C Communication,90,0.3333333333333333,0.0,0.3333333333333333,30,0,30,0.3952664751560911,0.9999601125717164
main_seed42,42,sealed_final_attack,attack_label,File Download,1231,0.8472786352558895,0.0,0.8472786352558895,1043,0,1043,0.8886188349707747,0.9999990463256836
main_seed42,42,sealed_final_attack,attack_label,Ingress Tool Transfer,3702,0.1496488384656942,0.0,0.1496488384656942,554,0,554,0.19571726756412433,0.9919079095125198
main_seed42,42,sealed_final_attack,attack_label,Merlin ICMP Flooding,10011,0.9843172510238737,0.0,0.9843172510238737,9854,0,9854,0.9782997422994237,0.9999024271965027
main_seed42,42,sealed_final_attack,attack_label,Merlin TCP Flooding,15000,0.9332,0.0,0.9332,13998,0,13998,0.9293281245018045,1.0
main_seed42,42,sealed_final_attack,attack_label,Merlin UDP Flooding,4996,0.999599679743795,0.0,0.999599679743795,4994,0,4994,0.9995966555154954,1.0
main_seed42,42,sealed_final_attack,attack_label,Mirai GRE Flooding,15000,0.9998666666666667,0.0,0.9998666666666667,14998,0,14998,0.9998771279041966,1.0
main_seed42,42,sealed_final_attack,attack_label,Mirai TCP Flooding,15000,1.0,0.0,1.0,15000,0,15000,1.0,1.0
main_seed42,42,sealed_final_attack,attack_label,Mirai UDP Flooding,15000,0.9996,0.0,0.9996,14994,0,14994,0.9995997968834975,1.0
main_seed42,42,sealed_final_attack,attack_label,Reporting,74,0.0945945945945946,0.0,0.0945945945945946,7,0,7,0.14545943547132945,0.9665514856576917
main_seed42,42,sealed_final_attack,attack_label,TCP Scan,15000,0.17233333333333334,0.0,0.17233333333333334,2585,0,2585,0.2188744724493233,0.9935772567987441
main_seed42,42,sealed_final_attack,attack_label,Telnet Brute Force,15000,0.48386666666666667,0.0,0.48386666666666667,7258,0,7258,0.5300703705665608,0.9999743700027466
main_seed42,42,sealed_final_attack,attack_family,C&C Communication,90,0.3333333333333333,0.0,0.3333333333333333,30,0,30,0.3952664751560911,0.9999601125717164
main_seed42,42,sealed_final_attack,attack_family,File Download,1231,0.8472786352558895,0.0,0.8472786352558895,1043,0,1043,0.8886188349707747,0.9999990463256836
main_seed42,42,sealed_final_attack,attack_family,Ingress Tool,3702,0.1496488384656942,0.0,0.1496488384656942,554,0,554,0.19571726756412433,0.9919079095125198
main_seed42,42,sealed_final_attack,attack_family,Merlin ICMP,10011,0.9843172510238737,0.0,0.9843172510238737,9854,0,9854,0.9782997422994237,0.9999024271965027
main_seed42,42,sealed_final_attack,attack_family,Merlin TCP,15000,0.9332,0.0,0.9332,13998,0,13998,0.9293281245018045,1.0
main_seed42,42,sealed_final_attack,attack_family,Merlin UDP,4996,0.999599679743795,0.0,0.999599679743795,4994,0,4994,0.9995966555154954,1.0
main_seed42,42,sealed_final_attack,attack_family,Mirai GRE,15000,0.9998666666666667,0.0,0.9998666666666667,14998,0,14998,0.9998771279041966,1.0
main_seed42,42,sealed_final_attack,attack_family,Mirai TCP,15000,1.0,0.0,1.0,15000,0,15000,1.0,1.0
main_seed42,42,sealed_final_attack,attack_family,Mirai UDP,15000,0.9996,0.0,0.9996,14994,0,14994,0.9995997968834975,1.0
main_seed42,42,sealed_final_attack,attack_family,Reporting,74,0.0945945945945946,0.0,0.0945945945945946,7,0,7,0.14545943547132945,0.9665514856576917
main_seed42,42,sealed_final_attack,attack_family,TCP Scan,15000,0.17233333333333334,0.0,0.17233333333333334,2585,0,2585,0.2188744724493233,0.9935772567987441
main_seed42,42,sealed_final_attack,attack_family,Telnet Brute,15000,0.48386666666666667,0.0,0.48386666666666667,7258,0,7258,0.5300703705665608,0.9999743700027466
main_seed42,42,sealed_final_attack,support_seen,seen,79940,0.9436452339254441,0.0,0.9436452339254441,75435,0,75435,0.9449368834229277,1.0
main_seed42,42,sealed_final_attack,support_seen,unseen,30164,0.3275427662113778,0.0,0.3275427662113778,9880,0,9880,0.373972637124625,0.9999100625514984
