job_index,job_label,weighting,seed,stage,role,attack_label,device,support_coverage,rows,parent_hard_detection,temporal_hard_detection,temporal_suppress_rate,temporal_attack_min,temporal_attack_p50,temporal_attack_p90,temporal_attack_p95,temporal_attack_p99,temporal_attack_max,temporal_attack_mean,temporal_attack_std
1,medium_ratio_seed42,medium_mass_ratio_recalibrated,42,calibration_select,support_val,File Download,combined-cycle,seen_in_support,3,0.6666666666666666,0.6666666666666666,0.0,2.939835892077895e-05,0.9998206696579218,0.9998206696579218,0.9998206696579218,0.9998206696579218,0.9998206696579218,0.6665569125582548,0.47130612513776193
1,medium_ratio_seed42,medium_mass_ratio_recalibrated,42,calibration_select,support_val,Ingress Tool Transfer,combined-cycle,seen_in_support,3,1.0,0.6666666666666666,0.0,2.939835892077895e-05,0.9998206696579218,0.9998206696579218,0.9998206696579218,0.9998206696579218,0.9998206696579218,0.6665569125582548,0.47130612513776193
1,medium_ratio_seed42,medium_mass_ratio_recalibrated,42,calibration_select,support_val,Merlin C&C Communication,ip-camera-museum,seen_in_support,5,1.0,1.0,0.0,0.9998206696579218,0.9998206696579218,0.9998206696579218,0.9998206696579218,0.9998206696579218,0.9998206696579218,0.9998206696579219,1.1102230246251565e-16
1,medium_ratio_seed42,medium_mass_ratio_recalibrated,42,calibration_select,support_val,Merlin ICMP Flooding,city-power,seen_in_support,1,1.0,0.0,0.0,2.939835892077895e-05,2.939835892077895e-05,2.939835892077895e-05,2.939835892077895e-05,2.939835892077895e-05,2.939835892077895e-05,2.939835892077895e-05,0.0
1,medium_ratio_seed42,medium_mass_ratio_recalibrated,42,calibration_select,support_val,Merlin ICMP Flooding,ip-camera-museum,seen_in_support,7,1.0,1.0,0.0,0.9998206696579218,0.9998206696579218,0.9998206696579218,0.9998206696579218,0.9998206696579218,0.9998206696579218,0.9998206696579218,0.0
1,medium_ratio_seed42,medium_mass_ratio_recalibrated,42,calibration_select,support_val,Merlin TCP Flooding,city-power,seen_in_support,6,1.0,0.6666666666666666,0.0,2.939835892077895e-05,0.9998206696579218,0.9998206696579218,0.9998206696579218,0.9998206696579218,0.9998206696579218,0.6665569125582548,0.47130612513776193
1,medium_ratio_seed42,medium_mass_ratio_recalibrated,42,calibration_select,support_val,Merlin TCP Flooding,ip-camera-museum,seen_in_support,5,1.0,1.0,0.0,0.9998206696579218,0.9998206696579218,0.9998206696579218,0.9998206696579218,0.9998206696579218,0.9998206696579218,0.9998206696579219,1.1102230246251565e-16
1,medium_ratio_seed42,medium_mass_ratio_recalibrated,42,calibration_select,support_val,Merlin UDP Flooding,city-power,seen_in_support,3,1.0,1.0,0.0,0.9998206696579218,0.9998206696579218,0.9998206696579218,0.9998206696579218,0.9998206696579218,0.9998206696579218,0.9998206696579218,0.0
1,medium_ratio_seed42,medium_mass_ratio_recalibrated,42,calibration_select,support_val,Merlin UDP Flooding,ip-camera-museum,seen_in_support,3,1.0,1.0,0.0,0.9998206696579218,0.9998206696579218,0.9998206696579218,0.9998206696579218,0.9998206696579218,0.9998206696579218,0.9998206696579218,0.0
1,medium_ratio_seed42,medium_mass_ratio_recalibrated,42,calibration_select,support_val,Mirai C&C Communication,ip-camera-museum,seen_in_support,2,0.5,0.5,0.0,2.939835892077895e-05,0.4999250340084213,0.8998415425280217,0.9498311060929717,0.9898227569449318,0.9998206696579218,0.4999250340084213,0.4998956356495005
1,medium_ratio_seed42,medium_mass_ratio_recalibrated,42,calibration_select,support_val,Mirai GRE Flooding,city-power,seen_in_support,4,1.0,1.0,0.0,0.9998206696579218,0.9998206696579218,0.9998206696579218,0.9998206696579218,0.9998206696579218,0.9998206696579218,0.9998206696579218,0.0
1,medium_ratio_seed42,medium_mass_ratio_recalibrated,42,calibration_select,support_val,Mirai GRE Flooding,ip-camera-museum,seen_in_support,6,1.0,1.0,0.0,0.9998206696579218,0.9998206696579218,0.9998206696579218,0.9998206696579218,0.9998206696579218,0.9998206696579218,0.9998206696579218,0.0
1,medium_ratio_seed42,medium_mass_ratio_recalibrated,42,calibration_select,support_val,Mirai TCP Flooding,city-power,seen_in_support,4,1.0,1.0,0.0,0.9998206696579218,0.9998206696579218,0.9998206696579218,0.9998206696579218,0.9998206696579218,0.9998206696579218,0.9998206696579218,0.0
1,medium_ratio_seed42,medium_mass_ratio_recalibrated,42,calibration_select,support_val,Mirai TCP Flooding,ip-camera-museum,seen_in_support,6,1.0,1.0,0.0,0.9998206696579218,0.9998206696579218,0.9998206696579218,0.9998206696579218,0.9998206696579218,0.9998206696579218,0.9998206696579218,0.0
1,medium_ratio_seed42,medium_mass_ratio_recalibrated,42,calibration_select,support_val,Mirai UDP Flooding,city-power,seen_in_support,5,1.0,1.0,0.0,0.9998206696579218,0.9998206696579218,0.9998206696579218,0.9998206696579218,0.9998206696579218,0.9998206696579218,0.9998206696579219,1.1102230246251565e-16
1,medium_ratio_seed42,medium_mass_ratio_recalibrated,42,calibration_select,support_val,Mirai UDP Flooding,ip-camera-museum,seen_in_support,6,1.0,1.0,0.0,0.9998206696579218,0.9998206696579218,0.9998206696579218,0.9998206696579218,0.9998206696579218,0.9998206696579218,0.9998206696579218,0.0
1,medium_ratio_seed42,medium_mass_ratio_recalibrated,42,read_only,same_file_query,File Download,combined-cycle,seen_in_support,105,1.0,1.0,0.0,0.9998206696579218,0.9998206696579218,0.9998206696579218,0.9998206696579218,0.9998206696579218,0.9998206696579218,0.9998206696579218,0.0
1,medium_ratio_seed42,medium_mass_ratio_recalibrated,42,read_only,same_file_query,Ingress Tool Transfer,combined-cycle,seen_in_support,2381,0.0,0.0,0.0,2.939835892077895e-05,2.939835892077895e-05,2.939835892077895e-05,2.939835892077895e-05,2.939835892077895e-05,2.939835892077895e-05,2.9398358920778954e-05,3.3881317890172014e-21
1,medium_ratio_seed42,medium_mass_ratio_recalibrated,42,read_only,same_file_query,Merlin C&C Communication,ip-camera-museum,seen_in_support,6827,0.9266149113812802,0.9264684341584883,0.0,2.939835892077895e-05,0.9998206696579218,0.9998206696579218,0.9998206696579218,0.9998206696579218,0.9998206696579218,0.9263044519646307,0.2609525598355806
1,medium_ratio_seed42,medium_mass_ratio_recalibrated,42,read_only,same_file_query,Merlin ICMP Flooding,city-power,seen_in_support,6680,1.0,1.0,0.0,0.9998206696579218,0.9998206696579218,0.9998206696579218,0.9998206696579218,0.9998206696579218,0.9998206696579218,0.9998206696579218,0.0
1,medium_ratio_seed42,medium_mass_ratio_recalibrated,42,read_only,same_file_query,Merlin ICMP Flooding,ip-camera-museum,seen_in_support,7038,1.0,0.9998579141801648,0.0,2.939835892077895e-05,0.9998206696579218,0.9998206696579218,0.9998206696579218,0.9998206696579218,0.9998206696579218,0.9996786134954752,0.011916640940090055
1,medium_ratio_seed42,medium_mass_ratio_recalibrated,42,read_only,same_file_query,Merlin TCP Flooding,city-power,seen_in_support,12000,1.0,0.625,0.0,2.939835892077895e-05,0.9998206696579218,0.9998206696579218,0.9998206696579218,0.9998206696579218,0.9998206696579218,0.6248989429207964,0.48402186792807156
1,medium_ratio_seed42,medium_mass_ratio_recalibrated,42,read_only,same_file_query,Merlin TCP Flooding,ip-camera-museum,seen_in_support,12000,1.0,1.0,0.0,0.9998206696579218,0.9998206696579218,0.9998206696579218,0.9998206696579218,0.9998206696579218,0.9998206696579218,0.9998206696579218,0.0
1,medium_ratio_seed42,medium_mass_ratio_recalibrated,42,read_only,same_file_query,Merlin UDP Flooding,city-power,seen_in_support,3250,1.0,1.0,0.0,0.9998206696579218,0.9998206696579218,0.9998206696579218,0.9998206696579218,0.9998206696579218,0.9998206696579218,0.9998206696579218,0.0
1,medium_ratio_seed42,medium_mass_ratio_recalibrated,42,read_only,same_file_query,Merlin UDP Flooding,ip-camera-museum,seen_in_support,3292,1.0,1.0,0.0,0.9998206696579218,0.9998206696579218,0.9998206696579218,0.9998206696579218,0.9998206696579218,0.9998206696579218,0.9998206696579217,1.1102230246251565e-16
1,medium_ratio_seed42,medium_mass_ratio_recalibrated,42,read_only,same_file_query,Mirai C&C Communication,ip-camera-museum,seen_in_support,106,1.0,0.5471698113207547,0.0,2.939835892077895e-05,0.9998206696579218,0.9998206696579218,0.9998206696579218,0.9998206696579218,0.9998206696579218,0.5470849996357325,0.4976661372681981
1,medium_ratio_seed42,medium_mass_ratio_recalibrated,42,read_only,same_file_query,Mirai GRE Flooding,city-power,seen_in_support,12000,1.0,1.0,0.0,0.9998206696579218,0.9998206696579218,0.9998206696579218,0.9998206696579218,0.9998206696579218,0.9998206696579218,0.9998206696579218,0.0
1,medium_ratio_seed42,medium_mass_ratio_recalibrated,42,read_only,same_file_query,Mirai GRE Flooding,ip-camera-museum,seen_in_support,12000,1.0,1.0,0.0,0.9998206696579218,0.9998206696579218,0.9998206696579218,0.9998206696579218,0.9998206696579218,0.9998206696579218,0.9998206696579218,0.0
1,medium_ratio_seed42,medium_mass_ratio_recalibrated,42,read_only,same_file_query,Mirai TCP Flooding,city-power,seen_in_support,12000,1.0,1.0,0.0,0.9998206696579218,0.9998206696579218,0.9998206696579218,0.9998206696579218,0.9998206696579218,0.9998206696579218,0.9998206696579218,0.0
1,medium_ratio_seed42,medium_mass_ratio_recalibrated,42,read_only,same_file_query,Mirai TCP Flooding,ip-camera-museum,seen_in_support,12000,1.0,1.0,0.0,0.9998206696579218,0.9998206696579218,0.9998206696579218,0.9998206696579218,0.9998206696579218,0.9998206696579218,0.9998206696579218,0.0
1,medium_ratio_seed42,medium_mass_ratio_recalibrated,42,read_only,same_file_query,Mirai UDP Flooding,city-power,seen_in_support,12000,1.0,1.0,0.0,0.9998206696579218,0.9998206696579218,0.9998206696579218,0.9998206696579218,0.9998206696579218,0.9998206696579218,0.9998206696579218,0.0
1,medium_ratio_seed42,medium_mass_ratio_recalibrated,42,read_only,same_file_query,Mirai UDP Flooding,ip-camera-museum,seen_in_support,12000,1.0,1.0,0.0,0.9998206696579218,0.9998206696579218,0.9998206696579218,0.9998206696579218,0.9998206696579218,0.9998206696579218,0.9998206696579218,0.0
1,medium_ratio_seed42,medium_mass_ratio_recalibrated,42,read_only,future_query,C&C Communication,building-monitor,unseen_in_support,84,0.047619047619047616,0.011904761904761904,0.0,2.939835892077895e-05,2.939835892077895e-05,2.939835892077895e-05,2.939835892077895e-05,0.16999391447975265,0.9998206696579218,0.0119316753981946,0.10843490440687842
1,medium_ratio_seed42,medium_mass_ratio_recalibrated,42,read_only,future_query,C&C Communication,combined-cycle,unseen_in_support,90,0.044444444444444446,0.011111111111111112,0.0,2.939835892077895e-05,2.939835892077895e-05,2.939835892077895e-05,2.939835892077895e-05,0.11000643820181033,0.9998206696579218,0.011138190262243013,0.10480013321588509
1,medium_ratio_seed42,medium_mass_ratio_recalibrated,42,read_only,future_query,C&C Communication,domotic-monitor,unseen_in_support,82,0.04878048780487805,0.012195121951219513,0.0,2.939835892077895e-05,2.939835892077895e-05,2.939835892077895e-05,2.939835892077895e-05,0.18998973990572868,0.9998206696579218,0.012221974838176889,0.109733188313305
1,medium_ratio_seed42,medium_mass_ratio_recalibrated,42,read_only,future_query,CoAP Amplification,combined-cycle,unseen_in_support,12000,0.99975,0.9993333333333333,0.0,2.939835892077895e-05,0.9998206696579218,0.9998206696579218,0.9998206696579218,0.9998206696579218,0.9998206696579218,0.9991541421437227,0.02580589335500576
1,medium_ratio_seed42,medium_mass_ratio_recalibrated,42,read_only,future_query,File Download,building-monitor,seen_in_support,1191,0.9991603694374476,0.9991603694374476,0.0,2.939835892077895e-05,0.9998206696579218,0.9998206696579218,0.9998206696579218,0.9998206696579218,0.9998206696579218,0.998981214350366,0.028958166446212713
1,medium_ratio_seed42,medium_mass_ratio_recalibrated,42,read_only,future_query,File Download,domotic-monitor,seen_in_support,1187,0.9991575400168492,0.9991575400168492,0.0,2.939835892077895e-05,0.9998206696579218,0.9998206696579218,0.9998206696579218,0.9998206696579218,0.9998206696579218,0.9989783855203491,0.029006876531790852
1,medium_ratio_seed42,medium_mass_ratio_recalibrated,42,read_only,future_query,Ingress Tool Transfer,air-quality,seen_in_support,109,0.6605504587155964,0.5963302752293578,0.0,2.939835892077895e-05,0.9998206696579218,0.9998206696579218,0.9998206696579218,0.9998206696579218,0.9998206696579218,0.5962352023445635,0.49053032323851503
1,medium_ratio_seed42,medium_mass_ratio_recalibrated,42,read_only,future_query,Ingress Tool Transfer,building-monitor,seen_in_support,3754,0.06659563132658497,0.021044219499200854,0.0,2.939835892077895e-05,2.939835892077895e-05,2.939835892077895e-05,2.939835892077895e-05,0.9998206696579218,0.9998206696579218,0.021069225325522026,0.1435017805884817
1,medium_ratio_seed42,medium_mass_ratio_recalibrated,42,read_only,future_query,Ingress Tool Transfer,city-power,seen_in_support,105,0.6761904761904762,0.6285714285714286,0.0,2.939835892077895e-05,0.9998206696579218,0.9998206696579218,0.9998206696579218,0.9998206696579218,0.9998206696579218,0.6284696260325786,0.4830858457901257
1,medium_ratio_seed42,medium_mass_ratio_recalibrated,42,read_only,future_query,Ingress Tool Transfer,domotic-monitor,seen_in_support,3678,0.0511147362697118,0.021207177814029365,0.0,2.939835892077895e-05,2.939835892077895e-05,2.939835892077895e-05,2.939835892077895e-05,0.9998206696579218,0.9998206696579218,0.021232149626273164,0.14404432992421998
1,medium_ratio_seed42,medium_mass_ratio_recalibrated,42,read_only,future_query,Ingress Tool Transfer,ip-camera-museum,seen_in_support,108,1.0,0.9907407407407407,0.0,2.939835892077895e-05,0.9998206696579218,0.9998206696579218,0.9998206696579218,0.9998206696579218,0.9998206696579218,0.9905633430718199,0.09575853079922997
1,medium_ratio_seed42,medium_mass_ratio_recalibrated,42,read_only,future_query,Merlin C&C Communication,building-monitor,seen_in_support,9657,0.8509889199544372,0.8500569535052294,0.0,2.939835892077895e-05,0.9998206696579218,0.9998206696579218,0.9998206696579218,0.9998206696579218,0.9998206696579218,0.84990892058047,0.35694106751863336
1,medium_ratio_seed42,medium_mass_ratio_recalibrated,42,read_only,future_query,Merlin C&C Communication,combined-cycle,seen_in_support,9933,0.8229135205879392,0.8221081244337058,0.0,2.939835892077895e-05,0.9998206696579218,0.9998206696579218,0.9998206696579218,0.9998206696579218,0.9998206696579218,0.8219659252317328,0.38234187701782474
1,medium_ratio_seed42,medium_mass_ratio_recalibrated,42,read_only,future_query,Merlin ICMP Flooding,building-monitor,seen_in_support,9150,1.0,0.9997814207650273,0.0,2.939835892077895e-05,0.9998206696579218,0.9998206696579218,0.9998206696579218,0.9998206696579218,0.9998206696579218,0.9996021360467089,0.014779723949955003
1,medium_ratio_seed42,medium_mass_ratio_recalibrated,42,read_only,future_query,Merlin ICMP Flooding,combined-cycle,seen_in_support,9042,1.0,0.9997788099977881,0.0,2.939835892077895e-05,0.9998206696579218,0.9998206696579218,0.9998206696579218,0.9998206696579218,0.9998206696579218,0.9995995258244116,0.014867708964392004
1,medium_ratio_seed42,medium_mass_ratio_recalibrated,42,read_only,future_query,Merlin ICMP Flooding,domotic-monitor,seen_in_support,9793,0.020933319718166036,0.007862759113652609,0.0,2.939835892077895e-05,2.939835892077895e-05,2.939835892077895e-05,2.939835892077895e-05,2.939835892077895e-05,0.9998206696579218,0.007890516289077328,0.08830447278655121
1,medium_ratio_seed42,medium_mass_ratio_recalibrated,42,read_only,future_query,Merlin TCP Flooding,building-monitor,seen_in_support,12000,0.9840833333333333,0.16725,0.0,2.939835892077895e-05,2.939835892077895e-05,0.9998206696579218,0.9998206696579218,0.9998206696579218,0.9998206696579218,0.1672444884836787,0.37312102751088394
1,medium_ratio_seed42,medium_mass_ratio_recalibrated,42,read_only,future_query,Merlin TCP Flooding,combined-cycle,seen_in_support,12000,0.9830833333333333,0.16708333333333333,0.0,2.939835892077895e-05,2.939835892077895e-05,0.9998206696579218,0.9998206696579218,0.9998206696579218,0.9998206696579218,0.16707785660512886,0.3729723891068604
1,medium_ratio_seed42,medium_mass_ratio_recalibrated,42,read_only,future_query,Merlin TCP Flooding,domotic-monitor,seen_in_support,12000,0.9999166666666667,0.9999166666666667,0.0,2.939835892077895e-05,0.9998206696579218,0.9998206696579218,0.9998206696579218,0.9998206696579218,0.9998206696579218,0.9997373537186468,0.009126423576703098
1,medium_ratio_seed42,medium_mass_ratio_recalibrated,42,read_only,future_query,Merlin UDP Flooding,building-monitor,seen_in_support,5000,1.0,1.0,0.0,0.9998206696579218,0.9998206696579218,0.9998206696579218,0.9998206696579218,0.9998206696579218,0.9998206696579218,0.9998206696579218,0.0
1,medium_ratio_seed42,medium_mass_ratio_recalibrated,42,read_only,future_query,Merlin UDP Flooding,combined-cycle,seen_in_support,5000,1.0,1.0,0.0,0.9998206696579218,0.9998206696579218,0.9998206696579218,0.9998206696579218,0.9998206696579218,0.9998206696579218,0.9998206696579218,0.0
1,medium_ratio_seed42,medium_mass_ratio_recalibrated,42,read_only,future_query,Merlin UDP Flooding,domotic-monitor,seen_in_support,5000,1.0,1.0,0.0,0.9998206696579218,0.9998206696579218,0.9998206696579218,0.9998206696579218,0.9998206696579218,0.9998206696579218,0.9998206696579218,0.0
1,medium_ratio_seed42,medium_mass_ratio_recalibrated,42,read_only,future_query,Mirai C&C Communication,building-monitor,seen_in_support,358,0.008379888268156424,0.0,0.0,2.939835892077895e-05,2.939835892077895e-05,2.939835892077895e-05,2.939835892077895e-05,2.939835892077895e-05,2.939835892077895e-05,2.9398358920778944e-05,6.776263578034403e-21
1,medium_ratio_seed42,medium_mass_ratio_recalibrated,42,read_only,future_query,Mirai C&C Communication,combined-cycle,seen_in_support,358,0.00558659217877095,0.0,0.0,2.939835892077895e-05,2.939835892077895e-05,2.939835892077895e-05,2.939835892077895e-05,2.939835892077895e-05,2.939835892077895e-05,2.9398358920778944e-05,6.776263578034403e-21
1,medium_ratio_seed42,medium_mass_ratio_recalibrated,42,read_only,future_query,Mirai GRE Flooding,building-monitor,seen_in_support,12000,1.0,1.0,0.0,0.9998206696579218,0.9998206696579218,0.9998206696579218,0.9998206696579218,0.9998206696579218,0.9998206696579218,0.9998206696579218,0.0
1,medium_ratio_seed42,medium_mass_ratio_recalibrated,42,read_only,future_query,Mirai GRE Flooding,combined-cycle,seen_in_support,12000,1.0,1.0,0.0,0.9998206696579218,0.9998206696579218,0.9998206696579218,0.9998206696579218,0.9998206696579218,0.9998206696579218,0.9998206696579218,0.0
1,medium_ratio_seed42,medium_mass_ratio_recalibrated,42,read_only,future_query,Mirai GRE Flooding,domotic-monitor,seen_in_support,12000,1.0,1.0,0.0,0.9998206696579218,0.9998206696579218,0.9998206696579218,0.9998206696579218,0.9998206696579218,0.9998206696579218,0.9998206696579218,0.0
1,medium_ratio_seed42,medium_mass_ratio_recalibrated,42,read_only,future_query,Mirai TCP Flooding,building-monitor,seen_in_support,12000,1.0,1.0,0.0,0.9998206696579218,0.9998206696579218,0.9998206696579218,0.9998206696579218,0.9998206696579218,0.9998206696579218,0.9998206696579218,0.0
1,medium_ratio_seed42,medium_mass_ratio_recalibrated,42,read_only,future_query,Mirai TCP Flooding,combined-cycle,seen_in_support,12000,1.0,1.0,0.0,0.9998206696579218,0.9998206696579218,0.9998206696579218,0.9998206696579218,0.9998206696579218,0.9998206696579218,0.9998206696579218,0.0
1,medium_ratio_seed42,medium_mass_ratio_recalibrated,42,read_only,future_query,Mirai TCP Flooding,domotic-monitor,seen_in_support,12000,1.0,1.0,0.0,0.9998206696579218,0.9998206696579218,0.9998206696579218,0.9998206696579218,0.9998206696579218,0.9998206696579218,0.9998206696579218,0.0
1,medium_ratio_seed42,medium_mass_ratio_recalibrated,42,read_only,future_query,Mirai UDP Flooding,building-monitor,seen_in_support,12000,1.0,1.0,0.0,0.9998206696579218,0.9998206696579218,0.9998206696579218,0.9998206696579218,0.9998206696579218,0.9998206696579218,0.9998206696579218,0.0
1,medium_ratio_seed42,medium_mass_ratio_recalibrated,42,read_only,future_query,Mirai UDP Flooding,combined-cycle,seen_in_support,12000,1.0,1.0,0.0,0.9998206696579218,0.9998206696579218,0.9998206696579218,0.9998206696579218,0.9998206696579218,0.9998206696579218,0.9998206696579218,0.0
1,medium_ratio_seed42,medium_mass_ratio_recalibrated,42,read_only,future_query,Mirai UDP Flooding,domotic-monitor,seen_in_support,12000,1.0,1.0,0.0,0.9998206696579218,0.9998206696579218,0.9998206696579218,0.9998206696579218,0.9998206696579218,0.9998206696579218,0.9998206696579218,0.0
1,medium_ratio_seed42,medium_mass_ratio_recalibrated,42,read_only,future_query,Reporting,building-monitor,unseen_in_support,88,0.07954545454545454,0.056818181818181816,0.0,2.939835892077895e-05,2.939835892077895e-05,2.939835892077895e-05,0.649893724703263,0.9998206696579218,0.9998206696579218,0.056835720591818566,0.23144655296076838
1,medium_ratio_seed42,medium_mass_ratio_recalibrated,42,read_only,future_query,Reporting,combined-cycle,unseen_in_support,64,0.0,0.0,0.0,2.939835892077895e-05,2.939835892077895e-05,2.939835892077895e-05,2.939835892077895e-05,2.939835892077895e-05,2.939835892077895e-05,2.939835892077895e-05,0.0
1,medium_ratio_seed42,medium_mass_ratio_recalibrated,42,read_only,future_query,Reporting,domotic-monitor,unseen_in_support,72,0.0,0.0,0.0,2.939835892077895e-05,2.939835892077895e-05,2.939835892077895e-05,2.939835892077895e-05,2.939835892077895e-05,2.939835892077895e-05,2.939835892077895e-05,0.0
1,medium_ratio_seed42,medium_mass_ratio_recalibrated,42,read_only,future_query,TCP Scan,air-quality,unseen_in_support,12000,0.21516666666666667,0.007333333333333333,0.0,2.939835892077895e-05,2.939835892077895e-05,2.939835892077895e-05,2.939835892077895e-05,2.939835892077895e-05,0.9998206696579218,0.0073612010151134525,0.08530250270864807
1,medium_ratio_seed42,medium_mass_ratio_recalibrated,42,read_only,future_query,TCP Scan,building-monitor,unseen_in_support,12000,0.35391666666666666,0.17083333333333334,0.0,2.939835892077895e-05,2.939835892077895e-05,0.9998206696579218,0.9998206696579218,0.9998206696579218,0.9998206696579218,0.1708270738725001,0.37628470494532973
1,medium_ratio_seed42,medium_mass_ratio_recalibrated,42,read_only,future_query,TCP Scan,city-power,unseen_in_support,12000,0.1455,0.005,0.0,2.939835892077895e-05,2.939835892077895e-05,2.939835892077895e-05,2.939835892077895e-05,2.939835892077895e-05,0.9998206696579218,0.0050283547154157835,0.07051895749494756
1,medium_ratio_seed42,medium_mass_ratio_recalibrated,42,read_only,future_query,TCP Scan,combined-cycle,unseen_in_support,12000,0.22725,0.050416666666666665,0.0,2.939835892077895e-05,2.939835892077895e-05,2.939835892077895e-05,0.9998206696579218,0.9998206696579218,0.9998206696579218,0.05043554162024541,0.21875749764073948
1,medium_ratio_seed42,medium_mass_ratio_recalibrated,42,read_only,future_query,TCP Scan,domotic-monitor,unseen_in_support,12000,0.19841666666666666,0.03191666666666667,0.0,2.939835892077895e-05,2.939835892077895e-05,2.939835892077895e-05,2.939835892077895e-05,0.9998206696579218,0.9998206696579218,0.031939403101213897,0.17574155970003572
1,medium_ratio_seed42,medium_mass_ratio_recalibrated,42,read_only,future_query,TCP Scan,ip-camera-museum,unseen_in_support,12000,0.9998333333333334,0.9998333333333334,0.0,2.939835892077895e-05,0.9998206696579218,0.9998206696579218,0.9998206696579218,0.9998206696579218,0.9998206696579218,0.999654037779372,0.012906174162443714
1,medium_ratio_seed42,medium_mass_ratio_recalibrated,42,read_only,future_query,Telnet Brute Force,air-quality,unseen_in_support,12000,0.009083333333333334,0.002,0.0,2.939835892077895e-05,2.939835892077895e-05,2.939835892077895e-05,2.939835892077895e-05,2.939835892077895e-05,0.9998206696579218,0.0020289809015187807,0.04466729051539484
1,medium_ratio_seed42,medium_mass_ratio_recalibrated,42,read_only,future_query,Telnet Brute Force,building-monitor,unseen_in_support,12000,0.06041666666666667,0.007,0.0,2.939835892077895e-05,2.939835892077895e-05,2.939835892077895e-05,2.939835892077895e-05,2.939835892077895e-05,0.9998206696579218,0.007027937258013784,0.08335525512190334
1,medium_ratio_seed42,medium_mass_ratio_recalibrated,42,read_only,future_query,Telnet Brute Force,city-power,unseen_in_support,12000,0.00825,0.00325,0.0,2.939835892077895e-05,2.939835892077895e-05,2.939835892077895e-05,2.939835892077895e-05,2.939835892077895e-05,0.9998206696579218,0.0032787199906425322,0.05690417659515039
1,medium_ratio_seed42,medium_mass_ratio_recalibrated,42,read_only,future_query,Telnet Brute Force,combined-cycle,unseen_in_support,12000,0.03208333333333333,0.0008333333333333334,0.0,2.939835892077895e-05,2.939835892077895e-05,2.939835892077895e-05,2.939835892077895e-05,2.939835892077895e-05,0.9998206696579218,0.0008625577516699466,0.02884945985452185
1,medium_ratio_seed42,medium_mass_ratio_recalibrated,42,read_only,future_query,Telnet Brute Force,domotic-monitor,unseen_in_support,12000,0.03475,0.0003333333333333333,0.0,2.939835892077895e-05,2.939835892077895e-05,2.939835892077895e-05,2.939835892077895e-05,2.939835892077895e-05,0.9998206696579218,0.00036266211602044605,0.01825056521472037
1,medium_ratio_seed42,medium_mass_ratio_recalibrated,42,read_only,future_query,Telnet Brute Force,ip-camera-museum,unseen_in_support,12000,1.0,1.0,0.0,0.9998206696579218,0.9998206696579218,0.9998206696579218,0.9998206696579218,0.9998206696579218,0.9998206696579218,0.9998206696579218,0.0
1,medium_ratio_seed42,medium_mass_ratio_recalibrated,42,read_only,future_query,UDP Scan,combined-cycle,unseen_in_support,4242,0.017444601603017446,0.004714757190004715,0.0,2.939835892077895e-05,2.939835892077895e-05,2.939835892077895e-05,2.939835892077895e-05,2.939835892077895e-05,0.9998206696579218,0.004743171443781697,0.06848773268573397
1,medium_ratio_seed42,medium_mass_ratio_recalibrated,42,report_only,sealed_final_attack,C&C Communication,ip-camera-street,unseen_in_support,90,0.37777777777777777,0.16666666666666666,0.0,2.939835892077895e-05,2.939835892077895e-05,0.9998206696579218,0.9998206696579218,0.9998206696579218,0.9998206696579218,0.1666612769087543,0.3726002076559168
1,medium_ratio_seed42,medium_mass_ratio_recalibrated,42,report_only,sealed_final_attack,File Download,ip-camera-street,seen_in_support,1231,0.9991876523151909,0.9991876523151909,0.0,2.939835892077895e-05,0.9998206696579218,0.9998206696579218,0.9998206696579218,0.9998206696579218,0.9998206696579218,0.9990084915333899,0.028484188005649853
1,medium_ratio_seed42,medium_mass_ratio_recalibrated,42,report_only,sealed_final_attack,Ingress Tool Transfer,ip-camera-street,seen_in_support,3702,0.7614802809292275,0.24176121015667207,0.0,2.939835892077895e-05,2.939835892077895e-05,0.9998206696579218,0.9998206696579218,0.9998206696579218,0.9998206696579218,0.24174014601224492,0.4280609888226444
1,medium_ratio_seed42,medium_mass_ratio_recalibrated,42,report_only,sealed_final_attack,Merlin ICMP Flooding,ip-camera-street,seen_in_support,10011,1.0,0.9999001098791329,0.0,2.939835892077895e-05,0.9998206696579218,0.9998206696579218,0.9998206696579218,0.9998206696579218,0.9998206696579218,0.99972080038699,0.009991919308992004
1,medium_ratio_seed42,medium_mass_ratio_recalibrated,42,report_only,sealed_final_attack,Merlin TCP Flooding,ip-camera-street,seen_in_support,15000,1.0,0.9992666666666666,0.0,2.939835892077895e-05,0.9998206696579218,0.9998206696579218,0.9998206696579218,0.9998206696579218,0.9998206696579218,0.9990874893923025,0.027064546487109906
1,medium_ratio_seed42,medium_mass_ratio_recalibrated,42,report_only,sealed_final_attack,Merlin UDP Flooding,ip-camera-street,seen_in_support,4996,1.0,1.0,0.0,0.9998206696579218,0.9998206696579218,0.9998206696579218,0.9998206696579218,0.9998206696579218,0.9998206696579218,0.9998206696579219,1.1102230246251565e-16
1,medium_ratio_seed42,medium_mass_ratio_recalibrated,42,report_only,sealed_final_attack,Mirai GRE Flooding,ip-camera-street,seen_in_support,15000,1.0,1.0,0.0,0.9998206696579218,0.9998206696579218,0.9998206696579218,0.9998206696579218,0.9998206696579218,0.9998206696579218,0.9998206696579218,0.0
1,medium_ratio_seed42,medium_mass_ratio_recalibrated,42,report_only,sealed_final_attack,Mirai TCP Flooding,ip-camera-street,seen_in_support,15000,1.0,1.0,0.0,0.9998206696579218,0.9998206696579218,0.9998206696579218,0.9998206696579218,0.9998206696579218,0.9998206696579218,0.9998206696579218,0.0
1,medium_ratio_seed42,medium_mass_ratio_recalibrated,42,report_only,sealed_final_attack,Mirai UDP Flooding,ip-camera-street,seen_in_support,15000,1.0,1.0,0.0,0.9998206696579218,0.9998206696579218,0.9998206696579218,0.9998206696579218,0.9998206696579218,0.9998206696579218,0.9998206696579218,0.0
1,medium_ratio_seed42,medium_mass_ratio_recalibrated,42,report_only,sealed_final_attack,Reporting,ip-camera-street,unseen_in_support,74,0.3108108108108108,0.1891891891891892,0.0,2.939835892077895e-05,2.939835892077895e-05,0.9998206696579218,0.9998206696579218,0.9998206696579218,0.9998206696579218,0.18917909833440746,0.39157708053906815
1,medium_ratio_seed42,medium_mass_ratio_recalibrated,42,report_only,sealed_final_attack,TCP Scan,ip-camera-street,unseen_in_support,15000,0.4583333333333333,0.3559333333333333,0.0,2.939835892077895e-05,2.939835892077895e-05,0.9998206696579218,0.9998206696579218,0.9998206696579218,0.9998206696579218,0.35588843818994526,0.47869521159757084
1,medium_ratio_seed42,medium_mass_ratio_recalibrated,42,report_only,sealed_final_attack,Telnet Brute Force,ip-camera-street,unseen_in_support,15000,0.889,0.3242,0.0,2.939835892077895e-05,2.939835892077895e-05,0.9998206696579218,0.9998206696579218,0.9998206696579218,0.9998206696579218,0.32416172851405695,0.4679774641829593
2,medium_ratio_seed43,medium_mass_ratio_recalibrated,43,calibration_select,support_val,File Download,combined-cycle,seen_in_support,3,0.6666666666666666,1.0,0.0,0.9998206696579218,0.9998206696579218,0.9998206696579218,0.9998206696579218,0.9998206696579218,0.9998206696579218,0.9998206696579218,0.0
2,medium_ratio_seed43,medium_mass_ratio_recalibrated,43,calibration_select,support_val,Ingress Tool Transfer,combined-cycle,seen_in_support,3,1.0,0.6666666666666666,0.0,2.939835892077895e-05,0.9998206696579218,0.9998206696579218,0.9998206696579218,0.9998206696579218,0.9998206696579218,0.6665569125582548,0.47130612513776193
2,medium_ratio_seed43,medium_mass_ratio_recalibrated,43,calibration_select,support_val,Merlin C&C Communication,ip-camera-museum,seen_in_support,5,1.0,1.0,0.0,0.9998206696579218,0.9998206696579218,0.9998206696579218,0.9998206696579218,0.9998206696579218,0.9998206696579218,0.9998206696579219,1.1102230246251565e-16
2,medium_ratio_seed43,medium_mass_ratio_recalibrated,43,calibration_select,support_val,Merlin ICMP Flooding,city-power,seen_in_support,1,1.0,0.0,0.0,2.939835892077895e-05,2.939835892077895e-05,2.939835892077895e-05,2.939835892077895e-05,2.939835892077895e-05,2.939835892077895e-05,2.939835892077895e-05,0.0
2,medium_ratio_seed43,medium_mass_ratio_recalibrated,43,calibration_select,support_val,Merlin ICMP Flooding,ip-camera-museum,seen_in_support,7,1.0,1.0,0.0,0.9998206696579218,0.9998206696579218,0.9998206696579218,0.9998206696579218,0.9998206696579218,0.9998206696579218,0.9998206696579218,0.0
2,medium_ratio_seed43,medium_mass_ratio_recalibrated,43,calibration_select,support_val,Merlin TCP Flooding,city-power,seen_in_support,6,1.0,1.0,0.0,0.9998206696579218,0.9998206696579218,0.9998206696579218,0.9998206696579218,0.9998206696579218,0.9998206696579218,0.9998206696579218,0.0
2,medium_ratio_seed43,medium_mass_ratio_recalibrated,43,calibration_select,support_val,Merlin TCP Flooding,ip-camera-museum,seen_in_support,5,1.0,1.0,0.0,0.9998206696579218,0.9998206696579218,0.9998206696579218,0.9998206696579218,0.9998206696579218,0.9998206696579218,0.9998206696579219,1.1102230246251565e-16
2,medium_ratio_seed43,medium_mass_ratio_recalibrated,43,calibration_select,support_val,Merlin UDP Flooding,city-power,seen_in_support,3,1.0,1.0,0.0,0.9998206696579218,0.9998206696579218,0.9998206696579218,0.9998206696579218,0.9998206696579218,0.9998206696579218,0.9998206696579218,0.0
2,medium_ratio_seed43,medium_mass_ratio_recalibrated,43,calibration_select,support_val,Merlin UDP Flooding,ip-camera-museum,seen_in_support,3,1.0,1.0,0.0,0.9998206696579218,0.9998206696579218,0.9998206696579218,0.9998206696579218,0.9998206696579218,0.9998206696579218,0.9998206696579218,0.0
2,medium_ratio_seed43,medium_mass_ratio_recalibrated,43,calibration_select,support_val,Mirai C&C Communication,ip-camera-museum,seen_in_support,2,1.0,0.5,0.0,2.939835892077895e-05,0.4999250340084213,0.8998415425280217,0.9498311060929717,0.9898227569449318,0.9998206696579218,0.4999250340084213,0.4998956356495005
2,medium_ratio_seed43,medium_mass_ratio_recalibrated,43,calibration_select,support_val,Mirai GRE Flooding,city-power,seen_in_support,4,1.0,1.0,0.0,0.9998206696579218,0.9998206696579218,0.9998206696579218,0.9998206696579218,0.9998206696579218,0.9998206696579218,0.9998206696579218,0.0
2,medium_ratio_seed43,medium_mass_ratio_recalibrated,43,calibration_select,support_val,Mirai GRE Flooding,ip-camera-museum,seen_in_support,6,1.0,1.0,0.0,0.9998206696579218,0.9998206696579218,0.9998206696579218,0.9998206696579218,0.9998206696579218,0.9998206696579218,0.9998206696579218,0.0
2,medium_ratio_seed43,medium_mass_ratio_recalibrated,43,calibration_select,support_val,Mirai TCP Flooding,city-power,seen_in_support,4,1.0,1.0,0.0,0.9998206696579218,0.9998206696579218,0.9998206696579218,0.9998206696579218,0.9998206696579218,0.9998206696579218,0.9998206696579218,0.0
2,medium_ratio_seed43,medium_mass_ratio_recalibrated,43,calibration_select,support_val,Mirai TCP Flooding,ip-camera-museum,seen_in_support,6,1.0,1.0,0.0,0.9998206696579218,0.9998206696579218,0.9998206696579218,0.9998206696579218,0.9998206696579218,0.9998206696579218,0.9998206696579218,0.0
2,medium_ratio_seed43,medium_mass_ratio_recalibrated,43,calibration_select,support_val,Mirai UDP Flooding,city-power,seen_in_support,5,1.0,1.0,0.0,0.9998206696579218,0.9998206696579218,0.9998206696579218,0.9998206696579218,0.9998206696579218,0.9998206696579218,0.9998206696579219,1.1102230246251565e-16
2,medium_ratio_seed43,medium_mass_ratio_recalibrated,43,calibration_select,support_val,Mirai UDP Flooding,ip-camera-museum,seen_in_support,6,1.0,1.0,0.0,0.9998206696579218,0.9998206696579218,0.9998206696579218,0.9998206696579218,0.9998206696579218,0.9998206696579218,0.9998206696579218,0.0
2,medium_ratio_seed43,medium_mass_ratio_recalibrated,43,read_only,same_file_query,File Download,combined-cycle,seen_in_support,105,1.0,1.0,0.0,0.9998206696579218,0.9998206696579218,0.9998206696579218,0.9998206696579218,0.9998206696579218,0.9998206696579218,0.9998206696579218,0.0
2,medium_ratio_seed43,medium_mass_ratio_recalibrated,43,read_only,same_file_query,Ingress Tool Transfer,combined-cycle,seen_in_support,2381,0.0,0.0,0.0,2.939835892077895e-05,2.939835892077895e-05,2.939835892077895e-05,2.939835892077895e-05,2.939835892077895e-05,2.939835892077895e-05,2.9398358920778954e-05,3.3881317890172014e-21
2,medium_ratio_seed43,medium_mass_ratio_recalibrated,43,read_only,same_file_query,Merlin C&C Communication,ip-camera-museum,seen_in_support,6827,0.9343782041892486,0.9496118353596016,0.0,2.939835892077895e-05,0.9998206696579218,0.9998206696579218,0.9998206696579218,0.9998206696579218,0.9998206696579218,0.9494430224736746,0.2186989359543632
2,medium_ratio_seed43,medium_mass_ratio_recalibrated,43,read_only,same_file_query,Merlin ICMP Flooding,city-power,seen_in_support,6680,1.0,1.0,0.0,0.9998206696579218,0.9998206696579218,0.9998206696579218,0.9998206696579218,0.9998206696579218,0.9998206696579218,0.9998206696579218,0.0
2,medium_ratio_seed43,medium_mass_ratio_recalibrated,43,read_only,same_file_query,Merlin ICMP Flooding,ip-camera-museum,seen_in_support,7038,1.0,1.0,0.0,0.9998206696579218,0.9998206696579218,0.9998206696579218,0.9998206696579218,0.9998206696579218,0.9998206696579218,0.9998206696579219,1.1102230246251565e-16
2,medium_ratio_seed43,medium_mass_ratio_recalibrated,43,read_only,same_file_query,Merlin TCP Flooding,city-power,seen_in_support,12000,1.0,1.0,0.0,0.9998206696579218,0.9998206696579218,0.9998206696579218,0.9998206696579218,0.9998206696579218,0.9998206696579218,0.9998206696579218,0.0
2,medium_ratio_seed43,medium_mass_ratio_recalibrated,43,read_only,same_file_query,Merlin TCP Flooding,ip-camera-museum,seen_in_support,12000,1.0,1.0,0.0,0.9998206696579218,0.9998206696579218,0.9998206696579218,0.9998206696579218,0.9998206696579218,0.9998206696579218,0.9998206696579218,0.0
2,medium_ratio_seed43,medium_mass_ratio_recalibrated,43,read_only,same_file_query,Merlin UDP Flooding,city-power,seen_in_support,3250,1.0,1.0,0.0,0.9998206696579218,0.9998206696579218,0.9998206696579218,0.9998206696579218,0.9998206696579218,0.9998206696579218,0.9998206696579218,0.0
2,medium_ratio_seed43,medium_mass_ratio_recalibrated,43,read_only,same_file_query,Merlin UDP Flooding,ip-camera-museum,seen_in_support,3292,1.0,1.0,0.0,0.9998206696579218,0.9998206696579218,0.9998206696579218,0.9998206696579218,0.9998206696579218,0.9998206696579218,0.9998206696579217,1.1102230246251565e-16
2,medium_ratio_seed43,medium_mass_ratio_recalibrated,43,read_only,same_file_query,Mirai C&C Communication,ip-camera-museum,seen_in_support,106,1.0,0.5660377358490566,0.0,2.939835892077895e-05,0.9998206696579218,0.9998206696579218,0.9998206696579218,0.9998206696579218,0.9998206696579218,0.5659489858866571,0.4955163814848088
2,medium_ratio_seed43,medium_mass_ratio_recalibrated,43,read_only,same_file_query,Mirai GRE Flooding,city-power,seen_in_support,12000,1.0,1.0,0.0,0.9998206696579218,0.9998206696579218,0.9998206696579218,0.9998206696579218,0.9998206696579218,0.9998206696579218,0.9998206696579218,0.0
2,medium_ratio_seed43,medium_mass_ratio_recalibrated,43,read_only,same_file_query,Mirai GRE Flooding,ip-camera-museum,seen_in_support,12000,1.0,1.0,0.0,0.9998206696579218,0.9998206696579218,0.9998206696579218,0.9998206696579218,0.9998206696579218,0.9998206696579218,0.9998206696579218,0.0
2,medium_ratio_seed43,medium_mass_ratio_recalibrated,43,read_only,same_file_query,Mirai TCP Flooding,city-power,seen_in_support,12000,1.0,1.0,0.0,0.9998206696579218,0.9998206696579218,0.9998206696579218,0.9998206696579218,0.9998206696579218,0.9998206696579218,0.9998206696579218,0.0
2,medium_ratio_seed43,medium_mass_ratio_recalibrated,43,read_only,same_file_query,Mirai TCP Flooding,ip-camera-museum,seen_in_support,12000,1.0,1.0,0.0,0.9998206696579218,0.9998206696579218,0.9998206696579218,0.9998206696579218,0.9998206696579218,0.9998206696579218,0.9998206696579218,0.0
2,medium_ratio_seed43,medium_mass_ratio_recalibrated,43,read_only,same_file_query,Mirai UDP Flooding,city-power,seen_in_support,12000,1.0,1.0,0.0,0.9998206696579218,0.9998206696579218,0.9998206696579218,0.9998206696579218,0.9998206696579218,0.9998206696579218,0.9998206696579218,0.0
2,medium_ratio_seed43,medium_mass_ratio_recalibrated,43,read_only,same_file_query,Mirai UDP Flooding,ip-camera-museum,seen_in_support,12000,1.0,1.0,0.0,0.9998206696579218,0.9998206696579218,0.9998206696579218,0.9998206696579218,0.9998206696579218,0.9998206696579218,0.9998206696579218,0.0
2,medium_ratio_seed43,medium_mass_ratio_recalibrated,43,read_only,future_query,C&C Communication,building-monitor,unseen_in_support,84,0.08333333333333333,0.023809523809523808,0.0,2.939835892077895e-05,2.939835892077895e-05,2.939835892077895e-05,2.939835892077895e-05,0.9998206696579218,0.9998206696579218,0.02383395243746841,0.15242351718162944
2,medium_ratio_seed43,medium_mass_ratio_recalibrated,43,read_only,future_query,C&C Communication,combined-cycle,unseen_in_support,90,0.07777777777777778,0.03333333333333333,0.0,2.939835892077895e-05,2.939835892077895e-05,2.939835892077895e-05,2.939835892077895e-05,0.9998206696579218,0.9998206696579218,0.03335577406888748,0.17946802562265485
2,medium_ratio_seed43,medium_mass_ratio_recalibrated,43,read_only,future_query,C&C Communication,domotic-monitor,unseen_in_support,82,0.08536585365853659,0.036585365853658534,0.0,2.939835892077895e-05,2.939835892077895e-05,2.939835892077895e-05,2.939835892077895e-05,0.9998206696579218,0.9998206696579218,0.0366071277966891,0.1877023290345507
2,medium_ratio_seed43,medium_mass_ratio_recalibrated,43,read_only,future_query,CoAP Amplification,combined-cycle,unseen_in_support,12000,1.0,0.9993333333333333,0.0,2.939835892077895e-05,0.9998206696579218,0.9998206696579218,0.9998206696579218,0.9998206696579218,0.9998206696579218,0.9991541421437227,0.02580589335500576
2,medium_ratio_seed43,medium_mass_ratio_recalibrated,43,read_only,future_query,File Download,building-monitor,seen_in_support,1191,0.9991603694374476,1.0,0.0,0.9998206696579218,0.9998206696579218,0.9998206696579218,0.9998206696579218,0.9998206696579218,0.9998206696579218,0.9998206696579219,1.1102230246251565e-16
2,medium_ratio_seed43,medium_mass_ratio_recalibrated,43,read_only,future_query,File Download,domotic-monitor,seen_in_support,1187,0.9991575400168492,1.0,0.0,0.9998206696579218,0.9998206696579218,0.9998206696579218,0.9998206696579218,0.9998206696579218,0.9998206696579218,0.999820669657922,2.220446049250313e-16
2,medium_ratio_seed43,medium_mass_ratio_recalibrated,43,read_only,future_query,Ingress Tool Transfer,air-quality,seen_in_support,109,0.6605504587155964,0.6330275229357798,0.0,2.939835892077895e-05,0.9998206696579218,0.9998206696579218,0.9998206696579218,0.9998206696579218,0.9998206696579218,0.6329247902821417,0.48187831593935526
2,medium_ratio_seed43,medium_mass_ratio_recalibrated,43,read_only,future_query,Ingress Tool Transfer,building-monitor,seen_in_support,3754,0.12946190729888118,0.023441662226957913,0.0,2.939835892077895e-05,2.939835892077895e-05,2.939835892077895e-05,2.939835892077895e-05,0.9998206696579218,0.9998206696579218,0.023466167638172802,0.15126994149068698
2,medium_ratio_seed43,medium_mass_ratio_recalibrated,43,read_only,future_query,Ingress Tool Transfer,city-power,seen_in_support,105,0.6761904761904762,0.6190476190476191,0.0,2.939835892077895e-05,0.9998206696579218,0.9998206696579218,0.9998206696579218,0.9998206696579218,0.9998206696579218,0.6189478044011595,0.4855195430355565
2,medium_ratio_seed43,medium_mass_ratio_recalibrated,43,read_only,future_query,Ingress Tool Transfer,domotic-monitor,seen_in_support,3678,0.10087003806416531,0.020391517128874388,0.0,2.939835892077895e-05,2.939835892077895e-05,2.939835892077895e-05,2.939835892077895e-05,0.9998206696579218,0.9998206696579218,0.020416659192913456,0.14130592706326447
2,medium_ratio_seed43,medium_mass_ratio_recalibrated,43,read_only,future_query,Ingress Tool Transfer,ip-camera-museum,seen_in_support,108,1.0,1.0,0.0,0.9998206696579218,0.9998206696579218,0.9998206696579218,0.9998206696579218,0.9998206696579218,0.9998206696579218,0.9998206696579218,0.0
2,medium_ratio_seed43,medium_mass_ratio_recalibrated,43,read_only,future_query,Merlin C&C Communication,building-monitor,seen_in_support,9657,0.8560629595112353,0.857098477788133,0.0,2.939835892077895e-05,0.9998206696579218,0.9998206696579218,0.9998206696579218,0.9998206696579218,0.9998206696579218,0.8569489750951569,0.3498993455728567
2,medium_ratio_seed43,medium_mass_ratio_recalibrated,43,read_only,future_query,Merlin C&C Communication,combined-cycle,seen_in_support,9933,0.8331823215544146,0.8368066042484648,0.0,2.939835892077895e-05,0.9998206696579218,0.9998206696579218,0.9998206696579218,0.9998206696579218,0.9998206696579218,0.8366613370518932,0.3694648951578934
2,medium_ratio_seed43,medium_mass_ratio_recalibrated,43,read_only,future_query,Merlin ICMP Flooding,building-monitor,seen_in_support,9150,1.0,0.9998907103825136,0.0,2.939835892077895e-05,0.9998206696579218,0.9998206696579218,0.9998206696579218,0.9998206696579218,0.9998206696579218,0.9997114028523153,0.010451414222642036
2,medium_ratio_seed43,medium_mass_ratio_recalibrated,43,read_only,future_query,Merlin ICMP Flooding,combined-cycle,seen_in_support,9042,1.0,0.999889404998894,0.0,2.939835892077895e-05,0.9998206696579218,0.9998206696579218,0.9998206696579218,0.9998206696579218,0.9998206696579218,0.9997100977411668,0.010513639287787367
2,medium_ratio_seed43,medium_mass_ratio_recalibrated,43,read_only,future_query,Merlin ICMP Flooding,domotic-monitor,seen_in_support,9793,0.8607168385581537,0.00796487286837537,0.0,2.939835892077895e-05,2.939835892077895e-05,2.939835892077895e-05,2.939835892077895e-05,2.939835892077895e-05,0.9998206696579218,0.007992608729728711,0.08887145492699954
2,medium_ratio_seed43,medium_mass_ratio_recalibrated,43,read_only,future_query,Merlin TCP Flooding,building-monitor,seen_in_support,12000,0.9965,0.98475,0.0,2.939835892077895e-05,0.9998206696579218,0.9998206696579218,0.9998206696579218,0.9998206696579218,0.9998206696579218,0.9845738527706119,0.12252007596239628
2,medium_ratio_seed43,medium_mass_ratio_recalibrated,43,read_only,future_query,Merlin TCP Flooding,combined-cycle,seen_in_support,12000,0.9965833333333334,0.9685833333333334,0.0,2.939835892077895e-05,0.9998206696579218,0.9998206696579218,0.9998206696579218,0.9998206696579218,0.9998206696579218,0.9684105605512784,0.1744045812508384
2,medium_ratio_seed43,medium_mass_ratio_recalibrated,43,read_only,future_query,Merlin TCP Flooding,domotic-monitor,seen_in_support,12000,0.9999166666666667,1.0,0.0,0.9998206696579218,0.9998206696579218,0.9998206696579218,0.9998206696579218,0.9998206696579218,0.9998206696579218,0.9998206696579218,0.0
2,medium_ratio_seed43,medium_mass_ratio_recalibrated,43,read_only,future_query,Merlin UDP Flooding,building-monitor,seen_in_support,5000,1.0,1.0,0.0,0.9998206696579218,0.9998206696579218,0.9998206696579218,0.9998206696579218,0.9998206696579218,0.9998206696579218,0.9998206696579218,0.0
2,medium_ratio_seed43,medium_mass_ratio_recalibrated,43,read_only,future_query,Merlin UDP Flooding,combined-cycle,seen_in_support,5000,1.0,1.0,0.0,0.9998206696579218,0.9998206696579218,0.9998206696579218,0.9998206696579218,0.9998206696579218,0.9998206696579218,0.9998206696579218,0.0
2,medium_ratio_seed43,medium_mass_ratio_recalibrated,43,read_only,future_query,Merlin UDP Flooding,domotic-monitor,seen_in_support,5000,1.0,1.0,0.0,0.9998206696579218,0.9998206696579218,0.9998206696579218,0.9998206696579218,0.9998206696579218,0.9998206696579218,0.9998206696579218,0.0
2,medium_ratio_seed43,medium_mass_ratio_recalibrated,43,read_only,future_query,Mirai C&C Communication,building-monitor,seen_in_support,358,0.025139664804469275,0.0,0.0,2.939835892077895e-05,2.939835892077895e-05,2.939835892077895e-05,2.939835892077895e-05,2.939835892077895e-05,2.939835892077895e-05,2.9398358920778944e-05,6.776263578034403e-21
2,medium_ratio_seed43,medium_mass_ratio_recalibrated,43,read_only,future_query,Mirai C&C Communication,combined-cycle,seen_in_support,358,0.0223463687150838,0.0,0.0,2.939835892077895e-05,2.939835892077895e-05,2.939835892077895e-05,2.939835892077895e-05,2.939835892077895e-05,2.939835892077895e-05,2.9398358920778944e-05,6.776263578034403e-21
2,medium_ratio_seed43,medium_mass_ratio_recalibrated,43,read_only,future_query,Mirai GRE Flooding,building-monitor,seen_in_support,12000,1.0,1.0,0.0,0.9998206696579218,0.9998206696579218,0.9998206696579218,0.9998206696579218,0.9998206696579218,0.9998206696579218,0.9998206696579218,0.0
2,medium_ratio_seed43,medium_mass_ratio_recalibrated,43,read_only,future_query,Mirai GRE Flooding,combined-cycle,seen_in_support,12000,1.0,1.0,0.0,0.9998206696579218,0.9998206696579218,0.9998206696579218,0.9998206696579218,0.9998206696579218,0.9998206696579218,0.9998206696579218,0.0
2,medium_ratio_seed43,medium_mass_ratio_recalibrated,43,read_only,future_query,Mirai GRE Flooding,domotic-monitor,seen_in_support,12000,1.0,1.0,0.0,0.9998206696579218,0.9998206696579218,0.9998206696579218,0.9998206696579218,0.9998206696579218,0.9998206696579218,0.9998206696579218,0.0
2,medium_ratio_seed43,medium_mass_ratio_recalibrated,43,read_only,future_query,Mirai TCP Flooding,building-monitor,seen_in_support,12000,1.0,1.0,0.0,0.9998206696579218,0.9998206696579218,0.9998206696579218,0.9998206696579218,0.9998206696579218,0.9998206696579218,0.9998206696579218,0.0
2,medium_ratio_seed43,medium_mass_ratio_recalibrated,43,read_only,future_query,Mirai TCP Flooding,combined-cycle,seen_in_support,12000,1.0,1.0,0.0,0.9998206696579218,0.9998206696579218,0.9998206696579218,0.9998206696579218,0.9998206696579218,0.9998206696579218,0.9998206696579218,0.0
2,medium_ratio_seed43,medium_mass_ratio_recalibrated,43,read_only,future_query,Mirai TCP Flooding,domotic-monitor,seen_in_support,12000,1.0,1.0,0.0,0.9998206696579218,0.9998206696579218,0.9998206696579218,0.9998206696579218,0.9998206696579218,0.9998206696579218,0.9998206696579218,0.0
2,medium_ratio_seed43,medium_mass_ratio_recalibrated,43,read_only,future_query,Mirai UDP Flooding,building-monitor,seen_in_support,12000,1.0,1.0,0.0,0.9998206696579218,0.9998206696579218,0.9998206696579218,0.9998206696579218,0.9998206696579218,0.9998206696579218,0.9998206696579218,0.0
2,medium_ratio_seed43,medium_mass_ratio_recalibrated,43,read_only,future_query,Mirai UDP Flooding,combined-cycle,seen_in_support,12000,1.0,1.0,0.0,0.9998206696579218,0.9998206696579218,0.9998206696579218,0.9998206696579218,0.9998206696579218,0.9998206696579218,0.9998206696579218,0.0
2,medium_ratio_seed43,medium_mass_ratio_recalibrated,43,read_only,future_query,Mirai UDP Flooding,domotic-monitor,seen_in_support,12000,1.0,1.0,0.0,0.9998206696579218,0.9998206696579218,0.9998206696579218,0.9998206696579218,0.9998206696579218,0.9998206696579218,0.9998206696579218,0.0
2,medium_ratio_seed43,medium_mass_ratio_recalibrated,43,read_only,future_query,Reporting,building-monitor,unseen_in_support,88,0.09090909090909091,0.056818181818181816,0.0,2.939835892077895e-05,2.939835892077895e-05,2.939835892077895e-05,0.649893724703263,0.9998206696579218,0.9998206696579218,0.056835720591818566,0.23144655296076838
2,medium_ratio_seed43,medium_mass_ratio_recalibrated,43,read_only,future_query,Reporting,combined-cycle,unseen_in_support,64,0.0,0.0,0.0,2.939835892077895e-05,2.939835892077895e-05,2.939835892077895e-05,2.939835892077895e-05,2.939835892077895e-05,2.939835892077895e-05,2.939835892077895e-05,0.0
2,medium_ratio_seed43,medium_mass_ratio_recalibrated,43,read_only,future_query,Reporting,domotic-monitor,unseen_in_support,72,0.0,0.0,0.0,2.939835892077895e-05,2.939835892077895e-05,2.939835892077895e-05,2.939835892077895e-05,2.939835892077895e-05,2.939835892077895e-05,2.939835892077895e-05,0.0
2,medium_ratio_seed43,medium_mass_ratio_recalibrated,43,read_only,future_query,TCP Scan,air-quality,unseen_in_support,12000,0.812,0.014666666666666666,0.0,2.939835892077895e-05,2.939835892077895e-05,2.939835892077895e-05,2.939835892077895e-05,0.9998206696579218,0.9998206696579218,0.01469300367130613,0.12018953064364267
2,medium_ratio_seed43,medium_mass_ratio_recalibrated,43,read_only,future_query,TCP Scan,building-monitor,unseen_in_support,12000,0.42691666666666667,0.281,0.0,2.939835892077895e-05,2.939835892077895e-05,0.9998206696579218,0.9998206696579218,0.9998206696579218,0.9998206696579218,0.28097074559394003,0.44939366498241423
2,medium_ratio_seed43,medium_mass_ratio_recalibrated,43,read_only,future_query,TCP Scan,city-power,unseen_in_support,12000,0.7465833333333334,0.011833333333333333,0.0,2.939835892077895e-05,2.939835892077895e-05,2.939835892077895e-05,2.939835892077895e-05,0.9998206696579218,0.9998206696579218,0.011860261735958959,0.10811301775479051
2,medium_ratio_seed43,medium_mass_ratio_recalibrated,43,read_only,future_query,TCP Scan,combined-cycle,unseen_in_support,12000,0.27525,0.19641666666666666,0.0,2.939835892077895e-05,2.939835892077895e-05,0.9998206696579218,0.9998206696579218,0.9998206696579218,0.9998206696579218,0.19640506722989956,0.39720432564132935
2,medium_ratio_seed43,medium_mass_ratio_recalibrated,43,read_only,future_query,TCP Scan,domotic-monitor,unseen_in_support,12000,0.23783333333333334,0.16966666666666666,0.0,2.939835892077895e-05,2.939835892077895e-05,0.9998206696579218,0.9998206696579218,0.9998206696579218,0.9998206696579218,0.16966065072265127,0.37526135382462206
2,medium_ratio_seed43,medium_mass_ratio_recalibrated,43,read_only,future_query,TCP Scan,ip-camera-museum,unseen_in_support,12000,0.9998333333333334,0.9998333333333334,0.0,2.939835892077895e-05,0.9998206696579218,0.9998206696579218,0.9998206696579218,0.9998206696579218,0.9998206696579218,0.999654037779372,0.012906174162443714
2,medium_ratio_seed43,medium_mass_ratio_recalibrated,43,read_only,future_query,Telnet Brute Force,air-quality,unseen_in_support,12000,0.301,0.010333333333333333,0.0,2.939835892077895e-05,2.939835892077895e-05,2.939835892077895e-05,2.939835892077895e-05,0.9998206696579218,0.9998206696579218,0.010360574829010457,0.10110532552634975
2,medium_ratio_seed43,medium_mass_ratio_recalibrated,43,read_only,future_query,Telnet Brute Force,building-monitor,unseen_in_support,12000,0.11716666666666667,0.0125,0.0,2.939835892077895e-05,2.939835892077895e-05,2.939835892077895e-05,2.939835892077895e-05,0.9998206696579218,0.9998206696579218,0.012526789250158293,0.11107923995050797
2,medium_ratio_seed43,medium_mass_ratio_recalibrated,43,read_only,future_query,Telnet Brute Force,city-power,unseen_in_support,12000,0.38816666666666666,0.01325,0.0,2.939835892077895e-05,2.939835892077895e-05,2.939835892077895e-05,2.939835892077895e-05,0.9998206696579218,0.9998206696579218,0.013276632703632541,0.11431963982147361
2,medium_ratio_seed43,medium_mass_ratio_recalibrated,43,read_only,future_query,Telnet Brute Force,combined-cycle,unseen_in_support,12000,0.06616666666666667,0.005333333333333333,0.0,2.939835892077895e-05,2.939835892077895e-05,2.939835892077895e-05,2.939835892077895e-05,2.939835892077895e-05,0.9998206696579218,0.00536161847251545,0.07281946549431063
2,medium_ratio_seed43,medium_mass_ratio_recalibrated,43,read_only,future_query,Telnet Brute Force,domotic-monitor,unseen_in_support,12000,0.12391666666666666,0.003833333333333333,0.0,2.939835892077895e-05,2.939835892077895e-05,2.939835892077895e-05,2.939835892077895e-05,2.939835892077895e-05,0.9998206696579218,0.0038619315655669495,0.06178223803156022
2,medium_ratio_seed43,medium_mass_ratio_recalibrated,43,read_only,future_query,Telnet Brute Force,ip-camera-museum,unseen_in_support,12000,1.0,1.0,0.0,0.9998206696579218,0.9998206696579218,0.9998206696579218,0.9998206696579218,0.9998206696579218,0.9998206696579218,0.9998206696579218,0.0
2,medium_ratio_seed43,medium_mass_ratio_recalibrated,43,read_only,future_query,UDP Scan,combined-cycle,unseen_in_support,4242,0.02710985384252711,0.0049504950495049506,0.0,2.939835892077895e-05,2.939835892077895e-05,2.939835892077895e-05,2.939835892077895e-05,2.939835892077895e-05,0.9998206696579218,0.004978860098024744,0.07017073088459079
2,medium_ratio_seed43,medium_mass_ratio_recalibrated,43,report_only,sealed_final_attack,C&C Communication,ip-camera-street,unseen_in_support,90,0.4222222222222222,0.3111111111111111,0.0,2.939835892077895e-05,2.939835892077895e-05,0.9998206696579218,0.9998206696579218,0.9998206696579218,0.9998206696579218,0.31107557165194333,0.4628515173455601
2,medium_ratio_seed43,medium_mass_ratio_recalibrated,43,report_only,sealed_final_attack,File Download,ip-camera-street,seen_in_support,1231,1.0,1.0,0.0,0.9998206696579218,0.9998206696579218,0.9998206696579218,0.9998206696579218,0.9998206696579218,0.9998206696579218,0.999820669657922,2.220446049250313e-16
2,medium_ratio_seed43,medium_mass_ratio_recalibrated,43,report_only,sealed_final_attack,Ingress Tool Transfer,ip-camera-street,seen_in_support,3702,0.9840626688276607,0.2439222042139384,0.0,2.939835892077895e-05,2.939835892077895e-05,0.9998206696579218,0.9998206696579218,0.9998206696579218,0.9998206696579218,0.24390068900802878,0.42935670637424334
2,medium_ratio_seed43,medium_mass_ratio_recalibrated,43,report_only,sealed_final_attack,Merlin ICMP Flooding,ip-camera-street,seen_in_support,10011,1.0,1.0,0.0,0.9998206696579218,0.9998206696579218,0.9998206696579218,0.9998206696579218,0.9998206696579218,0.9998206696579218,0.9998206696579218,0.0
2,medium_ratio_seed43,medium_mass_ratio_recalibrated,43,report_only,sealed_final_attack,Merlin TCP Flooding,ip-camera-street,seen_in_support,15000,1.0,1.0,0.0,0.9998206696579218,0.9998206696579218,0.9998206696579218,0.9998206696579218,0.9998206696579218,0.9998206696579218,0.9998206696579218,0.0
2,medium_ratio_seed43,medium_mass_ratio_recalibrated,43,report_only,sealed_final_attack,Merlin UDP Flooding,ip-camera-street,seen_in_support,4996,1.0,1.0,0.0,0.9998206696579218,0.9998206696579218,0.9998206696579218,0.9998206696579218,0.9998206696579218,0.9998206696579218,0.9998206696579219,1.1102230246251565e-16
2,medium_ratio_seed43,medium_mass_ratio_recalibrated,43,report_only,sealed_final_attack,Mirai GRE Flooding,ip-camera-street,seen_in_support,15000,1.0,1.0,0.0,0.9998206696579218,0.9998206696579218,0.9998206696579218,0.9998206696579218,0.9998206696579218,0.9998206696579218,0.9998206696579218,0.0
2,medium_ratio_seed43,medium_mass_ratio_recalibrated,43,report_only,sealed_final_attack,Mirai TCP Flooding,ip-camera-street,seen_in_support,15000,1.0,1.0,0.0,0.9998206696579218,0.9998206696579218,0.9998206696579218,0.9998206696579218,0.9998206696579218,0.9998206696579218,0.9998206696579218,0.0
2,medium_ratio_seed43,medium_mass_ratio_recalibrated,43,report_only,sealed_final_attack,Mirai UDP Flooding,ip-camera-street,seen_in_support,15000,1.0,1.0,0.0,0.9998206696579218,0.9998206696579218,0.9998206696579218,0.9998206696579218,0.9998206696579218,0.9998206696579218,0.9998206696579218,0.0
2,medium_ratio_seed43,medium_mass_ratio_recalibrated,43,report_only,sealed_final_attack,Reporting,ip-camera-street,unseen_in_support,74,0.43243243243243246,0.28378378378378377,0.0,2.939835892077895e-05,2.939835892077895e-05,0.9998206696579218,0.9998206696579218,0.9998206696579218,0.9998206696579218,0.28375394832215084,0.45073906892418064
2,medium_ratio_seed43,medium_mass_ratio_recalibrated,43,report_only,sealed_final_attack,TCP Scan,ip-camera-street,unseen_in_support,15000,0.4674,0.3732666666666667,0.0,2.939835892077895e-05,2.939835892077895e-05,0.9998206696579218,0.9998206696579218,0.9998206696579218,0.9998206696579218,0.3732181535591279,0.48357110437682965
2,medium_ratio_seed43,medium_mass_ratio_recalibrated,43,report_only,sealed_final_attack,Telnet Brute Force,ip-camera-street,unseen_in_support,15000,0.9982,0.3274666666666667,0.0,2.939835892077895e-05,2.939835892077895e-05,0.9998206696579218,0.9998206696579218,0.9998206696579218,0.9998206696579218,0.3274277133336337,0.4691911347217012
3,medium_ratio_seed44,medium_mass_ratio_recalibrated,44,calibration_select,support_val,File Download,combined-cycle,seen_in_support,3,0.6666666666666666,0.6666666666666666,0.0,2.939835892077895e-05,0.9998206696579218,0.9998206696579218,0.9998206696579218,0.9998206696579218,0.9998206696579218,0.6665569125582548,0.47130612513776193
3,medium_ratio_seed44,medium_mass_ratio_recalibrated,44,calibration_select,support_val,Ingress Tool Transfer,combined-cycle,seen_in_support,3,1.0,0.6666666666666666,0.0,2.939835892077895e-05,0.9998206696579218,0.9998206696579218,0.9998206696579218,0.9998206696579218,0.9998206696579218,0.6665569125582548,0.47130612513776193
3,medium_ratio_seed44,medium_mass_ratio_recalibrated,44,calibration_select,support_val,Merlin C&C Communication,ip-camera-museum,seen_in_support,5,1.0,1.0,0.0,0.9998206696579218,0.9998206696579218,0.9998206696579218,0.9998206696579218,0.9998206696579218,0.9998206696579218,0.9998206696579219,1.1102230246251565e-16
3,medium_ratio_seed44,medium_mass_ratio_recalibrated,44,calibration_select,support_val,Merlin ICMP Flooding,city-power,seen_in_support,1,1.0,0.0,0.0,2.939835892077895e-05,2.939835892077895e-05,2.939835892077895e-05,2.939835892077895e-05,2.939835892077895e-05,2.939835892077895e-05,2.939835892077895e-05,0.0
3,medium_ratio_seed44,medium_mass_ratio_recalibrated,44,calibration_select,support_val,Merlin ICMP Flooding,ip-camera-museum,seen_in_support,7,1.0,1.0,0.0,0.9998206696579218,0.9998206696579218,0.9998206696579218,0.9998206696579218,0.9998206696579218,0.9998206696579218,0.9998206696579218,0.0
3,medium_ratio_seed44,medium_mass_ratio_recalibrated,44,calibration_select,support_val,Merlin TCP Flooding,city-power,seen_in_support,6,1.0,0.6666666666666666,0.0,2.939835892077895e-05,0.9998206696579218,0.9998206696579218,0.9998206696579218,0.9998206696579218,0.9998206696579218,0.6665569125582548,0.47130612513776193
3,medium_ratio_seed44,medium_mass_ratio_recalibrated,44,calibration_select,support_val,Merlin TCP Flooding,ip-camera-museum,seen_in_support,5,1.0,1.0,0.0,0.9998206696579218,0.9998206696579218,0.9998206696579218,0.9998206696579218,0.9998206696579218,0.9998206696579218,0.9998206696579219,1.1102230246251565e-16
3,medium_ratio_seed44,medium_mass_ratio_recalibrated,44,calibration_select,support_val,Merlin UDP Flooding,city-power,seen_in_support,3,1.0,1.0,0.0,0.9998206696579218,0.9998206696579218,0.9998206696579218,0.9998206696579218,0.9998206696579218,0.9998206696579218,0.9998206696579218,0.0
3,medium_ratio_seed44,medium_mass_ratio_recalibrated,44,calibration_select,support_val,Merlin UDP Flooding,ip-camera-museum,seen_in_support,3,1.0,1.0,0.0,0.9998206696579218,0.9998206696579218,0.9998206696579218,0.9998206696579218,0.9998206696579218,0.9998206696579218,0.9998206696579218,0.0
3,medium_ratio_seed44,medium_mass_ratio_recalibrated,44,calibration_select,support_val,Mirai C&C Communication,ip-camera-museum,seen_in_support,2,1.0,0.5,0.0,2.939835892077895e-05,0.4999250340084213,0.8998415425280217,0.9498311060929717,0.9898227569449318,0.9998206696579218,0.4999250340084213,0.4998956356495005
3,medium_ratio_seed44,medium_mass_ratio_recalibrated,44,calibration_select,support_val,Mirai GRE Flooding,city-power,seen_in_support,4,1.0,1.0,0.0,0.9998206696579218,0.9998206696579218,0.9998206696579218,0.9998206696579218,0.9998206696579218,0.9998206696579218,0.9998206696579218,0.0
3,medium_ratio_seed44,medium_mass_ratio_recalibrated,44,calibration_select,support_val,Mirai GRE Flooding,ip-camera-museum,seen_in_support,6,1.0,1.0,0.0,0.9998206696579218,0.9998206696579218,0.9998206696579218,0.9998206696579218,0.9998206696579218,0.9998206696579218,0.9998206696579218,0.0
3,medium_ratio_seed44,medium_mass_ratio_recalibrated,44,calibration_select,support_val,Mirai TCP Flooding,city-power,seen_in_support,4,1.0,1.0,0.0,0.9998206696579218,0.9998206696579218,0.9998206696579218,0.9998206696579218,0.9998206696579218,0.9998206696579218,0.9998206696579218,0.0
3,medium_ratio_seed44,medium_mass_ratio_recalibrated,44,calibration_select,support_val,Mirai TCP Flooding,ip-camera-museum,seen_in_support,6,1.0,1.0,0.0,0.9998206696579218,0.9998206696579218,0.9998206696579218,0.9998206696579218,0.9998206696579218,0.9998206696579218,0.9998206696579218,0.0
3,medium_ratio_seed44,medium_mass_ratio_recalibrated,44,calibration_select,support_val,Mirai UDP Flooding,city-power,seen_in_support,5,1.0,1.0,0.0,0.9998206696579218,0.9998206696579218,0.9998206696579218,0.9998206696579218,0.9998206696579218,0.9998206696579218,0.9998206696579219,1.1102230246251565e-16
3,medium_ratio_seed44,medium_mass_ratio_recalibrated,44,calibration_select,support_val,Mirai UDP Flooding,ip-camera-museum,seen_in_support,6,1.0,1.0,0.0,0.9998206696579218,0.9998206696579218,0.9998206696579218,0.9998206696579218,0.9998206696579218,0.9998206696579218,0.9998206696579218,0.0
3,medium_ratio_seed44,medium_mass_ratio_recalibrated,44,read_only,same_file_query,File Download,combined-cycle,seen_in_support,105,1.0,1.0,0.0,0.9998206696579218,0.9998206696579218,0.9998206696579218,0.9998206696579218,0.9998206696579218,0.9998206696579218,0.9998206696579218,0.0
3,medium_ratio_seed44,medium_mass_ratio_recalibrated,44,read_only,same_file_query,Ingress Tool Transfer,combined-cycle,seen_in_support,2381,0.0,0.0,0.0,2.939835892077895e-05,2.939835892077895e-05,2.939835892077895e-05,2.939835892077895e-05,2.939835892077895e-05,2.939835892077895e-05,2.9398358920778954e-05,3.3881317890172014e-21
3,medium_ratio_seed44,medium_mass_ratio_recalibrated,44,read_only,same_file_query,Merlin C&C Communication,ip-camera-museum,seen_in_support,6827,0.9282261608319906,0.9282261608319906,0.0,2.939835892077895e-05,0.9998206696579218,0.9998206696579218,0.9998206696579218,0.9998206696579218,0.9998206696579218,0.9280618117501277,0.25805919105191133
3,medium_ratio_seed44,medium_mass_ratio_recalibrated,44,read_only,same_file_query,Merlin ICMP Flooding,city-power,seen_in_support,6680,1.0,0.0016467065868263472,0.0,2.939835892077895e-05,2.939835892077895e-05,2.939835892077895e-05,2.939835892077895e-05,2.939835892077895e-05,0.9998206696579218,0.0016757612308203316,0.04053774436263022
3,medium_ratio_seed44,medium_mass_ratio_recalibrated,44,read_only,same_file_query,Merlin ICMP Flooding,ip-camera-museum,seen_in_support,7038,1.0,1.0,0.0,0.9998206696579218,0.9998206696579218,0.9998206696579218,0.9998206696579218,0.9998206696579218,0.9998206696579218,0.9998206696579219,1.1102230246251565e-16
3,medium_ratio_seed44,medium_mass_ratio_recalibrated,44,read_only,same_file_query,Merlin TCP Flooding,city-power,seen_in_support,12000,1.0,0.3125,0.0,2.939835892077895e-05,2.939835892077895e-05,0.9998206696579218,0.9998206696579218,0.9998206696579218,0.9998206696579218,0.3124641706398586,0.46341565710119376
3,medium_ratio_seed44,medium_mass_ratio_recalibrated,44,read_only,same_file_query,Merlin TCP Flooding,ip-camera-museum,seen_in_support,12000,1.0,1.0,0.0,0.9998206696579218,0.9998206696579218,0.9998206696579218,0.9998206696579218,0.9998206696579218,0.9998206696579218,0.9998206696579218,0.0
3,medium_ratio_seed44,medium_mass_ratio_recalibrated,44,read_only,same_file_query,Merlin UDP Flooding,city-power,seen_in_support,3250,1.0,1.0,0.0,0.9998206696579218,0.9998206696579218,0.9998206696579218,0.9998206696579218,0.9998206696579218,0.9998206696579218,0.9998206696579218,0.0
3,medium_ratio_seed44,medium_mass_ratio_recalibrated,44,read_only,same_file_query,Merlin UDP Flooding,ip-camera-museum,seen_in_support,3292,1.0,1.0,0.0,0.9998206696579218,0.9998206696579218,0.9998206696579218,0.9998206696579218,0.9998206696579218,0.9998206696579218,0.9998206696579217,1.1102230246251565e-16
3,medium_ratio_seed44,medium_mass_ratio_recalibrated,44,read_only,same_file_query,Mirai C&C Communication,ip-camera-museum,seen_in_support,106,1.0,0.5660377358490566,0.0,2.939835892077895e-05,0.9998206696579218,0.9998206696579218,0.9998206696579218,0.9998206696579218,0.9998206696579218,0.5659489858866571,0.4955163814848088
3,medium_ratio_seed44,medium_mass_ratio_recalibrated,44,read_only,same_file_query,Mirai GRE Flooding,city-power,seen_in_support,12000,1.0,1.0,0.0,0.9998206696579218,0.9998206696579218,0.9998206696579218,0.9998206696579218,0.9998206696579218,0.9998206696579218,0.9998206696579218,0.0
3,medium_ratio_seed44,medium_mass_ratio_recalibrated,44,read_only,same_file_query,Mirai GRE Flooding,ip-camera-museum,seen_in_support,12000,1.0,1.0,0.0,0.9998206696579218,0.9998206696579218,0.9998206696579218,0.9998206696579218,0.9998206696579218,0.9998206696579218,0.9998206696579218,0.0
3,medium_ratio_seed44,medium_mass_ratio_recalibrated,44,read_only,same_file_query,Mirai TCP Flooding,city-power,seen_in_support,12000,1.0,1.0,0.0,0.9998206696579218,0.9998206696579218,0.9998206696579218,0.9998206696579218,0.9998206696579218,0.9998206696579218,0.9998206696579218,0.0
3,medium_ratio_seed44,medium_mass_ratio_recalibrated,44,read_only,same_file_query,Mirai TCP Flooding,ip-camera-museum,seen_in_support,12000,1.0,1.0,0.0,0.9998206696579218,0.9998206696579218,0.9998206696579218,0.9998206696579218,0.9998206696579218,0.9998206696579218,0.9998206696579218,0.0
3,medium_ratio_seed44,medium_mass_ratio_recalibrated,44,read_only,same_file_query,Mirai UDP Flooding,city-power,seen_in_support,12000,1.0,1.0,0.0,0.9998206696579218,0.9998206696579218,0.9998206696579218,0.9998206696579218,0.9998206696579218,0.9998206696579218,0.9998206696579218,0.0
3,medium_ratio_seed44,medium_mass_ratio_recalibrated,44,read_only,same_file_query,Mirai UDP Flooding,ip-camera-museum,seen_in_support,12000,1.0,1.0,0.0,0.9998206696579218,0.9998206696579218,0.9998206696579218,0.9998206696579218,0.9998206696579218,0.9998206696579218,0.9998206696579218,0.0
3,medium_ratio_seed44,medium_mass_ratio_recalibrated,44,read_only,future_query,C&C Communication,building-monitor,unseen_in_support,84,0.07142857142857142,0.0,0.0,2.939835892077895e-05,2.939835892077895e-05,2.939835892077895e-05,2.939835892077895e-05,2.939835892077895e-05,2.939835892077895e-05,2.9398358920778944e-05,6.776263578034403e-21
3,medium_ratio_seed44,medium_mass_ratio_recalibrated,44,read_only,future_query,C&C Communication,combined-cycle,unseen_in_support,90,0.06666666666666667,0.0,0.0,2.939835892077895e-05,2.939835892077895e-05,2.939835892077895e-05,2.939835892077895e-05,2.939835892077895e-05,2.939835892077895e-05,2.9398358920778944e-05,6.776263578034403e-21
3,medium_ratio_seed44,medium_mass_ratio_recalibrated,44,read_only,future_query,C&C Communication,domotic-monitor,unseen_in_support,82,0.07317073170731707,0.0,0.0,2.939835892077895e-05,2.939835892077895e-05,2.939835892077895e-05,2.939835892077895e-05,2.939835892077895e-05,2.939835892077895e-05,2.9398358920778947e-05,3.3881317890172014e-21
3,medium_ratio_seed44,medium_mass_ratio_recalibrated,44,read_only,future_query,CoAP Amplification,combined-cycle,unseen_in_support,12000,0.9999166666666667,0.49875,0.0,2.939835892077895e-05,2.939835892077895e-05,0.9998206696579218,0.9998206696579218,0.9998206696579218,0.9998206696579218,0.4986752949192975,0.4998940734731982
3,medium_ratio_seed44,medium_mass_ratio_recalibrated,44,read_only,future_query,File Download,building-monitor,seen_in_support,1191,0.9966414777497901,0.9966414777497901,0.0,2.939835892077895e-05,0.9998206696579218,0.9998206696579218,0.9998206696579218,0.9998206696579218,0.9998206696579218,0.9964628484276984,0.05784328304259394
3,medium_ratio_seed44,medium_mass_ratio_recalibrated,44,read_only,future_query,File Download,domotic-monitor,seen_in_support,1187,0.9974726200505476,0.9974726200505476,0.0,2.939835892077895e-05,0.9998206696579218,0.9998206696579218,0.9998206696579218,0.9998206696579218,0.9998206696579218,0.9972938172452034,0.05019900400387677
3,medium_ratio_seed44,medium_mass_ratio_recalibrated,44,read_only,future_query,Ingress Tool Transfer,air-quality,seen_in_support,109,0.6605504587155964,0.6330275229357798,0.0,2.939835892077895e-05,0.9998206696579218,0.9998206696579218,0.9998206696579218,0.9998206696579218,0.9998206696579218,0.6329247902821417,0.48187831593935526
3,medium_ratio_seed44,medium_mass_ratio_recalibrated,44,read_only,future_query,Ingress Tool Transfer,building-monitor,seen_in_support,3754,0.12972828982418752,0.022376132125732553,0.0,2.939835892077895e-05,2.939835892077895e-05,2.939835892077895e-05,2.939835892077895e-05,0.9998206696579218,0.9998206696579218,0.02240085994366135,0.14787261316818276
3,medium_ratio_seed44,medium_mass_ratio_recalibrated,44,read_only,future_query,Ingress Tool Transfer,city-power,seen_in_support,105,0.6571428571428571,0.6,0.0,2.939835892077895e-05,0.9998206696579218,0.9998206696579218,0.9998206696579218,0.9998206696579218,0.9998206696579218,0.5999041611383213,0.48979569279421137
3,medium_ratio_seed44,medium_mass_ratio_recalibrated,44,read_only,future_query,Ingress Tool Transfer,domotic-monitor,seen_in_support,3678,0.10494834148994019,0.018488308863512777,0.0,2.939835892077895e-05,2.939835892077895e-05,2.939835892077895e-05,2.939835892077895e-05,0.9998206696579218,0.9998206696579218,0.018513848181740806,0.13468079559598495
3,medium_ratio_seed44,medium_mass_ratio_recalibrated,44,read_only,future_query,Ingress Tool Transfer,ip-camera-museum,seen_in_support,108,1.0,1.0,0.0,0.9998206696579218,0.9998206696579218,0.9998206696579218,0.9998206696579218,0.9998206696579218,0.9998206696579218,0.9998206696579218,0.0
3,medium_ratio_seed44,medium_mass_ratio_recalibrated,44,read_only,future_query,Merlin C&C Communication,building-monitor,seen_in_support,9657,0.8539919229574402,0.8534741638189914,0.0,2.939835892077895e-05,0.9998206696579218,0.9998206696579218,0.9998206696579218,0.9998206696579218,0.9998206696579218,0.8533254176243621,0.35355878634468146
3,medium_ratio_seed44,medium_mass_ratio_recalibrated,44,read_only,future_query,Merlin C&C Communication,combined-cycle,seen_in_support,9933,0.8273431994362227,0.8270411758783852,0.0,2.939835892077895e-05,0.9998206696579218,0.9998206696579218,0.9998206696579218,0.9998206696579218,0.9998206696579218,0.8268979470069922,0.37813272895459227
3,medium_ratio_seed44,medium_mass_ratio_recalibrated,44,read_only,future_query,Merlin ICMP Flooding,building-monitor,seen_in_support,9150,1.0,0.0029508196721311475,0.0,2.939835892077895e-05,2.939835892077895e-05,2.939835892077895e-05,2.939835892077895e-05,2.939835892077895e-05,0.9998206696579218,0.0029796021102948805,0.05422992031160264
3,medium_ratio_seed44,medium_mass_ratio_recalibrated,44,read_only,future_query,Merlin ICMP Flooding,combined-cycle,seen_in_support,9042,1.0,0.0030966600309666,0.0,2.939835892077895e-05,2.939835892077895e-05,2.939835892077895e-05,2.939835892077895e-05,2.939835892077895e-05,0.9998206696579218,0.00312541202806168,0.05554981675568299
3,medium_ratio_seed44,medium_mass_ratio_recalibrated,44,read_only,future_query,Merlin ICMP Flooding,domotic-monitor,seen_in_support,9793,0.8607168385581537,0.0011232513019503727,0.0,2.939835892077895e-05,2.939835892077895e-05,2.939835892077895e-05,2.939835892077895e-05,2.939835892077895e-05,0.9998206696579218,0.001152415206086,0.03348912173345989
3,medium_ratio_seed44,medium_mass_ratio_recalibrated,44,read_only,future_query,Merlin TCP Flooding,building-monitor,seen_in_support,12000,0.9918333333333333,0.11116666666666666,0.0,2.939835892077895e-05,2.939835892077895e-05,0.9998206696579218,0.9998206696579218,0.9998206696579218,0.9998206696579218,0.11117286135165971,0.3142728031441245
3,medium_ratio_seed44,medium_mass_ratio_recalibrated,44,read_only,future_query,Merlin TCP Flooding,combined-cycle,seen_in_support,12000,0.9966666666666667,0.08408333333333333,0.0,2.939835892077895e-05,2.939835892077895e-05,2.939835892077895e-05,0.9998206696579218,0.9998206696579218,0.9998206696579218,0.08409518108731179,0.27745482508153757
3,medium_ratio_seed44,medium_mass_ratio_recalibrated,44,read_only,future_query,Merlin TCP Flooding,domotic-monitor,seen_in_support,12000,0.9999166666666667,0.13608333333333333,0.0,2.939835892077895e-05,2.939835892077895e-05,0.9998206696579218,0.9998206696579218,0.9998206696579218,0.9998206696579218,0.13608432719485983,0.34280546466885004
3,medium_ratio_seed44,medium_mass_ratio_recalibrated,44,read_only,future_query,Merlin UDP Flooding,building-monitor,seen_in_support,5000,1.0,1.0,0.0,0.9998206696579218,0.9998206696579218,0.9998206696579218,0.9998206696579218,0.9998206696579218,0.9998206696579218,0.9998206696579218,0.0
3,medium_ratio_seed44,medium_mass_ratio_recalibrated,44,read_only,future_query,Merlin UDP Flooding,combined-cycle,seen_in_support,5000,1.0,1.0,0.0,0.9998206696579218,0.9998206696579218,0.9998206696579218,0.9998206696579218,0.9998206696579218,0.9998206696579218,0.9998206696579218,0.0
3,medium_ratio_seed44,medium_mass_ratio_recalibrated,44,read_only,future_query,Merlin UDP Flooding,domotic-monitor,seen_in_support,5000,1.0,1.0,0.0,0.9998206696579218,0.9998206696579218,0.9998206696579218,0.9998206696579218,0.9998206696579218,0.9998206696579218,0.9998206696579218,0.0
3,medium_ratio_seed44,medium_mass_ratio_recalibrated,44,read_only,future_query,Mirai C&C Communication,building-monitor,seen_in_support,358,0.0223463687150838,0.0,0.0,2.939835892077895e-05,2.939835892077895e-05,2.939835892077895e-05,2.939835892077895e-05,2.939835892077895e-05,2.939835892077895e-05,2.9398358920778944e-05,6.776263578034403e-21
3,medium_ratio_seed44,medium_mass_ratio_recalibrated,44,read_only,future_query,Mirai C&C Communication,combined-cycle,seen_in_support,358,0.0223463687150838,0.0,0.0,2.939835892077895e-05,2.939835892077895e-05,2.939835892077895e-05,2.939835892077895e-05,2.939835892077895e-05,2.939835892077895e-05,2.9398358920778944e-05,6.776263578034403e-21
3,medium_ratio_seed44,medium_mass_ratio_recalibrated,44,read_only,future_query,Mirai GRE Flooding,building-monitor,seen_in_support,12000,1.0,1.0,0.0,0.9998206696579218,0.9998206696579218,0.9998206696579218,0.9998206696579218,0.9998206696579218,0.9998206696579218,0.9998206696579218,0.0
3,medium_ratio_seed44,medium_mass_ratio_recalibrated,44,read_only,future_query,Mirai GRE Flooding,combined-cycle,seen_in_support,12000,1.0,1.0,0.0,0.9998206696579218,0.9998206696579218,0.9998206696579218,0.9998206696579218,0.9998206696579218,0.9998206696579218,0.9998206696579218,0.0
3,medium_ratio_seed44,medium_mass_ratio_recalibrated,44,read_only,future_query,Mirai GRE Flooding,domotic-monitor,seen_in_support,12000,1.0,1.0,0.0,0.9998206696579218,0.9998206696579218,0.9998206696579218,0.9998206696579218,0.9998206696579218,0.9998206696579218,0.9998206696579218,0.0
3,medium_ratio_seed44,medium_mass_ratio_recalibrated,44,read_only,future_query,Mirai TCP Flooding,building-monitor,seen_in_support,12000,1.0,1.0,0.0,0.9998206696579218,0.9998206696579218,0.9998206696579218,0.9998206696579218,0.9998206696579218,0.9998206696579218,0.9998206696579218,0.0
3,medium_ratio_seed44,medium_mass_ratio_recalibrated,44,read_only,future_query,Mirai TCP Flooding,combined-cycle,seen_in_support,12000,1.0,1.0,0.0,0.9998206696579218,0.9998206696579218,0.9998206696579218,0.9998206696579218,0.9998206696579218,0.9998206696579218,0.9998206696579218,0.0
3,medium_ratio_seed44,medium_mass_ratio_recalibrated,44,read_only,future_query,Mirai TCP Flooding,domotic-monitor,seen_in_support,12000,1.0,1.0,0.0,0.9998206696579218,0.9998206696579218,0.9998206696579218,0.9998206696579218,0.9998206696579218,0.9998206696579218,0.9998206696579218,0.0
3,medium_ratio_seed44,medium_mass_ratio_recalibrated,44,read_only,future_query,Mirai UDP Flooding,building-monitor,seen_in_support,12000,1.0,1.0,0.0,0.9998206696579218,0.9998206696579218,0.9998206696579218,0.9998206696579218,0.9998206696579218,0.9998206696579218,0.9998206696579218,0.0
3,medium_ratio_seed44,medium_mass_ratio_recalibrated,44,read_only,future_query,Mirai UDP Flooding,combined-cycle,seen_in_support,12000,1.0,1.0,0.0,0.9998206696579218,0.9998206696579218,0.9998206696579218,0.9998206696579218,0.9998206696579218,0.9998206696579218,0.9998206696579218,0.0
3,medium_ratio_seed44,medium_mass_ratio_recalibrated,44,read_only,future_query,Mirai UDP Flooding,domotic-monitor,seen_in_support,12000,1.0,1.0,0.0,0.9998206696579218,0.9998206696579218,0.9998206696579218,0.9998206696579218,0.9998206696579218,0.9998206696579218,0.9998206696579218,0.0
3,medium_ratio_seed44,medium_mass_ratio_recalibrated,44,read_only,future_query,Reporting,building-monitor,unseen_in_support,88,0.09090909090909091,0.0,0.0,2.939835892077895e-05,2.939835892077895e-05,2.939835892077895e-05,2.939835892077895e-05,2.939835892077895e-05,2.939835892077895e-05,2.9398358920778947e-05,3.3881317890172014e-21
3,medium_ratio_seed44,medium_mass_ratio_recalibrated,44,read_only,future_query,Reporting,combined-cycle,unseen_in_support,64,0.0,0.0,0.0,2.939835892077895e-05,2.939835892077895e-05,2.939835892077895e-05,2.939835892077895e-05,2.939835892077895e-05,2.939835892077895e-05,2.939835892077895e-05,0.0
3,medium_ratio_seed44,medium_mass_ratio_recalibrated,44,read_only,future_query,Reporting,domotic-monitor,unseen_in_support,72,0.0,0.0,0.0,2.939835892077895e-05,2.939835892077895e-05,2.939835892077895e-05,2.939835892077895e-05,2.939835892077895e-05,2.939835892077895e-05,2.939835892077895e-05,0.0
3,medium_ratio_seed44,medium_mass_ratio_recalibrated,44,read_only,future_query,TCP Scan,air-quality,unseen_in_support,12000,0.80825,0.01175,0.0,2.939835892077895e-05,2.939835892077895e-05,2.939835892077895e-05,2.939835892077895e-05,0.9998206696579218,0.9998206696579218,0.011776945796684042,0.10773620801125383
3,medium_ratio_seed44,medium_mass_ratio_recalibrated,44,read_only,future_query,TCP Scan,building-monitor,unseen_in_support,12000,0.4063333333333333,0.0013333333333333333,0.0,2.939835892077895e-05,2.939835892077895e-05,2.939835892077895e-05,2.939835892077895e-05,2.939835892077895e-05,0.9998206696579218,0.0013624533873194474,0.03648286921070615
3,medium_ratio_seed44,medium_mass_ratio_recalibrated,44,read_only,future_query,TCP Scan,city-power,unseen_in_support,12000,0.7171666666666666,0.011166666666666667,0.0,2.939835892077895e-05,2.939835892077895e-05,2.939835892077895e-05,2.939835892077895e-05,0.9998206696579218,0.9998206696579218,0.011193734221759625,0.10505885564890952
3,medium_ratio_seed44,medium_mass_ratio_recalibrated,44,read_only,future_query,TCP Scan,combined-cycle,unseen_in_support,12000,0.27325,0.005,0.0,2.939835892077895e-05,2.939835892077895e-05,2.939835892077895e-05,2.939835892077895e-05,2.939835892077895e-05,0.9998206696579218,0.0050283547154157835,0.07051895749494756
3,medium_ratio_seed44,medium_mass_ratio_recalibrated,44,read_only,future_query,TCP Scan,domotic-monitor,unseen_in_support,12000,0.23216666666666666,0.00575,0.0,2.939835892077895e-05,2.939835892077895e-05,2.939835892077895e-05,2.939835892077895e-05,2.939835892077895e-05,0.9998206696579218,0.005778198168890034,0.0755946504138852
3,medium_ratio_seed44,medium_mass_ratio_recalibrated,44,read_only,future_query,TCP Scan,ip-camera-museum,unseen_in_support,12000,0.9998333333333334,0.9998333333333334,0.0,2.939835892077895e-05,0.9998206696579218,0.9998206696579218,0.9998206696579218,0.9998206696579218,0.9998206696579218,0.999654037779372,0.012906174162443714
3,medium_ratio_seed44,medium_mass_ratio_recalibrated,44,read_only,future_query,Telnet Brute Force,air-quality,unseen_in_support,12000,0.28458333333333335,0.006416666666666667,0.0,2.939835892077895e-05,2.939835892077895e-05,2.939835892077895e-05,2.939835892077895e-05,2.939835892077895e-05,0.9998206696579218,0.006444725683089369,0.07983001839254146
3,medium_ratio_seed44,medium_mass_ratio_recalibrated,44,read_only,future_query,Telnet Brute Force,building-monitor,unseen_in_support,12000,0.12616666666666668,0.009166666666666667,0.0,2.939835892077895e-05,2.939835892077895e-05,2.939835892077895e-05,2.939835892077895e-05,2.939835892077895e-05,0.9998206696579218,0.00919415167916162,0.0952829873049983
3,medium_ratio_seed44,medium_mass_ratio_recalibrated,44,read_only,future_query,Telnet Brute Force,city-power,unseen_in_support,12000,0.37316666666666665,0.00925,0.0,2.939835892077895e-05,2.939835892077895e-05,2.939835892077895e-05,2.939835892077895e-05,2.939835892077895e-05,0.9998206696579218,0.00927746761843654,0.09571108680295963
3,medium_ratio_seed44,medium_mass_ratio_recalibrated,44,read_only,future_query,Telnet Brute Force,combined-cycle,unseen_in_support,12000,0.07808333333333334,0.0030833333333333333,0.0,2.939835892077895e-05,2.939835892077895e-05,2.939835892077895e-05,2.939835892077895e-05,2.939835892077895e-05,0.9998206696579218,0.003112088112092699,0.05543052706974602
3,medium_ratio_seed44,medium_mass_ratio_recalibrated,44,read_only,future_query,Telnet Brute Force,domotic-monitor,unseen_in_support,12000,0.11716666666666667,0.002,0.0,2.939835892077895e-05,2.939835892077895e-05,2.939835892077895e-05,2.939835892077895e-05,2.939835892077895e-05,0.9998206696579218,0.0020289809015187816,0.04466729051539486
3,medium_ratio_seed44,medium_mass_ratio_recalibrated,44,read_only,future_query,Telnet Brute Force,ip-camera-museum,unseen_in_support,12000,1.0,1.0,0.0,0.9998206696579218,0.9998206696579218,0.9998206696579218,0.9998206696579218,0.9998206696579218,0.9998206696579218,0.9998206696579218,0.0
3,medium_ratio_seed44,medium_mass_ratio_recalibrated,44,read_only,future_query,UDP Scan,combined-cycle,unseen_in_support,4242,0.023573785950023574,0.00023573785950023574,0.0,2.939835892077895e-05,2.939835892077895e-05,2.939835892077895e-05,2.939835892077895e-05,2.939835892077895e-05,0.9998206696579218,0.0002650870131638249,0.015348742949006174
3,medium_ratio_seed44,medium_mass_ratio_recalibrated,44,report_only,sealed_final_attack,C&C Communication,ip-camera-street,unseen_in_support,90,0.4222222222222222,0.3333333333333333,0.0,2.939835892077895e-05,2.939835892077895e-05,0.9998206696579218,0.9998206696579218,0.9998206696579218,0.9998206696579218,0.33329315545858784,0.47130612513776193
3,medium_ratio_seed44,medium_mass_ratio_recalibrated,44,report_only,sealed_final_attack,File Download,ip-camera-street,seen_in_support,1231,0.9959382615759546,0.9959382615759546,0.0,2.939835892077895e-05,0.9998206696579218,0.9998206696579218,0.9998206696579218,0.9998206696579218,0.9998206696579218,0.9957597790352614,0.06358893115618994
3,medium_ratio_seed44,medium_mass_ratio_recalibrated,44,report_only,sealed_final_attack,Ingress Tool Transfer,ip-camera-street,seen_in_support,3702,0.9540788762830902,0.2520259319286872,0.0,2.939835892077895e-05,2.939835892077895e-05,0.9998206696579218,0.9998206696579218,0.9998206696579218,0.9998206696579218,0.25200272524221845,0.4340854470694149
3,medium_ratio_seed44,medium_mass_ratio_recalibrated,44,report_only,sealed_final_attack,Merlin ICMP Flooding,ip-camera-street,seen_in_support,10011,1.0,0.9998002197582659,0.0,2.939835892077895e-05,0.9998206696579218,0.9998206696579218,0.9998206696579218,0.9998206696579218,0.9998206696579218,0.9996209311160581,0.014130001953724622
3,medium_ratio_seed44,medium_mass_ratio_recalibrated,44,report_only,sealed_final_attack,Merlin TCP Flooding,ip-camera-street,seen_in_support,15000,1.0,1.0,0.0,0.9998206696579218,0.9998206696579218,0.9998206696579218,0.9998206696579218,0.9998206696579218,0.9998206696579218,0.9998206696579218,0.0
3,medium_ratio_seed44,medium_mass_ratio_recalibrated,44,report_only,sealed_final_attack,Merlin UDP Flooding,ip-camera-street,seen_in_support,4996,1.0,1.0,0.0,0.9998206696579218,0.9998206696579218,0.9998206696579218,0.9998206696579218,0.9998206696579218,0.9998206696579218,0.9998206696579219,1.1102230246251565e-16
3,medium_ratio_seed44,medium_mass_ratio_recalibrated,44,report_only,sealed_final_attack,Mirai GRE Flooding,ip-camera-street,seen_in_support,15000,1.0,1.0,0.0,0.9998206696579218,0.9998206696579218,0.9998206696579218,0.9998206696579218,0.9998206696579218,0.9998206696579218,0.9998206696579218,0.0
3,medium_ratio_seed44,medium_mass_ratio_recalibrated,44,report_only,sealed_final_attack,Mirai TCP Flooding,ip-camera-street,seen_in_support,15000,1.0,1.0,0.0,0.9998206696579218,0.9998206696579218,0.9998206696579218,0.9998206696579218,0.9998206696579218,0.9998206696579218,0.9998206696579218,0.0
3,medium_ratio_seed44,medium_mass_ratio_recalibrated,44,report_only,sealed_final_attack,Mirai UDP Flooding,ip-camera-street,seen_in_support,15000,1.0,1.0,0.0,0.9998206696579218,0.9998206696579218,0.9998206696579218,0.9998206696579218,0.9998206696579218,0.9998206696579218,0.9998206696579218,0.0
3,medium_ratio_seed44,medium_mass_ratio_recalibrated,44,report_only,sealed_final_attack,Reporting,ip-camera-street,unseen_in_support,74,0.36486486486486486,0.17567567567567569,0.0,2.939835892077895e-05,2.939835892077895e-05,0.9998206696579218,0.9998206696579218,0.9998206696579218,0.9998206696579218,0.17566840547901555,0.3804645652306679
3,medium_ratio_seed44,medium_mass_ratio_recalibrated,44,report_only,sealed_final_attack,TCP Scan,ip-camera-street,unseen_in_support,15000,0.46513333333333334,0.38093333333333335,0.0,2.939835892077895e-05,2.939835892077895e-05,0.9998206696579218,0.9998206696579218,0.9998206696579218,0.9998206696579218,0.3808832199724202,0.48551487418248707
3,medium_ratio_seed44,medium_mass_ratio_recalibrated,44,report_only,sealed_final_attack,Telnet Brute Force,ip-camera-street,unseen_in_support,15000,0.9767333333333333,0.33293333333333336,0.0,2.939835892077895e-05,2.939835892077895e-05,0.9998206696579218,0.9998206696579218,0.9998206696579218,0.9998206696579218,0.3328932389500682,0.4711645423639204
4,medium_ratio_seed45,medium_mass_ratio_recalibrated,45,calibration_select,support_val,File Download,combined-cycle,seen_in_support,3,0.6666666666666666,0.6666666666666666,0.0,2.939835892077895e-05,0.9998206696579218,0.9998206696579218,0.9998206696579218,0.9998206696579218,0.9998206696579218,0.6665569125582548,0.47130612513776193
4,medium_ratio_seed45,medium_mass_ratio_recalibrated,45,calibration_select,support_val,Ingress Tool Transfer,combined-cycle,seen_in_support,3,1.0,1.0,0.0,0.9998206696579218,0.9998206696579218,0.9998206696579218,0.9998206696579218,0.9998206696579218,0.9998206696579218,0.9998206696579218,0.0
4,medium_ratio_seed45,medium_mass_ratio_recalibrated,45,calibration_select,support_val,Merlin C&C Communication,ip-camera-museum,seen_in_support,5,1.0,1.0,0.0,0.9998206696579218,0.9998206696579218,0.9998206696579218,0.9998206696579218,0.9998206696579218,0.9998206696579218,0.9998206696579219,1.1102230246251565e-16
4,medium_ratio_seed45,medium_mass_ratio_recalibrated,45,calibration_select,support_val,Merlin ICMP Flooding,city-power,seen_in_support,1,1.0,0.0,0.0,2.939835892077895e-05,2.939835892077895e-05,2.939835892077895e-05,2.939835892077895e-05,2.939835892077895e-05,2.939835892077895e-05,2.939835892077895e-05,0.0
4,medium_ratio_seed45,medium_mass_ratio_recalibrated,45,calibration_select,support_val,Merlin ICMP Flooding,ip-camera-museum,seen_in_support,7,1.0,1.0,0.0,0.9998206696579218,0.9998206696579218,0.9998206696579218,0.9998206696579218,0.9998206696579218,0.9998206696579218,0.9998206696579218,0.0
4,medium_ratio_seed45,medium_mass_ratio_recalibrated,45,calibration_select,support_val,Merlin TCP Flooding,city-power,seen_in_support,6,1.0,1.0,0.0,0.9998206696579218,0.9998206696579218,0.9998206696579218,0.9998206696579218,0.9998206696579218,0.9998206696579218,0.9998206696579218,0.0
4,medium_ratio_seed45,medium_mass_ratio_recalibrated,45,calibration_select,support_val,Merlin TCP Flooding,ip-camera-museum,seen_in_support,5,1.0,1.0,0.0,0.9998206696579218,0.9998206696579218,0.9998206696579218,0.9998206696579218,0.9998206696579218,0.9998206696579218,0.9998206696579219,1.1102230246251565e-16
4,medium_ratio_seed45,medium_mass_ratio_recalibrated,45,calibration_select,support_val,Merlin UDP Flooding,city-power,seen_in_support,3,1.0,1.0,0.0,0.9998206696579218,0.9998206696579218,0.9998206696579218,0.9998206696579218,0.9998206696579218,0.9998206696579218,0.9998206696579218,0.0
4,medium_ratio_seed45,medium_mass_ratio_recalibrated,45,calibration_select,support_val,Merlin UDP Flooding,ip-camera-museum,seen_in_support,3,1.0,1.0,0.0,0.9998206696579218,0.9998206696579218,0.9998206696579218,0.9998206696579218,0.9998206696579218,0.9998206696579218,0.9998206696579218,0.0
4,medium_ratio_seed45,medium_mass_ratio_recalibrated,45,calibration_select,support_val,Mirai C&C Communication,ip-camera-museum,seen_in_support,2,0.5,0.5,0.0,2.939835892077895e-05,0.4999250340084213,0.8998415425280217,0.9498311060929717,0.9898227569449318,0.9998206696579218,0.4999250340084213,0.4998956356495005
4,medium_ratio_seed45,medium_mass_ratio_recalibrated,45,calibration_select,support_val,Mirai GRE Flooding,city-power,seen_in_support,4,1.0,1.0,0.0,0.9998206696579218,0.9998206696579218,0.9998206696579218,0.9998206696579218,0.9998206696579218,0.9998206696579218,0.9998206696579218,0.0
4,medium_ratio_seed45,medium_mass_ratio_recalibrated,45,calibration_select,support_val,Mirai GRE Flooding,ip-camera-museum,seen_in_support,6,1.0,1.0,0.0,0.9998206696579218,0.9998206696579218,0.9998206696579218,0.9998206696579218,0.9998206696579218,0.9998206696579218,0.9998206696579218,0.0
4,medium_ratio_seed45,medium_mass_ratio_recalibrated,45,calibration_select,support_val,Mirai TCP Flooding,city-power,seen_in_support,4,1.0,1.0,0.0,0.9998206696579218,0.9998206696579218,0.9998206696579218,0.9998206696579218,0.9998206696579218,0.9998206696579218,0.9998206696579218,0.0
4,medium_ratio_seed45,medium_mass_ratio_recalibrated,45,calibration_select,support_val,Mirai TCP Flooding,ip-camera-museum,seen_in_support,6,1.0,1.0,0.0,0.9998206696579218,0.9998206696579218,0.9998206696579218,0.9998206696579218,0.9998206696579218,0.9998206696579218,0.9998206696579218,0.0
4,medium_ratio_seed45,medium_mass_ratio_recalibrated,45,calibration_select,support_val,Mirai UDP Flooding,city-power,seen_in_support,5,1.0,1.0,0.0,0.9998206696579218,0.9998206696579218,0.9998206696579218,0.9998206696579218,0.9998206696579218,0.9998206696579218,0.9998206696579219,1.1102230246251565e-16
4,medium_ratio_seed45,medium_mass_ratio_recalibrated,45,calibration_select,support_val,Mirai UDP Flooding,ip-camera-museum,seen_in_support,6,1.0,1.0,0.0,0.9998206696579218,0.9998206696579218,0.9998206696579218,0.9998206696579218,0.9998206696579218,0.9998206696579218,0.9998206696579218,0.0
4,medium_ratio_seed45,medium_mass_ratio_recalibrated,45,read_only,same_file_query,File Download,combined-cycle,seen_in_support,105,1.0,1.0,0.0,0.9998206696579218,0.9998206696579218,0.9998206696579218,0.9998206696579218,0.9998206696579218,0.9998206696579218,0.9998206696579218,0.0
4,medium_ratio_seed45,medium_mass_ratio_recalibrated,45,read_only,same_file_query,Ingress Tool Transfer,combined-cycle,seen_in_support,2381,0.0,0.0,0.0,2.939835892077895e-05,2.939835892077895e-05,2.939835892077895e-05,2.939835892077895e-05,2.939835892077895e-05,2.939835892077895e-05,2.9398358920778954e-05,3.3881317890172014e-21
4,medium_ratio_seed45,medium_mass_ratio_recalibrated,45,read_only,same_file_query,Merlin C&C Communication,ip-camera-museum,seen_in_support,6827,0.9273472974952395,0.9273472974952395,0.0,2.939835892077895e-05,0.9998206696579218,0.9998206696579218,0.9998206696579218,0.9998206696579218,0.9998206696579218,0.9271831318573792,0.2595113954413341
4,medium_ratio_seed45,medium_mass_ratio_recalibrated,45,read_only,same_file_query,Merlin ICMP Flooding,city-power,seen_in_support,6680,1.0,1.0,0.0,0.9998206696579218,0.9998206696579218,0.9998206696579218,0.9998206696579218,0.9998206696579218,0.9998206696579218,0.9998206696579218,0.0
4,medium_ratio_seed45,medium_mass_ratio_recalibrated,45,read_only,same_file_query,Merlin ICMP Flooding,ip-camera-museum,seen_in_support,7038,1.0,0.9998579141801648,0.0,2.939835892077895e-05,0.9998206696579218,0.9998206696579218,0.9998206696579218,0.9998206696579218,0.9998206696579218,0.9996786134954752,0.011916640940090055
4,medium_ratio_seed45,medium_mass_ratio_recalibrated,45,read_only,same_file_query,Merlin TCP Flooding,city-power,seen_in_support,12000,1.0,1.0,0.0,0.9998206696579218,0.9998206696579218,0.9998206696579218,0.9998206696579218,0.9998206696579218,0.9998206696579218,0.9998206696579218,0.0
4,medium_ratio_seed45,medium_mass_ratio_recalibrated,45,read_only,same_file_query,Merlin TCP Flooding,ip-camera-museum,seen_in_support,12000,1.0,1.0,0.0,0.9998206696579218,0.9998206696579218,0.9998206696579218,0.9998206696579218,0.9998206696579218,0.9998206696579218,0.9998206696579218,0.0
4,medium_ratio_seed45,medium_mass_ratio_recalibrated,45,read_only,same_file_query,Merlin UDP Flooding,city-power,seen_in_support,3250,1.0,1.0,0.0,0.9998206696579218,0.9998206696579218,0.9998206696579218,0.9998206696579218,0.9998206696579218,0.9998206696579218,0.9998206696579218,0.0
4,medium_ratio_seed45,medium_mass_ratio_recalibrated,45,read_only,same_file_query,Merlin UDP Flooding,ip-camera-museum,seen_in_support,3292,1.0,1.0,0.0,0.9998206696579218,0.9998206696579218,0.9998206696579218,0.9998206696579218,0.9998206696579218,0.9998206696579218,0.9998206696579217,1.1102230246251565e-16
4,medium_ratio_seed45,medium_mass_ratio_recalibrated,45,read_only,same_file_query,Mirai C&C Communication,ip-camera-museum,seen_in_support,106,0.5660377358490566,0.5094339622641509,0.0,2.939835892077895e-05,0.9998206696579218,0.9998206696579218,0.9998206696579218,0.9998206696579218,0.9998206696579218,0.5093570271338835,0.4998066466615859
4,medium_ratio_seed45,medium_mass_ratio_recalibrated,45,read_only,same_file_query,Mirai GRE Flooding,city-power,seen_in_support,12000,1.0,1.0,0.0,0.9998206696579218,0.9998206696579218,0.9998206696579218,0.9998206696579218,0.9998206696579218,0.9998206696579218,0.9998206696579218,0.0
4,medium_ratio_seed45,medium_mass_ratio_recalibrated,45,read_only,same_file_query,Mirai GRE Flooding,ip-camera-museum,seen_in_support,12000,1.0,1.0,0.0,0.9998206696579218,0.9998206696579218,0.9998206696579218,0.9998206696579218,0.9998206696579218,0.9998206696579218,0.9998206696579218,0.0
4,medium_ratio_seed45,medium_mass_ratio_recalibrated,45,read_only,same_file_query,Mirai TCP Flooding,city-power,seen_in_support,12000,1.0,1.0,0.0,0.9998206696579218,0.9998206696579218,0.9998206696579218,0.9998206696579218,0.9998206696579218,0.9998206696579218,0.9998206696579218,0.0
4,medium_ratio_seed45,medium_mass_ratio_recalibrated,45,read_only,same_file_query,Mirai TCP Flooding,ip-camera-museum,seen_in_support,12000,1.0,1.0,0.0,0.9998206696579218,0.9998206696579218,0.9998206696579218,0.9998206696579218,0.9998206696579218,0.9998206696579218,0.9998206696579218,0.0
4,medium_ratio_seed45,medium_mass_ratio_recalibrated,45,read_only,same_file_query,Mirai UDP Flooding,city-power,seen_in_support,12000,1.0,1.0,0.0,0.9998206696579218,0.9998206696579218,0.9998206696579218,0.9998206696579218,0.9998206696579218,0.9998206696579218,0.9998206696579218,0.0
4,medium_ratio_seed45,medium_mass_ratio_recalibrated,45,read_only,same_file_query,Mirai UDP Flooding,ip-camera-museum,seen_in_support,12000,1.0,1.0,0.0,0.9998206696579218,0.9998206696579218,0.9998206696579218,0.9998206696579218,0.9998206696579218,0.9998206696579218,0.9998206696579218,0.0
4,medium_ratio_seed45,medium_mass_ratio_recalibrated,45,read_only,future_query,C&C Communication,building-monitor,unseen_in_support,84,0.08333333333333333,0.047619047619047616,0.0,2.939835892077895e-05,2.939835892077895e-05,2.939835892077895e-05,2.939835892077895e-05,0.9998206696579218,0.9998206696579218,0.04763850651601605,0.2129144043748096
4,medium_ratio_seed45,medium_mass_ratio_recalibrated,45,read_only,future_query,C&C Communication,combined-cycle,unseen_in_support,90,0.07777777777777778,0.044444444444444446,0.0,2.939835892077895e-05,2.939835892077895e-05,2.939835892077895e-05,2.939835892077895e-05,0.9998206696579218,0.9998206696579218,0.04446456597220971,0.206037396114524
4,medium_ratio_seed45,medium_mass_ratio_recalibrated,45,read_only,future_query,C&C Communication,domotic-monitor,unseen_in_support,82,0.08536585365853659,0.04878048780487805,0.0,2.939835892077895e-05,2.939835892077895e-05,2.939835892077895e-05,2.939835892077895e-05,0.9998206696579218,0.9998206696579218,0.04879970427594522,0.21536383961840685
4,medium_ratio_seed45,medium_mass_ratio_recalibrated,45,read_only,future_query,CoAP Amplification,combined-cycle,unseen_in_support,12000,0.9993333333333333,0.9993333333333333,0.0,2.939835892077895e-05,0.9998206696579218,0.9998206696579218,0.9998206696579218,0.9998206696579218,0.9998206696579218,0.9991541421437227,0.02580589335500576
4,medium_ratio_seed45,medium_mass_ratio_recalibrated,45,read_only,future_query,File Download,building-monitor,seen_in_support,1191,0.9966414777497901,0.9966414777497901,0.0,2.939835892077895e-05,0.9998206696579218,0.9998206696579218,0.9998206696579218,0.9998206696579218,0.9998206696579218,0.9964628484276984,0.05784328304259394
4,medium_ratio_seed45,medium_mass_ratio_recalibrated,45,read_only,future_query,File Download,domotic-monitor,seen_in_support,1187,0.9974726200505476,0.9974726200505476,0.0,2.939835892077895e-05,0.9998206696579218,0.9998206696579218,0.9998206696579218,0.9998206696579218,0.9998206696579218,0.9972938172452034,0.05019900400387677
4,medium_ratio_seed45,medium_mass_ratio_recalibrated,45,read_only,future_query,Ingress Tool Transfer,air-quality,seen_in_support,109,0.6422018348623854,0.5963302752293578,0.0,2.939835892077895e-05,0.9998206696579218,0.9998206696579218,0.9998206696579218,0.9998206696579218,0.9998206696579218,0.5962352023445635,0.49053032323851503
4,medium_ratio_seed45,medium_mass_ratio_recalibrated,45,read_only,future_query,Ingress Tool Transfer,building-monitor,seen_in_support,3754,0.08604155567394779,0.02077783697389451,0.0,2.939835892077895e-05,2.939835892077895e-05,2.939835892077895e-05,2.939835892077895e-05,0.9998206696579218,0.9998206696579218,0.02080289840189416,0.14261004772896893
4,medium_ratio_seed45,medium_mass_ratio_recalibrated,45,read_only,future_query,Ingress Tool Transfer,city-power,seen_in_support,105,0.6285714285714286,0.5904761904761905,0.0,2.939835892077895e-05,0.9998206696579218,0.9998206696579218,0.9998206696579218,0.9998206696579218,0.9998206696579218,0.5903823395069023,0.49164328778431693
4,medium_ratio_seed45,medium_mass_ratio_recalibrated,45,read_only,future_query,Ingress Tool Transfer,domotic-monitor,seen_in_support,3678,0.06824361065796629,0.01658510059815117,0.0,2.939835892077895e-05,2.939835892077895e-05,2.939835892077895e-05,2.939835892077895e-05,0.9998206696579218,0.9998206696579218,0.01661103717056816,0.12768409063794073
4,medium_ratio_seed45,medium_mass_ratio_recalibrated,45,read_only,future_query,Ingress Tool Transfer,ip-camera-museum,seen_in_support,108,1.0,0.9907407407407407,0.0,2.939835892077895e-05,0.9998206696579218,0.9998206696579218,0.9998206696579218,0.9998206696579218,0.9998206696579218,0.9905633430718199,0.09575853079922997
4,medium_ratio_seed45,medium_mass_ratio_recalibrated,45,read_only,future_query,Merlin C&C Communication,building-monitor,seen_in_support,9657,0.8525421973697835,0.8520244382313348,0.0,2.939835892077895e-05,0.9998206696579218,0.9998206696579218,0.9998206696579218,0.9998206696579218,0.9998206696579218,0.851875994636044,0.3550016448619804
4,medium_ratio_seed45,medium_mass_ratio_recalibrated,45,read_only,future_query,Merlin C&C Communication,combined-cycle,seen_in_support,9933,0.8233162186650559,0.8230141951072184,0.0,2.939835892077895e-05,0.9998206696579218,0.9998206696579218,0.9998206696579218,0.9998206696579218,0.9998206696579218,0.8228718067822907,0.381577028260823
4,medium_ratio_seed45,medium_mass_ratio_recalibrated,45,read_only,future_query,Merlin ICMP Flooding,building-monitor,seen_in_support,9150,1.0,0.9997814207650273,0.0,2.939835892077895e-05,0.9998206696579218,0.9998206696579218,0.9998206696579218,0.9998206696579218,0.9998206696579218,0.9996021360467089,0.014779723949955003
4,medium_ratio_seed45,medium_mass_ratio_recalibrated,45,read_only,future_query,Merlin ICMP Flooding,combined-cycle,seen_in_support,9042,1.0,0.9997788099977881,0.0,2.939835892077895e-05,0.9998206696579218,0.9998206696579218,0.9998206696579218,0.9998206696579218,0.9998206696579218,0.9995995258244116,0.014867708964392004
4,medium_ratio_seed45,medium_mass_ratio_recalibrated,45,read_only,future_query,Merlin ICMP Flooding,domotic-monitor,seen_in_support,9793,0.020729092208720514,0.009292351679771264,0.0,2.939835892077895e-05,2.939835892077895e-05,2.939835892077895e-05,2.939835892077895e-05,2.939835892077895e-05,0.9998206696579218,0.0093198104581967,0.09592789566467262
4,medium_ratio_seed45,medium_mass_ratio_recalibrated,45,read_only,future_query,Merlin TCP Flooding,building-monitor,seen_in_support,12000,0.9919166666666667,0.98475,0.0,2.939835892077895e-05,0.9998206696579218,0.9998206696579218,0.9998206696579218,0.9998206696579218,0.9998206696579218,0.9845738527706119,0.12252007596239631
4,medium_ratio_seed45,medium_mass_ratio_recalibrated,45,read_only,future_query,Merlin TCP Flooding,combined-cycle,seen_in_support,12000,0.9918333333333333,0.9685833333333334,0.0,2.939835892077895e-05,0.9998206696579218,0.9998206696579218,0.9998206696579218,0.9998206696579218,0.9998206696579218,0.9684105605512784,0.1744045812508384
4,medium_ratio_seed45,medium_mass_ratio_recalibrated,45,read_only,future_query,Merlin TCP Flooding,domotic-monitor,seen_in_support,12000,0.9999166666666667,0.9999166666666667,0.0,2.939835892077895e-05,0.9998206696579218,0.9998206696579218,0.9998206696579218,0.9998206696579218,0.9998206696579218,0.9997373537186468,0.009126423576703098
4,medium_ratio_seed45,medium_mass_ratio_recalibrated,45,read_only,future_query,Merlin UDP Flooding,building-monitor,seen_in_support,5000,1.0,1.0,0.0,0.9998206696579218,0.9998206696579218,0.9998206696579218,0.9998206696579218,0.9998206696579218,0.9998206696579218,0.9998206696579218,0.0
4,medium_ratio_seed45,medium_mass_ratio_recalibrated,45,read_only,future_query,Merlin UDP Flooding,combined-cycle,seen_in_support,5000,1.0,1.0,0.0,0.9998206696579218,0.9998206696579218,0.9998206696579218,0.9998206696579218,0.9998206696579218,0.9998206696579218,0.9998206696579218,0.0
4,medium_ratio_seed45,medium_mass_ratio_recalibrated,45,read_only,future_query,Merlin UDP Flooding,domotic-monitor,seen_in_support,5000,1.0,1.0,0.0,0.9998206696579218,0.9998206696579218,0.9998206696579218,0.9998206696579218,0.9998206696579218,0.9998206696579218,0.9998206696579218,0.0
4,medium_ratio_seed45,medium_mass_ratio_recalibrated,45,read_only,future_query,Mirai C&C Communication,building-monitor,seen_in_support,358,0.0111731843575419,0.0,0.0,2.939835892077895e-05,2.939835892077895e-05,2.939835892077895e-05,2.939835892077895e-05,2.939835892077895e-05,2.939835892077895e-05,2.9398358920778944e-05,6.776263578034403e-21
4,medium_ratio_seed45,medium_mass_ratio_recalibrated,45,read_only,future_query,Mirai C&C Communication,combined-cycle,seen_in_support,358,0.002793296089385475,0.0,0.0,2.939835892077895e-05,2.939835892077895e-05,2.939835892077895e-05,2.939835892077895e-05,2.939835892077895e-05,2.939835892077895e-05,2.9398358920778944e-05,6.776263578034403e-21
4,medium_ratio_seed45,medium_mass_ratio_recalibrated,45,read_only,future_query,Mirai GRE Flooding,building-monitor,seen_in_support,12000,1.0,1.0,0.0,0.9998206696579218,0.9998206696579218,0.9998206696579218,0.9998206696579218,0.9998206696579218,0.9998206696579218,0.9998206696579218,0.0
4,medium_ratio_seed45,medium_mass_ratio_recalibrated,45,read_only,future_query,Mirai GRE Flooding,combined-cycle,seen_in_support,12000,1.0,1.0,0.0,0.9998206696579218,0.9998206696579218,0.9998206696579218,0.9998206696579218,0.9998206696579218,0.9998206696579218,0.9998206696579218,0.0
4,medium_ratio_seed45,medium_mass_ratio_recalibrated,45,read_only,future_query,Mirai GRE Flooding,domotic-monitor,seen_in_support,12000,1.0,1.0,0.0,0.9998206696579218,0.9998206696579218,0.9998206696579218,0.9998206696579218,0.9998206696579218,0.9998206696579218,0.9998206696579218,0.0
4,medium_ratio_seed45,medium_mass_ratio_recalibrated,45,read_only,future_query,Mirai TCP Flooding,building-monitor,seen_in_support,12000,1.0,1.0,0.0,0.9998206696579218,0.9998206696579218,0.9998206696579218,0.9998206696579218,0.9998206696579218,0.9998206696579218,0.9998206696579218,0.0
4,medium_ratio_seed45,medium_mass_ratio_recalibrated,45,read_only,future_query,Mirai TCP Flooding,combined-cycle,seen_in_support,12000,1.0,1.0,0.0,0.9998206696579218,0.9998206696579218,0.9998206696579218,0.9998206696579218,0.9998206696579218,0.9998206696579218,0.9998206696579218,0.0
4,medium_ratio_seed45,medium_mass_ratio_recalibrated,45,read_only,future_query,Mirai TCP Flooding,domotic-monitor,seen_in_support,12000,1.0,1.0,0.0,0.9998206696579218,0.9998206696579218,0.9998206696579218,0.9998206696579218,0.9998206696579218,0.9998206696579218,0.9998206696579218,0.0
4,medium_ratio_seed45,medium_mass_ratio_recalibrated,45,read_only,future_query,Mirai UDP Flooding,building-monitor,seen_in_support,12000,1.0,1.0,0.0,0.9998206696579218,0.9998206696579218,0.9998206696579218,0.9998206696579218,0.9998206696579218,0.9998206696579218,0.9998206696579218,0.0
4,medium_ratio_seed45,medium_mass_ratio_recalibrated,45,read_only,future_query,Mirai UDP Flooding,combined-cycle,seen_in_support,12000,1.0,1.0,0.0,0.9998206696579218,0.9998206696579218,0.9998206696579218,0.9998206696579218,0.9998206696579218,0.9998206696579218,0.9998206696579218,0.0
4,medium_ratio_seed45,medium_mass_ratio_recalibrated,45,read_only,future_query,Mirai UDP Flooding,domotic-monitor,seen_in_support,12000,1.0,1.0,0.0,0.9998206696579218,0.9998206696579218,0.9998206696579218,0.9998206696579218,0.9998206696579218,0.9998206696579218,0.9998206696579218,0.0
4,medium_ratio_seed45,medium_mass_ratio_recalibrated,45,read_only,future_query,Reporting,building-monitor,unseen_in_support,88,0.09090909090909091,0.056818181818181816,0.0,2.939835892077895e-05,2.939835892077895e-05,2.939835892077895e-05,0.649893724703263,0.9998206696579218,0.9998206696579218,0.056835720591818566,0.23144655296076838
4,medium_ratio_seed45,medium_mass_ratio_recalibrated,45,read_only,future_query,Reporting,combined-cycle,unseen_in_support,64,0.0,0.0,0.0,2.939835892077895e-05,2.939835892077895e-05,2.939835892077895e-05,2.939835892077895e-05,2.939835892077895e-05,2.939835892077895e-05,2.939835892077895e-05,0.0
4,medium_ratio_seed45,medium_mass_ratio_recalibrated,45,read_only,future_query,Reporting,domotic-monitor,unseen_in_support,72,0.0,0.0,0.0,2.939835892077895e-05,2.939835892077895e-05,2.939835892077895e-05,2.939835892077895e-05,2.939835892077895e-05,2.939835892077895e-05,2.939835892077895e-05,0.0
4,medium_ratio_seed45,medium_mass_ratio_recalibrated,45,read_only,future_query,TCP Scan,air-quality,unseen_in_support,12000,0.24633333333333332,0.011916666666666667,0.0,2.939835892077895e-05,2.939835892077895e-05,2.939835892077895e-05,2.939835892077895e-05,0.9998206696579218,0.9998206696579218,0.011943577675233876,0.10848845476067798
4,medium_ratio_seed45,medium_mass_ratio_recalibrated,45,read_only,future_query,TCP Scan,building-monitor,unseen_in_support,12000,0.36841666666666667,0.30025,0.0,2.939835892077895e-05,2.939835892077895e-05,0.9998206696579218,0.9998206696579218,0.9998206696579218,0.9998206696579218,0.30021672756644585,0.4582709230133374
4,medium_ratio_seed45,medium_mass_ratio_recalibrated,45,read_only,future_query,TCP Scan,city-power,unseen_in_support,12000,0.169,0.01025,0.0,2.939835892077895e-05,2.939835892077895e-05,2.939835892077895e-05,2.939835892077895e-05,0.9998206696579218,0.9998206696579218,0.010277258889735541,0.10070105690974207
4,medium_ratio_seed45,medium_mass_ratio_recalibrated,45,read_only,future_query,TCP Scan,combined-cycle,unseen_in_support,12000,0.23133333333333334,0.19433333333333333,0.0,2.939835892077895e-05,2.939835892077895e-05,0.9998206696579218,0.9998206696579218,0.9998206696579218,0.9998206696579218,0.19432216874802666,0.3956040132329995
4,medium_ratio_seed45,medium_mass_ratio_recalibrated,45,read_only,future_query,TCP Scan,domotic-monitor,unseen_in_support,12000,0.20391666666666666,0.17258333333333334,0.0,2.939835892077895e-05,2.939835892077895e-05,0.9998206696579218,0.9998206696579218,0.9998206696579218,0.9998206696579218,0.17257670859727342,0.37780778233373563
4,medium_ratio_seed45,medium_mass_ratio_recalibrated,45,read_only,future_query,TCP Scan,ip-camera-museum,unseen_in_support,12000,0.9998333333333334,0.9998333333333334,0.0,2.939835892077895e-05,0.9998206696579218,0.9998206696579218,0.9998206696579218,0.9998206696579218,0.9998206696579218,0.999654037779372,0.012906174162443714
4,medium_ratio_seed45,medium_mass_ratio_recalibrated,45,read_only,future_query,Telnet Brute Force,air-quality,unseen_in_support,12000,0.011083333333333334,0.0035,0.0,2.939835892077895e-05,2.939835892077895e-05,2.939835892077895e-05,2.939835892077895e-05,2.939835892077895e-05,0.9998206696579218,0.0035286678084672837,0.05904484875837455
4,medium_ratio_seed45,medium_mass_ratio_recalibrated,45,read_only,future_query,Telnet Brute Force,building-monitor,unseen_in_support,12000,0.05625,0.0065,0.0,2.939835892077895e-05,2.939835892077895e-05,2.939835892077895e-05,2.939835892077895e-05,2.939835892077895e-05,0.9998206696579218,0.006528041622364284,0.08034335346381412
4,medium_ratio_seed45,medium_mass_ratio_recalibrated,45,read_only,future_query,Telnet Brute Force,city-power,unseen_in_support,12000,0.014916666666666667,0.0069166666666666664,0.0,2.939835892077895e-05,2.939835892077895e-05,2.939835892077895e-05,2.939835892077895e-05,2.939835892077895e-05,0.9998206696579218,0.00694462131873887,0.08286108402458041
4,medium_ratio_seed45,medium_mass_ratio_recalibrated,45,read_only,future_query,Telnet Brute Force,combined-cycle,unseen_in_support,12000,0.03525,0.00275,0.0,2.939835892077895e-05,2.939835892077895e-05,2.939835892077895e-05,2.939835892077895e-05,2.939835892077895e-05,0.9998206696579218,0.002778824354993031,0.05235735639475815
4,medium_ratio_seed45,medium_mass_ratio_recalibrated,45,read_only,future_query,Telnet Brute Force,domotic-monitor,unseen_in_support,12000,0.04066666666666666,0.00175,0.0,2.939835892077895e-05,2.939835892077895e-05,2.939835892077895e-05,2.939835892077895e-05,2.939835892077895e-05,0.9998206696579218,0.001779033083694031,0.04178765731791859
4,medium_ratio_seed45,medium_mass_ratio_recalibrated,45,read_only,future_query,Telnet Brute Force,ip-camera-museum,unseen_in_support,12000,1.0,1.0,0.0,0.9998206696579218,0.9998206696579218,0.9998206696579218,0.9998206696579218,0.9998206696579218,0.9998206696579218,0.9998206696579218,0.0
4,medium_ratio_seed45,medium_mass_ratio_recalibrated,45,read_only,future_query,UDP Scan,combined-cycle,unseen_in_support,4242,0.022395096652522394,0.0054219707685054215,0.0,2.939835892077895e-05,2.939835892077895e-05,2.939835892077895e-05,2.939835892077895e-05,2.939835892077895e-05,0.9998206696579218,0.005450237406510835,0.07341881275883895
4,medium_ratio_seed45,medium_mass_ratio_recalibrated,45,report_only,sealed_final_attack,C&C Communication,ip-camera-street,unseen_in_support,90,0.32222222222222224,0.15555555555555556,0.0,2.939835892077895e-05,2.939835892077895e-05,0.9998206696579218,0.9998206696579218,0.9998206696579218,0.9998206696579218,0.15555248500543206,0.36235782596019905
4,medium_ratio_seed45,medium_mass_ratio_recalibrated,45,report_only,sealed_final_attack,File Download,ip-camera-street,seen_in_support,1231,0.9959382615759546,0.9959382615759546,0.0,2.939835892077895e-05,0.9998206696579218,0.9998206696579218,0.9998206696579218,0.9998206696579218,0.9998206696579218,0.9957597790352614,0.06358893115618994
4,medium_ratio_seed45,medium_mass_ratio_recalibrated,45,report_only,sealed_final_attack,Ingress Tool Transfer,ip-camera-street,seen_in_support,3702,0.626418152350081,0.24986493787142086,0.0,2.939835892077895e-05,2.939835892077895e-05,0.9998206696579218,0.9998206696579218,0.9998206696579218,0.9998206696579218,0.24984218224643454,0.4328443297491725
4,medium_ratio_seed45,medium_mass_ratio_recalibrated,45,report_only,sealed_final_attack,Merlin ICMP Flooding,ip-camera-street,seen_in_support,10011,1.0,1.0,0.0,0.9998206696579218,0.9998206696579218,0.9998206696579218,0.9998206696579218,0.9998206696579218,0.9998206696579218,0.9998206696579218,0.0
4,medium_ratio_seed45,medium_mass_ratio_recalibrated,45,report_only,sealed_final_attack,Merlin TCP Flooding,ip-camera-street,seen_in_support,15000,1.0,1.0,0.0,0.9998206696579218,0.9998206696579218,0.9998206696579218,0.9998206696579218,0.9998206696579218,0.9998206696579218,0.9998206696579218,0.0
4,medium_ratio_seed45,medium_mass_ratio_recalibrated,45,report_only,sealed_final_attack,Merlin UDP Flooding,ip-camera-street,seen_in_support,4996,1.0,1.0,0.0,0.9998206696579218,0.9998206696579218,0.9998206696579218,0.9998206696579218,0.9998206696579218,0.9998206696579218,0.9998206696579219,1.1102230246251565e-16
4,medium_ratio_seed45,medium_mass_ratio_recalibrated,45,report_only,sealed_final_attack,Mirai GRE Flooding,ip-camera-street,seen_in_support,15000,1.0,1.0,0.0,0.9998206696579218,0.9998206696579218,0.9998206696579218,0.9998206696579218,0.9998206696579218,0.9998206696579218,0.9998206696579218,0.0
4,medium_ratio_seed45,medium_mass_ratio_recalibrated,45,report_only,sealed_final_attack,Mirai TCP Flooding,ip-camera-street,seen_in_support,15000,1.0,1.0,0.0,0.9998206696579218,0.9998206696579218,0.9998206696579218,0.9998206696579218,0.9998206696579218,0.9998206696579218,0.9998206696579218,0.0
4,medium_ratio_seed45,medium_mass_ratio_recalibrated,45,report_only,sealed_final_attack,Mirai UDP Flooding,ip-camera-street,seen_in_support,15000,1.0,1.0,0.0,0.9998206696579218,0.9998206696579218,0.9998206696579218,0.9998206696579218,0.9998206696579218,0.9998206696579218,0.9998206696579218,0.0
4,medium_ratio_seed45,medium_mass_ratio_recalibrated,45,report_only,sealed_final_attack,Reporting,ip-camera-street,unseen_in_support,74,0.3108108108108108,0.16216216216216217,0.0,2.939835892077895e-05,2.939835892077895e-05,0.9998206696579218,0.9998206696579218,0.9998206696579218,0.9998206696579218,0.16215771262362366,0.3685225680280069
4,medium_ratio_seed45,medium_mass_ratio_recalibrated,45,report_only,sealed_final_attack,TCP Scan,ip-camera-street,unseen_in_support,15000,0.4268,0.369,0.0,2.939835892077895e-05,2.939835892077895e-05,0.9998206696579218,0.9998206696579218,0.9998206696579218,0.9998206696579218,0.3689523774682522,0.4824332179485872
4,medium_ratio_seed45,medium_mass_ratio_recalibrated,45,report_only,sealed_final_attack,Telnet Brute Force,ip-camera-street,unseen_in_support,15000,0.5720666666666666,0.3292,0.0,2.939835892077895e-05,2.939835892077895e-05,0.9998206696579218,0.9998206696579218,0.9998206696579218,0.9998206696579218,0.32916068487055195,0.469824630692068
5,medium_ratio_seed46,medium_mass_ratio_recalibrated,46,calibration_select,support_val,File Download,combined-cycle,seen_in_support,3,1.0,1.0,0.0,0.9998206696579218,0.9998206696579218,0.9998206696579218,0.9998206696579218,0.9998206696579218,0.9998206696579218,0.9998206696579218,0.0
5,medium_ratio_seed46,medium_mass_ratio_recalibrated,46,calibration_select,support_val,Ingress Tool Transfer,combined-cycle,seen_in_support,3,1.0,0.6666666666666666,0.0,2.939835892077895e-05,0.9998206696579218,0.9998206696579218,0.9998206696579218,0.9998206696579218,0.9998206696579218,0.6665569125582548,0.47130612513776193
5,medium_ratio_seed46,medium_mass_ratio_recalibrated,46,calibration_select,support_val,Merlin C&C Communication,ip-camera-museum,seen_in_support,5,1.0,1.0,0.0,0.9998206696579218,0.9998206696579218,0.9998206696579218,0.9998206696579218,0.9998206696579218,0.9998206696579218,0.9998206696579219,1.1102230246251565e-16
5,medium_ratio_seed46,medium_mass_ratio_recalibrated,46,calibration_select,support_val,Merlin ICMP Flooding,city-power,seen_in_support,1,1.0,0.0,0.0,2.939835892077895e-05,2.939835892077895e-05,2.939835892077895e-05,2.939835892077895e-05,2.939835892077895e-05,2.939835892077895e-05,2.939835892077895e-05,0.0
5,medium_ratio_seed46,medium_mass_ratio_recalibrated,46,calibration_select,support_val,Merlin ICMP Flooding,ip-camera-museum,seen_in_support,7,1.0,1.0,0.0,0.9998206696579218,0.9998206696579218,0.9998206696579218,0.9998206696579218,0.9998206696579218,0.9998206696579218,0.9998206696579218,0.0
5,medium_ratio_seed46,medium_mass_ratio_recalibrated,46,calibration_select,support_val,Merlin TCP Flooding,city-power,seen_in_support,6,1.0,1.0,0.0,0.9998206696579218,0.9998206696579218,0.9998206696579218,0.9998206696579218,0.9998206696579218,0.9998206696579218,0.9998206696579218,0.0
5,medium_ratio_seed46,medium_mass_ratio_recalibrated,46,calibration_select,support_val,Merlin TCP Flooding,ip-camera-museum,seen_in_support,5,1.0,1.0,0.0,0.9998206696579218,0.9998206696579218,0.9998206696579218,0.9998206696579218,0.9998206696579218,0.9998206696579218,0.9998206696579219,1.1102230246251565e-16
5,medium_ratio_seed46,medium_mass_ratio_recalibrated,46,calibration_select,support_val,Merlin UDP Flooding,city-power,seen_in_support,3,1.0,1.0,0.0,0.9998206696579218,0.9998206696579218,0.9998206696579218,0.9998206696579218,0.9998206696579218,0.9998206696579218,0.9998206696579218,0.0
5,medium_ratio_seed46,medium_mass_ratio_recalibrated,46,calibration_select,support_val,Merlin UDP Flooding,ip-camera-museum,seen_in_support,3,1.0,1.0,0.0,0.9998206696579218,0.9998206696579218,0.9998206696579218,0.9998206696579218,0.9998206696579218,0.9998206696579218,0.9998206696579218,0.0
5,medium_ratio_seed46,medium_mass_ratio_recalibrated,46,calibration_select,support_val,Mirai C&C Communication,ip-camera-museum,seen_in_support,2,1.0,0.5,0.0,2.939835892077895e-05,0.4999250340084213,0.8998415425280217,0.9498311060929717,0.9898227569449318,0.9998206696579218,0.4999250340084213,0.4998956356495005
5,medium_ratio_seed46,medium_mass_ratio_recalibrated,46,calibration_select,support_val,Mirai GRE Flooding,city-power,seen_in_support,4,1.0,1.0,0.0,0.9998206696579218,0.9998206696579218,0.9998206696579218,0.9998206696579218,0.9998206696579218,0.9998206696579218,0.9998206696579218,0.0
5,medium_ratio_seed46,medium_mass_ratio_recalibrated,46,calibration_select,support_val,Mirai GRE Flooding,ip-camera-museum,seen_in_support,6,1.0,1.0,0.0,0.9998206696579218,0.9998206696579218,0.9998206696579218,0.9998206696579218,0.9998206696579218,0.9998206696579218,0.9998206696579218,0.0
5,medium_ratio_seed46,medium_mass_ratio_recalibrated,46,calibration_select,support_val,Mirai TCP Flooding,city-power,seen_in_support,4,1.0,1.0,0.0,0.9998206696579218,0.9998206696579218,0.9998206696579218,0.9998206696579218,0.9998206696579218,0.9998206696579218,0.9998206696579218,0.0
5,medium_ratio_seed46,medium_mass_ratio_recalibrated,46,calibration_select,support_val,Mirai TCP Flooding,ip-camera-museum,seen_in_support,6,1.0,1.0,0.0,0.9998206696579218,0.9998206696579218,0.9998206696579218,0.9998206696579218,0.9998206696579218,0.9998206696579218,0.9998206696579218,0.0
5,medium_ratio_seed46,medium_mass_ratio_recalibrated,46,calibration_select,support_val,Mirai UDP Flooding,city-power,seen_in_support,5,1.0,1.0,0.0,0.9998206696579218,0.9998206696579218,0.9998206696579218,0.9998206696579218,0.9998206696579218,0.9998206696579218,0.9998206696579219,1.1102230246251565e-16
5,medium_ratio_seed46,medium_mass_ratio_recalibrated,46,calibration_select,support_val,Mirai UDP Flooding,ip-camera-museum,seen_in_support,6,1.0,1.0,0.0,0.9998206696579218,0.9998206696579218,0.9998206696579218,0.9998206696579218,0.9998206696579218,0.9998206696579218,0.9998206696579218,0.0
5,medium_ratio_seed46,medium_mass_ratio_recalibrated,46,read_only,same_file_query,File Download,combined-cycle,seen_in_support,105,1.0,1.0,0.0,0.9998206696579218,0.9998206696579218,0.9998206696579218,0.9998206696579218,0.9998206696579218,0.9998206696579218,0.9998206696579218,0.0
5,medium_ratio_seed46,medium_mass_ratio_recalibrated,46,read_only,same_file_query,Ingress Tool Transfer,combined-cycle,seen_in_support,2381,0.0,0.0,0.0,2.939835892077895e-05,2.939835892077895e-05,2.939835892077895e-05,2.939835892077895e-05,2.939835892077895e-05,2.939835892077895e-05,2.9398358920778954e-05,3.3881317890172014e-21
5,medium_ratio_seed46,medium_mass_ratio_recalibrated,46,read_only,same_file_query,Merlin C&C Communication,ip-camera-museum,seen_in_support,6827,0.9506371759191445,0.9446316097846785,0.0,2.939835892077895e-05,0.9998206696579218,0.9998206696579218,0.9998206696579218,0.9998206696579218,0.9998206696579218,0.9444638364147664,0.22865016880936406
5,medium_ratio_seed46,medium_mass_ratio_recalibrated,46,read_only,same_file_query,Merlin ICMP Flooding,city-power,seen_in_support,6680,1.0,0.0016467065868263472,0.0,2.939835892077895e-05,2.939835892077895e-05,2.939835892077895e-05,2.939835892077895e-05,2.939835892077895e-05,0.9998206696579218,0.0016757612308203316,0.04053774436263022
5,medium_ratio_seed46,medium_mass_ratio_recalibrated,46,read_only,same_file_query,Merlin ICMP Flooding,ip-camera-museum,seen_in_support,7038,1.0,1.0,0.0,0.9998206696579218,0.9998206696579218,0.9998206696579218,0.9998206696579218,0.9998206696579218,0.9998206696579218,0.9998206696579219,1.1102230246251565e-16
5,medium_ratio_seed46,medium_mass_ratio_recalibrated,46,read_only,same_file_query,Merlin TCP Flooding,city-power,seen_in_support,12000,1.0,1.0,0.0,0.9998206696579218,0.9998206696579218,0.9998206696579218,0.9998206696579218,0.9998206696579218,0.9998206696579218,0.9998206696579218,0.0
5,medium_ratio_seed46,medium_mass_ratio_recalibrated,46,read_only,same_file_query,Merlin TCP Flooding,ip-camera-museum,seen_in_support,12000,1.0,1.0,0.0,0.9998206696579218,0.9998206696579218,0.9998206696579218,0.9998206696579218,0.9998206696579218,0.9998206696579218,0.9998206696579218,0.0
5,medium_ratio_seed46,medium_mass_ratio_recalibrated,46,read_only,same_file_query,Merlin UDP Flooding,city-power,seen_in_support,3250,1.0,1.0,0.0,0.9998206696579218,0.9998206696579218,0.9998206696579218,0.9998206696579218,0.9998206696579218,0.9998206696579218,0.9998206696579218,0.0
5,medium_ratio_seed46,medium_mass_ratio_recalibrated,46,read_only,same_file_query,Merlin UDP Flooding,ip-camera-museum,seen_in_support,3292,1.0,1.0,0.0,0.9998206696579218,0.9998206696579218,0.9998206696579218,0.9998206696579218,0.9998206696579218,0.9998206696579218,0.9998206696579217,1.1102230246251565e-16
5,medium_ratio_seed46,medium_mass_ratio_recalibrated,46,read_only,same_file_query,Mirai C&C Communication,ip-camera-museum,seen_in_support,106,1.0,0.5660377358490566,0.0,2.939835892077895e-05,0.9998206696579218,0.9998206696579218,0.9998206696579218,0.9998206696579218,0.9998206696579218,0.5659489858866571,0.4955163814848088
5,medium_ratio_seed46,medium_mass_ratio_recalibrated,46,read_only,same_file_query,Mirai GRE Flooding,city-power,seen_in_support,12000,1.0,1.0,0.0,0.9998206696579218,0.9998206696579218,0.9998206696579218,0.9998206696579218,0.9998206696579218,0.9998206696579218,0.9998206696579218,0.0
5,medium_ratio_seed46,medium_mass_ratio_recalibrated,46,read_only,same_file_query,Mirai GRE Flooding,ip-camera-museum,seen_in_support,12000,1.0,1.0,0.0,0.9998206696579218,0.9998206696579218,0.9998206696579218,0.9998206696579218,0.9998206696579218,0.9998206696579218,0.9998206696579218,0.0
5,medium_ratio_seed46,medium_mass_ratio_recalibrated,46,read_only,same_file_query,Mirai TCP Flooding,city-power,seen_in_support,12000,1.0,1.0,0.0,0.9998206696579218,0.9998206696579218,0.9998206696579218,0.9998206696579218,0.9998206696579218,0.9998206696579218,0.9998206696579218,0.0
5,medium_ratio_seed46,medium_mass_ratio_recalibrated,46,read_only,same_file_query,Mirai TCP Flooding,ip-camera-museum,seen_in_support,12000,1.0,1.0,0.0,0.9998206696579218,0.9998206696579218,0.9998206696579218,0.9998206696579218,0.9998206696579218,0.9998206696579218,0.9998206696579218,0.0
5,medium_ratio_seed46,medium_mass_ratio_recalibrated,46,read_only,same_file_query,Mirai UDP Flooding,city-power,seen_in_support,12000,1.0,1.0,0.0,0.9998206696579218,0.9998206696579218,0.9998206696579218,0.9998206696579218,0.9998206696579218,0.9998206696579218,0.9998206696579218,0.0
5,medium_ratio_seed46,medium_mass_ratio_recalibrated,46,read_only,same_file_query,Mirai UDP Flooding,ip-camera-museum,seen_in_support,12000,1.0,1.0,0.0,0.9998206696579218,0.9998206696579218,0.9998206696579218,0.9998206696579218,0.9998206696579218,0.9998206696579218,0.9998206696579218,0.0
5,medium_ratio_seed46,medium_mass_ratio_recalibrated,46,read_only,future_query,C&C Communication,building-monitor,unseen_in_support,84,0.047619047619047616,0.0,0.0,2.939835892077895e-05,2.939835892077895e-05,2.939835892077895e-05,2.939835892077895e-05,2.939835892077895e-05,2.939835892077895e-05,2.9398358920778944e-05,6.776263578034403e-21
5,medium_ratio_seed46,medium_mass_ratio_recalibrated,46,read_only,future_query,C&C Communication,combined-cycle,unseen_in_support,90,0.044444444444444446,0.0,0.0,2.939835892077895e-05,2.939835892077895e-05,2.939835892077895e-05,2.939835892077895e-05,2.939835892077895e-05,2.939835892077895e-05,2.9398358920778944e-05,6.776263578034403e-21
5,medium_ratio_seed46,medium_mass_ratio_recalibrated,46,read_only,future_query,C&C Communication,domotic-monitor,unseen_in_support,82,0.04878048780487805,0.0,0.0,2.939835892077895e-05,2.939835892077895e-05,2.939835892077895e-05,2.939835892077895e-05,2.939835892077895e-05,2.939835892077895e-05,2.9398358920778947e-05,3.3881317890172014e-21
5,medium_ratio_seed46,medium_mass_ratio_recalibrated,46,read_only,future_query,CoAP Amplification,combined-cycle,unseen_in_support,12000,1.0,0.9993333333333333,0.0,2.939835892077895e-05,0.9998206696579218,0.9998206696579218,0.9998206696579218,0.9998206696579218,0.9998206696579218,0.9991541421437227,0.02580589335500576
5,medium_ratio_seed46,medium_mass_ratio_recalibrated,46,read_only,future_query,File Download,building-monitor,seen_in_support,1191,1.0,1.0,0.0,0.9998206696579218,0.9998206696579218,0.9998206696579218,0.9998206696579218,0.9998206696579218,0.9998206696579218,0.9998206696579219,1.1102230246251565e-16
5,medium_ratio_seed46,medium_mass_ratio_recalibrated,46,read_only,future_query,File Download,domotic-monitor,seen_in_support,1187,1.0,1.0,0.0,0.9998206696579218,0.9998206696579218,0.9998206696579218,0.9998206696579218,0.9998206696579218,0.9998206696579218,0.999820669657922,2.220446049250313e-16
5,medium_ratio_seed46,medium_mass_ratio_recalibrated,46,read_only,future_query,Ingress Tool Transfer,air-quality,seen_in_support,109,0.6605504587155964,0.6330275229357798,0.0,2.939835892077895e-05,0.9998206696579218,0.9998206696579218,0.9998206696579218,0.9998206696579218,0.9998206696579218,0.6329247902821417,0.48187831593935526
5,medium_ratio_seed46,medium_mass_ratio_recalibrated,46,read_only,future_query,Ingress Tool Transfer,building-monitor,seen_in_support,3754,0.12147043153969099,0.020511454448588172,0.0,2.939835892077895e-05,2.939835892077895e-05,2.939835892077895e-05,2.939835892077895e-05,0.9998206696579218,0.9998206696579218,0.020536571478266298,0.14171220319504013
5,medium_ratio_seed46,medium_mass_ratio_recalibrated,46,read_only,future_query,Ingress Tool Transfer,city-power,seen_in_support,105,0.6476190476190476,0.6190476190476191,0.0,2.939835892077895e-05,0.9998206696579218,0.9998206696579218,0.9998206696579218,0.9998206696579218,0.9998206696579218,0.6189478044011595,0.4855195430355565
5,medium_ratio_seed46,medium_mass_ratio_recalibrated,46,read_only,future_query,Ingress Tool Transfer,domotic-monitor,seen_in_support,3678,0.09189777052746058,0.01821642196846112,0.0,2.939835892077895e-05,2.939835892077895e-05,2.939835892077895e-05,2.939835892077895e-05,0.9998206696579218,0.9998206696579218,0.01824201803728757,0.13370534269942508
5,medium_ratio_seed46,medium_mass_ratio_recalibrated,46,read_only,future_query,Ingress Tool Transfer,ip-camera-museum,seen_in_support,108,1.0,1.0,0.0,0.9998206696579218,0.9998206696579218,0.9998206696579218,0.9998206696579218,0.9998206696579218,0.9998206696579218,0.9998206696579218,0.0
5,medium_ratio_seed46,medium_mass_ratio_recalibrated,46,read_only,future_query,Merlin C&C Communication,building-monitor,seen_in_support,9657,0.8591695143419281,0.8569949259604432,0.0,2.939835892077895e-05,0.9998206696579218,0.9998206696579218,0.9998206696579218,0.9998206696579218,0.9998206696579218,0.8568454448817057,0.3500049525984798
5,medium_ratio_seed46,medium_mass_ratio_recalibrated,46,read_only,future_query,Merlin C&C Communication,combined-cycle,seen_in_support,9933,0.8453639383871941,0.8382160475183731,0.0,2.939835892077895e-05,0.9998206696579218,0.9998206696579218,0.9998206696579218,0.9998206696579218,0.9998206696579218,0.8380704861305388,0.36817563709532286
5,medium_ratio_seed46,medium_mass_ratio_recalibrated,46,read_only,future_query,Merlin ICMP Flooding,building-monitor,seen_in_support,9150,1.0,0.9998907103825136,0.0,2.939835892077895e-05,0.9998206696579218,0.9998206696579218,0.9998206696579218,0.9998206696579218,0.9998206696579218,0.9997114028523153,0.010451414222642036
5,medium_ratio_seed46,medium_mass_ratio_recalibrated,46,read_only,future_query,Merlin ICMP Flooding,combined-cycle,seen_in_support,9042,1.0,0.999889404998894,0.0,2.939835892077895e-05,0.9998206696579218,0.9998206696579218,0.9998206696579218,0.9998206696579218,0.9998206696579218,0.9997100977411668,0.010513639287787367
5,medium_ratio_seed46,medium_mass_ratio_recalibrated,46,read_only,future_query,Merlin ICMP Flooding,domotic-monitor,seen_in_support,9793,0.8607168385581537,0.007250076585316042,0.0,2.939835892077895e-05,2.939835892077895e-05,2.939835892077895e-05,2.939835892077895e-05,2.939835892077895e-05,0.9998206696579218,0.0072779616451690236,0.0848204493818245
5,medium_ratio_seed46,medium_mass_ratio_recalibrated,46,read_only,future_query,Merlin TCP Flooding,building-monitor,seen_in_support,12000,0.9918333333333333,0.97625,0.0,2.939835892077895e-05,0.9998206696579218,0.9998206696579218,0.9998206696579218,0.9998206696579218,0.9998206696579218,0.9760756269645705,0.15223750973043945
5,medium_ratio_seed46,medium_mass_ratio_recalibrated,46,read_only,future_query,Merlin TCP Flooding,combined-cycle,seen_in_support,12000,0.9965833333333334,0.96325,0.0,2.939835892077895e-05,0.9998206696579218,0.9998206696579218,0.9998206696579218,0.9998206696579218,0.9998206696579218,0.9630783404376835,0.18810811063072236
5,medium_ratio_seed46,medium_mass_ratio_recalibrated,46,read_only,future_query,Merlin TCP Flooding,domotic-monitor,seen_in_support,12000,1.0,1.0,0.0,0.9998206696579218,0.9998206696579218,0.9998206696579218,0.9998206696579218,0.9998206696579218,0.9998206696579218,0.9998206696579218,0.0
5,medium_ratio_seed46,medium_mass_ratio_recalibrated,46,read_only,future_query,Merlin UDP Flooding,building-monitor,seen_in_support,5000,1.0,1.0,0.0,0.9998206696579218,0.9998206696579218,0.9998206696579218,0.9998206696579218,0.9998206696579218,0.9998206696579218,0.9998206696579218,0.0
5,medium_ratio_seed46,medium_mass_ratio_recalibrated,46,read_only,future_query,Merlin UDP Flooding,combined-cycle,seen_in_support,5000,1.0,1.0,0.0,0.9998206696579218,0.9998206696579218,0.9998206696579218,0.9998206696579218,0.9998206696579218,0.9998206696579218,0.9998206696579218,0.0
5,medium_ratio_seed46,medium_mass_ratio_recalibrated,46,read_only,future_query,Merlin UDP Flooding,domotic-monitor,seen_in_support,5000,1.0,1.0,0.0,0.9998206696579218,0.9998206696579218,0.9998206696579218,0.9998206696579218,0.9998206696579218,0.9998206696579218,0.9998206696579218,0.0
5,medium_ratio_seed46,medium_mass_ratio_recalibrated,46,read_only,future_query,Mirai C&C Communication,building-monitor,seen_in_support,358,0.019553072625698324,0.0,0.0,2.939835892077895e-05,2.939835892077895e-05,2.939835892077895e-05,2.939835892077895e-05,2.939835892077895e-05,2.939835892077895e-05,2.9398358920778944e-05,6.776263578034403e-21
5,medium_ratio_seed46,medium_mass_ratio_recalibrated,46,read_only,future_query,Mirai C&C Communication,combined-cycle,seen_in_support,358,0.027932960893854747,0.0,0.0,2.939835892077895e-05,2.939835892077895e-05,2.939835892077895e-05,2.939835892077895e-05,2.939835892077895e-05,2.939835892077895e-05,2.9398358920778944e-05,6.776263578034403e-21
5,medium_ratio_seed46,medium_mass_ratio_recalibrated,46,read_only,future_query,Mirai GRE Flooding,building-monitor,seen_in_support,12000,1.0,1.0,0.0,0.9998206696579218,0.9998206696579218,0.9998206696579218,0.9998206696579218,0.9998206696579218,0.9998206696579218,0.9998206696579218,0.0
5,medium_ratio_seed46,medium_mass_ratio_recalibrated,46,read_only,future_query,Mirai GRE Flooding,combined-cycle,seen_in_support,12000,1.0,1.0,0.0,0.9998206696579218,0.9998206696579218,0.9998206696579218,0.9998206696579218,0.9998206696579218,0.9998206696579218,0.9998206696579218,0.0
5,medium_ratio_seed46,medium_mass_ratio_recalibrated,46,read_only,future_query,Mirai GRE Flooding,domotic-monitor,seen_in_support,12000,1.0,1.0,0.0,0.9998206696579218,0.9998206696579218,0.9998206696579218,0.9998206696579218,0.9998206696579218,0.9998206696579218,0.9998206696579218,0.0
5,medium_ratio_seed46,medium_mass_ratio_recalibrated,46,read_only,future_query,Mirai TCP Flooding,building-monitor,seen_in_support,12000,1.0,1.0,0.0,0.9998206696579218,0.9998206696579218,0.9998206696579218,0.9998206696579218,0.9998206696579218,0.9998206696579218,0.9998206696579218,0.0
5,medium_ratio_seed46,medium_mass_ratio_recalibrated,46,read_only,future_query,Mirai TCP Flooding,combined-cycle,seen_in_support,12000,1.0,1.0,0.0,0.9998206696579218,0.9998206696579218,0.9998206696579218,0.9998206696579218,0.9998206696579218,0.9998206696579218,0.9998206696579218,0.0
5,medium_ratio_seed46,medium_mass_ratio_recalibrated,46,read_only,future_query,Mirai TCP Flooding,domotic-monitor,seen_in_support,12000,1.0,1.0,0.0,0.9998206696579218,0.9998206696579218,0.9998206696579218,0.9998206696579218,0.9998206696579218,0.9998206696579218,0.9998206696579218,0.0
5,medium_ratio_seed46,medium_mass_ratio_recalibrated,46,read_only,future_query,Mirai UDP Flooding,building-monitor,seen_in_support,12000,1.0,1.0,0.0,0.9998206696579218,0.9998206696579218,0.9998206696579218,0.9998206696579218,0.9998206696579218,0.9998206696579218,0.9998206696579218,0.0
5,medium_ratio_seed46,medium_mass_ratio_recalibrated,46,read_only,future_query,Mirai UDP Flooding,combined-cycle,seen_in_support,12000,1.0,1.0,0.0,0.9998206696579218,0.9998206696579218,0.9998206696579218,0.9998206696579218,0.9998206696579218,0.9998206696579218,0.9998206696579218,0.0
5,medium_ratio_seed46,medium_mass_ratio_recalibrated,46,read_only,future_query,Mirai UDP Flooding,domotic-monitor,seen_in_support,12000,1.0,1.0,0.0,0.9998206696579218,0.9998206696579218,0.9998206696579218,0.9998206696579218,0.9998206696579218,0.9998206696579218,0.9998206696579218,0.0
5,medium_ratio_seed46,medium_mass_ratio_recalibrated,46,read_only,future_query,Reporting,building-monitor,unseen_in_support,88,0.056818181818181816,0.056818181818181816,0.0,2.939835892077895e-05,2.939835892077895e-05,2.939835892077895e-05,0.649893724703263,0.9998206696579218,0.9998206696579218,0.056835720591818566,0.23144655296076838
5,medium_ratio_seed46,medium_mass_ratio_recalibrated,46,read_only,future_query,Reporting,combined-cycle,unseen_in_support,64,0.0,0.0,0.0,2.939835892077895e-05,2.939835892077895e-05,2.939835892077895e-05,2.939835892077895e-05,2.939835892077895e-05,2.939835892077895e-05,2.939835892077895e-05,0.0
5,medium_ratio_seed46,medium_mass_ratio_recalibrated,46,read_only,future_query,Reporting,domotic-monitor,unseen_in_support,72,0.0,0.0,0.0,2.939835892077895e-05,2.939835892077895e-05,2.939835892077895e-05,2.939835892077895e-05,2.939835892077895e-05,2.939835892077895e-05,2.939835892077895e-05,0.0
5,medium_ratio_seed46,medium_mass_ratio_recalibrated,46,read_only,future_query,TCP Scan,air-quality,unseen_in_support,12000,0.7824166666666666,0.013583333333333333,0.0,2.939835892077895e-05,2.939835892077895e-05,2.939835892077895e-05,2.939835892077895e-05,0.9998206696579218,0.9998206696579218,0.01360989646073221,0.11572913865310852
5,medium_ratio_seed46,medium_mass_ratio_recalibrated,46,read_only,future_query,TCP Scan,building-monitor,unseen_in_support,12000,0.40325,0.17183333333333334,0.0,2.939835892077895e-05,2.939835892077895e-05,0.9998206696579218,0.9998206696579218,0.9998206696579218,0.9998206696579218,0.1718268651437991,0.3771567818946121
5,medium_ratio_seed46,medium_mass_ratio_recalibrated,46,read_only,future_query,TCP Scan,city-power,unseen_in_support,12000,0.71275,0.01075,0.0,2.939835892077895e-05,2.939835892077895e-05,2.939835892077895e-05,2.939835892077895e-05,0.9998206696579218,0.9998206696579218,0.010777154525385038,0.10310188426341786
5,medium_ratio_seed46,medium_mass_ratio_recalibrated,46,read_only,future_query,TCP Scan,combined-cycle,unseen_in_support,12000,0.2705,0.05725,0.0,2.939835892077895e-05,2.939835892077895e-05,2.939835892077895e-05,0.9998206696579218,0.9998206696579218,0.9998206696579218,0.05726744864078859,0.23227119635872878
5,medium_ratio_seed46,medium_mass_ratio_recalibrated,46,read_only,future_query,TCP Scan,domotic-monitor,unseen_in_support,12000,0.22775,0.035083333333333334,0.0,2.939835892077895e-05,2.939835892077895e-05,2.939835892077895e-05,2.939835892077895e-05,0.9998206696579218,0.9998206696579218,0.03510540879366073,0.1839520659210646
5,medium_ratio_seed46,medium_mass_ratio_recalibrated,46,read_only,future_query,TCP Scan,ip-camera-museum,unseen_in_support,12000,0.9998333333333334,0.9998333333333334,0.0,2.939835892077895e-05,0.9998206696579218,0.9998206696579218,0.9998206696579218,0.9998206696579218,0.9998206696579218,0.999654037779372,0.012906174162443714
5,medium_ratio_seed46,medium_mass_ratio_recalibrated,46,read_only,future_query,Telnet Brute Force,air-quality,unseen_in_support,12000,0.28625,0.009666666666666667,0.0,2.939835892077895e-05,2.939835892077895e-05,2.939835892077895e-05,2.939835892077895e-05,2.939835892077895e-05,0.9998206696579218,0.009694047314811122,0.09782242190227952
5,medium_ratio_seed46,medium_mass_ratio_recalibrated,46,read_only,future_query,Telnet Brute Force,building-monitor,unseen_in_support,12000,0.10508333333333333,0.010166666666666666,0.0,2.939835892077895e-05,2.939835892077895e-05,2.939835892077895e-05,2.939835892077895e-05,0.9998206696579218,0.9998206696579218,0.010193942950460621,0.10029508957370548
5,medium_ratio_seed46,medium_mass_ratio_recalibrated,46,read_only,future_query,Telnet Brute Force,city-power,unseen_in_support,12000,0.374,0.012416666666666666,0.0,2.939835892077895e-05,2.939835892077895e-05,2.939835892077895e-05,2.939835892077895e-05,0.9998206696579218,0.9998206696579218,0.012443473310883375,0.11071302778494871
5,medium_ratio_seed46,medium_mass_ratio_recalibrated,46,read_only,future_query,Telnet Brute Force,combined-cycle,unseen_in_support,12000,0.064,0.00425,0.0,2.939835892077895e-05,2.939835892077895e-05,2.939835892077895e-05,2.939835892077895e-05,2.939835892077895e-05,0.9998206696579218,0.004278511261941532,0.06503976499605062
5,medium_ratio_seed46,medium_mass_ratio_recalibrated,46,read_only,future_query,Telnet Brute Force,domotic-monitor,unseen_in_support,12000,0.0825,0.003,0.0,2.939835892077895e-05,2.939835892077895e-05,2.939835892077895e-05,2.939835892077895e-05,2.939835892077895e-05,0.9998206696579218,0.003028772172817782,0.0546786202754013
5,medium_ratio_seed46,medium_mass_ratio_recalibrated,46,read_only,future_query,Telnet Brute Force,ip-camera-museum,unseen_in_support,12000,1.0,1.0,0.0,0.9998206696579218,0.9998206696579218,0.9998206696579218,0.9998206696579218,0.9998206696579218,0.9998206696579218,0.9998206696579218,0.0
5,medium_ratio_seed46,medium_mass_ratio_recalibrated,46,read_only,future_query,UDP Scan,combined-cycle,unseen_in_support,4242,0.0231023102310231,0.008015087223008015,0.0,2.939835892077895e-05,2.939835892077895e-05,2.939835892077895e-05,2.939835892077895e-05,2.939835892077895e-05,0.9998206696579218,0.008042812603184343,0.08914890244342678
5,medium_ratio_seed46,medium_mass_ratio_recalibrated,46,report_only,sealed_final_attack,C&C Communication,ip-camera-street,unseen_in_support,90,0.4222222222222222,0.3111111111111111,0.0,2.939835892077895e-05,2.939835892077895e-05,0.9998206696579218,0.9998206696579218,0.9998206696579218,0.9998206696579218,0.31107557165194333,0.4628515173455601
5,medium_ratio_seed46,medium_mass_ratio_recalibrated,46,report_only,sealed_final_attack,File Download,ip-camera-street,seen_in_support,1231,1.0,1.0,0.0,0.9998206696579218,0.9998206696579218,0.9998206696579218,0.9998206696579218,0.9998206696579218,0.9998206696579218,0.999820669657922,2.220446049250313e-16
5,medium_ratio_seed46,medium_mass_ratio_recalibrated,46,report_only,sealed_final_attack,Ingress Tool Transfer,ip-camera-street,seen_in_support,3702,0.9902755267423015,0.2450027012425716,0.0,2.939835892077895e-05,2.939835892077895e-05,0.9998206696579218,0.9998206696579218,0.9998206696579218,0.9998206696579218,0.24498096050592078,0.4299990301470107
5,medium_ratio_seed46,medium_mass_ratio_recalibrated,46,report_only,sealed_final_attack,Merlin ICMP Flooding,ip-camera-street,seen_in_support,10011,1.0,1.0,0.0,0.9998206696579218,0.9998206696579218,0.9998206696579218,0.9998206696579218,0.9998206696579218,0.9998206696579218,0.9998206696579218,0.0
5,medium_ratio_seed46,medium_mass_ratio_recalibrated,46,report_only,sealed_final_attack,Merlin TCP Flooding,ip-camera-street,seen_in_support,15000,1.0,1.0,0.0,0.9998206696579218,0.9998206696579218,0.9998206696579218,0.9998206696579218,0.9998206696579218,0.9998206696579218,0.9998206696579218,0.0
5,medium_ratio_seed46,medium_mass_ratio_recalibrated,46,report_only,sealed_final_attack,Merlin UDP Flooding,ip-camera-street,seen_in_support,4996,1.0,1.0,0.0,0.9998206696579218,0.9998206696579218,0.9998206696579218,0.9998206696579218,0.9998206696579218,0.9998206696579218,0.9998206696579219,1.1102230246251565e-16
5,medium_ratio_seed46,medium_mass_ratio_recalibrated,46,report_only,sealed_final_attack,Mirai GRE Flooding,ip-camera-street,seen_in_support,15000,1.0,1.0,0.0,0.9998206696579218,0.9998206696579218,0.9998206696579218,0.9998206696579218,0.9998206696579218,0.9998206696579218,0.9998206696579218,0.0
5,medium_ratio_seed46,medium_mass_ratio_recalibrated,46,report_only,sealed_final_attack,Mirai TCP Flooding,ip-camera-street,seen_in_support,15000,1.0,1.0,0.0,0.9998206696579218,0.9998206696579218,0.9998206696579218,0.9998206696579218,0.9998206696579218,0.9998206696579218,0.9998206696579218,0.0
5,medium_ratio_seed46,medium_mass_ratio_recalibrated,46,report_only,sealed_final_attack,Mirai UDP Flooding,ip-camera-street,seen_in_support,15000,1.0,1.0,0.0,0.9998206696579218,0.9998206696579218,0.9998206696579218,0.9998206696579218,0.9998206696579218,0.9998206696579218,0.9998206696579218,0.0
5,medium_ratio_seed46,medium_mass_ratio_recalibrated,46,report_only,sealed_final_attack,Reporting,ip-camera-street,unseen_in_support,74,0.43243243243243246,0.2702702702702703,0.0,2.939835892077895e-05,2.939835892077895e-05,0.9998206696579218,0.9998206696579218,0.9998206696579218,0.9998206696579218,0.2702432554667589,0.44400667466532173
5,medium_ratio_seed46,medium_mass_ratio_recalibrated,46,report_only,sealed_final_attack,TCP Scan,ip-camera-street,unseen_in_support,15000,0.4779333333333333,0.3724,0.0,2.939835892077895e-05,2.939835892077895e-05,0.9998206696579218,0.9998206696579218,0.9998206696579218,0.9998206696579218,0.37235166779066875,0.48334323495140524
5,medium_ratio_seed46,medium_mass_ratio_recalibrated,46,report_only,sealed_final_attack,Telnet Brute Force,ip-camera-street,unseen_in_support,15000,0.9994,0.3184666666666667,0.0,2.939835892077895e-05,2.939835892077895e-05,0.9998206696579218,0.9998206696579218,0.9998206696579218,0.9998206696579218,0.31842959189194264,0.46578433961691124
6,strict_weight4_seed42,strict_frozen_weight4,42,calibration_select,support_val,File Download,combined-cycle,seen_in_support,3,1.0,1.0,0.0,0.9998206696579218,0.9998206696579218,0.9998206696579218,0.9998206696579218,0.9998206696579218,0.9998206696579218,0.9998206696579218,0.0
6,strict_weight4_seed42,strict_frozen_weight4,42,calibration_select,support_val,Ingress Tool Transfer,combined-cycle,seen_in_support,3,1.0,1.0,0.0,0.9998206696579218,0.9998206696579218,0.9998206696579218,0.9998206696579218,0.9998206696579218,0.9998206696579218,0.9998206696579218,0.0
6,strict_weight4_seed42,strict_frozen_weight4,42,calibration_select,support_val,Merlin C&C Communication,ip-camera-museum,seen_in_support,5,1.0,1.0,0.0,0.9998206696579218,0.9998206696579218,0.9998206696579218,0.9998206696579218,0.9998206696579218,0.9998206696579218,0.9998206696579219,1.1102230246251565e-16
6,strict_weight4_seed42,strict_frozen_weight4,42,calibration_select,support_val,Merlin ICMP Flooding,city-power,seen_in_support,1,1.0,0.0,0.0,2.939835892077895e-05,2.939835892077895e-05,2.939835892077895e-05,2.939835892077895e-05,2.939835892077895e-05,2.939835892077895e-05,2.939835892077895e-05,0.0
6,strict_weight4_seed42,strict_frozen_weight4,42,calibration_select,support_val,Merlin ICMP Flooding,ip-camera-museum,seen_in_support,7,1.0,1.0,0.0,0.9998206696579218,0.9998206696579218,0.9998206696579218,0.9998206696579218,0.9998206696579218,0.9998206696579218,0.9998206696579218,0.0
6,strict_weight4_seed42,strict_frozen_weight4,42,calibration_select,support_val,Merlin TCP Flooding,city-power,seen_in_support,6,0.8333333333333334,0.8333333333333334,0.0,2.939835892077895e-05,0.9998206696579218,0.9998206696579218,0.9998206696579218,0.9998206696579218,0.9998206696579218,0.8331887911080883,0.3726002076559168
6,strict_weight4_seed42,strict_frozen_weight4,42,calibration_select,support_val,Merlin TCP Flooding,ip-camera-museum,seen_in_support,5,1.0,1.0,0.0,0.9998206696579218,0.9998206696579218,0.9998206696579218,0.9998206696579218,0.9998206696579218,0.9998206696579218,0.9998206696579219,1.1102230246251565e-16
6,strict_weight4_seed42,strict_frozen_weight4,42,calibration_select,support_val,Merlin UDP Flooding,city-power,seen_in_support,3,1.0,1.0,0.0,0.9998206696579218,0.9998206696579218,0.9998206696579218,0.9998206696579218,0.9998206696579218,0.9998206696579218,0.9998206696579218,0.0
6,strict_weight4_seed42,strict_frozen_weight4,42,calibration_select,support_val,Merlin UDP Flooding,ip-camera-museum,seen_in_support,3,1.0,1.0,0.0,0.9998206696579218,0.9998206696579218,0.9998206696579218,0.9998206696579218,0.9998206696579218,0.9998206696579218,0.9998206696579218,0.0
6,strict_weight4_seed42,strict_frozen_weight4,42,calibration_select,support_val,Mirai C&C Communication,ip-camera-museum,seen_in_support,2,0.0,0.0,0.0,2.939835892077895e-05,2.939835892077895e-05,2.939835892077895e-05,2.939835892077895e-05,2.939835892077895e-05,2.939835892077895e-05,2.939835892077895e-05,0.0
6,strict_weight4_seed42,strict_frozen_weight4,42,calibration_select,support_val,Mirai GRE Flooding,city-power,seen_in_support,4,1.0,1.0,0.0,0.9998206696579218,0.9998206696579218,0.9998206696579218,0.9998206696579218,0.9998206696579218,0.9998206696579218,0.9998206696579218,0.0
6,strict_weight4_seed42,strict_frozen_weight4,42,calibration_select,support_val,Mirai GRE Flooding,ip-camera-museum,seen_in_support,6,1.0,1.0,0.0,0.9998206696579218,0.9998206696579218,0.9998206696579218,0.9998206696579218,0.9998206696579218,0.9998206696579218,0.9998206696579218,0.0
6,strict_weight4_seed42,strict_frozen_weight4,42,calibration_select,support_val,Mirai TCP Flooding,city-power,seen_in_support,4,1.0,1.0,0.0,0.9998206696579218,0.9998206696579218,0.9998206696579218,0.9998206696579218,0.9998206696579218,0.9998206696579218,0.9998206696579218,0.0
6,strict_weight4_seed42,strict_frozen_weight4,42,calibration_select,support_val,Mirai TCP Flooding,ip-camera-museum,seen_in_support,6,1.0,1.0,0.0,0.9998206696579218,0.9998206696579218,0.9998206696579218,0.9998206696579218,0.9998206696579218,0.9998206696579218,0.9998206696579218,0.0
6,strict_weight4_seed42,strict_frozen_weight4,42,calibration_select,support_val,Mirai UDP Flooding,city-power,seen_in_support,5,1.0,1.0,0.0,0.9998206696579218,0.9998206696579218,0.9998206696579218,0.9998206696579218,0.9998206696579218,0.9998206696579218,0.9998206696579219,1.1102230246251565e-16
6,strict_weight4_seed42,strict_frozen_weight4,42,calibration_select,support_val,Mirai UDP Flooding,ip-camera-museum,seen_in_support,6,1.0,1.0,0.0,0.9998206696579218,0.9998206696579218,0.9998206696579218,0.9998206696579218,0.9998206696579218,0.9998206696579218,0.9998206696579218,0.0
6,strict_weight4_seed42,strict_frozen_weight4,42,read_only,same_file_query,File Download,combined-cycle,seen_in_support,105,1.0,1.0,0.0,0.9998206696579218,0.9998206696579218,0.9998206696579218,0.9998206696579218,0.9998206696579218,0.9998206696579218,0.9998206696579218,0.0
6,strict_weight4_seed42,strict_frozen_weight4,42,read_only,same_file_query,Ingress Tool Transfer,combined-cycle,seen_in_support,2381,0.18101637967240655,0.0621587568248635,0.0,2.939835892077895e-05,2.939835892077895e-05,2.939835892077895e-05,0.9998206696579218,0.9998206696579218,0.9998206696579218,0.06217518086721652,0.24139327375938177
6,strict_weight4_seed42,strict_frozen_weight4,42,read_only,same_file_query,Merlin C&C Communication,ip-camera-museum,seen_in_support,6827,0.9405302475465065,0.9405302475465065,0.0,2.939835892077895e-05,0.9998206696579218,0.9998206696579218,0.9998206696579218,0.9998206696579218,0.9998206696579218,0.9403633302486069,0.236452434427013
6,strict_weight4_seed42,strict_frozen_weight4,42,read_only,same_file_query,Merlin ICMP Flooding,city-power,seen_in_support,6680,0.9288922155688623,0.770808383233533,0.0,2.939835892077895e-05,0.9998206696579218,0.9998206696579218,0.9998206696579218,0.9998206696579218,0.9998206696579218,0.7706768917599023,0.42022503264981725
6,strict_weight4_seed42,strict_frozen_weight4,42,read_only,same_file_query,Merlin ICMP Flooding,ip-camera-museum,seen_in_support,7038,0.998437055981813,0.998437055981813,0.0,2.939835892077895e-05,0.9998206696579218,0.9998206696579218,0.9998206696579218,0.9998206696579218,0.9998206696579218,0.9982580518710095,0.03949493447751926
6,strict_weight4_seed42,strict_frozen_weight4,42,read_only,same_file_query,Merlin TCP Flooding,city-power,seen_in_support,12000,0.9999166666666667,0.9999166666666667,0.0,2.939835892077895e-05,0.9998206696579218,0.9998206696579218,0.9998206696579218,0.9998206696579218,0.9998206696579218,0.9997373537186468,0.009126423576703098
6,strict_weight4_seed42,strict_frozen_weight4,42,read_only,same_file_query,Merlin TCP Flooding,ip-camera-museum,seen_in_support,12000,1.0,1.0,0.0,0.9998206696579218,0.9998206696579218,0.9998206696579218,0.9998206696579218,0.9998206696579218,0.9998206696579218,0.9998206696579218,0.0
6,strict_weight4_seed42,strict_frozen_weight4,42,read_only,same_file_query,Merlin UDP Flooding,city-power,seen_in_support,3250,1.0,1.0,0.0,0.9998206696579218,0.9998206696579218,0.9998206696579218,0.9998206696579218,0.9998206696579218,0.9998206696579218,0.9998206696579218,0.0
6,strict_weight4_seed42,strict_frozen_weight4,42,read_only,same_file_query,Merlin UDP Flooding,ip-camera-museum,seen_in_support,3292,1.0,1.0,0.0,0.9998206696579218,0.9998206696579218,0.9998206696579218,0.9998206696579218,0.9998206696579218,0.9998206696579218,0.9998206696579217,1.1102230246251565e-16
6,strict_weight4_seed42,strict_frozen_weight4,42,read_only,same_file_query,Mirai C&C Communication,ip-camera-museum,seen_in_support,106,0.009433962264150943,0.009433962264150943,0.0,2.939835892077895e-05,2.939835892077895e-05,2.939835892077895e-05,2.939835892077895e-05,2.939835892077895e-05,0.9998206696579218,0.009461391484383054,0.09664916918148132
6,strict_weight4_seed42,strict_frozen_weight4,42,read_only,same_file_query,Mirai GRE Flooding,city-power,seen_in_support,12000,1.0,1.0,0.0,0.9998206696579218,0.9998206696579218,0.9998206696579218,0.9998206696579218,0.9998206696579218,0.9998206696579218,0.9998206696579218,0.0
6,strict_weight4_seed42,strict_frozen_weight4,42,read_only,same_file_query,Mirai GRE Flooding,ip-camera-museum,seen_in_support,12000,1.0,1.0,0.0,0.9998206696579218,0.9998206696579218,0.9998206696579218,0.9998206696579218,0.9998206696579218,0.9998206696579218,0.9998206696579218,0.0
6,strict_weight4_seed42,strict_frozen_weight4,42,read_only,same_file_query,Mirai TCP Flooding,city-power,seen_in_support,12000,1.0,1.0,0.0,0.9998206696579218,0.9998206696579218,0.9998206696579218,0.9998206696579218,0.9998206696579218,0.9998206696579218,0.9998206696579218,0.0
6,strict_weight4_seed42,strict_frozen_weight4,42,read_only,same_file_query,Mirai TCP Flooding,ip-camera-museum,seen_in_support,12000,1.0,1.0,0.0,0.9998206696579218,0.9998206696579218,0.9998206696579218,0.9998206696579218,0.9998206696579218,0.9998206696579218,0.9998206696579218,0.0
6,strict_weight4_seed42,strict_frozen_weight4,42,read_only,same_file_query,Mirai UDP Flooding,city-power,seen_in_support,12000,0.9999166666666667,0.9999166666666667,0.0,2.939835892077895e-05,0.9998206696579218,0.9998206696579218,0.9998206696579218,0.9998206696579218,0.9998206696579218,0.9997373537186468,0.009126423576703098
6,strict_weight4_seed42,strict_frozen_weight4,42,read_only,same_file_query,Mirai UDP Flooding,ip-camera-museum,seen_in_support,12000,1.0,1.0,0.0,0.9998206696579218,0.9998206696579218,0.9998206696579218,0.9998206696579218,0.9998206696579218,0.9998206696579218,0.9998206696579218,0.0
6,strict_weight4_seed42,strict_frozen_weight4,42,read_only,future_query,C&C Communication,building-monitor,unseen_in_support,84,0.08333333333333333,0.047619047619047616,0.0,2.939835892077895e-05,2.939835892077895e-05,2.939835892077895e-05,2.939835892077895e-05,0.9998206696579218,0.9998206696579218,0.04763850651601605,0.2129144043748096
6,strict_weight4_seed42,strict_frozen_weight4,42,read_only,future_query,C&C Communication,combined-cycle,unseen_in_support,90,0.07777777777777778,0.044444444444444446,0.0,2.939835892077895e-05,2.939835892077895e-05,2.939835892077895e-05,2.939835892077895e-05,0.9998206696579218,0.9998206696579218,0.04446456597220971,0.206037396114524
6,strict_weight4_seed42,strict_frozen_weight4,42,read_only,future_query,C&C Communication,domotic-monitor,unseen_in_support,82,0.08536585365853659,0.04878048780487805,0.0,2.939835892077895e-05,2.939835892077895e-05,2.939835892077895e-05,2.939835892077895e-05,0.9998206696579218,0.9998206696579218,0.04879970427594522,0.21536383961840685
6,strict_weight4_seed42,strict_frozen_weight4,42,read_only,future_query,CoAP Amplification,combined-cycle,unseen_in_support,12000,0.388,0.3873333333333333,0.0,2.939835892077895e-05,2.939835892077895e-05,0.9998206696579218,0.9998206696579218,0.9998206696579218,0.9998206696579218,0.3872818841087338,0.48703918458589623
6,strict_weight4_seed42,strict_frozen_weight4,42,read_only,future_query,File Download,building-monitor,seen_in_support,1191,1.0,1.0,0.0,0.9998206696579218,0.9998206696579218,0.9998206696579218,0.9998206696579218,0.9998206696579218,0.9998206696579218,0.9998206696579219,1.1102230246251565e-16
6,strict_weight4_seed42,strict_frozen_weight4,42,read_only,future_query,File Download,domotic-monitor,seen_in_support,1187,1.0,1.0,0.0,0.9998206696579218,0.9998206696579218,0.9998206696579218,0.9998206696579218,0.9998206696579218,0.9998206696579218,0.999820669657922,2.220446049250313e-16
6,strict_weight4_seed42,strict_frozen_weight4,42,read_only,future_query,Ingress Tool Transfer,air-quality,seen_in_support,109,0.5321100917431193,0.5321100917431193,0.0,2.939835892077895e-05,0.9998206696579218,0.9998206696579218,0.9998206696579218,0.9998206696579218,0.9998206696579218,0.532028423453802,0.49886372781305344
6,strict_weight4_seed42,strict_frozen_weight4,42,read_only,future_query,Ingress Tool Transfer,building-monitor,seen_in_support,3754,0.17234949387320192,0.059403303143313796,0.0,2.939835892077895e-05,2.939835892077895e-05,2.939835892077895e-05,0.9998206696579218,0.9998206696579218,0.9998206696579218,0.059420302327934424,0.2363286438596059
6,strict_weight4_seed42,strict_frozen_weight4,42,read_only,future_query,Ingress Tool Transfer,city-power,seen_in_support,105,0.5428571428571428,0.5428571428571428,0.0,2.939835892077895e-05,0.9998206696579218,0.9998206696579218,0.9998206696579218,0.9998206696579218,0.9998206696579218,0.542773231349807,0.4980558989973031
6,strict_weight4_seed42,strict_frozen_weight4,42,read_only,future_query,Ingress Tool Transfer,domotic-monitor,seen_in_support,3678,0.2262098966829799,0.11174551386623165,0.0,2.939835892077895e-05,2.939835892077895e-05,0.9998206696579218,0.9998206696579218,0.9998206696579218,0.9998206696579218,0.11175158772920064,0.3149873364837564
6,strict_weight4_seed42,strict_frozen_weight4,42,read_only,future_query,Ingress Tool Transfer,ip-camera-museum,seen_in_support,108,0.12962962962962962,0.12962962962962962,0.0,2.939835892077895e-05,2.939835892077895e-05,0.9998206696579218,0.9998206696579218,0.9998206696579218,0.9998206696579218,0.12963197056434683,0.3358253916942863
6,strict_weight4_seed42,strict_frozen_weight4,42,read_only,future_query,Merlin C&C Communication,building-monitor,seen_in_support,9657,0.8936522729626178,0.8932380656518587,0.0,2.939835892077895e-05,0.9998206696579218,0.9998206696579218,0.9998206696579218,0.9998206696579218,0.9998206696579218,0.8930810195896532,0.30874587858474867
6,strict_weight4_seed42,strict_frozen_weight4,42,read_only,future_query,Merlin C&C Communication,combined-cycle,seen_in_support,9933,0.7971408436524715,0.796838820094634,0.0,2.939835892077895e-05,0.9998206696579218,0.9998206696579218,0.9998206696579218,0.9998206696579218,0.9998206696579218,0.796701895321731,0.40226749947073615
6,strict_weight4_seed42,strict_frozen_weight4,42,read_only,future_query,Merlin ICMP Flooding,building-monitor,seen_in_support,9150,0.9987978142076502,0.606448087431694,0.0,2.939835892077895e-05,0.9998206696579218,0.9998206696579218,0.9998206696579218,0.9998206696579218,0.9998206696579218,0.6063509026691017,0.48843544201996414
6,strict_weight4_seed42,strict_frozen_weight4,42,read_only,future_query,Merlin ICMP Flooding,combined-cycle,seen_in_support,9042,0.9987834549878345,0.5988719309887193,0.0,2.939835892077895e-05,0.9998206696579218,0.9998206696579218,0.9998206696579218,0.9998206696579218,0.9998206696579218,0.59877632758742,0.49002455887350865
6,strict_weight4_seed42,strict_frozen_weight4,42,read_only,future_query,Merlin ICMP Flooding,domotic-monitor,seen_in_support,9793,0.15909322985806187,0.13928316144184621,0.0,2.939835892077895e-05,2.939835892077895e-05,0.9998206696579218,0.9998206696579218,0.9998206696579218,0.9998206696579218,0.1392834874074082,0.3461694980882162
6,strict_weight4_seed42,strict_frozen_weight4,42,read_only,future_query,Merlin TCP Flooding,building-monitor,seen_in_support,12000,0.8669166666666667,0.8669166666666667,0.0,2.939835892077895e-05,0.9998206696579218,0.9998206696579218,0.9998206696579218,0.9998206696579218,0.9998206696579218,0.8667651146358797,0.339593877722579
6,strict_weight4_seed42,strict_frozen_weight4,42,read_only,future_query,Merlin TCP Flooding,combined-cycle,seen_in_support,12000,0.8626666666666667,0.5906666666666667,0.0,2.939835892077895e-05,0.9998206696579218,0.9998206696579218,0.9998206696579218,0.9998206696579218,0.9998206696579218,0.5905727759395307,0.4916082113067368
6,strict_weight4_seed42,strict_frozen_weight4,42,read_only,future_query,Merlin TCP Flooding,domotic-monitor,seen_in_support,12000,0.9996666666666667,0.9996666666666667,0.0,2.939835892077895e-05,0.9998206696579218,0.9998206696579218,0.9998206696579218,0.9998206696579218,0.9998206696579218,0.9994874059008221,0.01825056521472037
6,strict_weight4_seed42,strict_frozen_weight4,42,read_only,future_query,Merlin UDP Flooding,building-monitor,seen_in_support,5000,0.9998,0.9998,0.0,2.939835892077895e-05,0.9998206696579218,0.9998206696579218,0.9998206696579218,0.9998206696579218,0.9998206696579218,0.999620711403662,0.014137769765054455
6,strict_weight4_seed42,strict_frozen_weight4,42,read_only,future_query,Merlin UDP Flooding,combined-cycle,seen_in_support,5000,1.0,1.0,0.0,0.9998206696579218,0.9998206696579218,0.9998206696579218,0.9998206696579218,0.9998206696579218,0.9998206696579218,0.9998206696579218,0.0
6,strict_weight4_seed42,strict_frozen_weight4,42,read_only,future_query,Merlin UDP Flooding,domotic-monitor,seen_in_support,5000,0.9998,0.9998,0.0,2.939835892077895e-05,0.9998206696579218,0.9998206696579218,0.9998206696579218,0.9998206696579218,0.9998206696579218,0.999620711403662,0.014137769765054455
6,strict_weight4_seed42,strict_frozen_weight4,42,read_only,future_query,Mirai C&C Communication,building-monitor,seen_in_support,358,0.0111731843575419,0.0,0.0,2.939835892077895e-05,2.939835892077895e-05,2.939835892077895e-05,2.939835892077895e-05,2.939835892077895e-05,2.939835892077895e-05,2.9398358920778944e-05,6.776263578034403e-21
6,strict_weight4_seed42,strict_frozen_weight4,42,read_only,future_query,Mirai C&C Communication,combined-cycle,seen_in_support,358,0.019553072625698324,0.0,0.0,2.939835892077895e-05,2.939835892077895e-05,2.939835892077895e-05,2.939835892077895e-05,2.939835892077895e-05,2.939835892077895e-05,2.9398358920778944e-05,6.776263578034403e-21
6,strict_weight4_seed42,strict_frozen_weight4,42,read_only,future_query,Mirai GRE Flooding,building-monitor,seen_in_support,12000,1.0,1.0,0.0,0.9998206696579218,0.9998206696579218,0.9998206696579218,0.9998206696579218,0.9998206696579218,0.9998206696579218,0.9998206696579218,0.0
6,strict_weight4_seed42,strict_frozen_weight4,42,read_only,future_query,Mirai GRE Flooding,combined-cycle,seen_in_support,12000,1.0,1.0,0.0,0.9998206696579218,0.9998206696579218,0.9998206696579218,0.9998206696579218,0.9998206696579218,0.9998206696579218,0.9998206696579218,0.0
6,strict_weight4_seed42,strict_frozen_weight4,42,read_only,future_query,Mirai GRE Flooding,domotic-monitor,seen_in_support,12000,1.0,1.0,0.0,0.9998206696579218,0.9998206696579218,0.9998206696579218,0.9998206696579218,0.9998206696579218,0.9998206696579218,0.9998206696579218,0.0
6,strict_weight4_seed42,strict_frozen_weight4,42,read_only,future_query,Mirai TCP Flooding,building-monitor,seen_in_support,12000,1.0,1.0,0.0,0.9998206696579218,0.9998206696579218,0.9998206696579218,0.9998206696579218,0.9998206696579218,0.9998206696579218,0.9998206696579218,0.0
6,strict_weight4_seed42,strict_frozen_weight4,42,read_only,future_query,Mirai TCP Flooding,combined-cycle,seen_in_support,12000,1.0,1.0,0.0,0.9998206696579218,0.9998206696579218,0.9998206696579218,0.9998206696579218,0.9998206696579218,0.9998206696579218,0.9998206696579218,0.0
6,strict_weight4_seed42,strict_frozen_weight4,42,read_only,future_query,Mirai TCP Flooding,domotic-monitor,seen_in_support,12000,1.0,1.0,0.0,0.9998206696579218,0.9998206696579218,0.9998206696579218,0.9998206696579218,0.9998206696579218,0.9998206696579218,0.9998206696579218,0.0
6,strict_weight4_seed42,strict_frozen_weight4,42,read_only,future_query,Mirai UDP Flooding,building-monitor,seen_in_support,12000,0.4875,0.4875,0.0,2.939835892077895e-05,2.939835892077895e-05,0.9998206696579218,0.9998206696579218,0.9998206696579218,0.9998206696579218,0.4874276431171838,0.49973939384676275
6,strict_weight4_seed42,strict_frozen_weight4,42,read_only,future_query,Mirai UDP Flooding,combined-cycle,seen_in_support,12000,0.32116666666666666,0.32116666666666666,0.0,2.939835892077895e-05,2.939835892077895e-05,0.9998206696579218,0.9998206696579218,0.9998206696579218,0.9998206696579218,0.32112902832445,0.46682720024959506
6,strict_weight4_seed42,strict_frozen_weight4,42,read_only,future_query,Mirai UDP Flooding,domotic-monitor,seen_in_support,12000,1.0,1.0,0.0,0.9998206696579218,0.9998206696579218,0.9998206696579218,0.9998206696579218,0.9998206696579218,0.9998206696579218,0.9998206696579218,0.0
6,strict_weight4_seed42,strict_frozen_weight4,42,read_only,future_query,Reporting,building-monitor,unseen_in_support,88,0.09090909090909091,0.0,0.0,2.939835892077895e-05,2.939835892077895e-05,2.939835892077895e-05,2.939835892077895e-05,2.939835892077895e-05,2.939835892077895e-05,2.9398358920778947e-05,3.3881317890172014e-21
6,strict_weight4_seed42,strict_frozen_weight4,42,read_only,future_query,Reporting,combined-cycle,unseen_in_support,64,0.125,0.0625,0.0,2.939835892077895e-05,2.939835892077895e-05,2.939835892077895e-05,0.849851978963066,0.9998206696579218,0.9998206696579218,0.06251635281510834,0.24201093396403578
6,strict_weight4_seed42,strict_frozen_weight4,42,read_only,future_query,Reporting,domotic-monitor,unseen_in_support,72,0.0,0.0,0.0,2.939835892077895e-05,2.939835892077895e-05,2.939835892077895e-05,2.939835892077895e-05,2.939835892077895e-05,2.939835892077895e-05,2.939835892077895e-05,0.0
6,strict_weight4_seed42,strict_frozen_weight4,42,read_only,future_query,TCP Scan,air-quality,unseen_in_support,12000,0.07991666666666666,0.015166666666666667,0.0,2.939835892077895e-05,2.939835892077895e-05,2.939835892077895e-05,2.939835892077895e-05,0.9998206696579218,0.9998206696579218,0.015192899306955629,0.12219003285529599
6,strict_weight4_seed42,strict_frozen_weight4,42,read_only,future_query,TCP Scan,building-monitor,unseen_in_support,12000,0.3265,0.03966666666666667,0.0,2.939835892077895e-05,2.939835892077895e-05,2.939835892077895e-05,2.939835892077895e-05,0.9998206696579218,0.9998206696579218,0.03968778545378115,0.19513411179051335
6,strict_weight4_seed42,strict_frozen_weight4,42,read_only,future_query,TCP Scan,city-power,unseen_in_support,12000,0.05375,0.007083333333333333,0.0,2.939835892077895e-05,2.939835892077895e-05,2.939835892077895e-05,2.939835892077895e-05,2.939835892077895e-05,0.9998206696579218,0.007111253197288704,0.0838464309559753
6,strict_weight4_seed42,strict_frozen_weight4,42,read_only,future_query,TCP Scan,combined-cycle,unseen_in_support,12000,0.23308333333333334,0.049916666666666665,0.0,2.939835892077895e-05,2.939835892077895e-05,2.939835892077895e-05,2.939835892077895e-05,0.9998206696579218,0.9998206696579218,0.049935645984595906,0.21772734602562285
6,strict_weight4_seed42,strict_frozen_weight4,42,read_only,future_query,TCP Scan,domotic-monitor,unseen_in_support,12000,0.19958333333333333,0.03883333333333333,0.0,2.939835892077895e-05,2.939835892077895e-05,2.939835892077895e-05,2.939835892077895e-05,0.9998206696579218,0.9998206696579218,0.03885462606103199,0.19315725577012677
6,strict_weight4_seed42,strict_frozen_weight4,42,read_only,future_query,TCP Scan,ip-camera-museum,unseen_in_support,12000,0.26566666666666666,0.26566666666666666,0.0,2.939835892077895e-05,2.939835892077895e-05,0.9998206696579218,0.9998206696579218,0.9998206696579218,0.9998206696579218,0.26564061276735534,0.4415953538083897
6,strict_weight4_seed42,strict_frozen_weight4,42,read_only,future_query,Telnet Brute Force,air-quality,unseen_in_support,12000,0.00675,0.006583333333333333,0.0,2.939835892077895e-05,2.939835892077895e-05,2.939835892077895e-05,2.939835892077895e-05,2.939835892077895e-05,0.9998206696579218,0.006611357561639201,0.0808533436041934
6,strict_weight4_seed42,strict_frozen_weight4,42,read_only,future_query,Telnet Brute Force,building-monitor,unseen_in_support,12000,0.08191666666666667,0.041833333333333333,0.0,2.939835892077895e-05,2.939835892077895e-05,2.939835892077895e-05,2.939835892077895e-05,0.9998206696579218,0.9998206696579218,0.041853999874928986,0.20016636637879776
6,strict_weight4_seed42,strict_frozen_weight4,42,read_only,future_query,Telnet Brute Force,city-power,unseen_in_support,12000,0.007583333333333333,0.007333333333333333,0.0,2.939835892077895e-05,2.939835892077895e-05,2.939835892077895e-05,2.939835892077895e-05,2.939835892077895e-05,0.9998206696579218,0.0073612010151134525,0.08530250270864806
6,strict_weight4_seed42,strict_frozen_weight4,42,read_only,future_query,Telnet Brute Force,combined-cycle,unseen_in_support,12000,0.043166666666666666,0.0065,0.0,2.939835892077895e-05,2.939835892077895e-05,2.939835892077895e-05,2.939835892077895e-05,2.939835892077895e-05,0.9998206696579218,0.006528041622364284,0.08034335346381413
6,strict_weight4_seed42,strict_frozen_weight4,42,read_only,future_query,Telnet Brute Force,domotic-monitor,unseen_in_support,12000,0.04066666666666666,0.004166666666666667,0.0,2.939835892077895e-05,2.939835892077895e-05,2.939835892077895e-05,2.939835892077895e-05,2.939835892077895e-05,0.9998206696579218,0.004195195322666616,0.06440165819304512
6,strict_weight4_seed42,strict_frozen_weight4,42,read_only,future_query,Telnet Brute Force,ip-camera-museum,unseen_in_support,12000,0.21458333333333332,0.21458333333333332,0.0,2.939835892077895e-05,2.939835892077895e-05,0.9998206696579218,0.9998206696579218,0.9998206696579218,0.9998206696579218,0.21456794199183138,0.4104472884272153
6,strict_weight4_seed42,strict_frozen_weight4,42,read_only,future_query,UDP Scan,combined-cycle,unseen_in_support,4242,0.010843941537010843,0.0030645921735030644,0.0,2.939835892077895e-05,2.939835892077895e-05,2.939835892077895e-05,2.939835892077895e-05,2.939835892077895e-05,0.9998206696579218,0.003093350864080376,0.05526233043746345
6,strict_weight4_seed42,strict_frozen_weight4,42,report_only,sealed_final_attack,C&C Communication,ip-camera-street,unseen_in_support,90,0.07777777777777778,0.07777777777777778,0.0,2.939835892077895e-05,2.939835892077895e-05,2.939835892077895e-05,0.9998206696579218,0.9998206696579218,0.9998206696579218,0.07779094168217641,0.26776567113301797
6,strict_weight4_seed42,strict_frozen_weight4,42,report_only,sealed_final_attack,File Download,ip-camera-street,seen_in_support,1231,1.0,1.0,0.0,0.9998206696579218,0.9998206696579218,0.9998206696579218,0.9998206696579218,0.9998206696579218,0.9998206696579218,0.999820669657922,2.220446049250313e-16
6,strict_weight4_seed42,strict_frozen_weight4,42,report_only,sealed_final_attack,Ingress Tool Transfer,ip-camera-street,seen_in_support,3702,0.10588870880605078,0.10588870880605078,0.0,2.939835892077895e-05,2.939835892077895e-05,0.9998206696579218,0.9998206696579218,0.9998206696579218,0.9998206696579218,0.105896005152332,0.30763090052877545
6,strict_weight4_seed42,strict_frozen_weight4,42,report_only,sealed_final_attack,Merlin ICMP Flooding,ip-camera-street,seen_in_support,10011,0.9989012086704625,0.9989012086704625,0.0,2.939835892077895e-05,0.9998206696579218,0.9998206696579218,0.9998206696579218,0.9998206696579218,0.9998206696579218,0.9987221076776712,0.033122889976737666
6,strict_weight4_seed42,strict_frozen_weight4,42,report_only,sealed_final_attack,Merlin TCP Flooding,ip-camera-street,seen_in_support,15000,0.6948,0.6948,0.0,2.939835892077895e-05,0.9998206696579218,0.9998206696579218,0.9998206696579218,0.9998206696579218,0.9998206696579218,0.6946843736574666,0.46039596670788285
6,strict_weight4_seed42,strict_frozen_weight4,42,report_only,sealed_final_attack,Merlin UDP Flooding,ip-camera-street,seen_in_support,4996,0.9997998398718975,0.9997998398718975,0.0,2.939835892077895e-05,0.9998206696579218,0.9998206696579218,0.9998206696579218,0.9998206696579218,0.9998206696579218,0.9996205513089829,0.014143427135682113
6,strict_weight4_seed42,strict_frozen_weight4,42,report_only,sealed_final_attack,Mirai GRE Flooding,ip-camera-street,seen_in_support,15000,1.0,1.0,0.0,0.9998206696579218,0.9998206696579218,0.9998206696579218,0.9998206696579218,0.9998206696579218,0.9998206696579218,0.9998206696579218,0.0
6,strict_weight4_seed42,strict_frozen_weight4,42,report_only,sealed_final_attack,Mirai TCP Flooding,ip-camera-street,seen_in_support,15000,0.9998666666666667,0.9998666666666667,0.0,2.939835892077895e-05,0.9998206696579218,0.9998206696579218,0.9998206696579218,0.9998206696579218,0.9998206696579218,0.999687364155082,0.01154382552702247
6,strict_weight4_seed42,strict_frozen_weight4,42,report_only,sealed_final_attack,Mirai UDP Flooding,ip-camera-street,seen_in_support,15000,1.0,1.0,0.0,0.9998206696579218,0.9998206696579218,0.9998206696579218,0.9998206696579218,0.9998206696579218,0.9998206696579218,0.9998206696579218,0.0
6,strict_weight4_seed42,strict_frozen_weight4,42,report_only,sealed_final_attack,Reporting,ip-camera-street,unseen_in_support,74,0.14864864864864866,0.14864864864864866,0.0,2.939835892077895e-05,2.939835892077895e-05,0.9998206696579218,0.9998206696579218,0.9998206696579218,0.9998206696579218,0.14864701976823175,0.3556675459651714
6,strict_weight4_seed42,strict_frozen_weight4,42,report_only,sealed_final_attack,TCP Scan,ip-camera-street,unseen_in_support,15000,0.26,0.26,0.0,2.939835892077895e-05,2.939835892077895e-05,0.9998206696579218,0.9998206696579218,0.9998206696579218,0.9998206696579218,0.259975128896661,0.43854268843326466
6,strict_weight4_seed42,strict_frozen_weight4,42,report_only,sealed_final_attack,Telnet Brute Force,ip-camera-street,unseen_in_support,15000,0.0694,0.0694,0.0,2.939835892077895e-05,2.939835892077895e-05,2.939835892077895e-05,0.9998206696579218,0.9998206696579218,0.9998206696579218,0.06941491258707146,0.25408006985041703
7,strict_weight4_seed43,strict_frozen_weight4,43,calibration_select,support_val,File Download,combined-cycle,seen_in_support,3,1.0,1.0,0.0,0.9998206696579218,0.9998206696579218,0.9998206696579218,0.9998206696579218,0.9998206696579218,0.9998206696579218,0.9998206696579218,0.0
7,strict_weight4_seed43,strict_frozen_weight4,43,calibration_select,support_val,Ingress Tool Transfer,combined-cycle,seen_in_support,3,0.6666666666666666,0.6666666666666666,0.0,2.939835892077895e-05,0.9998206696579218,0.9998206696579218,0.9998206696579218,0.9998206696579218,0.9998206696579218,0.6665569125582548,0.47130612513776193
7,strict_weight4_seed43,strict_frozen_weight4,43,calibration_select,support_val,Merlin C&C Communication,ip-camera-museum,seen_in_support,5,1.0,1.0,0.0,0.9998206696579218,0.9998206696579218,0.9998206696579218,0.9998206696579218,0.9998206696579218,0.9998206696579218,0.9998206696579219,1.1102230246251565e-16
7,strict_weight4_seed43,strict_frozen_weight4,43,calibration_select,support_val,Merlin ICMP Flooding,city-power,seen_in_support,1,1.0,1.0,0.0,0.9998206696579218,0.9998206696579218,0.9998206696579218,0.9998206696579218,0.9998206696579218,0.9998206696579218,0.9998206696579218,0.0
7,strict_weight4_seed43,strict_frozen_weight4,43,calibration_select,support_val,Merlin ICMP Flooding,ip-camera-museum,seen_in_support,7,1.0,1.0,0.0,0.9998206696579218,0.9998206696579218,0.9998206696579218,0.9998206696579218,0.9998206696579218,0.9998206696579218,0.9998206696579218,0.0
7,strict_weight4_seed43,strict_frozen_weight4,43,calibration_select,support_val,Merlin TCP Flooding,city-power,seen_in_support,6,1.0,1.0,0.0,0.9998206696579218,0.9998206696579218,0.9998206696579218,0.9998206696579218,0.9998206696579218,0.9998206696579218,0.9998206696579218,0.0
7,strict_weight4_seed43,strict_frozen_weight4,43,calibration_select,support_val,Merlin TCP Flooding,ip-camera-museum,seen_in_support,5,1.0,1.0,0.0,0.9998206696579218,0.9998206696579218,0.9998206696579218,0.9998206696579218,0.9998206696579218,0.9998206696579218,0.9998206696579219,1.1102230246251565e-16
7,strict_weight4_seed43,strict_frozen_weight4,43,calibration_select,support_val,Merlin UDP Flooding,city-power,seen_in_support,3,1.0,1.0,0.0,0.9998206696579218,0.9998206696579218,0.9998206696579218,0.9998206696579218,0.9998206696579218,0.9998206696579218,0.9998206696579218,0.0
7,strict_weight4_seed43,strict_frozen_weight4,43,calibration_select,support_val,Merlin UDP Flooding,ip-camera-museum,seen_in_support,3,1.0,1.0,0.0,0.9998206696579218,0.9998206696579218,0.9998206696579218,0.9998206696579218,0.9998206696579218,0.9998206696579218,0.9998206696579218,0.0
7,strict_weight4_seed43,strict_frozen_weight4,43,calibration_select,support_val,Mirai C&C Communication,ip-camera-museum,seen_in_support,2,0.0,0.0,0.0,2.939835892077895e-05,2.939835892077895e-05,2.939835892077895e-05,2.939835892077895e-05,2.939835892077895e-05,2.939835892077895e-05,2.939835892077895e-05,0.0
7,strict_weight4_seed43,strict_frozen_weight4,43,calibration_select,support_val,Mirai GRE Flooding,city-power,seen_in_support,4,1.0,1.0,0.0,0.9998206696579218,0.9998206696579218,0.9998206696579218,0.9998206696579218,0.9998206696579218,0.9998206696579218,0.9998206696579218,0.0
7,strict_weight4_seed43,strict_frozen_weight4,43,calibration_select,support_val,Mirai GRE Flooding,ip-camera-museum,seen_in_support,6,1.0,1.0,0.0,0.9998206696579218,0.9998206696579218,0.9998206696579218,0.9998206696579218,0.9998206696579218,0.9998206696579218,0.9998206696579218,0.0
7,strict_weight4_seed43,strict_frozen_weight4,43,calibration_select,support_val,Mirai TCP Flooding,city-power,seen_in_support,4,1.0,1.0,0.0,0.9998206696579218,0.9998206696579218,0.9998206696579218,0.9998206696579218,0.9998206696579218,0.9998206696579218,0.9998206696579218,0.0
7,strict_weight4_seed43,strict_frozen_weight4,43,calibration_select,support_val,Mirai TCP Flooding,ip-camera-museum,seen_in_support,6,1.0,1.0,0.0,0.9998206696579218,0.9998206696579218,0.9998206696579218,0.9998206696579218,0.9998206696579218,0.9998206696579218,0.9998206696579218,0.0
7,strict_weight4_seed43,strict_frozen_weight4,43,calibration_select,support_val,Mirai UDP Flooding,city-power,seen_in_support,5,1.0,1.0,0.0,0.9998206696579218,0.9998206696579218,0.9998206696579218,0.9998206696579218,0.9998206696579218,0.9998206696579218,0.9998206696579219,1.1102230246251565e-16
7,strict_weight4_seed43,strict_frozen_weight4,43,calibration_select,support_val,Mirai UDP Flooding,ip-camera-museum,seen_in_support,6,1.0,1.0,0.0,0.9998206696579218,0.9998206696579218,0.9998206696579218,0.9998206696579218,0.9998206696579218,0.9998206696579218,0.9998206696579218,0.0
7,strict_weight4_seed43,strict_frozen_weight4,43,read_only,same_file_query,File Download,combined-cycle,seen_in_support,105,1.0,1.0,0.0,0.9998206696579218,0.9998206696579218,0.9998206696579218,0.9998206696579218,0.9998206696579218,0.9998206696579218,0.9998206696579218,0.0
7,strict_weight4_seed43,strict_frozen_weight4,43,read_only,same_file_query,Ingress Tool Transfer,combined-cycle,seen_in_support,2381,0.004619907601847963,0.004619907601847963,0.0,2.939835892077895e-05,2.939835892077895e-05,2.939835892077895e-05,2.939835892077895e-05,2.939835892077895e-05,0.9998206696579218,0.004648341653456273,0.06779855862290514
7,strict_weight4_seed43,strict_frozen_weight4,43,read_only,same_file_query,Merlin C&C Communication,ip-camera-museum,seen_in_support,6827,0.9506371759191445,0.9506371759191445,0.0,2.939835892077895e-05,0.9998206696579218,0.9998206696579218,0.9998206696579218,0.9998206696579218,0.9998206696579218,0.9504681490152145,0.2165791958185129
7,strict_weight4_seed43,strict_frozen_weight4,43,read_only,same_file_query,Merlin ICMP Flooding,city-power,seen_in_support,6680,0.0002994011976047904,0.0002994011976047904,0.0,2.939835892077895e-05,2.939835892077895e-05,2.939835892077895e-05,2.939835892077895e-05,2.939835892077895e-05,0.9998206696579218,0.0003287370629025158,0.017297011873245467
7,strict_weight4_seed43,strict_frozen_weight4,43,read_only,same_file_query,Merlin ICMP Flooding,ip-camera-museum,seen_in_support,7038,0.998437055981813,0.998437055981813,0.0,2.939835892077895e-05,0.9998206696579218,0.9998206696579218,0.9998206696579218,0.9998206696579218,0.9998206696579218,0.9982580518710095,0.03949493447751926
7,strict_weight4_seed43,strict_frozen_weight4,43,read_only,same_file_query,Merlin TCP Flooding,city-power,seen_in_support,12000,0.9998333333333334,0.9998333333333334,0.0,2.939835892077895e-05,0.9998206696579218,0.9998206696579218,0.9998206696579218,0.9998206696579218,0.9998206696579218,0.999654037779372,0.012906174162443712
7,strict_weight4_seed43,strict_frozen_weight4,43,read_only,same_file_query,Merlin TCP Flooding,ip-camera-museum,seen_in_support,12000,0.9999166666666667,0.9999166666666667,0.0,2.939835892077895e-05,0.9998206696579218,0.9998206696579218,0.9998206696579218,0.9998206696579218,0.9998206696579218,0.9997373537186468,0.009126423576703098
7,strict_weight4_seed43,strict_frozen_weight4,43,read_only,same_file_query,Merlin UDP Flooding,city-power,seen_in_support,3250,1.0,1.0,0.0,0.9998206696579218,0.9998206696579218,0.9998206696579218,0.9998206696579218,0.9998206696579218,0.9998206696579218,0.9998206696579218,0.0
7,strict_weight4_seed43,strict_frozen_weight4,43,read_only,same_file_query,Merlin UDP Flooding,ip-camera-museum,seen_in_support,3292,1.0,1.0,0.0,0.9998206696579218,0.9998206696579218,0.9998206696579218,0.9998206696579218,0.9998206696579218,0.9998206696579218,0.9998206696579217,1.1102230246251565e-16
7,strict_weight4_seed43,strict_frozen_weight4,43,read_only,same_file_query,Mirai C&C Communication,ip-camera-museum,seen_in_support,106,0.009433962264150943,0.009433962264150943,0.0,2.939835892077895e-05,2.939835892077895e-05,2.939835892077895e-05,2.939835892077895e-05,2.939835892077895e-05,0.9998206696579218,0.009461391484383054,0.09664916918148132
7,strict_weight4_seed43,strict_frozen_weight4,43,read_only,same_file_query,Mirai GRE Flooding,city-power,seen_in_support,12000,1.0,1.0,0.0,0.9998206696579218,0.9998206696579218,0.9998206696579218,0.9998206696579218,0.9998206696579218,0.9998206696579218,0.9998206696579218,0.0
7,strict_weight4_seed43,strict_frozen_weight4,43,read_only,same_file_query,Mirai GRE Flooding,ip-camera-museum,seen_in_support,12000,1.0,1.0,0.0,0.9998206696579218,0.9998206696579218,0.9998206696579218,0.9998206696579218,0.9998206696579218,0.9998206696579218,0.9998206696579218,0.0
7,strict_weight4_seed43,strict_frozen_weight4,43,read_only,same_file_query,Mirai TCP Flooding,city-power,seen_in_support,12000,1.0,1.0,0.0,0.9998206696579218,0.9998206696579218,0.9998206696579218,0.9998206696579218,0.9998206696579218,0.9998206696579218,0.9998206696579218,0.0
7,strict_weight4_seed43,strict_frozen_weight4,43,read_only,same_file_query,Mirai TCP Flooding,ip-camera-museum,seen_in_support,12000,1.0,1.0,0.0,0.9998206696579218,0.9998206696579218,0.9998206696579218,0.9998206696579218,0.9998206696579218,0.9998206696579218,0.9998206696579218,0.0
7,strict_weight4_seed43,strict_frozen_weight4,43,read_only,same_file_query,Mirai UDP Flooding,city-power,seen_in_support,12000,0.9999166666666667,0.9999166666666667,0.0,2.939835892077895e-05,0.9998206696579218,0.9998206696579218,0.9998206696579218,0.9998206696579218,0.9998206696579218,0.9997373537186468,0.009126423576703098
7,strict_weight4_seed43,strict_frozen_weight4,43,read_only,same_file_query,Mirai UDP Flooding,ip-camera-museum,seen_in_support,12000,1.0,1.0,0.0,0.9998206696579218,0.9998206696579218,0.9998206696579218,0.9998206696579218,0.9998206696579218,0.9998206696579218,0.9998206696579218,0.0
7,strict_weight4_seed43,strict_frozen_weight4,43,read_only,future_query,C&C Communication,building-monitor,unseen_in_support,84,0.08333333333333333,0.08333333333333333,0.0,2.939835892077895e-05,2.939835892077895e-05,2.939835892077895e-05,0.9998206696579218,0.9998206696579218,0.9998206696579218,0.08334533763383753,0.27632770963093395
7,strict_weight4_seed43,strict_frozen_weight4,43,read_only,future_query,C&C Communication,combined-cycle,unseen_in_support,90,0.07777777777777778,0.07777777777777778,0.0,2.939835892077895e-05,2.939835892077895e-05,2.939835892077895e-05,0.9998206696579218,0.9998206696579218,0.9998206696579218,0.07779094168217641,0.26776567113301797
7,strict_weight4_seed43,strict_frozen_weight4,43,read_only,future_query,C&C Communication,domotic-monitor,unseen_in_support,82,0.08536585365853659,0.08536585365853659,0.0,2.939835892077895e-05,2.939835892077895e-05,2.939835892077895e-05,0.9998206696579218,0.9998206696579218,0.9998206696579218,0.08537743371371355,0.2793670231636465
7,strict_weight4_seed43,strict_frozen_weight4,43,read_only,future_query,CoAP Amplification,combined-cycle,unseen_in_support,12000,0.41641666666666666,0.41641666666666666,0.0,2.939835892077895e-05,2.939835892077895e-05,0.9998206696579218,0.9998206696579218,0.9998206696579218,0.9998206696579218,0.4163591469156798,0.49286142987235404
7,strict_weight4_seed43,strict_frozen_weight4,43,read_only,future_query,File Download,building-monitor,seen_in_support,1191,1.0,1.0,0.0,0.9998206696579218,0.9998206696579218,0.9998206696579218,0.9998206696579218,0.9998206696579218,0.9998206696579218,0.9998206696579219,1.1102230246251565e-16
7,strict_weight4_seed43,strict_frozen_weight4,43,read_only,future_query,File Download,domotic-monitor,seen_in_support,1187,1.0,1.0,0.0,0.9998206696579218,0.9998206696579218,0.9998206696579218,0.9998206696579218,0.9998206696579218,0.9998206696579218,0.999820669657922,2.220446049250313e-16
7,strict_weight4_seed43,strict_frozen_weight4,43,read_only,future_query,Ingress Tool Transfer,air-quality,seen_in_support,109,0.6238532110091743,0.6238532110091743,0.0,2.939835892077895e-05,0.9998206696579218,0.9998206696579218,0.9998206696579218,0.9998206696579218,0.9998206696579218,0.6237523932977471,0.4843164581478212
7,strict_weight4_seed43,strict_frozen_weight4,43,read_only,future_query,Ingress Tool Transfer,building-monitor,seen_in_support,3754,0.06313265849760255,0.06313265849760255,0.0,2.939835892077895e-05,2.939835892077895e-05,2.939835892077895e-05,0.9998206696579218,0.9998206696579218,0.9998206696579218,0.06314887925872452,0.24315064709658313
7,strict_weight4_seed43,strict_frozen_weight4,43,read_only,future_query,Ingress Tool Transfer,city-power,seen_in_support,105,0.42857142857142855,0.42857142857142855,0.0,2.939835892077895e-05,2.939835892077895e-05,0.9998206696579218,0.9998206696579218,0.9998206696579218,0.9998206696579218,0.4285113717727783,0.49476836538678554
7,strict_weight4_seed43,strict_frozen_weight4,43,read_only,future_query,Ingress Tool Transfer,domotic-monitor,seen_in_support,3678,0.06199021207177814,0.06199021207177814,0.0,2.939835892077895e-05,2.939835892077895e-05,2.939835892077895e-05,0.9998206696579218,0.9998206696579218,0.9998206696579218,0.06200667129425852,0.24108744085738926
7,strict_weight4_seed43,strict_frozen_weight4,43,read_only,future_query,Ingress Tool Transfer,ip-camera-museum,seen_in_support,108,0.4351851851851852,0.4351851851851852,0.0,2.939835892077895e-05,2.939835892077895e-05,0.9998206696579218,0.9998206696579218,0.9998206696579218,0.9998206696579218,0.43512374790570824,0.49567775808568665
7,strict_weight4_seed43,strict_frozen_weight4,43,read_only,future_query,Merlin C&C Communication,building-monitor,seen_in_support,9657,0.8993476234855545,0.8993476234855545,0.0,2.939835892077895e-05,0.9998206696579218,0.9998206696579218,0.9998206696579218,0.9998206696579218,0.9998206696579218,0.8991893021832787,0.3008050709350056
7,strict_weight4_seed43,strict_frozen_weight4,43,read_only,future_query,Merlin C&C Communication,combined-cycle,seen_in_support,9933,0.8017718715393134,0.8017718715393134,0.0,2.939835892077895e-05,0.9998206696579218,0.9998206696579218,0.9998206696579218,0.9998206696579218,0.9998206696579218,0.8016339170969904,0.3985817311504209
7,strict_weight4_seed43,strict_frozen_weight4,43,read_only,future_query,Merlin ICMP Flooding,building-monitor,seen_in_support,9150,0.9987978142076502,0.9987978142076502,0.0,2.939835892077895e-05,0.9998206696579218,0.9998206696579218,0.9998206696579218,0.9998206696579218,0.9998206696579218,0.9986187347962509,0.034644470496124895
7,strict_weight4_seed43,strict_frozen_weight4,43,read_only,future_query,Merlin ICMP Flooding,combined-cycle,seen_in_support,9042,0.9987834549878345,0.9987834549878345,0.0,2.939835892077895e-05,0.9998206696579218,0.9998206696579218,0.9998206696579218,0.9998206696579218,0.9998206696579218,0.9986043785736165,0.03485050710456779
7,strict_weight4_seed43,strict_frozen_weight4,43,read_only,future_query,Merlin ICMP Flooding,domotic-monitor,seen_in_support,9793,0.01960584090677014,0.01960584090677014,0.0,2.939835892077895e-05,2.939835892077895e-05,2.939835892077895e-05,2.939835892077895e-05,0.9998206696579218,0.9998206696579218,0.019631146963986462,0.13861251245528244
7,strict_weight4_seed43,strict_frozen_weight4,43,read_only,future_query,Merlin TCP Flooding,building-monitor,seen_in_support,12000,0.99825,0.99825,0.0,2.939835892077895e-05,0.9998206696579218,0.9998206696579218,0.9998206696579218,0.9998206696579218,0.9998206696579218,0.9980710349331486,0.04178765731791858
7,strict_weight4_seed43,strict_frozen_weight4,43,read_only,future_query,Merlin TCP Flooding,combined-cycle,seen_in_support,12000,0.99825,0.99825,0.0,2.939835892077895e-05,0.9998206696579218,0.9998206696579218,0.9998206696579218,0.9998206696579218,0.9998206696579218,0.9980710349331486,0.041787657317918586
7,strict_weight4_seed43,strict_frozen_weight4,43,read_only,future_query,Merlin TCP Flooding,domotic-monitor,seen_in_support,12000,0.9996666666666667,0.9996666666666667,0.0,2.939835892077895e-05,0.9998206696579218,0.9998206696579218,0.9998206696579218,0.9998206696579218,0.9998206696579218,0.9994874059008221,0.01825056521472037
7,strict_weight4_seed43,strict_frozen_weight4,43,read_only,future_query,Merlin UDP Flooding,building-monitor,seen_in_support,5000,0.9998,0.9998,0.0,2.939835892077895e-05,0.9998206696579218,0.9998206696579218,0.9998206696579218,0.9998206696579218,0.9998206696579218,0.999620711403662,0.014137769765054455
7,strict_weight4_seed43,strict_frozen_weight4,43,read_only,future_query,Merlin UDP Flooding,combined-cycle,seen_in_support,5000,0.9998,0.9998,0.0,2.939835892077895e-05,0.9998206696579218,0.9998206696579218,0.9998206696579218,0.9998206696579218,0.9998206696579218,0.999620711403662,0.014137769765054455
7,strict_weight4_seed43,strict_frozen_weight4,43,read_only,future_query,Merlin UDP Flooding,domotic-monitor,seen_in_support,5000,0.9998,0.9998,0.0,2.939835892077895e-05,0.9998206696579218,0.9998206696579218,0.9998206696579218,0.9998206696579218,0.9998206696579218,0.999620711403662,0.014137769765054455
7,strict_weight4_seed43,strict_frozen_weight4,43,read_only,future_query,Mirai C&C Communication,building-monitor,seen_in_support,358,0.0111731843575419,0.0111731843575419,0.0,2.939835892077895e-05,2.939835892077895e-05,2.939835892077895e-05,2.939835892077895e-05,0.42993964501749804,0.9998206696579218,0.011200250552205707,0.10508916488912332
7,strict_weight4_seed43,strict_frozen_weight4,43,read_only,future_query,Mirai C&C Communication,combined-cycle,seen_in_support,358,0.019553072625698324,0.019553072625698324,0.0,2.939835892077895e-05,2.939835892077895e-05,2.939835892077895e-05,2.939835892077895e-05,0.9998206696579218,0.9998206696579218,0.019578389697169404,0.1384295771876005
7,strict_weight4_seed43,strict_frozen_weight4,43,read_only,future_query,Mirai GRE Flooding,building-monitor,seen_in_support,12000,1.0,1.0,0.0,0.9998206696579218,0.9998206696579218,0.9998206696579218,0.9998206696579218,0.9998206696579218,0.9998206696579218,0.9998206696579218,0.0
7,strict_weight4_seed43,strict_frozen_weight4,43,read_only,future_query,Mirai GRE Flooding,combined-cycle,seen_in_support,12000,1.0,1.0,0.0,0.9998206696579218,0.9998206696579218,0.9998206696579218,0.9998206696579218,0.9998206696579218,0.9998206696579218,0.9998206696579218,0.0
7,strict_weight4_seed43,strict_frozen_weight4,43,read_only,future_query,Mirai GRE Flooding,domotic-monitor,seen_in_support,12000,1.0,1.0,0.0,0.9998206696579218,0.9998206696579218,0.9998206696579218,0.9998206696579218,0.9998206696579218,0.9998206696579218,0.9998206696579218,0.0
7,strict_weight4_seed43,strict_frozen_weight4,43,read_only,future_query,Mirai TCP Flooding,building-monitor,seen_in_support,12000,1.0,1.0,0.0,0.9998206696579218,0.9998206696579218,0.9998206696579218,0.9998206696579218,0.9998206696579218,0.9998206696579218,0.9998206696579218,0.0
7,strict_weight4_seed43,strict_frozen_weight4,43,read_only,future_query,Mirai TCP Flooding,combined-cycle,seen_in_support,12000,1.0,1.0,0.0,0.9998206696579218,0.9998206696579218,0.9998206696579218,0.9998206696579218,0.9998206696579218,0.9998206696579218,0.9998206696579218,0.0
7,strict_weight4_seed43,strict_frozen_weight4,43,read_only,future_query,Mirai TCP Flooding,domotic-monitor,seen_in_support,12000,1.0,1.0,0.0,0.9998206696579218,0.9998206696579218,0.9998206696579218,0.9998206696579218,0.9998206696579218,0.9998206696579218,0.9998206696579218,0.0
7,strict_weight4_seed43,strict_frozen_weight4,43,read_only,future_query,Mirai UDP Flooding,building-monitor,seen_in_support,12000,0.48225,0.48225,0.0,2.939835892077895e-05,2.939835892077895e-05,0.9998206696579218,0.9998206696579218,0.9998206696579218,0.9998206696579218,0.48217873894286406,0.49958053960584203
7,strict_weight4_seed43,strict_frozen_weight4,43,read_only,future_query,Mirai UDP Flooding,combined-cycle,seen_in_support,12000,0.31775,0.31775,0.0,2.939835892077895e-05,2.939835892077895e-05,0.9998206696579218,0.9998206696579218,0.9998206696579218,0.9998206696579218,0.31771307481417843,0.465504509610824
7,strict_weight4_seed43,strict_frozen_weight4,43,read_only,future_query,Mirai UDP Flooding,domotic-monitor,seen_in_support,12000,1.0,1.0,0.0,0.9998206696579218,0.9998206696579218,0.9998206696579218,0.9998206696579218,0.9998206696579218,0.9998206696579218,0.9998206696579218,0.0
7,strict_weight4_seed43,strict_frozen_weight4,43,read_only,future_query,Reporting,building-monitor,unseen_in_support,88,0.09090909090909091,0.09090909090909091,0.0,2.939835892077895e-05,2.939835892077895e-05,2.939835892077895e-05,0.9998206696579218,0.9998206696579218,0.9998206696579218,0.09091951393155724,0.2874197820054704
7,strict_weight4_seed43,strict_frozen_weight4,43,read_only,future_query,Reporting,combined-cycle,unseen_in_support,64,0.125,0.125,0.0,2.939835892077895e-05,2.939835892077895e-05,0.9998206696579218,0.9998206696579218,0.9998206696579218,0.9998206696579218,0.1250033072712959,0.3306498833537832
7,strict_weight4_seed43,strict_frozen_weight4,43,read_only,future_query,Reporting,domotic-monitor,unseen_in_support,72,0.0,0.0,0.0,2.939835892077895e-05,2.939835892077895e-05,2.939835892077895e-05,2.939835892077895e-05,2.939835892077895e-05,2.939835892077895e-05,2.939835892077895e-05,0.0
7,strict_weight4_seed43,strict_frozen_weight4,43,read_only,future_query,TCP Scan,air-quality,unseen_in_support,12000,0.22325,0.22325,0.0,2.939835892077895e-05,2.939835892077895e-05,0.9998206696579218,0.9998206696579218,0.9998206696579218,0.9998206696579218,0.2232327996764227,0.4163376682475231
7,strict_weight4_seed43,strict_frozen_weight4,43,read_only,future_query,TCP Scan,building-monitor,unseen_in_support,12000,0.35283333333333333,0.35283333333333333,0.0,2.939835892077895e-05,2.939835892077895e-05,0.9998206696579218,0.9998206696579218,0.9998206696579218,0.9998206696579218,0.3527890852489183,0.47775167097987126
7,strict_weight4_seed43,strict_frozen_weight4,43,read_only,future_query,TCP Scan,city-power,unseen_in_support,12000,0.15858333333333333,0.15858333333333333,0.0,2.939835892077895e-05,2.939835892077895e-05,0.9998206696579218,0.9998206696579218,0.9998206696579218,0.9998206696579218,0.15857963079908735,0.36521084629194056
7,strict_weight4_seed43,strict_frozen_weight4,43,read_only,future_query,TCP Scan,combined-cycle,unseen_in_support,12000,0.2275,0.2275,0.0,2.939835892077895e-05,2.939835892077895e-05,0.9998206696579218,0.9998206696579218,0.9998206696579218,0.9998206696579218,0.22748191257944347,0.4191305192030919
7,strict_weight4_seed43,strict_frozen_weight4,43,read_only,future_query,TCP Scan,domotic-monitor,unseen_in_support,12000,0.19816666666666666,0.19816666666666666,0.0,2.939835892077895e-05,2.939835892077895e-05,0.9998206696579218,0.9998206696579218,0.9998206696579218,0.9998206696579218,0.1981547019546728,0.3985352095280774
7,strict_weight4_seed43,strict_frozen_weight4,43,read_only,future_query,TCP Scan,ip-camera-museum,unseen_in_support,12000,0.9056666666666666,0.9056666666666666,0.0,2.939835892077895e-05,0.9998206696579218,0.9998206696579218,0.9998206696579218,0.9998206696579218,0.9998206696579218,0.905507026398716,0.2922308915740036
7,strict_weight4_seed43,strict_frozen_weight4,43,read_only,future_query,Telnet Brute Force,air-quality,unseen_in_support,12000,0.008416666666666666,0.008416666666666666,0.0,2.939835892077895e-05,2.939835892077895e-05,2.939835892077895e-05,2.939835892077895e-05,2.939835892077895e-05,0.9998206696579218,0.00844430822568737,0.09133642606044574
7,strict_weight4_seed43,strict_frozen_weight4,43,read_only,future_query,Telnet Brute Force,building-monitor,unseen_in_support,12000,0.057833333333333334,0.057833333333333334,0.0,2.939835892077895e-05,2.939835892077895e-05,2.939835892077895e-05,0.9998206696579218,0.9998206696579218,0.9998206696579218,0.057850660215712994,0.23337929337711819
7,strict_weight4_seed43,strict_frozen_weight4,43,read_only,future_query,Telnet Brute Force,city-power,unseen_in_support,12000,0.008166666666666666,0.008166666666666666,0.0,2.939835892077895e-05,2.939835892077895e-05,2.939835892077895e-05,2.939835892077895e-05,2.939835892077895e-05,0.9998206696579218,0.00819436040786262,0.08998106012800137
7,strict_weight4_seed43,strict_frozen_weight4,43,read_only,future_query,Telnet Brute Force,combined-cycle,unseen_in_support,12000,0.029416666666666667,0.029416666666666667,0.0,2.939835892077895e-05,2.939835892077895e-05,2.939835892077895e-05,2.939835892077895e-05,0.9998206696579218,0.9998206696579218,0.02943992492296639,0.1689361082488459
7,strict_weight4_seed43,strict_frozen_weight4,43,read_only,future_query,Telnet Brute Force,domotic-monitor,unseen_in_support,12000,0.03375,0.03375,0.0,2.939835892077895e-05,2.939835892077895e-05,2.939835892077895e-05,2.939835892077895e-05,0.9998206696579218,0.9998206696579218,0.03377235376526205,0.1805472936477784
7,strict_weight4_seed43,strict_frozen_weight4,43,read_only,future_query,Telnet Brute Force,ip-camera-museum,unseen_in_support,12000,0.9778333333333333,0.9778333333333333,0.0,2.939835892077895e-05,0.9998206696579218,0.9998206696579218,0.9998206696579218,0.9998206696579218,0.9998206696579218,0.9776586298107939,0.14719462620338214
7,strict_weight4_seed43,strict_frozen_weight4,43,read_only,future_query,UDP Scan,combined-cycle,unseen_in_support,4242,0.012258368694012258,0.012258368694012258,0.0,2.939835892077895e-05,2.939835892077895e-05,2.939835892077895e-05,2.939835892077895e-05,0.9998206696579218,0.9998206696579218,0.012285208379559168,0.11001384913760227
7,strict_weight4_seed43,strict_frozen_weight4,43,report_only,sealed_final_attack,C&C Communication,ip-camera-street,unseen_in_support,90,0.07777777777777778,0.07777777777777778,0.0,2.939835892077895e-05,2.939835892077895e-05,2.939835892077895e-05,0.9998206696579218,0.9998206696579218,0.9998206696579218,0.07779094168217641,0.26776567113301797
7,strict_weight4_seed43,strict_frozen_weight4,43,report_only,sealed_final_attack,File Download,ip-camera-street,seen_in_support,1231,1.0,1.0,0.0,0.9998206696579218,0.9998206696579218,0.9998206696579218,0.9998206696579218,0.9998206696579218,0.9998206696579218,0.999820669657922,2.220446049250313e-16
7,strict_weight4_seed43,strict_frozen_weight4,43,report_only,sealed_final_attack,Ingress Tool Transfer,ip-camera-street,seen_in_support,3702,0.20448406266882765,0.20448406266882765,0.0,2.939835892077895e-05,2.939835892077895e-05,0.9998206696579218,0.9998206696579218,0.9998206696579218,0.9998206696579218,0.20447077933497257,0.40323991610054566
7,strict_weight4_seed43,strict_frozen_weight4,43,report_only,sealed_final_attack,Merlin ICMP Flooding,ip-camera-street,seen_in_support,10011,0.9989012086704625,0.9989012086704625,0.0,2.939835892077895e-05,0.9998206696579218,0.9998206696579218,0.9998206696579218,0.9998206696579218,0.9998206696579218,0.9987221076776712,0.033122889976737666
7,strict_weight4_seed43,strict_frozen_weight4,43,report_only,sealed_final_attack,Merlin TCP Flooding,ip-camera-street,seen_in_support,15000,0.9996666666666667,0.9996666666666667,0.0,2.939835892077895e-05,0.9998206696579218,0.9998206696579218,0.9998206696579218,0.9998206696579218,0.9998206696579218,0.9994874059008221,0.018250565214720373
7,strict_weight4_seed43,strict_frozen_weight4,43,report_only,sealed_final_attack,Merlin UDP Flooding,ip-camera-street,seen_in_support,4996,0.9997998398718975,0.9997998398718975,0.0,2.939835892077895e-05,0.9998206696579218,0.9998206696579218,0.9998206696579218,0.9998206696579218,0.9998206696579218,0.9996205513089829,0.014143427135682113
7,strict_weight4_seed43,strict_frozen_weight4,43,report_only,sealed_final_attack,Mirai GRE Flooding,ip-camera-street,seen_in_support,15000,1.0,1.0,0.0,0.9998206696579218,0.9998206696579218,0.9998206696579218,0.9998206696579218,0.9998206696579218,0.9998206696579218,0.9998206696579218,0.0
7,strict_weight4_seed43,strict_frozen_weight4,43,report_only,sealed_final_attack,Mirai TCP Flooding,ip-camera-street,seen_in_support,15000,0.9998666666666667,0.9998666666666667,0.0,2.939835892077895e-05,0.9998206696579218,0.9998206696579218,0.9998206696579218,0.9998206696579218,0.9998206696579218,0.999687364155082,0.01154382552702247
7,strict_weight4_seed43,strict_frozen_weight4,43,report_only,sealed_final_attack,Mirai UDP Flooding,ip-camera-street,seen_in_support,15000,1.0,1.0,0.0,0.9998206696579218,0.9998206696579218,0.9998206696579218,0.9998206696579218,0.9998206696579218,0.9998206696579218,0.9998206696579218,0.0
7,strict_weight4_seed43,strict_frozen_weight4,43,report_only,sealed_final_attack,Reporting,ip-camera-street,unseen_in_support,74,0.14864864864864866,0.14864864864864866,0.0,2.939835892077895e-05,2.939835892077895e-05,0.9998206696579218,0.9998206696579218,0.9998206696579218,0.9998206696579218,0.14864701976823175,0.3556675459651714
7,strict_weight4_seed43,strict_frozen_weight4,43,report_only,sealed_final_attack,TCP Scan,ip-camera-street,unseen_in_support,15000,0.2713333333333333,0.2713333333333333,0.0,2.939835892077895e-05,2.939835892077895e-05,0.9998206696579218,0.9998206696579218,0.9998206696579218,0.9998206696579218,0.2713060966380497,0.4445548650246225
7,strict_weight4_seed43,strict_frozen_weight4,43,report_only,sealed_final_attack,Telnet Brute Force,ip-camera-street,unseen_in_support,15000,0.2738,0.2738,0.0,2.939835892077895e-05,2.939835892077895e-05,0.9998206696579218,0.9998206696579218,0.9998206696579218,0.9998206696579218,0.2737722484405873,0.4458144951897902
8,strict_weight4_seed44,strict_frozen_weight4,44,calibration_select,support_val,File Download,combined-cycle,seen_in_support,3,1.0,1.0,0.0,0.9998206696579218,0.9998206696579218,0.9998206696579218,0.9998206696579218,0.9998206696579218,0.9998206696579218,0.9998206696579218,0.0
8,strict_weight4_seed44,strict_frozen_weight4,44,calibration_select,support_val,Ingress Tool Transfer,combined-cycle,seen_in_support,3,1.0,1.0,0.0,0.9998206696579218,0.9998206696579218,0.9998206696579218,0.9998206696579218,0.9998206696579218,0.9998206696579218,0.9998206696579218,0.0
8,strict_weight4_seed44,strict_frozen_weight4,44,calibration_select,support_val,Merlin C&C Communication,ip-camera-museum,seen_in_support,5,1.0,1.0,0.0,0.9998206696579218,0.9998206696579218,0.9998206696579218,0.9998206696579218,0.9998206696579218,0.9998206696579218,0.9998206696579219,1.1102230246251565e-16
8,strict_weight4_seed44,strict_frozen_weight4,44,calibration_select,support_val,Merlin ICMP Flooding,city-power,seen_in_support,1,1.0,1.0,0.0,0.9998206696579218,0.9998206696579218,0.9998206696579218,0.9998206696579218,0.9998206696579218,0.9998206696579218,0.9998206696579218,0.0
8,strict_weight4_seed44,strict_frozen_weight4,44,calibration_select,support_val,Merlin ICMP Flooding,ip-camera-museum,seen_in_support,7,1.0,1.0,0.0,0.9998206696579218,0.9998206696579218,0.9998206696579218,0.9998206696579218,0.9998206696579218,0.9998206696579218,0.9998206696579218,0.0
8,strict_weight4_seed44,strict_frozen_weight4,44,calibration_select,support_val,Merlin TCP Flooding,city-power,seen_in_support,6,1.0,1.0,0.0,0.9998206696579218,0.9998206696579218,0.9998206696579218,0.9998206696579218,0.9998206696579218,0.9998206696579218,0.9998206696579218,0.0
8,strict_weight4_seed44,strict_frozen_weight4,44,calibration_select,support_val,Merlin TCP Flooding,ip-camera-museum,seen_in_support,5,1.0,1.0,0.0,0.9998206696579218,0.9998206696579218,0.9998206696579218,0.9998206696579218,0.9998206696579218,0.9998206696579218,0.9998206696579219,1.1102230246251565e-16
8,strict_weight4_seed44,strict_frozen_weight4,44,calibration_select,support_val,Merlin UDP Flooding,city-power,seen_in_support,3,1.0,1.0,0.0,0.9998206696579218,0.9998206696579218,0.9998206696579218,0.9998206696579218,0.9998206696579218,0.9998206696579218,0.9998206696579218,0.0
8,strict_weight4_seed44,strict_frozen_weight4,44,calibration_select,support_val,Merlin UDP Flooding,ip-camera-museum,seen_in_support,3,1.0,1.0,0.0,0.9998206696579218,0.9998206696579218,0.9998206696579218,0.9998206696579218,0.9998206696579218,0.9998206696579218,0.9998206696579218,0.0
8,strict_weight4_seed44,strict_frozen_weight4,44,calibration_select,support_val,Mirai C&C Communication,ip-camera-museum,seen_in_support,2,0.0,0.0,0.0,2.939835892077895e-05,2.939835892077895e-05,2.939835892077895e-05,2.939835892077895e-05,2.939835892077895e-05,2.939835892077895e-05,2.939835892077895e-05,0.0
8,strict_weight4_seed44,strict_frozen_weight4,44,calibration_select,support_val,Mirai GRE Flooding,city-power,seen_in_support,4,1.0,1.0,0.0,0.9998206696579218,0.9998206696579218,0.9998206696579218,0.9998206696579218,0.9998206696579218,0.9998206696579218,0.9998206696579218,0.0
8,strict_weight4_seed44,strict_frozen_weight4,44,calibration_select,support_val,Mirai GRE Flooding,ip-camera-museum,seen_in_support,6,1.0,1.0,0.0,0.9998206696579218,0.9998206696579218,0.9998206696579218,0.9998206696579218,0.9998206696579218,0.9998206696579218,0.9998206696579218,0.0
8,strict_weight4_seed44,strict_frozen_weight4,44,calibration_select,support_val,Mirai TCP Flooding,city-power,seen_in_support,4,1.0,1.0,0.0,0.9998206696579218,0.9998206696579218,0.9998206696579218,0.9998206696579218,0.9998206696579218,0.9998206696579218,0.9998206696579218,0.0
8,strict_weight4_seed44,strict_frozen_weight4,44,calibration_select,support_val,Mirai TCP Flooding,ip-camera-museum,seen_in_support,6,1.0,1.0,0.0,0.9998206696579218,0.9998206696579218,0.9998206696579218,0.9998206696579218,0.9998206696579218,0.9998206696579218,0.9998206696579218,0.0
8,strict_weight4_seed44,strict_frozen_weight4,44,calibration_select,support_val,Mirai UDP Flooding,city-power,seen_in_support,5,1.0,1.0,0.0,0.9998206696579218,0.9998206696579218,0.9998206696579218,0.9998206696579218,0.9998206696579218,0.9998206696579218,0.9998206696579219,1.1102230246251565e-16
8,strict_weight4_seed44,strict_frozen_weight4,44,calibration_select,support_val,Mirai UDP Flooding,ip-camera-museum,seen_in_support,6,1.0,1.0,0.0,0.9998206696579218,0.9998206696579218,0.9998206696579218,0.9998206696579218,0.9998206696579218,0.9998206696579218,0.9998206696579218,0.0
8,strict_weight4_seed44,strict_frozen_weight4,44,read_only,same_file_query,File Download,combined-cycle,seen_in_support,105,1.0,1.0,0.0,0.9998206696579218,0.9998206696579218,0.9998206696579218,0.9998206696579218,0.9998206696579218,0.9998206696579218,0.9998206696579218,0.0
8,strict_weight4_seed44,strict_frozen_weight4,44,read_only,same_file_query,Ingress Tool Transfer,combined-cycle,seen_in_support,2381,0.008399832003359933,0.008399832003359933,0.0,2.939835892077895e-05,2.939835892077895e-05,2.939835892077895e-05,2.939835892077895e-05,2.939835892077895e-05,0.9998206696579218,0.008427477076258039,0.0912458112525343
8,strict_weight4_seed44,strict_frozen_weight4,44,read_only,same_file_query,Merlin C&C Communication,ip-camera-museum,seen_in_support,6827,0.9504906986963527,0.9504906986963527,0.0,2.939835892077895e-05,0.9998206696579218,0.9998206696579218,0.9998206696579218,0.9998206696579218,0.9998206696579218,0.950321702366423,0.21688358092172488
8,strict_weight4_seed44,strict_frozen_weight4,44,read_only,same_file_query,Merlin ICMP Flooding,city-power,seen_in_support,6680,0.9651197604790419,0.9651197604790419,0.0,2.939835892077895e-05,0.9998206696579218,0.9998206696579218,0.9998206696579218,0.9998206696579218,0.9998206696579218,0.9649477106440495,0.18343815512606468
8,strict_weight4_seed44,strict_frozen_weight4,44,read_only,same_file_query,Merlin ICMP Flooding,ip-camera-museum,seen_in_support,7038,0.998437055981813,0.998437055981813,0.0,2.939835892077895e-05,0.9998206696579218,0.9998206696579218,0.9998206696579218,0.9998206696579218,0.9998206696579218,0.9982580518710095,0.03949493447751926
8,strict_weight4_seed44,strict_frozen_weight4,44,read_only,same_file_query,Merlin TCP Flooding,city-power,seen_in_support,12000,0.9998333333333334,0.9998333333333334,0.0,2.939835892077895e-05,0.9998206696579218,0.9998206696579218,0.9998206696579218,0.9998206696579218,0.9998206696579218,0.999654037779372,0.012906174162443712
8,strict_weight4_seed44,strict_frozen_weight4,44,read_only,same_file_query,Merlin TCP Flooding,ip-camera-museum,seen_in_support,12000,1.0,1.0,0.0,0.9998206696579218,0.9998206696579218,0.9998206696579218,0.9998206696579218,0.9998206696579218,0.9998206696579218,0.9998206696579218,0.0
8,strict_weight4_seed44,strict_frozen_weight4,44,read_only,same_file_query,Merlin UDP Flooding,city-power,seen_in_support,3250,1.0,1.0,0.0,0.9998206696579218,0.9998206696579218,0.9998206696579218,0.9998206696579218,0.9998206696579218,0.9998206696579218,0.9998206696579218,0.0
8,strict_weight4_seed44,strict_frozen_weight4,44,read_only,same_file_query,Merlin UDP Flooding,ip-camera-museum,seen_in_support,3292,1.0,1.0,0.0,0.9998206696579218,0.9998206696579218,0.9998206696579218,0.9998206696579218,0.9998206696579218,0.9998206696579218,0.9998206696579217,1.1102230246251565e-16
8,strict_weight4_seed44,strict_frozen_weight4,44,read_only,same_file_query,Mirai C&C Communication,ip-camera-museum,seen_in_support,106,0.009433962264150943,0.009433962264150943,0.0,2.939835892077895e-05,2.939835892077895e-05,2.939835892077895e-05,2.939835892077895e-05,2.939835892077895e-05,0.9998206696579218,0.009461391484383054,0.09664916918148132
8,strict_weight4_seed44,strict_frozen_weight4,44,read_only,same_file_query,Mirai GRE Flooding,city-power,seen_in_support,12000,1.0,1.0,0.0,0.9998206696579218,0.9998206696579218,0.9998206696579218,0.9998206696579218,0.9998206696579218,0.9998206696579218,0.9998206696579218,0.0
8,strict_weight4_seed44,strict_frozen_weight4,44,read_only,same_file_query,Mirai GRE Flooding,ip-camera-museum,seen_in_support,12000,1.0,1.0,0.0,0.9998206696579218,0.9998206696579218,0.9998206696579218,0.9998206696579218,0.9998206696579218,0.9998206696579218,0.9998206696579218,0.0
8,strict_weight4_seed44,strict_frozen_weight4,44,read_only,same_file_query,Mirai TCP Flooding,city-power,seen_in_support,12000,1.0,1.0,0.0,0.9998206696579218,0.9998206696579218,0.9998206696579218,0.9998206696579218,0.9998206696579218,0.9998206696579218,0.9998206696579218,0.0
8,strict_weight4_seed44,strict_frozen_weight4,44,read_only,same_file_query,Mirai TCP Flooding,ip-camera-museum,seen_in_support,12000,1.0,1.0,0.0,0.9998206696579218,0.9998206696579218,0.9998206696579218,0.9998206696579218,0.9998206696579218,0.9998206696579218,0.9998206696579218,0.0
8,strict_weight4_seed44,strict_frozen_weight4,44,read_only,same_file_query,Mirai UDP Flooding,city-power,seen_in_support,12000,0.9999166666666667,0.9999166666666667,0.0,2.939835892077895e-05,0.9998206696579218,0.9998206696579218,0.9998206696579218,0.9998206696579218,0.9998206696579218,0.9997373537186468,0.009126423576703098
8,strict_weight4_seed44,strict_frozen_weight4,44,read_only,same_file_query,Mirai UDP Flooding,ip-camera-museum,seen_in_support,12000,1.0,1.0,0.0,0.9998206696579218,0.9998206696579218,0.9998206696579218,0.9998206696579218,0.9998206696579218,0.9998206696579218,0.9998206696579218,0.0
8,strict_weight4_seed44,strict_frozen_weight4,44,read_only,future_query,C&C Communication,building-monitor,unseen_in_support,84,0.08333333333333333,0.08333333333333333,0.0,2.939835892077895e-05,2.939835892077895e-05,2.939835892077895e-05,0.9998206696579218,0.9998206696579218,0.9998206696579218,0.08334533763383753,0.27632770963093395
8,strict_weight4_seed44,strict_frozen_weight4,44,read_only,future_query,C&C Communication,combined-cycle,unseen_in_support,90,0.07777777777777778,0.07777777777777778,0.0,2.939835892077895e-05,2.939835892077895e-05,2.939835892077895e-05,0.9998206696579218,0.9998206696579218,0.9998206696579218,0.07779094168217641,0.26776567113301797
8,strict_weight4_seed44,strict_frozen_weight4,44,read_only,future_query,C&C Communication,domotic-monitor,unseen_in_support,82,0.08536585365853659,0.08536585365853659,0.0,2.939835892077895e-05,2.939835892077895e-05,2.939835892077895e-05,0.9998206696579218,0.9998206696579218,0.9998206696579218,0.08537743371371355,0.2793670231636465
8,strict_weight4_seed44,strict_frozen_weight4,44,read_only,future_query,CoAP Amplification,combined-cycle,unseen_in_support,12000,0.39508333333333334,0.39508333333333334,0.0,2.939835892077895e-05,2.939835892077895e-05,0.9998206696579218,0.9998206696579218,0.9998206696579218,0.9998206696579218,0.39503026646130107,0.4887665437431798
8,strict_weight4_seed44,strict_frozen_weight4,44,read_only,future_query,File Download,building-monitor,seen_in_support,1191,1.0,1.0,0.0,0.9998206696579218,0.9998206696579218,0.9998206696579218,0.9998206696579218,0.9998206696579218,0.9998206696579218,0.9998206696579219,1.1102230246251565e-16
8,strict_weight4_seed44,strict_frozen_weight4,44,read_only,future_query,File Download,domotic-monitor,seen_in_support,1187,1.0,1.0,0.0,0.9998206696579218,0.9998206696579218,0.9998206696579218,0.9998206696579218,0.9998206696579218,0.9998206696579218,0.999820669657922,2.220446049250313e-16
8,strict_weight4_seed44,strict_frozen_weight4,44,read_only,future_query,Ingress Tool Transfer,air-quality,seen_in_support,109,0.46788990825688076,0.46788990825688076,0.0,2.939835892077895e-05,2.939835892077895e-05,0.9998206696579218,0.9998206696579218,0.9998206696579218,0.9998206696579218,0.4678216445630405,0.49886372781305355
8,strict_weight4_seed44,strict_frozen_weight4,44,read_only,future_query,Ingress Tool Transfer,building-monitor,seen_in_support,3754,0.06233351092168354,0.05887053809270112,0.0,2.939835892077895e-05,2.939835892077895e-05,2.939835892077895e-05,0.9998206696579218,0.9998206696579218,0.9998206696579218,0.05888764848067869,0.23533310669829585
8,strict_weight4_seed44,strict_frozen_weight4,44,read_only,future_query,Ingress Tool Transfer,city-power,seen_in_support,105,0.5428571428571428,0.5428571428571428,0.0,2.939835892077895e-05,0.9998206696579218,0.9998206696579218,0.9998206696579218,0.9998206696579218,0.9998206696579218,0.542773231349807,0.4980558989973031
8,strict_weight4_seed44,strict_frozen_weight4,44,read_only,future_query,Ingress Tool Transfer,domotic-monitor,seen_in_support,3678,0.06661228928765633,0.06606851549755302,0.0,2.939835892077895e-05,2.939835892077895e-05,2.939835892077895e-05,0.9998206696579218,0.9998206696579218,0.9998206696579218,0.06608412346105706,0.24834997659925817
8,strict_weight4_seed44,strict_frozen_weight4,44,read_only,future_query,Ingress Tool Transfer,ip-camera-museum,seen_in_support,108,0.4537037037037037,0.4537037037037037,0.0,2.939835892077895e-05,2.939835892077895e-05,0.9998206696579218,0.9998206696579218,0.9998206696579218,0.9998206696579218,0.453638401077912,0.49774812320427125
8,strict_weight4_seed44,strict_frozen_weight4,44,read_only,future_query,Merlin C&C Communication,building-monitor,seen_in_support,9657,0.8993476234855545,0.8993476234855545,0.0,2.939835892077895e-05,0.9998206696579218,0.9998206696579218,0.9998206696579218,0.9998206696579218,0.9998206696579218,0.8991893021832787,0.3008050709350056
8,strict_weight4_seed44,strict_frozen_weight4,44,read_only,future_query,Merlin C&C Communication,combined-cycle,seen_in_support,9933,0.8019732205778718,0.8019732205778718,0.0,2.939835892077895e-05,0.9998206696579218,0.9998206696579218,0.9998206696579218,0.9998206696579218,0.9998206696579218,0.8018352241082254,0.39842927058051136
8,strict_weight4_seed44,strict_frozen_weight4,44,read_only,future_query,Merlin ICMP Flooding,building-monitor,seen_in_support,9150,0.9987978142076502,0.9987978142076502,0.0,2.939835892077895e-05,0.9998206696579218,0.9998206696579218,0.9998206696579218,0.9998206696579218,0.9998206696579218,0.9986187347962509,0.034644470496124895
8,strict_weight4_seed44,strict_frozen_weight4,44,read_only,future_query,Merlin ICMP Flooding,combined-cycle,seen_in_support,9042,0.9987834549878345,0.9987834549878345,0.0,2.939835892077895e-05,0.9998206696579218,0.9998206696579218,0.9998206696579218,0.9998206696579218,0.9998206696579218,0.9986043785736165,0.03485050710456779
8,strict_weight4_seed44,strict_frozen_weight4,44,read_only,future_query,Merlin ICMP Flooding,domotic-monitor,seen_in_support,9793,0.01960584090677014,0.01960584090677014,0.0,2.939835892077895e-05,2.939835892077895e-05,2.939835892077895e-05,2.939835892077895e-05,0.9998206696579218,0.9998206696579218,0.019631146963986462,0.13861251245528244
8,strict_weight4_seed44,strict_frozen_weight4,44,read_only,future_query,Merlin TCP Flooding,building-monitor,seen_in_support,12000,0.9990833333333333,0.9990833333333333,0.0,2.939835892077895e-05,0.9998206696579218,0.9998206696579218,0.9998206696579218,0.9998206696579218,0.9998206696579218,0.9989041943258977,0.03025630695052397
8,strict_weight4_seed44,strict_frozen_weight4,44,read_only,future_query,Merlin TCP Flooding,combined-cycle,seen_in_support,12000,0.9981666666666666,0.9981666666666666,0.0,2.939835892077895e-05,0.9998206696579218,0.9998206696579218,0.9998206696579218,0.9998206696579218,0.9998206696579218,0.9979877189938735,0.04276924556851842
8,strict_weight4_seed44,strict_frozen_weight4,44,read_only,future_query,Merlin TCP Flooding,domotic-monitor,seen_in_support,12000,0.9996666666666667,0.9996666666666667,0.0,2.939835892077895e-05,0.9998206696579218,0.9998206696579218,0.9998206696579218,0.9998206696579218,0.9998206696579218,0.9994874059008221,0.01825056521472037
8,strict_weight4_seed44,strict_frozen_weight4,44,read_only,future_query,Merlin UDP Flooding,building-monitor,seen_in_support,5000,0.9998,0.9998,0.0,2.939835892077895e-05,0.9998206696579218,0.9998206696579218,0.9998206696579218,0.9998206696579218,0.9998206696579218,0.999620711403662,0.014137769765054455
8,strict_weight4_seed44,strict_frozen_weight4,44,read_only,future_query,Merlin UDP Flooding,combined-cycle,seen_in_support,5000,1.0,1.0,0.0,0.9998206696579218,0.9998206696579218,0.9998206696579218,0.9998206696579218,0.9998206696579218,0.9998206696579218,0.9998206696579218,0.0
8,strict_weight4_seed44,strict_frozen_weight4,44,read_only,future_query,Merlin UDP Flooding,domotic-monitor,seen_in_support,5000,0.9998,0.9998,0.0,2.939835892077895e-05,0.9998206696579218,0.9998206696579218,0.9998206696579218,0.9998206696579218,0.9998206696579218,0.999620711403662,0.014137769765054455
8,strict_weight4_seed44,strict_frozen_weight4,44,read_only,future_query,Mirai C&C Communication,building-monitor,seen_in_support,358,0.0111731843575419,0.0111731843575419,0.0,2.939835892077895e-05,2.939835892077895e-05,2.939835892077895e-05,2.939835892077895e-05,0.42993964501749804,0.9998206696579218,0.011200250552205707,0.10508916488912332
8,strict_weight4_seed44,strict_frozen_weight4,44,read_only,future_query,Mirai C&C Communication,combined-cycle,seen_in_support,358,0.019553072625698324,0.019553072625698324,0.0,2.939835892077895e-05,2.939835892077895e-05,2.939835892077895e-05,2.939835892077895e-05,0.9998206696579218,0.9998206696579218,0.019578389697169404,0.1384295771876005
8,strict_weight4_seed44,strict_frozen_weight4,44,read_only,future_query,Mirai GRE Flooding,building-monitor,seen_in_support,12000,1.0,1.0,0.0,0.9998206696579218,0.9998206696579218,0.9998206696579218,0.9998206696579218,0.9998206696579218,0.9998206696579218,0.9998206696579218,0.0
8,strict_weight4_seed44,strict_frozen_weight4,44,read_only,future_query,Mirai GRE Flooding,combined-cycle,seen_in_support,12000,1.0,1.0,0.0,0.9998206696579218,0.9998206696579218,0.9998206696579218,0.9998206696579218,0.9998206696579218,0.9998206696579218,0.9998206696579218,0.0
8,strict_weight4_seed44,strict_frozen_weight4,44,read_only,future_query,Mirai GRE Flooding,domotic-monitor,seen_in_support,12000,1.0,1.0,0.0,0.9998206696579218,0.9998206696579218,0.9998206696579218,0.9998206696579218,0.9998206696579218,0.9998206696579218,0.9998206696579218,0.0
8,strict_weight4_seed44,strict_frozen_weight4,44,read_only,future_query,Mirai TCP Flooding,building-monitor,seen_in_support,12000,1.0,1.0,0.0,0.9998206696579218,0.9998206696579218,0.9998206696579218,0.9998206696579218,0.9998206696579218,0.9998206696579218,0.9998206696579218,0.0
8,strict_weight4_seed44,strict_frozen_weight4,44,read_only,future_query,Mirai TCP Flooding,combined-cycle,seen_in_support,12000,1.0,1.0,0.0,0.9998206696579218,0.9998206696579218,0.9998206696579218,0.9998206696579218,0.9998206696579218,0.9998206696579218,0.9998206696579218,0.0
8,strict_weight4_seed44,strict_frozen_weight4,44,read_only,future_query,Mirai TCP Flooding,domotic-monitor,seen_in_support,12000,1.0,1.0,0.0,0.9998206696579218,0.9998206696579218,0.9998206696579218,0.9998206696579218,0.9998206696579218,0.9998206696579218,0.9998206696579218,0.0
8,strict_weight4_seed44,strict_frozen_weight4,44,read_only,future_query,Mirai UDP Flooding,building-monitor,seen_in_support,12000,0.48133333333333334,0.48133333333333334,0.0,2.939835892077895e-05,2.939835892077895e-05,0.9998206696579218,0.9998206696579218,0.9998206696579218,0.9998206696579218,0.4812622636108399,0.4995471424625562
8,strict_weight4_seed44,strict_frozen_weight4,44,read_only,future_query,Mirai UDP Flooding,combined-cycle,seen_in_support,12000,0.31716666666666665,0.31716666666666665,0.0,2.939835892077895e-05,2.939835892077895e-05,0.9998206696579218,0.9998206696579218,0.9998206696579218,0.9998206696579218,0.31712986323925396,0.46527580216994857
8,strict_weight4_seed44,strict_frozen_weight4,44,read_only,future_query,Mirai UDP Flooding,domotic-monitor,seen_in_support,12000,1.0,1.0,0.0,0.9998206696579218,0.9998206696579218,0.9998206696579218,0.9998206696579218,0.9998206696579218,0.9998206696579218,0.9998206696579218,0.0
8,strict_weight4_seed44,strict_frozen_weight4,44,read_only,future_query,Reporting,building-monitor,unseen_in_support,88,0.09090909090909091,0.09090909090909091,0.0,2.939835892077895e-05,2.939835892077895e-05,2.939835892077895e-05,0.9998206696579218,0.9998206696579218,0.9998206696579218,0.09091951393155724,0.2874197820054704
8,strict_weight4_seed44,strict_frozen_weight4,44,read_only,future_query,Reporting,combined-cycle,unseen_in_support,64,0.125,0.125,0.0,2.939835892077895e-05,2.939835892077895e-05,0.9998206696579218,0.9998206696579218,0.9998206696579218,0.9998206696579218,0.1250033072712959,0.3306498833537832
8,strict_weight4_seed44,strict_frozen_weight4,44,read_only,future_query,Reporting,domotic-monitor,unseen_in_support,72,0.0,0.0,0.0,2.939835892077895e-05,2.939835892077895e-05,2.939835892077895e-05,2.939835892077895e-05,2.939835892077895e-05,2.939835892077895e-05,2.939835892077895e-05,0.0
8,strict_weight4_seed44,strict_frozen_weight4,44,read_only,future_query,TCP Scan,air-quality,unseen_in_support,12000,0.21716666666666667,0.21641666666666667,0.0,2.939835892077895e-05,2.939835892077895e-05,0.9998206696579218,0.9998206696579218,0.9998206696579218,0.9998206696579218,0.21640089265587956,0.41171556663760256
8,strict_weight4_seed44,strict_frozen_weight4,44,read_only,future_query,TCP Scan,building-monitor,unseen_in_support,12000,0.34741666666666665,0.3443333333333333,0.0,2.939835892077895e-05,2.939835892077895e-05,0.9998206696579218,0.9998206696579218,0.9998206696579218,0.9998206696579218,0.34429085944287674,0.47505120802785017
8,strict_weight4_seed44,strict_frozen_weight4,44,read_only,future_query,TCP Scan,city-power,unseen_in_support,12000,0.14858333333333335,0.14791666666666667,0.0,2.939835892077895e-05,2.939835892077895e-05,0.9998206696579218,0.9998206696579218,0.9998206696579218,0.9998206696579218,0.147915190571898,0.35494325837408514
8,strict_weight4_seed44,strict_frozen_weight4,44,read_only,future_query,TCP Scan,combined-cycle,unseen_in_support,12000,0.22733333333333333,0.22725,0.0,2.939835892077895e-05,2.939835892077895e-05,0.9998206696579218,0.9998206696579218,0.9998206696579218,0.9998206696579218,0.22723196476161872,0.4189679421222782
8,strict_weight4_seed44,strict_frozen_weight4,44,read_only,future_query,TCP Scan,domotic-monitor,unseen_in_support,12000,0.19925,0.19708333333333333,0.0,2.939835892077895e-05,2.939835892077895e-05,0.9998206696579218,0.9998206696579218,0.9998206696579218,0.9998206696579218,0.19707159474409888,0.3977127617605319
8,strict_weight4_seed44,strict_frozen_weight4,44,read_only,future_query,TCP Scan,ip-camera-museum,unseen_in_support,12000,0.931,0.9215833333333333,0.0,2.939835892077895e-05,0.9998206696579218,0.9998206696579218,0.9998206696579218,0.9998206696579218,0.9998206696579218,0.9214203708002251,0.2687700273545806
8,strict_weight4_seed44,strict_frozen_weight4,44,read_only,future_query,Telnet Brute Force,air-quality,unseen_in_support,12000,0.00675,0.00675,0.0,2.939835892077895e-05,2.939835892077895e-05,2.939835892077895e-05,2.939835892077895e-05,2.939835892077895e-05,0.9998206696579218,0.006777989440189034,0.08186353874000388
8,strict_weight4_seed44,strict_frozen_weight4,44,read_only,future_query,Telnet Brute Force,building-monitor,unseen_in_support,12000,0.06658333333333333,0.06166666666666667,0.0,2.939835892077895e-05,2.939835892077895e-05,2.939835892077895e-05,0.9998206696579218,0.9998206696579218,0.9998206696579218,0.06168319342235917,0.24049893076926285
8,strict_weight4_seed44,strict_frozen_weight4,44,read_only,future_query,Telnet Brute Force,city-power,unseen_in_support,12000,0.00825,0.00825,0.0,2.939835892077895e-05,2.939835892077895e-05,2.939835892077895e-05,2.939835892077895e-05,2.939835892077895e-05,0.9998206696579218,0.008277676347137535,0.09043518256793591
8,strict_weight4_seed44,strict_frozen_weight4,44,read_only,future_query,Telnet Brute Force,combined-cycle,unseen_in_support,12000,0.035333333333333335,0.03383333333333333,0.0,2.939835892077895e-05,2.939835892077895e-05,2.939835892077895e-05,2.939835892077895e-05,0.9998206696579218,0.9998206696579218,0.033855669704536975,0.1807622587787377
8,strict_weight4_seed44,strict_frozen_weight4,44,read_only,future_query,Telnet Brute Force,domotic-monitor,unseen_in_support,12000,0.036,0.03216666666666667,0.0,2.939835892077895e-05,2.939835892077895e-05,2.939835892077895e-05,2.939835892077895e-05,0.9998206696579218,0.9998206696579218,0.03218935091903864,0.17640571789578358
8,strict_weight4_seed44,strict_frozen_weight4,44,read_only,future_query,Telnet Brute Force,ip-camera-museum,unseen_in_support,12000,0.9921666666666666,0.992,0.0,2.939835892077895e-05,0.9998206696579218,0.9998206696579218,0.9998206696579218,0.9998206696579218,0.9998206696579218,0.9918223394875297,0.08906563536971361
8,strict_weight4_seed44,strict_frozen_weight4,44,read_only,future_query,UDP Scan,combined-cycle,unseen_in_support,4242,0.008486562942008486,0.008486562942008486,0.0,2.939835892077895e-05,2.939835892077895e-05,2.939835892077895e-05,2.939835892077895e-05,2.939835892077895e-05,0.9998206696579218,0.008514189911670434,0.09171166144791507
8,strict_weight4_seed44,strict_frozen_weight4,44,report_only,sealed_final_attack,C&C Communication,ip-camera-street,unseen_in_support,90,0.07777777777777778,0.07777777777777778,0.0,2.939835892077895e-05,2.939835892077895e-05,2.939835892077895e-05,0.9998206696579218,0.9998206696579218,0.9998206696579218,0.07779094168217641,0.26776567113301797
8,strict_weight4_seed44,strict_frozen_weight4,44,report_only,sealed_final_attack,File Download,ip-camera-street,seen_in_support,1231,1.0,1.0,0.0,0.9998206696579218,0.9998206696579218,0.9998206696579218,0.9998206696579218,0.9998206696579218,0.9998206696579218,0.999820669657922,2.220446049250313e-16
8,strict_weight4_seed44,strict_frozen_weight4,44,report_only,sealed_final_attack,Ingress Tool Transfer,ip-camera-street,seen_in_support,3702,0.21501890869800108,0.21231766612641814,0.0,2.939835892077895e-05,2.939835892077895e-05,0.9998206696579218,0.9998206696579218,0.9998206696579218,0.9998206696579218,0.21230274769468924,0.40886313964098026
8,strict_weight4_seed44,strict_frozen_weight4,44,report_only,sealed_final_attack,Merlin ICMP Flooding,ip-camera-street,seen_in_support,10011,0.9989012086704625,0.9989012086704625,0.0,2.939835892077895e-05,0.9998206696579218,0.9998206696579218,0.9998206696579218,0.9998206696579218,0.9998206696579218,0.9987221076776712,0.033122889976737666
8,strict_weight4_seed44,strict_frozen_weight4,44,report_only,sealed_final_attack,Merlin TCP Flooding,ip-camera-street,seen_in_support,15000,0.9066666666666666,0.9066666666666666,0.0,2.939835892077895e-05,0.9998206696579218,0.9998206696579218,0.9998206696579218,0.9998206696579218,0.9998206696579218,0.9065068176700152,0.29083827075537216
8,strict_weight4_seed44,strict_frozen_weight4,44,report_only,sealed_final_attack,Merlin UDP Flooding,ip-camera-street,seen_in_support,4996,0.9997998398718975,0.9997998398718975,0.0,2.939835892077895e-05,0.9998206696579218,0.9998206696579218,0.9998206696579218,0.9998206696579218,0.9998206696579218,0.9996205513089829,0.014143427135682113
8,strict_weight4_seed44,strict_frozen_weight4,44,report_only,sealed_final_attack,Mirai GRE Flooding,ip-camera-street,seen_in_support,15000,1.0,1.0,0.0,0.9998206696579218,0.9998206696579218,0.9998206696579218,0.9998206696579218,0.9998206696579218,0.9998206696579218,0.9998206696579218,0.0
8,strict_weight4_seed44,strict_frozen_weight4,44,report_only,sealed_final_attack,Mirai TCP Flooding,ip-camera-street,seen_in_support,15000,0.9998666666666667,0.9998666666666667,0.0,2.939835892077895e-05,0.9998206696579218,0.9998206696579218,0.9998206696579218,0.9998206696579218,0.9998206696579218,0.999687364155082,0.01154382552702247
8,strict_weight4_seed44,strict_frozen_weight4,44,report_only,sealed_final_attack,Mirai UDP Flooding,ip-camera-street,seen_in_support,15000,1.0,1.0,0.0,0.9998206696579218,0.9998206696579218,0.9998206696579218,0.9998206696579218,0.9998206696579218,0.9998206696579218,0.9998206696579218,0.0
8,strict_weight4_seed44,strict_frozen_weight4,44,report_only,sealed_final_attack,Reporting,ip-camera-street,unseen_in_support,74,0.14864864864864866,0.14864864864864866,0.0,2.939835892077895e-05,2.939835892077895e-05,0.9998206696579218,0.9998206696579218,0.9998206696579218,0.9998206696579218,0.14864701976823175,0.3556675459651714
8,strict_weight4_seed44,strict_frozen_weight4,44,report_only,sealed_final_attack,TCP Scan,ip-camera-street,unseen_in_support,15000,0.2743333333333333,0.2743333333333333,0.0,2.939835892077895e-05,2.939835892077895e-05,0.9998206696579218,0.9998206696579218,0.9998206696579218,0.9998206696579218,0.2743054704519467,0.4460845873620878
8,strict_weight4_seed44,strict_frozen_weight4,44,report_only,sealed_final_attack,Telnet Brute Force,ip-camera-street,unseen_in_support,15000,0.3015333333333333,0.30146666666666666,0.0,2.939835892077895e-05,2.939835892077895e-05,0.9998206696579218,0.9998206696579218,0.9998206696579218,0.9998206696579218,0.3014331402798596,0.4587991005499766
9,strict_weight4_seed45,strict_frozen_weight4,45,calibration_select,support_val,File Download,combined-cycle,seen_in_support,3,1.0,1.0,0.0,0.9998206696579218,0.9998206696579218,0.9998206696579218,0.9998206696579218,0.9998206696579218,0.9998206696579218,0.9998206696579218,0.0
9,strict_weight4_seed45,strict_frozen_weight4,45,calibration_select,support_val,Ingress Tool Transfer,combined-cycle,seen_in_support,3,0.6666666666666666,0.6666666666666666,0.0,2.939835892077895e-05,0.9998206696579218,0.9998206696579218,0.9998206696579218,0.9998206696579218,0.9998206696579218,0.6665569125582548,0.47130612513776193
9,strict_weight4_seed45,strict_frozen_weight4,45,calibration_select,support_val,Merlin C&C Communication,ip-camera-museum,seen_in_support,5,1.0,1.0,0.0,0.9998206696579218,0.9998206696579218,0.9998206696579218,0.9998206696579218,0.9998206696579218,0.9998206696579218,0.9998206696579219,1.1102230246251565e-16
9,strict_weight4_seed45,strict_frozen_weight4,45,calibration_select,support_val,Merlin ICMP Flooding,city-power,seen_in_support,1,1.0,1.0,0.0,0.9998206696579218,0.9998206696579218,0.9998206696579218,0.9998206696579218,0.9998206696579218,0.9998206696579218,0.9998206696579218,0.0
9,strict_weight4_seed45,strict_frozen_weight4,45,calibration_select,support_val,Merlin ICMP Flooding,ip-camera-museum,seen_in_support,7,1.0,1.0,0.0,0.9998206696579218,0.9998206696579218,0.9998206696579218,0.9998206696579218,0.9998206696579218,0.9998206696579218,0.9998206696579218,0.0
9,strict_weight4_seed45,strict_frozen_weight4,45,calibration_select,support_val,Merlin TCP Flooding,city-power,seen_in_support,6,1.0,1.0,0.0,0.9998206696579218,0.9998206696579218,0.9998206696579218,0.9998206696579218,0.9998206696579218,0.9998206696579218,0.9998206696579218,0.0
9,strict_weight4_seed45,strict_frozen_weight4,45,calibration_select,support_val,Merlin TCP Flooding,ip-camera-museum,seen_in_support,5,1.0,1.0,0.0,0.9998206696579218,0.9998206696579218,0.9998206696579218,0.9998206696579218,0.9998206696579218,0.9998206696579218,0.9998206696579219,1.1102230246251565e-16
9,strict_weight4_seed45,strict_frozen_weight4,45,calibration_select,support_val,Merlin UDP Flooding,city-power,seen_in_support,3,1.0,1.0,0.0,0.9998206696579218,0.9998206696579218,0.9998206696579218,0.9998206696579218,0.9998206696579218,0.9998206696579218,0.9998206696579218,0.0
9,strict_weight4_seed45,strict_frozen_weight4,45,calibration_select,support_val,Merlin UDP Flooding,ip-camera-museum,seen_in_support,3,1.0,1.0,0.0,0.9998206696579218,0.9998206696579218,0.9998206696579218,0.9998206696579218,0.9998206696579218,0.9998206696579218,0.9998206696579218,0.0
9,strict_weight4_seed45,strict_frozen_weight4,45,calibration_select,support_val,Mirai C&C Communication,ip-camera-museum,seen_in_support,2,0.0,0.0,0.0,2.939835892077895e-05,2.939835892077895e-05,2.939835892077895e-05,2.939835892077895e-05,2.939835892077895e-05,2.939835892077895e-05,2.939835892077895e-05,0.0
9,strict_weight4_seed45,strict_frozen_weight4,45,calibration_select,support_val,Mirai GRE Flooding,city-power,seen_in_support,4,1.0,1.0,0.0,0.9998206696579218,0.9998206696579218,0.9998206696579218,0.9998206696579218,0.9998206696579218,0.9998206696579218,0.9998206696579218,0.0
9,strict_weight4_seed45,strict_frozen_weight4,45,calibration_select,support_val,Mirai GRE Flooding,ip-camera-museum,seen_in_support,6,1.0,1.0,0.0,0.9998206696579218,0.9998206696579218,0.9998206696579218,0.9998206696579218,0.9998206696579218,0.9998206696579218,0.9998206696579218,0.0
9,strict_weight4_seed45,strict_frozen_weight4,45,calibration_select,support_val,Mirai TCP Flooding,city-power,seen_in_support,4,1.0,1.0,0.0,0.9998206696579218,0.9998206696579218,0.9998206696579218,0.9998206696579218,0.9998206696579218,0.9998206696579218,0.9998206696579218,0.0
9,strict_weight4_seed45,strict_frozen_weight4,45,calibration_select,support_val,Mirai TCP Flooding,ip-camera-museum,seen_in_support,6,1.0,1.0,0.0,0.9998206696579218,0.9998206696579218,0.9998206696579218,0.9998206696579218,0.9998206696579218,0.9998206696579218,0.9998206696579218,0.0
9,strict_weight4_seed45,strict_frozen_weight4,45,calibration_select,support_val,Mirai UDP Flooding,city-power,seen_in_support,5,1.0,1.0,0.0,0.9998206696579218,0.9998206696579218,0.9998206696579218,0.9998206696579218,0.9998206696579218,0.9998206696579218,0.9998206696579219,1.1102230246251565e-16
9,strict_weight4_seed45,strict_frozen_weight4,45,calibration_select,support_val,Mirai UDP Flooding,ip-camera-museum,seen_in_support,6,1.0,1.0,0.0,0.9998206696579218,0.9998206696579218,0.9998206696579218,0.9998206696579218,0.9998206696579218,0.9998206696579218,0.9998206696579218,0.0
9,strict_weight4_seed45,strict_frozen_weight4,45,read_only,same_file_query,File Download,combined-cycle,seen_in_support,105,1.0,1.0,0.0,0.9998206696579218,0.9998206696579218,0.9998206696579218,0.9998206696579218,0.9998206696579218,0.9998206696579218,0.9998206696579218,0.0
9,strict_weight4_seed45,strict_frozen_weight4,45,read_only,same_file_query,Ingress Tool Transfer,combined-cycle,seen_in_support,2381,0.0,0.0,0.0,2.939835892077895e-05,2.939835892077895e-05,2.939835892077895e-05,2.939835892077895e-05,2.939835892077895e-05,2.939835892077895e-05,2.9398358920778954e-05,3.3881317890172014e-21
9,strict_weight4_seed45,strict_frozen_weight4,45,read_only,same_file_query,Merlin C&C Communication,ip-camera-museum,seen_in_support,6827,0.9790537571407646,0.9614764904057419,0.0,2.939835892077895e-05,0.9998206696579218,0.9998206696579218,0.9998206696579218,0.9998206696579218,0.9998206696579218,0.9613052010257793,0.19241618441402755
9,strict_weight4_seed45,strict_frozen_weight4,45,read_only,same_file_query,Merlin ICMP Flooding,city-power,seen_in_support,6680,0.9525449101796407,0.9525449101796407,0.0,2.939835892077895e-05,0.9998206696579218,0.9998206696579218,0.9998206696579218,0.9998206696579218,0.9998206696579218,0.9523754850768167,0.21256583890508807
9,strict_weight4_seed45,strict_frozen_weight4,45,read_only,same_file_query,Merlin ICMP Flooding,ip-camera-museum,seen_in_support,7038,0.998437055981813,0.998437055981813,0.0,2.939835892077895e-05,0.9998206696579218,0.9998206696579218,0.9998206696579218,0.9998206696579218,0.9998206696579218,0.9982580518710095,0.03949493447751926
9,strict_weight4_seed45,strict_frozen_weight4,45,read_only,same_file_query,Merlin TCP Flooding,city-power,seen_in_support,12000,0.9998333333333334,0.9998333333333334,0.0,2.939835892077895e-05,0.9998206696579218,0.9998206696579218,0.9998206696579218,0.9998206696579218,0.9998206696579218,0.999654037779372,0.012906174162443712
9,strict_weight4_seed45,strict_frozen_weight4,45,read_only,same_file_query,Merlin TCP Flooding,ip-camera-museum,seen_in_support,12000,1.0,1.0,0.0,0.9998206696579218,0.9998206696579218,0.9998206696579218,0.9998206696579218,0.9998206696579218,0.9998206696579218,0.9998206696579218,0.0
9,strict_weight4_seed45,strict_frozen_weight4,45,read_only,same_file_query,Merlin UDP Flooding,city-power,seen_in_support,3250,1.0,1.0,0.0,0.9998206696579218,0.9998206696579218,0.9998206696579218,0.9998206696579218,0.9998206696579218,0.9998206696579218,0.9998206696579218,0.0
9,strict_weight4_seed45,strict_frozen_weight4,45,read_only,same_file_query,Merlin UDP Flooding,ip-camera-museum,seen_in_support,3292,1.0,1.0,0.0,0.9998206696579218,0.9998206696579218,0.9998206696579218,0.9998206696579218,0.9998206696579218,0.9998206696579218,0.9998206696579217,1.1102230246251565e-16
9,strict_weight4_seed45,strict_frozen_weight4,45,read_only,same_file_query,Mirai C&C Communication,ip-camera-museum,seen_in_support,106,0.37735849056603776,0.37735849056603776,0.0,2.939835892077895e-05,2.939835892077895e-05,0.9998206696579218,0.9998206696579218,0.9998206696579218,0.9998206696579218,0.3773091233774116,0.48462458150773413
9,strict_weight4_seed45,strict_frozen_weight4,45,read_only,same_file_query,Mirai GRE Flooding,city-power,seen_in_support,12000,1.0,1.0,0.0,0.9998206696579218,0.9998206696579218,0.9998206696579218,0.9998206696579218,0.9998206696579218,0.9998206696579218,0.9998206696579218,0.0
9,strict_weight4_seed45,strict_frozen_weight4,45,read_only,same_file_query,Mirai GRE Flooding,ip-camera-museum,seen_in_support,12000,1.0,1.0,0.0,0.9998206696579218,0.9998206696579218,0.9998206696579218,0.9998206696579218,0.9998206696579218,0.9998206696579218,0.9998206696579218,0.0
9,strict_weight4_seed45,strict_frozen_weight4,45,read_only,same_file_query,Mirai TCP Flooding,city-power,seen_in_support,12000,1.0,1.0,0.0,0.9998206696579218,0.9998206696579218,0.9998206696579218,0.9998206696579218,0.9998206696579218,0.9998206696579218,0.9998206696579218,0.0
9,strict_weight4_seed45,strict_frozen_weight4,45,read_only,same_file_query,Mirai TCP Flooding,ip-camera-museum,seen_in_support,12000,1.0,1.0,0.0,0.9998206696579218,0.9998206696579218,0.9998206696579218,0.9998206696579218,0.9998206696579218,0.9998206696579218,0.9998206696579218,0.0
9,strict_weight4_seed45,strict_frozen_weight4,45,read_only,same_file_query,Mirai UDP Flooding,city-power,seen_in_support,12000,0.9999166666666667,0.9999166666666667,0.0,2.939835892077895e-05,0.9998206696579218,0.9998206696579218,0.9998206696579218,0.9998206696579218,0.9998206696579218,0.9997373537186468,0.009126423576703098
9,strict_weight4_seed45,strict_frozen_weight4,45,read_only,same_file_query,Mirai UDP Flooding,ip-camera-museum,seen_in_support,12000,1.0,1.0,0.0,0.9998206696579218,0.9998206696579218,0.9998206696579218,0.9998206696579218,0.9998206696579218,0.9998206696579218,0.9998206696579218,0.0
9,strict_weight4_seed45,strict_frozen_weight4,45,read_only,future_query,C&C Communication,building-monitor,unseen_in_support,84,0.08333333333333333,0.047619047619047616,0.0,2.939835892077895e-05,2.939835892077895e-05,2.939835892077895e-05,2.939835892077895e-05,0.9998206696579218,0.9998206696579218,0.04763850651601605,0.2129144043748096
9,strict_weight4_seed45,strict_frozen_weight4,45,read_only,future_query,C&C Communication,combined-cycle,unseen_in_support,90,0.07777777777777778,0.044444444444444446,0.0,2.939835892077895e-05,2.939835892077895e-05,2.939835892077895e-05,2.939835892077895e-05,0.9998206696579218,0.9998206696579218,0.04446456597220971,0.206037396114524
9,strict_weight4_seed45,strict_frozen_weight4,45,read_only,future_query,C&C Communication,domotic-monitor,unseen_in_support,82,0.08536585365853659,0.04878048780487805,0.0,2.939835892077895e-05,2.939835892077895e-05,2.939835892077895e-05,2.939835892077895e-05,0.9998206696579218,0.9998206696579218,0.04879970427594522,0.21536383961840685
9,strict_weight4_seed45,strict_frozen_weight4,45,read_only,future_query,CoAP Amplification,combined-cycle,unseen_in_support,12000,0.3898333333333333,0.35308333333333336,0.0,2.939835892077895e-05,2.939835892077895e-05,0.9998206696579218,0.9998206696579218,0.9998206696579218,0.9998206696579218,0.35303903306674306,0.47782857728350603
9,strict_weight4_seed45,strict_frozen_weight4,45,read_only,future_query,File Download,building-monitor,seen_in_support,1191,1.0,1.0,0.0,0.9998206696579218,0.9998206696579218,0.9998206696579218,0.9998206696579218,0.9998206696579218,0.9998206696579218,0.9998206696579219,1.1102230246251565e-16
9,strict_weight4_seed45,strict_frozen_weight4,45,read_only,future_query,File Download,domotic-monitor,seen_in_support,1187,1.0,1.0,0.0,0.9998206696579218,0.9998206696579218,0.9998206696579218,0.9998206696579218,0.9998206696579218,0.9998206696579218,0.999820669657922,2.220446049250313e-16
9,strict_weight4_seed45,strict_frozen_weight4,45,read_only,future_query,Ingress Tool Transfer,air-quality,seen_in_support,109,0.5779816513761468,0.5596330275229358,0.0,2.939835892077895e-05,0.9998206696579218,0.9998206696579218,0.9998206696579218,0.9998206696579218,0.9998206696579218,0.5595456144069856,0.4963275460160927
9,strict_weight4_seed45,strict_frozen_weight4,45,read_only,future_query,Ingress Tool Transfer,building-monitor,seen_in_support,3754,0.03569525839104955,0.02663825253063399,0.0,2.939835892077895e-05,2.939835892077895e-05,2.939835892077895e-05,2.939835892077895e-05,0.9998206696579218,0.9998206696579218,0.02666209072170716,0.1609901644604868
9,strict_weight4_seed45,strict_frozen_weight4,45,read_only,future_query,Ingress Tool Transfer,city-power,seen_in_support,105,0.5619047619047619,0.5523809523809524,0.0,2.939835892077895e-05,0.9998206696579218,0.9998206696579218,0.9998206696579218,0.9998206696579218,0.9998206696579218,0.552295052981226,0.49714487592069806
9,strict_weight4_seed45,strict_frozen_weight4,45,read_only,future_query,Ingress Tool Transfer,domotic-monitor,seen_in_support,3678,0.024197933659597607,0.023110386079390973,0.0,2.939835892077895e-05,2.939835892077895e-05,2.939835892077895e-05,2.939835892077895e-05,0.9998206696579218,0.9998206696579218,0.02313496063744581,0.15022274287310158
9,strict_weight4_seed45,strict_frozen_weight4,45,read_only,future_query,Ingress Tool Transfer,ip-camera-museum,seen_in_support,108,0.6296296296296297,0.5370370370370371,0.0,2.939835892077895e-05,0.9998206696579218,0.9998206696579218,0.9998206696579218,0.9998206696579218,0.9998206696579218,0.5369543403528287,0.49852229339626347
9,strict_weight4_seed45,strict_frozen_weight4,45,read_only,future_query,Merlin C&C Communication,building-monitor,seen_in_support,9657,0.8618618618618619,0.8562700631666149,0.0,2.939835892077895e-05,0.9998206696579218,0.9998206696579218,0.9998206696579218,0.9998206696579218,0.9998206696579218,0.8561207333875467,0.35074245577807367
9,strict_weight4_seed45,strict_frozen_weight4,45,read_only,future_query,Merlin C&C Communication,combined-cycle,seen_in_support,9933,0.8005637773079634,0.7947246551897714,0.0,2.939835892077895e-05,0.9998206696579218,0.9998206696579218,0.9998206696579218,0.9998206696579218,0.9998206696579218,0.7945881717037627,0.4038183772749261
9,strict_weight4_seed45,strict_frozen_weight4,45,read_only,future_query,Merlin ICMP Flooding,building-monitor,seen_in_support,9150,0.9987978142076502,0.9987978142076502,0.0,2.939835892077895e-05,0.9998206696579218,0.9998206696579218,0.9998206696579218,0.9998206696579218,0.9998206696579218,0.9986187347962509,0.034644470496124895
9,strict_weight4_seed45,strict_frozen_weight4,45,read_only,future_query,Merlin ICMP Flooding,combined-cycle,seen_in_support,9042,0.9987834549878345,0.9987834549878345,0.0,2.939835892077895e-05,0.9998206696579218,0.9998206696579218,0.9998206696579218,0.9998206696579218,0.9998206696579218,0.9986043785736165,0.03485050710456779
9,strict_weight4_seed45,strict_frozen_weight4,45,read_only,future_query,Merlin ICMP Flooding,domotic-monitor,seen_in_support,9793,0.01960584090677014,0.01960584090677014,0.0,2.939835892077895e-05,2.939835892077895e-05,2.939835892077895e-05,2.939835892077895e-05,0.9998206696579218,0.9998206696579218,0.019631146963986462,0.13861251245528244
9,strict_weight4_seed45,strict_frozen_weight4,45,read_only,future_query,Merlin TCP Flooding,building-monitor,seen_in_support,12000,0.8654166666666666,0.677,0.0,2.939835892077895e-05,0.9998206696579218,0.9998206696579218,0.9998206696579218,0.9998206696579218,0.9998206696579218,0.6768880890283444,0.4675251048868219
9,strict_weight4_seed45,strict_frozen_weight4,45,read_only,future_query,Merlin TCP Flooding,combined-cycle,seen_in_support,12000,0.7173333333333334,0.5611666666666667,0.0,2.939835892077895e-05,0.9998206696579218,0.9998206696579218,0.9998206696579218,0.9998206696579218,0.9998206696579218,0.5610789334362101,0.49614095489708776
9,strict_weight4_seed45,strict_frozen_weight4,45,read_only,future_query,Merlin TCP Flooding,domotic-monitor,seen_in_support,12000,0.99975,0.99975,0.0,2.939835892077895e-05,0.9998206696579218,0.9998206696579218,0.9998206696579218,0.9998206696579218,0.9998206696579218,0.999570721840097,0.015806111875783454
9,strict_weight4_seed45,strict_frozen_weight4,45,read_only,future_query,Merlin UDP Flooding,building-monitor,seen_in_support,5000,1.0,1.0,0.0,0.9998206696579218,0.9998206696579218,0.9998206696579218,0.9998206696579218,0.9998206696579218,0.9998206696579218,0.9998206696579218,0.0
9,strict_weight4_seed45,strict_frozen_weight4,45,read_only,future_query,Merlin UDP Flooding,combined-cycle,seen_in_support,5000,1.0,1.0,0.0,0.9998206696579218,0.9998206696579218,0.9998206696579218,0.9998206696579218,0.9998206696579218,0.9998206696579218,0.9998206696579218,0.0
9,strict_weight4_seed45,strict_frozen_weight4,45,read_only,future_query,Merlin UDP Flooding,domotic-monitor,seen_in_support,5000,0.9998,0.9998,0.0,2.939835892077895e-05,0.9998206696579218,0.9998206696579218,0.9998206696579218,0.9998206696579218,0.9998206696579218,0.999620711403662,0.014137769765054455
9,strict_weight4_seed45,strict_frozen_weight4,45,read_only,future_query,Mirai C&C Communication,building-monitor,seen_in_support,358,0.0111731843575419,0.0,0.0,2.939835892077895e-05,2.939835892077895e-05,2.939835892077895e-05,2.939835892077895e-05,2.939835892077895e-05,2.939835892077895e-05,2.9398358920778944e-05,6.776263578034403e-21
9,strict_weight4_seed45,strict_frozen_weight4,45,read_only,future_query,Mirai C&C Communication,combined-cycle,seen_in_support,358,0.019553072625698324,0.0,0.0,2.939835892077895e-05,2.939835892077895e-05,2.939835892077895e-05,2.939835892077895e-05,2.939835892077895e-05,2.939835892077895e-05,2.9398358920778944e-05,6.776263578034403e-21
9,strict_weight4_seed45,strict_frozen_weight4,45,read_only,future_query,Mirai GRE Flooding,building-monitor,seen_in_support,12000,1.0,1.0,0.0,0.9998206696579218,0.9998206696579218,0.9998206696579218,0.9998206696579218,0.9998206696579218,0.9998206696579218,0.9998206696579218,0.0
9,strict_weight4_seed45,strict_frozen_weight4,45,read_only,future_query,Mirai GRE Flooding,combined-cycle,seen_in_support,12000,1.0,1.0,0.0,0.9998206696579218,0.9998206696579218,0.9998206696579218,0.9998206696579218,0.9998206696579218,0.9998206696579218,0.9998206696579218,0.0
9,strict_weight4_seed45,strict_frozen_weight4,45,read_only,future_query,Mirai GRE Flooding,domotic-monitor,seen_in_support,12000,1.0,1.0,0.0,0.9998206696579218,0.9998206696579218,0.9998206696579218,0.9998206696579218,0.9998206696579218,0.9998206696579218,0.9998206696579218,0.0
9,strict_weight4_seed45,strict_frozen_weight4,45,read_only,future_query,Mirai TCP Flooding,building-monitor,seen_in_support,12000,1.0,1.0,0.0,0.9998206696579218,0.9998206696579218,0.9998206696579218,0.9998206696579218,0.9998206696579218,0.9998206696579218,0.9998206696579218,0.0
9,strict_weight4_seed45,strict_frozen_weight4,45,read_only,future_query,Mirai TCP Flooding,combined-cycle,seen_in_support,12000,1.0,1.0,0.0,0.9998206696579218,0.9998206696579218,0.9998206696579218,0.9998206696579218,0.9998206696579218,0.9998206696579218,0.9998206696579218,0.0
9,strict_weight4_seed45,strict_frozen_weight4,45,read_only,future_query,Mirai TCP Flooding,domotic-monitor,seen_in_support,12000,1.0,1.0,0.0,0.9998206696579218,0.9998206696579218,0.9998206696579218,0.9998206696579218,0.9998206696579218,0.9998206696579218,0.9998206696579218,0.0
9,strict_weight4_seed45,strict_frozen_weight4,45,read_only,future_query,Mirai UDP Flooding,building-monitor,seen_in_support,12000,0.4805833333333333,0.4805833333333333,0.0,2.939835892077895e-05,2.939835892077895e-05,0.9998206696579218,0.9998206696579218,0.9998206696579218,0.9998206696579218,0.4805124201573657,0.49951856518540727
9,strict_weight4_seed45,strict_frozen_weight4,45,read_only,future_query,Mirai UDP Flooding,combined-cycle,seen_in_support,12000,0.3165833333333333,0.3165833333333333,0.0,2.939835892077895e-05,2.939835892077895e-05,0.9998206696579218,0.9998206696579218,0.9998206696579218,0.9998206696579218,0.31654665166432955,0.46504625085068935
9,strict_weight4_seed45,strict_frozen_weight4,45,read_only,future_query,Mirai UDP Flooding,domotic-monitor,seen_in_support,12000,1.0,1.0,0.0,0.9998206696579218,0.9998206696579218,0.9998206696579218,0.9998206696579218,0.9998206696579218,0.9998206696579218,0.9998206696579218,0.0
9,strict_weight4_seed45,strict_frozen_weight4,45,read_only,future_query,Reporting,building-monitor,unseen_in_support,88,0.09090909090909091,0.0,0.0,2.939835892077895e-05,2.939835892077895e-05,2.939835892077895e-05,2.939835892077895e-05,2.939835892077895e-05,2.939835892077895e-05,2.9398358920778947e-05,3.3881317890172014e-21
9,strict_weight4_seed45,strict_frozen_weight4,45,read_only,future_query,Reporting,combined-cycle,unseen_in_support,64,0.125,0.078125,0.0,2.939835892077895e-05,2.939835892077895e-05,2.939835892077895e-05,0.9998206696579218,0.9998206696579218,0.9998206696579218,0.07813809142915523,0.2683121719398005
9,strict_weight4_seed45,strict_frozen_weight4,45,read_only,future_query,Reporting,domotic-monitor,unseen_in_support,72,0.0,0.0,0.0,2.939835892077895e-05,2.939835892077895e-05,2.939835892077895e-05,2.939835892077895e-05,2.939835892077895e-05,2.939835892077895e-05,2.939835892077895e-05,0.0
9,strict_weight4_seed45,strict_frozen_weight4,45,read_only,future_query,TCP Scan,air-quality,unseen_in_support,12000,0.20975,0.01875,0.0,2.939835892077895e-05,2.939835892077895e-05,2.939835892077895e-05,2.939835892077895e-05,0.9998206696579218,0.9998206696579218,0.01877548469577705,0.13561252795246276
9,strict_weight4_seed45,strict_frozen_weight4,45,read_only,future_query,TCP Scan,building-monitor,unseen_in_support,12000,0.31733333333333336,0.03325,0.0,2.939835892077895e-05,2.939835892077895e-05,2.939835892077895e-05,2.939835892077895e-05,0.9998206696579218,0.9998206696579218,0.03327245812961256,0.17925127605428878
9,strict_weight4_seed45,strict_frozen_weight4,45,read_only,future_query,TCP Scan,city-power,unseen_in_support,12000,0.135,0.010916666666666667,0.0,2.939835892077895e-05,2.939835892077895e-05,2.939835892077895e-05,2.939835892077895e-05,0.9998206696579218,0.9998206696579218,0.010943786403934876,0.10388929700685298
9,strict_weight4_seed45,strict_frozen_weight4,45,read_only,future_query,TCP Scan,combined-cycle,unseen_in_support,12000,0.21783333333333332,0.042833333333333334,0.0,2.939835892077895e-05,2.939835892077895e-05,2.939835892077895e-05,2.939835892077895e-05,0.9998206696579218,0.9998206696579218,0.04285379114622799,0.20243894262178924
9,strict_weight4_seed45,strict_frozen_weight4,45,read_only,future_query,TCP Scan,domotic-monitor,unseen_in_support,12000,0.18741666666666668,0.0305,0.0,2.939835892077895e-05,2.939835892077895e-05,2.939835892077895e-05,2.939835892077895e-05,0.9998206696579218,0.9998206696579218,0.030523032133540306,0.17192267790280724
9,strict_weight4_seed45,strict_frozen_weight4,45,read_only,future_query,TCP Scan,ip-camera-museum,unseen_in_support,12000,0.9583333333333334,0.9175,0.0,2.939835892077895e-05,0.9998206696579218,0.9998206696579218,0.9998206696579218,0.9998206696579218,0.9998206696579218,0.9173378897757541,0.2750675451258797
9,strict_weight4_seed45,strict_frozen_weight4,45,read_only,future_query,Telnet Brute Force,air-quality,unseen_in_support,12000,0.006083333333333333,0.0019166666666666666,0.0,2.939835892077895e-05,2.939835892077895e-05,2.939835892077895e-05,2.939835892077895e-05,2.939835892077895e-05,0.9998206696579218,0.001945664962243864,0.04372864674088593
9,strict_weight4_seed45,strict_frozen_weight4,45,read_only,future_query,Telnet Brute Force,building-monitor,unseen_in_support,12000,0.04158333333333333,0.0175,0.0,2.939835892077895e-05,2.939835892077895e-05,2.939835892077895e-05,2.939835892077895e-05,0.9998206696579218,0.9998206696579218,0.0175257456066533,0.13109757088095123
9,strict_weight4_seed45,strict_frozen_weight4,45,read_only,future_query,Telnet Brute Force,city-power,unseen_in_support,12000,0.008083333333333333,0.0030833333333333333,0.0,2.939835892077895e-05,2.939835892077895e-05,2.939835892077895e-05,2.939835892077895e-05,2.939835892077895e-05,0.9998206696579218,0.003112088112092699,0.05543052706974602
9,strict_weight4_seed45,strict_frozen_weight4,45,read_only,future_query,Telnet Brute Force,combined-cycle,unseen_in_support,12000,0.023666666666666666,0.002916666666666667,0.0,2.939835892077895e-05,2.939835892077895e-05,2.939835892077895e-05,2.939835892077895e-05,2.939835892077895e-05,0.9998206696579218,0.002945456233542864,0.05391609978588708
9,strict_weight4_seed45,strict_frozen_weight4,45,read_only,future_query,Telnet Brute Force,domotic-monitor,unseen_in_support,12000,0.027083333333333334,0.002416666666666667,0.0,2.939835892077895e-05,2.939835892077895e-05,2.939835892077895e-05,2.939835892077895e-05,2.939835892077895e-05,0.9998206696579218,0.0024455605978933644,0.049089918278624224
9,strict_weight4_seed45,strict_frozen_weight4,45,read_only,future_query,Telnet Brute Force,ip-camera-museum,unseen_in_support,12000,0.9865,0.7565833333333334,0.0,2.939835892077895e-05,0.9998206696579218,0.9998206696579218,0.9998206696579218,0.9998206696579218,0.9998206696579218,0.75645481103589,0.4290549149463917
9,strict_weight4_seed45,strict_frozen_weight4,45,read_only,future_query,UDP Scan,combined-cycle,unseen_in_support,4242,0.005893446487505893,0.0030645921735030644,0.0,2.939835892077895e-05,2.939835892077895e-05,2.939835892077895e-05,2.939835892077895e-05,2.939835892077895e-05,0.9998206696579218,0.0030933508640803766,0.05526233043746345
9,strict_weight4_seed45,strict_frozen_weight4,45,report_only,sealed_final_attack,C&C Communication,ip-camera-street,unseen_in_support,90,0.13333333333333333,0.13333333333333333,0.0,2.939835892077895e-05,2.939835892077895e-05,0.9998206696579218,0.9998206696579218,0.9998206696579218,0.9998206696579218,0.1333349011987876,0.3398636801248896
9,strict_weight4_seed45,strict_frozen_weight4,45,report_only,sealed_final_attack,File Download,ip-camera-street,seen_in_support,1231,1.0,1.0,0.0,0.9998206696579218,0.9998206696579218,0.9998206696579218,0.9998206696579218,0.9998206696579218,0.9998206696579218,0.999820669657922,2.220446049250313e-16
9,strict_weight4_seed45,strict_frozen_weight4,45,report_only,sealed_final_attack,Ingress Tool Transfer,ip-camera-street,seen_in_support,3702,0.22825499729875742,0.22393300918422473,0.0,2.939835892077895e-05,2.939835892077895e-05,0.9998206696579218,0.9998206696579218,0.9998206696579218,0.9998206696579218,0.2239156662970277,0.4167906854489132
9,strict_weight4_seed45,strict_frozen_weight4,45,report_only,sealed_final_attack,Merlin ICMP Flooding,ip-camera-street,seen_in_support,10011,0.9989012086704625,0.9989012086704625,0.0,2.939835892077895e-05,0.9998206696579218,0.9998206696579218,0.9998206696579218,0.9998206696579218,0.9998206696579218,0.9987221076776712,0.033122889976737666
9,strict_weight4_seed45,strict_frozen_weight4,45,report_only,sealed_final_attack,Merlin TCP Flooding,ip-camera-street,seen_in_support,15000,0.9556666666666667,0.9655333333333334,0.0,2.939835892077895e-05,0.9998206696579218,0.9998206696579218,0.9998206696579218,0.9998206696579218,0.9998206696579218,0.9653611971738163,0.18238647032961086
9,strict_weight4_seed45,strict_frozen_weight4,45,report_only,sealed_final_attack,Merlin UDP Flooding,ip-camera-street,seen_in_support,4996,1.0,1.0,0.0,0.9998206696579218,0.9998206696579218,0.9998206696579218,0.9998206696579218,0.9998206696579218,0.9998206696579218,0.9998206696579219,1.1102230246251565e-16
9,strict_weight4_seed45,strict_frozen_weight4,45,report_only,sealed_final_attack,Mirai GRE Flooding,ip-camera-street,seen_in_support,15000,1.0,1.0,0.0,0.9998206696579218,0.9998206696579218,0.9998206696579218,0.9998206696579218,0.9998206696579218,0.9998206696579218,0.9998206696579218,0.0
9,strict_weight4_seed45,strict_frozen_weight4,45,report_only,sealed_final_attack,Mirai TCP Flooding,ip-camera-street,seen_in_support,15000,1.0,1.0,0.0,0.9998206696579218,0.9998206696579218,0.9998206696579218,0.9998206696579218,0.9998206696579218,0.9998206696579218,0.9998206696579218,0.0
9,strict_weight4_seed45,strict_frozen_weight4,45,report_only,sealed_final_attack,Mirai UDP Flooding,ip-camera-street,seen_in_support,15000,1.0,1.0,0.0,0.9998206696579218,0.9998206696579218,0.9998206696579218,0.9998206696579218,0.9998206696579218,0.9998206696579218,0.9998206696579218,0.0
9,strict_weight4_seed45,strict_frozen_weight4,45,report_only,sealed_final_attack,Reporting,ip-camera-street,unseen_in_support,74,0.14864864864864866,0.14864864864864866,0.0,2.939835892077895e-05,2.939835892077895e-05,0.9998206696579218,0.9998206696579218,0.9998206696579218,0.9998206696579218,0.14864701976823175,0.3556675459651714
9,strict_weight4_seed45,strict_frozen_weight4,45,report_only,sealed_final_attack,TCP Scan,ip-camera-street,unseen_in_support,15000,0.2854,0.2792,0.0,2.939835892077895e-05,2.939835892077895e-05,0.9998206696579218,0.9998206696579218,0.9998206696579218,0.9998206696579218,0.27917112130560184,0.44851238173300656
9,strict_weight4_seed45,strict_frozen_weight4,45,report_only,sealed_final_attack,Telnet Brute Force,ip-camera-street,unseen_in_support,15000,0.3001333333333333,0.21673333333333333,0.0,2.939835892077895e-05,2.939835892077895e-05,0.9998206696579218,0.9998206696579218,0.9998206696579218,0.9998206696579218,0.21671749322512426,0.41193341134811506
10,strict_weight4_seed46,strict_frozen_weight4,46,calibration_select,support_val,File Download,combined-cycle,seen_in_support,3,1.0,1.0,0.0,0.9998206696579218,0.9998206696579218,0.9998206696579218,0.9998206696579218,0.9998206696579218,0.9998206696579218,0.9998206696579218,0.0
10,strict_weight4_seed46,strict_frozen_weight4,46,calibration_select,support_val,Ingress Tool Transfer,combined-cycle,seen_in_support,3,0.6666666666666666,0.6666666666666666,0.0,2.939835892077895e-05,0.9998206696579218,0.9998206696579218,0.9998206696579218,0.9998206696579218,0.9998206696579218,0.6665569125582548,0.47130612513776193
10,strict_weight4_seed46,strict_frozen_weight4,46,calibration_select,support_val,Merlin C&C Communication,ip-camera-museum,seen_in_support,5,1.0,1.0,0.0,0.9998206696579218,0.9998206696579218,0.9998206696579218,0.9998206696579218,0.9998206696579218,0.9998206696579218,0.9998206696579219,1.1102230246251565e-16
10,strict_weight4_seed46,strict_frozen_weight4,46,calibration_select,support_val,Merlin ICMP Flooding,city-power,seen_in_support,1,1.0,1.0,0.0,0.9998206696579218,0.9998206696579218,0.9998206696579218,0.9998206696579218,0.9998206696579218,0.9998206696579218,0.9998206696579218,0.0
10,strict_weight4_seed46,strict_frozen_weight4,46,calibration_select,support_val,Merlin ICMP Flooding,ip-camera-museum,seen_in_support,7,1.0,1.0,0.0,0.9998206696579218,0.9998206696579218,0.9998206696579218,0.9998206696579218,0.9998206696579218,0.9998206696579218,0.9998206696579218,0.0
10,strict_weight4_seed46,strict_frozen_weight4,46,calibration_select,support_val,Merlin TCP Flooding,city-power,seen_in_support,6,1.0,1.0,0.0,0.9998206696579218,0.9998206696579218,0.9998206696579218,0.9998206696579218,0.9998206696579218,0.9998206696579218,0.9998206696579218,0.0
10,strict_weight4_seed46,strict_frozen_weight4,46,calibration_select,support_val,Merlin TCP Flooding,ip-camera-museum,seen_in_support,5,1.0,1.0,0.0,0.9998206696579218,0.9998206696579218,0.9998206696579218,0.9998206696579218,0.9998206696579218,0.9998206696579218,0.9998206696579219,1.1102230246251565e-16
10,strict_weight4_seed46,strict_frozen_weight4,46,calibration_select,support_val,Merlin UDP Flooding,city-power,seen_in_support,3,1.0,1.0,0.0,0.9998206696579218,0.9998206696579218,0.9998206696579218,0.9998206696579218,0.9998206696579218,0.9998206696579218,0.9998206696579218,0.0
10,strict_weight4_seed46,strict_frozen_weight4,46,calibration_select,support_val,Merlin UDP Flooding,ip-camera-museum,seen_in_support,3,1.0,1.0,0.0,0.9998206696579218,0.9998206696579218,0.9998206696579218,0.9998206696579218,0.9998206696579218,0.9998206696579218,0.9998206696579218,0.0
10,strict_weight4_seed46,strict_frozen_weight4,46,calibration_select,support_val,Mirai C&C Communication,ip-camera-museum,seen_in_support,2,0.0,0.0,0.0,2.939835892077895e-05,2.939835892077895e-05,2.939835892077895e-05,2.939835892077895e-05,2.939835892077895e-05,2.939835892077895e-05,2.939835892077895e-05,0.0
10,strict_weight4_seed46,strict_frozen_weight4,46,calibration_select,support_val,Mirai GRE Flooding,city-power,seen_in_support,4,1.0,1.0,0.0,0.9998206696579218,0.9998206696579218,0.9998206696579218,0.9998206696579218,0.9998206696579218,0.9998206696579218,0.9998206696579218,0.0
10,strict_weight4_seed46,strict_frozen_weight4,46,calibration_select,support_val,Mirai GRE Flooding,ip-camera-museum,seen_in_support,6,1.0,1.0,0.0,0.9998206696579218,0.9998206696579218,0.9998206696579218,0.9998206696579218,0.9998206696579218,0.9998206696579218,0.9998206696579218,0.0
10,strict_weight4_seed46,strict_frozen_weight4,46,calibration_select,support_val,Mirai TCP Flooding,city-power,seen_in_support,4,1.0,1.0,0.0,0.9998206696579218,0.9998206696579218,0.9998206696579218,0.9998206696579218,0.9998206696579218,0.9998206696579218,0.9998206696579218,0.0
10,strict_weight4_seed46,strict_frozen_weight4,46,calibration_select,support_val,Mirai TCP Flooding,ip-camera-museum,seen_in_support,6,1.0,1.0,0.0,0.9998206696579218,0.9998206696579218,0.9998206696579218,0.9998206696579218,0.9998206696579218,0.9998206696579218,0.9998206696579218,0.0
10,strict_weight4_seed46,strict_frozen_weight4,46,calibration_select,support_val,Mirai UDP Flooding,city-power,seen_in_support,5,1.0,1.0,0.0,0.9998206696579218,0.9998206696579218,0.9998206696579218,0.9998206696579218,0.9998206696579218,0.9998206696579218,0.9998206696579219,1.1102230246251565e-16
10,strict_weight4_seed46,strict_frozen_weight4,46,calibration_select,support_val,Mirai UDP Flooding,ip-camera-museum,seen_in_support,6,1.0,1.0,0.0,0.9998206696579218,0.9998206696579218,0.9998206696579218,0.9998206696579218,0.9998206696579218,0.9998206696579218,0.9998206696579218,0.0
10,strict_weight4_seed46,strict_frozen_weight4,46,read_only,same_file_query,File Download,combined-cycle,seen_in_support,105,1.0,1.0,0.0,0.9998206696579218,0.9998206696579218,0.9998206696579218,0.9998206696579218,0.9998206696579218,0.9998206696579218,0.9998206696579218,0.0
10,strict_weight4_seed46,strict_frozen_weight4,46,read_only,same_file_query,Ingress Tool Transfer,combined-cycle,seen_in_support,2381,0.0,0.0,0.0,2.939835892077895e-05,2.939835892077895e-05,2.939835892077895e-05,2.939835892077895e-05,2.939835892077895e-05,2.939835892077895e-05,2.9398358920778954e-05,3.3881317890172014e-21
10,strict_weight4_seed46,strict_frozen_weight4,46,read_only,same_file_query,Merlin C&C Communication,ip-camera-museum,seen_in_support,6827,0.9550314926029002,0.9550314926029002,0.0,2.939835892077895e-05,0.9998206696579218,0.9998206696579218,0.9998206696579218,0.9998206696579218,0.9998206696579218,0.9548615484789571,0.20719173328783727
10,strict_weight4_seed46,strict_frozen_weight4,46,read_only,same_file_query,Merlin ICMP Flooding,city-power,seen_in_support,6680,0.0008982035928143712,0.0008982035928143712,0.0,2.939835892077895e-05,2.939835892077895e-05,2.939835892077895e-05,2.939835892077895e-05,2.939835892077895e-05,0.9998206696579218,0.0009274144708659895,0.029950329501883196
10,strict_weight4_seed46,strict_frozen_weight4,46,read_only,same_file_query,Merlin ICMP Flooding,ip-camera-museum,seen_in_support,7038,0.998437055981813,0.998437055981813,0.0,2.939835892077895e-05,0.9998206696579218,0.9998206696579218,0.9998206696579218,0.9998206696579218,0.9998206696579218,0.9982580518710095,0.03949493447751926
10,strict_weight4_seed46,strict_frozen_weight4,46,read_only,same_file_query,Merlin TCP Flooding,city-power,seen_in_support,12000,0.9999166666666667,0.9999166666666667,0.0,2.939835892077895e-05,0.9998206696579218,0.9998206696579218,0.9998206696579218,0.9998206696579218,0.9998206696579218,0.9997373537186468,0.009126423576703098
10,strict_weight4_seed46,strict_frozen_weight4,46,read_only,same_file_query,Merlin TCP Flooding,ip-camera-museum,seen_in_support,12000,1.0,1.0,0.0,0.9998206696579218,0.9998206696579218,0.9998206696579218,0.9998206696579218,0.9998206696579218,0.9998206696579218,0.9998206696579218,0.0
10,strict_weight4_seed46,strict_frozen_weight4,46,read_only,same_file_query,Merlin UDP Flooding,city-power,seen_in_support,3250,1.0,1.0,0.0,0.9998206696579218,0.9998206696579218,0.9998206696579218,0.9998206696579218,0.9998206696579218,0.9998206696579218,0.9998206696579218,0.0
10,strict_weight4_seed46,strict_frozen_weight4,46,read_only,same_file_query,Merlin UDP Flooding,ip-camera-museum,seen_in_support,3292,1.0,1.0,0.0,0.9998206696579218,0.9998206696579218,0.9998206696579218,0.9998206696579218,0.9998206696579218,0.9998206696579218,0.9998206696579217,1.1102230246251565e-16
10,strict_weight4_seed46,strict_frozen_weight4,46,read_only,same_file_query,Mirai C&C Communication,ip-camera-museum,seen_in_support,106,0.009433962264150943,0.009433962264150943,0.0,2.939835892077895e-05,2.939835892077895e-05,2.939835892077895e-05,2.939835892077895e-05,2.939835892077895e-05,0.9998206696579218,0.009461391484383054,0.09664916918148132
10,strict_weight4_seed46,strict_frozen_weight4,46,read_only,same_file_query,Mirai GRE Flooding,city-power,seen_in_support,12000,1.0,1.0,0.0,0.9998206696579218,0.9998206696579218,0.9998206696579218,0.9998206696579218,0.9998206696579218,0.9998206696579218,0.9998206696579218,0.0
10,strict_weight4_seed46,strict_frozen_weight4,46,read_only,same_file_query,Mirai GRE Flooding,ip-camera-museum,seen_in_support,12000,1.0,1.0,0.0,0.9998206696579218,0.9998206696579218,0.9998206696579218,0.9998206696579218,0.9998206696579218,0.9998206696579218,0.9998206696579218,0.0
10,strict_weight4_seed46,strict_frozen_weight4,46,read_only,same_file_query,Mirai TCP Flooding,city-power,seen_in_support,12000,1.0,1.0,0.0,0.9998206696579218,0.9998206696579218,0.9998206696579218,0.9998206696579218,0.9998206696579218,0.9998206696579218,0.9998206696579218,0.0
10,strict_weight4_seed46,strict_frozen_weight4,46,read_only,same_file_query,Mirai TCP Flooding,ip-camera-museum,seen_in_support,12000,1.0,1.0,0.0,0.9998206696579218,0.9998206696579218,0.9998206696579218,0.9998206696579218,0.9998206696579218,0.9998206696579218,0.9998206696579218,0.0
10,strict_weight4_seed46,strict_frozen_weight4,46,read_only,same_file_query,Mirai UDP Flooding,city-power,seen_in_support,12000,0.9999166666666667,0.9999166666666667,0.0,2.939835892077895e-05,0.9998206696579218,0.9998206696579218,0.9998206696579218,0.9998206696579218,0.9998206696579218,0.9997373537186468,0.009126423576703098
10,strict_weight4_seed46,strict_frozen_weight4,46,read_only,same_file_query,Mirai UDP Flooding,ip-camera-museum,seen_in_support,12000,1.0,1.0,0.0,0.9998206696579218,0.9998206696579218,0.9998206696579218,0.9998206696579218,0.9998206696579218,0.9998206696579218,0.9998206696579218,0.0
10,strict_weight4_seed46,strict_frozen_weight4,46,read_only,future_query,C&C Communication,building-monitor,unseen_in_support,84,0.08333333333333333,0.08333333333333333,0.0,2.939835892077895e-05,2.939835892077895e-05,2.939835892077895e-05,0.9998206696579218,0.9998206696579218,0.9998206696579218,0.08334533763383753,0.27632770963093395
10,strict_weight4_seed46,strict_frozen_weight4,46,read_only,future_query,C&C Communication,combined-cycle,unseen_in_support,90,0.07777777777777778,0.07777777777777778,0.0,2.939835892077895e-05,2.939835892077895e-05,2.939835892077895e-05,0.9998206696579218,0.9998206696579218,0.9998206696579218,0.07779094168217641,0.26776567113301797
10,strict_weight4_seed46,strict_frozen_weight4,46,read_only,future_query,C&C Communication,domotic-monitor,unseen_in_support,82,0.08536585365853659,0.08536585365853659,0.0,2.939835892077895e-05,2.939835892077895e-05,2.939835892077895e-05,0.9998206696579218,0.9998206696579218,0.9998206696579218,0.08537743371371355,0.2793670231636465
10,strict_weight4_seed46,strict_frozen_weight4,46,read_only,future_query,CoAP Amplification,combined-cycle,unseen_in_support,12000,0.4235,0.4235,0.0,2.939835892077895e-05,2.939835892077895e-05,0.9998206696579218,0.9998206696579218,0.9998206696579218,0.9998206696579218,0.42344100175404764,0.4940099587574426
10,strict_weight4_seed46,strict_frozen_weight4,46,read_only,future_query,File Download,building-monitor,seen_in_support,1191,1.0,1.0,0.0,0.9998206696579218,0.9998206696579218,0.9998206696579218,0.9998206696579218,0.9998206696579218,0.9998206696579218,0.9998206696579219,1.1102230246251565e-16
10,strict_weight4_seed46,strict_frozen_weight4,46,read_only,future_query,File Download,domotic-monitor,seen_in_support,1187,1.0,1.0,0.0,0.9998206696579218,0.9998206696579218,0.9998206696579218,0.9998206696579218,0.9998206696579218,0.9998206696579218,0.999820669657922,2.220446049250313e-16
10,strict_weight4_seed46,strict_frozen_weight4,46,read_only,future_query,Ingress Tool Transfer,air-quality,seen_in_support,109,0.41284403669724773,0.41284403669724773,0.0,2.939835892077895e-05,2.939835892077895e-05,0.9998206696579218,0.9998206696579218,0.9998206696579218,0.9998206696579218,0.4127872626566733,0.4922424761692845
10,strict_weight4_seed46,strict_frozen_weight4,46,read_only,future_query,Ingress Tool Transfer,building-monitor,seen_in_support,3754,0.05061267980820458,0.05061267980820458,0.0,2.939835892077895e-05,2.939835892077895e-05,2.939835892077895e-05,0.9998206696579218,0.9998206696579218,0.9998206696579218,0.05063151384821492,0.21915971181644767
10,strict_weight4_seed46,strict_frozen_weight4,46,read_only,future_query,Ingress Tool Transfer,city-power,seen_in_support,105,0.3142857142857143,0.3142857142857143,0.0,2.939835892077895e-05,2.939835892077895e-05,0.9998206696579218,0.9998206696579218,0.9998206696579218,0.9998206696579218,0.31424951219574965,0.46413386769445114
10,strict_weight4_seed46,strict_frozen_weight4,46,read_only,future_query,Ingress Tool Transfer,domotic-monitor,seen_in_support,3678,0.03181076672104405,0.03181076672104405,0.0,2.939835892077895e-05,2.939835892077895e-05,2.939835892077895e-05,2.939835892077895e-05,0.9998206696579218,0.9998206696579218,0.031833525259949355,0.17545935705740345
10,strict_weight4_seed46,strict_frozen_weight4,46,read_only,future_query,Ingress Tool Transfer,ip-camera-museum,seen_in_support,108,0.6481481481481481,0.6481481481481481,0.0,2.939835892077895e-05,0.9998206696579218,0.9998206696579218,0.9998206696579218,0.9998206696579218,0.9998206696579218,0.648042259386051,0.4774483575087996
10,strict_weight4_seed46,strict_frozen_weight4,46,read_only,future_query,Merlin C&C Communication,building-monitor,seen_in_support,9657,0.8710779745262504,0.8710779745262504,0.0,2.939835892077895e-05,0.9998206696579218,0.9998206696579218,0.9998206696579218,0.9998206696579218,0.9998206696579218,0.8709255539110795,0.33504366994971785
10,strict_weight4_seed46,strict_frozen_weight4,46,read_only,future_query,Merlin C&C Communication,combined-cycle,seen_in_support,9933,0.7539514748817074,0.7539514748817074,0.0,2.939835892077895e-05,0.9998206696579218,0.9998206696579218,0.9998206696579218,0.9998206696579218,0.9998206696579218,0.75382350192866,0.43061724829501874
10,strict_weight4_seed46,strict_frozen_weight4,46,read_only,future_query,Merlin ICMP Flooding,building-monitor,seen_in_support,9150,0.9987978142076502,0.9987978142076502,0.0,2.939835892077895e-05,0.9998206696579218,0.9998206696579218,0.9998206696579218,0.9998206696579218,0.9998206696579218,0.9986187347962509,0.034644470496124895
10,strict_weight4_seed46,strict_frozen_weight4,46,read_only,future_query,Merlin ICMP Flooding,combined-cycle,seen_in_support,9042,0.9987834549878345,0.9987834549878345,0.0,2.939835892077895e-05,0.9998206696579218,0.9998206696579218,0.9998206696579218,0.9998206696579218,0.9998206696579218,0.9986043785736165,0.03485050710456779
10,strict_weight4_seed46,strict_frozen_weight4,46,read_only,future_query,Merlin ICMP Flooding,domotic-monitor,seen_in_support,9793,0.019707954661492902,0.019707954661492902,0.0,2.939835892077895e-05,2.939835892077895e-05,2.939835892077895e-05,2.939835892077895e-05,0.9998206696579218,0.9998206696579218,0.019733239404637844,0.13896577613432742
10,strict_weight4_seed46,strict_frozen_weight4,46,read_only,future_query,Merlin TCP Flooding,building-monitor,seen_in_support,12000,0.8645,0.8645,0.0,2.939835892077895e-05,0.9998206696579218,0.9998206696579218,0.9998206696579218,0.9998206696579218,0.9998206696579218,0.8643489523969071,0.34218540916848045
10,strict_weight4_seed46,strict_frozen_weight4,46,read_only,future_query,Merlin TCP Flooding,combined-cycle,seen_in_support,12000,0.7895,0.7895,0.0,2.939835892077895e-05,0.9998206696579218,0.9998206696579218,0.9998206696579218,0.9998206696579218,0.9998206696579218,0.7893646070494821,0.4075786796426263
10,strict_weight4_seed46,strict_frozen_weight4,46,read_only,future_query,Merlin TCP Flooding,domotic-monitor,seen_in_support,12000,0.9998333333333334,0.9998333333333334,0.0,2.939835892077895e-05,0.9998206696579218,0.9998206696579218,0.9998206696579218,0.9998206696579218,0.9998206696579218,0.999654037779372,0.012906174162443712
10,strict_weight4_seed46,strict_frozen_weight4,46,read_only,future_query,Merlin UDP Flooding,building-monitor,seen_in_support,5000,1.0,1.0,0.0,0.9998206696579218,0.9998206696579218,0.9998206696579218,0.9998206696579218,0.9998206696579218,0.9998206696579218,0.9998206696579218,0.0
10,strict_weight4_seed46,strict_frozen_weight4,46,read_only,future_query,Merlin UDP Flooding,combined-cycle,seen_in_support,5000,1.0,1.0,0.0,0.9998206696579218,0.9998206696579218,0.9998206696579218,0.9998206696579218,0.9998206696579218,0.9998206696579218,0.9998206696579218,0.0
10,strict_weight4_seed46,strict_frozen_weight4,46,read_only,future_query,Merlin UDP Flooding,domotic-monitor,seen_in_support,5000,0.9998,0.9998,0.0,2.939835892077895e-05,0.9998206696579218,0.9998206696579218,0.9998206696579218,0.9998206696579218,0.9998206696579218,0.999620711403662,0.014137769765054455
10,strict_weight4_seed46,strict_frozen_weight4,46,read_only,future_query,Mirai C&C Communication,building-monitor,seen_in_support,358,0.0111731843575419,0.0111731843575419,0.0,2.939835892077895e-05,2.939835892077895e-05,2.939835892077895e-05,2.939835892077895e-05,0.42993964501749804,0.9998206696579218,0.011200250552205707,0.10508916488912332
10,strict_weight4_seed46,strict_frozen_weight4,46,read_only,future_query,Mirai C&C Communication,combined-cycle,seen_in_support,358,0.019553072625698324,0.019553072625698324,0.0,2.939835892077895e-05,2.939835892077895e-05,2.939835892077895e-05,2.939835892077895e-05,0.9998206696579218,0.9998206696579218,0.019578389697169404,0.1384295771876005
10,strict_weight4_seed46,strict_frozen_weight4,46,read_only,future_query,Mirai GRE Flooding,building-monitor,seen_in_support,12000,1.0,1.0,0.0,0.9998206696579218,0.9998206696579218,0.9998206696579218,0.9998206696579218,0.9998206696579218,0.9998206696579218,0.9998206696579218,0.0
10,strict_weight4_seed46,strict_frozen_weight4,46,read_only,future_query,Mirai GRE Flooding,combined-cycle,seen_in_support,12000,1.0,1.0,0.0,0.9998206696579218,0.9998206696579218,0.9998206696579218,0.9998206696579218,0.9998206696579218,0.9998206696579218,0.9998206696579218,0.0
10,strict_weight4_seed46,strict_frozen_weight4,46,read_only,future_query,Mirai GRE Flooding,domotic-monitor,seen_in_support,12000,1.0,1.0,0.0,0.9998206696579218,0.9998206696579218,0.9998206696579218,0.9998206696579218,0.9998206696579218,0.9998206696579218,0.9998206696579218,0.0
10,strict_weight4_seed46,strict_frozen_weight4,46,read_only,future_query,Mirai TCP Flooding,building-monitor,seen_in_support,12000,1.0,1.0,0.0,0.9998206696579218,0.9998206696579218,0.9998206696579218,0.9998206696579218,0.9998206696579218,0.9998206696579218,0.9998206696579218,0.0
10,strict_weight4_seed46,strict_frozen_weight4,46,read_only,future_query,Mirai TCP Flooding,combined-cycle,seen_in_support,12000,1.0,1.0,0.0,0.9998206696579218,0.9998206696579218,0.9998206696579218,0.9998206696579218,0.9998206696579218,0.9998206696579218,0.9998206696579218,0.0
10,strict_weight4_seed46,strict_frozen_weight4,46,read_only,future_query,Mirai TCP Flooding,domotic-monitor,seen_in_support,12000,1.0,1.0,0.0,0.9998206696579218,0.9998206696579218,0.9998206696579218,0.9998206696579218,0.9998206696579218,0.9998206696579218,0.9998206696579218,0.0
10,strict_weight4_seed46,strict_frozen_weight4,46,read_only,future_query,Mirai UDP Flooding,building-monitor,seen_in_support,12000,0.4815,0.4815,0.0,2.939835892077895e-05,2.939835892077895e-05,0.9998206696579218,0.9998206696579218,0.9998206696579218,0.9998206696579218,0.4814288954893898,0.49955333989605444
10,strict_weight4_seed46,strict_frozen_weight4,46,read_only,future_query,Mirai UDP Flooding,combined-cycle,seen_in_support,12000,0.31725,0.31725,0.0,2.939835892077895e-05,2.939835892077895e-05,0.9998206696579218,0.9998206696579218,0.9998206696579218,0.9998206696579218,0.31721317917852887,0.46530852629845343
10,strict_weight4_seed46,strict_frozen_weight4,46,read_only,future_query,Mirai UDP Flooding,domotic-monitor,seen_in_support,12000,1.0,1.0,0.0,0.9998206696579218,0.9998206696579218,0.9998206696579218,0.9998206696579218,0.9998206696579218,0.9998206696579218,0.9998206696579218,0.0
10,strict_weight4_seed46,strict_frozen_weight4,46,read_only,future_query,Reporting,building-monitor,unseen_in_support,88,0.09090909090909091,0.09090909090909091,0.0,2.939835892077895e-05,2.939835892077895e-05,2.939835892077895e-05,0.9998206696579218,0.9998206696579218,0.9998206696579218,0.09091951393155724,0.2874197820054704
10,strict_weight4_seed46,strict_frozen_weight4,46,read_only,future_query,Reporting,combined-cycle,unseen_in_support,64,0.125,0.125,0.0,2.939835892077895e-05,2.939835892077895e-05,0.9998206696579218,0.9998206696579218,0.9998206696579218,0.9998206696579218,0.1250033072712959,0.3306498833537832
10,strict_weight4_seed46,strict_frozen_weight4,46,read_only,future_query,Reporting,domotic-monitor,unseen_in_support,72,0.0,0.0,0.0,2.939835892077895e-05,2.939835892077895e-05,2.939835892077895e-05,2.939835892077895e-05,2.939835892077895e-05,2.939835892077895e-05,2.939835892077895e-05,0.0
10,strict_weight4_seed46,strict_frozen_weight4,46,read_only,future_query,TCP Scan,air-quality,unseen_in_support,12000,0.21866666666666668,0.21866666666666668,0.0,2.939835892077895e-05,2.939835892077895e-05,0.9998206696579218,0.9998206696579218,0.9998206696579218,0.9998206696579218,0.21865042301630233,0.41325565906911715
10,strict_weight4_seed46,strict_frozen_weight4,46,read_only,future_query,TCP Scan,building-monitor,unseen_in_support,12000,0.32958333333333334,0.32958333333333334,0.0,2.939835892077895e-05,2.939835892077895e-05,0.9998206696579218,0.9998206696579218,0.9998206696579218,0.9998206696579218,0.3295439381912165,0.46996375256986217
10,strict_weight4_seed46,strict_frozen_weight4,46,read_only,future_query,TCP Scan,city-power,unseen_in_support,12000,0.14758333333333334,0.14758333333333334,0.0,2.939835892077895e-05,2.939835892077895e-05,0.9998206696579218,0.9998206696579218,0.9998206696579218,0.9998206696579218,0.14758192681479831,0.3546124382400613
10,strict_weight4_seed46,strict_frozen_weight4,46,read_only,future_query,TCP Scan,combined-cycle,unseen_in_support,12000,0.22083333333333333,0.22083333333333333,0.0,2.939835892077895e-05,2.939835892077895e-05,0.9998206696579218,0.9998206696579218,0.9998206696579218,0.9998206696579218,0.22081663743745017,0.41472177360852386
10,strict_weight4_seed46,strict_frozen_weight4,46,read_only,future_query,TCP Scan,domotic-monitor,unseen_in_support,12000,0.19283333333333333,0.19283333333333333,0.0,2.939835892077895e-05,2.939835892077895e-05,0.9998206696579218,0.9998206696579218,0.9998206696579218,0.9998206696579218,0.1928224818410781,0.3944409575509654
10,strict_weight4_seed46,strict_frozen_weight4,46,read_only,future_query,TCP Scan,ip-camera-museum,unseen_in_support,12000,0.9674166666666667,0.9674166666666667,0.0,2.939835892077895e-05,0.9998206696579218,0.9998206696579218,0.9998206696579218,0.9998206696579218,0.9998206696579218,0.9672441374014294,0.17750634395810536
10,strict_weight4_seed46,strict_frozen_weight4,46,read_only,future_query,Telnet Brute Force,air-quality,unseen_in_support,12000,0.0005,0.0005,0.0,2.939835892077895e-05,2.939835892077895e-05,2.939835892077895e-05,2.939835892077895e-05,2.939835892077895e-05,0.9998206696579218,0.0005292939945702794,0.022350422757440067
10,strict_weight4_seed46,strict_frozen_weight4,46,read_only,future_query,Telnet Brute Force,building-monitor,unseen_in_support,12000,0.050666666666666665,0.050666666666666665,0.0,2.939835892077895e-05,2.939835892077895e-05,2.939835892077895e-05,0.9998206696579218,0.9998206696579218,0.9998206696579218,0.050685489438070164,0.21927033117966888
10,strict_weight4_seed46,strict_frozen_weight4,46,read_only,future_query,Telnet Brute Force,city-power,unseen_in_support,12000,0.003,0.003,0.0,2.939835892077895e-05,2.939835892077895e-05,2.939835892077895e-05,2.939835892077895e-05,2.939835892077895e-05,0.9998206696579218,0.0030287721728177825,0.0546786202754013
10,strict_weight4_seed46,strict_frozen_weight4,46,read_only,future_query,Telnet Brute Force,combined-cycle,unseen_in_support,12000,0.02625,0.02625,0.0,2.939835892077895e-05,2.939835892077895e-05,2.939835892077895e-05,2.939835892077895e-05,0.9998206696579218,0.9998206696579218,0.026273919230519555,0.15984451198295527
10,strict_weight4_seed46,strict_frozen_weight4,46,read_only,future_query,Telnet Brute Force,domotic-monitor,unseen_in_support,12000,0.03358333333333333,0.03358333333333333,0.0,2.939835892077895e-05,2.939835892077895e-05,2.939835892077895e-05,2.939835892077895e-05,0.9998206696579218,0.9998206696579218,0.03360572188671222,0.18011647810168357
10,strict_weight4_seed46,strict_frozen_weight4,46,read_only,future_query,Telnet Brute Force,ip-camera-museum,unseen_in_support,12000,0.9955,0.9955,0.0,2.939835892077895e-05,0.9998206696579218,0.9998206696579218,0.9998206696579218,0.9998206696579218,0.9998206696579218,0.9953216089370762,0.06691696414494362
10,strict_weight4_seed46,strict_frozen_weight4,46,read_only,future_query,UDP Scan,combined-cycle,unseen_in_support,4242,0.009665252239509665,0.009665252239509665,0.0,2.939835892077895e-05,2.939835892077895e-05,2.939835892077895e-05,2.939835892077895e-05,2.939835892077895e-05,0.9998206696579218,0.009692633182885664,0.09781533480109109
10,strict_weight4_seed46,strict_frozen_weight4,46,report_only,sealed_final_attack,C&C Communication,ip-camera-street,unseen_in_support,90,0.08888888888888889,0.08888888888888889,0.0,2.939835892077895e-05,2.939835892077895e-05,2.939835892077895e-05,0.9998206696579218,0.9998206696579218,0.9998206696579218,0.08889973358549864,0.2845238987390415
10,strict_weight4_seed46,strict_frozen_weight4,46,report_only,sealed_final_attack,File Download,ip-camera-street,seen_in_support,1231,1.0,1.0,0.0,0.9998206696579218,0.9998206696579218,0.9998206696579218,0.9998206696579218,0.9998206696579218,0.9998206696579218,0.999820669657922,2.220446049250313e-16
10,strict_weight4_seed46,strict_frozen_weight4,46,report_only,sealed_final_attack,Ingress Tool Transfer,ip-camera-street,seen_in_support,3702,0.20070232306861155,0.20070232306861155,0.0,2.939835892077895e-05,2.939835892077895e-05,0.9998206696579218,0.9998206696579218,0.9998206696579218,0.9998206696579218,0.20068982909235075,0.40044217894754225
10,strict_weight4_seed46,strict_frozen_weight4,46,report_only,sealed_final_attack,Merlin ICMP Flooding,ip-camera-street,seen_in_support,10011,0.9989012086704625,0.9989012086704625,0.0,2.939835892077895e-05,0.9998206696579218,0.9998206696579218,0.9998206696579218,0.9998206696579218,0.9998206696579218,0.9987221076776712,0.033122889976737666
10,strict_weight4_seed46,strict_frozen_weight4,46,report_only,sealed_final_attack,Merlin TCP Flooding,ip-camera-street,seen_in_support,15000,0.9997333333333334,0.9997333333333334,0.0,2.939835892077895e-05,0.9998206696579218,0.9998206696579218,0.9998206696579218,0.9998206696579218,0.9998206696579218,0.9995540586522421,0.01632434607825062
10,strict_weight4_seed46,strict_frozen_weight4,46,report_only,sealed_final_attack,Merlin UDP Flooding,ip-camera-street,seen_in_support,4996,1.0,1.0,0.0,0.9998206696579218,0.9998206696579218,0.9998206696579218,0.9998206696579218,0.9998206696579218,0.9998206696579218,0.9998206696579219,1.1102230246251565e-16
10,strict_weight4_seed46,strict_frozen_weight4,46,report_only,sealed_final_attack,Mirai GRE Flooding,ip-camera-street,seen_in_support,15000,1.0,1.0,0.0,0.9998206696579218,0.9998206696579218,0.9998206696579218,0.9998206696579218,0.9998206696579218,0.9998206696579218,0.9998206696579218,0.0
10,strict_weight4_seed46,strict_frozen_weight4,46,report_only,sealed_final_attack,Mirai TCP Flooding,ip-camera-street,seen_in_support,15000,0.9995333333333334,0.9995333333333334,0.0,2.939835892077895e-05,0.9998206696579218,0.9998206696579218,0.9998206696579218,0.9998206696579218,0.9998206696579218,0.9993541003979822,0.021592919827333683
10,strict_weight4_seed46,strict_frozen_weight4,46,report_only,sealed_final_attack,Mirai UDP Flooding,ip-camera-street,seen_in_support,15000,1.0,1.0,0.0,0.9998206696579218,0.9998206696579218,0.9998206696579218,0.9998206696579218,0.9998206696579218,0.9998206696579218,0.9998206696579218,0.0
10,strict_weight4_seed46,strict_frozen_weight4,46,report_only,sealed_final_attack,Reporting,ip-camera-street,unseen_in_support,74,0.16216216216216217,0.16216216216216217,0.0,2.939835892077895e-05,2.939835892077895e-05,0.9998206696579218,0.9998206696579218,0.9998206696579218,0.9998206696579218,0.16215771262362366,0.3685225680280069
10,strict_weight4_seed46,strict_frozen_weight4,46,report_only,sealed_final_attack,TCP Scan,ip-camera-street,unseen_in_support,15000,0.2770666666666667,0.2770666666666667,0.0,2.939835892077895e-05,2.939835892077895e-05,0.9998206696579218,0.9998206696579218,0.9998206696579218,0.9998206696579218,0.277038233260164,0.44745627785698217
10,strict_weight4_seed46,strict_frozen_weight4,46,report_only,sealed_final_attack,Telnet Brute Force,ip-camera-street,unseen_in_support,15000,0.2946666666666667,0.2946666666666667,0.0,2.939835892077895e-05,2.939835892077895e-05,0.9998206696579218,0.9998206696579218,0.9998206696579218,0.9998206696579218,0.2946345596350264,0.4557976170110641
