evaluation_role,dataset,holdout,split_protocol,head_id,head_family,head_label,protocol_variant,train_uses_ood_guard,threshold_uses_ood_val_guard,selected_config_id,seed,seed_group,feature_input,feature_dim,support_method,support_count,ood_target,threshold_source,threshold,attack_detection,final_ood_alarm,id_calib_alarm,ood_val_alarm,roc_auc_attack_vs_ood,pr_auc_attack_vs_ood,pauc_fpr_1pct,tpr_at_fpr_1pct,feasible_under_1pct,attack_eval_size,final_ood_eval_size,train_time,inference_time,param_count,selection_used_final_eval,threshold_uses_final_eval,hyperparameter_uses_final_eval
locked,locked_harder_holdout,holdout_bin_5,issue23_locked_leave_one_bin_local_calibration,LOW_GUARD_LR_reference,lr,LOW-GUARD-LR reference,P0_raw_train_id_threshold,False,False,lr_C1,42,main_42_46,selected_source_rich_top64,64,kcenter,32,0.01,id_calib_only_1pct,-4.95345075905269,0.9680729760547321,0.5164,0.01,0.508,0.9267826681870012,0.41135281277860847,0.49748743718592964,0.0,False,877,10000,0.1267144000157714,0.012022600043565035,65,False,False,False
locked,locked_harder_holdout,holdout_bin_5,issue23_locked_leave_one_bin_local_calibration,LOW_GUARD_LR_reference,lr,LOW-GUARD-LR reference,P1_raw_train_oodval_threshold,False,True,lr_C1,42,main_42_46,selected_source_rich_top64,64,kcenter,32,0.01,id_calib_plus_ood_val_guarded_1pct,52.191294881078356,0.0,0.0082,0.0,0.01,0.9267826681870012,0.41135281277860847,0.49748743718592964,0.0,True,877,10000,0.12207889999262989,0.011791499971877784,65,False,False,False
locked,locked_harder_holdout,holdout_bin_5,issue23_locked_leave_one_bin_local_calibration,LOW_GUARD_LR_reference,lr,LOW-GUARD-LR reference,P2_guarded_train_id_threshold,True,False,lr_C1,42,main_42_46,selected_source_rich_top64,64,kcenter,32,0.01,id_calib_only_1pct,-4.105001834742048,0.9680729760547321,0.0045,0.01,0.0005,0.9811110604332952,0.9727854578991534,0.9830738641898202,0.9680729760547321,True,877,10000,0.3498523000162095,0.011341300036292523,65,False,False,False
locked,locked_harder_holdout,holdout_bin_5,issue23_locked_leave_one_bin_local_calibration,LOW_GUARD_LR_reference,lr,LOW-GUARD-LR reference,P3_full_lowguard,True,True,lr_C1,42,main_42_46,selected_source_rich_top64,64,kcenter,32,0.01,id_calib_plus_ood_val_guarded_1pct,-4.102580408336336,0.9680729760547321,0.0045,0.01,0.0005,0.9811110604332952,0.9727854578991534,0.9830738641898202,0.9680729760547321,True,877,10000,0.3594530000118539,0.011416199966333807,65,False,False,False
locked,locked_harder_holdout,holdout_bin_5,issue23_locked_leave_one_bin_local_calibration,DevNet_like_MLP,devnet_like_mlp,DevNet-like MLP,P0_raw_train_id_threshold,False,False,mlp_h16_alpha001,42,main_42_46,selected_source_rich_top64,64,kcenter,32,0.01,id_calib_only_1pct,0.004728072332218318,0.9726339794754846,0.7201,0.01,0.722,0.9484018244013683,0.5595950423077589,0.5083456048772941,0.07639680729760548,False,877,10000,0.6246073999791406,0.010196599992923439,1057,False,False,False
locked,locked_harder_holdout,holdout_bin_5,issue23_locked_leave_one_bin_local_calibration,DevNet_like_MLP,devnet_like_mlp,DevNet-like MLP,P1_raw_train_oodval_threshold,False,True,mlp_h8_alpha001,42,main_42_46,selected_source_rich_top64,64,kcenter,32,0.01,id_calib_plus_ood_val_guarded_1pct,0.8075320093035672,0.8962371721778791,0.016,0.0,0.01,0.9668576966932726,0.904132415913182,0.7800118036018175,0.74230330672748,False,877,10000,0.7060583000420593,0.010481700010132045,529,False,False,False
locked,locked_harder_holdout,holdout_bin_5,issue23_locked_leave_one_bin_local_calibration,DevNet_like_MLP,devnet_like_mlp,DevNet-like MLP,P2_guarded_train_id_threshold,True,False,mlp_h8_alpha001,42,main_42_46,selected_source_rich_top64,64,kcenter,32,0.01,id_calib_only_1pct,0.003941846564412126,0.9612314709236032,0.0079,0.01,0.0025,0.9847846066134551,0.9717008617820346,0.9712874520836795,0.9623717217787914,True,877,10000,1.1761923999874853,0.008486300008371472,529,False,False,False
locked,locked_harder_holdout,holdout_bin_5,issue23_locked_leave_one_bin_local_calibration,DevNet_like_MLP,devnet_like_mlp,DevNet-like MLP,P3_full_lowguard,True,True,mlp_h8_alpha001,42,main_42_46,selected_source_rich_top64,64,kcenter,32,0.01,id_calib_plus_ood_val_guarded_1pct,0.003972698320168992,0.9612314709236032,0.0079,0.01,0.0025,0.9847846066134551,0.9717008617820346,0.9712874520836795,0.9623717217787914,True,877,10000,1.2993587999953888,0.009419099951628596,529,False,False,False
locked,locked_harder_holdout,holdout_bin_5,issue23_locked_leave_one_bin_local_calibration,HistGB_shallow,histgb,HistGB shallow,P0_raw_train_id_threshold,False,False,histgb_depth3_iter50_lr005,42,main_42_46,selected_source_rich_top64,64,kcenter,32,0.01,id_calib_only_1pct,0.0008499567004778843,0.984036488027366,0.7891,0.0096,0.7795,0.9527080957810719,0.8211847132610861,0.8189235802730872,0.6522234891676169,False,877,10000,0.12741720001213253,0.016374300001189113,50,False,False,False
locked,locked_harder_holdout,holdout_bin_5,issue23_locked_leave_one_bin_local_calibration,HistGB_shallow,histgb,HistGB shallow,P1_raw_train_oodval_threshold,False,True,histgb_depth2_iter50_lr005,42,main_42_46,selected_source_rich_top64,64,kcenter,32,0.01,id_calib_plus_ood_val_guarded_1pct,0.12140935496071886,0.7548460661345496,0.0009,0.0,0.001,0.9579780501710375,0.8693668078983201,0.8728534347908299,0.7548460661345496,True,877,10000,0.10626350005622953,0.01589749997947365,50,False,False,False
locked,locked_harder_holdout,holdout_bin_5,issue23_locked_leave_one_bin_local_calibration,HistGB_shallow,histgb,HistGB shallow,P2_guarded_train_id_threshold,True,False,histgb_depth2_iter50_lr005,42,main_42_46,selected_source_rich_top64,64,kcenter,32,0.01,id_calib_only_1pct,0.00013997301223243175,0.9680729760547321,0.0661,0.0092,0.059,0.9947586088939567,0.9760523089430317,0.9838474012021339,0.9680729760547321,False,877,10000,0.1729551999596879,0.017458899994380772,50,False,False,False
locked,locked_harder_holdout,holdout_bin_5,issue23_locked_leave_one_bin_local_calibration,HistGB_shallow,histgb,HistGB shallow,P3_full_lowguard,True,True,histgb_depth2_iter50_lr005,42,main_42_46,selected_source_rich_top64,64,kcenter,32,0.01,id_calib_plus_ood_val_guarded_1pct,0.0005449213739956127,0.9680729760547321,0.0083,0.008,0.006,0.9947586088939567,0.9760523089430317,0.9838474012021339,0.9680729760547321,True,877,10000,0.17053619999205694,0.013415599998552352,50,False,False,False
locked,locked_harder_holdout,holdout_bin_5,issue23_locked_leave_one_bin_local_calibration,DeepSAD_like_center,deepsad_like_center,DeepSAD-like center,P0_raw_train_id_threshold,False,False,center_lambda0,42,main_42_46,selected_source_rich_top64,64,kcenter,32,0.01,id_calib_only_1pct,368.8057672119144,0.03078677309007982,0.2736,0.01,0.267,0.3696525655644242,0.05895249390758186,0.49748743718592964,0.0,False,877,10000,0.01121570001123473,0.009965899982489645,128,False,False,False
locked,locked_harder_holdout,holdout_bin_5,issue23_locked_leave_one_bin_local_calibration,DeepSAD_like_center,deepsad_like_center,DeepSAD-like center,P1_raw_train_oodval_threshold,False,True,center_lambda0,42,main_42_46,selected_source_rich_top64,64,kcenter,32,0.01,id_calib_plus_ood_val_guarded_1pct,16514.30026855469,0.0,0.0088,0.0,0.01,0.3696525655644242,0.05895249390758186,0.49748743718592964,0.0,True,877,10000,0.010495900001842529,0.011103900033049285,128,False,False,False
locked,locked_harder_holdout,holdout_bin_5,issue23_locked_leave_one_bin_local_calibration,DeepSAD_like_center,deepsad_like_center,DeepSAD-like center,P2_guarded_train_id_threshold,True,False,center_lambda0,42,main_42_46,selected_source_rich_top64,64,kcenter,32,0.01,id_calib_only_1pct,151.41866790771488,0.021664766248574687,0.0248,0.01,0.022,0.8197805017103763,0.20032982173204344,0.49748743718592964,0.0,False,877,10000,0.01545910001732409,0.009041999990586191,128,False,False,False
locked,locked_harder_holdout,holdout_bin_5,issue23_locked_leave_one_bin_local_calibration,DeepSAD_like_center,deepsad_like_center,DeepSAD-like center,P3_full_lowguard,True,True,center_lambda2,42,main_42_46,selected_source_rich_top64,64,kcenter,32,0.01,id_calib_plus_ood_val_guarded_1pct,669.7069595642089,0.08095781071835804,0.0124,0.002,0.01,0.8261974914481185,0.2349829614422868,0.5131931034877925,0.07297605473204105,False,877,10000,0.018181300023570657,0.01319229998625815,128,False,False,False
locked,locked_harder_holdout,holdout_bin_5,issue23_locked_leave_one_bin_local_calibration,Prototype_metric_LR,prototype_metric_lr,Prototype / metric LR,P0_raw_train_id_threshold,False,False,prototype_metric_lr_C1,42,main_42_46,selected_source_rich_top64,64,kcenter,32,0.01,id_calib_only_1pct,2.9725521564011768,0.10148232611174458,0.0547,0.01,0.0505,0.7091856328392246,0.16809916948295667,0.49748743718592964,0.0,False,877,10000,0.00993419997394085,0.007859100005589426,132,False,False,False
locked,locked_harder_holdout,holdout_bin_5,issue23_locked_leave_one_bin_local_calibration,Prototype_metric_LR,prototype_metric_lr,Prototype / metric LR,P1_raw_train_oodval_threshold,False,True,prototype_metric_lr_C1,42,main_42_46,selected_source_rich_top64,64,kcenter,32,0.01,id_calib_plus_ood_val_guarded_1pct,3.426539629259672,0.0,0.0081,0.0,0.01,0.7091856328392246,0.16809916948295667,0.49748743718592964,0.0,True,877,10000,0.009708300000056624,0.0071430999669246376,132,False,False,False
locked,locked_harder_holdout,holdout_bin_5,issue23_locked_leave_one_bin_local_calibration,Prototype_metric_LR,prototype_metric_lr,Prototype / metric LR,P2_guarded_train_id_threshold,True,False,prototype_metric_lr_C1,42,main_42_46,selected_source_rich_top64,64,kcenter,32,0.01,id_calib_only_1pct,2.0207419884223023,0.2645381984036488,0.0094,0.01,0.007,0.9340183580387683,0.49847009590096475,0.5235183901262298,0.29646522234891676,True,877,10000,0.023813300009351224,0.010181999998167157,198,False,False,False
locked,locked_harder_holdout,holdout_bin_5,issue23_locked_leave_one_bin_local_calibration,Prototype_metric_LR,prototype_metric_lr,Prototype / metric LR,P3_full_lowguard,True,True,prototype_metric_lr_C1,42,main_42_46,selected_source_rich_top64,64,kcenter,32,0.01,id_calib_plus_ood_val_guarded_1pct,2.021098766274577,0.2645381984036488,0.0094,0.0098,0.007,0.9340183580387683,0.49847009590096475,0.5235183901262298,0.29646522234891676,True,877,10000,0.02202989999204874,0.013738100009504706,198,False,False,False
locked,locked_harder_holdout,holdout_bin_5,issue23_locked_leave_one_bin_local_calibration,RFF_Logistic,rff_logistic,RFF Logistic optional,P0_raw_train_id_threshold,False,False,rff128_gamma1_C1,42,main_42_46,selected_source_rich_top64,64,kcenter,32,0.01,id_calib_only_1pct,2.4355117962198514,0.013683010262257697,0.0323,0.01,0.031,0.5267418472063854,0.08404325239721848,0.4976593342997771,0.002280501710376283,False,877,10000,0.15547349996631965,0.02757720003137365,8321,False,False,False
locked,locked_harder_holdout,holdout_bin_5,issue23_locked_leave_one_bin_local_calibration,RFF_Logistic,rff_logistic,RFF Logistic optional,P1_raw_train_oodval_threshold,False,True,rff128_gamma01_C1,42,main_42_46,selected_source_rich_top64,64,kcenter,32,0.01,id_calib_plus_ood_val_guarded_1pct,4.545321983832197,0.021664766248574687,0.0119,0.0,0.01,0.48930171037628284,0.08365723940850066,0.5040080677045432,0.020524515393386546,False,877,10000,0.16154030000325292,0.027078700019046664,8321,False,False,False
locked,locked_harder_holdout,holdout_bin_5,issue23_locked_leave_one_bin_local_calibration,RFF_Logistic,rff_logistic,RFF Logistic optional,P2_guarded_train_id_threshold,True,False,rff128_gamma01_C1,42,main_42_46,selected_source_rich_top64,64,kcenter,32,0.01,id_calib_only_1pct,1.1995750541393302,0.11972633979475485,0.0102,0.01,0.008,0.7343803876852908,0.27010764015906824,0.5354136704044739,0.11744583808437856,False,877,10000,0.5816971000167541,0.027428500005044043,8321,False,False,False
locked,locked_harder_holdout,holdout_bin_5,issue23_locked_leave_one_bin_local_calibration,RFF_Logistic,rff_logistic,RFF Logistic optional,P3_full_lowguard,True,True,rff128_gamma01_C1,42,main_42_46,selected_source_rich_top64,64,kcenter,32,0.01,id_calib_plus_ood_val_guarded_1pct,1.2503016562245743,0.11858608893956671,0.0102,0.0098,0.008,0.7343803876852908,0.27010764015906824,0.5354136704044739,0.11744583808437856,False,877,10000,0.5283849000115879,0.023961000028066337,8321,False,False,False
locked,locked_harder_holdout,holdout_bin_5,issue23_locked_leave_one_bin_local_calibration,LOW_GUARD_LR_reference,lr,LOW-GUARD-LR reference,P0_raw_train_id_threshold,False,False,lr_C1,43,main_42_46,selected_source_rich_top64,64,kcenter,32,0.01,id_calib_only_1pct,-4.95345075905269,0.9680729760547321,0.5164,0.01,0.508,0.9267826681870012,0.41135281277860847,0.49748743718592964,0.0,False,877,10000,0.10616909997770563,0.013582199986558408,65,False,False,False
locked,locked_harder_holdout,holdout_bin_5,issue23_locked_leave_one_bin_local_calibration,LOW_GUARD_LR_reference,lr,LOW-GUARD-LR reference,P1_raw_train_oodval_threshold,False,True,lr_C1,43,main_42_46,selected_source_rich_top64,64,kcenter,32,0.01,id_calib_plus_ood_val_guarded_1pct,52.191294881078356,0.0,0.0082,0.0,0.01,0.9267826681870012,0.41135281277860847,0.49748743718592964,0.0,True,877,10000,0.11694139998871833,0.011084700003266335,65,False,False,False
locked,locked_harder_holdout,holdout_bin_5,issue23_locked_leave_one_bin_local_calibration,LOW_GUARD_LR_reference,lr,LOW-GUARD-LR reference,P2_guarded_train_id_threshold,True,False,lr_C1,43,main_42_46,selected_source_rich_top64,64,kcenter,32,0.01,id_calib_only_1pct,-4.105001834742048,0.9680729760547321,0.0045,0.01,0.0005,0.9811110604332952,0.9727854578991534,0.9830738641898202,0.9680729760547321,True,877,10000,0.37551929999608546,0.010456899995915592,65,False,False,False
locked,locked_harder_holdout,holdout_bin_5,issue23_locked_leave_one_bin_local_calibration,LOW_GUARD_LR_reference,lr,LOW-GUARD-LR reference,P3_full_lowguard,True,True,lr_C1,43,main_42_46,selected_source_rich_top64,64,kcenter,32,0.01,id_calib_plus_ood_val_guarded_1pct,-4.102580408336336,0.9680729760547321,0.0045,0.01,0.0005,0.9811110604332952,0.9727854578991534,0.9830738641898202,0.9680729760547321,True,877,10000,0.3595853000297211,0.014980799984186888,65,False,False,False
locked,locked_harder_holdout,holdout_bin_5,issue23_locked_leave_one_bin_local_calibration,DevNet_like_MLP,devnet_like_mlp,DevNet-like MLP,P0_raw_train_id_threshold,False,False,mlp_h8_alpha001,43,main_42_46,selected_source_rich_top64,64,kcenter,32,0.01,id_calib_only_1pct,0.005690368353389208,0.9680729760547321,0.4781,0.01,0.469,0.882367046750285,0.36135135322231093,0.4982552442944483,0.018244013683010263,False,877,10000,0.7524945000186563,0.00888669997220859,529,False,False,False
locked,locked_harder_holdout,holdout_bin_5,issue23_locked_leave_one_bin_local_calibration,DevNet_like_MLP,devnet_like_mlp,DevNet-like MLP,P1_raw_train_oodval_threshold,False,True,mlp_h8_alpha001,43,main_42_46,selected_source_rich_top64,64,kcenter,32,0.01,id_calib_plus_ood_val_guarded_1pct,0.9981118464469908,0.07411630558722919,0.0134,0.0,0.01,0.882367046750285,0.36135135322231093,0.4982552442944483,0.018244013683010263,False,877,10000,0.7971171999815851,0.00907329999608919,529,False,False,False
locked,locked_harder_holdout,holdout_bin_5,issue23_locked_leave_one_bin_local_calibration,DevNet_like_MLP,devnet_like_mlp,DevNet-like MLP,P2_guarded_train_id_threshold,True,False,mlp_h16_alpha001,43,main_42_46,selected_source_rich_top64,64,kcenter,32,0.01,id_calib_only_1pct,0.0034220928279683287,0.9669327251995439,0.0069,0.01,0.002,0.9865144811858609,0.9779407481022957,0.9774986677973676,0.9680729760547321,True,877,10000,1.3081112999934703,0.009081800002604723,1057,False,False,False
locked,locked_harder_holdout,holdout_bin_5,issue23_locked_leave_one_bin_local_calibration,DevNet_like_MLP,devnet_like_mlp,DevNet-like MLP,P3_full_lowguard,True,True,mlp_h16_alpha001,43,main_42_46,selected_source_rich_top64,64,kcenter,32,0.01,id_calib_plus_ood_val_guarded_1pct,0.0036309990682640114,0.9657924743443558,0.0064,0.0098,0.002,0.9865144811858609,0.9779407481022957,0.9774986677973676,0.9680729760547321,True,877,10000,1.2754714000038803,0.011201700021047145,1057,False,False,False
locked,locked_harder_holdout,holdout_bin_5,issue23_locked_leave_one_bin_local_calibration,HistGB_shallow,histgb,HistGB shallow,P0_raw_train_id_threshold,False,False,histgb_depth2_iter50_lr005,43,main_42_46,selected_source_rich_top64,64,kcenter,32,0.01,id_calib_only_1pct,0.0008980514001295264,0.9703534777651083,0.5795,0.0084,0.5685,0.9579780501710375,0.8693668078983201,0.8728534347908299,0.7548460661345496,False,877,10000,0.12322130001848564,0.01775400002952665,50,False,False,False
locked,locked_harder_holdout,holdout_bin_5,issue23_locked_leave_one_bin_local_calibration,HistGB_shallow,histgb,HistGB shallow,P1_raw_train_oodval_threshold,False,True,histgb_depth2_iter50_lr005,43,main_42_46,selected_source_rich_top64,64,kcenter,32,0.01,id_calib_plus_ood_val_guarded_1pct,0.12140935496071886,0.7548460661345496,0.0009,0.0,0.001,0.9579780501710375,0.8693668078983201,0.8728534347908299,0.7548460661345496,True,877,10000,0.1033191999886185,0.01823980000335723,50,False,False,False
locked,locked_harder_holdout,holdout_bin_5,issue23_locked_leave_one_bin_local_calibration,HistGB_shallow,histgb,HistGB shallow,P2_guarded_train_id_threshold,True,False,histgb_depth2_iter50_lr005,43,main_42_46,selected_source_rich_top64,64,kcenter,32,0.01,id_calib_only_1pct,0.0002143267650123109,0.9680729760547321,0.0334,0.0076,0.032,0.9965497149372862,0.9824851760155361,0.9834061986099253,0.9680729760547321,False,877,10000,0.16490390000399202,0.015192999970167875,50,False,False,False
locked,locked_harder_holdout,holdout_bin_5,issue23_locked_leave_one_bin_local_calibration,HistGB_shallow,histgb,HistGB shallow,P3_full_lowguard,True,True,histgb_depth2_iter50_lr005,43,main_42_46,selected_source_rich_top64,64,kcenter,32,0.01,id_calib_plus_ood_val_guarded_1pct,0.0007699391682319002,0.9669327251995439,0.0055,0.0028,0.0065,0.9965497149372862,0.9824851760155361,0.9834061986099253,0.9680729760547321,True,877,10000,0.15472609997959808,0.01654949999647215,50,False,False,False
locked,locked_harder_holdout,holdout_bin_5,issue23_locked_leave_one_bin_local_calibration,DeepSAD_like_center,deepsad_like_center,DeepSAD-like center,P0_raw_train_id_threshold,False,False,center_lambda0,43,main_42_46,selected_source_rich_top64,64,kcenter,32,0.01,id_calib_only_1pct,368.8057672119144,0.03078677309007982,0.2736,0.01,0.267,0.3696525655644242,0.05895249390758186,0.49748743718592964,0.0,False,877,10000,0.00822010001866147,0.010100000014062971,128,False,False,False
locked,locked_harder_holdout,holdout_bin_5,issue23_locked_leave_one_bin_local_calibration,DeepSAD_like_center,deepsad_like_center,DeepSAD-like center,P1_raw_train_oodval_threshold,False,True,center_lambda0,43,main_42_46,selected_source_rich_top64,64,kcenter,32,0.01,id_calib_plus_ood_val_guarded_1pct,16514.30026855469,0.0,0.0088,0.0,0.01,0.3696525655644242,0.05895249390758186,0.49748743718592964,0.0,True,877,10000,0.01260840002214536,0.009699399990495294,128,False,False,False
locked,locked_harder_holdout,holdout_bin_5,issue23_locked_leave_one_bin_local_calibration,DeepSAD_like_center,deepsad_like_center,DeepSAD-like center,P2_guarded_train_id_threshold,True,False,center_lambda2,43,main_42_46,selected_source_rich_top64,64,kcenter,32,0.01,id_calib_only_1pct,512.7422131347663,0.12086659064994298,0.0268,0.01,0.0215,0.8261974914481185,0.2349829614422868,0.5131931034877925,0.07297605473204105,False,877,10000,0.017403199977707118,0.009180599998217076,128,False,False,False
locked,locked_harder_holdout,holdout_bin_5,issue23_locked_leave_one_bin_local_calibration,DeepSAD_like_center,deepsad_like_center,DeepSAD-like center,P3_full_lowguard,True,True,center_lambda1,43,main_42_46,selected_source_rich_top64,64,kcenter,32,0.01,id_calib_plus_ood_val_guarded_1pct,461.7895325088493,0.03876852907639681,0.0115,0.0014,0.01,0.8265279361459521,0.22264665645230236,0.5017103762827823,0.03534777651083238,False,877,10000,0.018091299978550524,0.009917099960148335,128,False,False,False
locked,locked_harder_holdout,holdout_bin_5,issue23_locked_leave_one_bin_local_calibration,Prototype_metric_LR,prototype_metric_lr,Prototype / metric LR,P0_raw_train_id_threshold,False,False,prototype_metric_lr_C1,43,main_42_46,selected_source_rich_top64,64,kcenter,32,0.01,id_calib_only_1pct,2.9725521564011768,0.10148232611174458,0.0547,0.01,0.0505,0.7091856328392246,0.16809916948295667,0.49748743718592964,0.0,False,877,10000,0.00922869995702058,0.007220699975732714,132,False,False,False
locked,locked_harder_holdout,holdout_bin_5,issue23_locked_leave_one_bin_local_calibration,Prototype_metric_LR,prototype_metric_lr,Prototype / metric LR,P1_raw_train_oodval_threshold,False,True,prototype_metric_lr_C1,43,main_42_46,selected_source_rich_top64,64,kcenter,32,0.01,id_calib_plus_ood_val_guarded_1pct,3.426539629259672,0.0,0.0081,0.0,0.01,0.7091856328392246,0.16809916948295667,0.49748743718592964,0.0,True,877,10000,0.009244599961675704,0.006708300032187253,132,False,False,False
locked,locked_harder_holdout,holdout_bin_5,issue23_locked_leave_one_bin_local_calibration,Prototype_metric_LR,prototype_metric_lr,Prototype / metric LR,P2_guarded_train_id_threshold,True,False,prototype_metric_lr_C1,43,main_42_46,selected_source_rich_top64,64,kcenter,32,0.01,id_calib_only_1pct,2.0207419884223023,0.2645381984036488,0.0094,0.01,0.007,0.9340183580387683,0.49847009590096475,0.5235183901262298,0.29646522234891676,True,877,10000,0.026521800027694553,0.015054300019983202,198,False,False,False
locked,locked_harder_holdout,holdout_bin_5,issue23_locked_leave_one_bin_local_calibration,Prototype_metric_LR,prototype_metric_lr,Prototype / metric LR,P3_full_lowguard,True,True,prototype_metric_lr_C1,43,main_42_46,selected_source_rich_top64,64,kcenter,32,0.01,id_calib_plus_ood_val_guarded_1pct,2.021098766274577,0.2645381984036488,0.0094,0.0098,0.007,0.9340183580387683,0.49847009590096475,0.5235183901262298,0.29646522234891676,True,877,10000,0.024157700012438,0.014542800025083125,198,False,False,False
locked,locked_harder_holdout,holdout_bin_5,issue23_locked_leave_one_bin_local_calibration,RFF_Logistic,rff_logistic,RFF Logistic optional,P0_raw_train_id_threshold,False,False,rff256_gamma1_C1,43,main_42_46,selected_source_rich_top64,64,kcenter,32,0.01,id_calib_only_1pct,0.9520713724720969,0.012542759407069556,0.0207,0.01,0.0205,0.48096066134549603,0.07661367185166523,0.4988969935194788,0.009122006841505131,False,877,10000,0.3888372000074014,0.041752499993890524,16641,False,False,False
locked,locked_harder_holdout,holdout_bin_5,issue23_locked_leave_one_bin_local_calibration,RFF_Logistic,rff_logistic,RFF Logistic optional,P1_raw_train_oodval_threshold,False,True,rff256_gamma01_C1,43,main_42_46,selected_source_rich_top64,64,kcenter,32,0.01,id_calib_plus_ood_val_guarded_1pct,2.883614488097066,0.013683010262257697,0.0088,0.0,0.01,0.42493797035347775,0.07085805473004583,0.5021171994522212,0.014823261117445839,True,877,10000,0.38823219999903813,0.0393177000223659,16641,False,False,False
locked,locked_harder_holdout,holdout_bin_5,issue23_locked_leave_one_bin_local_calibration,RFF_Logistic,rff_logistic,RFF Logistic optional,P2_guarded_train_id_threshold,True,False,rff256_gamma01_C1,43,main_42_46,selected_source_rich_top64,64,kcenter,32,0.01,id_calib_only_1pct,-0.027982437281827283,0.17103762827822122,0.0037,0.01,0.002,0.8419728620296466,0.4752519069006359,0.5905697243343284,0.29874572405929306,True,877,10000,0.9478150000213645,0.04555809998419136,16641,False,False,False
locked,locked_harder_holdout,holdout_bin_5,issue23_locked_leave_one_bin_local_calibration,RFF_Logistic,rff_logistic,RFF Logistic optional,P3_full_lowguard,True,True,rff256_gamma01_C1,43,main_42_46,selected_source_rich_top64,64,kcenter,32,0.01,id_calib_plus_ood_val_guarded_1pct,-0.020907921788033672,0.16989737742303307,0.0037,0.0098,0.002,0.8419728620296466,0.4752519069006359,0.5905697243343284,0.29874572405929306,True,877,10000,0.9107764000073075,0.03928820003056899,16641,False,False,False
locked,locked_harder_holdout,holdout_bin_5,issue23_locked_leave_one_bin_local_calibration,LOW_GUARD_LR_reference,lr,LOW-GUARD-LR reference,P0_raw_train_id_threshold,False,False,lr_C1,44,main_42_46,selected_source_rich_top64,64,kcenter,32,0.01,id_calib_only_1pct,-4.95345075905269,0.9680729760547321,0.5164,0.01,0.508,0.9267826681870012,0.41135281277860847,0.49748743718592964,0.0,False,877,10000,0.13084699999308214,0.011649499996565282,65,False,False,False
locked,locked_harder_holdout,holdout_bin_5,issue23_locked_leave_one_bin_local_calibration,LOW_GUARD_LR_reference,lr,LOW-GUARD-LR reference,P1_raw_train_oodval_threshold,False,True,lr_C1,44,main_42_46,selected_source_rich_top64,64,kcenter,32,0.01,id_calib_plus_ood_val_guarded_1pct,52.191294881078356,0.0,0.0082,0.0,0.01,0.9267826681870012,0.41135281277860847,0.49748743718592964,0.0,True,877,10000,0.12519270001212135,0.01289900002302602,65,False,False,False
locked,locked_harder_holdout,holdout_bin_5,issue23_locked_leave_one_bin_local_calibration,LOW_GUARD_LR_reference,lr,LOW-GUARD-LR reference,P2_guarded_train_id_threshold,True,False,lr_C1,44,main_42_46,selected_source_rich_top64,64,kcenter,32,0.01,id_calib_only_1pct,-4.105001834742048,0.9680729760547321,0.0045,0.01,0.0005,0.9811110604332952,0.9727854578991534,0.9830738641898202,0.9680729760547321,True,877,10000,0.400586600007955,0.010313300008419901,65,False,False,False
locked,locked_harder_holdout,holdout_bin_5,issue23_locked_leave_one_bin_local_calibration,LOW_GUARD_LR_reference,lr,LOW-GUARD-LR reference,P3_full_lowguard,True,True,lr_C1,44,main_42_46,selected_source_rich_top64,64,kcenter,32,0.01,id_calib_plus_ood_val_guarded_1pct,-4.102580408336336,0.9680729760547321,0.0045,0.01,0.0005,0.9811110604332952,0.9727854578991534,0.9830738641898202,0.9680729760547321,True,877,10000,0.3673282999661751,0.010716099990531802,65,False,False,False
locked,locked_harder_holdout,holdout_bin_5,issue23_locked_leave_one_bin_local_calibration,DevNet_like_MLP,devnet_like_mlp,DevNet-like MLP,P0_raw_train_id_threshold,False,False,mlp_h16_alpha001,44,main_42_46,selected_source_rich_top64,64,kcenter,32,0.01,id_calib_only_1pct,0.004377832799218607,0.9669327251995439,0.5391,0.01,0.5285,0.9535285062713797,0.6409036541094616,0.507950241515445,0.09806157354618016,False,877,10000,0.6472825999953784,0.010995999968145043,1057,False,False,False
locked,locked_harder_holdout,holdout_bin_5,issue23_locked_leave_one_bin_local_calibration,DevNet_like_MLP,devnet_like_mlp,DevNet-like MLP,P1_raw_train_oodval_threshold,False,True,mlp_h16_alpha001,44,main_42_46,selected_source_rich_top64,64,kcenter,32,0.01,id_calib_plus_ood_val_guarded_1pct,0.8356777719258518,0.7058152793614595,0.0184,0.0,0.01,0.9535285062713797,0.6409036541094616,0.507950241515445,0.09806157354618016,False,877,10000,0.747525000013411,0.01071790000423789,1057,False,False,False
locked,locked_harder_holdout,holdout_bin_5,issue23_locked_leave_one_bin_local_calibration,DevNet_like_MLP,devnet_like_mlp,DevNet-like MLP,P2_guarded_train_id_threshold,True,False,mlp_h8_alpha001,44,main_42_46,selected_source_rich_top64,64,kcenter,32,0.01,id_calib_only_1pct,0.005429751616902656,0.9589509692132269,0.0072,0.01,0.0005,0.9829757126567845,0.9604848342199559,0.9472333159526252,0.9623717217787914,True,877,10000,1.185696000000462,0.011122900003101677,529,False,False,False
locked,locked_harder_holdout,holdout_bin_5,issue23_locked_leave_one_bin_local_calibration,DevNet_like_MLP,devnet_like_mlp,DevNet-like MLP,P3_full_lowguard,True,True,mlp_h8_alpha001,44,main_42_46,selected_source_rich_top64,64,kcenter,32,0.01,id_calib_plus_ood_val_guarded_1pct,0.005437313782633299,0.9589509692132269,0.0072,0.01,0.0005,0.9829757126567845,0.9604848342199559,0.9472333159526252,0.9623717217787914,True,877,10000,1.2186827000114135,0.01427670003613457,529,False,False,False
locked,locked_harder_holdout,holdout_bin_5,issue23_locked_leave_one_bin_local_calibration,HistGB_shallow,histgb,HistGB shallow,P0_raw_train_id_threshold,False,False,histgb_depth2_iter50_lr005,44,main_42_46,selected_source_rich_top64,64,kcenter,32,0.01,id_calib_only_1pct,0.0008980514001295264,0.9703534777651083,0.5795,0.0084,0.5685,0.9579780501710375,0.8693668078983201,0.8728534347908299,0.7548460661345496,False,877,10000,0.12557030003517866,0.016509100038092583,50,False,False,False
locked,locked_harder_holdout,holdout_bin_5,issue23_locked_leave_one_bin_local_calibration,HistGB_shallow,histgb,HistGB shallow,P1_raw_train_oodval_threshold,False,True,histgb_depth2_iter50_lr005,44,main_42_46,selected_source_rich_top64,64,kcenter,32,0.01,id_calib_plus_ood_val_guarded_1pct,0.12140935496071886,0.7548460661345496,0.0009,0.0,0.001,0.9579780501710375,0.8693668078983201,0.8728534347908299,0.7548460661345496,True,877,10000,0.11328210000647232,0.01641189999645576,50,False,False,False
locked,locked_harder_holdout,holdout_bin_5,issue23_locked_leave_one_bin_local_calibration,HistGB_shallow,histgb,HistGB shallow,P2_guarded_train_id_threshold,True,False,histgb_depth3_iter50_lr005,44,main_42_46,selected_source_rich_top64,64,kcenter,32,0.01,id_calib_only_1pct,0.0004382992285403747,0.9657924743443558,0.0043,0.0084,0.003,0.994769669327252,0.975321841936121,0.9804724878669288,0.9680729760547321,True,877,10000,0.18013150000479072,0.016747599991504103,50,False,False,False
locked,locked_harder_holdout,holdout_bin_5,issue23_locked_leave_one_bin_local_calibration,HistGB_shallow,histgb,HistGB shallow,P3_full_lowguard,True,True,histgb_depth3_iter50_lr005,44,main_42_46,selected_source_rich_top64,64,kcenter,32,0.01,id_calib_plus_ood_val_guarded_1pct,0.0004382992285403747,0.9657924743443558,0.0043,0.0084,0.003,0.994769669327252,0.975321841936121,0.9804724878669288,0.9680729760547321,True,877,10000,0.17266909999307245,0.021008200012147427,50,False,False,False
locked,locked_harder_holdout,holdout_bin_5,issue23_locked_leave_one_bin_local_calibration,DeepSAD_like_center,deepsad_like_center,DeepSAD-like center,P0_raw_train_id_threshold,False,False,center_lambda0,44,main_42_46,selected_source_rich_top64,64,kcenter,32,0.01,id_calib_only_1pct,368.8057672119144,0.03078677309007982,0.2736,0.01,0.267,0.3696525655644242,0.05895249390758186,0.49748743718592964,0.0,False,877,10000,0.010107900016009808,0.010071200027596205,128,False,False,False
locked,locked_harder_holdout,holdout_bin_5,issue23_locked_leave_one_bin_local_calibration,DeepSAD_like_center,deepsad_like_center,DeepSAD-like center,P1_raw_train_oodval_threshold,False,True,center_lambda0,44,main_42_46,selected_source_rich_top64,64,kcenter,32,0.01,id_calib_plus_ood_val_guarded_1pct,16514.30026855469,0.0,0.0088,0.0,0.01,0.3696525655644242,0.05895249390758186,0.49748743718592964,0.0,True,877,10000,0.00821260001976043,0.010395199991762638,128,False,False,False
locked,locked_harder_holdout,holdout_bin_5,issue23_locked_leave_one_bin_local_calibration,DeepSAD_like_center,deepsad_like_center,DeepSAD-like center,P2_guarded_train_id_threshold,True,False,center_lambda2,44,main_42_46,selected_source_rich_top64,64,kcenter,32,0.01,id_calib_only_1pct,512.7422131347663,0.12086659064994298,0.0268,0.01,0.0215,0.8261974914481185,0.2349829614422868,0.5131931034877925,0.07297605473204105,False,877,10000,0.0181122999638319,0.011529000010341406,128,False,False,False
locked,locked_harder_holdout,holdout_bin_5,issue23_locked_leave_one_bin_local_calibration,DeepSAD_like_center,deepsad_like_center,DeepSAD-like center,P3_full_lowguard,True,True,center_lambda1,44,main_42_46,selected_source_rich_top64,64,kcenter,32,0.01,id_calib_plus_ood_val_guarded_1pct,461.7895325088493,0.03876852907639681,0.0115,0.0014,0.01,0.8265279361459521,0.22264665645230236,0.5017103762827823,0.03534777651083238,False,877,10000,0.019644299987703562,0.009892100002616644,128,False,False,False
locked,locked_harder_holdout,holdout_bin_5,issue23_locked_leave_one_bin_local_calibration,Prototype_metric_LR,prototype_metric_lr,Prototype / metric LR,P0_raw_train_id_threshold,False,False,prototype_metric_lr_C1,44,main_42_46,selected_source_rich_top64,64,kcenter,32,0.01,id_calib_only_1pct,2.9725521564011768,0.10148232611174458,0.0547,0.01,0.0505,0.7091856328392246,0.16809916948295667,0.49748743718592964,0.0,False,877,10000,0.009743700036779046,0.007833999989088625,132,False,False,False
locked,locked_harder_holdout,holdout_bin_5,issue23_locked_leave_one_bin_local_calibration,Prototype_metric_LR,prototype_metric_lr,Prototype / metric LR,P1_raw_train_oodval_threshold,False,True,prototype_metric_lr_C1,44,main_42_46,selected_source_rich_top64,64,kcenter,32,0.01,id_calib_plus_ood_val_guarded_1pct,3.426539629259672,0.0,0.0081,0.0,0.01,0.7091856328392246,0.16809916948295667,0.49748743718592964,0.0,True,877,10000,0.012199699995107949,0.007020399963948876,132,False,False,False
locked,locked_harder_holdout,holdout_bin_5,issue23_locked_leave_one_bin_local_calibration,Prototype_metric_LR,prototype_metric_lr,Prototype / metric LR,P2_guarded_train_id_threshold,True,False,prototype_metric_lr_C1,44,main_42_46,selected_source_rich_top64,64,kcenter,32,0.01,id_calib_only_1pct,2.0207419884223023,0.2645381984036488,0.0094,0.01,0.007,0.9340183580387683,0.49847009590096475,0.5235183901262298,0.29646522234891676,True,877,10000,0.023025100002996624,0.010250999999698251,198,False,False,False
locked,locked_harder_holdout,holdout_bin_5,issue23_locked_leave_one_bin_local_calibration,Prototype_metric_LR,prototype_metric_lr,Prototype / metric LR,P3_full_lowguard,True,True,prototype_metric_lr_C1,44,main_42_46,selected_source_rich_top64,64,kcenter,32,0.01,id_calib_plus_ood_val_guarded_1pct,2.021098766274577,0.2645381984036488,0.0094,0.0098,0.007,0.9340183580387683,0.49847009590096475,0.5235183901262298,0.29646522234891676,True,877,10000,0.02295760001288727,0.01672730001155287,198,False,False,False
locked,locked_harder_holdout,holdout_bin_5,issue23_locked_leave_one_bin_local_calibration,RFF_Logistic,rff_logistic,RFF Logistic optional,P0_raw_train_id_threshold,False,False,rff256_gamma1_C1,44,main_42_46,selected_source_rich_top64,64,kcenter,32,0.01,id_calib_only_1pct,0.8799087933391394,0.020524515393386546,0.0118,0.01,0.0095,0.5095036488027366,0.08522282659743641,0.5019796817611433,0.018244013683010263,False,877,10000,0.3953570000012405,0.03954939998220652,16641,False,False,False
locked,locked_harder_holdout,holdout_bin_5,issue23_locked_leave_one_bin_local_calibration,RFF_Logistic,rff_logistic,RFF Logistic optional,P1_raw_train_oodval_threshold,False,True,rff128_gamma1_C1,44,main_42_46,selected_source_rich_top64,64,kcenter,32,0.01,id_calib_plus_ood_val_guarded_1pct,3.109758180401657,0.014823261117445839,0.0075,0.0044,0.01,0.524142645381984,0.09021720708760711,0.5028047879076111,0.01710376282782212,True,877,10000,0.17340589995728806,0.0257965000346303,8321,False,False,False
locked,locked_harder_holdout,holdout_bin_5,issue23_locked_leave_one_bin_local_calibration,RFF_Logistic,rff_logistic,RFF Logistic optional,P2_guarded_train_id_threshold,True,False,rff128_gamma01_C1,44,main_42_46,selected_source_rich_top64,64,kcenter,32,0.01,id_calib_only_1pct,1.4291064108940612,0.13112884834663627,0.0092,0.01,0.0075,0.8170873432155075,0.3678341515577391,0.5366971688545349,0.14139110604332952,True,877,10000,0.626623300020583,0.032068600005004555,8321,False,False,False
locked,locked_harder_holdout,holdout_bin_5,issue23_locked_leave_one_bin_local_calibration,RFF_Logistic,rff_logistic,RFF Logistic optional,P3_full_lowguard,True,True,rff128_gamma01_C1,44,main_42_46,selected_source_rich_top64,64,kcenter,32,0.01,id_calib_plus_ood_val_guarded_1pct,1.429883338202702,0.13112884834663627,0.0092,0.01,0.0075,0.8170873432155075,0.3678341515577391,0.5366971688545349,0.14139110604332952,True,877,10000,0.5959664999973029,0.02144939999561757,8321,False,False,False
locked,locked_harder_holdout,holdout_bin_5,issue23_locked_leave_one_bin_local_calibration,LOW_GUARD_LR_reference,lr,LOW-GUARD-LR reference,P0_raw_train_id_threshold,False,False,lr_C1,45,main_42_46,selected_source_rich_top64,64,kcenter,32,0.01,id_calib_only_1pct,-4.95345075905269,0.9680729760547321,0.5164,0.01,0.508,0.9267826681870012,0.41135281277860847,0.49748743718592964,0.0,False,877,10000,0.12807640002574772,0.011548199981916696,65,False,False,False
locked,locked_harder_holdout,holdout_bin_5,issue23_locked_leave_one_bin_local_calibration,LOW_GUARD_LR_reference,lr,LOW-GUARD-LR reference,P1_raw_train_oodval_threshold,False,True,lr_C1,45,main_42_46,selected_source_rich_top64,64,kcenter,32,0.01,id_calib_plus_ood_val_guarded_1pct,52.191294881078356,0.0,0.0082,0.0,0.01,0.9267826681870012,0.41135281277860847,0.49748743718592964,0.0,True,877,10000,0.15798269998049363,0.01316850003786385,65,False,False,False
locked,locked_harder_holdout,holdout_bin_5,issue23_locked_leave_one_bin_local_calibration,LOW_GUARD_LR_reference,lr,LOW-GUARD-LR reference,P2_guarded_train_id_threshold,True,False,lr_C1,45,main_42_46,selected_source_rich_top64,64,kcenter,32,0.01,id_calib_only_1pct,-4.105001834742048,0.9680729760547321,0.0045,0.01,0.0005,0.9811110604332952,0.9727854578991534,0.9830738641898202,0.9680729760547321,True,877,10000,0.397927499958314,0.015082600002642721,65,False,False,False
locked,locked_harder_holdout,holdout_bin_5,issue23_locked_leave_one_bin_local_calibration,LOW_GUARD_LR_reference,lr,LOW-GUARD-LR reference,P3_full_lowguard,True,True,lr_C1,45,main_42_46,selected_source_rich_top64,64,kcenter,32,0.01,id_calib_plus_ood_val_guarded_1pct,-4.102580408336336,0.9680729760547321,0.0045,0.01,0.0005,0.9811110604332952,0.9727854578991534,0.9830738641898202,0.9680729760547321,True,877,10000,0.40622310002800077,0.011455399973783642,65,False,False,False
locked,locked_harder_holdout,holdout_bin_5,issue23_locked_leave_one_bin_local_calibration,DevNet_like_MLP,devnet_like_mlp,DevNet-like MLP,P0_raw_train_id_threshold,False,False,mlp_h16_alpha001,45,main_42_46,selected_source_rich_top64,64,kcenter,32,0.01,id_calib_only_1pct,0.004858895395882428,0.9680729760547321,0.6982,0.01,0.6955,0.9552302736602054,0.7774457578066691,0.6409040642207617,0.7172177879133409,False,877,10000,0.7027964000008069,0.010127599991392344,1057,False,False,False
locked,locked_harder_holdout,holdout_bin_5,issue23_locked_leave_one_bin_local_calibration,DevNet_like_MLP,devnet_like_mlp,DevNet-like MLP,P1_raw_train_oodval_threshold,False,True,mlp_h16_alpha001,45,main_42_46,selected_source_rich_top64,64,kcenter,32,0.01,id_calib_plus_ood_val_guarded_1pct,0.6680119973570031,0.855188141391106,0.0163,0.0,0.01,0.9552302736602054,0.7774457578066691,0.6409040642207617,0.7172177879133409,False,877,10000,0.7308288999483921,0.009840999962761998,1057,False,False,False
locked,locked_harder_holdout,holdout_bin_5,issue23_locked_leave_one_bin_local_calibration,DevNet_like_MLP,devnet_like_mlp,DevNet-like MLP,P2_guarded_train_id_threshold,True,False,mlp_h8_alpha001,45,main_42_46,selected_source_rich_top64,64,kcenter,32,0.01,id_calib_only_1pct,0.006591127468273045,0.9680729760547321,0.0081,0.01,0.003,0.9862891676168758,0.9769447938483834,0.9803865393100049,0.9680729760547321,True,877,10000,1.3091170999687165,0.008221799973398447,529,False,False,False
locked,locked_harder_holdout,holdout_bin_5,issue23_locked_leave_one_bin_local_calibration,DevNet_like_MLP,devnet_like_mlp,DevNet-like MLP,P3_full_lowguard,True,True,mlp_h8_alpha001,45,main_42_46,selected_source_rich_top64,64,kcenter,32,0.01,id_calib_plus_ood_val_guarded_1pct,0.006591113548725842,0.9680729760547321,0.0081,0.01,0.003,0.9862891676168758,0.9769447938483834,0.9803865393100049,0.9680729760547321,True,877,10000,1.3979169999947771,0.010311599995475262,529,False,False,False
locked,locked_harder_holdout,holdout_bin_5,issue23_locked_leave_one_bin_local_calibration,HistGB_shallow,histgb,HistGB shallow,P0_raw_train_id_threshold,False,False,histgb_depth3_iter50_lr005,45,main_42_46,selected_source_rich_top64,64,kcenter,32,0.01,id_calib_only_1pct,0.0008499567004778843,0.984036488027366,0.7891,0.0096,0.7795,0.9527080957810719,0.8211847132610861,0.8189235802730872,0.6522234891676169,False,877,10000,0.1432947000139393,0.019995000038761646,50,False,False,False
locked,locked_harder_holdout,holdout_bin_5,issue23_locked_leave_one_bin_local_calibration,HistGB_shallow,histgb,HistGB shallow,P1_raw_train_oodval_threshold,False,True,histgb_depth2_iter50_lr005,45,main_42_46,selected_source_rich_top64,64,kcenter,32,0.01,id_calib_plus_ood_val_guarded_1pct,0.12140935496071886,0.7548460661345496,0.0009,0.0,0.001,0.9579780501710375,0.8693668078983201,0.8728534347908299,0.7548460661345496,True,877,10000,0.11098070000298321,0.01823719998355955,50,False,False,False
locked,locked_harder_holdout,holdout_bin_5,issue23_locked_leave_one_bin_local_calibration,HistGB_shallow,histgb,HistGB shallow,P2_guarded_train_id_threshold,True,False,histgb_depth3_iter50_lr005,45,main_42_46,selected_source_rich_top64,64,kcenter,32,0.01,id_calib_only_1pct,0.0003547718301303324,0.9635119726339795,0.0042,0.01,0.003,0.9930809578107184,0.9682937751311429,0.9637984678237252,0.9635119726339795,True,877,10000,0.17752520000794902,0.02077350002946332,50,False,False,False
locked,locked_harder_holdout,holdout_bin_5,issue23_locked_leave_one_bin_local_calibration,HistGB_shallow,histgb,HistGB shallow,P3_full_lowguard,True,True,histgb_depth2_iter50_lr005,45,main_42_46,selected_source_rich_top64,64,kcenter,32,0.01,id_calib_plus_ood_val_guarded_1pct,0.00023757592061827239,0.9680729760547321,0.0082,0.01,0.0075,0.9947952109464082,0.9757126105658354,0.982076860929505,0.9680729760547321,True,877,10000,0.16156079998472705,0.015331799979321659,50,False,False,False
locked,locked_harder_holdout,holdout_bin_5,issue23_locked_leave_one_bin_local_calibration,DeepSAD_like_center,deepsad_like_center,DeepSAD-like center,P0_raw_train_id_threshold,False,False,center_lambda0,45,main_42_46,selected_source_rich_top64,64,kcenter,32,0.01,id_calib_only_1pct,368.8057672119144,0.03078677309007982,0.2736,0.01,0.267,0.3696525655644242,0.05895249390758186,0.49748743718592964,0.0,False,877,10000,0.00870879995636642,0.012103500019293278,128,False,False,False
locked,locked_harder_holdout,holdout_bin_5,issue23_locked_leave_one_bin_local_calibration,DeepSAD_like_center,deepsad_like_center,DeepSAD-like center,P1_raw_train_oodval_threshold,False,True,center_lambda0,45,main_42_46,selected_source_rich_top64,64,kcenter,32,0.01,id_calib_plus_ood_val_guarded_1pct,16514.30026855469,0.0,0.0088,0.0,0.01,0.3696525655644242,0.05895249390758186,0.49748743718592964,0.0,True,877,10000,0.007615300011821091,0.009954600012861192,128,False,False,False
locked,locked_harder_holdout,holdout_bin_5,issue23_locked_leave_one_bin_local_calibration,DeepSAD_like_center,deepsad_like_center,DeepSAD-like center,P2_guarded_train_id_threshold,True,False,center_lambda2,45,main_42_46,selected_source_rich_top64,64,kcenter,32,0.01,id_calib_only_1pct,512.7422131347663,0.12086659064994298,0.0268,0.01,0.0215,0.8261974914481185,0.2349829614422868,0.5131931034877925,0.07297605473204105,False,877,10000,0.017601200030185282,0.010831000050529838,128,False,False,False
locked,locked_harder_holdout,holdout_bin_5,issue23_locked_leave_one_bin_local_calibration,DeepSAD_like_center,deepsad_like_center,DeepSAD-like center,P3_full_lowguard,True,True,center_lambda2,45,main_42_46,selected_source_rich_top64,64,kcenter,32,0.01,id_calib_plus_ood_val_guarded_1pct,669.7069595642089,0.08095781071835804,0.0124,0.002,0.01,0.8261974914481185,0.2349829614422868,0.5131931034877925,0.07297605473204105,False,877,10000,0.01776760001666844,0.009628800034988672,128,False,False,False
locked,locked_harder_holdout,holdout_bin_5,issue23_locked_leave_one_bin_local_calibration,Prototype_metric_LR,prototype_metric_lr,Prototype / metric LR,P0_raw_train_id_threshold,False,False,prototype_metric_lr_C1,45,main_42_46,selected_source_rich_top64,64,kcenter,32,0.01,id_calib_only_1pct,2.9725521564011768,0.10148232611174458,0.0547,0.01,0.0505,0.7091856328392246,0.16809916948295667,0.49748743718592964,0.0,False,877,10000,0.010587800003122538,0.007974500011187047,132,False,False,False
locked,locked_harder_holdout,holdout_bin_5,issue23_locked_leave_one_bin_local_calibration,Prototype_metric_LR,prototype_metric_lr,Prototype / metric LR,P1_raw_train_oodval_threshold,False,True,prototype_metric_lr_C1,45,main_42_46,selected_source_rich_top64,64,kcenter,32,0.01,id_calib_plus_ood_val_guarded_1pct,3.426539629259672,0.0,0.0081,0.0,0.01,0.7091856328392246,0.16809916948295667,0.49748743718592964,0.0,True,877,10000,0.01155660004587844,0.012287399964407086,132,False,False,False
locked,locked_harder_holdout,holdout_bin_5,issue23_locked_leave_one_bin_local_calibration,Prototype_metric_LR,prototype_metric_lr,Prototype / metric LR,P2_guarded_train_id_threshold,True,False,prototype_metric_lr_C1,45,main_42_46,selected_source_rich_top64,64,kcenter,32,0.01,id_calib_only_1pct,2.0207419884223023,0.2645381984036488,0.0094,0.01,0.007,0.9340183580387683,0.49847009590096475,0.5235183901262298,0.29646522234891676,True,877,10000,0.02283140004146844,0.011155800020787865,198,False,False,False
locked,locked_harder_holdout,holdout_bin_5,issue23_locked_leave_one_bin_local_calibration,Prototype_metric_LR,prototype_metric_lr,Prototype / metric LR,P3_full_lowguard,True,True,prototype_metric_lr_C1,45,main_42_46,selected_source_rich_top64,64,kcenter,32,0.01,id_calib_plus_ood_val_guarded_1pct,2.021098766274577,0.2645381984036488,0.0094,0.0098,0.007,0.9340183580387683,0.49847009590096475,0.5235183901262298,0.29646522234891676,True,877,10000,0.023952300020027906,0.014195600000675768,198,False,False,False
locked,locked_harder_holdout,holdout_bin_5,issue23_locked_leave_one_bin_local_calibration,RFF_Logistic,rff_logistic,RFF Logistic optional,P0_raw_train_id_threshold,False,False,rff256_gamma1_C1,45,main_42_46,selected_source_rich_top64,64,kcenter,32,0.01,id_calib_only_1pct,1.0679937213757187,0.020524515393386546,0.0306,0.01,0.026,0.4305136830102622,0.06814118896911983,0.49921213822819915,0.0068415051311288486,False,877,10000,0.3674349000211805,0.043419299996457994,16641,False,False,False
locked,locked_harder_holdout,holdout_bin_5,issue23_locked_leave_one_bin_local_calibration,RFF_Logistic,rff_logistic,RFF Logistic optional,P1_raw_train_oodval_threshold,False,True,rff256_gamma1_C1,45,main_42_46,selected_source_rich_top64,64,kcenter,32,0.01,id_calib_plus_ood_val_guarded_1pct,2.1085840470877146,0.0068415051311288486,0.0089,0.0024,0.01,0.4305136830102622,0.06814118896911983,0.49921213822819915,0.0068415051311288486,True,877,10000,0.3776541000115685,0.04276789998402819,16641,False,False,False
locked,locked_harder_holdout,holdout_bin_5,issue23_locked_leave_one_bin_local_calibration,RFF_Logistic,rff_logistic,RFF Logistic optional,P2_guarded_train_id_threshold,True,False,rff256_gamma01_C1,45,main_42_46,selected_source_rich_top64,64,kcenter,32,0.01,id_calib_only_1pct,-0.4558212376583986,0.09464082098061574,0.0081,0.01,0.004,0.6574842645381984,0.23575294538307978,0.531144892077262,0.10490307867730901,True,877,10000,0.9401118000387214,0.04481679998571053,16641,False,False,False
locked,locked_harder_holdout,holdout_bin_5,issue23_locked_leave_one_bin_local_calibration,RFF_Logistic,rff_logistic,RFF Logistic optional,P3_full_lowguard,True,True,rff128_gamma01_C1,45,main_42_46,selected_source_rich_top64,64,kcenter,32,0.01,id_calib_plus_ood_val_guarded_1pct,1.203928681839698,0.06385404789053592,0.0083,0.01,0.0095,0.6456107183580387,0.18604823045851634,0.5176796181592112,0.07411630558722919,True,877,10000,0.5351120000123046,0.02713140001287684,8321,False,False,False
locked,locked_harder_holdout,holdout_bin_5,issue23_locked_leave_one_bin_local_calibration,LOW_GUARD_LR_reference,lr,LOW-GUARD-LR reference,P0_raw_train_id_threshold,False,False,lr_C1,46,main_42_46,selected_source_rich_top64,64,kcenter,32,0.01,id_calib_only_1pct,-4.95345075905269,0.9680729760547321,0.5164,0.01,0.508,0.9267826681870012,0.41135281277860847,0.49748743718592964,0.0,False,877,10000,0.1271728000137955,0.01128539995988831,65,False,False,False
locked,locked_harder_holdout,holdout_bin_5,issue23_locked_leave_one_bin_local_calibration,LOW_GUARD_LR_reference,lr,LOW-GUARD-LR reference,P1_raw_train_oodval_threshold,False,True,lr_C1,46,main_42_46,selected_source_rich_top64,64,kcenter,32,0.01,id_calib_plus_ood_val_guarded_1pct,52.191294881078356,0.0,0.0082,0.0,0.01,0.9267826681870012,0.41135281277860847,0.49748743718592964,0.0,True,877,10000,0.11598880001110956,0.01106609997805208,65,False,False,False
locked,locked_harder_holdout,holdout_bin_5,issue23_locked_leave_one_bin_local_calibration,LOW_GUARD_LR_reference,lr,LOW-GUARD-LR reference,P2_guarded_train_id_threshold,True,False,lr_C1,46,main_42_46,selected_source_rich_top64,64,kcenter,32,0.01,id_calib_only_1pct,-4.105001834742048,0.9680729760547321,0.0045,0.01,0.0005,0.9811110604332952,0.9727854578991534,0.9830738641898202,0.9680729760547321,True,877,10000,0.3818605000269599,0.010968300048261881,65,False,False,False
locked,locked_harder_holdout,holdout_bin_5,issue23_locked_leave_one_bin_local_calibration,LOW_GUARD_LR_reference,lr,LOW-GUARD-LR reference,P3_full_lowguard,True,True,lr_C1,46,main_42_46,selected_source_rich_top64,64,kcenter,32,0.01,id_calib_plus_ood_val_guarded_1pct,-4.102580408336336,0.9680729760547321,0.0045,0.01,0.0005,0.9811110604332952,0.9727854578991534,0.9830738641898202,0.9680729760547321,True,877,10000,0.373834399972111,0.009295299998484552,65,False,False,False
locked,locked_harder_holdout,holdout_bin_5,issue23_locked_leave_one_bin_local_calibration,DevNet_like_MLP,devnet_like_mlp,DevNet-like MLP,P0_raw_train_id_threshold,False,False,mlp_h16_alpha001,46,main_42_46,selected_source_rich_top64,64,kcenter,32,0.01,id_calib_only_1pct,0.003428559121675799,0.9680729760547321,0.5853,0.01,0.5675,0.9599844355758267,0.7597572117700094,0.6472356079141431,0.4469783352337514,False,877,10000,0.6393464999855496,0.00931500003207475,1057,False,False,False
locked,locked_harder_holdout,holdout_bin_5,issue23_locked_leave_one_bin_local_calibration,DevNet_like_MLP,devnet_like_mlp,DevNet-like MLP,P1_raw_train_oodval_threshold,False,True,mlp_h8_alpha001,46,main_42_46,selected_source_rich_top64,64,kcenter,32,0.01,id_calib_plus_ood_val_guarded_1pct,0.7729836408942639,0.806157354618016,0.0149,0.0,0.01,0.9398936145952109,0.820657964829141,0.738321023590014,0.685290763968073,False,877,10000,0.8033207999542356,0.00889249995816499,529,False,False,False
locked,locked_harder_holdout,holdout_bin_5,issue23_locked_leave_one_bin_local_calibration,DevNet_like_MLP,devnet_like_mlp,DevNet-like MLP,P2_guarded_train_id_threshold,True,False,mlp_h16_alpha001,46,main_42_46,selected_source_rich_top64,64,kcenter,32,0.01,id_calib_only_1pct,0.0041670016432181,0.9600912200684151,0.0045,0.01,0.001,0.9882799315849486,0.9743509435907591,0.9685829374924795,0.9635119726339795,True,877,10000,1.0585023000021465,0.01323510002112016,1057,False,False,False
locked,locked_harder_holdout,holdout_bin_5,issue23_locked_leave_one_bin_local_calibration,DevNet_like_MLP,devnet_like_mlp,DevNet-like MLP,P3_full_lowguard,True,True,mlp_h16_alpha001,46,main_42_46,selected_source_rich_top64,64,kcenter,32,0.01,id_calib_plus_ood_val_guarded_1pct,0.004172130947816192,0.9600912200684151,0.0045,0.0098,0.001,0.9882799315849486,0.9743509435907591,0.9685829374924795,0.9635119726339795,True,877,10000,1.1666224999935366,0.00896799995098263,1057,False,False,False
locked,locked_harder_holdout,holdout_bin_5,issue23_locked_leave_one_bin_local_calibration,HistGB_shallow,histgb,HistGB shallow,P0_raw_train_id_threshold,False,False,histgb_depth2_iter50_lr005,46,main_42_46,selected_source_rich_top64,64,kcenter,32,0.01,id_calib_only_1pct,0.0008980514001295264,0.9703534777651083,0.5795,0.0084,0.5685,0.9579780501710375,0.8693668078983201,0.8728534347908299,0.7548460661345496,False,877,10000,0.11559080000733957,0.015314600022975355,50,False,False,False
locked,locked_harder_holdout,holdout_bin_5,issue23_locked_leave_one_bin_local_calibration,HistGB_shallow,histgb,HistGB shallow,P1_raw_train_oodval_threshold,False,True,histgb_depth2_iter50_lr005,46,main_42_46,selected_source_rich_top64,64,kcenter,32,0.01,id_calib_plus_ood_val_guarded_1pct,0.12140935496071886,0.7548460661345496,0.0009,0.0,0.001,0.9579780501710375,0.8693668078983201,0.8728534347908299,0.7548460661345496,True,877,10000,0.09712859999854118,0.01575260004028678,50,False,False,False
locked,locked_harder_holdout,holdout_bin_5,issue23_locked_leave_one_bin_local_calibration,HistGB_shallow,histgb,HistGB shallow,P2_guarded_train_id_threshold,True,False,histgb_depth2_iter50_lr005,46,main_42_46,selected_source_rich_top64,64,kcenter,32,0.01,id_calib_only_1pct,0.00025841759234958777,0.9224629418472063,0.0113,0.0078,0.0105,0.9663338654503991,0.933694905492719,0.9601198695873896,0.9224629418472063,False,877,10000,0.16329749999567866,0.016357399988919497,50,False,False,False
locked,locked_harder_holdout,holdout_bin_5,issue23_locked_leave_one_bin_local_calibration,HistGB_shallow,histgb,HistGB shallow,P3_full_lowguard,True,True,histgb_depth2_iter50_lr005,46,main_42_46,selected_source_rich_top64,64,kcenter,32,0.01,id_calib_plus_ood_val_guarded_1pct,0.0002970038679876956,0.9224629418472063,0.0103,0.0074,0.0095,0.9663338654503991,0.933694905492719,0.9601198695873896,0.9224629418472063,False,877,10000,0.1652184000122361,0.01959560002433136,50,False,False,False
locked,locked_harder_holdout,holdout_bin_5,issue23_locked_leave_one_bin_local_calibration,DeepSAD_like_center,deepsad_like_center,DeepSAD-like center,P0_raw_train_id_threshold,False,False,center_lambda1,46,main_42_46,selected_source_rich_top64,64,kcenter,32,0.01,id_calib_only_1pct,942.4018139648438,0.15051311288483465,0.2834,0.01,0.28,0.4827041619156214,0.07153500210057637,0.49748743718592964,0.0,False,877,10000,0.011661499971523881,0.010232900036498904,128,False,False,False
locked,locked_harder_holdout,holdout_bin_5,issue23_locked_leave_one_bin_local_calibration,DeepSAD_like_center,deepsad_like_center,DeepSAD-like center,P1_raw_train_oodval_threshold,False,True,center_lambda0,46,main_42_46,selected_source_rich_top64,64,kcenter,32,0.01,id_calib_plus_ood_val_guarded_1pct,16514.30026855469,0.0,0.0088,0.0,0.01,0.3696525655644242,0.05895249390758186,0.49748743718592964,0.0,True,877,10000,0.007433299964759499,0.010447099979501218,128,False,False,False
locked,locked_harder_holdout,holdout_bin_5,issue23_locked_leave_one_bin_local_calibration,DeepSAD_like_center,deepsad_like_center,DeepSAD-like center,P2_guarded_train_id_threshold,True,False,center_lambda2,46,main_42_46,selected_source_rich_top64,64,kcenter,32,0.01,id_calib_only_1pct,512.7422131347663,0.12086659064994298,0.0268,0.01,0.0215,0.8261974914481185,0.2349829614422868,0.5131931034877925,0.07297605473204105,False,877,10000,0.018354800005909055,0.013733999978285283,128,False,False,False
locked,locked_harder_holdout,holdout_bin_5,issue23_locked_leave_one_bin_local_calibration,DeepSAD_like_center,deepsad_like_center,DeepSAD-like center,P3_full_lowguard,True,True,center_lambda2,46,main_42_46,selected_source_rich_top64,64,kcenter,32,0.01,id_calib_plus_ood_val_guarded_1pct,669.7069595642089,0.08095781071835804,0.0124,0.002,0.01,0.8261974914481185,0.2349829614422868,0.5131931034877925,0.07297605473204105,False,877,10000,0.021297100000083447,0.010259200003929436,128,False,False,False
locked,locked_harder_holdout,holdout_bin_5,issue23_locked_leave_one_bin_local_calibration,Prototype_metric_LR,prototype_metric_lr,Prototype / metric LR,P0_raw_train_id_threshold,False,False,prototype_metric_lr_C1,46,main_42_46,selected_source_rich_top64,64,kcenter,32,0.01,id_calib_only_1pct,2.9725521564011768,0.10148232611174458,0.0547,0.01,0.0505,0.7091856328392246,0.16809916948295667,0.49748743718592964,0.0,False,877,10000,0.010448799992445856,0.009021699952427298,132,False,False,False
locked,locked_harder_holdout,holdout_bin_5,issue23_locked_leave_one_bin_local_calibration,Prototype_metric_LR,prototype_metric_lr,Prototype / metric LR,P1_raw_train_oodval_threshold,False,True,prototype_metric_lr_C1,46,main_42_46,selected_source_rich_top64,64,kcenter,32,0.01,id_calib_plus_ood_val_guarded_1pct,3.426539629259672,0.0,0.0081,0.0,0.01,0.7091856328392246,0.16809916948295667,0.49748743718592964,0.0,True,877,10000,0.00997280003502965,0.008991400012746453,132,False,False,False
locked,locked_harder_holdout,holdout_bin_5,issue23_locked_leave_one_bin_local_calibration,Prototype_metric_LR,prototype_metric_lr,Prototype / metric LR,P2_guarded_train_id_threshold,True,False,prototype_metric_lr_C1,46,main_42_46,selected_source_rich_top64,64,kcenter,32,0.01,id_calib_only_1pct,2.0207419884223023,0.2645381984036488,0.0094,0.01,0.007,0.9340183580387683,0.49847009590096475,0.5235183901262298,0.29646522234891676,True,877,10000,0.025254799984395504,0.010753899987321347,198,False,False,False
locked,locked_harder_holdout,holdout_bin_5,issue23_locked_leave_one_bin_local_calibration,Prototype_metric_LR,prototype_metric_lr,Prototype / metric LR,P3_full_lowguard,True,True,prototype_metric_lr_C1,46,main_42_46,selected_source_rich_top64,64,kcenter,32,0.01,id_calib_plus_ood_val_guarded_1pct,2.021098766274577,0.2645381984036488,0.0094,0.0098,0.007,0.9340183580387683,0.49847009590096475,0.5235183901262298,0.29646522234891676,True,877,10000,0.02446569997118786,0.01208839996252209,198,False,False,False
locked,locked_harder_holdout,holdout_bin_5,issue23_locked_leave_one_bin_local_calibration,RFF_Logistic,rff_logistic,RFF Logistic optional,P0_raw_train_id_threshold,False,False,rff256_gamma1_C1,46,main_42_46,selected_source_rich_top64,64,kcenter,32,0.01,id_calib_only_1pct,0.7881925960635545,0.0330672748004561,0.0201,0.01,0.021,0.498430330672748,0.08548979734835885,0.5026099711785839,0.018244013683010263,False,877,10000,0.37526090000756085,0.041478200000710785,16641,False,False,False
locked,locked_harder_holdout,holdout_bin_5,issue23_locked_leave_one_bin_local_calibration,RFF_Logistic,rff_logistic,RFF Logistic optional,P1_raw_train_oodval_threshold,False,True,rff256_gamma01_C1,46,main_42_46,selected_source_rich_top64,64,kcenter,32,0.01,id_calib_plus_ood_val_guarded_1pct,2.2147376705999493,0.052451539338654506,0.0104,0.0,0.01,0.5544680729760547,0.13194416942218787,0.5136056565610263,0.05131128848346636,False,877,10000,0.400092100026086,0.037866100028622895,16641,False,False,False
locked,locked_harder_holdout,holdout_bin_5,issue23_locked_leave_one_bin_local_calibration,RFF_Logistic,rff_logistic,RFF Logistic optional,P2_guarded_train_id_threshold,True,False,rff256_gamma01_C1,46,main_42_46,selected_source_rich_top64,64,kcenter,32,0.01,id_calib_only_1pct,-0.140655562037652,0.17445838084378562,0.0046,0.01,0.0035,0.8557937286202965,0.47245599258454685,0.5813159297055402,0.21322690992018245,True,877,10000,0.8804342999937944,0.041460800042841583,16641,False,False,False
locked,locked_harder_holdout,holdout_bin_5,issue23_locked_leave_one_bin_local_calibration,RFF_Logistic,rff_logistic,RFF Logistic optional,P3_full_lowguard,True,True,rff256_gamma01_C1,46,main_42_46,selected_source_rich_top64,64,kcenter,32,0.01,id_calib_plus_ood_val_guarded_1pct,-0.13102665818630918,0.1733181299885975,0.0045,0.0098,0.0035,0.8557937286202965,0.47245599258454685,0.5813159297055402,0.21322690992018245,True,877,10000,0.8614514999790117,0.043536100012715906,16641,False,False,False
locked,locked_harder_holdout,holdout_bin_5,issue23_locked_leave_one_bin_local_calibration,LOW_GUARD_LR_reference,lr,LOW-GUARD-LR reference,P0_raw_train_id_threshold,False,False,lr_C1,47,heldout_47_51,selected_source_rich_top64,64,kcenter,32,0.01,id_calib_only_1pct,-4.95345075905269,0.9680729760547321,0.5164,0.01,0.508,0.9267826681870012,0.41135281277860847,0.49748743718592964,0.0,False,877,10000,0.13018580002244562,0.011051399982534349,65,False,False,False
locked,locked_harder_holdout,holdout_bin_5,issue23_locked_leave_one_bin_local_calibration,LOW_GUARD_LR_reference,lr,LOW-GUARD-LR reference,P1_raw_train_oodval_threshold,False,True,lr_C1,47,heldout_47_51,selected_source_rich_top64,64,kcenter,32,0.01,id_calib_plus_ood_val_guarded_1pct,52.191294881078356,0.0,0.0082,0.0,0.01,0.9267826681870012,0.41135281277860847,0.49748743718592964,0.0,True,877,10000,0.12347729998873547,0.013439999951515347,65,False,False,False
locked,locked_harder_holdout,holdout_bin_5,issue23_locked_leave_one_bin_local_calibration,LOW_GUARD_LR_reference,lr,LOW-GUARD-LR reference,P2_guarded_train_id_threshold,True,False,lr_C1,47,heldout_47_51,selected_source_rich_top64,64,kcenter,32,0.01,id_calib_only_1pct,-4.105001834742048,0.9680729760547321,0.0045,0.01,0.0005,0.9811110604332952,0.9727854578991534,0.9830738641898202,0.9680729760547321,True,877,10000,0.3486918999697082,0.01157430000603199,65,False,False,False
locked,locked_harder_holdout,holdout_bin_5,issue23_locked_leave_one_bin_local_calibration,LOW_GUARD_LR_reference,lr,LOW-GUARD-LR reference,P3_full_lowguard,True,True,lr_C1,47,heldout_47_51,selected_source_rich_top64,64,kcenter,32,0.01,id_calib_plus_ood_val_guarded_1pct,-4.102580408336336,0.9680729760547321,0.0045,0.01,0.0005,0.9811110604332952,0.9727854578991534,0.9830738641898202,0.9680729760547321,True,877,10000,0.3479632000089623,0.010562699986621737,65,False,False,False
locked,locked_harder_holdout,holdout_bin_5,issue23_locked_leave_one_bin_local_calibration,DevNet_like_MLP,devnet_like_mlp,DevNet-like MLP,P0_raw_train_id_threshold,False,False,mlp_h16_alpha001,47,heldout_47_51,selected_source_rich_top64,64,kcenter,32,0.01,id_calib_only_1pct,0.0030071949982084342,0.9680729760547321,0.5066,0.01,0.497,0.9654944127708095,0.8691172181943506,0.7405098468396716,0.8346636259977195,False,877,10000,0.6664272000198252,0.010090399999171495,1057,False,False,False
locked,locked_harder_holdout,holdout_bin_5,issue23_locked_leave_one_bin_local_calibration,DevNet_like_MLP,devnet_like_mlp,DevNet-like MLP,P1_raw_train_oodval_threshold,False,True,mlp_h8_alpha001,47,heldout_47_51,selected_source_rich_top64,64,kcenter,32,0.01,id_calib_plus_ood_val_guarded_1pct,0.9451878829896444,0.6465222348916762,0.014,0.0,0.01,0.9371764538198404,0.6665373046384093,0.6038029371486853,0.5051311288483467,False,877,10000,0.7627260999870487,0.009125399985350668,529,False,False,False
locked,locked_harder_holdout,holdout_bin_5,issue23_locked_leave_one_bin_local_calibration,DevNet_like_MLP,devnet_like_mlp,DevNet-like MLP,P2_guarded_train_id_threshold,True,False,mlp_h8_alpha001,47,heldout_47_51,selected_source_rich_top64,64,kcenter,32,0.01,id_calib_only_1pct,0.0052976472955197675,0.9669327251995439,0.0089,0.01,0.006,0.9845489167616875,0.9760363888078275,0.9773554202024948,0.9669327251995439,True,877,10000,1.2915367999812588,0.009549200010951608,529,False,False,False
locked,locked_harder_holdout,holdout_bin_5,issue23_locked_leave_one_bin_local_calibration,DevNet_like_MLP,devnet_like_mlp,DevNet-like MLP,P3_full_lowguard,True,True,mlp_h8_alpha001,47,heldout_47_51,selected_source_rich_top64,64,kcenter,32,0.01,id_calib_plus_ood_val_guarded_1pct,0.005496871749637881,0.9669327251995439,0.0088,0.01,0.006,0.9845489167616875,0.9760363888078275,0.9773554202024948,0.9669327251995439,True,877,10000,1.2088857000344433,0.009138099965639412,529,False,False,False
locked,locked_harder_holdout,holdout_bin_5,issue23_locked_leave_one_bin_local_calibration,HistGB_shallow,histgb,HistGB shallow,P0_raw_train_id_threshold,False,False,histgb_depth2_iter50_lr005,47,heldout_47_51,selected_source_rich_top64,64,kcenter,32,0.01,id_calib_only_1pct,0.0008980514001295264,0.9703534777651083,0.5795,0.0084,0.5685,0.9579780501710375,0.8693668078983201,0.8728534347908299,0.7548460661345496,False,877,10000,0.1095911999582313,0.018695499980822206,50,False,False,False
locked,locked_harder_holdout,holdout_bin_5,issue23_locked_leave_one_bin_local_calibration,HistGB_shallow,histgb,HistGB shallow,P1_raw_train_oodval_threshold,False,True,histgb_depth3_iter50_lr005,47,heldout_47_51,selected_source_rich_top64,64,kcenter,32,0.01,id_calib_plus_ood_val_guarded_1pct,0.25296841628591377,0.6522234891676169,0.0054,0.0,0.006,0.9527080957810719,0.8211847132610861,0.8189235802730872,0.6522234891676169,True,877,10000,0.11823399999411777,0.023123099992517382,50,False,False,False
locked,locked_harder_holdout,holdout_bin_5,issue23_locked_leave_one_bin_local_calibration,HistGB_shallow,histgb,HistGB shallow,P2_guarded_train_id_threshold,True,False,histgb_depth2_iter50_lr005,47,heldout_47_51,selected_source_rich_top64,64,kcenter,32,0.01,id_calib_only_1pct,0.00017529290810640278,0.9680729760547321,0.0213,0.01,0.0205,0.9946378563283922,0.9760479119704256,0.9839562693742372,0.9680729760547321,False,877,10000,0.17132660001516342,0.015581300016492605,50,False,False,False
locked,locked_harder_holdout,holdout_bin_5,issue23_locked_leave_one_bin_local_calibration,HistGB_shallow,histgb,HistGB shallow,P3_full_lowguard,True,True,histgb_depth2_iter50_lr005,47,heldout_47_51,selected_source_rich_top64,64,kcenter,32,0.01,id_calib_plus_ood_val_guarded_1pct,0.0003429593287908327,0.9680729760547321,0.0097,0.0096,0.0095,0.9946378563283922,0.9760479119704256,0.9839562693742372,0.9680729760547321,True,877,10000,0.16108789999270812,0.01853020000271499,50,False,False,False
locked,locked_harder_holdout,holdout_bin_5,issue23_locked_leave_one_bin_local_calibration,DeepSAD_like_center,deepsad_like_center,DeepSAD-like center,P0_raw_train_id_threshold,False,False,center_lambda0,47,heldout_47_51,selected_source_rich_top64,64,kcenter,32,0.01,id_calib_only_1pct,368.8057672119144,0.03078677309007982,0.2736,0.01,0.267,0.3696525655644242,0.05895249390758186,0.49748743718592964,0.0,False,877,10000,0.008304900024086237,0.011331699963193387,128,False,False,False
locked,locked_harder_holdout,holdout_bin_5,issue23_locked_leave_one_bin_local_calibration,DeepSAD_like_center,deepsad_like_center,DeepSAD-like center,P1_raw_train_oodval_threshold,False,True,center_lambda0,47,heldout_47_51,selected_source_rich_top64,64,kcenter,32,0.01,id_calib_plus_ood_val_guarded_1pct,16514.30026855469,0.0,0.0088,0.0,0.01,0.3696525655644242,0.05895249390758186,0.49748743718592964,0.0,True,877,10000,0.011898200027644634,0.009400399983860552,128,False,False,False
locked,locked_harder_holdout,holdout_bin_5,issue23_locked_leave_one_bin_local_calibration,DeepSAD_like_center,deepsad_like_center,DeepSAD-like center,P2_guarded_train_id_threshold,True,False,center_lambda2,47,heldout_47_51,selected_source_rich_top64,64,kcenter,32,0.01,id_calib_only_1pct,512.7422131347663,0.12086659064994298,0.0268,0.01,0.0215,0.8261974914481185,0.2349829614422868,0.5131931034877925,0.07297605473204105,False,877,10000,0.020447199989575893,0.010947400005534291,128,False,False,False
locked,locked_harder_holdout,holdout_bin_5,issue23_locked_leave_one_bin_local_calibration,DeepSAD_like_center,deepsad_like_center,DeepSAD-like center,P3_full_lowguard,True,True,center_lambda2,47,heldout_47_51,selected_source_rich_top64,64,kcenter,32,0.01,id_calib_plus_ood_val_guarded_1pct,669.7069595642089,0.08095781071835804,0.0124,0.002,0.01,0.8261974914481185,0.2349829614422868,0.5131931034877925,0.07297605473204105,False,877,10000,0.020120800007134676,0.01084529998479411,128,False,False,False
locked,locked_harder_holdout,holdout_bin_5,issue23_locked_leave_one_bin_local_calibration,Prototype_metric_LR,prototype_metric_lr,Prototype / metric LR,P0_raw_train_id_threshold,False,False,prototype_metric_lr_C1,47,heldout_47_51,selected_source_rich_top64,64,kcenter,32,0.01,id_calib_only_1pct,2.9725521564011768,0.10148232611174458,0.0547,0.01,0.0505,0.7091856328392246,0.16809916948295667,0.49748743718592964,0.0,False,877,10000,0.010167200001887977,0.007589699991513044,132,False,False,False
locked,locked_harder_holdout,holdout_bin_5,issue23_locked_leave_one_bin_local_calibration,Prototype_metric_LR,prototype_metric_lr,Prototype / metric LR,P1_raw_train_oodval_threshold,False,True,prototype_metric_lr_C1,47,heldout_47_51,selected_source_rich_top64,64,kcenter,32,0.01,id_calib_plus_ood_val_guarded_1pct,3.426539629259672,0.0,0.0081,0.0,0.01,0.7091856328392246,0.16809916948295667,0.49748743718592964,0.0,True,877,10000,0.00893270003143698,0.008579300018027425,132,False,False,False
locked,locked_harder_holdout,holdout_bin_5,issue23_locked_leave_one_bin_local_calibration,Prototype_metric_LR,prototype_metric_lr,Prototype / metric LR,P2_guarded_train_id_threshold,True,False,prototype_metric_lr_C1,47,heldout_47_51,selected_source_rich_top64,64,kcenter,32,0.01,id_calib_only_1pct,2.0207419884223023,0.2645381984036488,0.0094,0.01,0.007,0.9340183580387683,0.49847009590096475,0.5235183901262298,0.29646522234891676,True,877,10000,0.033966599963605404,0.012153799994848669,198,False,False,False
locked,locked_harder_holdout,holdout_bin_5,issue23_locked_leave_one_bin_local_calibration,Prototype_metric_LR,prototype_metric_lr,Prototype / metric LR,P3_full_lowguard,True,True,prototype_metric_lr_C1,47,heldout_47_51,selected_source_rich_top64,64,kcenter,32,0.01,id_calib_plus_ood_val_guarded_1pct,2.021098766274577,0.2645381984036488,0.0094,0.0098,0.007,0.9340183580387683,0.49847009590096475,0.5235183901262298,0.29646522234891676,True,877,10000,0.02503489999799058,0.012284500000532717,198,False,False,False
locked,locked_harder_holdout,holdout_bin_5,issue23_locked_leave_one_bin_local_calibration,RFF_Logistic,rff_logistic,RFF Logistic optional,P0_raw_train_id_threshold,False,False,rff256_gamma1_C1,47,heldout_47_51,selected_source_rich_top64,64,kcenter,32,0.01,id_calib_only_1pct,0.8896061801162058,0.028506271379703536,0.0162,0.01,0.014,0.5044294184720639,0.09560597289214587,0.5035038361705907,0.018244013683010263,False,877,10000,0.36111699999310076,0.0456527000060305,16641,False,False,False
locked,locked_harder_holdout,holdout_bin_5,issue23_locked_leave_one_bin_local_calibration,RFF_Logistic,rff_logistic,RFF Logistic optional,P1_raw_train_oodval_threshold,False,True,rff128_gamma01_C1,47,heldout_47_51,selected_source_rich_top64,64,kcenter,32,0.01,id_calib_plus_ood_val_guarded_1pct,4.908372196032498,0.002280501710376283,0.0103,0.0,0.01,0.46036100342075253,0.07633852960140863,0.49804896775783136,0.002280501710376283,False,877,10000,0.1745636000414379,0.02187870000489056,8321,False,False,False
locked,locked_harder_holdout,holdout_bin_5,issue23_locked_leave_one_bin_local_calibration,RFF_Logistic,rff_logistic,RFF Logistic optional,P2_guarded_train_id_threshold,True,False,rff256_gamma01_C1,47,heldout_47_51,selected_source_rich_top64,64,kcenter,32,0.01,id_calib_only_1pct,0.03568235875840021,0.29646522234891676,0.0043,0.01,0.004,0.8596385404789053,0.595306559369859,0.639560401780854,0.39680729760547323,True,877,10000,0.9031862000119872,0.03869629994733259,16641,False,False,False
locked,locked_harder_holdout,holdout_bin_5,issue23_locked_leave_one_bin_local_calibration,RFF_Logistic,rff_logistic,RFF Logistic optional,P3_full_lowguard,True,True,rff256_gamma01_C1,47,heldout_47_51,selected_source_rich_top64,64,kcenter,32,0.01,id_calib_plus_ood_val_guarded_1pct,0.03585407899135519,0.29646522234891676,0.0043,0.01,0.004,0.8596385404789053,0.595306559369859,0.639560401780854,0.39680729760547323,True,877,10000,0.9414631999679841,0.04369999998016283,16641,False,False,False
locked,locked_harder_holdout,holdout_bin_5,issue23_locked_leave_one_bin_local_calibration,LOW_GUARD_LR_reference,lr,LOW-GUARD-LR reference,P0_raw_train_id_threshold,False,False,lr_C1,48,heldout_47_51,selected_source_rich_top64,64,kcenter,32,0.01,id_calib_only_1pct,-4.95345075905269,0.9680729760547321,0.5164,0.01,0.508,0.9267826681870012,0.41135281277860847,0.49748743718592964,0.0,False,877,10000,0.12114840000867844,0.011773600010201335,65,False,False,False
locked,locked_harder_holdout,holdout_bin_5,issue23_locked_leave_one_bin_local_calibration,LOW_GUARD_LR_reference,lr,LOW-GUARD-LR reference,P1_raw_train_oodval_threshold,False,True,lr_C1,48,heldout_47_51,selected_source_rich_top64,64,kcenter,32,0.01,id_calib_plus_ood_val_guarded_1pct,52.191294881078356,0.0,0.0082,0.0,0.01,0.9267826681870012,0.41135281277860847,0.49748743718592964,0.0,True,877,10000,0.11181900004157797,0.010926500021014363,65,False,False,False
locked,locked_harder_holdout,holdout_bin_5,issue23_locked_leave_one_bin_local_calibration,LOW_GUARD_LR_reference,lr,LOW-GUARD-LR reference,P2_guarded_train_id_threshold,True,False,lr_C1,48,heldout_47_51,selected_source_rich_top64,64,kcenter,32,0.01,id_calib_only_1pct,-4.105001834742048,0.9680729760547321,0.0045,0.01,0.0005,0.9811110604332952,0.9727854578991534,0.9830738641898202,0.9680729760547321,True,877,10000,0.3994137999834493,0.011157500033732504,65,False,False,False
locked,locked_harder_holdout,holdout_bin_5,issue23_locked_leave_one_bin_local_calibration,LOW_GUARD_LR_reference,lr,LOW-GUARD-LR reference,P3_full_lowguard,True,True,lr_C1,48,heldout_47_51,selected_source_rich_top64,64,kcenter,32,0.01,id_calib_plus_ood_val_guarded_1pct,-4.102580408336336,0.9680729760547321,0.0045,0.01,0.0005,0.9811110604332952,0.9727854578991534,0.9830738641898202,0.9680729760547321,True,877,10000,0.36606159998336807,0.010953799996059388,65,False,False,False
locked,locked_harder_holdout,holdout_bin_5,issue23_locked_leave_one_bin_local_calibration,DevNet_like_MLP,devnet_like_mlp,DevNet-like MLP,P0_raw_train_id_threshold,False,False,mlp_h16_alpha001,48,heldout_47_51,selected_source_rich_top64,64,kcenter,32,0.01,id_calib_only_1pct,0.004081586408428871,0.9680729760547321,0.6303,0.01,0.629,0.9559232611174457,0.7539551323346311,0.6086819502300556,0.34549600912200684,False,877,10000,0.7927090000011958,0.011430200014729053,1057,False,False,False
locked,locked_harder_holdout,holdout_bin_5,issue23_locked_leave_one_bin_local_calibration,DevNet_like_MLP,devnet_like_mlp,DevNet-like MLP,P1_raw_train_oodval_threshold,False,True,mlp_h8_alpha001,48,heldout_47_51,selected_source_rich_top64,64,kcenter,32,0.01,id_calib_plus_ood_val_guarded_1pct,0.9707252677232024,0.5290763968072976,0.0104,0.0,0.01,0.9652405929304446,0.7746454173553398,0.6283126006314355,0.5153933865450399,False,877,10000,0.8022666000179015,0.010218799987342209,529,False,False,False
locked,locked_harder_holdout,holdout_bin_5,issue23_locked_leave_one_bin_local_calibration,DevNet_like_MLP,devnet_like_mlp,DevNet-like MLP,P2_guarded_train_id_threshold,True,False,mlp_h16_alpha001,48,heldout_47_51,selected_source_rich_top64,64,kcenter,32,0.01,id_calib_only_1pct,0.0038859731261618445,0.9657924743443558,0.0076,0.01,0.0005,0.9902420752565563,0.9765506640596759,0.9692418764288948,0.9680729760547321,True,877,10000,1.3581454000086524,0.010860100039280951,1057,False,False,False
locked,locked_harder_holdout,holdout_bin_5,issue23_locked_leave_one_bin_local_calibration,DevNet_like_MLP,devnet_like_mlp,DevNet-like MLP,P3_full_lowguard,True,True,mlp_h16_alpha001,48,heldout_47_51,selected_source_rich_top64,64,kcenter,32,0.01,id_calib_plus_ood_val_guarded_1pct,0.003887063970381862,0.9657924743443558,0.0076,0.01,0.0005,0.9902420752565563,0.9765506640596759,0.9692418764288948,0.9680729760547321,True,877,10000,1.2684857999556698,0.009557700017467141,1057,False,False,False
locked,locked_harder_holdout,holdout_bin_5,issue23_locked_leave_one_bin_local_calibration,HistGB_shallow,histgb,HistGB shallow,P0_raw_train_id_threshold,False,False,histgb_depth2_iter50_lr005,48,heldout_47_51,selected_source_rich_top64,64,kcenter,32,0.01,id_calib_only_1pct,0.0008980514001295264,0.9703534777651083,0.5795,0.0084,0.5685,0.9579780501710375,0.8693668078983201,0.8728534347908299,0.7548460661345496,False,877,10000,0.11090760002844036,0.0165320000378415,50,False,False,False
locked,locked_harder_holdout,holdout_bin_5,issue23_locked_leave_one_bin_local_calibration,HistGB_shallow,histgb,HistGB shallow,P1_raw_train_oodval_threshold,False,True,histgb_depth2_iter50_lr005,48,heldout_47_51,selected_source_rich_top64,64,kcenter,32,0.01,id_calib_plus_ood_val_guarded_1pct,0.12140935496071886,0.7548460661345496,0.0009,0.0,0.001,0.9579780501710375,0.8693668078983201,0.8728534347908299,0.7548460661345496,True,877,10000,0.13336159999016672,0.021687200001906604,50,False,False,False
locked,locked_harder_holdout,holdout_bin_5,issue23_locked_leave_one_bin_local_calibration,HistGB_shallow,histgb,HistGB shallow,P2_guarded_train_id_threshold,True,False,histgb_depth2_iter50_lr005,48,heldout_47_51,selected_source_rich_top64,64,kcenter,32,0.01,id_calib_only_1pct,0.0002543621282206211,0.9874572405929305,0.0455,0.01,0.0435,0.9959198973774231,0.9835808337783849,0.9830394847670507,0.9669327251995439,False,877,10000,0.18540479999501258,0.015218599990475923,50,False,False,False
locked,locked_harder_holdout,holdout_bin_5,issue23_locked_leave_one_bin_local_calibration,HistGB_shallow,histgb,HistGB shallow,P3_full_lowguard,True,True,histgb_depth2_iter50_lr005,48,heldout_47_51,selected_source_rich_top64,64,kcenter,32,0.01,id_calib_plus_ood_val_guarded_1pct,0.0006034081775978518,0.9669327251995439,0.0077,0.0,0.0085,0.9959198973774231,0.9835808337783849,0.9830394847670507,0.9669327251995439,True,877,10000,0.15553669998189434,0.01685760001419112,50,False,False,False
locked,locked_harder_holdout,holdout_bin_5,issue23_locked_leave_one_bin_local_calibration,DeepSAD_like_center,deepsad_like_center,DeepSAD-like center,P0_raw_train_id_threshold,False,False,center_lambda0,48,heldout_47_51,selected_source_rich_top64,64,kcenter,32,0.01,id_calib_only_1pct,368.8057672119144,0.03078677309007982,0.2736,0.01,0.267,0.3696525655644242,0.05895249390758186,0.49748743718592964,0.0,False,877,10000,0.008039399981498718,0.010840500006452203,128,False,False,False
locked,locked_harder_holdout,holdout_bin_5,issue23_locked_leave_one_bin_local_calibration,DeepSAD_like_center,deepsad_like_center,DeepSAD-like center,P1_raw_train_oodval_threshold,False,True,center_lambda0,48,heldout_47_51,selected_source_rich_top64,64,kcenter,32,0.01,id_calib_plus_ood_val_guarded_1pct,16514.30026855469,0.0,0.0088,0.0,0.01,0.3696525655644242,0.05895249390758186,0.49748743718592964,0.0,True,877,10000,0.009159800014458597,0.010311300051398575,128,False,False,False
locked,locked_harder_holdout,holdout_bin_5,issue23_locked_leave_one_bin_local_calibration,DeepSAD_like_center,deepsad_like_center,DeepSAD-like center,P2_guarded_train_id_threshold,True,False,center_lambda2,48,heldout_47_51,selected_source_rich_top64,64,kcenter,32,0.01,id_calib_only_1pct,512.7422131347663,0.12086659064994298,0.0268,0.01,0.0215,0.8261974914481185,0.2349829614422868,0.5131931034877925,0.07297605473204105,False,877,10000,0.02082269999664277,0.010862900002393872,128,False,False,False
locked,locked_harder_holdout,holdout_bin_5,issue23_locked_leave_one_bin_local_calibration,DeepSAD_like_center,deepsad_like_center,DeepSAD-like center,P3_full_lowguard,True,True,center_lambda2,48,heldout_47_51,selected_source_rich_top64,64,kcenter,32,0.01,id_calib_plus_ood_val_guarded_1pct,669.7069595642089,0.08095781071835804,0.0124,0.002,0.01,0.8261974914481185,0.2349829614422868,0.5131931034877925,0.07297605473204105,False,877,10000,0.01686090003931895,0.009916900016833097,128,False,False,False
locked,locked_harder_holdout,holdout_bin_5,issue23_locked_leave_one_bin_local_calibration,Prototype_metric_LR,prototype_metric_lr,Prototype / metric LR,P0_raw_train_id_threshold,False,False,prototype_metric_lr_C1,48,heldout_47_51,selected_source_rich_top64,64,kcenter,32,0.01,id_calib_only_1pct,2.9725521564011768,0.10148232611174458,0.0547,0.01,0.0505,0.7091856328392246,0.16809916948295667,0.49748743718592964,0.0,False,877,10000,0.009411999955773354,0.007418100023642182,132,False,False,False
locked,locked_harder_holdout,holdout_bin_5,issue23_locked_leave_one_bin_local_calibration,Prototype_metric_LR,prototype_metric_lr,Prototype / metric LR,P1_raw_train_oodval_threshold,False,True,prototype_metric_lr_C1,48,heldout_47_51,selected_source_rich_top64,64,kcenter,32,0.01,id_calib_plus_ood_val_guarded_1pct,3.426539629259672,0.0,0.0081,0.0,0.01,0.7091856328392246,0.16809916948295667,0.49748743718592964,0.0,True,877,10000,0.009207800030708313,0.009714999992866069,132,False,False,False
locked,locked_harder_holdout,holdout_bin_5,issue23_locked_leave_one_bin_local_calibration,Prototype_metric_LR,prototype_metric_lr,Prototype / metric LR,P2_guarded_train_id_threshold,True,False,prototype_metric_lr_C1,48,heldout_47_51,selected_source_rich_top64,64,kcenter,32,0.01,id_calib_only_1pct,2.0207419884223023,0.2645381984036488,0.0094,0.01,0.007,0.9340183580387683,0.49847009590096475,0.5235183901262298,0.29646522234891676,True,877,10000,0.024883300007786602,0.016410699987318367,198,False,False,False
locked,locked_harder_holdout,holdout_bin_5,issue23_locked_leave_one_bin_local_calibration,Prototype_metric_LR,prototype_metric_lr,Prototype / metric LR,P3_full_lowguard,True,True,prototype_metric_lr_C1,48,heldout_47_51,selected_source_rich_top64,64,kcenter,32,0.01,id_calib_plus_ood_val_guarded_1pct,2.021098766274577,0.2645381984036488,0.0094,0.0098,0.007,0.9340183580387683,0.49847009590096475,0.5235183901262298,0.29646522234891676,True,877,10000,0.02239309996366501,0.01320410001790151,198,False,False,False
locked,locked_harder_holdout,holdout_bin_5,issue23_locked_leave_one_bin_local_calibration,RFF_Logistic,rff_logistic,RFF Logistic optional,P0_raw_train_id_threshold,False,False,rff256_gamma1_C1,48,heldout_47_51,selected_source_rich_top64,64,kcenter,32,0.01,id_calib_only_1pct,0.7118717839644753,0.036488027366020526,0.0212,0.01,0.0185,0.5090262257696693,0.08872782685255066,0.5017046463789873,0.020524515393386546,False,877,10000,0.3716784000280313,0.042785099998582155,16641,False,False,False
locked,locked_harder_holdout,holdout_bin_5,issue23_locked_leave_one_bin_local_calibration,RFF_Logistic,rff_logistic,RFF Logistic optional,P1_raw_train_oodval_threshold,False,True,rff256_gamma01_C1,48,heldout_47_51,selected_source_rich_top64,64,kcenter,32,0.01,id_calib_plus_ood_val_guarded_1pct,2.24717074094903,0.01710376282782212,0.0125,0.0002,0.01,0.5742355758266819,0.09515250100101022,0.4993840353420466,0.014823261117445839,False,877,10000,0.4511865000240505,0.04254270001547411,16641,False,False,False
locked,locked_harder_holdout,holdout_bin_5,issue23_locked_leave_one_bin_local_calibration,RFF_Logistic,rff_logistic,RFF Logistic optional,P2_guarded_train_id_threshold,True,False,rff256_gamma01_C1,48,heldout_47_51,selected_source_rich_top64,64,kcenter,32,0.01,id_calib_only_1pct,-0.17152892916221396,0.12884834663625996,0.0075,0.01,0.0035,0.8340208665906499,0.3932196095708985,0.5434699151401248,0.17673888255416192,True,877,10000,0.9826935000019148,0.04209940001601353,16641,False,False,False
locked,locked_harder_holdout,holdout_bin_5,issue23_locked_leave_one_bin_local_calibration,RFF_Logistic,rff_logistic,RFF Logistic optional,P3_full_lowguard,True,True,rff256_gamma01_C1,48,heldout_47_51,selected_source_rich_top64,64,kcenter,32,0.01,id_calib_plus_ood_val_guarded_1pct,-0.13478599947804065,0.12542759407069556,0.0073,0.0098,0.0035,0.8340208665906499,0.3932196095708985,0.5434699151401248,0.17673888255416192,True,877,10000,0.9774004999781027,0.04226700001163408,16641,False,False,False
locked,locked_harder_holdout,holdout_bin_5,issue23_locked_leave_one_bin_local_calibration,LOW_GUARD_LR_reference,lr,LOW-GUARD-LR reference,P0_raw_train_id_threshold,False,False,lr_C1,49,heldout_47_51,selected_source_rich_top64,64,kcenter,32,0.01,id_calib_only_1pct,-4.95345075905269,0.9680729760547321,0.5164,0.01,0.508,0.9267826681870012,0.41135281277860847,0.49748743718592964,0.0,False,877,10000,0.1176949999644421,0.010227199993096292,65,False,False,False
locked,locked_harder_holdout,holdout_bin_5,issue23_locked_leave_one_bin_local_calibration,LOW_GUARD_LR_reference,lr,LOW-GUARD-LR reference,P1_raw_train_oodval_threshold,False,True,lr_C1,49,heldout_47_51,selected_source_rich_top64,64,kcenter,32,0.01,id_calib_plus_ood_val_guarded_1pct,52.191294881078356,0.0,0.0082,0.0,0.01,0.9267826681870012,0.41135281277860847,0.49748743718592964,0.0,True,877,10000,0.11746470001526177,0.013438900001347065,65,False,False,False
locked,locked_harder_holdout,holdout_bin_5,issue23_locked_leave_one_bin_local_calibration,LOW_GUARD_LR_reference,lr,LOW-GUARD-LR reference,P2_guarded_train_id_threshold,True,False,lr_C1,49,heldout_47_51,selected_source_rich_top64,64,kcenter,32,0.01,id_calib_only_1pct,-4.105001834742048,0.9680729760547321,0.0045,0.01,0.0005,0.9811110604332952,0.9727854578991534,0.9830738641898202,0.9680729760547321,True,877,10000,0.3681780000333674,0.011594699986744672,65,False,False,False
locked,locked_harder_holdout,holdout_bin_5,issue23_locked_leave_one_bin_local_calibration,LOW_GUARD_LR_reference,lr,LOW-GUARD-LR reference,P3_full_lowguard,True,True,lr_C1,49,heldout_47_51,selected_source_rich_top64,64,kcenter,32,0.01,id_calib_plus_ood_val_guarded_1pct,-4.102580408336336,0.9680729760547321,0.0045,0.01,0.0005,0.9811110604332952,0.9727854578991534,0.9830738641898202,0.9680729760547321,True,877,10000,0.3841627000365406,0.010683500033337623,65,False,False,False
locked,locked_harder_holdout,holdout_bin_5,issue23_locked_leave_one_bin_local_calibration,DevNet_like_MLP,devnet_like_mlp,DevNet-like MLP,P0_raw_train_id_threshold,False,False,mlp_h8_alpha001,49,heldout_47_51,selected_source_rich_top64,64,kcenter,32,0.01,id_calib_only_1pct,0.005927419187501078,0.9680729760547321,0.776,0.01,0.766,0.9532350627137971,0.7666333190722101,0.6252900763796176,0.5359179019384265,False,877,10000,0.779671500029508,0.00935030000982806,529,False,False,False
locked,locked_harder_holdout,holdout_bin_5,issue23_locked_leave_one_bin_local_calibration,DevNet_like_MLP,devnet_like_mlp,DevNet-like MLP,P1_raw_train_oodval_threshold,False,True,mlp_h8_alpha001,49,heldout_47_51,selected_source_rich_top64,64,kcenter,32,0.01,id_calib_plus_ood_val_guarded_1pct,0.8016888551712001,0.8175598631698974,0.0163,0.0,0.01,0.9532350627137971,0.7666333190722101,0.6252900763796176,0.5359179019384265,False,877,10000,0.7360037000034936,0.009453599981497973,529,False,False,False
locked,locked_harder_holdout,holdout_bin_5,issue23_locked_leave_one_bin_local_calibration,DevNet_like_MLP,devnet_like_mlp,DevNet-like MLP,P2_guarded_train_id_threshold,True,False,mlp_h16_alpha001,49,heldout_47_51,selected_source_rich_top64,64,kcenter,32,0.01,id_calib_only_1pct,0.004445136422291398,0.9669327251995439,0.0063,0.01,0.0015,0.9871631698973773,0.9781657570423755,0.9801344235430287,0.9680729760547321,True,877,10000,1.3730526000144891,0.014637799991760403,1057,False,False,False
locked,locked_harder_holdout,holdout_bin_5,issue23_locked_leave_one_bin_local_calibration,DevNet_like_MLP,devnet_like_mlp,DevNet-like MLP,P3_full_lowguard,True,True,mlp_h16_alpha001,49,heldout_47_51,selected_source_rich_top64,64,kcenter,32,0.01,id_calib_plus_ood_val_guarded_1pct,0.004445409325417132,0.9669327251995439,0.0062,0.01,0.0015,0.9871631698973773,0.9781657570423755,0.9801344235430287,0.9680729760547321,True,877,10000,1.306494800024666,0.010949800023809075,1057,False,False,False
locked,locked_harder_holdout,holdout_bin_5,issue23_locked_leave_one_bin_local_calibration,HistGB_shallow,histgb,HistGB shallow,P0_raw_train_id_threshold,False,False,histgb_depth2_iter50_lr005,49,heldout_47_51,selected_source_rich_top64,64,kcenter,32,0.01,id_calib_only_1pct,0.0008980514001295264,0.9703534777651083,0.5795,0.0084,0.5685,0.9579780501710375,0.8693668078983201,0.8728534347908299,0.7548460661345496,False,877,10000,0.12264429999049753,0.018394299957435578,50,False,False,False
locked,locked_harder_holdout,holdout_bin_5,issue23_locked_leave_one_bin_local_calibration,HistGB_shallow,histgb,HistGB shallow,P1_raw_train_oodval_threshold,False,True,histgb_depth2_iter50_lr005,49,heldout_47_51,selected_source_rich_top64,64,kcenter,32,0.01,id_calib_plus_ood_val_guarded_1pct,0.12140935496071886,0.7548460661345496,0.0009,0.0,0.001,0.9579780501710375,0.8693668078983201,0.8728534347908299,0.7548460661345496,True,877,10000,0.11855469999136403,0.017657299991697073,50,False,False,False
locked,locked_harder_holdout,holdout_bin_5,issue23_locked_leave_one_bin_local_calibration,HistGB_shallow,histgb,HistGB shallow,P2_guarded_train_id_threshold,True,False,histgb_depth2_iter50_lr005,49,heldout_47_51,selected_source_rich_top64,64,kcenter,32,0.01,id_calib_only_1pct,0.0003877212230870557,0.8392246294184721,0.0227,0.0038,0.026,0.9032491448118586,0.8591216656825222,0.908424677549664,0.8278221208665907,False,877,10000,0.1736131000216119,0.017572399985510856,50,False,False,False
locked,locked_harder_holdout,holdout_bin_5,issue23_locked_leave_one_bin_local_calibration,HistGB_shallow,histgb,HistGB shallow,P3_full_lowguard,True,True,histgb_depth3_iter50_lr005,49,heldout_47_51,selected_source_rich_top64,64,kcenter,32,0.01,id_calib_plus_ood_val_guarded_1pct,0.000423206455790015,0.8335233751425314,0.0139,0.0014,0.01,0.9096464082098061,0.8562238028184002,0.9131117388539046,0.8335233751425314,False,877,10000,0.19257110002217814,0.02311730000656098,50,False,False,False
locked,locked_harder_holdout,holdout_bin_5,issue23_locked_leave_one_bin_local_calibration,DeepSAD_like_center,deepsad_like_center,DeepSAD-like center,P0_raw_train_id_threshold,False,False,center_lambda0,49,heldout_47_51,selected_source_rich_top64,64,kcenter,32,0.01,id_calib_only_1pct,368.8057672119144,0.03078677309007982,0.2736,0.01,0.267,0.3696525655644242,0.05895249390758186,0.49748743718592964,0.0,False,877,10000,0.007948499987833202,0.012670400028582662,128,False,False,False
locked,locked_harder_holdout,holdout_bin_5,issue23_locked_leave_one_bin_local_calibration,DeepSAD_like_center,deepsad_like_center,DeepSAD-like center,P1_raw_train_oodval_threshold,False,True,center_lambda0,49,heldout_47_51,selected_source_rich_top64,64,kcenter,32,0.01,id_calib_plus_ood_val_guarded_1pct,16514.30026855469,0.0,0.0088,0.0,0.01,0.3696525655644242,0.05895249390758186,0.49748743718592964,0.0,True,877,10000,0.007343399978708476,0.00972100003855303,128,False,False,False
locked,locked_harder_holdout,holdout_bin_5,issue23_locked_leave_one_bin_local_calibration,DeepSAD_like_center,deepsad_like_center,DeepSAD-like center,P2_guarded_train_id_threshold,True,False,center_lambda1,49,heldout_47_51,selected_source_rich_top64,64,kcenter,32,0.01,id_calib_only_1pct,330.0843359375002,0.11060433295324971,0.0273,0.01,0.0225,0.8265279361459521,0.22264665645230236,0.5017103762827823,0.03534777651083238,False,877,10000,0.018592400010675192,0.009200300031807274,128,False,False,False
locked,locked_harder_holdout,holdout_bin_5,issue23_locked_leave_one_bin_local_calibration,DeepSAD_like_center,deepsad_like_center,DeepSAD-like center,P3_full_lowguard,True,True,center_lambda1,49,heldout_47_51,selected_source_rich_top64,64,kcenter,32,0.01,id_calib_plus_ood_val_guarded_1pct,461.7895325088493,0.03876852907639681,0.0115,0.0014,0.01,0.8265279361459521,0.22264665645230236,0.5017103762827823,0.03534777651083238,False,877,10000,0.01716869999654591,0.00953730003675446,128,False,False,False
locked,locked_harder_holdout,holdout_bin_5,issue23_locked_leave_one_bin_local_calibration,Prototype_metric_LR,prototype_metric_lr,Prototype / metric LR,P0_raw_train_id_threshold,False,False,prototype_metric_lr_C1,49,heldout_47_51,selected_source_rich_top64,64,kcenter,32,0.01,id_calib_only_1pct,2.9725521564011768,0.10148232611174458,0.0547,0.01,0.0505,0.7091856328392246,0.16809916948295667,0.49748743718592964,0.0,False,877,10000,0.009923100005835295,0.008368199982214719,132,False,False,False
locked,locked_harder_holdout,holdout_bin_5,issue23_locked_leave_one_bin_local_calibration,Prototype_metric_LR,prototype_metric_lr,Prototype / metric LR,P1_raw_train_oodval_threshold,False,True,prototype_metric_lr_C1,49,heldout_47_51,selected_source_rich_top64,64,kcenter,32,0.01,id_calib_plus_ood_val_guarded_1pct,3.426539629259672,0.0,0.0081,0.0,0.01,0.7091856328392246,0.16809916948295667,0.49748743718592964,0.0,True,877,10000,0.010650700016412884,0.00890580000123009,132,False,False,False
locked,locked_harder_holdout,holdout_bin_5,issue23_locked_leave_one_bin_local_calibration,Prototype_metric_LR,prototype_metric_lr,Prototype / metric LR,P2_guarded_train_id_threshold,True,False,prototype_metric_lr_C1,49,heldout_47_51,selected_source_rich_top64,64,kcenter,32,0.01,id_calib_only_1pct,2.0207419884223023,0.2645381984036488,0.0094,0.01,0.007,0.9340183580387683,0.49847009590096475,0.5235183901262298,0.29646522234891676,True,877,10000,0.021753399982117116,0.009650299965869635,198,False,False,False
locked,locked_harder_holdout,holdout_bin_5,issue23_locked_leave_one_bin_local_calibration,Prototype_metric_LR,prototype_metric_lr,Prototype / metric LR,P3_full_lowguard,True,True,prototype_metric_lr_C1,49,heldout_47_51,selected_source_rich_top64,64,kcenter,32,0.01,id_calib_plus_ood_val_guarded_1pct,2.021098766274577,0.2645381984036488,0.0094,0.0098,0.007,0.9340183580387683,0.49847009590096475,0.5235183901262298,0.29646522234891676,True,877,10000,0.023808800033293664,0.010307400021702051,198,False,False,False
locked,locked_harder_holdout,holdout_bin_5,issue23_locked_leave_one_bin_local_calibration,RFF_Logistic,rff_logistic,RFF Logistic optional,P0_raw_train_id_threshold,False,False,rff128_gamma1_C1,49,heldout_47_51,selected_source_rich_top64,64,kcenter,32,0.01,id_calib_only_1pct,2.493926183021275,0.018244013683010263,0.0212,0.01,0.0195,0.5163649942987457,0.08457988731054972,0.49984815754943474,0.00798175598631699,False,877,10000,0.1645390999619849,0.024175000027753413,8321,False,False,False
locked,locked_harder_holdout,holdout_bin_5,issue23_locked_leave_one_bin_local_calibration,RFF_Logistic,rff_logistic,RFF Logistic optional,P1_raw_train_oodval_threshold,False,True,rff256_gamma01_C1,49,heldout_47_51,selected_source_rich_top64,64,kcenter,32,0.01,id_calib_plus_ood_val_guarded_1pct,1.941095236290016,0.03534777651083238,0.0117,0.0002,0.01,0.6444961231470924,0.128081539826169,0.5049191224079348,0.029646522234891677,False,877,10000,0.3769054000149481,0.03938560001552105,16641,False,False,False
locked,locked_harder_holdout,holdout_bin_5,issue23_locked_leave_one_bin_local_calibration,RFF_Logistic,rff_logistic,RFF Logistic optional,P2_guarded_train_id_threshold,True,False,rff256_gamma01_C1,49,heldout_47_51,selected_source_rich_top64,64,kcenter,32,0.01,id_calib_only_1pct,-0.6945258391537109,0.17103762827822122,0.0083,0.01,0.0055,0.7886709236031928,0.3985077610204622,0.56814288088103,0.18129988597491448,True,877,10000,0.9285168999922462,0.04306410002755001,16641,False,False,False
locked,locked_harder_holdout,holdout_bin_5,issue23_locked_leave_one_bin_local_calibration,RFF_Logistic,rff_logistic,RFF Logistic optional,P3_full_lowguard,True,True,rff256_gamma01_C1,49,heldout_47_51,selected_source_rich_top64,64,kcenter,32,0.01,id_calib_plus_ood_val_guarded_1pct,-0.678164872550743,0.17103762827822122,0.0078,0.0098,0.0055,0.7886709236031928,0.3985077610204622,0.56814288088103,0.18129988597491448,True,877,10000,0.9195762000163086,0.03642919997218996,16641,False,False,False
locked,locked_harder_holdout,holdout_bin_5,issue23_locked_leave_one_bin_local_calibration,LOW_GUARD_LR_reference,lr,LOW-GUARD-LR reference,P0_raw_train_id_threshold,False,False,lr_C1,50,heldout_47_51,selected_source_rich_top64,64,kcenter,32,0.01,id_calib_only_1pct,-4.95345075905269,0.9680729760547321,0.5164,0.01,0.508,0.9267826681870012,0.41135281277860847,0.49748743718592964,0.0,False,877,10000,0.12571729999035597,0.012526199978310615,65,False,False,False
locked,locked_harder_holdout,holdout_bin_5,issue23_locked_leave_one_bin_local_calibration,LOW_GUARD_LR_reference,lr,LOW-GUARD-LR reference,P1_raw_train_oodval_threshold,False,True,lr_C1,50,heldout_47_51,selected_source_rich_top64,64,kcenter,32,0.01,id_calib_plus_ood_val_guarded_1pct,52.191294881078356,0.0,0.0082,0.0,0.01,0.9267826681870012,0.41135281277860847,0.49748743718592964,0.0,True,877,10000,0.12115740001900122,0.013193899998441339,65,False,False,False
locked,locked_harder_holdout,holdout_bin_5,issue23_locked_leave_one_bin_local_calibration,LOW_GUARD_LR_reference,lr,LOW-GUARD-LR reference,P2_guarded_train_id_threshold,True,False,lr_C1,50,heldout_47_51,selected_source_rich_top64,64,kcenter,32,0.01,id_calib_only_1pct,-4.105001834742048,0.9680729760547321,0.0045,0.01,0.0005,0.9811110604332952,0.9727854578991534,0.9830738641898202,0.9680729760547321,True,877,10000,0.3959428000380285,0.012257600028533489,65,False,False,False
locked,locked_harder_holdout,holdout_bin_5,issue23_locked_leave_one_bin_local_calibration,LOW_GUARD_LR_reference,lr,LOW-GUARD-LR reference,P3_full_lowguard,True,True,lr_C1,50,heldout_47_51,selected_source_rich_top64,64,kcenter,32,0.01,id_calib_plus_ood_val_guarded_1pct,-4.102580408336336,0.9680729760547321,0.0045,0.01,0.0005,0.9811110604332952,0.9727854578991534,0.9830738641898202,0.9680729760547321,True,877,10000,0.4087044000043534,0.014102699991781265,65,False,False,False
locked,locked_harder_holdout,holdout_bin_5,issue23_locked_leave_one_bin_local_calibration,DevNet_like_MLP,devnet_like_mlp,DevNet-like MLP,P0_raw_train_id_threshold,False,False,mlp_h16_alpha001,50,heldout_47_51,selected_source_rich_top64,64,kcenter,32,0.01,id_calib_only_1pct,0.005183367626741536,0.9714937286202965,0.6299,0.01,0.6175,0.9188561003420753,0.45386130998384905,0.5091248717934026,0.07297605473204105,False,877,10000,0.6826919000013731,0.010598099965136498,1057,False,False,False
locked,locked_harder_holdout,holdout_bin_5,issue23_locked_leave_one_bin_local_calibration,DevNet_like_MLP,devnet_like_mlp,DevNet-like MLP,P1_raw_train_oodval_threshold,False,True,mlp_h16_alpha001,50,heldout_47_51,selected_source_rich_top64,64,kcenter,32,0.01,id_calib_plus_ood_val_guarded_1pct,0.9912615968883037,0.15393386545039908,0.0175,0.0,0.01,0.9188561003420753,0.45386130998384905,0.5091248717934026,0.07297605473204105,False,877,10000,0.7037245000246912,0.010431699978653342,1057,False,False,False
locked,locked_harder_holdout,holdout_bin_5,issue23_locked_leave_one_bin_local_calibration,DevNet_like_MLP,devnet_like_mlp,DevNet-like MLP,P2_guarded_train_id_threshold,True,False,mlp_h16_alpha001,50,heldout_47_51,selected_source_rich_top64,64,kcenter,32,0.01,id_calib_only_1pct,0.004065700853243475,0.9646522234891676,0.0071,0.01,0.0015,0.9858527936145951,0.9737650723531595,0.9675400950018048,0.9657924743443558,True,877,10000,1.2522601999808103,0.009672600019257516,1057,False,False,False
locked,locked_harder_holdout,holdout_bin_5,issue23_locked_leave_one_bin_local_calibration,DevNet_like_MLP,devnet_like_mlp,DevNet-like MLP,P3_full_lowguard,True,True,mlp_h16_alpha001,50,heldout_47_51,selected_source_rich_top64,64,kcenter,32,0.01,id_calib_plus_ood_val_guarded_1pct,0.004077842494007215,0.9646522234891676,0.0071,0.01,0.0015,0.9858527936145951,0.9737650723531595,0.9675400950018048,0.9657924743443558,True,877,10000,1.2496044999570586,0.010486499988473952,1057,False,False,False
locked,locked_harder_holdout,holdout_bin_5,issue23_locked_leave_one_bin_local_calibration,HistGB_shallow,histgb,HistGB shallow,P0_raw_train_id_threshold,False,False,histgb_depth2_iter50_lr005,50,heldout_47_51,selected_source_rich_top64,64,kcenter,32,0.01,id_calib_only_1pct,0.0008980514001295264,0.9703534777651083,0.5795,0.0084,0.5685,0.9579780501710375,0.8693668078983201,0.8728534347908299,0.7548460661345496,False,877,10000,0.11691569996764883,0.019789499987382442,50,False,False,False
locked,locked_harder_holdout,holdout_bin_5,issue23_locked_leave_one_bin_local_calibration,HistGB_shallow,histgb,HistGB shallow,P1_raw_train_oodval_threshold,False,True,histgb_depth2_iter50_lr005,50,heldout_47_51,selected_source_rich_top64,64,kcenter,32,0.01,id_calib_plus_ood_val_guarded_1pct,0.12140935496071886,0.7548460661345496,0.0009,0.0,0.001,0.9579780501710375,0.8693668078983201,0.8728534347908299,0.7548460661345496,True,877,10000,0.11838170001283288,0.01634490001015365,50,False,False,False
locked,locked_harder_holdout,holdout_bin_5,issue23_locked_leave_one_bin_local_calibration,HistGB_shallow,histgb,HistGB shallow,P2_guarded_train_id_threshold,True,False,histgb_depth3_iter50_lr005,50,heldout_47_51,selected_source_rich_top64,64,kcenter,32,0.01,id_calib_only_1pct,0.0012820519222159132,0.5108323831242874,0.0143,0.0096,0.0125,0.6690605473204105,0.5617634570348993,0.7471710318983744,0.49486887115165334,False,877,10000,0.11519860004773363,0.0071832999819889665,50,False,False,False
locked,locked_harder_holdout,holdout_bin_5,issue23_locked_leave_one_bin_local_calibration,HistGB_shallow,histgb,HistGB shallow,P3_full_lowguard,True,True,histgb_depth3_iter50_lr005,50,heldout_47_51,selected_source_rich_top64,64,kcenter,32,0.01,id_calib_plus_ood_val_guarded_1pct,0.0022953441618210617,0.5096921322690992,0.0109,0.0076,0.0095,0.6690605473204105,0.5617634570348993,0.7471710318983744,0.49486887115165334,False,877,10000,0.1161747999722138,0.007855599978938699,50,False,False,False
locked,locked_harder_holdout,holdout_bin_5,issue23_locked_leave_one_bin_local_calibration,DeepSAD_like_center,deepsad_like_center,DeepSAD-like center,P0_raw_train_id_threshold,False,False,center_lambda0,50,heldout_47_51,selected_source_rich_top64,64,kcenter,32,0.01,id_calib_only_1pct,368.8057672119144,0.03078677309007982,0.2736,0.01,0.267,0.3696525655644242,0.05895249390758186,0.49748743718592964,0.0,False,877,10000,0.00711920001776889,0.00991779996547848,128,False,False,False
locked,locked_harder_holdout,holdout_bin_5,issue23_locked_leave_one_bin_local_calibration,DeepSAD_like_center,deepsad_like_center,DeepSAD-like center,P1_raw_train_oodval_threshold,False,True,center_lambda0,50,heldout_47_51,selected_source_rich_top64,64,kcenter,32,0.01,id_calib_plus_ood_val_guarded_1pct,16514.30026855469,0.0,0.0088,0.0,0.01,0.3696525655644242,0.05895249390758186,0.49748743718592964,0.0,True,877,10000,0.009663900011219084,0.013131199986673892,128,False,False,False
locked,locked_harder_holdout,holdout_bin_5,issue23_locked_leave_one_bin_local_calibration,DeepSAD_like_center,deepsad_like_center,DeepSAD-like center,P2_guarded_train_id_threshold,True,False,center_lambda2,50,heldout_47_51,selected_source_rich_top64,64,kcenter,32,0.01,id_calib_only_1pct,512.7422131347663,0.12086659064994298,0.0268,0.01,0.0215,0.8261974914481185,0.2349829614422868,0.5131931034877925,0.07297605473204105,False,877,10000,0.017144299985375255,0.010441399994306266,128,False,False,False
locked,locked_harder_holdout,holdout_bin_5,issue23_locked_leave_one_bin_local_calibration,DeepSAD_like_center,deepsad_like_center,DeepSAD-like center,P3_full_lowguard,True,True,center_lambda1,50,heldout_47_51,selected_source_rich_top64,64,kcenter,32,0.01,id_calib_plus_ood_val_guarded_1pct,461.7895325088493,0.03876852907639681,0.0115,0.0014,0.01,0.8265279361459521,0.22264665645230236,0.5017103762827823,0.03534777651083238,False,877,10000,0.018242099962662905,0.009983199997805059,128,False,False,False
locked,locked_harder_holdout,holdout_bin_5,issue23_locked_leave_one_bin_local_calibration,Prototype_metric_LR,prototype_metric_lr,Prototype / metric LR,P0_raw_train_id_threshold,False,False,prototype_metric_lr_C1,50,heldout_47_51,selected_source_rich_top64,64,kcenter,32,0.01,id_calib_only_1pct,2.9725521564011768,0.10148232611174458,0.0547,0.01,0.0505,0.7091856328392246,0.16809916948295667,0.49748743718592964,0.0,False,877,10000,0.01124540000455454,0.006989400018937886,132,False,False,False
locked,locked_harder_holdout,holdout_bin_5,issue23_locked_leave_one_bin_local_calibration,Prototype_metric_LR,prototype_metric_lr,Prototype / metric LR,P1_raw_train_oodval_threshold,False,True,prototype_metric_lr_C1,50,heldout_47_51,selected_source_rich_top64,64,kcenter,32,0.01,id_calib_plus_ood_val_guarded_1pct,3.426539629259672,0.0,0.0081,0.0,0.01,0.7091856328392246,0.16809916948295667,0.49748743718592964,0.0,True,877,10000,0.010354100028052926,0.007897600007709116,132,False,False,False
locked,locked_harder_holdout,holdout_bin_5,issue23_locked_leave_one_bin_local_calibration,Prototype_metric_LR,prototype_metric_lr,Prototype / metric LR,P2_guarded_train_id_threshold,True,False,prototype_metric_lr_C1,50,heldout_47_51,selected_source_rich_top64,64,kcenter,32,0.01,id_calib_only_1pct,2.0207419884223023,0.2645381984036488,0.0094,0.01,0.007,0.9340183580387683,0.49847009590096475,0.5235183901262298,0.29646522234891676,True,877,10000,0.02440350002143532,0.010640599997714162,198,False,False,False
locked,locked_harder_holdout,holdout_bin_5,issue23_locked_leave_one_bin_local_calibration,Prototype_metric_LR,prototype_metric_lr,Prototype / metric LR,P3_full_lowguard,True,True,prototype_metric_lr_C1,50,heldout_47_51,selected_source_rich_top64,64,kcenter,32,0.01,id_calib_plus_ood_val_guarded_1pct,2.021098766274577,0.2645381984036488,0.0094,0.0098,0.007,0.9340183580387683,0.49847009590096475,0.5235183901262298,0.29646522234891676,True,877,10000,0.02485550002893433,0.012593199964612722,198,False,False,False
locked,locked_harder_holdout,holdout_bin_5,issue23_locked_leave_one_bin_local_calibration,RFF_Logistic,rff_logistic,RFF Logistic optional,P0_raw_train_id_threshold,False,False,rff128_gamma1_C1,50,heldout_47_51,selected_source_rich_top64,64,kcenter,32,0.01,id_calib_only_1pct,3.060450431592622,0.014823261117445839,0.0117,0.01,0.0135,0.5063607753705816,0.08410273923867309,0.501721836090372,0.013683010262257697,False,877,10000,0.1840506999869831,0.02397239999845624,8321,False,False,False
locked,locked_harder_holdout,holdout_bin_5,issue23_locked_leave_one_bin_local_calibration,RFF_Logistic,rff_logistic,RFF Logistic optional,P1_raw_train_oodval_threshold,False,True,rff256_gamma01_C1,50,heldout_47_51,selected_source_rich_top64,64,kcenter,32,0.01,id_calib_plus_ood_val_guarded_1pct,2.779929130212787,0.01596351197263398,0.0088,0.0,0.01,0.5660378563283922,0.09702854128291909,0.5005472058124144,0.019384264538198404,True,877,10000,0.37772879999829456,0.039152099983766675,16641,False,False,False
locked,locked_harder_holdout,holdout_bin_5,issue23_locked_leave_one_bin_local_calibration,RFF_Logistic,rff_logistic,RFF Logistic optional,P2_guarded_train_id_threshold,True,False,rff128_gamma01_C1,50,heldout_47_51,selected_source_rich_top64,64,kcenter,32,0.01,id_calib_only_1pct,1.184707749024184,0.28278221208665905,0.0087,0.01,0.006,0.7894222348916762,0.46612318967309224,0.595738097557342,0.2976054732041049,True,877,10000,0.5405742000439204,0.02361209999071434,8321,False,False,False
locked,locked_harder_holdout,holdout_bin_5,issue23_locked_leave_one_bin_local_calibration,RFF_Logistic,rff_logistic,RFF Logistic optional,P3_full_lowguard,True,True,rff128_gamma01_C1,50,heldout_47_51,selected_source_rich_top64,64,kcenter,32,0.01,id_calib_plus_ood_val_guarded_1pct,1.2211864412908624,0.2805017103762828,0.0085,0.01,0.006,0.7894222348916762,0.46612318967309224,0.595738097557342,0.2976054732041049,True,877,10000,0.507759400003124,0.027365599991753697,8321,False,False,False
locked,locked_harder_holdout,holdout_bin_5,issue23_locked_leave_one_bin_local_calibration,LOW_GUARD_LR_reference,lr,LOW-GUARD-LR reference,P0_raw_train_id_threshold,False,False,lr_C1,51,heldout_47_51,selected_source_rich_top64,64,kcenter,32,0.01,id_calib_only_1pct,-4.95345075905269,0.9680729760547321,0.5164,0.01,0.508,0.9267826681870012,0.41135281277860847,0.49748743718592964,0.0,False,877,10000,0.11730230000102893,0.011012000031769276,65,False,False,False
locked,locked_harder_holdout,holdout_bin_5,issue23_locked_leave_one_bin_local_calibration,LOW_GUARD_LR_reference,lr,LOW-GUARD-LR reference,P1_raw_train_oodval_threshold,False,True,lr_C1,51,heldout_47_51,selected_source_rich_top64,64,kcenter,32,0.01,id_calib_plus_ood_val_guarded_1pct,52.191294881078356,0.0,0.0082,0.0,0.01,0.9267826681870012,0.41135281277860847,0.49748743718592964,0.0,True,877,10000,0.150888699979987,0.012320499983616173,65,False,False,False
locked,locked_harder_holdout,holdout_bin_5,issue23_locked_leave_one_bin_local_calibration,LOW_GUARD_LR_reference,lr,LOW-GUARD-LR reference,P2_guarded_train_id_threshold,True,False,lr_C1,51,heldout_47_51,selected_source_rich_top64,64,kcenter,32,0.01,id_calib_only_1pct,-4.105001834742048,0.9680729760547321,0.0045,0.01,0.0005,0.9811110604332952,0.9727854578991534,0.9830738641898202,0.9680729760547321,True,877,10000,0.4298753999755718,0.01172389998100698,65,False,False,False
locked,locked_harder_holdout,holdout_bin_5,issue23_locked_leave_one_bin_local_calibration,LOW_GUARD_LR_reference,lr,LOW-GUARD-LR reference,P3_full_lowguard,True,True,lr_C1,51,heldout_47_51,selected_source_rich_top64,64,kcenter,32,0.01,id_calib_plus_ood_val_guarded_1pct,-4.102580408336336,0.9680729760547321,0.0045,0.01,0.0005,0.9811110604332952,0.9727854578991534,0.9830738641898202,0.9680729760547321,True,877,10000,0.4126107000047341,0.01074449997395277,65,False,False,False
locked,locked_harder_holdout,holdout_bin_5,issue23_locked_leave_one_bin_local_calibration,DevNet_like_MLP,devnet_like_mlp,DevNet-like MLP,P0_raw_train_id_threshold,False,False,mlp_h8_alpha001,51,heldout_47_51,selected_source_rich_top64,64,kcenter,32,0.01,id_calib_only_1pct,0.0024966361792758147,0.9669327251995439,0.3555,0.01,0.351,0.9628675028506272,0.8592860505608998,0.7756628066214768,0.8198403648802737,False,877,10000,0.9029289999743924,0.009096499998122454,529,False,False,False
locked,locked_harder_holdout,holdout_bin_5,issue23_locked_leave_one_bin_local_calibration,DevNet_like_MLP,devnet_like_mlp,DevNet-like MLP,P1_raw_train_oodval_threshold,False,True,mlp_h8_alpha001,51,heldout_47_51,selected_source_rich_top64,64,kcenter,32,0.01,id_calib_plus_ood_val_guarded_1pct,0.4896086288243529,0.8335233751425314,0.0113,0.0,0.01,0.9628675028506272,0.8592860505608998,0.7756628066214768,0.8198403648802737,False,877,10000,0.9920197000028566,0.01050470001064241,529,False,False,False
locked,locked_harder_holdout,holdout_bin_5,issue23_locked_leave_one_bin_local_calibration,DevNet_like_MLP,devnet_like_mlp,DevNet-like MLP,P2_guarded_train_id_threshold,True,False,mlp_h16_alpha001,51,heldout_47_51,selected_source_rich_top64,64,kcenter,32,0.01,id_calib_only_1pct,0.004343116236850644,0.9669327251995439,0.006,0.01,0.001,0.9882449258836944,0.9744635878191406,0.9652252138686591,0.9680729760547321,True,877,10000,1.1696284000063315,0.011753300030250102,1057,False,False,False
locked,locked_harder_holdout,holdout_bin_5,issue23_locked_leave_one_bin_local_calibration,DevNet_like_MLP,devnet_like_mlp,DevNet-like MLP,P3_full_lowguard,True,True,mlp_h16_alpha001,51,heldout_47_51,selected_source_rich_top64,64,kcenter,32,0.01,id_calib_plus_ood_val_guarded_1pct,0.004455105887842365,0.9669327251995439,0.006,0.0098,0.001,0.9882449258836944,0.9744635878191406,0.9652252138686591,0.9680729760547321,True,877,10000,1.216017999977339,0.011122800002340227,1057,False,False,False
locked,locked_harder_holdout,holdout_bin_5,issue23_locked_leave_one_bin_local_calibration,HistGB_shallow,histgb,HistGB shallow,P0_raw_train_id_threshold,False,False,histgb_depth2_iter50_lr005,51,heldout_47_51,selected_source_rich_top64,64,kcenter,32,0.01,id_calib_only_1pct,0.0008980514001295264,0.9703534777651083,0.5795,0.0084,0.5685,0.9579780501710375,0.8693668078983201,0.8728534347908299,0.7548460661345496,False,877,10000,0.11195779999252409,0.016512000001966953,50,False,False,False
locked,locked_harder_holdout,holdout_bin_5,issue23_locked_leave_one_bin_local_calibration,HistGB_shallow,histgb,HistGB shallow,P1_raw_train_oodval_threshold,False,True,histgb_depth2_iter50_lr005,51,heldout_47_51,selected_source_rich_top64,64,kcenter,32,0.01,id_calib_plus_ood_val_guarded_1pct,0.12140935496071886,0.7548460661345496,0.0009,0.0,0.001,0.9579780501710375,0.8693668078983201,0.8728534347908299,0.7548460661345496,True,877,10000,0.10467139998218045,0.016129099996760488,50,False,False,False
locked,locked_harder_holdout,holdout_bin_5,issue23_locked_leave_one_bin_local_calibration,HistGB_shallow,histgb,HistGB shallow,P2_guarded_train_id_threshold,True,False,histgb_depth2_iter50_lr005,51,heldout_47_51,selected_source_rich_top64,64,kcenter,32,0.01,id_calib_only_1pct,0.00021885213123754268,0.9680729760547321,0.0351,0.007,0.032,0.9964994298745723,0.9821145405480434,0.9829019670759729,0.9669327251995439,False,877,10000,0.1561447000131011,0.018241900019347668,50,False,False,False
locked,locked_harder_holdout,holdout_bin_5,issue23_locked_leave_one_bin_local_calibration,HistGB_shallow,histgb,HistGB shallow,P3_full_lowguard,True,True,histgb_depth2_iter50_lr005,51,heldout_47_51,selected_source_rich_top64,64,kcenter,32,0.01,id_calib_plus_ood_val_guarded_1pct,0.000713217508562442,0.9669327251995439,0.0095,0.0036,0.0095,0.9964994298745723,0.9821145405480434,0.9829019670759729,0.9669327251995439,True,877,10000,0.16942649998236448,0.019798399996943772,50,False,False,False
locked,locked_harder_holdout,holdout_bin_5,issue23_locked_leave_one_bin_local_calibration,DeepSAD_like_center,deepsad_like_center,DeepSAD-like center,P0_raw_train_id_threshold,False,False,center_lambda0,51,heldout_47_51,selected_source_rich_top64,64,kcenter,32,0.01,id_calib_only_1pct,368.8057672119144,0.03078677309007982,0.2736,0.01,0.267,0.3696525655644242,0.05895249390758186,0.49748743718592964,0.0,False,877,10000,0.007858799945097417,0.012746000022161752,128,False,False,False
locked,locked_harder_holdout,holdout_bin_5,issue23_locked_leave_one_bin_local_calibration,DeepSAD_like_center,deepsad_like_center,DeepSAD-like center,P1_raw_train_oodval_threshold,False,True,center_lambda0,51,heldout_47_51,selected_source_rich_top64,64,kcenter,32,0.01,id_calib_plus_ood_val_guarded_1pct,16514.30026855469,0.0,0.0088,0.0,0.01,0.3696525655644242,0.05895249390758186,0.49748743718592964,0.0,True,877,10000,0.007813800009898841,0.00960840005427599,128,False,False,False
locked,locked_harder_holdout,holdout_bin_5,issue23_locked_leave_one_bin_local_calibration,DeepSAD_like_center,deepsad_like_center,DeepSAD-like center,P2_guarded_train_id_threshold,True,False,center_lambda2,51,heldout_47_51,selected_source_rich_top64,64,kcenter,32,0.01,id_calib_only_1pct,512.7422131347663,0.12086659064994298,0.0268,0.01,0.0215,0.8261974914481185,0.2349829614422868,0.5131931034877925,0.07297605473204105,False,877,10000,0.019871999975293875,0.011225800029933453,128,False,False,False
locked,locked_harder_holdout,holdout_bin_5,issue23_locked_leave_one_bin_local_calibration,DeepSAD_like_center,deepsad_like_center,DeepSAD-like center,P3_full_lowguard,True,True,center_lambda2,51,heldout_47_51,selected_source_rich_top64,64,kcenter,32,0.01,id_calib_plus_ood_val_guarded_1pct,669.7069595642089,0.08095781071835804,0.0124,0.002,0.01,0.8261974914481185,0.2349829614422868,0.5131931034877925,0.07297605473204105,False,877,10000,0.021275200007949024,0.010439899982884526,128,False,False,False
locked,locked_harder_holdout,holdout_bin_5,issue23_locked_leave_one_bin_local_calibration,Prototype_metric_LR,prototype_metric_lr,Prototype / metric LR,P0_raw_train_id_threshold,False,False,prototype_metric_lr_C1,51,heldout_47_51,selected_source_rich_top64,64,kcenter,32,0.01,id_calib_only_1pct,2.9725521564011768,0.10148232611174458,0.0547,0.01,0.0505,0.7091856328392246,0.16809916948295667,0.49748743718592964,0.0,False,877,10000,0.010347800038289279,0.01014910003868863,132,False,False,False
locked,locked_harder_holdout,holdout_bin_5,issue23_locked_leave_one_bin_local_calibration,Prototype_metric_LR,prototype_metric_lr,Prototype / metric LR,P1_raw_train_oodval_threshold,False,True,prototype_metric_lr_C1,51,heldout_47_51,selected_source_rich_top64,64,kcenter,32,0.01,id_calib_plus_ood_val_guarded_1pct,3.426539629259672,0.0,0.0081,0.0,0.01,0.7091856328392246,0.16809916948295667,0.49748743718592964,0.0,True,877,10000,0.009909700020216405,0.009206399961840361,132,False,False,False
locked,locked_harder_holdout,holdout_bin_5,issue23_locked_leave_one_bin_local_calibration,Prototype_metric_LR,prototype_metric_lr,Prototype / metric LR,P2_guarded_train_id_threshold,True,False,prototype_metric_lr_C1,51,heldout_47_51,selected_source_rich_top64,64,kcenter,32,0.01,id_calib_only_1pct,2.0207419884223023,0.2645381984036488,0.0094,0.01,0.007,0.9340183580387683,0.49847009590096475,0.5235183901262298,0.29646522234891676,True,877,10000,0.02526299998862669,0.013049499946646392,198,False,False,False
locked,locked_harder_holdout,holdout_bin_5,issue23_locked_leave_one_bin_local_calibration,Prototype_metric_LR,prototype_metric_lr,Prototype / metric LR,P3_full_lowguard,True,True,prototype_metric_lr_C1,51,heldout_47_51,selected_source_rich_top64,64,kcenter,32,0.01,id_calib_plus_ood_val_guarded_1pct,2.021098766274577,0.2645381984036488,0.0094,0.0098,0.007,0.9340183580387683,0.49847009590096475,0.5235183901262298,0.29646522234891676,True,877,10000,0.026368999970145524,0.011131499952170998,198,False,False,False
locked,locked_harder_holdout,holdout_bin_5,issue23_locked_leave_one_bin_local_calibration,RFF_Logistic,rff_logistic,RFF Logistic optional,P0_raw_train_id_threshold,False,False,rff128_gamma1_C1,51,heldout_47_51,selected_source_rich_top64,64,kcenter,32,0.01,id_calib_only_1pct,2.8376564687205597,0.027366020524515394,0.0324,0.01,0.0325,0.4925916761687571,0.07769328882427781,0.49965334082040763,0.011402508551881414,False,877,10000,0.196019500028342,0.02462430001469329,8321,False,False,False
locked,locked_harder_holdout,holdout_bin_5,issue23_locked_leave_one_bin_local_calibration,RFF_Logistic,rff_logistic,RFF Logistic optional,P1_raw_train_oodval_threshold,False,True,rff256_gamma01_C1,51,heldout_47_51,selected_source_rich_top64,64,kcenter,32,0.01,id_calib_plus_ood_val_guarded_1pct,2.1524301517008504,0.02394526795895097,0.0122,0.0002,0.01,0.5138721778791334,0.09186145831976623,0.5029709551176635,0.021664766248574687,False,877,10000,0.3897887000348419,0.03538800001842901,16641,False,False,False
locked,locked_harder_holdout,holdout_bin_5,issue23_locked_leave_one_bin_local_calibration,RFF_Logistic,rff_logistic,RFF Logistic optional,P2_guarded_train_id_threshold,True,False,rff128_gamma01_C1,51,heldout_47_51,selected_source_rich_top64,64,kcenter,32,0.01,id_calib_only_1pct,2.7101882713580063,0.0661345496009122,0.0058,0.01,0.004,0.7127403648802736,0.25150756561324805,0.5237132068552569,0.11060433295324971,True,877,10000,0.6648789999890141,0.025610500015318394,8321,False,False,False
locked,locked_harder_holdout,holdout_bin_5,issue23_locked_leave_one_bin_local_calibration,RFF_Logistic,rff_logistic,RFF Logistic optional,P3_full_lowguard,True,True,rff128_gamma01_C1,51,heldout_47_51,selected_source_rich_top64,64,kcenter,32,0.01,id_calib_plus_ood_val_guarded_1pct,2.718890351506349,0.06499429874572406,0.0058,0.01,0.004,0.7127403648802736,0.25150756561324805,0.5237132068552569,0.11060433295324971,True,877,10000,0.6861869000131264,0.02549079997697845,8321,False,False,False
locked,locked_harder_holdout,holdout_bin_6,issue23_locked_leave_one_bin_local_calibration,LOW_GUARD_LR_reference,lr,LOW-GUARD-LR reference,P0_raw_train_id_threshold,False,False,lr_C1,42,main_42_46,selected_source_rich_top64,64,kcenter,32,0.01,id_calib_only_1pct,-4.95452261717315,0.97002997002997,0.5139,0.01,0.5065,0.931433166833167,0.450917408095004,0.49748743718592964,0.0,False,1001,10000,0.12385140004334971,0.013272600015625358,65,False,False,False
locked,locked_harder_holdout,holdout_bin_6,issue23_locked_leave_one_bin_local_calibration,LOW_GUARD_LR_reference,lr,LOW-GUARD-LR reference,P1_raw_train_oodval_threshold,False,True,lr_C1,42,main_42_46,selected_source_rich_top64,64,kcenter,32,0.01,id_calib_plus_ood_val_guarded_1pct,52.262188785100285,0.0,0.0082,0.0,0.01,0.931433166833167,0.450917408095004,0.49748743718592964,0.0,True,1001,10000,0.11960279999766499,0.010708299989346415,65,False,False,False
locked,locked_harder_holdout,holdout_bin_6,issue23_locked_leave_one_bin_local_calibration,LOW_GUARD_LR_reference,lr,LOW-GUARD-LR reference,P2_guarded_train_id_threshold,True,False,lr_C1,42,main_42_46,selected_source_rich_top64,64,kcenter,32,0.01,id_calib_only_1pct,-4.124305740106003,0.97002997002997,0.0046,0.01,0.0005,0.9826834165834166,0.9750582019196735,0.9841615670761399,0.97002997002997,True,1001,10000,0.35061530000530183,0.010755800001788884,65,False,False,False
locked,locked_harder_holdout,holdout_bin_6,issue23_locked_leave_one_bin_local_calibration,LOW_GUARD_LR_reference,lr,LOW-GUARD-LR reference,P3_full_lowguard,True,True,lr_C1,42,main_42_46,selected_source_rich_top64,64,kcenter,32,0.01,id_calib_plus_ood_val_guarded_1pct,-4.118561382207412,0.97002997002997,0.0045,0.01,0.0005,0.9826834165834166,0.9750582019196735,0.9841615670761399,0.97002997002997,True,1001,10000,0.3506690999493003,0.013348600012250245,65,False,False,False
locked,locked_harder_holdout,holdout_bin_6,issue23_locked_leave_one_bin_local_calibration,DevNet_like_MLP,devnet_like_mlp,DevNet-like MLP,P0_raw_train_id_threshold,False,False,mlp_h8_alpha001,42,main_42_46,selected_source_rich_top64,64,kcenter,32,0.01,id_calib_only_1pct,0.005263934931717815,0.97002997002997,0.4258,0.01,0.4145,0.9753712287712287,0.9362627674019375,0.8722282742383245,0.9180819180819181,False,1001,10000,0.7153078999835998,0.010752499976661056,529,False,False,False
locked,locked_harder_holdout,holdout_bin_6,issue23_locked_leave_one_bin_local_calibration,DevNet_like_MLP,devnet_like_mlp,DevNet-like MLP,P1_raw_train_oodval_threshold,False,True,mlp_h16_alpha001,42,main_42_46,selected_source_rich_top64,64,kcenter,32,0.01,id_calib_plus_ood_val_guarded_1pct,0.8583883584737765,0.9080919080919081,0.0172,0.0,0.01,0.9674324175824176,0.8412953389199163,0.6761404424721007,0.6543456543456544,False,1001,10000,0.7145096000167541,0.010947400005534291,1057,False,False,False
locked,locked_harder_holdout,holdout_bin_6,issue23_locked_leave_one_bin_local_calibration,DevNet_like_MLP,devnet_like_mlp,DevNet-like MLP,P2_guarded_train_id_threshold,True,False,mlp_h16_alpha001,42,main_42_46,selected_source_rich_top64,64,kcenter,32,0.01,id_calib_only_1pct,0.0034684005030431353,0.965034965034965,0.0078,0.01,0.0025,0.9905687312687312,0.9816246834736123,0.9742117179303109,0.9660339660339661,True,1001,10000,1.2751272000023164,0.010878900007810444,1057,False,False,False
locked,locked_harder_holdout,holdout_bin_6,issue23_locked_leave_one_bin_local_calibration,DevNet_like_MLP,devnet_like_mlp,DevNet-like MLP,P3_full_lowguard,True,True,mlp_h16_alpha001,42,main_42_46,selected_source_rich_top64,64,kcenter,32,0.01,id_calib_plus_ood_val_guarded_1pct,0.0036390129338832954,0.965034965034965,0.0073,0.01,0.0025,0.9905687312687312,0.9816246834736123,0.9742117179303109,0.9660339660339661,True,1001,10000,1.307049700000789,0.010518699942622334,1057,False,False,False
locked,locked_harder_holdout,holdout_bin_6,issue23_locked_leave_one_bin_local_calibration,HistGB_shallow,histgb,HistGB shallow,P0_raw_train_id_threshold,False,False,histgb_depth2_iter50_lr005,42,main_42_46,selected_source_rich_top64,64,kcenter,32,0.01,id_calib_only_1pct,0.000899173881310093,0.97002997002997,0.5682,0.0088,0.5595,0.9581627872127872,0.8784332033058085,0.8670274449168922,0.7432567432567433,False,1001,10000,0.11126400000648573,0.016932500002440065,50,False,False,False
locked,locked_harder_holdout,holdout_bin_6,issue23_locked_leave_one_bin_local_calibration,HistGB_shallow,histgb,HistGB shallow,P1_raw_train_oodval_threshold,False,True,histgb_depth2_iter50_lr005,42,main_42_46,selected_source_rich_top64,64,kcenter,32,0.01,id_calib_plus_ood_val_guarded_1pct,0.1314112271168826,0.7432567432567433,0.0009,0.0,0.001,0.9581627872127872,0.8784332033058085,0.8670274449168922,0.7432567432567433,True,1001,10000,0.10818489996017888,0.019817500025965273,50,False,False,False
locked,locked_harder_holdout,holdout_bin_6,issue23_locked_leave_one_bin_local_calibration,HistGB_shallow,histgb,HistGB shallow,P2_guarded_train_id_threshold,True,False,histgb_depth2_iter50_lr005,42,main_42_46,selected_source_rich_top64,64,kcenter,32,0.01,id_calib_only_1pct,0.0002213217015343532,0.97002997002997,0.0215,0.01,0.0185,0.9947766233766233,0.9770675664656832,0.9809235990140512,0.962037962037962,False,1001,10000,0.17885319999186322,0.018959600012749434,50,False,False,False
locked,locked_harder_holdout,holdout_bin_6,issue23_locked_leave_one_bin_local_calibration,HistGB_shallow,histgb,HistGB shallow,P3_full_lowguard,True,True,histgb_depth2_iter50_lr005,42,main_42_46,selected_source_rich_top64,64,kcenter,32,0.01,id_calib_plus_ood_val_guarded_1pct,0.00042452927004216825,0.962037962037962,0.0107,0.0092,0.009,0.9947766233766233,0.9770675664656832,0.9809235990140512,0.962037962037962,False,1001,10000,0.16224519995739684,0.019841100031044334,50,False,False,False
locked,locked_harder_holdout,holdout_bin_6,issue23_locked_leave_one_bin_local_calibration,DeepSAD_like_center,deepsad_like_center,DeepSAD-like center,P0_raw_train_id_threshold,False,False,center_lambda0,42,main_42_46,selected_source_rich_top64,64,kcenter,32,0.01,id_calib_only_1pct,368.79646148681667,0.02197802197802198,0.2735,0.01,0.267,0.37769300699300695,0.06758459511046826,0.49748743718592964,0.0,False,1001,10000,0.009003400045912713,0.011681399948429316,128,False,False,False
locked,locked_harder_holdout,holdout_bin_6,issue23_locked_leave_one_bin_local_calibration,DeepSAD_like_center,deepsad_like_center,DeepSAD-like center,P1_raw_train_oodval_threshold,False,True,center_lambda0,42,main_42_46,selected_source_rich_top64,64,kcenter,32,0.01,id_calib_plus_ood_val_guarded_1pct,16521.819063964842,0.0,0.0082,0.0,0.01,0.37769300699300695,0.06758459511046826,0.49748743718592964,0.0,True,1001,10000,0.010770299995783716,0.011186999967321754,128,False,False,False
locked,locked_harder_holdout,holdout_bin_6,issue23_locked_leave_one_bin_local_calibration,DeepSAD_like_center,deepsad_like_center,DeepSAD-like center,P2_guarded_train_id_threshold,True,False,center_lambda0,42,main_42_46,selected_source_rich_top64,64,kcenter,32,0.01,id_calib_only_1pct,151.4205473327637,0.028971028971028972,0.0258,0.01,0.023,0.8367134365634364,0.2465351276096744,0.49748743718592964,0.0,False,1001,10000,0.017884899978525937,0.011881999962497503,128,False,False,False
locked,locked_harder_holdout,holdout_bin_6,issue23_locked_leave_one_bin_local_calibration,DeepSAD_like_center,deepsad_like_center,DeepSAD-like center,P3_full_lowguard,True,True,center_lambda2,42,main_42_46,selected_source_rich_top64,64,kcenter,32,0.01,id_calib_plus_ood_val_guarded_1pct,689.6371118164061,0.08391608391608392,0.0125,0.0016,0.01,0.8431129870129871,0.2892304399423139,0.5160266868809582,0.07492507492507493,False,1001,10000,0.019713099987711757,0.01028829999268055,128,False,False,False
locked,locked_harder_holdout,holdout_bin_6,issue23_locked_leave_one_bin_local_calibration,Prototype_metric_LR,prototype_metric_lr,Prototype / metric LR,P0_raw_train_id_threshold,False,False,prototype_metric_lr_C1,42,main_42_46,selected_source_rich_top64,64,kcenter,32,0.01,id_calib_only_1pct,2.9399354158459907,0.18081918081918083,0.0474,0.01,0.0455,0.7193837162837163,0.22370052447466843,0.4977083218289248,0.003996003996003996,False,1001,10000,0.010649500007275492,0.007853700022678822,132,False,False,False
locked,locked_harder_holdout,holdout_bin_6,issue23_locked_leave_one_bin_local_calibration,Prototype_metric_LR,prototype_metric_lr,Prototype / metric LR,P1_raw_train_oodval_threshold,False,True,prototype_metric_lr_C1,42,main_42_46,selected_source_rich_top64,64,kcenter,32,0.01,id_calib_plus_ood_val_guarded_1pct,3.4204838029339006,0.000999000999000999,0.0079,0.0,0.01,0.7193837162837163,0.22370052447466843,0.4977083218289248,0.003996003996003996,True,1001,10000,0.010091800009831786,0.0075514999916777015,132,False,False,False
locked,locked_harder_holdout,holdout_bin_6,issue23_locked_leave_one_bin_local_calibration,Prototype_metric_LR,prototype_metric_lr,Prototype / metric LR,P2_guarded_train_id_threshold,True,False,prototype_metric_lr_C1,42,main_42_46,selected_source_rich_top64,64,kcenter,32,0.01,id_calib_only_1pct,2.0464378371798153,0.2827172827172827,0.0094,0.01,0.007,0.944257842157842,0.5641413077942389,0.5255699074794552,0.3206793206793207,True,1001,10000,0.028187300020363182,0.011514800018630922,198,False,False,False
locked,locked_harder_holdout,holdout_bin_6,issue23_locked_leave_one_bin_local_calibration,Prototype_metric_LR,prototype_metric_lr,Prototype / metric LR,P3_full_lowguard,True,True,prototype_metric_lr_C1,42,main_42_46,selected_source_rich_top64,64,kcenter,32,0.01,id_calib_plus_ood_val_guarded_1pct,2.0465160722122233,0.2827172827172827,0.0094,0.0098,0.007,0.944257842157842,0.5641413077942389,0.5255699074794552,0.3206793206793207,True,1001,10000,0.02679029997671023,0.010891599988099188,198,False,False,False
locked,locked_harder_holdout,holdout_bin_6,issue23_locked_leave_one_bin_local_calibration,RFF_Logistic,rff_logistic,RFF Logistic optional,P0_raw_train_id_threshold,False,False,rff128_gamma1_C1,42,main_42_46,selected_source_rich_top64,64,kcenter,32,0.01,id_calib_only_1pct,2.1024170997938163,0.028971028971028972,0.036,0.01,0.0375,0.5000112887112887,0.08853712388824536,0.49934487622929835,0.007992007992007992,False,1001,10000,0.1719493999844417,0.025968500005546957,8321,False,False,False
locked,locked_harder_holdout,holdout_bin_6,issue23_locked_leave_one_bin_local_calibration,RFF_Logistic,rff_logistic,RFF Logistic optional,P1_raw_train_oodval_threshold,False,True,rff128_gamma01_C1,42,main_42_46,selected_source_rich_top64,64,kcenter,32,0.01,id_calib_plus_ood_val_guarded_1pct,4.339765562419033,0.005994005994005994,0.0124,0.0002,0.01,0.4893142857142857,0.09040007154222185,0.4982856339640259,0.003996003996003996,False,1001,10000,0.17350869998335838,0.02566300000762567,8321,False,False,False
locked,locked_harder_holdout,holdout_bin_6,issue23_locked_leave_one_bin_local_calibration,RFF_Logistic,rff_logistic,RFF Logistic optional,P2_guarded_train_id_threshold,True,False,rff256_gamma1_C1,42,main_42_46,selected_source_rich_top64,64,kcenter,32,0.01,id_calib_only_1pct,1.2577712060524533,0.02097902097902098,0.0066,0.01,0.003,0.5603808191808192,0.13438423201624639,0.5050778367361282,0.03696303696303696,True,1001,10000,1.0018555999849923,0.05189450003672391,16641,False,False,False
locked,locked_harder_holdout,holdout_bin_6,issue23_locked_leave_one_bin_local_calibration,RFF_Logistic,rff_logistic,RFF Logistic optional,P3_full_lowguard,True,True,rff256_gamma01_C1,42,main_42_46,selected_source_rich_top64,64,kcenter,32,0.01,id_calib_plus_ood_val_guarded_1pct,-0.28026307092941677,0.25374625374625376,0.0105,0.0098,0.007,0.8617463536463537,0.48186907976119764,0.5638582523004634,0.24875124875124874,False,1001,10000,1.288758400012739,0.059277000022120774,16641,False,False,False
locked,locked_harder_holdout,holdout_bin_6,issue23_locked_leave_one_bin_local_calibration,LOW_GUARD_LR_reference,lr,LOW-GUARD-LR reference,P0_raw_train_id_threshold,False,False,lr_C1,43,main_42_46,selected_source_rich_top64,64,kcenter,32,0.01,id_calib_only_1pct,-4.95452261717315,0.97002997002997,0.5139,0.01,0.5065,0.931433166833167,0.450917408095004,0.49748743718592964,0.0,False,1001,10000,0.16143619996728376,0.013665600039530545,65,False,False,False
locked,locked_harder_holdout,holdout_bin_6,issue23_locked_leave_one_bin_local_calibration,LOW_GUARD_LR_reference,lr,LOW-GUARD-LR reference,P1_raw_train_oodval_threshold,False,True,lr_C1,43,main_42_46,selected_source_rich_top64,64,kcenter,32,0.01,id_calib_plus_ood_val_guarded_1pct,52.262188785100285,0.0,0.0082,0.0,0.01,0.931433166833167,0.450917408095004,0.49748743718592964,0.0,True,1001,10000,0.22114879998844117,0.013829900010023266,65,False,False,False
locked,locked_harder_holdout,holdout_bin_6,issue23_locked_leave_one_bin_local_calibration,LOW_GUARD_LR_reference,lr,LOW-GUARD-LR reference,P2_guarded_train_id_threshold,True,False,lr_C1,43,main_42_46,selected_source_rich_top64,64,kcenter,32,0.01,id_calib_only_1pct,-4.124305740106003,0.97002997002997,0.0046,0.01,0.0005,0.9826834165834166,0.9750582019196735,0.9841615670761399,0.97002997002997,True,1001,10000,0.44499759998871014,0.014232399989850819,65,False,False,False
locked,locked_harder_holdout,holdout_bin_6,issue23_locked_leave_one_bin_local_calibration,LOW_GUARD_LR_reference,lr,LOW-GUARD-LR reference,P3_full_lowguard,True,True,lr_C1,43,main_42_46,selected_source_rich_top64,64,kcenter,32,0.01,id_calib_plus_ood_val_guarded_1pct,-4.118561382207412,0.97002997002997,0.0045,0.01,0.0005,0.9826834165834166,0.9750582019196735,0.9841615670761399,0.97002997002997,True,1001,10000,0.35264430003007874,0.011739699984900653,65,False,False,False
locked,locked_harder_holdout,holdout_bin_6,issue23_locked_leave_one_bin_local_calibration,DevNet_like_MLP,devnet_like_mlp,DevNet-like MLP,P0_raw_train_id_threshold,False,False,mlp_h8_alpha001,43,main_42_46,selected_source_rich_top64,64,kcenter,32,0.01,id_calib_only_1pct,0.005045545012690132,0.97002997002997,0.5176,0.01,0.51,0.928788011988012,0.5431198400677385,0.4997213841434947,0.024975024975024976,False,1001,10000,0.7672521999920718,0.010660799976903945,529,False,False,False
locked,locked_harder_holdout,holdout_bin_6,issue23_locked_leave_one_bin_local_calibration,DevNet_like_MLP,devnet_like_mlp,DevNet-like MLP,P1_raw_train_oodval_threshold,False,True,mlp_h8_alpha001,43,main_42_46,selected_source_rich_top64,64,kcenter,32,0.01,id_calib_plus_ood_val_guarded_1pct,0.9988647975623608,0.06793206793206794,0.0123,0.0,0.01,0.928788011988012,0.5431198400677385,0.4997213841434947,0.024975024975024976,False,1001,10000,0.8173603999894112,0.00928820000262931,529,False,False,False
locked,locked_harder_holdout,holdout_bin_6,issue23_locked_leave_one_bin_local_calibration,DevNet_like_MLP,devnet_like_mlp,DevNet-like MLP,P2_guarded_train_id_threshold,True,False,mlp_h16_alpha001,43,main_42_46,selected_source_rich_top64,64,kcenter,32,0.01,id_calib_only_1pct,0.004134624470025307,0.9590409590409591,0.0076,0.01,0.0035,0.992726073926074,0.9823970944046111,0.9690912102972404,0.962037962037962,True,1001,10000,1.2547287999768741,0.01074910000897944,1057,False,False,False
locked,locked_harder_holdout,holdout_bin_6,issue23_locked_leave_one_bin_local_calibration,DevNet_like_MLP,devnet_like_mlp,DevNet-like MLP,P3_full_lowguard,True,True,mlp_h16_alpha001,43,main_42_46,selected_source_rich_top64,64,kcenter,32,0.01,id_calib_plus_ood_val_guarded_1pct,0.0041619560644030554,0.9590409590409591,0.0076,0.0098,0.0035,0.992726073926074,0.9823970944046111,0.9690912102972404,0.962037962037962,True,1001,10000,1.2003055999521166,0.009642900025937706,1057,False,False,False
locked,locked_harder_holdout,holdout_bin_6,issue23_locked_leave_one_bin_local_calibration,HistGB_shallow,histgb,HistGB shallow,P0_raw_train_id_threshold,False,False,histgb_depth2_iter50_lr005,43,main_42_46,selected_source_rich_top64,64,kcenter,32,0.01,id_calib_only_1pct,0.000899173881310093,0.97002997002997,0.5682,0.0088,0.5595,0.9581627872127872,0.8784332033058085,0.8670274449168922,0.7432567432567433,False,1001,10000,0.13145079999230802,0.01782220002496615,50,False,False,False
locked,locked_harder_holdout,holdout_bin_6,issue23_locked_leave_one_bin_local_calibration,HistGB_shallow,histgb,HistGB shallow,P1_raw_train_oodval_threshold,False,True,histgb_depth2_iter50_lr005,43,main_42_46,selected_source_rich_top64,64,kcenter,32,0.01,id_calib_plus_ood_val_guarded_1pct,0.1314112271168826,0.7432567432567433,0.0009,0.0,0.001,0.9581627872127872,0.8784332033058085,0.8670274449168922,0.7432567432567433,True,1001,10000,0.139123999979347,0.017971399996895343,50,False,False,False
locked,locked_harder_holdout,holdout_bin_6,issue23_locked_leave_one_bin_local_calibration,HistGB_shallow,histgb,HistGB shallow,P2_guarded_train_id_threshold,True,False,histgb_depth2_iter50_lr005,43,main_42_46,selected_source_rich_top64,64,kcenter,32,0.01,id_calib_only_1pct,0.00017766658990506343,0.97002997002997,0.0201,0.01,0.0195,0.9942968531468532,0.9783802791826371,0.9849396834321457,0.97002997002997,False,1001,10000,0.1868988999631256,0.019105999963358045,50,False,False,False
locked,locked_harder_holdout,holdout_bin_6,issue23_locked_leave_one_bin_local_calibration,HistGB_shallow,histgb,HistGB shallow,P3_full_lowguard,True,True,histgb_depth2_iter50_lr005,43,main_42_46,selected_source_rich_top64,64,kcenter,32,0.01,id_calib_plus_ood_val_guarded_1pct,0.0003818408519743285,0.97002997002997,0.0089,0.0028,0.009,0.9942968531468532,0.9783802791826371,0.9849396834321457,0.97002997002997,True,1001,10000,0.18971040000906214,0.018091099977027625,50,False,False,False
locked,locked_harder_holdout,holdout_bin_6,issue23_locked_leave_one_bin_local_calibration,DeepSAD_like_center,deepsad_like_center,DeepSAD-like center,P0_raw_train_id_threshold,False,False,center_lambda0,43,main_42_46,selected_source_rich_top64,64,kcenter,32,0.01,id_calib_only_1pct,368.79646148681667,0.02197802197802198,0.2735,0.01,0.267,0.37769300699300695,0.06758459511046826,0.49748743718592964,0.0,False,1001,10000,0.011836799967568368,0.011803700006566942,128,False,False,False
locked,locked_harder_holdout,holdout_bin_6,issue23_locked_leave_one_bin_local_calibration,DeepSAD_like_center,deepsad_like_center,DeepSAD-like center,P1_raw_train_oodval_threshold,False,True,center_lambda0,43,main_42_46,selected_source_rich_top64,64,kcenter,32,0.01,id_calib_plus_ood_val_guarded_1pct,16521.819063964842,0.0,0.0082,0.0,0.01,0.37769300699300695,0.06758459511046826,0.49748743718592964,0.0,True,1001,10000,0.007056199945509434,0.009498299972619861,128,False,False,False
locked,locked_harder_holdout,holdout_bin_6,issue23_locked_leave_one_bin_local_calibration,DeepSAD_like_center,deepsad_like_center,DeepSAD-like center,P2_guarded_train_id_threshold,True,False,center_lambda2,43,main_42_46,selected_source_rich_top64,64,kcenter,32,0.01,id_calib_only_1pct,508.5985983276374,0.14585414585414586,0.0282,0.01,0.022,0.8431129870129871,0.2892304399423139,0.5160266868809582,0.07492507492507493,False,1001,10000,0.01820719998795539,0.009544299973640591,128,False,False,False
locked,locked_harder_holdout,holdout_bin_6,issue23_locked_leave_one_bin_local_calibration,DeepSAD_like_center,deepsad_like_center,DeepSAD-like center,P3_full_lowguard,True,True,center_lambda1,43,main_42_46,selected_source_rich_top64,64,kcenter,32,0.01,id_calib_plus_ood_val_guarded_1pct,475.02895481109385,0.04795204795204795,0.0114,0.0014,0.01,0.8434322677322676,0.2737685617120198,0.501583843292386,0.03596403596403597,False,1001,10000,0.018129700038116425,0.009597399970516562,128,False,False,False
locked,locked_harder_holdout,holdout_bin_6,issue23_locked_leave_one_bin_local_calibration,Prototype_metric_LR,prototype_metric_lr,Prototype / metric LR,P0_raw_train_id_threshold,False,False,prototype_metric_lr_C1,43,main_42_46,selected_source_rich_top64,64,kcenter,32,0.01,id_calib_only_1pct,2.9399354158459907,0.18081918081918083,0.0474,0.01,0.0455,0.7193837162837163,0.22370052447466843,0.4977083218289248,0.003996003996003996,False,1001,10000,0.00965099997119978,0.007800500025041401,132,False,False,False
locked,locked_harder_holdout,holdout_bin_6,issue23_locked_leave_one_bin_local_calibration,Prototype_metric_LR,prototype_metric_lr,Prototype / metric LR,P1_raw_train_oodval_threshold,False,True,prototype_metric_lr_C1,43,main_42_46,selected_source_rich_top64,64,kcenter,32,0.01,id_calib_plus_ood_val_guarded_1pct,3.4204838029339006,0.000999000999000999,0.0079,0.0,0.01,0.7193837162837163,0.22370052447466843,0.4977083218289248,0.003996003996003996,True,1001,10000,0.009638299990911037,0.010685799992643297,132,False,False,False
locked,locked_harder_holdout,holdout_bin_6,issue23_locked_leave_one_bin_local_calibration,Prototype_metric_LR,prototype_metric_lr,Prototype / metric LR,P2_guarded_train_id_threshold,True,False,prototype_metric_lr_C1,43,main_42_46,selected_source_rich_top64,64,kcenter,32,0.01,id_calib_only_1pct,2.0464378371798153,0.2827172827172827,0.0094,0.01,0.007,0.944257842157842,0.5641413077942389,0.5255699074794552,0.3206793206793207,True,1001,10000,0.0267829000367783,0.011478199972771108,198,False,False,False
locked,locked_harder_holdout,holdout_bin_6,issue23_locked_leave_one_bin_local_calibration,Prototype_metric_LR,prototype_metric_lr,Prototype / metric LR,P3_full_lowguard,True,True,prototype_metric_lr_C1,43,main_42_46,selected_source_rich_top64,64,kcenter,32,0.01,id_calib_plus_ood_val_guarded_1pct,2.0465160722122233,0.2827172827172827,0.0094,0.0098,0.007,0.944257842157842,0.5641413077942389,0.5255699074794552,0.3206793206793207,True,1001,10000,0.0231884999666363,0.011238199949730188,198,False,False,False
locked,locked_harder_holdout,holdout_bin_6,issue23_locked_leave_one_bin_local_calibration,RFF_Logistic,rff_logistic,RFF Logistic optional,P0_raw_train_id_threshold,False,False,rff256_gamma1_C1,43,main_42_46,selected_source_rich_top64,64,kcenter,32,0.01,id_calib_only_1pct,1.0247021077404799,0.027972027972027972,0.0206,0.01,0.024,0.5163552447552447,0.09646998166301082,0.5022314369048038,0.02097902097902098,False,1001,10000,0.36424659995827824,0.04335160000482574,16641,False,False,False
locked,locked_harder_holdout,holdout_bin_6,issue23_locked_leave_one_bin_local_calibration,RFF_Logistic,rff_logistic,RFF Logistic optional,P1_raw_train_oodval_threshold,False,True,rff256_gamma01_C1,43,main_42_46,selected_source_rich_top64,64,kcenter,32,0.01,id_calib_plus_ood_val_guarded_1pct,2.320063493891125,0.01098901098901099,0.0085,0.0,0.01,0.5012012987012986,0.09741534142996269,0.5017997078298586,0.012987012987012988,True,1001,10000,0.3300415999838151,0.041048399987630546,16641,False,False,False
locked,locked_harder_holdout,holdout_bin_6,issue23_locked_leave_one_bin_local_calibration,RFF_Logistic,rff_logistic,RFF Logistic optional,P2_guarded_train_id_threshold,True,False,rff256_gamma01_C1,43,main_42_46,selected_source_rich_top64,64,kcenter,32,0.01,id_calib_only_1pct,-0.33015774883123206,0.26373626373626374,0.0099,0.01,0.008,0.8165242757242758,0.5131718694902662,0.5874878889954267,0.26373626373626374,True,1001,10000,0.9076734000118449,0.04195169999729842,16641,False,False,False
locked,locked_harder_holdout,holdout_bin_6,issue23_locked_leave_one_bin_local_calibration,RFF_Logistic,rff_logistic,RFF Logistic optional,P3_full_lowguard,True,True,rff256_gamma01_C1,43,main_42_46,selected_source_rich_top64,64,kcenter,32,0.01,id_calib_plus_ood_val_guarded_1pct,-0.3187404719775032,0.26173826173826176,0.0099,0.0098,0.008,0.8165242757242758,0.5131718694902662,0.5874878889954267,0.26373626373626374,True,1001,10000,0.9360259000095539,0.04341670003486797,16641,False,False,False
locked,locked_harder_holdout,holdout_bin_6,issue23_locked_leave_one_bin_local_calibration,LOW_GUARD_LR_reference,lr,LOW-GUARD-LR reference,P0_raw_train_id_threshold,False,False,lr_C1,44,main_42_46,selected_source_rich_top64,64,kcenter,32,0.01,id_calib_only_1pct,-4.95452261717315,0.97002997002997,0.5139,0.01,0.5065,0.931433166833167,0.450917408095004,0.49748743718592964,0.0,False,1001,10000,0.1656123999855481,0.01525160000892356,65,False,False,False
locked,locked_harder_holdout,holdout_bin_6,issue23_locked_leave_one_bin_local_calibration,LOW_GUARD_LR_reference,lr,LOW-GUARD-LR reference,P1_raw_train_oodval_threshold,False,True,lr_C1,44,main_42_46,selected_source_rich_top64,64,kcenter,32,0.01,id_calib_plus_ood_val_guarded_1pct,52.262188785100285,0.0,0.0082,0.0,0.01,0.931433166833167,0.450917408095004,0.49748743718592964,0.0,True,1001,10000,0.16525060002459213,0.0156365999719128,65,False,False,False
locked,locked_harder_holdout,holdout_bin_6,issue23_locked_leave_one_bin_local_calibration,LOW_GUARD_LR_reference,lr,LOW-GUARD-LR reference,P2_guarded_train_id_threshold,True,False,lr_C1,44,main_42_46,selected_source_rich_top64,64,kcenter,32,0.01,id_calib_only_1pct,-4.124305740106003,0.97002997002997,0.0046,0.01,0.0005,0.9826834165834166,0.9750582019196735,0.9841615670761399,0.97002997002997,True,1001,10000,0.404734100040514,0.014498299977276474,65,False,False,False
locked,locked_harder_holdout,holdout_bin_6,issue23_locked_leave_one_bin_local_calibration,LOW_GUARD_LR_reference,lr,LOW-GUARD-LR reference,P3_full_lowguard,True,True,lr_C1,44,main_42_46,selected_source_rich_top64,64,kcenter,32,0.01,id_calib_plus_ood_val_guarded_1pct,-4.118561382207412,0.97002997002997,0.0045,0.01,0.0005,0.9826834165834166,0.9750582019196735,0.9841615670761399,0.97002997002997,True,1001,10000,0.3971192999742925,0.01710070000262931,65,False,False,False
locked,locked_harder_holdout,holdout_bin_6,issue23_locked_leave_one_bin_local_calibration,DevNet_like_MLP,devnet_like_mlp,DevNet-like MLP,P0_raw_train_id_threshold,False,False,mlp_h16_alpha001,44,main_42_46,selected_source_rich_top64,64,kcenter,32,0.01,id_calib_only_1pct,0.005447475109249358,0.97002997002997,0.6731,0.01,0.6645,0.9401426573426575,0.6218219486546768,0.5318801801213862,0.23776223776223776,False,1001,10000,0.8418476000078954,0.015229200012981892,1057,False,False,False
locked,locked_harder_holdout,holdout_bin_6,issue23_locked_leave_one_bin_local_calibration,DevNet_like_MLP,devnet_like_mlp,DevNet-like MLP,P1_raw_train_oodval_threshold,False,True,mlp_h16_alpha001,44,main_42_46,selected_source_rich_top64,64,kcenter,32,0.01,id_calib_plus_ood_val_guarded_1pct,0.9831685368418691,0.3876123876123876,0.0155,0.0,0.01,0.9401426573426575,0.6218219486546768,0.5318801801213862,0.23776223776223776,False,1001,10000,0.7036532000056468,0.011647499981336296,1057,False,False,False
locked,locked_harder_holdout,holdout_bin_6,issue23_locked_leave_one_bin_local_calibration,DevNet_like_MLP,devnet_like_mlp,DevNet-like MLP,P2_guarded_train_id_threshold,True,False,mlp_h8_alpha001,44,main_42_46,selected_source_rich_top64,64,kcenter,32,0.01,id_calib_only_1pct,0.005771435271017255,0.968031968031968,0.0061,0.01,0.0015,0.9891774225774226,0.9774889572350135,0.9653713121049805,0.97002997002997,True,1001,10000,1.1882717999978922,0.012139400001615286,529,False,False,False
locked,locked_harder_holdout,holdout_bin_6,issue23_locked_leave_one_bin_local_calibration,DevNet_like_MLP,devnet_like_mlp,DevNet-like MLP,P3_full_lowguard,True,True,mlp_h8_alpha001,44,main_42_46,selected_source_rich_top64,64,kcenter,32,0.01,id_calib_plus_ood_val_guarded_1pct,0.00577377209090628,0.968031968031968,0.0061,0.01,0.0015,0.9891774225774226,0.9774889572350135,0.9653713121049805,0.97002997002997,True,1001,10000,1.4647688000113703,0.011823599983472377,529,False,False,False
locked,locked_harder_holdout,holdout_bin_6,issue23_locked_leave_one_bin_local_calibration,HistGB_shallow,histgb,HistGB shallow,P0_raw_train_id_threshold,False,False,histgb_depth2_iter50_lr005,44,main_42_46,selected_source_rich_top64,64,kcenter,32,0.01,id_calib_only_1pct,0.000899173881310093,0.97002997002997,0.5682,0.0088,0.5595,0.9581627872127872,0.8784332033058085,0.8670274449168922,0.7432567432567433,False,1001,10000,0.10830480000004172,0.01796580001246184,50,False,False,False
locked,locked_harder_holdout,holdout_bin_6,issue23_locked_leave_one_bin_local_calibration,HistGB_shallow,histgb,HistGB shallow,P1_raw_train_oodval_threshold,False,True,histgb_depth2_iter50_lr005,44,main_42_46,selected_source_rich_top64,64,kcenter,32,0.01,id_calib_plus_ood_val_guarded_1pct,0.1314112271168826,0.7432567432567433,0.0009,0.0,0.001,0.9581627872127872,0.8784332033058085,0.8670274449168922,0.7432567432567433,True,1001,10000,0.12207879999186844,0.020635999972000718,50,False,False,False
locked,locked_harder_holdout,holdout_bin_6,issue23_locked_leave_one_bin_local_calibration,HistGB_shallow,histgb,HistGB shallow,P2_guarded_train_id_threshold,True,False,histgb_depth3_iter50_lr005,44,main_42_46,selected_source_rich_top64,64,kcenter,32,0.01,id_calib_only_1pct,0.00021474212527573515,0.97002997002997,0.0065,0.009,0.0065,0.9948596403596404,0.9776706454303239,0.9808834381698703,0.97002997002997,True,1001,10000,0.21214989997679368,0.02116629999363795,50,False,False,False
locked,locked_harder_holdout,holdout_bin_6,issue23_locked_leave_one_bin_local_calibration,HistGB_shallow,histgb,HistGB shallow,P3_full_lowguard,True,True,histgb_depth3_iter50_lr005,44,main_42_46,selected_source_rich_top64,64,kcenter,32,0.01,id_calib_plus_ood_val_guarded_1pct,0.00021474212527573515,0.97002997002997,0.0065,0.009,0.0065,0.9948596403596404,0.9776706454303239,0.9808834381698703,0.97002997002997,True,1001,10000,0.21335569996153936,0.021624899993184954,50,False,False,False
locked,locked_harder_holdout,holdout_bin_6,issue23_locked_leave_one_bin_local_calibration,DeepSAD_like_center,deepsad_like_center,DeepSAD-like center,P0_raw_train_id_threshold,False,False,center_lambda0,44,main_42_46,selected_source_rich_top64,64,kcenter,32,0.01,id_calib_only_1pct,368.79646148681667,0.02197802197802198,0.2735,0.01,0.267,0.37769300699300695,0.06758459511046826,0.49748743718592964,0.0,False,1001,10000,0.01112390001071617,0.012693099968601018,128,False,False,False
locked,locked_harder_holdout,holdout_bin_6,issue23_locked_leave_one_bin_local_calibration,DeepSAD_like_center,deepsad_like_center,DeepSAD-like center,P1_raw_train_oodval_threshold,False,True,center_lambda0,44,main_42_46,selected_source_rich_top64,64,kcenter,32,0.01,id_calib_plus_ood_val_guarded_1pct,16521.819063964842,0.0,0.0082,0.0,0.01,0.37769300699300695,0.06758459511046826,0.49748743718592964,0.0,True,1001,10000,0.010804200021084398,0.01236679998692125,128,False,False,False
locked,locked_harder_holdout,holdout_bin_6,issue23_locked_leave_one_bin_local_calibration,DeepSAD_like_center,deepsad_like_center,DeepSAD-like center,P2_guarded_train_id_threshold,True,False,center_lambda2,44,main_42_46,selected_source_rich_top64,64,kcenter,32,0.01,id_calib_only_1pct,508.5985983276374,0.14585414585414586,0.0282,0.01,0.022,0.8431129870129871,0.2892304399423139,0.5160266868809582,0.07492507492507493,False,1001,10000,0.01860460004536435,0.009278900048229843,128,False,False,False
locked,locked_harder_holdout,holdout_bin_6,issue23_locked_leave_one_bin_local_calibration,DeepSAD_like_center,deepsad_like_center,DeepSAD-like center,P3_full_lowguard,True,True,center_lambda1,44,main_42_46,selected_source_rich_top64,64,kcenter,32,0.01,id_calib_plus_ood_val_guarded_1pct,475.02895481109385,0.04795204795204795,0.0114,0.0014,0.01,0.8434322677322676,0.2737685617120198,0.501583843292386,0.03596403596403597,False,1001,10000,0.029314199986401945,0.016191800008527935,128,False,False,False
locked,locked_harder_holdout,holdout_bin_6,issue23_locked_leave_one_bin_local_calibration,Prototype_metric_LR,prototype_metric_lr,Prototype / metric LR,P0_raw_train_id_threshold,False,False,prototype_metric_lr_C1,44,main_42_46,selected_source_rich_top64,64,kcenter,32,0.01,id_calib_only_1pct,2.9399354158459907,0.18081918081918083,0.0474,0.01,0.0455,0.7193837162837163,0.22370052447466843,0.4977083218289248,0.003996003996003996,False,1001,10000,0.010634099948219955,0.009287399996537715,132,False,False,False
locked,locked_harder_holdout,holdout_bin_6,issue23_locked_leave_one_bin_local_calibration,Prototype_metric_LR,prototype_metric_lr,Prototype / metric LR,P1_raw_train_oodval_threshold,False,True,prototype_metric_lr_C1,44,main_42_46,selected_source_rich_top64,64,kcenter,32,0.01,id_calib_plus_ood_val_guarded_1pct,3.4204838029339006,0.000999000999000999,0.0079,0.0,0.01,0.7193837162837163,0.22370052447466843,0.4977083218289248,0.003996003996003996,True,1001,10000,0.010281099996063858,0.007257600023876876,132,False,False,False
locked,locked_harder_holdout,holdout_bin_6,issue23_locked_leave_one_bin_local_calibration,Prototype_metric_LR,prototype_metric_lr,Prototype / metric LR,P2_guarded_train_id_threshold,True,False,prototype_metric_lr_C1,44,main_42_46,selected_source_rich_top64,64,kcenter,32,0.01,id_calib_only_1pct,2.0464378371798153,0.2827172827172827,0.0094,0.01,0.007,0.944257842157842,0.5641413077942389,0.5255699074794552,0.3206793206793207,True,1001,10000,0.030238699982874095,0.01236379996407777,198,False,False,False
locked,locked_harder_holdout,holdout_bin_6,issue23_locked_leave_one_bin_local_calibration,Prototype_metric_LR,prototype_metric_lr,Prototype / metric LR,P3_full_lowguard,True,True,prototype_metric_lr_C1,44,main_42_46,selected_source_rich_top64,64,kcenter,32,0.01,id_calib_plus_ood_val_guarded_1pct,2.0465160722122233,0.2827172827172827,0.0094,0.0098,0.007,0.944257842157842,0.5641413077942389,0.5255699074794552,0.3206793206793207,True,1001,10000,0.022689900011755526,0.010951900039799511,198,False,False,False
locked,locked_harder_holdout,holdout_bin_6,issue23_locked_leave_one_bin_local_calibration,RFF_Logistic,rff_logistic,RFF Logistic optional,P0_raw_train_id_threshold,False,False,rff256_gamma1_C1,44,main_42_46,selected_source_rich_top64,64,kcenter,32,0.01,id_calib_only_1pct,1.2834881678230035,0.022977022977022976,0.015,0.01,0.018,0.47355404595404593,0.08849777856251233,0.501202315272667,0.015984015984015984,False,1001,10000,0.365243999985978,0.04162849998101592,16641,False,False,False
locked,locked_harder_holdout,holdout_bin_6,issue23_locked_leave_one_bin_local_calibration,RFF_Logistic,rff_logistic,RFF Logistic optional,P1_raw_train_oodval_threshold,False,True,rff128_gamma1_C1,44,main_42_46,selected_source_rich_top64,64,kcenter,32,0.01,id_calib_plus_ood_val_guarded_1pct,3.625044299762103,0.008991008991008992,0.0124,0.0066,0.01,0.5105594405594406,0.09109935442980467,0.49895832810405677,0.005994005994005994,False,1001,10000,0.17234470002586022,0.029065600014291704,8321,False,False,False
locked,locked_harder_holdout,holdout_bin_6,issue23_locked_leave_one_bin_local_calibration,RFF_Logistic,rff_logistic,RFF Logistic optional,P2_guarded_train_id_threshold,True,False,rff128_gamma01_C1,44,main_42_46,selected_source_rich_top64,64,kcenter,32,0.01,id_calib_only_1pct,1.9665335337942953,0.11488511488511488,0.0082,0.01,0.0065,0.6954271728271728,0.3013913251823193,0.5345257757318059,0.13386613386613386,True,1001,10000,0.5572832999750972,0.03243800002383068,8321,False,False,False
locked,locked_harder_holdout,holdout_bin_6,issue23_locked_leave_one_bin_local_calibration,RFF_Logistic,rff_logistic,RFF Logistic optional,P3_full_lowguard,True,True,rff128_gamma01_C1,44,main_42_46,selected_source_rich_top64,64,kcenter,32,0.01,id_calib_plus_ood_val_guarded_1pct,1.9665274649952291,0.11488511488511488,0.0082,0.01,0.0065,0.6954271728271728,0.3013913251823193,0.5345257757318059,0.13386613386613386,True,1001,10000,0.5352387999882922,0.02639920002548024,8321,False,False,False
locked,locked_harder_holdout,holdout_bin_6,issue23_locked_leave_one_bin_local_calibration,LOW_GUARD_LR_reference,lr,LOW-GUARD-LR reference,P0_raw_train_id_threshold,False,False,lr_C1,45,main_42_46,selected_source_rich_top64,64,kcenter,32,0.01,id_calib_only_1pct,-4.95452261717315,0.97002997002997,0.5139,0.01,0.5065,0.931433166833167,0.450917408095004,0.49748743718592964,0.0,False,1001,10000,0.14006419997895136,0.013513399986550212,65,False,False,False
locked,locked_harder_holdout,holdout_bin_6,issue23_locked_leave_one_bin_local_calibration,LOW_GUARD_LR_reference,lr,LOW-GUARD-LR reference,P1_raw_train_oodval_threshold,False,True,lr_C1,45,main_42_46,selected_source_rich_top64,64,kcenter,32,0.01,id_calib_plus_ood_val_guarded_1pct,52.262188785100285,0.0,0.0082,0.0,0.01,0.931433166833167,0.450917408095004,0.49748743718592964,0.0,True,1001,10000,0.14401539997197688,0.015708699997048825,65,False,False,False
locked,locked_harder_holdout,holdout_bin_6,issue23_locked_leave_one_bin_local_calibration,LOW_GUARD_LR_reference,lr,LOW-GUARD-LR reference,P2_guarded_train_id_threshold,True,False,lr_C1,45,main_42_46,selected_source_rich_top64,64,kcenter,32,0.01,id_calib_only_1pct,-4.124305740106003,0.97002997002997,0.0046,0.01,0.0005,0.9826834165834166,0.9750582019196735,0.9841615670761399,0.97002997002997,True,1001,10000,0.37696159997722134,0.009624900005292147,65,False,False,False
locked,locked_harder_holdout,holdout_bin_6,issue23_locked_leave_one_bin_local_calibration,LOW_GUARD_LR_reference,lr,LOW-GUARD-LR reference,P3_full_lowguard,True,True,lr_C1,45,main_42_46,selected_source_rich_top64,64,kcenter,32,0.01,id_calib_plus_ood_val_guarded_1pct,-4.118561382207412,0.97002997002997,0.0045,0.01,0.0005,0.9826834165834166,0.9750582019196735,0.9841615670761399,0.97002997002997,True,1001,10000,0.3375790999853052,0.011301100021228194,65,False,False,False
locked,locked_harder_holdout,holdout_bin_6,issue23_locked_leave_one_bin_local_calibration,DevNet_like_MLP,devnet_like_mlp,DevNet-like MLP,P0_raw_train_id_threshold,False,False,mlp_h8_alpha001,45,main_42_46,selected_source_rich_top64,64,kcenter,32,0.01,id_calib_only_1pct,0.2211420238018036,0.995004995004995,0.5607,0.0038,0.566,0.9554073426573427,0.6005538158405637,0.523107545720611,0.11588411588411589,False,1001,10000,1.0891421999549493,0.009472500008996576,529,False,False,False
locked,locked_harder_holdout,holdout_bin_6,issue23_locked_leave_one_bin_local_calibration,DevNet_like_MLP,devnet_like_mlp,DevNet-like MLP,P1_raw_train_oodval_threshold,False,True,mlp_h16_alpha001,45,main_42_46,selected_source_rich_top64,64,kcenter,32,0.01,id_calib_plus_ood_val_guarded_1pct,0.8477278841584902,0.7642357642357642,0.0159,0.0,0.01,0.9673635364635365,0.7425023730611836,0.5619857529405268,0.3626373626373626,False,1001,10000,0.8011189000098966,0.0119505999609828,1057,False,False,False
locked,locked_harder_holdout,holdout_bin_6,issue23_locked_leave_one_bin_local_calibration,DevNet_like_MLP,devnet_like_mlp,DevNet-like MLP,P2_guarded_train_id_threshold,True,False,mlp_h8_alpha001,45,main_42_46,selected_source_rich_top64,64,kcenter,32,0.01,id_calib_only_1pct,0.004578371047973636,0.9660339660339661,0.0097,0.01,0.0035,0.9888873126873127,0.9792570293372084,0.9745530851058489,0.967032967032967,True,1001,10000,1.605437799997162,0.008396800025366247,529,False,False,False
locked,locked_harder_holdout,holdout_bin_6,issue23_locked_leave_one_bin_local_calibration,DevNet_like_MLP,devnet_like_mlp,DevNet-like MLP,P3_full_lowguard,True,True,mlp_h8_alpha001,45,main_42_46,selected_source_rich_top64,64,kcenter,32,0.01,id_calib_plus_ood_val_guarded_1pct,0.004590932000428436,0.9660339660339661,0.0097,0.0098,0.0035,0.9888873126873127,0.9792570293372084,0.9745530851058489,0.967032967032967,True,1001,10000,1.5278217000304721,0.008299000037368387,529,False,False,False
locked,locked_harder_holdout,holdout_bin_6,issue23_locked_leave_one_bin_local_calibration,HistGB_shallow,histgb,HistGB shallow,P0_raw_train_id_threshold,False,False,histgb_depth3_iter50_lr005,45,main_42_46,selected_source_rich_top64,64,kcenter,32,0.01,id_calib_only_1pct,0.0008459373311897982,0.981018981018981,0.7849,0.0096,0.7755,0.9627007492507492,0.893595478642172,0.8765556051988213,0.7992007992007992,False,1001,10000,0.1343345000059344,0.018941900052595884,50,False,False,False
locked,locked_harder_holdout,holdout_bin_6,issue23_locked_leave_one_bin_local_calibration,HistGB_shallow,histgb,HistGB shallow,P1_raw_train_oodval_threshold,False,True,histgb_depth2_iter50_lr005,45,main_42_46,selected_source_rich_top64,64,kcenter,32,0.01,id_calib_plus_ood_val_guarded_1pct,0.1314112271168826,0.7432567432567433,0.0009,0.0,0.001,0.9581627872127872,0.8784332033058085,0.8670274449168922,0.7432567432567433,True,1001,10000,0.13332700001774356,0.015781200025230646,50,False,False,False
locked,locked_harder_holdout,holdout_bin_6,issue23_locked_leave_one_bin_local_calibration,HistGB_shallow,histgb,HistGB shallow,P2_guarded_train_id_threshold,True,False,histgb_depth2_iter50_lr005,45,main_42_46,selected_source_rich_top64,64,kcenter,32,0.01,id_calib_only_1pct,0.00030438565178251496,0.97002997002997,0.0101,0.0086,0.0085,0.9952045954045954,0.978235462396662,0.9841766273927077,0.97002997002997,False,1001,10000,0.17796040000393987,0.016960399982053787,50,False,False,False
locked,locked_harder_holdout,holdout_bin_6,issue23_locked_leave_one_bin_local_calibration,HistGB_shallow,histgb,HistGB shallow,P3_full_lowguard,True,True,histgb_depth3_iter50_lr005,45,main_42_46,selected_source_rich_top64,64,kcenter,32,0.01,id_calib_plus_ood_val_guarded_1pct,0.0004376872910496128,0.962037962037962,0.0032,0.0066,0.002,0.9879924075924075,0.970396367244511,0.9762348204559259,0.962037962037962,True,1001,10000,0.18014360003871843,0.019542699970770627,50,False,False,False
locked,locked_harder_holdout,holdout_bin_6,issue23_locked_leave_one_bin_local_calibration,DeepSAD_like_center,deepsad_like_center,DeepSAD-like center,P0_raw_train_id_threshold,False,False,center_lambda0,45,main_42_46,selected_source_rich_top64,64,kcenter,32,0.01,id_calib_only_1pct,368.79646148681667,0.02197802197802198,0.2735,0.01,0.267,0.37769300699300695,0.06758459511046826,0.49748743718592964,0.0,False,1001,10000,0.009024999977555126,0.01217719999840483,128,False,False,False
locked,locked_harder_holdout,holdout_bin_6,issue23_locked_leave_one_bin_local_calibration,DeepSAD_like_center,deepsad_like_center,DeepSAD-like center,P1_raw_train_oodval_threshold,False,True,center_lambda0,45,main_42_46,selected_source_rich_top64,64,kcenter,32,0.01,id_calib_plus_ood_val_guarded_1pct,16521.819063964842,0.0,0.0082,0.0,0.01,0.37769300699300695,0.06758459511046826,0.49748743718592964,0.0,True,1001,10000,0.011721699964255095,0.010407100024167448,128,False,False,False
locked,locked_harder_holdout,holdout_bin_6,issue23_locked_leave_one_bin_local_calibration,DeepSAD_like_center,deepsad_like_center,DeepSAD-like center,P2_guarded_train_id_threshold,True,False,center_lambda2,45,main_42_46,selected_source_rich_top64,64,kcenter,32,0.01,id_calib_only_1pct,508.5985983276374,0.14585414585414586,0.0282,0.01,0.022,0.8431129870129871,0.2892304399423139,0.5160266868809582,0.07492507492507493,False,1001,10000,0.018290099978912622,0.015718900016508996,128,False,False,False
locked,locked_harder_holdout,holdout_bin_6,issue23_locked_leave_one_bin_local_calibration,DeepSAD_like_center,deepsad_like_center,DeepSAD-like center,P3_full_lowguard,True,True,center_lambda2,45,main_42_46,selected_source_rich_top64,64,kcenter,32,0.01,id_calib_plus_ood_val_guarded_1pct,689.6371118164061,0.08391608391608392,0.0125,0.0016,0.01,0.8431129870129871,0.2892304399423139,0.5160266868809582,0.07492507492507493,False,1001,10000,0.020363999996334314,0.010802900011185557,128,False,False,False
locked,locked_harder_holdout,holdout_bin_6,issue23_locked_leave_one_bin_local_calibration,Prototype_metric_LR,prototype_metric_lr,Prototype / metric LR,P0_raw_train_id_threshold,False,False,prototype_metric_lr_C1,45,main_42_46,selected_source_rich_top64,64,kcenter,32,0.01,id_calib_only_1pct,2.9399354158459907,0.18081918081918083,0.0474,0.01,0.0455,0.7193837162837163,0.22370052447466843,0.4977083218289248,0.003996003996003996,False,1001,10000,0.009784900001250207,0.008278699999209493,132,False,False,False
locked,locked_harder_holdout,holdout_bin_6,issue23_locked_leave_one_bin_local_calibration,Prototype_metric_LR,prototype_metric_lr,Prototype / metric LR,P1_raw_train_oodval_threshold,False,True,prototype_metric_lr_C1,45,main_42_46,selected_source_rich_top64,64,kcenter,32,0.01,id_calib_plus_ood_val_guarded_1pct,3.4204838029339006,0.000999000999000999,0.0079,0.0,0.01,0.7193837162837163,0.22370052447466843,0.4977083218289248,0.003996003996003996,True,1001,10000,0.009094499982893467,0.009728299977723509,132,False,False,False
locked,locked_harder_holdout,holdout_bin_6,issue23_locked_leave_one_bin_local_calibration,Prototype_metric_LR,prototype_metric_lr,Prototype / metric LR,P2_guarded_train_id_threshold,True,False,prototype_metric_lr_C1,45,main_42_46,selected_source_rich_top64,64,kcenter,32,0.01,id_calib_only_1pct,2.0464378371798153,0.2827172827172827,0.0094,0.01,0.007,0.944257842157842,0.5641413077942389,0.5255699074794552,0.3206793206793207,True,1001,10000,0.024499199993442744,0.011056599963922054,198,False,False,False
locked,locked_harder_holdout,holdout_bin_6,issue23_locked_leave_one_bin_local_calibration,Prototype_metric_LR,prototype_metric_lr,Prototype / metric LR,P3_full_lowguard,True,True,prototype_metric_lr_C1,45,main_42_46,selected_source_rich_top64,64,kcenter,32,0.01,id_calib_plus_ood_val_guarded_1pct,2.0465160722122233,0.2827172827172827,0.0094,0.0098,0.007,0.944257842157842,0.5641413077942389,0.5255699074794552,0.3206793206793207,True,1001,10000,0.024026400002185255,0.011459600005764514,198,False,False,False
locked,locked_harder_holdout,holdout_bin_6,issue23_locked_leave_one_bin_local_calibration,RFF_Logistic,rff_logistic,RFF Logistic optional,P0_raw_train_id_threshold,False,False,rff256_gamma1_C1,45,main_42_46,selected_source_rich_top64,64,kcenter,32,0.01,id_calib_only_1pct,0.7908694467587541,0.01998001998001998,0.0282,0.01,0.0295,0.49669050949050947,0.09081604889881438,0.4989081270488306,0.005994005994005994,False,1001,10000,0.37720380001701415,0.05170850001741201,16641,False,False,False
locked,locked_harder_holdout,holdout_bin_6,issue23_locked_leave_one_bin_local_calibration,RFF_Logistic,rff_logistic,RFF Logistic optional,P1_raw_train_oodval_threshold,False,True,rff256_gamma01_C1,45,main_42_46,selected_source_rich_top64,64,kcenter,32,0.01,id_calib_plus_ood_val_guarded_1pct,1.7259927473120085,0.01898101898101898,0.0072,0.0002,0.01,0.4645959040959041,0.08658405221357274,0.5049171933594044,0.01998001998001998,True,1001,10000,0.3701293999911286,0.04586839996045455,16641,False,False,False
locked,locked_harder_holdout,holdout_bin_6,issue23_locked_leave_one_bin_local_calibration,RFF_Logistic,rff_logistic,RFF Logistic optional,P2_guarded_train_id_threshold,True,False,rff256_gamma01_C1,45,main_42_46,selected_source_rich_top64,64,kcenter,32,0.01,id_calib_only_1pct,0.15012200232366998,0.12287712287712288,0.0074,0.01,0.0055,0.8274966033966034,0.44400162664279386,0.5432557392356387,0.15684315684315683,True,1001,10000,0.9381723999977112,0.04017820005537942,16641,False,False,False
locked,locked_harder_holdout,holdout_bin_6,issue23_locked_leave_one_bin_local_calibration,RFF_Logistic,rff_logistic,RFF Logistic optional,P3_full_lowguard,True,True,rff256_gamma01_C1,45,main_42_46,selected_source_rich_top64,64,kcenter,32,0.01,id_calib_plus_ood_val_guarded_1pct,0.20079603693525336,0.11888111888111888,0.0072,0.0098,0.0055,0.8274966033966034,0.44400162664279386,0.5432557392356387,0.15684315684315683,True,1001,10000,1.1915177999762818,0.059806999983265996,16641,False,False,False
locked,locked_harder_holdout,holdout_bin_6,issue23_locked_leave_one_bin_local_calibration,LOW_GUARD_LR_reference,lr,LOW-GUARD-LR reference,P0_raw_train_id_threshold,False,False,lr_C1,46,main_42_46,selected_source_rich_top64,64,kcenter,32,0.01,id_calib_only_1pct,-4.95452261717315,0.97002997002997,0.5139,0.01,0.5065,0.931433166833167,0.450917408095004,0.49748743718592964,0.0,False,1001,10000,0.13088539999444038,0.017889500013552606,65,False,False,False
locked,locked_harder_holdout,holdout_bin_6,issue23_locked_leave_one_bin_local_calibration,LOW_GUARD_LR_reference,lr,LOW-GUARD-LR reference,P1_raw_train_oodval_threshold,False,True,lr_C1,46,main_42_46,selected_source_rich_top64,64,kcenter,32,0.01,id_calib_plus_ood_val_guarded_1pct,52.262188785100285,0.0,0.0082,0.0,0.01,0.931433166833167,0.450917408095004,0.49748743718592964,0.0,True,1001,10000,0.17304590001003817,0.012384100002236664,65,False,False,False
locked,locked_harder_holdout,holdout_bin_6,issue23_locked_leave_one_bin_local_calibration,LOW_GUARD_LR_reference,lr,LOW-GUARD-LR reference,P2_guarded_train_id_threshold,True,False,lr_C1,46,main_42_46,selected_source_rich_top64,64,kcenter,32,0.01,id_calib_only_1pct,-4.124305740106003,0.97002997002997,0.0046,0.01,0.0005,0.9826834165834166,0.9750582019196735,0.9841615670761399,0.97002997002997,True,1001,10000,0.3997038000379689,0.01126599998679012,65,False,False,False
locked,locked_harder_holdout,holdout_bin_6,issue23_locked_leave_one_bin_local_calibration,LOW_GUARD_LR_reference,lr,LOW-GUARD-LR reference,P3_full_lowguard,True,True,lr_C1,46,main_42_46,selected_source_rich_top64,64,kcenter,32,0.01,id_calib_plus_ood_val_guarded_1pct,-4.118561382207412,0.97002997002997,0.0045,0.01,0.0005,0.9826834165834166,0.9750582019196735,0.9841615670761399,0.97002997002997,True,1001,10000,0.3858680999837816,0.012315400002989918,65,False,False,False
locked,locked_harder_holdout,holdout_bin_6,issue23_locked_leave_one_bin_local_calibration,DevNet_like_MLP,devnet_like_mlp,DevNet-like MLP,P0_raw_train_id_threshold,False,False,mlp_h8_alpha001,46,main_42_46,selected_source_rich_top64,64,kcenter,32,0.01,id_calib_only_1pct,0.005665717050433169,0.8871128871128872,0.5452,0.01,0.5385,0.8653071928071927,0.7154145014927514,0.743392286105854,0.6303696303696303,False,1001,10000,0.7551206999924034,0.008801600022707134,529,False,False,False
locked,locked_harder_holdout,holdout_bin_6,issue23_locked_leave_one_bin_local_calibration,DevNet_like_MLP,devnet_like_mlp,DevNet-like MLP,P1_raw_train_oodval_threshold,False,True,mlp_h16_alpha001,46,main_42_46,selected_source_rich_top64,64,kcenter,32,0.01,id_calib_plus_ood_val_guarded_1pct,0.44992784966526794,0.952047952047952,0.0152,0.0,0.01,0.9741836163836163,0.9461116122482347,0.8819371583190678,0.903096903096903,False,1001,10000,0.7990008000051603,0.011558699945453554,1057,False,False,False
locked,locked_harder_holdout,holdout_bin_6,issue23_locked_leave_one_bin_local_calibration,DevNet_like_MLP,devnet_like_mlp,DevNet-like MLP,P2_guarded_train_id_threshold,True,False,mlp_h16_alpha001,46,main_42_46,selected_source_rich_top64,64,kcenter,32,0.01,id_calib_only_1pct,0.0038574183383025275,0.9630369630369631,0.0052,0.01,0.001,0.9920195804195805,0.9827245215880397,0.9697588843317486,0.9660339660339661,True,1001,10000,1.3736994999926537,0.011367700004484504,1057,False,False,False
locked,locked_harder_holdout,holdout_bin_6,issue23_locked_leave_one_bin_local_calibration,DevNet_like_MLP,devnet_like_mlp,DevNet-like MLP,P3_full_lowguard,True,True,mlp_h16_alpha001,46,main_42_46,selected_source_rich_top64,64,kcenter,32,0.01,id_calib_plus_ood_val_guarded_1pct,0.0038880506226560336,0.9630369630369631,0.0051,0.0098,0.001,0.9920195804195805,0.9827245215880397,0.9697588843317486,0.9660339660339661,True,1001,10000,1.4082950000301935,0.01108690002001822,1057,False,False,False
locked,locked_harder_holdout,holdout_bin_6,issue23_locked_leave_one_bin_local_calibration,HistGB_shallow,histgb,HistGB shallow,P0_raw_train_id_threshold,False,False,histgb_depth2_iter50_lr005,46,main_42_46,selected_source_rich_top64,64,kcenter,32,0.01,id_calib_only_1pct,0.000899173881310093,0.97002997002997,0.5682,0.0088,0.5595,0.9581627872127872,0.8784332033058085,0.8670274449168922,0.7432567432567433,False,1001,10000,0.12441779999062419,0.01841940003214404,50,False,False,False
locked,locked_harder_holdout,holdout_bin_6,issue23_locked_leave_one_bin_local_calibration,HistGB_shallow,histgb,HistGB shallow,P1_raw_train_oodval_threshold,False,True,histgb_depth2_iter50_lr005,46,main_42_46,selected_source_rich_top64,64,kcenter,32,0.01,id_calib_plus_ood_val_guarded_1pct,0.1314112271168826,0.7432567432567433,0.0009,0.0,0.001,0.9581627872127872,0.8784332033058085,0.8670274449168922,0.7432567432567433,True,1001,10000,0.14632260001963004,0.019280799955595285,50,False,False,False
locked,locked_harder_holdout,holdout_bin_6,issue23_locked_leave_one_bin_local_calibration,HistGB_shallow,histgb,HistGB shallow,P2_guarded_train_id_threshold,True,False,histgb_depth2_iter50_lr005,46,main_42_46,selected_source_rich_top64,64,kcenter,32,0.01,id_calib_only_1pct,0.0002062830866988014,0.8981018981018981,0.0301,0.009,0.028,0.9501133866133866,0.9125748594146037,0.9483643757956499,0.8971028971028971,False,1001,10000,0.19312399998307228,0.022239099955186248,50,False,False,False
locked,locked_harder_holdout,holdout_bin_6,issue23_locked_leave_one_bin_local_calibration,HistGB_shallow,histgb,HistGB shallow,P3_full_lowguard,True,True,histgb_depth3_iter50_lr005,46,main_42_46,selected_source_rich_top64,64,kcenter,32,0.01,id_calib_plus_ood_val_guarded_1pct,0.00023213304528827647,0.8981018981018981,0.0069,0.008,0.0045,0.9499823176823177,0.9124435256145601,0.9478712242531339,0.8981018981018981,True,1001,10000,0.2010543000069447,0.019394500006455928,50,False,False,False
locked,locked_harder_holdout,holdout_bin_6,issue23_locked_leave_one_bin_local_calibration,DeepSAD_like_center,deepsad_like_center,DeepSAD-like center,P0_raw_train_id_threshold,False,False,center_lambda0,46,main_42_46,selected_source_rich_top64,64,kcenter,32,0.01,id_calib_only_1pct,368.79646148681667,0.02197802197802198,0.2735,0.01,0.267,0.37769300699300695,0.06758459511046826,0.49748743718592964,0.0,False,1001,10000,0.008275599975604564,0.009639700001571327,128,False,False,False
locked,locked_harder_holdout,holdout_bin_6,issue23_locked_leave_one_bin_local_calibration,DeepSAD_like_center,deepsad_like_center,DeepSAD-like center,P1_raw_train_oodval_threshold,False,True,center_lambda0,46,main_42_46,selected_source_rich_top64,64,kcenter,32,0.01,id_calib_plus_ood_val_guarded_1pct,16521.819063964842,0.0,0.0082,0.0,0.01,0.37769300699300695,0.06758459511046826,0.49748743718592964,0.0,True,1001,10000,0.011085800011642277,0.014652600046247244,128,False,False,False
locked,locked_harder_holdout,holdout_bin_6,issue23_locked_leave_one_bin_local_calibration,DeepSAD_like_center,deepsad_like_center,DeepSAD-like center,P2_guarded_train_id_threshold,True,False,center_lambda2,46,main_42_46,selected_source_rich_top64,64,kcenter,32,0.01,id_calib_only_1pct,508.5985983276374,0.14585414585414586,0.0282,0.01,0.022,0.8431129870129871,0.2892304399423139,0.5160266868809582,0.07492507492507493,False,1001,10000,0.01586079999106005,0.010525799996685237,128,False,False,False
locked,locked_harder_holdout,holdout_bin_6,issue23_locked_leave_one_bin_local_calibration,DeepSAD_like_center,deepsad_like_center,DeepSAD-like center,P3_full_lowguard,True,True,center_lambda2,46,main_42_46,selected_source_rich_top64,64,kcenter,32,0.01,id_calib_plus_ood_val_guarded_1pct,689.6371118164061,0.08391608391608392,0.0125,0.0016,0.01,0.8431129870129871,0.2892304399423139,0.5160266868809582,0.07492507492507493,False,1001,10000,0.02107439999235794,0.010212299996055663,128,False,False,False
locked,locked_harder_holdout,holdout_bin_6,issue23_locked_leave_one_bin_local_calibration,Prototype_metric_LR,prototype_metric_lr,Prototype / metric LR,P0_raw_train_id_threshold,False,False,prototype_metric_lr_C1,46,main_42_46,selected_source_rich_top64,64,kcenter,32,0.01,id_calib_only_1pct,2.9399354158459907,0.18081918081918083,0.0474,0.01,0.0455,0.7193837162837163,0.22370052447466843,0.4977083218289248,0.003996003996003996,False,1001,10000,0.00949989998480305,0.009229700022842735,132,False,False,False
locked,locked_harder_holdout,holdout_bin_6,issue23_locked_leave_one_bin_local_calibration,Prototype_metric_LR,prototype_metric_lr,Prototype / metric LR,P1_raw_train_oodval_threshold,False,True,prototype_metric_lr_C1,46,main_42_46,selected_source_rich_top64,64,kcenter,32,0.01,id_calib_plus_ood_val_guarded_1pct,3.4204838029339006,0.000999000999000999,0.0079,0.0,0.01,0.7193837162837163,0.22370052447466843,0.4977083218289248,0.003996003996003996,True,1001,10000,0.01030910003464669,0.008247899997513741,132,False,False,False
locked,locked_harder_holdout,holdout_bin_6,issue23_locked_leave_one_bin_local_calibration,Prototype_metric_LR,prototype_metric_lr,Prototype / metric LR,P2_guarded_train_id_threshold,True,False,prototype_metric_lr_C1,46,main_42_46,selected_source_rich_top64,64,kcenter,32,0.01,id_calib_only_1pct,2.0464378371798153,0.2827172827172827,0.0094,0.01,0.007,0.944257842157842,0.5641413077942389,0.5255699074794552,0.3206793206793207,True,1001,10000,0.026011299982201308,0.014453800045885146,198,False,False,False
locked,locked_harder_holdout,holdout_bin_6,issue23_locked_leave_one_bin_local_calibration,Prototype_metric_LR,prototype_metric_lr,Prototype / metric LR,P3_full_lowguard,True,True,prototype_metric_lr_C1,46,main_42_46,selected_source_rich_top64,64,kcenter,32,0.01,id_calib_plus_ood_val_guarded_1pct,2.0465160722122233,0.2827172827172827,0.0094,0.0098,0.007,0.944257842157842,0.5641413077942389,0.5255699074794552,0.3206793206793207,True,1001,10000,0.02558429999044165,0.010987699963152409,198,False,False,False
locked,locked_harder_holdout,holdout_bin_6,issue23_locked_leave_one_bin_local_calibration,RFF_Logistic,rff_logistic,RFF Logistic optional,P0_raw_train_id_threshold,False,False,rff128_gamma1_C1,46,main_42_46,selected_source_rich_top64,64,kcenter,32,0.01,id_calib_only_1pct,2.9322208466854383,0.01898101898101898,0.0125,0.01,0.0115,0.4882999000999001,0.09154122118875216,0.5012926771720742,0.016983016983016984,False,1001,10000,0.14377779996721074,0.026988200028426945,8321,False,False,False
locked,locked_harder_holdout,holdout_bin_6,issue23_locked_leave_one_bin_local_calibration,RFF_Logistic,rff_logistic,RFF Logistic optional,P1_raw_train_oodval_threshold,False,True,rff256_gamma01_C1,46,main_42_46,selected_source_rich_top64,64,kcenter,32,0.01,id_calib_plus_ood_val_guarded_1pct,2.0352167207385508,0.008991008991008992,0.0136,0.0002,0.01,0.5103650349650349,0.0916388613166582,0.49904869000346386,0.006993006993006993,False,1001,10000,0.3836146999965422,0.04447029996663332,16641,False,False,False
locked,locked_harder_holdout,holdout_bin_6,issue23_locked_leave_one_bin_local_calibration,RFF_Logistic,rff_logistic,RFF Logistic optional,P2_guarded_train_id_threshold,True,False,rff256_gamma01_C1,46,main_42_46,selected_source_rich_top64,64,kcenter,32,0.01,id_calib_only_1pct,-0.20012177066363576,0.2127872127872128,0.0139,0.01,0.0105,0.8666981018981018,0.4512881612878582,0.538888247430961,0.15284715284715283,False,1001,10000,0.9780586000415497,0.04153110005427152,16641,False,False,False
locked,locked_harder_holdout,holdout_bin_6,issue23_locked_leave_one_bin_local_calibration,RFF_Logistic,rff_logistic,RFF Logistic optional,P3_full_lowguard,True,True,rff256_gamma01_C1,46,main_42_46,selected_source_rich_top64,64,kcenter,32,0.01,id_calib_plus_ood_val_guarded_1pct,0.02635799064981673,0.18681318681318682,0.0115,0.0076,0.01,0.8666981018981018,0.4512881612878582,0.538888247430961,0.15284715284715283,False,1001,10000,0.9663275000057183,0.052971199969761074,16641,False,False,False
locked,locked_harder_holdout,holdout_bin_6,issue23_locked_leave_one_bin_local_calibration,LOW_GUARD_LR_reference,lr,LOW-GUARD-LR reference,P0_raw_train_id_threshold,False,False,lr_C1,47,heldout_47_51,selected_source_rich_top64,64,kcenter,32,0.01,id_calib_only_1pct,-4.95452261717315,0.97002997002997,0.5139,0.01,0.5065,0.931433166833167,0.450917408095004,0.49748743718592964,0.0,False,1001,10000,0.12344489997485653,0.011000500002410263,65,False,False,False
locked,locked_harder_holdout,holdout_bin_6,issue23_locked_leave_one_bin_local_calibration,LOW_GUARD_LR_reference,lr,LOW-GUARD-LR reference,P1_raw_train_oodval_threshold,False,True,lr_C1,47,heldout_47_51,selected_source_rich_top64,64,kcenter,32,0.01,id_calib_plus_ood_val_guarded_1pct,52.262188785100285,0.0,0.0082,0.0,0.01,0.931433166833167,0.450917408095004,0.49748743718592964,0.0,True,1001,10000,0.1396944999578409,0.014454799995291978,65,False,False,False
locked,locked_harder_holdout,holdout_bin_6,issue23_locked_leave_one_bin_local_calibration,LOW_GUARD_LR_reference,lr,LOW-GUARD-LR reference,P2_guarded_train_id_threshold,True,False,lr_C1,47,heldout_47_51,selected_source_rich_top64,64,kcenter,32,0.01,id_calib_only_1pct,-4.124305740106003,0.97002997002997,0.0046,0.01,0.0005,0.9826834165834166,0.9750582019196735,0.9841615670761399,0.97002997002997,True,1001,10000,0.38916890003019944,0.011701199982780963,65,False,False,False
locked,locked_harder_holdout,holdout_bin_6,issue23_locked_leave_one_bin_local_calibration,LOW_GUARD_LR_reference,lr,LOW-GUARD-LR reference,P3_full_lowguard,True,True,lr_C1,47,heldout_47_51,selected_source_rich_top64,64,kcenter,32,0.01,id_calib_plus_ood_val_guarded_1pct,-4.118561382207412,0.97002997002997,0.0045,0.01,0.0005,0.9826834165834166,0.9750582019196735,0.9841615670761399,0.97002997002997,True,1001,10000,0.3696922000381164,0.01215649995720014,65,False,False,False
locked,locked_harder_holdout,holdout_bin_6,issue23_locked_leave_one_bin_local_calibration,DevNet_like_MLP,devnet_like_mlp,DevNet-like MLP,P0_raw_train_id_threshold,False,False,mlp_h16_alpha001,47,heldout_47_51,selected_source_rich_top64,64,kcenter,32,0.01,id_calib_only_1pct,0.0041836767503991784,0.9690309690309691,0.4842,0.01,0.473,0.9502676323676323,0.6793309138557224,0.5419354514831902,0.2777222777222777,False,1001,10000,0.6942683999659494,0.010084700013976544,1057,False,False,False
locked,locked_harder_holdout,holdout_bin_6,issue23_locked_leave_one_bin_local_calibration,DevNet_like_MLP,devnet_like_mlp,DevNet-like MLP,P1_raw_train_oodval_threshold,False,True,mlp_h8_alpha001,47,heldout_47_51,selected_source_rich_top64,64,kcenter,32,0.01,id_calib_plus_ood_val_guarded_1pct,0.9914700715839855,0.2917082917082917,0.0137,0.0,0.01,0.9596642357642357,0.6945697404072878,0.5433109603963875,0.20679320679320679,False,1001,10000,0.8353391000418924,0.011510999989695847,529,False,False,False
locked,locked_harder_holdout,holdout_bin_6,issue23_locked_leave_one_bin_local_calibration,DevNet_like_MLP,devnet_like_mlp,DevNet-like MLP,P2_guarded_train_id_threshold,True,False,mlp_h8_alpha001,47,heldout_47_51,selected_source_rich_top64,64,kcenter,32,0.01,id_calib_only_1pct,0.00441581805236639,0.968031968031968,0.008,0.01,0.0015,0.9917813186813187,0.9849688448242504,0.9780420584440686,0.9690309690309691,True,1001,10000,1.5242626999970526,0.012351499986834824,529,False,False,False
locked,locked_harder_holdout,holdout_bin_6,issue23_locked_leave_one_bin_local_calibration,DevNet_like_MLP,devnet_like_mlp,DevNet-like MLP,P3_full_lowguard,True,True,mlp_h8_alpha001,47,heldout_47_51,selected_source_rich_top64,64,kcenter,32,0.01,id_calib_plus_ood_val_guarded_1pct,0.004447534584905991,0.968031968031968,0.008,0.01,0.0015,0.9917813186813187,0.9849688448242504,0.9780420584440686,0.9690309690309691,True,1001,10000,1.507665100041777,0.012058400025125593,529,False,False,False
locked,locked_harder_holdout,holdout_bin_6,issue23_locked_leave_one_bin_local_calibration,HistGB_shallow,histgb,HistGB shallow,P0_raw_train_id_threshold,False,False,histgb_depth2_iter50_lr005,47,heldout_47_51,selected_source_rich_top64,64,kcenter,32,0.01,id_calib_only_1pct,0.000899173881310093,0.97002997002997,0.5682,0.0088,0.5595,0.9581627872127872,0.8784332033058085,0.8670274449168922,0.7432567432567433,False,1001,10000,0.11453329998767003,0.021498499962035567,50,False,False,False
locked,locked_harder_holdout,holdout_bin_6,issue23_locked_leave_one_bin_local_calibration,HistGB_shallow,histgb,HistGB shallow,P1_raw_train_oodval_threshold,False,True,histgb_depth2_iter50_lr005,47,heldout_47_51,selected_source_rich_top64,64,kcenter,32,0.01,id_calib_plus_ood_val_guarded_1pct,0.1314112271168826,0.7432567432567433,0.0009,0.0,0.001,0.9581627872127872,0.8784332033058085,0.8670274449168922,0.7432567432567433,True,1001,10000,0.117417800007388,0.020202599989715964,50,False,False,False
locked,locked_harder_holdout,holdout_bin_6,issue23_locked_leave_one_bin_local_calibration,HistGB_shallow,histgb,HistGB shallow,P2_guarded_train_id_threshold,True,False,histgb_depth3_iter50_lr005,47,heldout_47_51,selected_source_rich_top64,64,kcenter,32,0.01,id_calib_only_1pct,0.00013462168574975136,0.97002997002997,0.0268,0.01,0.0245,0.9951763236763238,0.978473538845056,0.9849396834321458,0.97002997002997,False,1001,10000,0.20426580001367256,0.019565599970519543,50,False,False,False
locked,locked_harder_holdout,holdout_bin_6,issue23_locked_leave_one_bin_local_calibration,HistGB_shallow,histgb,HistGB shallow,P3_full_lowguard,True,True,histgb_depth3_iter50_lr005,47,heldout_47_51,selected_source_rich_top64,64,kcenter,32,0.01,id_calib_plus_ood_val_guarded_1pct,0.0002821232566749102,0.97002997002997,0.0104,0.0082,0.0095,0.9951763236763238,0.978473538845056,0.9849396834321458,0.97002997002997,False,1001,10000,0.2081882000202313,0.01958829996874556,50,False,False,False
locked,locked_harder_holdout,holdout_bin_6,issue23_locked_leave_one_bin_local_calibration,DeepSAD_like_center,deepsad_like_center,DeepSAD-like center,P0_raw_train_id_threshold,False,False,center_lambda0,47,heldout_47_51,selected_source_rich_top64,64,kcenter,32,0.01,id_calib_only_1pct,368.79646148681667,0.02197802197802198,0.2735,0.01,0.267,0.37769300699300695,0.06758459511046826,0.49748743718592964,0.0,False,1001,10000,0.008412300026975572,0.011252199998125434,128,False,False,False
locked,locked_harder_holdout,holdout_bin_6,issue23_locked_leave_one_bin_local_calibration,DeepSAD_like_center,deepsad_like_center,DeepSAD-like center,P1_raw_train_oodval_threshold,False,True,center_lambda0,47,heldout_47_51,selected_source_rich_top64,64,kcenter,32,0.01,id_calib_plus_ood_val_guarded_1pct,16521.819063964842,0.0,0.0082,0.0,0.01,0.37769300699300695,0.06758459511046826,0.49748743718592964,0.0,True,1001,10000,0.008518600021488965,0.010424699983559549,128,False,False,False
locked,locked_harder_holdout,holdout_bin_6,issue23_locked_leave_one_bin_local_calibration,DeepSAD_like_center,deepsad_like_center,DeepSAD-like center,P2_guarded_train_id_threshold,True,False,center_lambda2,47,heldout_47_51,selected_source_rich_top64,64,kcenter,32,0.01,id_calib_only_1pct,508.5985983276374,0.14585414585414586,0.0282,0.01,0.022,0.8431129870129871,0.2892304399423139,0.5160266868809582,0.07492507492507493,False,1001,10000,0.019152300024870783,0.016888099955394864,128,False,False,False
locked,locked_harder_holdout,holdout_bin_6,issue23_locked_leave_one_bin_local_calibration,DeepSAD_like_center,deepsad_like_center,DeepSAD-like center,P3_full_lowguard,True,True,center_lambda2,47,heldout_47_51,selected_source_rich_top64,64,kcenter,32,0.01,id_calib_plus_ood_val_guarded_1pct,689.6371118164061,0.08391608391608392,0.0125,0.0016,0.01,0.8431129870129871,0.2892304399423139,0.5160266868809582,0.07492507492507493,False,1001,10000,0.019902900035958737,0.013156300003174692,128,False,False,False
locked,locked_harder_holdout,holdout_bin_6,issue23_locked_leave_one_bin_local_calibration,Prototype_metric_LR,prototype_metric_lr,Prototype / metric LR,P0_raw_train_id_threshold,False,False,prototype_metric_lr_C1,47,heldout_47_51,selected_source_rich_top64,64,kcenter,32,0.01,id_calib_only_1pct,2.9399354158459907,0.18081918081918083,0.0474,0.01,0.0455,0.7193837162837163,0.22370052447466843,0.4977083218289248,0.003996003996003996,False,1001,10000,0.0212535000173375,0.015397100010886788,132,False,False,False
locked,locked_harder_holdout,holdout_bin_6,issue23_locked_leave_one_bin_local_calibration,Prototype_metric_LR,prototype_metric_lr,Prototype / metric LR,P1_raw_train_oodval_threshold,False,True,prototype_metric_lr_C1,47,heldout_47_51,selected_source_rich_top64,64,kcenter,32,0.01,id_calib_plus_ood_val_guarded_1pct,3.4204838029339006,0.000999000999000999,0.0079,0.0,0.01,0.7193837162837163,0.22370052447466843,0.4977083218289248,0.003996003996003996,True,1001,10000,0.00928070000372827,0.007179399952292442,132,False,False,False
locked,locked_harder_holdout,holdout_bin_6,issue23_locked_leave_one_bin_local_calibration,Prototype_metric_LR,prototype_metric_lr,Prototype / metric LR,P2_guarded_train_id_threshold,True,False,prototype_metric_lr_C1,47,heldout_47_51,selected_source_rich_top64,64,kcenter,32,0.01,id_calib_only_1pct,2.0464378371798153,0.2827172827172827,0.0094,0.01,0.007,0.944257842157842,0.5641413077942389,0.5255699074794552,0.3206793206793207,True,1001,10000,0.03216289996635169,0.012277300003916025,198,False,False,False
locked,locked_harder_holdout,holdout_bin_6,issue23_locked_leave_one_bin_local_calibration,Prototype_metric_LR,prototype_metric_lr,Prototype / metric LR,P3_full_lowguard,True,True,prototype_metric_lr_C1,47,heldout_47_51,selected_source_rich_top64,64,kcenter,32,0.01,id_calib_plus_ood_val_guarded_1pct,2.0465160722122233,0.2827172827172827,0.0094,0.0098,0.007,0.944257842157842,0.5641413077942389,0.5255699074794552,0.3206793206793207,True,1001,10000,0.028005499974824488,0.01270620001014322,198,False,False,False
locked,locked_harder_holdout,holdout_bin_6,issue23_locked_leave_one_bin_local_calibration,RFF_Logistic,rff_logistic,RFF Logistic optional,P0_raw_train_id_threshold,False,False,rff128_gamma1_C1,47,heldout_47_51,selected_source_rich_top64,64,kcenter,32,0.01,id_calib_only_1pct,2.59859647122567,0.028971028971028972,0.0258,0.01,0.023,0.5193755244755245,0.09778418647418591,0.49937499686243403,0.00999000999000999,False,1001,10000,0.21408569999039173,0.02514290000544861,8321,False,False,False
locked,locked_harder_holdout,holdout_bin_6,issue23_locked_leave_one_bin_local_calibration,RFF_Logistic,rff_logistic,RFF Logistic optional,P1_raw_train_oodval_threshold,False,True,rff256_gamma01_C1,47,heldout_47_51,selected_source_rich_top64,64,kcenter,32,0.01,id_calib_plus_ood_val_guarded_1pct,1.6561591472609234,0.015984015984015984,0.0093,0.0,0.01,0.5280748251748252,0.11936528003569595,0.501347898332823,0.016983016983016984,True,1001,10000,0.385981899977196,0.05462959996657446,16641,False,False,False
locked,locked_harder_holdout,holdout_bin_6,issue23_locked_leave_one_bin_local_calibration,RFF_Logistic,rff_logistic,RFF Logistic optional,P2_guarded_train_id_threshold,True,False,rff256_gamma01_C1,47,heldout_47_51,selected_source_rich_top64,64,kcenter,32,0.01,id_calib_only_1pct,0.12187056047185683,0.16183816183816183,0.0097,0.01,0.0085,0.751822977022977,0.38057055018966796,0.5580198695776585,0.16683316683316685,True,1001,10000,0.948089599958621,0.04241089994320646,16641,False,False,False
locked,locked_harder_holdout,holdout_bin_6,issue23_locked_leave_one_bin_local_calibration,RFF_Logistic,rff_logistic,RFF Logistic optional,P3_full_lowguard,True,True,rff256_gamma01_C1,47,heldout_47_51,selected_source_rich_top64,64,kcenter,32,0.01,id_calib_plus_ood_val_guarded_1pct,0.13348261532503436,0.16083916083916083,0.0097,0.01,0.0085,0.751822977022977,0.38057055018966796,0.5580198695776585,0.16683316683316685,True,1001,10000,1.0574151999899186,0.05411450000246987,16641,False,False,False
locked,locked_harder_holdout,holdout_bin_6,issue23_locked_leave_one_bin_local_calibration,LOW_GUARD_LR_reference,lr,LOW-GUARD-LR reference,P0_raw_train_id_threshold,False,False,lr_C1,48,heldout_47_51,selected_source_rich_top64,64,kcenter,32,0.01,id_calib_only_1pct,-4.95452261717315,0.97002997002997,0.5139,0.01,0.5065,0.931433166833167,0.450917408095004,0.49748743718592964,0.0,False,1001,10000,0.22146700002485886,0.013750599988270551,65,False,False,False
locked,locked_harder_holdout,holdout_bin_6,issue23_locked_leave_one_bin_local_calibration,LOW_GUARD_LR_reference,lr,LOW-GUARD-LR reference,P1_raw_train_oodval_threshold,False,True,lr_C1,48,heldout_47_51,selected_source_rich_top64,64,kcenter,32,0.01,id_calib_plus_ood_val_guarded_1pct,52.262188785100285,0.0,0.0082,0.0,0.01,0.931433166833167,0.450917408095004,0.49748743718592964,0.0,True,1001,10000,0.5843267000163905,0.05031619995133951,65,False,False,False
locked,locked_harder_holdout,holdout_bin_6,issue23_locked_leave_one_bin_local_calibration,LOW_GUARD_LR_reference,lr,LOW-GUARD-LR reference,P2_guarded_train_id_threshold,True,False,lr_C1,48,heldout_47_51,selected_source_rich_top64,64,kcenter,32,0.01,id_calib_only_1pct,-4.124305740106003,0.97002997002997,0.0046,0.01,0.0005,0.9826834165834166,0.9750582019196735,0.9841615670761399,0.97002997002997,True,1001,10000,0.5833005999447778,0.014537900045979768,65,False,False,False
locked,locked_harder_holdout,holdout_bin_6,issue23_locked_leave_one_bin_local_calibration,LOW_GUARD_LR_reference,lr,LOW-GUARD-LR reference,P3_full_lowguard,True,True,lr_C1,48,heldout_47_51,selected_source_rich_top64,64,kcenter,32,0.01,id_calib_plus_ood_val_guarded_1pct,-4.118561382207412,0.97002997002997,0.0045,0.01,0.0005,0.9826834165834166,0.9750582019196735,0.9841615670761399,0.97002997002997,True,1001,10000,0.587283100001514,0.01444989995798096,65,False,False,False
locked,locked_harder_holdout,holdout_bin_6,issue23_locked_leave_one_bin_local_calibration,DevNet_like_MLP,devnet_like_mlp,DevNet-like MLP,P0_raw_train_id_threshold,False,False,mlp_h16_alpha001,48,heldout_47_51,selected_source_rich_top64,64,kcenter,32,0.01,id_calib_only_1pct,0.004198193233460204,0.97002997002997,0.5797,0.01,0.568,0.9597286213786214,0.7935127718860076,0.6269183078228304,0.5324675324675324,False,1001,10000,1.0620287000201643,0.011423299962189049,1057,False,False,False
locked,locked_harder_holdout,holdout_bin_6,issue23_locked_leave_one_bin_local_calibration,DevNet_like_MLP,devnet_like_mlp,DevNet-like MLP,P1_raw_train_oodval_threshold,False,True,mlp_h8_alpha001,48,heldout_47_51,selected_source_rich_top64,64,kcenter,32,0.01,id_calib_plus_ood_val_guarded_1pct,0.9833028328418705,0.7232767232767233,0.0105,0.0,0.01,0.9713780219780219,0.875506989788619,0.7224283254434009,0.6913086913086913,False,1001,10000,1.1486397000262514,0.010222400014754385,529,False,False,False
locked,locked_harder_holdout,holdout_bin_6,issue23_locked_leave_one_bin_local_calibration,DevNet_like_MLP,devnet_like_mlp,DevNet-like MLP,P2_guarded_train_id_threshold,True,False,mlp_h16_alpha001,48,heldout_47_51,selected_source_rich_top64,64,kcenter,32,0.01,id_calib_only_1pct,0.005245746318250897,0.9690309690309691,0.0053,0.01,0.0015,0.9929684315684316,0.9847735267430192,0.9795832308395123,0.971028971028971,True,1001,10000,1.7092586000217125,0.010480400000233203,1057,False,False,False
locked,locked_harder_holdout,holdout_bin_6,issue23_locked_leave_one_bin_local_calibration,DevNet_like_MLP,devnet_like_mlp,DevNet-like MLP,P3_full_lowguard,True,True,mlp_h16_alpha001,48,heldout_47_51,selected_source_rich_top64,64,kcenter,32,0.01,id_calib_plus_ood_val_guarded_1pct,0.00525089950766415,0.9690309690309691,0.0053,0.01,0.0015,0.9929684315684316,0.9847735267430192,0.9795832308395123,0.971028971028971,True,1001,10000,1.7521628999966197,0.012034700019285083,1057,False,False,False
locked,locked_harder_holdout,holdout_bin_6,issue23_locked_leave_one_bin_local_calibration,HistGB_shallow,histgb,HistGB shallow,P0_raw_train_id_threshold,False,False,histgb_depth2_iter50_lr005,48,heldout_47_51,selected_source_rich_top64,64,kcenter,32,0.01,id_calib_only_1pct,0.000899173881310093,0.97002997002997,0.5682,0.0088,0.5595,0.9581627872127872,0.8784332033058085,0.8670274449168922,0.7432567432567433,False,1001,10000,0.12742269999580458,0.01942690002033487,50,False,False,False
locked,locked_harder_holdout,holdout_bin_6,issue23_locked_leave_one_bin_local_calibration,HistGB_shallow,histgb,HistGB shallow,P1_raw_train_oodval_threshold,False,True,histgb_depth2_iter50_lr005,48,heldout_47_51,selected_source_rich_top64,64,kcenter,32,0.01,id_calib_plus_ood_val_guarded_1pct,0.1314112271168826,0.7432567432567433,0.0009,0.0,0.001,0.9581627872127872,0.8784332033058085,0.8670274449168922,0.7432567432567433,True,1001,10000,0.12990880000870675,0.020113799953833222,50,False,False,False
locked,locked_harder_holdout,holdout_bin_6,issue23_locked_leave_one_bin_local_calibration,HistGB_shallow,histgb,HistGB shallow,P2_guarded_train_id_threshold,True,False,histgb_depth2_iter50_lr005,48,heldout_47_51,selected_source_rich_top64,64,kcenter,32,0.01,id_calib_only_1pct,0.00023008964563070957,0.985014985014985,0.0492,0.01,0.0455,0.9956000999001,0.9836709843280036,0.9825752137309925,0.97002997002997,False,1001,10000,0.20672959997318685,0.016770699992775917,50,False,False,False
locked,locked_harder_holdout,holdout_bin_6,issue23_locked_leave_one_bin_local_calibration,HistGB_shallow,histgb,HistGB shallow,P3_full_lowguard,True,True,histgb_depth2_iter50_lr005,48,heldout_47_51,selected_source_rich_top64,64,kcenter,32,0.01,id_calib_plus_ood_val_guarded_1pct,0.0005234296117910247,0.97002997002997,0.0123,0.0,0.009,0.9956000999001,0.9836709843280036,0.9825752137309925,0.97002997002997,False,1001,10000,0.18480950000230223,0.022186199959833175,50,False,False,False
locked,locked_harder_holdout,holdout_bin_6,issue23_locked_leave_one_bin_local_calibration,DeepSAD_like_center,deepsad_like_center,DeepSAD-like center,P0_raw_train_id_threshold,False,False,center_lambda0,48,heldout_47_51,selected_source_rich_top64,64,kcenter,32,0.01,id_calib_only_1pct,368.79646148681667,0.02197802197802198,0.2735,0.01,0.267,0.37769300699300695,0.06758459511046826,0.49748743718592964,0.0,False,1001,10000,0.016697400016710162,0.014973399986047298,128,False,False,False
locked,locked_harder_holdout,holdout_bin_6,issue23_locked_leave_one_bin_local_calibration,DeepSAD_like_center,deepsad_like_center,DeepSAD-like center,P1_raw_train_oodval_threshold,False,True,center_lambda0,48,heldout_47_51,selected_source_rich_top64,64,kcenter,32,0.01,id_calib_plus_ood_val_guarded_1pct,16521.819063964842,0.0,0.0082,0.0,0.01,0.37769300699300695,0.06758459511046826,0.49748743718592964,0.0,True,1001,10000,0.011237700004130602,0.009461799985729158,128,False,False,False
locked,locked_harder_holdout,holdout_bin_6,issue23_locked_leave_one_bin_local_calibration,DeepSAD_like_center,deepsad_like_center,DeepSAD-like center,P2_guarded_train_id_threshold,True,False,center_lambda2,48,heldout_47_51,selected_source_rich_top64,64,kcenter,32,0.01,id_calib_only_1pct,508.5985983276374,0.14585414585414586,0.0282,0.01,0.022,0.8431129870129871,0.2892304399423139,0.5160266868809582,0.07492507492507493,False,1001,10000,0.021367000008467585,0.012039199995342642,128,False,False,False
locked,locked_harder_holdout,holdout_bin_6,issue23_locked_leave_one_bin_local_calibration,DeepSAD_like_center,deepsad_like_center,DeepSAD-like center,P3_full_lowguard,True,True,center_lambda2,48,heldout_47_51,selected_source_rich_top64,64,kcenter,32,0.01,id_calib_plus_ood_val_guarded_1pct,689.6371118164061,0.08391608391608392,0.0125,0.0016,0.01,0.8431129870129871,0.2892304399423139,0.5160266868809582,0.07492507492507493,False,1001,10000,0.02688070002477616,0.015512000012677163,128,False,False,False
locked,locked_harder_holdout,holdout_bin_6,issue23_locked_leave_one_bin_local_calibration,Prototype_metric_LR,prototype_metric_lr,Prototype / metric LR,P0_raw_train_id_threshold,False,False,prototype_metric_lr_C1,48,heldout_47_51,selected_source_rich_top64,64,kcenter,32,0.01,id_calib_only_1pct,2.9399354158459907,0.18081918081918083,0.0474,0.01,0.0455,0.7193837162837163,0.22370052447466843,0.4977083218289248,0.003996003996003996,False,1001,10000,0.01460409996798262,0.008746100007556379,132,False,False,False
locked,locked_harder_holdout,holdout_bin_6,issue23_locked_leave_one_bin_local_calibration,Prototype_metric_LR,prototype_metric_lr,Prototype / metric LR,P1_raw_train_oodval_threshold,False,True,prototype_metric_lr_C1,48,heldout_47_51,selected_source_rich_top64,64,kcenter,32,0.01,id_calib_plus_ood_val_guarded_1pct,3.4204838029339006,0.000999000999000999,0.0079,0.0,0.01,0.7193837162837163,0.22370052447466843,0.4977083218289248,0.003996003996003996,True,1001,10000,0.009896499977912754,0.008743399986997247,132,False,False,False
locked,locked_harder_holdout,holdout_bin_6,issue23_locked_leave_one_bin_local_calibration,Prototype_metric_LR,prototype_metric_lr,Prototype / metric LR,P2_guarded_train_id_threshold,True,False,prototype_metric_lr_C1,48,heldout_47_51,selected_source_rich_top64,64,kcenter,32,0.01,id_calib_only_1pct,2.0464378371798153,0.2827172827172827,0.0094,0.01,0.007,0.944257842157842,0.5641413077942389,0.5255699074794552,0.3206793206793207,True,1001,10000,0.028535299992654473,0.010683300031814724,198,False,False,False
locked,locked_harder_holdout,holdout_bin_6,issue23_locked_leave_one_bin_local_calibration,Prototype_metric_LR,prototype_metric_lr,Prototype / metric LR,P3_full_lowguard,True,True,prototype_metric_lr_C1,48,heldout_47_51,selected_source_rich_top64,64,kcenter,32,0.01,id_calib_plus_ood_val_guarded_1pct,2.0465160722122233,0.2827172827172827,0.0094,0.0098,0.007,0.944257842157842,0.5641413077942389,0.5255699074794552,0.3206793206793207,True,1001,10000,0.02877440000884235,0.013342400023248047,198,False,False,False
locked,locked_harder_holdout,holdout_bin_6,issue23_locked_leave_one_bin_local_calibration,RFF_Logistic,rff_logistic,RFF Logistic optional,P0_raw_train_id_threshold,False,False,rff256_gamma1_C1,48,heldout_47_51,selected_source_rich_top64,64,kcenter,32,0.01,id_calib_only_1pct,1.1203460502569247,0.025974025974025976,0.0397,0.01,0.043,0.4700104895104895,0.0825051380798873,0.49962098203304234,0.008991008991008992,False,1001,10000,0.42147270002169535,0.04648080002516508,16641,False,False,False
locked,locked_harder_holdout,holdout_bin_6,issue23_locked_leave_one_bin_local_calibration,RFF_Logistic,rff_logistic,RFF Logistic optional,P1_raw_train_oodval_threshold,False,True,rff256_gamma01_C1,48,heldout_47_51,selected_source_rich_top64,64,kcenter,32,0.01,id_calib_plus_ood_val_guarded_1pct,2.028909965768669,0.026973026973026972,0.0084,0.0004,0.0095,0.5159385614385614,0.10674796372680084,0.5060868779461745,0.029970029970029972,True,1001,10000,0.3565365999820642,0.045533499971497804,16641,False,False,False
locked,locked_harder_holdout,holdout_bin_6,issue23_locked_leave_one_bin_local_calibration,RFF_Logistic,rff_logistic,RFF Logistic optional,P2_guarded_train_id_threshold,True,False,rff256_gamma01_C1,48,heldout_47_51,selected_source_rich_top64,64,kcenter,32,0.01,id_calib_only_1pct,-0.48722173532533125,0.18681318681318682,0.0159,0.01,0.013,0.8168539460539461,0.3784733045165172,0.5396663637869668,0.12887112887112886,False,1001,10000,0.9110933000338264,0.0552404000191018,16641,False,False,False
locked,locked_harder_holdout,holdout_bin_6,issue23_locked_leave_one_bin_local_calibration,RFF_Logistic,rff_logistic,RFF Logistic optional,P3_full_lowguard,True,True,rff256_gamma01_C1,48,heldout_47_51,selected_source_rich_top64,64,kcenter,32,0.01,id_calib_plus_ood_val_guarded_1pct,-0.07519300116531197,0.13986013986013987,0.0124,0.0066,0.01,0.8168539460539461,0.3784733045165172,0.5396663637869668,0.12887112887112886,False,1001,10000,1.128153299971018,0.05567819997668266,16641,False,False,False
locked,locked_harder_holdout,holdout_bin_6,issue23_locked_leave_one_bin_local_calibration,LOW_GUARD_LR_reference,lr,LOW-GUARD-LR reference,P0_raw_train_id_threshold,False,False,lr_C1,49,heldout_47_51,selected_source_rich_top64,64,kcenter,32,0.01,id_calib_only_1pct,-4.95452261717315,0.97002997002997,0.5139,0.01,0.5065,0.931433166833167,0.450917408095004,0.49748743718592964,0.0,False,1001,10000,0.14862960000755265,0.013088300009258091,65,False,False,False
locked,locked_harder_holdout,holdout_bin_6,issue23_locked_leave_one_bin_local_calibration,LOW_GUARD_LR_reference,lr,LOW-GUARD-LR reference,P1_raw_train_oodval_threshold,False,True,lr_C1,49,heldout_47_51,selected_source_rich_top64,64,kcenter,32,0.01,id_calib_plus_ood_val_guarded_1pct,52.262188785100285,0.0,0.0082,0.0,0.01,0.931433166833167,0.450917408095004,0.49748743718592964,0.0,True,1001,10000,0.12396999995689839,0.010871600010432303,65,False,False,False
locked,locked_harder_holdout,holdout_bin_6,issue23_locked_leave_one_bin_local_calibration,LOW_GUARD_LR_reference,lr,LOW-GUARD-LR reference,P2_guarded_train_id_threshold,True,False,lr_C1,49,heldout_47_51,selected_source_rich_top64,64,kcenter,32,0.01,id_calib_only_1pct,-4.124305740106003,0.97002997002997,0.0046,0.01,0.0005,0.9826834165834166,0.9750582019196735,0.9841615670761399,0.97002997002997,True,1001,10000,0.33203360001789406,0.011181399982888252,65,False,False,False
locked,locked_harder_holdout,holdout_bin_6,issue23_locked_leave_one_bin_local_calibration,LOW_GUARD_LR_reference,lr,LOW-GUARD-LR reference,P3_full_lowguard,True,True,lr_C1,49,heldout_47_51,selected_source_rich_top64,64,kcenter,32,0.01,id_calib_plus_ood_val_guarded_1pct,-4.118561382207412,0.97002997002997,0.0045,0.01,0.0005,0.9826834165834166,0.9750582019196735,0.9841615670761399,0.97002997002997,True,1001,10000,0.3505182000226341,0.00941110000712797,65,False,False,False
locked,locked_harder_holdout,holdout_bin_6,issue23_locked_leave_one_bin_local_calibration,DevNet_like_MLP,devnet_like_mlp,DevNet-like MLP,P0_raw_train_id_threshold,False,False,mlp_h8_alpha001,49,heldout_47_51,selected_source_rich_top64,64,kcenter,32,0.01,id_calib_only_1pct,0.004520579846575859,0.97002997002997,0.6421,0.01,0.6295,0.9560671328671331,0.7942349278908492,0.6506056757313039,0.4985014985014985,False,1001,10000,0.9432295999722555,0.010563599993474782,529,False,False,False
locked,locked_harder_holdout,holdout_bin_6,issue23_locked_leave_one_bin_local_calibration,DevNet_like_MLP,devnet_like_mlp,DevNet-like MLP,P1_raw_train_oodval_threshold,False,True,mlp_h16_alpha001,49,heldout_47_51,selected_source_rich_top64,64,kcenter,32,0.01,id_calib_plus_ood_val_guarded_1pct,0.9912751634418964,0.8021978021978022,0.0135,0.0,0.01,0.9674499999999999,0.7785410244854793,0.6062304529641214,0.6153846153846154,False,1001,10000,0.8170323999947868,0.010285800031851977,1057,False,False,False
locked,locked_harder_holdout,holdout_bin_6,issue23_locked_leave_one_bin_local_calibration,DevNet_like_MLP,devnet_like_mlp,DevNet-like MLP,P2_guarded_train_id_threshold,True,False,mlp_h16_alpha001,49,heldout_47_51,selected_source_rich_top64,64,kcenter,32,0.01,id_calib_only_1pct,0.004219209593720743,0.971028971028971,0.0087,0.01,0.0045,0.9912803196803196,0.9823553420150769,0.9718422281236352,0.971028971028971,True,1001,10000,1.6271532999817282,0.011472299986053258,1057,False,False,False
locked,locked_harder_holdout,holdout_bin_6,issue23_locked_leave_one_bin_local_calibration,DevNet_like_MLP,devnet_like_mlp,DevNet-like MLP,P3_full_lowguard,True,True,mlp_h16_alpha001,49,heldout_47_51,selected_source_rich_top64,64,kcenter,32,0.01,id_calib_plus_ood_val_guarded_1pct,0.004270044379751194,0.971028971028971,0.0086,0.0098,0.0045,0.9912803196803196,0.9823553420150769,0.9718422281236352,0.971028971028971,True,1001,10000,1.3666341999778524,0.009776699997019023,1057,False,False,False
locked,locked_harder_holdout,holdout_bin_6,issue23_locked_leave_one_bin_local_calibration,HistGB_shallow,histgb,HistGB shallow,P0_raw_train_id_threshold,False,False,histgb_depth2_iter50_lr005,49,heldout_47_51,selected_source_rich_top64,64,kcenter,32,0.01,id_calib_only_1pct,0.000899173881310093,0.97002997002997,0.5682,0.0088,0.5595,0.9581627872127872,0.8784332033058085,0.8670274449168922,0.7432567432567433,False,1001,10000,0.12409500003559515,0.02046989998780191,50,False,False,False
locked,locked_harder_holdout,holdout_bin_6,issue23_locked_leave_one_bin_local_calibration,HistGB_shallow,histgb,HistGB shallow,P1_raw_train_oodval_threshold,False,True,histgb_depth2_iter50_lr005,49,heldout_47_51,selected_source_rich_top64,64,kcenter,32,0.01,id_calib_plus_ood_val_guarded_1pct,0.1314112271168826,0.7432567432567433,0.0009,0.0,0.001,0.9581627872127872,0.8784332033058085,0.8670274449168922,0.7432567432567433,True,1001,10000,0.10952949995407835,0.021402899990789592,50,False,False,False
locked,locked_harder_holdout,holdout_bin_6,issue23_locked_leave_one_bin_local_calibration,HistGB_shallow,histgb,HistGB shallow,P2_guarded_train_id_threshold,True,False,histgb_depth2_iter50_lr005,49,heldout_47_51,selected_source_rich_top64,64,kcenter,32,0.01,id_calib_only_1pct,0.00016666093562452675,0.8411588411588412,0.0834,0.0086,0.0785,0.9114172327672327,0.8566132968796452,0.913955391342326,0.8301698301698301,False,1001,10000,0.18654209998203442,0.018510199966840446,50,False,False,False
locked,locked_harder_holdout,holdout_bin_6,issue23_locked_leave_one_bin_local_calibration,HistGB_shallow,histgb,HistGB shallow,P3_full_lowguard,True,True,histgb_depth3_iter50_lr005,49,heldout_47_51,selected_source_rich_top64,64,kcenter,32,0.01,id_calib_plus_ood_val_guarded_1pct,0.0003215489258084132,0.6153846153846154,0.0127,0.0048,0.0095,0.8324702297702298,0.6783415766392545,0.8044819502105934,0.6123876123876124,False,1001,10000,0.21282129996689036,0.02161350002279505,50,False,False,False
locked,locked_harder_holdout,holdout_bin_6,issue23_locked_leave_one_bin_local_calibration,DeepSAD_like_center,deepsad_like_center,DeepSAD-like center,P0_raw_train_id_threshold,False,False,center_lambda0,49,heldout_47_51,selected_source_rich_top64,64,kcenter,32,0.01,id_calib_only_1pct,368.79646148681667,0.02197802197802198,0.2735,0.01,0.267,0.37769300699300695,0.06758459511046826,0.49748743718592964,0.0,False,1001,10000,0.008838800014927983,0.009952499996870756,128,False,False,False
locked,locked_harder_holdout,holdout_bin_6,issue23_locked_leave_one_bin_local_calibration,DeepSAD_like_center,deepsad_like_center,DeepSAD-like center,P1_raw_train_oodval_threshold,False,True,center_lambda0,49,heldout_47_51,selected_source_rich_top64,64,kcenter,32,0.01,id_calib_plus_ood_val_guarded_1pct,16521.819063964842,0.0,0.0082,0.0,0.01,0.37769300699300695,0.06758459511046826,0.49748743718592964,0.0,True,1001,10000,0.008082299958914518,0.010327399999368936,128,False,False,False
locked,locked_harder_holdout,holdout_bin_6,issue23_locked_leave_one_bin_local_calibration,DeepSAD_like_center,deepsad_like_center,DeepSAD-like center,P2_guarded_train_id_threshold,True,False,center_lambda1,49,heldout_47_51,selected_source_rich_top64,64,kcenter,32,0.01,id_calib_only_1pct,328.1754852294925,0.13186813186813187,0.0281,0.01,0.0225,0.8434322677322676,0.2737685617120198,0.501583843292386,0.03596403596403597,False,1001,10000,0.02411490003578365,0.012003400013782084,128,False,False,False
locked,locked_harder_holdout,holdout_bin_6,issue23_locked_leave_one_bin_local_calibration,DeepSAD_like_center,deepsad_like_center,DeepSAD-like center,P3_full_lowguard,True,True,center_lambda1,49,heldout_47_51,selected_source_rich_top64,64,kcenter,32,0.01,id_calib_plus_ood_val_guarded_1pct,475.02895481109385,0.04795204795204795,0.0114,0.0014,0.01,0.8434322677322676,0.2737685617120198,0.501583843292386,0.03596403596403597,False,1001,10000,0.021492399973794818,0.009510300005786121,128,False,False,False
locked,locked_harder_holdout,holdout_bin_6,issue23_locked_leave_one_bin_local_calibration,Prototype_metric_LR,prototype_metric_lr,Prototype / metric LR,P0_raw_train_id_threshold,False,False,prototype_metric_lr_C1,49,heldout_47_51,selected_source_rich_top64,64,kcenter,32,0.01,id_calib_only_1pct,2.9399354158459907,0.18081918081918083,0.0474,0.01,0.0455,0.7193837162837163,0.22370052447466843,0.4977083218289248,0.003996003996003996,False,1001,10000,0.009647400001995265,0.007437199994456023,132,False,False,False
locked,locked_harder_holdout,holdout_bin_6,issue23_locked_leave_one_bin_local_calibration,Prototype_metric_LR,prototype_metric_lr,Prototype / metric LR,P1_raw_train_oodval_threshold,False,True,prototype_metric_lr_C1,49,heldout_47_51,selected_source_rich_top64,64,kcenter,32,0.01,id_calib_plus_ood_val_guarded_1pct,3.4204838029339006,0.000999000999000999,0.0079,0.0,0.01,0.7193837162837163,0.22370052447466843,0.4977083218289248,0.003996003996003996,True,1001,10000,0.00957699998980388,0.007155400002375245,132,False,False,False
locked,locked_harder_holdout,holdout_bin_6,issue23_locked_leave_one_bin_local_calibration,Prototype_metric_LR,prototype_metric_lr,Prototype / metric LR,P2_guarded_train_id_threshold,True,False,prototype_metric_lr_C1,49,heldout_47_51,selected_source_rich_top64,64,kcenter,32,0.01,id_calib_only_1pct,2.0464378371798153,0.2827172827172827,0.0094,0.01,0.007,0.944257842157842,0.5641413077942389,0.5255699074794552,0.3206793206793207,True,1001,10000,0.022816399985458702,0.013247499999124557,198,False,False,False
locked,locked_harder_holdout,holdout_bin_6,issue23_locked_leave_one_bin_local_calibration,Prototype_metric_LR,prototype_metric_lr,Prototype / metric LR,P3_full_lowguard,True,True,prototype_metric_lr_C1,49,heldout_47_51,selected_source_rich_top64,64,kcenter,32,0.01,id_calib_plus_ood_val_guarded_1pct,2.0465160722122233,0.2827172827172827,0.0094,0.0098,0.007,0.944257842157842,0.5641413077942389,0.5255699074794552,0.3206793206793207,True,1001,10000,0.029806300008203834,0.010903699963819236,198,False,False,False
locked,locked_harder_holdout,holdout_bin_6,issue23_locked_leave_one_bin_local_calibration,RFF_Logistic,rff_logistic,RFF Logistic optional,P0_raw_train_id_threshold,False,False,rff128_gamma1_C1,49,heldout_47_51,selected_source_rich_top64,64,kcenter,32,0.01,id_calib_only_1pct,2.5126758733792713,0.01898101898101898,0.0196,0.01,0.024,0.4823052947052947,0.08829318191305123,0.5017244062470193,0.014985014985014986,False,1001,10000,0.20567759999539703,0.027029299992136657,8321,False,False,False
locked,locked_harder_holdout,holdout_bin_6,issue23_locked_leave_one_bin_local_calibration,RFF_Logistic,rff_logistic,RFF Logistic optional,P1_raw_train_oodval_threshold,False,True,rff256_gamma01_C1,49,heldout_47_51,selected_source_rich_top64,64,kcenter,32,0.01,id_calib_plus_ood_val_guarded_1pct,2.0412423663319053,0.006993006993006993,0.0087,0.0,0.01,0.3769722277722278,0.07702313249804264,0.49927459475198166,0.007992007992007992,True,1001,10000,0.4494366000290029,0.04493669996736571,16641,False,False,False
locked,locked_harder_holdout,holdout_bin_6,issue23_locked_leave_one_bin_local_calibration,RFF_Logistic,rff_logistic,RFF Logistic optional,P2_guarded_train_id_threshold,True,False,rff128_gamma01_C1,49,heldout_47_51,selected_source_rich_top64,64,kcenter,32,0.01,id_calib_only_1pct,2.1167011466341177,0.06493506493506493,0.0041,0.01,0.004,0.619079120879121,0.28177044184621297,0.5361171491824758,0.14185814185814186,True,1001,10000,0.582583200011868,0.03376630001002923,8321,False,False,False
locked,locked_harder_holdout,holdout_bin_6,issue23_locked_leave_one_bin_local_calibration,RFF_Logistic,rff_logistic,RFF Logistic optional,P3_full_lowguard,True,True,rff128_gamma01_C1,49,heldout_47_51,selected_source_rich_top64,64,kcenter,32,0.01,id_calib_plus_ood_val_guarded_1pct,2.1313272055985366,0.06493506493506493,0.0041,0.01,0.004,0.619079120879121,0.28177044184621297,0.5361171491824758,0.14185814185814186,True,1001,10000,0.5400267000077292,0.032633199996780604,8321,False,False,False
locked,locked_harder_holdout,holdout_bin_6,issue23_locked_leave_one_bin_local_calibration,LOW_GUARD_LR_reference,lr,LOW-GUARD-LR reference,P0_raw_train_id_threshold,False,False,lr_C1,50,heldout_47_51,selected_source_rich_top64,64,kcenter,32,0.01,id_calib_only_1pct,-4.95452261717315,0.97002997002997,0.5139,0.01,0.5065,0.931433166833167,0.450917408095004,0.49748743718592964,0.0,False,1001,10000,0.19142410001950338,0.011621600016951561,65,False,False,False
locked,locked_harder_holdout,holdout_bin_6,issue23_locked_leave_one_bin_local_calibration,LOW_GUARD_LR_reference,lr,LOW-GUARD-LR reference,P1_raw_train_oodval_threshold,False,True,lr_C1,50,heldout_47_51,selected_source_rich_top64,64,kcenter,32,0.01,id_calib_plus_ood_val_guarded_1pct,52.262188785100285,0.0,0.0082,0.0,0.01,0.931433166833167,0.450917408095004,0.49748743718592964,0.0,True,1001,10000,0.18043470004340634,0.009835999982897192,65,False,False,False
locked,locked_harder_holdout,holdout_bin_6,issue23_locked_leave_one_bin_local_calibration,LOW_GUARD_LR_reference,lr,LOW-GUARD-LR reference,P2_guarded_train_id_threshold,True,False,lr_C1,50,heldout_47_51,selected_source_rich_top64,64,kcenter,32,0.01,id_calib_only_1pct,-4.124305740106003,0.97002997002997,0.0046,0.01,0.0005,0.9826834165834166,0.9750582019196735,0.9841615670761399,0.97002997002997,True,1001,10000,0.4272639999981038,0.013729600002989173,65,False,False,False
locked,locked_harder_holdout,holdout_bin_6,issue23_locked_leave_one_bin_local_calibration,LOW_GUARD_LR_reference,lr,LOW-GUARD-LR reference,P3_full_lowguard,True,True,lr_C1,50,heldout_47_51,selected_source_rich_top64,64,kcenter,32,0.01,id_calib_plus_ood_val_guarded_1pct,-4.118561382207412,0.97002997002997,0.0045,0.01,0.0005,0.9826834165834166,0.9750582019196735,0.9841615670761399,0.97002997002997,True,1001,10000,0.39259319996926934,0.013756299973465502,65,False,False,False
locked,locked_harder_holdout,holdout_bin_6,issue23_locked_leave_one_bin_local_calibration,DevNet_like_MLP,devnet_like_mlp,DevNet-like MLP,P0_raw_train_id_threshold,False,False,mlp_h16_alpha001,50,heldout_47_51,selected_source_rich_top64,64,kcenter,32,0.01,id_calib_only_1pct,0.005051736114546662,0.97002997002997,0.6541,0.01,0.65,0.9578517982017981,0.6783107911333554,0.5440162852223154,0.3076923076923077,False,1001,10000,0.8014188000233844,0.011612700007390231,1057,False,False,False
locked,locked_harder_holdout,holdout_bin_6,issue23_locked_leave_one_bin_local_calibration,DevNet_like_MLP,devnet_like_mlp,DevNet-like MLP,P1_raw_train_oodval_threshold,False,True,mlp_h16_alpha001,50,heldout_47_51,selected_source_rich_top64,64,kcenter,32,0.01,id_calib_plus_ood_val_guarded_1pct,0.9925933039933443,0.4005994005994006,0.0147,0.0,0.01,0.9578517982017981,0.6783107911333554,0.5440162852223154,0.3076923076923077,False,1001,10000,0.730929900018964,0.012584500014781952,1057,False,False,False
locked,locked_harder_holdout,holdout_bin_6,issue23_locked_leave_one_bin_local_calibration,DevNet_like_MLP,devnet_like_mlp,DevNet-like MLP,P2_guarded_train_id_threshold,True,False,mlp_h16_alpha001,50,heldout_47_51,selected_source_rich_top64,64,kcenter,32,0.01,id_calib_only_1pct,0.003715650707017632,0.97002997002997,0.0101,0.01,0.0025,0.9910567432567432,0.9847253133853265,0.9807227947931465,0.97002997002997,False,1001,10000,1.282463599985931,0.01475530001334846,1057,False,False,False
locked,locked_harder_holdout,holdout_bin_6,issue23_locked_leave_one_bin_local_calibration,DevNet_like_MLP,devnet_like_mlp,DevNet-like MLP,P3_full_lowguard,True,True,mlp_h16_alpha001,50,heldout_47_51,selected_source_rich_top64,64,kcenter,32,0.01,id_calib_plus_ood_val_guarded_1pct,0.003720669462170916,0.97002997002997,0.0101,0.01,0.0025,0.9910567432567432,0.9847253133853265,0.9807227947931465,0.97002997002997,False,1001,10000,1.2244988000020385,0.012289399979636073,1057,False,False,False
locked,locked_harder_holdout,holdout_bin_6,issue23_locked_leave_one_bin_local_calibration,HistGB_shallow,histgb,HistGB shallow,P0_raw_train_id_threshold,False,False,histgb_depth2_iter50_lr005,50,heldout_47_51,selected_source_rich_top64,64,kcenter,32,0.01,id_calib_only_1pct,0.000899173881310093,0.97002997002997,0.5682,0.0088,0.5595,0.9581627872127872,0.8784332033058085,0.8670274449168922,0.7432567432567433,False,1001,10000,0.13357330003054813,0.018994699988979846,50,False,False,False
locked,locked_harder_holdout,holdout_bin_6,issue23_locked_leave_one_bin_local_calibration,HistGB_shallow,histgb,HistGB shallow,P1_raw_train_oodval_threshold,False,True,histgb_depth2_iter50_lr005,50,heldout_47_51,selected_source_rich_top64,64,kcenter,32,0.01,id_calib_plus_ood_val_guarded_1pct,0.1314112271168826,0.7432567432567433,0.0009,0.0,0.001,0.9581627872127872,0.8784332033058085,0.8670274449168922,0.7432567432567433,True,1001,10000,0.11188660003244877,0.01854530000127852,50,False,False,False
locked,locked_harder_holdout,holdout_bin_6,issue23_locked_leave_one_bin_local_calibration,HistGB_shallow,histgb,HistGB shallow,P2_guarded_train_id_threshold,True,False,histgb_depth3_iter50_lr005,50,heldout_47_51,selected_source_rich_top64,64,kcenter,32,0.01,id_calib_only_1pct,0.0018060689839308251,0.4905094905094905,0.0165,0.0082,0.017,0.682352997002997,0.5826541180404758,0.7402438265252336,0.4835164835164835,False,1001,10000,0.1306891999556683,0.01050019997637719,50,False,False,False
locked,locked_harder_holdout,holdout_bin_6,issue23_locked_leave_one_bin_local_calibration,HistGB_shallow,histgb,HistGB shallow,P3_full_lowguard,True,True,histgb_depth3_iter50_lr005,50,heldout_47_51,selected_source_rich_top64,64,kcenter,32,0.01,id_calib_plus_ood_val_guarded_1pct,0.002333987355623137,0.4835164835164835,0.0087,0.0076,0.0075,0.682352997002997,0.5826541180404758,0.7402438265252336,0.4835164835164835,True,1001,10000,0.12484679999761283,0.011712800012901425,50,False,False,False
locked,locked_harder_holdout,holdout_bin_6,issue23_locked_leave_one_bin_local_calibration,DeepSAD_like_center,deepsad_like_center,DeepSAD-like center,P0_raw_train_id_threshold,False,False,center_lambda0,50,heldout_47_51,selected_source_rich_top64,64,kcenter,32,0.01,id_calib_only_1pct,368.79646148681667,0.02197802197802198,0.2735,0.01,0.267,0.37769300699300695,0.06758459511046826,0.49748743718592964,0.0,False,1001,10000,0.00783469999441877,0.012821700016502291,128,False,False,False
locked,locked_harder_holdout,holdout_bin_6,issue23_locked_leave_one_bin_local_calibration,DeepSAD_like_center,deepsad_like_center,DeepSAD-like center,P1_raw_train_oodval_threshold,False,True,center_lambda0,50,heldout_47_51,selected_source_rich_top64,64,kcenter,32,0.01,id_calib_plus_ood_val_guarded_1pct,16521.819063964842,0.0,0.0082,0.0,0.01,0.37769300699300695,0.06758459511046826,0.49748743718592964,0.0,True,1001,10000,0.009404100012034178,0.011656099988613278,128,False,False,False
locked,locked_harder_holdout,holdout_bin_6,issue23_locked_leave_one_bin_local_calibration,DeepSAD_like_center,deepsad_like_center,DeepSAD-like center,P2_guarded_train_id_threshold,True,False,center_lambda2,50,heldout_47_51,selected_source_rich_top64,64,kcenter,32,0.01,id_calib_only_1pct,508.5985983276374,0.14585414585414586,0.0282,0.01,0.022,0.8431129870129871,0.2892304399423139,0.5160266868809582,0.07492507492507493,False,1001,10000,0.019752099993638694,0.011358299991115928,128,False,False,False
locked,locked_harder_holdout,holdout_bin_6,issue23_locked_leave_one_bin_local_calibration,DeepSAD_like_center,deepsad_like_center,DeepSAD-like center,P3_full_lowguard,True,True,center_lambda1,50,heldout_47_51,selected_source_rich_top64,64,kcenter,32,0.01,id_calib_plus_ood_val_guarded_1pct,475.02895481109385,0.04795204795204795,0.0114,0.0014,0.01,0.8434322677322676,0.2737685617120198,0.501583843292386,0.03596403596403597,False,1001,10000,0.016576900030486286,0.010485800041351467,128,False,False,False
locked,locked_harder_holdout,holdout_bin_6,issue23_locked_leave_one_bin_local_calibration,Prototype_metric_LR,prototype_metric_lr,Prototype / metric LR,P0_raw_train_id_threshold,False,False,prototype_metric_lr_C1,50,heldout_47_51,selected_source_rich_top64,64,kcenter,32,0.01,id_calib_only_1pct,2.9399354158459907,0.18081918081918083,0.0474,0.01,0.0455,0.7193837162837163,0.22370052447466843,0.4977083218289248,0.003996003996003996,False,1001,10000,0.010926600021775812,0.0073308999999426305,132,False,False,False
locked,locked_harder_holdout,holdout_bin_6,issue23_locked_leave_one_bin_local_calibration,Prototype_metric_LR,prototype_metric_lr,Prototype / metric LR,P1_raw_train_oodval_threshold,False,True,prototype_metric_lr_C1,50,heldout_47_51,selected_source_rich_top64,64,kcenter,32,0.01,id_calib_plus_ood_val_guarded_1pct,3.4204838029339006,0.000999000999000999,0.0079,0.0,0.01,0.7193837162837163,0.22370052447466843,0.4977083218289248,0.003996003996003996,True,1001,10000,0.008991000009700656,0.007963099982589483,132,False,False,False
locked,locked_harder_holdout,holdout_bin_6,issue23_locked_leave_one_bin_local_calibration,Prototype_metric_LR,prototype_metric_lr,Prototype / metric LR,P2_guarded_train_id_threshold,True,False,prototype_metric_lr_C1,50,heldout_47_51,selected_source_rich_top64,64,kcenter,32,0.01,id_calib_only_1pct,2.0464378371798153,0.2827172827172827,0.0094,0.01,0.007,0.944257842157842,0.5641413077942389,0.5255699074794552,0.3206793206793207,True,1001,10000,0.02968380000675097,0.011363300029188395,198,False,False,False
locked,locked_harder_holdout,holdout_bin_6,issue23_locked_leave_one_bin_local_calibration,Prototype_metric_LR,prototype_metric_lr,Prototype / metric LR,P3_full_lowguard,True,True,prototype_metric_lr_C1,50,heldout_47_51,selected_source_rich_top64,64,kcenter,32,0.01,id_calib_plus_ood_val_guarded_1pct,2.0465160722122233,0.2827172827172827,0.0094,0.0098,0.007,0.944257842157842,0.5641413077942389,0.5255699074794552,0.3206793206793207,True,1001,10000,0.024011700006667525,0.010345700022298843,198,False,False,False
locked,locked_harder_holdout,holdout_bin_6,issue23_locked_leave_one_bin_local_calibration,RFF_Logistic,rff_logistic,RFF Logistic optional,P0_raw_train_id_threshold,False,False,rff128_gamma1_C1,50,heldout_47_51,selected_source_rich_top64,64,kcenter,32,0.01,id_calib_only_1pct,2.697967300027452,0.01998001998001998,0.0129,0.01,0.0135,0.5105756243756244,0.0976322568162088,0.5009061290468325,0.013986013986013986,False,1001,10000,0.204522599990014,0.026626300008501858,8321,False,False,False
locked,locked_harder_holdout,holdout_bin_6,issue23_locked_leave_one_bin_local_calibration,RFF_Logistic,rff_logistic,RFF Logistic optional,P1_raw_train_oodval_threshold,False,True,rff256_gamma01_C1,50,heldout_47_51,selected_source_rich_top64,64,kcenter,32,0.01,id_calib_plus_ood_val_guarded_1pct,1.7384231308703848,0.01898101898101898,0.0114,0.0006,0.01,0.5119248751248751,0.10217121934467714,0.5026230051355679,0.016983016983016984,False,1001,10000,0.38658160000341013,0.04973789997166023,16641,False,False,False
locked,locked_harder_holdout,holdout_bin_6,issue23_locked_leave_one_bin_local_calibration,RFF_Logistic,rff_logistic,RFF Logistic optional,P2_guarded_train_id_threshold,True,False,rff256_gamma01_C1,50,heldout_47_51,selected_source_rich_top64,64,kcenter,32,0.01,id_calib_only_1pct,-0.16415956430632464,0.18081918081918083,0.0057,0.01,0.004,0.8461736263736264,0.4839179323890178,0.5734265734265734,0.21678321678321677,True,1001,10000,1.2668133999686688,0.0575232999981381,16641,False,False,False
locked,locked_harder_holdout,holdout_bin_6,issue23_locked_leave_one_bin_local_calibration,RFF_Logistic,rff_logistic,RFF Logistic optional,P3_full_lowguard,True,True,rff256_gamma01_C1,50,heldout_47_51,selected_source_rich_top64,64,kcenter,32,0.01,id_calib_plus_ood_val_guarded_1pct,-0.16377224024767298,0.18081918081918083,0.0057,0.01,0.004,0.8461736263736264,0.4839179323890178,0.5734265734265734,0.21678321678321677,True,1001,10000,1.1089758000453003,0.041268100030720234,16641,False,False,False
locked,locked_harder_holdout,holdout_bin_6,issue23_locked_leave_one_bin_local_calibration,LOW_GUARD_LR_reference,lr,LOW-GUARD-LR reference,P0_raw_train_id_threshold,False,False,lr_C1,51,heldout_47_51,selected_source_rich_top64,64,kcenter,32,0.01,id_calib_only_1pct,-4.95452261717315,0.97002997002997,0.5139,0.01,0.5065,0.931433166833167,0.450917408095004,0.49748743718592964,0.0,False,1001,10000,0.16434250003658235,0.014530699991155416,65,False,False,False
locked,locked_harder_holdout,holdout_bin_6,issue23_locked_leave_one_bin_local_calibration,LOW_GUARD_LR_reference,lr,LOW-GUARD-LR reference,P1_raw_train_oodval_threshold,False,True,lr_C1,51,heldout_47_51,selected_source_rich_top64,64,kcenter,32,0.01,id_calib_plus_ood_val_guarded_1pct,52.262188785100285,0.0,0.0082,0.0,0.01,0.931433166833167,0.450917408095004,0.49748743718592964,0.0,True,1001,10000,0.15379730000859126,0.01635559997521341,65,False,False,False
locked,locked_harder_holdout,holdout_bin_6,issue23_locked_leave_one_bin_local_calibration,LOW_GUARD_LR_reference,lr,LOW-GUARD-LR reference,P2_guarded_train_id_threshold,True,False,lr_C1,51,heldout_47_51,selected_source_rich_top64,64,kcenter,32,0.01,id_calib_only_1pct,-4.124305740106003,0.97002997002997,0.0046,0.01,0.0005,0.9826834165834166,0.9750582019196735,0.9841615670761399,0.97002997002997,True,1001,10000,0.38486659998307005,0.016469900030642748,65,False,False,False
locked,locked_harder_holdout,holdout_bin_6,issue23_locked_leave_one_bin_local_calibration,LOW_GUARD_LR_reference,lr,LOW-GUARD-LR reference,P3_full_lowguard,True,True,lr_C1,51,heldout_47_51,selected_source_rich_top64,64,kcenter,32,0.01,id_calib_plus_ood_val_guarded_1pct,-4.118561382207412,0.97002997002997,0.0045,0.01,0.0005,0.9826834165834166,0.9750582019196735,0.9841615670761399,0.97002997002997,True,1001,10000,0.48096559999976307,0.012465599982533604,65,False,False,False
locked,locked_harder_holdout,holdout_bin_6,issue23_locked_leave_one_bin_local_calibration,DevNet_like_MLP,devnet_like_mlp,DevNet-like MLP,P0_raw_train_id_threshold,False,False,mlp_h8_alpha001,51,heldout_47_51,selected_source_rich_top64,64,kcenter,32,0.01,id_calib_only_1pct,0.005003798860125246,0.967032967032967,0.3478,0.01,0.3335,0.9577653346653346,0.8396885696072967,0.734953488722333,0.7222777222777222,False,1001,10000,1.2394156000227667,0.010835599969141185,529,False,False,False
locked,locked_harder_holdout,holdout_bin_6,issue23_locked_leave_one_bin_local_calibration,DevNet_like_MLP,devnet_like_mlp,DevNet-like MLP,P1_raw_train_oodval_threshold,False,True,mlp_h8_alpha001,51,heldout_47_51,selected_source_rich_top64,64,kcenter,32,0.01,id_calib_plus_ood_val_guarded_1pct,0.3759738939404442,0.8191808191808192,0.0158,0.0,0.01,0.9577653346653346,0.8396885696072967,0.734953488722333,0.7222777222777222,False,1001,10000,1.4971314000431448,0.012321999995037913,529,False,False,False
locked,locked_harder_holdout,holdout_bin_6,issue23_locked_leave_one_bin_local_calibration,DevNet_like_MLP,devnet_like_mlp,DevNet-like MLP,P2_guarded_train_id_threshold,True,False,mlp_h16_alpha001,51,heldout_47_51,selected_source_rich_top64,64,kcenter,32,0.01,id_calib_only_1pct,0.0037154848361387986,0.97002997002997,0.0056,0.01,0.0005,0.989951148851149,0.9830378992950309,0.9821836455002284,0.97002997002997,True,1001,10000,1.4796063000103459,0.015446699981112033,1057,False,False,False
locked,locked_harder_holdout,holdout_bin_6,issue23_locked_leave_one_bin_local_calibration,DevNet_like_MLP,devnet_like_mlp,DevNet-like MLP,P3_full_lowguard,True,True,mlp_h16_alpha001,51,heldout_47_51,selected_source_rich_top64,64,kcenter,32,0.01,id_calib_plus_ood_val_guarded_1pct,0.0037309236006113126,0.97002997002997,0.0056,0.01,0.0005,0.989951148851149,0.9830378992950309,0.9821836455002284,0.97002997002997,True,1001,10000,1.382772000040859,0.009981300041545182,1057,False,False,False
locked,locked_harder_holdout,holdout_bin_6,issue23_locked_leave_one_bin_local_calibration,HistGB_shallow,histgb,HistGB shallow,P0_raw_train_id_threshold,False,False,histgb_depth2_iter50_lr005,51,heldout_47_51,selected_source_rich_top64,64,kcenter,32,0.01,id_calib_only_1pct,0.000899173881310093,0.97002997002997,0.5682,0.0088,0.5595,0.9581627872127872,0.8784332033058085,0.8670274449168922,0.7432567432567433,False,1001,10000,0.11329900001874194,0.01760889997240156,50,False,False,False
locked,locked_harder_holdout,holdout_bin_6,issue23_locked_leave_one_bin_local_calibration,HistGB_shallow,histgb,HistGB shallow,P1_raw_train_oodval_threshold,False,True,histgb_depth2_iter50_lr005,51,heldout_47_51,selected_source_rich_top64,64,kcenter,32,0.01,id_calib_plus_ood_val_guarded_1pct,0.1314112271168826,0.7432567432567433,0.0009,0.0,0.001,0.9581627872127872,0.8784332033058085,0.8670274449168922,0.7432567432567433,True,1001,10000,0.11577109998324886,0.02019300003303215,50,False,False,False
locked,locked_harder_holdout,holdout_bin_6,issue23_locked_leave_one_bin_local_calibration,HistGB_shallow,histgb,HistGB shallow,P2_guarded_train_id_threshold,True,False,histgb_depth2_iter50_lr005,51,heldout_47_51,selected_source_rich_top64,64,kcenter,32,0.01,id_calib_only_1pct,0.0001384815860078446,0.9790209790209791,0.0778,0.0052,0.068,0.9958466533466532,0.9808111494821424,0.9812448857674987,0.97002997002997,False,1001,10000,0.1849744000355713,0.021210999984759837,50,False,False,False
locked,locked_harder_holdout,holdout_bin_6,issue23_locked_leave_one_bin_local_calibration,HistGB_shallow,histgb,HistGB shallow,P3_full_lowguard,True,True,histgb_depth2_iter50_lr005,51,heldout_47_51,selected_source_rich_top64,64,kcenter,32,0.01,id_calib_plus_ood_val_guarded_1pct,0.00038946573153565575,0.97002997002997,0.012,0.004,0.01,0.9958466533466532,0.9808111494821424,0.9812448857674987,0.97002997002997,False,1001,10000,0.1718512999941595,0.01914710004348308,50,False,False,False
locked,locked_harder_holdout,holdout_bin_6,issue23_locked_leave_one_bin_local_calibration,DeepSAD_like_center,deepsad_like_center,DeepSAD-like center,P0_raw_train_id_threshold,False,False,center_lambda0,51,heldout_47_51,selected_source_rich_top64,64,kcenter,32,0.01,id_calib_only_1pct,368.79646148681667,0.02197802197802198,0.2735,0.01,0.267,0.37769300699300695,0.06758459511046826,0.49748743718592964,0.0,False,1001,10000,0.008555300009902567,0.010333099984563887,128,False,False,False
locked,locked_harder_holdout,holdout_bin_6,issue23_locked_leave_one_bin_local_calibration,DeepSAD_like_center,deepsad_like_center,DeepSAD-like center,P1_raw_train_oodval_threshold,False,True,center_lambda0,51,heldout_47_51,selected_source_rich_top64,64,kcenter,32,0.01,id_calib_plus_ood_val_guarded_1pct,16521.819063964842,0.0,0.0082,0.0,0.01,0.37769300699300695,0.06758459511046826,0.49748743718592964,0.0,True,1001,10000,0.008360400039236993,0.00912390003213659,128,False,False,False
locked,locked_harder_holdout,holdout_bin_6,issue23_locked_leave_one_bin_local_calibration,DeepSAD_like_center,deepsad_like_center,DeepSAD-like center,P2_guarded_train_id_threshold,True,False,center_lambda2,51,heldout_47_51,selected_source_rich_top64,64,kcenter,32,0.01,id_calib_only_1pct,508.5985983276374,0.14585414585414586,0.0282,0.01,0.022,0.8431129870129871,0.2892304399423139,0.5160266868809582,0.07492507492507493,False,1001,10000,0.015898700046818703,0.009985700016841292,128,False,False,False
locked,locked_harder_holdout,holdout_bin_6,issue23_locked_leave_one_bin_local_calibration,DeepSAD_like_center,deepsad_like_center,DeepSAD-like center,P3_full_lowguard,True,True,center_lambda1,51,heldout_47_51,selected_source_rich_top64,64,kcenter,32,0.01,id_calib_plus_ood_val_guarded_1pct,475.02895481109385,0.04795204795204795,0.0114,0.0014,0.01,0.8434322677322676,0.2737685617120198,0.501583843292386,0.03596403596403597,False,1001,10000,0.01915740000549704,0.009262399980798364,128,False,False,False
locked,locked_harder_holdout,holdout_bin_6,issue23_locked_leave_one_bin_local_calibration,Prototype_metric_LR,prototype_metric_lr,Prototype / metric LR,P0_raw_train_id_threshold,False,False,prototype_metric_lr_C1,51,heldout_47_51,selected_source_rich_top64,64,kcenter,32,0.01,id_calib_only_1pct,2.9399354158459907,0.18081918081918083,0.0474,0.01,0.0455,0.7193837162837163,0.22370052447466843,0.4977083218289248,0.003996003996003996,False,1001,10000,0.009818299964535981,0.010718600009568036,132,False,False,False
locked,locked_harder_holdout,holdout_bin_6,issue23_locked_leave_one_bin_local_calibration,Prototype_metric_LR,prototype_metric_lr,Prototype / metric LR,P1_raw_train_oodval_threshold,False,True,prototype_metric_lr_C1,51,heldout_47_51,selected_source_rich_top64,64,kcenter,32,0.01,id_calib_plus_ood_val_guarded_1pct,3.4204838029339006,0.000999000999000999,0.0079,0.0,0.01,0.7193837162837163,0.22370052447466843,0.4977083218289248,0.003996003996003996,True,1001,10000,0.00891929998761043,0.006720400007907301,132,False,False,False
locked,locked_harder_holdout,holdout_bin_6,issue23_locked_leave_one_bin_local_calibration,Prototype_metric_LR,prototype_metric_lr,Prototype / metric LR,P2_guarded_train_id_threshold,True,False,prototype_metric_lr_C1,51,heldout_47_51,selected_source_rich_top64,64,kcenter,32,0.01,id_calib_only_1pct,2.0464378371798153,0.2827172827172827,0.0094,0.01,0.007,0.944257842157842,0.5641413077942389,0.5255699074794552,0.3206793206793207,True,1001,10000,0.021395299991127104,0.011590799957048148,198,False,False,False
locked,locked_harder_holdout,holdout_bin_6,issue23_locked_leave_one_bin_local_calibration,Prototype_metric_LR,prototype_metric_lr,Prototype / metric LR,P3_full_lowguard,True,True,prototype_metric_lr_C1,51,heldout_47_51,selected_source_rich_top64,64,kcenter,32,0.01,id_calib_plus_ood_val_guarded_1pct,2.0465160722122233,0.2827172827172827,0.0094,0.0098,0.007,0.944257842157842,0.5641413077942389,0.5255699074794552,0.3206793206793207,True,1001,10000,0.023033600009512156,0.010777999996207654,198,False,False,False
locked,locked_harder_holdout,holdout_bin_6,issue23_locked_leave_one_bin_local_calibration,RFF_Logistic,rff_logistic,RFF Logistic optional,P0_raw_train_id_threshold,False,False,rff256_gamma1_C1,51,heldout_47_51,selected_source_rich_top64,64,kcenter,32,0.01,id_calib_only_1pct,1.197237255331211,0.015984015984015984,0.0131,0.01,0.0145,0.5439188811188811,0.10240435877059129,0.49962098203304234,0.008991008991008992,False,1001,10000,0.349675000004936,0.03972279996378347,16641,False,False,False
locked,locked_harder_holdout,holdout_bin_6,issue23_locked_leave_one_bin_local_calibration,RFF_Logistic,rff_logistic,RFF Logistic optional,P1_raw_train_oodval_threshold,False,True,rff128_gamma01_C1,51,heldout_47_51,selected_source_rich_top64,64,kcenter,32,0.01,id_calib_plus_ood_val_guarded_1pct,4.869670644706039,0.02197802197802198,0.0148,0.0002,0.01,0.4894307692307692,0.09822317821715335,0.5042595595359415,0.01998001998001998,False,1001,10000,0.16563080000923946,0.023888800002168864,8321,False,False,False
locked,locked_harder_holdout,holdout_bin_6,issue23_locked_leave_one_bin_local_calibration,RFF_Logistic,rff_logistic,RFF Logistic optional,P2_guarded_train_id_threshold,True,False,rff256_gamma01_C1,51,heldout_47_51,selected_source_rich_top64,64,kcenter,32,0.01,id_calib_only_1pct,-0.297589827258722,0.2827172827172827,0.006,0.01,0.0045,0.8323215784215784,0.5430338881713296,0.6064689079764456,0.33766233766233766,True,1001,10000,0.8568486000294797,0.03481469996040687,16641,False,False,False
locked,locked_harder_holdout,holdout_bin_6,issue23_locked_leave_one_bin_local_calibration,RFF_Logistic,rff_logistic,RFF Logistic optional,P3_full_lowguard,True,True,rff256_gamma01_C1,51,heldout_47_51,selected_source_rich_top64,64,kcenter,32,0.01,id_calib_plus_ood_val_guarded_1pct,-0.2923832514073909,0.2827172827172827,0.006,0.0098,0.0045,0.8323215784215784,0.5430338881713296,0.6064689079764456,0.33766233766233766,True,1001,10000,0.8935912000015378,0.04050559998722747,16641,False,False,False
locked,locked_harder_holdout,holdout_bin_7,issue23_locked_leave_one_bin_local_calibration,LOW_GUARD_LR_reference,lr,LOW-GUARD-LR reference,P0_raw_train_id_threshold,False,False,lr_C1,42,main_42_46,selected_source_rich_top64,64,kcenter,32,0.01,id_calib_only_1pct,-4.744701776455586,0.9780893952673094,0.4475,0.01,0.438,0.9433900964066609,0.5129007480695674,0.49748743718592964,0.0,False,1141,10000,0.12179549998836592,0.01303530001314357,65,False,False,False
locked,locked_harder_holdout,holdout_bin_7,issue23_locked_leave_one_bin_local_calibration,LOW_GUARD_LR_reference,lr,LOW-GUARD-LR reference,P1_raw_train_oodval_threshold,False,True,lr_C1,42,main_42_46,selected_source_rich_top64,64,kcenter,32,0.01,id_calib_plus_ood_val_guarded_1pct,71.18712401964892,0.0,0.0079,0.0,0.01,0.9433900964066609,0.5129007480695674,0.49748743718592964,0.0,True,1141,10000,0.15136230003554374,0.013170299993362278,65,False,False,False
locked,locked_harder_holdout,holdout_bin_7,issue23_locked_leave_one_bin_local_calibration,LOW_GUARD_LR_reference,lr,LOW-GUARD-LR reference,P2_guarded_train_id_threshold,True,False,lr_C1,42,main_42_46,selected_source_rich_top64,64,kcenter,32,0.01,id_calib_only_1pct,-4.0700932965742265,0.9780893952673094,0.0041,0.01,0.0015,0.9819418054338301,0.9804776193977849,0.9873292844591053,0.9780893952673094,True,1141,10000,0.36196389998076484,0.01075050001963973,65,False,False,False
locked,locked_harder_holdout,holdout_bin_7,issue23_locked_leave_one_bin_local_calibration,LOW_GUARD_LR_reference,lr,LOW-GUARD-LR reference,P3_full_lowguard,True,True,lr_C1,42,main_42_46,selected_source_rich_top64,64,kcenter,32,0.01,id_calib_plus_ood_val_guarded_1pct,-4.067457114802276,0.9780893952673094,0.0041,0.01,0.0015,0.9819418054338301,0.9804776193977849,0.9873292844591053,0.9780893952673094,True,1141,10000,0.37682450003921986,0.009736399981193244,65,False,False,False
locked,locked_harder_holdout,holdout_bin_7,issue23_locked_leave_one_bin_local_calibration,DevNet_like_MLP,devnet_like_mlp,DevNet-like MLP,P0_raw_train_id_threshold,False,False,mlp_h8_alpha001,42,main_42_46,selected_source_rich_top64,64,kcenter,32,0.01,id_calib_only_1pct,0.0070628724200651255,0.9780893952673094,0.2642,0.01,0.266,0.9803999561787905,0.9479754935175794,0.9042847894159667,0.9745836985100789,False,1141,10000,0.8715398000204004,0.014124299981631339,529,False,False,False
locked,locked_harder_holdout,holdout_bin_7,issue23_locked_leave_one_bin_local_calibration,DevNet_like_MLP,devnet_like_mlp,DevNet-like MLP,P1_raw_train_oodval_threshold,False,True,mlp_h8_alpha001,42,main_42_46,selected_source_rich_top64,64,kcenter,32,0.01,id_calib_plus_ood_val_guarded_1pct,0.10041258311271666,0.9780893952673094,0.019,0.0004,0.0095,0.9803999561787905,0.9479754935175794,0.9042847894159667,0.9745836985100789,False,1141,10000,0.8464465999859385,0.009706999990157783,529,False,False,False
locked,locked_harder_holdout,holdout_bin_7,issue23_locked_leave_one_bin_local_calibration,DevNet_like_MLP,devnet_like_mlp,DevNet-like MLP,P2_guarded_train_id_threshold,True,False,mlp_h16_alpha001,42,main_42_46,selected_source_rich_top64,64,kcenter,32,0.01,id_calib_only_1pct,0.0043062829365953835,0.9561787905346187,0.0091,0.01,0.0045,0.9914914986853638,0.9811386036337545,0.9571212768487486,0.9623137598597721,True,1141,10000,1.2302579000242986,0.012138399994000793,1057,False,False,False
locked,locked_harder_holdout,holdout_bin_7,issue23_locked_leave_one_bin_local_calibration,DevNet_like_MLP,devnet_like_mlp,DevNet-like MLP,P3_full_lowguard,True,True,mlp_h16_alpha001,42,main_42_46,selected_source_rich_top64,64,kcenter,32,0.01,id_calib_plus_ood_val_guarded_1pct,0.004337776404805471,0.9553023663453112,0.0091,0.0098,0.0045,0.9914914986853638,0.9811386036337545,0.9571212768487486,0.9623137598597721,True,1141,10000,1.2684755000518635,0.010027199983596802,1057,False,False,False
locked,locked_harder_holdout,holdout_bin_7,issue23_locked_leave_one_bin_local_calibration,HistGB_shallow,histgb,HistGB shallow,P0_raw_train_id_threshold,False,False,histgb_depth2_iter50_lr005,42,main_42_46,selected_source_rich_top64,64,kcenter,32,0.01,id_calib_only_1pct,0.001303223995537485,0.9894829097283085,0.5841,0.0056,0.57,0.9680571428571428,0.9257092794010899,0.9349067863418759,0.8773006134969326,False,1141,10000,0.12854999996488914,0.018157400016207248,50,False,False,False
locked,locked_harder_holdout,holdout_bin_7,issue23_locked_leave_one_bin_local_calibration,HistGB_shallow,histgb,HistGB shallow,P1_raw_train_oodval_threshold,False,True,histgb_depth2_iter50_lr005,42,main_42_46,selected_source_rich_top64,64,kcenter,32,0.01,id_calib_plus_ood_val_guarded_1pct,0.1542314507081906,0.880806310254163,0.013,0.0,0.0085,0.9680571428571428,0.9257092794010899,0.9349067863418759,0.8773006134969326,False,1141,10000,0.13727710000239313,0.016671599994879216,50,False,False,False
locked,locked_harder_holdout,holdout_bin_7,issue23_locked_leave_one_bin_local_calibration,HistGB_shallow,histgb,HistGB shallow,P2_guarded_train_id_threshold,True,False,histgb_depth2_iter50_lr005,42,main_42_46,selected_source_rich_top64,64,kcenter,32,0.01,id_calib_only_1pct,0.0028315114229812526,0.8536371603856266,0.0091,0.0086,0.0085,0.904827782646801,0.8981018937450578,0.9264772592145654,0.8545135845749343,True,1141,10000,0.12675659998785704,0.013374799978919327,50,False,False,False
locked,locked_harder_holdout,holdout_bin_7,issue23_locked_leave_one_bin_local_calibration,HistGB_shallow,histgb,HistGB shallow,P3_full_lowguard,True,True,histgb_depth2_iter50_lr005,42,main_42_46,selected_source_rich_top64,64,kcenter,32,0.01,id_calib_plus_ood_val_guarded_1pct,0.0028315114229812526,0.8536371603856266,0.0091,0.0086,0.0085,0.904827782646801,0.8981018937450578,0.9264772592145654,0.8545135845749343,True,1141,10000,0.1433858000091277,0.010453999973833561,50,False,False,False
locked,locked_harder_holdout,holdout_bin_7,issue23_locked_leave_one_bin_local_calibration,DeepSAD_like_center,deepsad_like_center,DeepSAD-like center,P0_raw_train_id_threshold,False,False,center_lambda1,42,main_42_46,selected_source_rich_top64,64,kcenter,32,0.01,id_calib_only_1pct,887.5596948242189,0.1691498685363716,0.2553,0.01,0.2475,0.5171007887817705,0.10039320940605516,0.49748743718592964,0.0,False,1141,10000,0.010001999966334552,0.01115649996791035,128,False,False,False
locked,locked_harder_holdout,holdout_bin_7,issue23_locked_leave_one_bin_local_calibration,DeepSAD_like_center,deepsad_like_center,DeepSAD-like center,P1_raw_train_oodval_threshold,False,True,center_lambda0,42,main_42_46,selected_source_rich_top64,64,kcenter,32,0.01,id_calib_plus_ood_val_guarded_1pct,16419.762357910156,0.0,0.008,0.0,0.01,0.4013563540753725,0.07928603766250854,0.49748743718592964,0.0,True,1141,10000,0.009127600002102554,0.010895600018557161,128,False,False,False
locked,locked_harder_holdout,holdout_bin_7,issue23_locked_leave_one_bin_local_calibration,DeepSAD_like_center,deepsad_like_center,DeepSAD-like center,P2_guarded_train_id_threshold,True,False,center_lambda1,42,main_42_46,selected_source_rich_top64,64,kcenter,32,0.01,id_calib_only_1pct,581.1203491210939,0.010517090271691499,0.0105,0.01,0.0135,0.8853808939526732,0.3611584044921952,0.499121373739865,0.010517090271691499,False,1141,10000,0.018803899991326034,0.010734000010415912,128,False,False,False
locked,locked_harder_holdout,holdout_bin_7,issue23_locked_leave_one_bin_local_calibration,DeepSAD_like_center,deepsad_like_center,DeepSAD-like center,P3_full_lowguard,True,True,center_lambda0,42,main_42_46,selected_source_rich_top64,64,kcenter,32,0.01,id_calib_plus_ood_val_guarded_1pct,364.81915180969236,0.0017528483786152498,0.0053,0.0008,0.0095,0.8911356704645049,0.36773591393333505,0.4981436542924967,0.0017528483786152498,True,1141,10000,0.01848450000397861,0.011022399994544685,128,False,False,False
locked,locked_harder_holdout,holdout_bin_7,issue23_locked_leave_one_bin_local_calibration,Prototype_metric_LR,prototype_metric_lr,Prototype / metric LR,P0_raw_train_id_threshold,False,False,prototype_metric_lr_C1,42,main_42_46,selected_source_rich_top64,64,kcenter,32,0.01,id_calib_only_1pct,3.4524739660883355,0.016652059596844872,0.0175,0.01,0.0135,0.5777914110429447,0.1461513543126961,0.4978970223598272,0.008764241893076249,False,1141,10000,0.010711800015997142,0.007259199977852404,132,False,False,False
locked,locked_harder_holdout,holdout_bin_7,issue23_locked_leave_one_bin_local_calibration,Prototype_metric_LR,prototype_metric_lr,Prototype / metric LR,P1_raw_train_oodval_threshold,False,True,prototype_metric_lr_C1,42,main_42_46,selected_source_rich_top64,64,kcenter,32,0.01,id_calib_plus_ood_val_guarded_1pct,3.7116449877360553,0.0,0.0074,0.0,0.01,0.5777914110429447,0.1461513543126961,0.4978970223598272,0.008764241893076249,True,1141,10000,0.009880599973257631,0.007172800018452108,132,False,False,False
locked,locked_harder_holdout,holdout_bin_7,issue23_locked_leave_one_bin_local_calibration,Prototype_metric_LR,prototype_metric_lr,Prototype / metric LR,P2_guarded_train_id_threshold,True,False,prototype_metric_lr_C1,42,main_42_46,selected_source_rich_top64,64,kcenter,32,0.01,id_calib_only_1pct,2.226532485162095,0.4636283961437336,0.0176,0.01,0.018,0.9642354951796669,0.6826007325160028,0.5463557929877256,0.27607361963190186,False,1141,10000,0.02248320000944659,0.013780100038275123,198,False,False,False
locked,locked_harder_holdout,holdout_bin_7,issue23_locked_leave_one_bin_local_calibration,Prototype_metric_LR,prototype_metric_lr,Prototype / metric LR,P3_full_lowguard,True,True,prototype_metric_lr_C1,42,main_42_46,selected_source_rich_top64,64,kcenter,32,0.01,id_calib_plus_ood_val_guarded_1pct,2.9559236673578453,0.28659070990359337,0.0109,0.0,0.01,0.9642354951796669,0.6826007325160028,0.5463557929877256,0.27607361963190186,False,1141,10000,0.02639329998055473,0.011170300014782697,198,False,False,False
locked,locked_harder_holdout,holdout_bin_7,issue23_locked_leave_one_bin_local_calibration,RFF_Logistic,rff_logistic,RFF Logistic optional,P0_raw_train_id_threshold,False,False,rff256_gamma1_C1,42,main_42_46,selected_source_rich_top64,64,kcenter,32,0.01,id_calib_only_1pct,1.073991590199854,0.025416301489921123,0.0331,0.01,0.0375,0.48305390008764243,0.099349265769986,0.5006496108940848,0.011393514460999123,False,1141,10000,0.3803635999793187,0.044973600015509874,16641,False,False,False
locked,locked_harder_holdout,holdout_bin_7,issue23_locked_leave_one_bin_local_calibration,RFF_Logistic,rff_logistic,RFF Logistic optional,P1_raw_train_oodval_threshold,False,True,rff256_gamma01_C1,42,main_42_46,selected_source_rich_top64,64,kcenter,32,0.01,id_calib_plus_ood_val_guarded_1pct,2.1305562705752203,0.020157756354075372,0.0128,0.0004,0.0095,0.5958078878177039,0.12848795627595327,0.49994935237096966,0.013146362839614373,False,1141,10000,0.4138603000319563,0.04018400004133582,16641,False,False,False
locked,locked_harder_holdout,holdout_bin_7,issue23_locked_leave_one_bin_local_calibration,RFF_Logistic,rff_logistic,RFF Logistic optional,P2_guarded_train_id_threshold,True,False,rff256_gamma01_C1,42,main_42_46,selected_source_rich_top64,64,kcenter,32,0.01,id_calib_only_1pct,0.39534142993995086,0.10517090271691498,0.0042,0.01,0.003,0.837098860648554,0.5045561579973028,0.5590397209535848,0.21735319894829097,True,1141,10000,0.9145418000407517,0.04216339997947216,16641,False,False,False
locked,locked_harder_holdout,holdout_bin_7,issue23_locked_leave_one_bin_local_calibration,RFF_Logistic,rff_logistic,RFF Logistic optional,P3_full_lowguard,True,True,rff256_gamma01_C1,42,main_42_46,selected_source_rich_top64,64,kcenter,32,0.01,id_calib_plus_ood_val_guarded_1pct,0.39527969411418856,0.10517090271691498,0.0042,0.01,0.003,0.837098860648554,0.5045561579973028,0.5590397209535848,0.21735319894829097,True,1141,10000,0.9210632999893278,0.046794099966064095,16641,False,False,False
locked,locked_harder_holdout,holdout_bin_7,issue23_locked_leave_one_bin_local_calibration,LOW_GUARD_LR_reference,lr,LOW-GUARD-LR reference,P0_raw_train_id_threshold,False,False,lr_C1,43,main_42_46,selected_source_rich_top64,64,kcenter,32,0.01,id_calib_only_1pct,-4.744701776455586,0.9780893952673094,0.4475,0.01,0.438,0.9433900964066609,0.5129007480695674,0.49748743718592964,0.0,False,1141,10000,0.12832479999633506,0.017156000016257167,65,False,False,False
locked,locked_harder_holdout,holdout_bin_7,issue23_locked_leave_one_bin_local_calibration,LOW_GUARD_LR_reference,lr,LOW-GUARD-LR reference,P1_raw_train_oodval_threshold,False,True,lr_C1,43,main_42_46,selected_source_rich_top64,64,kcenter,32,0.01,id_calib_plus_ood_val_guarded_1pct,71.18712401964892,0.0,0.0079,0.0,0.01,0.9433900964066609,0.5129007480695674,0.49748743718592964,0.0,True,1141,10000,0.14883040002314374,0.013003400003071874,65,False,False,False
locked,locked_harder_holdout,holdout_bin_7,issue23_locked_leave_one_bin_local_calibration,LOW_GUARD_LR_reference,lr,LOW-GUARD-LR reference,P2_guarded_train_id_threshold,True,False,lr_C1,43,main_42_46,selected_source_rich_top64,64,kcenter,32,0.01,id_calib_only_1pct,-4.0700932965742265,0.9780893952673094,0.0041,0.01,0.0015,0.9819418054338301,0.9804776193977849,0.9873292844591053,0.9780893952673094,True,1141,10000,0.38239230000181124,0.013378100004047155,65,False,False,False
locked,locked_harder_holdout,holdout_bin_7,issue23_locked_leave_one_bin_local_calibration,LOW_GUARD_LR_reference,lr,LOW-GUARD-LR reference,P3_full_lowguard,True,True,lr_C1,43,main_42_46,selected_source_rich_top64,64,kcenter,32,0.01,id_calib_plus_ood_val_guarded_1pct,-4.067457114802276,0.9780893952673094,0.0041,0.01,0.0015,0.9819418054338301,0.9804776193977849,0.9873292844591053,0.9780893952673094,True,1141,10000,0.34932560002198443,0.01403069996740669,65,False,False,False
locked,locked_harder_holdout,holdout_bin_7,issue23_locked_leave_one_bin_local_calibration,DevNet_like_MLP,devnet_like_mlp,DevNet-like MLP,P0_raw_train_id_threshold,False,False,mlp_h8_alpha001,43,main_42_46,selected_source_rich_top64,64,kcenter,32,0.01,id_calib_only_1pct,0.0042144590103998895,0.9780893952673094,0.5541,0.01,0.558,0.9527258106923752,0.6049891745355457,0.4981876957090448,0.017528483786152498,False,1141,10000,0.8167770999716595,0.013176599983125925,529,False,False,False
locked,locked_harder_holdout,holdout_bin_7,issue23_locked_leave_one_bin_local_calibration,DevNet_like_MLP,devnet_like_mlp,DevNet-like MLP,P1_raw_train_oodval_threshold,False,True,mlp_h16_alpha001,43,main_42_46,selected_source_rich_top64,64,kcenter,32,0.01,id_calib_plus_ood_val_guarded_1pct,0.42137980080395904,0.9640666082383874,0.0162,0.0,0.01,0.9766863277826469,0.932549224264593,0.8225703451525814,0.9070990359333918,False,1141,10000,0.7678285000147298,0.0168606000370346,1057,False,False,False
locked,locked_harder_holdout,holdout_bin_7,issue23_locked_leave_one_bin_local_calibration,DevNet_like_MLP,devnet_like_mlp,DevNet-like MLP,P2_guarded_train_id_threshold,True,False,mlp_h8_alpha001,43,main_42_46,selected_source_rich_top64,64,kcenter,32,0.01,id_calib_only_1pct,0.00348934049718082,0.9333917616126205,0.007,0.01,0.0015,0.9884722173531989,0.9716549382543116,0.9491189514619549,0.9474145486415425,True,1141,10000,1.2125433000037447,0.012256499961949885,529,False,False,False
locked,locked_harder_holdout,holdout_bin_7,issue23_locked_leave_one_bin_local_calibration,DevNet_like_MLP,devnet_like_mlp,DevNet-like MLP,P3_full_lowguard,True,True,mlp_h8_alpha001,43,main_42_46,selected_source_rich_top64,64,kcenter,32,0.01,id_calib_plus_ood_val_guarded_1pct,0.003490108703263105,0.9333917616126205,0.007,0.01,0.0015,0.9884722173531989,0.9716549382543116,0.9491189514619549,0.9474145486415425,True,1141,10000,1.211649100005161,0.008376700046937913,529,False,False,False
locked,locked_harder_holdout,holdout_bin_7,issue23_locked_leave_one_bin_local_calibration,HistGB_shallow,histgb,HistGB shallow,P0_raw_train_id_threshold,False,False,histgb_depth2_iter50_lr005,43,main_42_46,selected_source_rich_top64,64,kcenter,32,0.01,id_calib_only_1pct,0.001303223995537485,0.9894829097283085,0.5841,0.0056,0.57,0.9680571428571428,0.9257092794010899,0.9349067863418759,0.8773006134969326,False,1141,10000,0.12189509999006987,0.02026689995545894,50,False,False,False
locked,locked_harder_holdout,holdout_bin_7,issue23_locked_leave_one_bin_local_calibration,HistGB_shallow,histgb,HistGB shallow,P1_raw_train_oodval_threshold,False,True,histgb_depth2_iter50_lr005,43,main_42_46,selected_source_rich_top64,64,kcenter,32,0.01,id_calib_plus_ood_val_guarded_1pct,0.1542314507081906,0.880806310254163,0.013,0.0,0.0085,0.9680571428571428,0.9257092794010899,0.9349067863418759,0.8773006134969326,False,1141,10000,0.13965609995648265,0.023663599975407124,50,False,False,False
locked,locked_harder_holdout,holdout_bin_7,issue23_locked_leave_one_bin_local_calibration,HistGB_shallow,histgb,HistGB shallow,P2_guarded_train_id_threshold,True,False,histgb_depth2_iter50_lr005,43,main_42_46,selected_source_rich_top64,64,kcenter,32,0.01,id_calib_only_1pct,0.0002777903863173969,0.9851007887817704,0.0171,0.009,0.0195,0.9976020595968449,0.991008776000365,0.9889896458629694,0.9780893952673094,False,1141,10000,0.2039261999889277,0.018350000027567148,50,False,False,False
locked,locked_harder_holdout,holdout_bin_7,issue23_locked_leave_one_bin_local_calibration,HistGB_shallow,histgb,HistGB shallow,P3_full_lowguard,True,True,histgb_depth2_iter50_lr005,43,main_42_46,selected_source_rich_top64,64,kcenter,32,0.01,id_calib_plus_ood_val_guarded_1pct,0.0005761387543770864,0.9780893952673094,0.0067,0.0054,0.0085,0.9976020595968449,0.991008776000365,0.9889896458629694,0.9780893952673094,True,1141,10000,0.18847069999901578,0.021159299998544157,50,False,False,False
locked,locked_harder_holdout,holdout_bin_7,issue23_locked_leave_one_bin_local_calibration,DeepSAD_like_center,deepsad_like_center,DeepSAD-like center,P0_raw_train_id_threshold,False,False,center_lambda0,43,main_42_46,selected_source_rich_top64,64,kcenter,32,0.01,id_calib_only_1pct,338.484040222168,0.03943908851884312,0.2669,0.01,0.2565,0.4013563540753725,0.07928603766250854,0.49748743718592964,0.0,False,1141,10000,0.008875300001818687,0.012247100006788969,128,False,False,False
locked,locked_harder_holdout,holdout_bin_7,issue23_locked_leave_one_bin_local_calibration,DeepSAD_like_center,deepsad_like_center,DeepSAD-like center,P1_raw_train_oodval_threshold,False,True,center_lambda0,43,main_42_46,selected_source_rich_top64,64,kcenter,32,0.01,id_calib_plus_ood_val_guarded_1pct,16419.762357910156,0.0,0.008,0.0,0.01,0.4013563540753725,0.07928603766250854,0.49748743718592964,0.0,True,1141,10000,0.010076900012791157,0.016076100000645965,128,False,False,False
locked,locked_harder_holdout,holdout_bin_7,issue23_locked_leave_one_bin_local_calibration,DeepSAD_like_center,deepsad_like_center,DeepSAD-like center,P2_guarded_train_id_threshold,True,False,center_lambda2,43,main_42_46,selected_source_rich_top64,64,kcenter,32,0.01,id_calib_only_1pct,943.6749859619141,0.014022787028921999,0.0091,0.01,0.0125,0.88261148115688,0.3572455547102935,0.4996762955883713,0.021910604732690624,True,1141,10000,0.01675130001967773,0.009783299989067018,128,False,False,False
locked,locked_harder_holdout,holdout_bin_7,issue23_locked_leave_one_bin_local_calibration,DeepSAD_like_center,deepsad_like_center,DeepSAD-like center,P3_full_lowguard,True,True,center_lambda1,43,main_42_46,selected_source_rich_top64,64,kcenter,32,0.01,id_calib_plus_ood_val_guarded_1pct,694.7202195434569,0.0035056967572304996,0.0063,0.0058,0.01,0.8853808939526732,0.3611584044921952,0.499121373739865,0.010517090271691499,True,1141,10000,0.01870049996068701,0.010882700036745518,128,False,False,False
locked,locked_harder_holdout,holdout_bin_7,issue23_locked_leave_one_bin_local_calibration,Prototype_metric_LR,prototype_metric_lr,Prototype / metric LR,P0_raw_train_id_threshold,False,False,prototype_metric_lr_C1,43,main_42_46,selected_source_rich_top64,64,kcenter,32,0.01,id_calib_only_1pct,3.4524739660883355,0.016652059596844872,0.0175,0.01,0.0135,0.5777914110429447,0.1461513543126961,0.4978970223598272,0.008764241893076249,False,1141,10000,0.01244389999192208,0.0077871999819763005,132,False,False,False
locked,locked_harder_holdout,holdout_bin_7,issue23_locked_leave_one_bin_local_calibration,Prototype_metric_LR,prototype_metric_lr,Prototype / metric LR,P1_raw_train_oodval_threshold,False,True,prototype_metric_lr_C1,43,main_42_46,selected_source_rich_top64,64,kcenter,32,0.01,id_calib_plus_ood_val_guarded_1pct,3.7116449877360553,0.0,0.0074,0.0,0.01,0.5777914110429447,0.1461513543126961,0.4978970223598272,0.008764241893076249,True,1141,10000,0.009788000024855137,0.007048700004816055,132,False,False,False
locked,locked_harder_holdout,holdout_bin_7,issue23_locked_leave_one_bin_local_calibration,Prototype_metric_LR,prototype_metric_lr,Prototype / metric LR,P2_guarded_train_id_threshold,True,False,prototype_metric_lr_C1,43,main_42_46,selected_source_rich_top64,64,kcenter,32,0.01,id_calib_only_1pct,2.226532485162095,0.4636283961437336,0.0176,0.01,0.018,0.9642354951796669,0.6826007325160028,0.5463557929877256,0.27607361963190186,False,1141,10000,0.022216000012122095,0.01158170000417158,198,False,False,False
locked,locked_harder_holdout,holdout_bin_7,issue23_locked_leave_one_bin_local_calibration,Prototype_metric_LR,prototype_metric_lr,Prototype / metric LR,P3_full_lowguard,True,True,prototype_metric_lr_C1,43,main_42_46,selected_source_rich_top64,64,kcenter,32,0.01,id_calib_plus_ood_val_guarded_1pct,2.9559236673578453,0.28659070990359337,0.0109,0.0,0.01,0.9642354951796669,0.6826007325160028,0.5463557929877256,0.27607361963190186,False,1141,10000,0.023141499958001077,0.010541799943894148,198,False,False,False
locked,locked_harder_holdout,holdout_bin_7,issue23_locked_leave_one_bin_local_calibration,RFF_Logistic,rff_logistic,RFF Logistic optional,P0_raw_train_id_threshold,False,False,rff256_gamma1_C1,43,main_42_46,selected_source_rich_top64,64,kcenter,32,0.01,id_calib_only_1pct,0.9986110892131379,0.02716914986853637,0.0173,0.01,0.0135,0.5014943908851884,0.1057302654395699,0.5019620451072189,0.014899211218229623,False,1141,10000,0.36717529996531084,0.05548629997065291,16641,False,False,False
locked,locked_harder_holdout,holdout_bin_7,issue23_locked_leave_one_bin_local_calibration,RFF_Logistic,rff_logistic,RFF Logistic optional,P1_raw_train_oodval_threshold,False,True,rff128_gamma01_C1,43,main_42_46,selected_source_rich_top64,64,kcenter,32,0.01,id_calib_plus_ood_val_guarded_1pct,5.705995820777516,0.0017528483786152498,0.0075,0.0,0.01,0.49103514460999126,0.10258227635209569,0.49836826551689206,0.0017528483786152498,True,1141,10000,0.20857080002315342,0.027593699982389808,8321,False,False,False
locked,locked_harder_holdout,holdout_bin_7,issue23_locked_leave_one_bin_local_calibration,RFF_Logistic,rff_logistic,RFF Logistic optional,P2_guarded_train_id_threshold,True,False,rff256_gamma01_C1,43,main_42_46,selected_source_rich_top64,64,kcenter,32,0.01,id_calib_only_1pct,0.3434789568368813,0.1270815074496056,0.0038,0.01,0.0015,0.8258891323400526,0.5010738438922848,0.5669891966405207,0.21297107800175286,True,1141,10000,1.1033109000418335,0.04926739999791607,16641,False,False,False
locked,locked_harder_holdout,holdout_bin_7,issue23_locked_leave_one_bin_local_calibration,RFF_Logistic,rff_logistic,RFF Logistic optional,P3_full_lowguard,True,True,rff256_gamma01_C1,43,main_42_46,selected_source_rich_top64,64,kcenter,32,0.01,id_calib_plus_ood_val_guarded_1pct,0.36951600714244365,0.12620508326029797,0.0037,0.01,0.0015,0.8258891323400526,0.5010738438922848,0.5669891966405207,0.21297107800175286,True,1141,10000,1.0675126999849454,0.04876700002932921,16641,False,False,False
locked,locked_harder_holdout,holdout_bin_7,issue23_locked_leave_one_bin_local_calibration,LOW_GUARD_LR_reference,lr,LOW-GUARD-LR reference,P0_raw_train_id_threshold,False,False,lr_C1,44,main_42_46,selected_source_rich_top64,64,kcenter,32,0.01,id_calib_only_1pct,-4.744701776455586,0.9780893952673094,0.4475,0.01,0.438,0.9433900964066609,0.5129007480695674,0.49748743718592964,0.0,False,1141,10000,0.1602106000063941,0.01911420002579689,65,False,False,False
locked,locked_harder_holdout,holdout_bin_7,issue23_locked_leave_one_bin_local_calibration,LOW_GUARD_LR_reference,lr,LOW-GUARD-LR reference,P1_raw_train_oodval_threshold,False,True,lr_C1,44,main_42_46,selected_source_rich_top64,64,kcenter,32,0.01,id_calib_plus_ood_val_guarded_1pct,71.18712401964892,0.0,0.0079,0.0,0.01,0.9433900964066609,0.5129007480695674,0.49748743718592964,0.0,True,1141,10000,0.16605739999795333,0.014308599987998605,65,False,False,False
locked,locked_harder_holdout,holdout_bin_7,issue23_locked_leave_one_bin_local_calibration,LOW_GUARD_LR_reference,lr,LOW-GUARD-LR reference,P2_guarded_train_id_threshold,True,False,lr_C1,44,main_42_46,selected_source_rich_top64,64,kcenter,32,0.01,id_calib_only_1pct,-4.0700932965742265,0.9780893952673094,0.0041,0.01,0.0015,0.9819418054338301,0.9804776193977849,0.9873292844591053,0.9780893952673094,True,1141,10000,0.4526915999595076,0.01047360000666231,65,False,False,False
locked,locked_harder_holdout,holdout_bin_7,issue23_locked_leave_one_bin_local_calibration,LOW_GUARD_LR_reference,lr,LOW-GUARD-LR reference,P3_full_lowguard,True,True,lr_C1,44,main_42_46,selected_source_rich_top64,64,kcenter,32,0.01,id_calib_plus_ood_val_guarded_1pct,-4.067457114802276,0.9780893952673094,0.0041,0.01,0.0015,0.9819418054338301,0.9804776193977849,0.9873292844591053,0.9780893952673094,True,1141,10000,0.45836540003074333,0.012520199990831316,65,False,False,False
locked,locked_harder_holdout,holdout_bin_7,issue23_locked_leave_one_bin_local_calibration,DevNet_like_MLP,devnet_like_mlp,DevNet-like MLP,P0_raw_train_id_threshold,False,False,mlp_h16_alpha001,44,main_42_46,selected_source_rich_top64,64,kcenter,32,0.01,id_calib_only_1pct,0.004998034602031113,0.9763365468886941,0.5305,0.01,0.5255,0.9786155565293602,0.9282089426934804,0.7908671314504159,0.8650306748466258,False,1141,10000,0.9549245000234805,0.011744100018404424,1057,False,False,False
locked,locked_harder_holdout,holdout_bin_7,issue23_locked_leave_one_bin_local_calibration,DevNet_like_MLP,devnet_like_mlp,DevNet-like MLP,P1_raw_train_oodval_threshold,False,True,mlp_h16_alpha001,44,main_42_46,selected_source_rich_top64,64,kcenter,32,0.01,id_calib_plus_ood_val_guarded_1pct,0.8757291368246062,0.9333917616126205,0.0143,0.0,0.01,0.9786155565293602,0.9282089426934804,0.7908671314504159,0.8650306748466258,False,1141,10000,0.7769342000246979,0.010455099982209504,1057,False,False,False
locked,locked_harder_holdout,holdout_bin_7,issue23_locked_leave_one_bin_local_calibration,DevNet_like_MLP,devnet_like_mlp,DevNet-like MLP,P2_guarded_train_id_threshold,True,False,mlp_h16_alpha001,44,main_42_46,selected_source_rich_top64,64,kcenter,32,0.01,id_calib_only_1pct,0.0032495304895565173,0.964943032427695,0.0077,0.01,0.0045,0.9892237510955302,0.9815275181999934,0.9729805909477272,0.9702015775635408,True,1141,10000,1.274185899994336,0.018520600046031177,1057,False,False,False
locked,locked_harder_holdout,holdout_bin_7,issue23_locked_leave_one_bin_local_calibration,DevNet_like_MLP,devnet_like_mlp,DevNet-like MLP,P3_full_lowguard,True,True,mlp_h16_alpha001,44,main_42_46,selected_source_rich_top64,64,kcenter,32,0.01,id_calib_plus_ood_val_guarded_1pct,0.003266272640146772,0.964943032427695,0.0077,0.01,0.004,0.9892237510955302,0.9815275181999934,0.9729805909477272,0.9702015775635408,True,1141,10000,1.3308337000198662,0.01042599999345839,1057,False,False,False
locked,locked_harder_holdout,holdout_bin_7,issue23_locked_leave_one_bin_local_calibration,HistGB_shallow,histgb,HistGB shallow,P0_raw_train_id_threshold,False,False,histgb_depth3_iter50_lr005,44,main_42_46,selected_source_rich_top64,64,kcenter,32,0.01,id_calib_only_1pct,0.0006660977708295065,0.9807186678352322,0.6971,0.01,0.677,0.9786800175284838,0.9709288408979624,0.9798950933457823,0.9658194566170026,False,1141,10000,0.15218139998614788,0.021592299977783114,50,False,False,False
locked,locked_harder_holdout,holdout_bin_7,issue23_locked_leave_one_bin_local_calibration,HistGB_shallow,histgb,HistGB shallow,P1_raw_train_oodval_threshold,False,True,histgb_depth3_iter50_lr005,44,main_42_46,selected_source_rich_top64,64,kcenter,32,0.01,id_calib_plus_ood_val_guarded_1pct,0.14156932855301724,0.9658194566170026,0.002,0.0,0.0035,0.9786800175284838,0.9709288408979624,0.9798950933457823,0.9658194566170026,True,1141,10000,0.16351939999731258,0.02404190000379458,50,False,False,False
locked,locked_harder_holdout,holdout_bin_7,issue23_locked_leave_one_bin_local_calibration,HistGB_shallow,histgb,HistGB shallow,P2_guarded_train_id_threshold,True,False,histgb_depth2_iter50_lr005,44,main_42_46,selected_source_rich_top64,64,kcenter,32,0.01,id_calib_only_1pct,0.00021661056209677074,0.9780893952673094,0.0065,0.0078,0.0085,0.996812138475022,0.9870064879726757,0.9889896458629694,0.9780893952673094,True,1141,10000,0.19998149998718873,0.018913500010967255,50,False,False,False
locked,locked_harder_holdout,holdout_bin_7,issue23_locked_leave_one_bin_local_calibration,HistGB_shallow,histgb,HistGB shallow,P3_full_lowguard,True,True,histgb_depth2_iter50_lr005,44,main_42_46,selected_source_rich_top64,64,kcenter,32,0.01,id_calib_plus_ood_val_guarded_1pct,0.00021661056209677074,0.9780893952673094,0.0065,0.0078,0.0085,0.996812138475022,0.9870064879726757,0.9889896458629694,0.9780893952673094,True,1141,10000,0.20213130000047386,0.022065199969802052,50,False,False,False
locked,locked_harder_holdout,holdout_bin_7,issue23_locked_leave_one_bin_local_calibration,DeepSAD_like_center,deepsad_like_center,DeepSAD-like center,P0_raw_train_id_threshold,False,False,center_lambda2,44,main_42_46,selected_source_rich_top64,64,kcenter,32,0.01,id_calib_only_1pct,1438.5068579101574,0.1901840490797546,0.2519,0.01,0.244,0.5375007449605609,0.10555766896121521,0.49748743718592964,0.0,False,1141,10000,0.009465000010095537,0.010726200009230524,128,False,False,False
locked,locked_harder_holdout,holdout_bin_7,issue23_locked_leave_one_bin_local_calibration,DeepSAD_like_center,deepsad_like_center,DeepSAD-like center,P1_raw_train_oodval_threshold,False,True,center_lambda0,44,main_42_46,selected_source_rich_top64,64,kcenter,32,0.01,id_calib_plus_ood_val_guarded_1pct,16419.762357910156,0.0,0.008,0.0,0.01,0.4013563540753725,0.07928603766250854,0.49748743718592964,0.0,True,1141,10000,0.009158200002275407,0.015744100033771247,128,False,False,False
locked,locked_harder_holdout,holdout_bin_7,issue23_locked_leave_one_bin_local_calibration,DeepSAD_like_center,deepsad_like_center,DeepSAD-like center,P2_guarded_train_id_threshold,True,False,center_lambda2,44,main_42_46,selected_source_rich_top64,64,kcenter,32,0.01,id_calib_only_1pct,943.6749859619141,0.014022787028921999,0.0091,0.01,0.0125,0.88261148115688,0.3572455547102935,0.4996762955883713,0.021910604732690624,True,1141,10000,0.02242100000148639,0.010956899961456656,128,False,False,False
locked,locked_harder_holdout,holdout_bin_7,issue23_locked_leave_one_bin_local_calibration,DeepSAD_like_center,deepsad_like_center,DeepSAD-like center,P3_full_lowguard,True,True,center_lambda1,44,main_42_46,selected_source_rich_top64,64,kcenter,32,0.01,id_calib_plus_ood_val_guarded_1pct,694.7202195434569,0.0035056967572304996,0.0063,0.0058,0.01,0.8853808939526732,0.3611584044921952,0.499121373739865,0.010517090271691499,True,1141,10000,0.018537199997808784,0.013175699976272881,128,False,False,False
locked,locked_harder_holdout,holdout_bin_7,issue23_locked_leave_one_bin_local_calibration,Prototype_metric_LR,prototype_metric_lr,Prototype / metric LR,P0_raw_train_id_threshold,False,False,prototype_metric_lr_C1,44,main_42_46,selected_source_rich_top64,64,kcenter,32,0.01,id_calib_only_1pct,3.4524739660883355,0.016652059596844872,0.0175,0.01,0.0135,0.5777914110429447,0.1461513543126961,0.4978970223598272,0.008764241893076249,False,1141,10000,0.009740500012412667,0.007262999948579818,132,False,False,False
locked,locked_harder_holdout,holdout_bin_7,issue23_locked_leave_one_bin_local_calibration,Prototype_metric_LR,prototype_metric_lr,Prototype / metric LR,P1_raw_train_oodval_threshold,False,True,prototype_metric_lr_C1,44,main_42_46,selected_source_rich_top64,64,kcenter,32,0.01,id_calib_plus_ood_val_guarded_1pct,3.7116449877360553,0.0,0.0074,0.0,0.01,0.5777914110429447,0.1461513543126961,0.4978970223598272,0.008764241893076249,True,1141,10000,0.010801900003571063,0.008102099993266165,132,False,False,False
locked,locked_harder_holdout,holdout_bin_7,issue23_locked_leave_one_bin_local_calibration,Prototype_metric_LR,prototype_metric_lr,Prototype / metric LR,P2_guarded_train_id_threshold,True,False,prototype_metric_lr_C1,44,main_42_46,selected_source_rich_top64,64,kcenter,32,0.01,id_calib_only_1pct,2.226532485162095,0.4636283961437336,0.0176,0.01,0.018,0.9642354951796669,0.6826007325160028,0.5463557929877256,0.27607361963190186,False,1141,10000,0.021917800011578947,0.011973800021223724,198,False,False,False
locked,locked_harder_holdout,holdout_bin_7,issue23_locked_leave_one_bin_local_calibration,Prototype_metric_LR,prototype_metric_lr,Prototype / metric LR,P3_full_lowguard,True,True,prototype_metric_lr_C1,44,main_42_46,selected_source_rich_top64,64,kcenter,32,0.01,id_calib_plus_ood_val_guarded_1pct,2.9559236673578453,0.28659070990359337,0.0109,0.0,0.01,0.9642354951796669,0.6826007325160028,0.5463557929877256,0.27607361963190186,False,1141,10000,0.02391609997721389,0.011069900006987154,198,False,False,False
locked,locked_harder_holdout,holdout_bin_7,issue23_locked_leave_one_bin_local_calibration,RFF_Logistic,rff_logistic,RFF Logistic optional,P0_raw_train_id_threshold,False,False,rff256_gamma1_C1,44,main_42_46,selected_source_rich_top64,64,kcenter,32,0.01,id_calib_only_1pct,1.0010613548987626,0.021910604732690624,0.0253,0.01,0.0215,0.5071926380368098,0.1069038581491976,0.5011737037510074,0.011393514460999123,False,1141,10000,0.3596208999515511,0.04684269998688251,16641,False,False,False
locked,locked_harder_holdout,holdout_bin_7,issue23_locked_leave_one_bin_local_calibration,RFF_Logistic,rff_logistic,RFF Logistic optional,P1_raw_train_oodval_threshold,False,True,rff256_gamma1_C1,44,main_42_46,selected_source_rich_top64,64,kcenter,32,0.01,id_calib_plus_ood_val_guarded_1pct,1.5659062746885548,0.011393514460999123,0.0125,0.0054,0.0095,0.5071926380368098,0.1069038581491976,0.5011737037510074,0.011393514460999123,False,1141,10000,0.3736773999989964,0.04389959998661652,16641,False,False,False
locked,locked_harder_holdout,holdout_bin_7,issue23_locked_leave_one_bin_local_calibration,RFF_Logistic,rff_logistic,RFF Logistic optional,P2_guarded_train_id_threshold,True,False,rff128_gamma01_C1,44,main_42_46,selected_source_rich_top64,64,kcenter,32,0.01,id_calib_only_1pct,1.4828951557166943,0.08851884312007012,0.0078,0.01,0.007,0.762434180543383,0.35568638367146604,0.5295936298495105,0.12445223488168274,True,1141,10000,0.48955559998285025,0.025979700032621622,8321,False,False,False
locked,locked_harder_holdout,holdout_bin_7,issue23_locked_leave_one_bin_local_calibration,RFF_Logistic,rff_logistic,RFF Logistic optional,P3_full_lowguard,True,True,rff128_gamma01_C1,44,main_42_46,selected_source_rich_top64,64,kcenter,32,0.01,id_calib_plus_ood_val_guarded_1pct,1.5182717780702286,0.0876424189307625,0.0076,0.01,0.0065,0.762434180543383,0.35568638367146604,0.5295936298495105,0.12445223488168274,True,1141,10000,0.495752300019376,0.026918600022327155,8321,False,False,False
locked,locked_harder_holdout,holdout_bin_7,issue23_locked_leave_one_bin_local_calibration,LOW_GUARD_LR_reference,lr,LOW-GUARD-LR reference,P0_raw_train_id_threshold,False,False,lr_C1,45,main_42_46,selected_source_rich_top64,64,kcenter,32,0.01,id_calib_only_1pct,-4.744701776455586,0.9780893952673094,0.4475,0.01,0.438,0.9433900964066609,0.5129007480695674,0.49748743718592964,0.0,False,1141,10000,0.13396969996392727,0.012006800039671361,65,False,False,False
locked,locked_harder_holdout,holdout_bin_7,issue23_locked_leave_one_bin_local_calibration,LOW_GUARD_LR_reference,lr,LOW-GUARD-LR reference,P1_raw_train_oodval_threshold,False,True,lr_C1,45,main_42_46,selected_source_rich_top64,64,kcenter,32,0.01,id_calib_plus_ood_val_guarded_1pct,71.18712401964892,0.0,0.0079,0.0,0.01,0.9433900964066609,0.5129007480695674,0.49748743718592964,0.0,True,1141,10000,0.14501079998444766,0.011980000010225922,65,False,False,False
locked,locked_harder_holdout,holdout_bin_7,issue23_locked_leave_one_bin_local_calibration,LOW_GUARD_LR_reference,lr,LOW-GUARD-LR reference,P2_guarded_train_id_threshold,True,False,lr_C1,45,main_42_46,selected_source_rich_top64,64,kcenter,32,0.01,id_calib_only_1pct,-4.0700932965742265,0.9780893952673094,0.0041,0.01,0.0015,0.9819418054338301,0.9804776193977849,0.9873292844591053,0.9780893952673094,True,1141,10000,0.4031972999800928,0.012953299970831722,65,False,False,False
locked,locked_harder_holdout,holdout_bin_7,issue23_locked_leave_one_bin_local_calibration,LOW_GUARD_LR_reference,lr,LOW-GUARD-LR reference,P3_full_lowguard,True,True,lr_C1,45,main_42_46,selected_source_rich_top64,64,kcenter,32,0.01,id_calib_plus_ood_val_guarded_1pct,-4.067457114802276,0.9780893952673094,0.0041,0.01,0.0015,0.9819418054338301,0.9804776193977849,0.9873292844591053,0.9780893952673094,True,1141,10000,0.42233749997103587,0.013321600039489567,65,False,False,False
locked,locked_harder_holdout,holdout_bin_7,issue23_locked_leave_one_bin_local_calibration,DevNet_like_MLP,devnet_like_mlp,DevNet-like MLP,P0_raw_train_id_threshold,False,False,mlp_h8_alpha001,45,main_42_46,selected_source_rich_top64,64,kcenter,32,0.01,id_calib_only_1pct,0.008317613899707796,0.9737072743207712,0.323,0.01,0.316,0.9579344872918494,0.6449126785133468,0.5059962388630268,0.056091148115687994,False,1141,10000,0.9681517999852076,0.008729099994525313,529,False,False,False
locked,locked_harder_holdout,holdout_bin_7,issue23_locked_leave_one_bin_local_calibration,DevNet_like_MLP,devnet_like_mlp,DevNet-like MLP,P1_raw_train_oodval_threshold,False,True,mlp_h16_alpha001,45,main_42_46,selected_source_rich_top64,64,kcenter,32,0.01,id_calib_plus_ood_val_guarded_1pct,0.1825968575738364,0.9272567922874672,0.0171,0.0,0.01,0.972774496056091,0.8668403593356898,0.74744890094645,0.8334794040315513,False,1141,10000,0.7606570000061765,0.012272700027097017,1057,False,False,False
locked,locked_harder_holdout,holdout_bin_7,issue23_locked_leave_one_bin_local_calibration,DevNet_like_MLP,devnet_like_mlp,DevNet-like MLP,P2_guarded_train_id_threshold,True,False,mlp_h16_alpha001,45,main_42_46,selected_source_rich_top64,64,kcenter,32,0.01,id_calib_only_1pct,0.0050776212755591285,0.9702015775635408,0.0049,0.01,0.0,0.9913478527607362,0.9840508828989566,0.9751121955086564,0.9763365468886941,True,1141,10000,1.6307405999978073,0.011625200044363737,1057,False,False,False
locked,locked_harder_holdout,holdout_bin_7,issue23_locked_leave_one_bin_local_calibration,DevNet_like_MLP,devnet_like_mlp,DevNet-like MLP,P3_full_lowguard,True,True,mlp_h16_alpha001,45,main_42_46,selected_source_rich_top64,64,kcenter,32,0.01,id_calib_plus_ood_val_guarded_1pct,0.005355094515252853,0.9693251533742331,0.0047,0.0098,0.0,0.9913478527607362,0.9840508828989566,0.9751121955086564,0.9763365468886941,True,1141,10000,1.404283599986229,0.012232700013555586,1057,False,False,False
locked,locked_harder_holdout,holdout_bin_7,issue23_locked_leave_one_bin_local_calibration,HistGB_shallow,histgb,HistGB shallow,P0_raw_train_id_threshold,False,False,histgb_depth3_iter50_lr005,45,main_42_46,selected_source_rich_top64,64,kcenter,32,0.01,id_calib_only_1pct,0.0006660977708295065,0.9807186678352322,0.6971,0.01,0.677,0.9786800175284838,0.9709288408979624,0.9798950933457823,0.9658194566170026,False,1141,10000,0.13666980003472418,0.023641199979465455,50,False,False,False
locked,locked_harder_holdout,holdout_bin_7,issue23_locked_leave_one_bin_local_calibration,HistGB_shallow,histgb,HistGB shallow,P1_raw_train_oodval_threshold,False,True,histgb_depth2_iter50_lr005,45,main_42_46,selected_source_rich_top64,64,kcenter,32,0.01,id_calib_plus_ood_val_guarded_1pct,0.1542314507081906,0.880806310254163,0.013,0.0,0.0085,0.9680571428571428,0.9257092794010899,0.9349067863418759,0.8773006134969326,False,1141,10000,0.11436920001870021,0.020879700023215264,50,False,False,False
locked,locked_harder_holdout,holdout_bin_7,issue23_locked_leave_one_bin_local_calibration,HistGB_shallow,histgb,HistGB shallow,P2_guarded_train_id_threshold,True,False,histgb_depth2_iter50_lr005,45,main_42_46,selected_source_rich_top64,64,kcenter,32,0.01,id_calib_only_1pct,0.0003670620999133504,0.9780893952673094,0.002,0.0092,0.0025,0.9965534618755477,0.9848152494507907,0.9889896458629694,0.9780893952673094,True,1141,10000,0.17657840001629665,0.021202399977482855,50,False,False,False
locked,locked_harder_holdout,holdout_bin_7,issue23_locked_leave_one_bin_local_calibration,HistGB_shallow,histgb,HistGB shallow,P3_full_lowguard,True,True,histgb_depth3_iter50_lr005,45,main_42_46,selected_source_rich_top64,64,kcenter,32,0.01,id_calib_plus_ood_val_guarded_1pct,0.00021240311428668995,0.9780893952673094,0.0098,0.0078,0.0075,0.9964767747589834,0.984788216274812,0.9889896458629694,0.9780893952673094,True,1141,10000,0.20044619997497648,0.021286999981384724,50,False,False,False
locked,locked_harder_holdout,holdout_bin_7,issue23_locked_leave_one_bin_local_calibration,DeepSAD_like_center,deepsad_like_center,DeepSAD-like center,P0_raw_train_id_threshold,False,False,center_lambda2,45,main_42_46,selected_source_rich_top64,64,kcenter,32,0.01,id_calib_only_1pct,1438.5068579101574,0.1901840490797546,0.2519,0.01,0.244,0.5375007449605609,0.10555766896121521,0.49748743718592964,0.0,False,1141,10000,0.011764199996832758,0.010861299990210682,128,False,False,False
locked,locked_harder_holdout,holdout_bin_7,issue23_locked_leave_one_bin_local_calibration,DeepSAD_like_center,deepsad_like_center,DeepSAD-like center,P1_raw_train_oodval_threshold,False,True,center_lambda1,45,main_42_46,selected_source_rich_top64,64,kcenter,32,0.01,id_calib_plus_ood_val_guarded_1pct,33352.34542578124,0.0,0.0078,0.0,0.01,0.5171007887817705,0.10039320940605516,0.49748743718592964,0.0,True,1141,10000,0.008945099951233715,0.010310899990145117,128,False,False,False
locked,locked_harder_holdout,holdout_bin_7,issue23_locked_leave_one_bin_local_calibration,DeepSAD_like_center,deepsad_like_center,DeepSAD-like center,P2_guarded_train_id_threshold,True,False,center_lambda0,45,main_42_46,selected_source_rich_top64,64,kcenter,32,0.01,id_calib_only_1pct,220.04065536499024,0.0043821209465381246,0.0156,0.01,0.0185,0.8911356704645049,0.36773591393333505,0.4981436542924967,0.0017528483786152498,False,1141,10000,0.02563490002648905,0.013256600010208786,128,False,False,False
locked,locked_harder_holdout,holdout_bin_7,issue23_locked_leave_one_bin_local_calibration,DeepSAD_like_center,deepsad_like_center,DeepSAD-like center,P3_full_lowguard,True,True,center_lambda0,45,main_42_46,selected_source_rich_top64,64,kcenter,32,0.01,id_calib_plus_ood_val_guarded_1pct,364.81915180969236,0.0017528483786152498,0.0053,0.0008,0.0095,0.8911356704645049,0.36773591393333505,0.4981436542924967,0.0017528483786152498,True,1141,10000,0.01938239997252822,0.010972499963827431,128,False,False,False
locked,locked_harder_holdout,holdout_bin_7,issue23_locked_leave_one_bin_local_calibration,Prototype_metric_LR,prototype_metric_lr,Prototype / metric LR,P0_raw_train_id_threshold,False,False,prototype_metric_lr_C1,45,main_42_46,selected_source_rich_top64,64,kcenter,32,0.01,id_calib_only_1pct,3.4524739660883355,0.016652059596844872,0.0175,0.01,0.0135,0.5777914110429447,0.1461513543126961,0.4978970223598272,0.008764241893076249,False,1141,10000,0.010125599976163357,0.009161000023595989,132,False,False,False
locked,locked_harder_holdout,holdout_bin_7,issue23_locked_leave_one_bin_local_calibration,Prototype_metric_LR,prototype_metric_lr,Prototype / metric LR,P1_raw_train_oodval_threshold,False,True,prototype_metric_lr_C1,45,main_42_46,selected_source_rich_top64,64,kcenter,32,0.01,id_calib_plus_ood_val_guarded_1pct,3.7116449877360553,0.0,0.0074,0.0,0.01,0.5777914110429447,0.1461513543126961,0.4978970223598272,0.008764241893076249,True,1141,10000,0.011391799955163151,0.008972699986770749,132,False,False,False
locked,locked_harder_holdout,holdout_bin_7,issue23_locked_leave_one_bin_local_calibration,Prototype_metric_LR,prototype_metric_lr,Prototype / metric LR,P2_guarded_train_id_threshold,True,False,prototype_metric_lr_C1,45,main_42_46,selected_source_rich_top64,64,kcenter,32,0.01,id_calib_only_1pct,2.226532485162095,0.4636283961437336,0.0176,0.01,0.018,0.9642354951796669,0.6826007325160028,0.5463557929877256,0.27607361963190186,False,1141,10000,0.030563400010578334,0.01904599997214973,198,False,False,False
locked,locked_harder_holdout,holdout_bin_7,issue23_locked_leave_one_bin_local_calibration,Prototype_metric_LR,prototype_metric_lr,Prototype / metric LR,P3_full_lowguard,True,True,prototype_metric_lr_C1,45,main_42_46,selected_source_rich_top64,64,kcenter,32,0.01,id_calib_plus_ood_val_guarded_1pct,2.9559236673578453,0.28659070990359337,0.0109,0.0,0.01,0.9642354951796669,0.6826007325160028,0.5463557929877256,0.27607361963190186,False,1141,10000,0.025340799998957664,0.014055300038307905,198,False,False,False
locked,locked_harder_holdout,holdout_bin_7,issue23_locked_leave_one_bin_local_calibration,RFF_Logistic,rff_logistic,RFF Logistic optional,P0_raw_train_id_threshold,False,False,rff256_gamma1_C1,45,main_42_46,selected_source_rich_top64,64,kcenter,32,0.01,id_calib_only_1pct,1.2343035076107545,0.013146362839614373,0.0079,0.01,0.0085,0.5291421560035058,0.11289919363737733,0.5018563457075034,0.014022787028921999,True,1141,10000,0.5099260999704711,0.06292140000732616,16641,False,False,False
locked,locked_harder_holdout,holdout_bin_7,issue23_locked_leave_one_bin_local_calibration,RFF_Logistic,rff_logistic,RFF Logistic optional,P1_raw_train_oodval_threshold,False,True,rff256_gamma01_C1,45,main_42_46,selected_source_rich_top64,64,kcenter,32,0.01,id_calib_plus_ood_val_guarded_1pct,1.7813743040529506,0.03155127081507449,0.0087,0.0004,0.0095,0.5766992112182296,0.14872168701729063,0.5067053056694516,0.03418054338299737,True,1141,10000,0.40972100000362843,0.058701799949631095,16641,False,False,False
locked,locked_harder_holdout,holdout_bin_7,issue23_locked_leave_one_bin_local_calibration,RFF_Logistic,rff_logistic,RFF Logistic optional,P2_guarded_train_id_threshold,True,False,rff256_gamma01_C1,45,main_42_46,selected_source_rich_top64,64,kcenter,32,0.01,id_calib_only_1pct,-0.15976897012489322,0.13409290096406662,0.0088,0.01,0.01,0.8808505696757231,0.4717078906829877,0.5424228944899784,0.14899211218229624,True,1141,10000,1.051405199978035,0.03816659998847172,16641,False,False,False
locked,locked_harder_holdout,holdout_bin_7,issue23_locked_leave_one_bin_local_calibration,RFF_Logistic,rff_logistic,RFF Logistic optional,P3_full_lowguard,True,True,rff256_gamma01_C1,45,main_42_46,selected_source_rich_top64,64,kcenter,32,0.01,id_calib_plus_ood_val_guarded_1pct,-0.15976897012489322,0.13409290096406662,0.0088,0.01,0.01,0.8808505696757231,0.4717078906829877,0.5424228944899784,0.14899211218229624,True,1141,10000,1.0119438000256196,0.053837599989492446,16641,False,False,False
locked,locked_harder_holdout,holdout_bin_7,issue23_locked_leave_one_bin_local_calibration,LOW_GUARD_LR_reference,lr,LOW-GUARD-LR reference,P0_raw_train_id_threshold,False,False,lr_C1,46,main_42_46,selected_source_rich_top64,64,kcenter,32,0.01,id_calib_only_1pct,-4.744701776455586,0.9780893952673094,0.4475,0.01,0.438,0.9433900964066609,0.5129007480695674,0.49748743718592964,0.0,False,1141,10000,0.1378807000000961,0.012644500005990267,65,False,False,False
locked,locked_harder_holdout,holdout_bin_7,issue23_locked_leave_one_bin_local_calibration,LOW_GUARD_LR_reference,lr,LOW-GUARD-LR reference,P1_raw_train_oodval_threshold,False,True,lr_C1,46,main_42_46,selected_source_rich_top64,64,kcenter,32,0.01,id_calib_plus_ood_val_guarded_1pct,71.18712401964892,0.0,0.0079,0.0,0.01,0.9433900964066609,0.5129007480695674,0.49748743718592964,0.0,True,1141,10000,0.13032250001560897,0.015853599994443357,65,False,False,False
locked,locked_harder_holdout,holdout_bin_7,issue23_locked_leave_one_bin_local_calibration,LOW_GUARD_LR_reference,lr,LOW-GUARD-LR reference,P2_guarded_train_id_threshold,True,False,lr_C1,46,main_42_46,selected_source_rich_top64,64,kcenter,32,0.01,id_calib_only_1pct,-4.0700932965742265,0.9780893952673094,0.0041,0.01,0.0015,0.9819418054338301,0.9804776193977849,0.9873292844591053,0.9780893952673094,True,1141,10000,0.390727500023786,0.01379820000147447,65,False,False,False
locked,locked_harder_holdout,holdout_bin_7,issue23_locked_leave_one_bin_local_calibration,LOW_GUARD_LR_reference,lr,LOW-GUARD-LR reference,P3_full_lowguard,True,True,lr_C1,46,main_42_46,selected_source_rich_top64,64,kcenter,32,0.01,id_calib_plus_ood_val_guarded_1pct,-4.067457114802276,0.9780893952673094,0.0041,0.01,0.0015,0.9819418054338301,0.9804776193977849,0.9873292844591053,0.9780893952673094,True,1141,10000,0.3732919999747537,0.014066200004890561,65,False,False,False
locked,locked_harder_holdout,holdout_bin_7,issue23_locked_leave_one_bin_local_calibration,DevNet_like_MLP,devnet_like_mlp,DevNet-like MLP,P0_raw_train_id_threshold,False,False,mlp_h16_alpha001,46,main_42_46,selected_source_rich_top64,64,kcenter,32,0.01,id_calib_only_1pct,0.004277887409552939,0.9780893952673094,0.2176,0.01,0.2105,0.9788533742331289,0.9338593798999228,0.8594065859534306,0.8965819456617002,False,1141,10000,0.7014220000128262,0.010801399999763817,1057,False,False,False
locked,locked_harder_holdout,holdout_bin_7,issue23_locked_leave_one_bin_local_calibration,DevNet_like_MLP,devnet_like_mlp,DevNet-like MLP,P1_raw_train_oodval_threshold,False,True,mlp_h16_alpha001,46,main_42_46,selected_source_rich_top64,64,kcenter,32,0.01,id_calib_plus_ood_val_guarded_1pct,0.10739309025555692,0.9246275197195443,0.0185,0.0002,0.01,0.9788533742331289,0.9338593798999228,0.8594065859534306,0.8965819456617002,False,1141,10000,0.6960176000138745,0.013899500016123056,1057,False,False,False
locked,locked_harder_holdout,holdout_bin_7,issue23_locked_leave_one_bin_local_calibration,DevNet_like_MLP,devnet_like_mlp,DevNet-like MLP,P2_guarded_train_id_threshold,True,False,mlp_h16_alpha001,46,main_42_46,selected_source_rich_top64,64,kcenter,32,0.01,id_calib_only_1pct,0.005083380006253735,0.9272567922874672,0.0062,0.01,0.0015,0.9934611744084136,0.9781859956124404,0.9410197349587552,0.9482909728308502,True,1141,10000,1.1108021999825723,0.009328800020739436,1057,False,False,False
locked,locked_harder_holdout,holdout_bin_7,issue23_locked_leave_one_bin_local_calibration,DevNet_like_MLP,devnet_like_mlp,DevNet-like MLP,P3_full_lowguard,True,True,mlp_h16_alpha001,46,main_42_46,selected_source_rich_top64,64,kcenter,32,0.01,id_calib_plus_ood_val_guarded_1pct,0.005118742506019815,0.9272567922874672,0.0062,0.01,0.0015,0.9934611744084136,0.9781859956124404,0.9410197349587552,0.9482909728308502,True,1141,10000,1.0946761000086553,0.010604999959468842,1057,False,False,False
locked,locked_harder_holdout,holdout_bin_7,issue23_locked_leave_one_bin_local_calibration,HistGB_shallow,histgb,HistGB shallow,P0_raw_train_id_threshold,False,False,histgb_depth3_iter50_lr005,46,main_42_46,selected_source_rich_top64,64,kcenter,32,0.01,id_calib_only_1pct,0.0006660977708295065,0.9807186678352322,0.6971,0.01,0.677,0.9786800175284838,0.9709288408979624,0.9798950933457823,0.9658194566170026,False,1141,10000,0.12924729997757822,0.018028500024229288,50,False,False,False
locked,locked_harder_holdout,holdout_bin_7,issue23_locked_leave_one_bin_local_calibration,HistGB_shallow,histgb,HistGB shallow,P1_raw_train_oodval_threshold,False,True,histgb_depth3_iter50_lr005,46,main_42_46,selected_source_rich_top64,64,kcenter,32,0.01,id_calib_plus_ood_val_guarded_1pct,0.14156932855301724,0.9658194566170026,0.002,0.0,0.0035,0.9786800175284838,0.9709288408979624,0.9798950933457823,0.9658194566170026,True,1141,10000,0.12819600000511855,0.018560399999842048,50,False,False,False
locked,locked_harder_holdout,holdout_bin_7,issue23_locked_leave_one_bin_local_calibration,HistGB_shallow,histgb,HistGB shallow,P2_guarded_train_id_threshold,True,False,histgb_depth2_iter50_lr005,46,main_42_46,selected_source_rich_top64,64,kcenter,32,0.01,id_calib_only_1pct,0.00035117154742591905,0.8816827344434707,0.0083,0.0092,0.009,0.9250496056091148,0.9060110218772026,0.9402952536565385,0.8816827344434707,True,1141,10000,0.17191560001811013,0.02046229998813942,50,False,False,False
locked,locked_harder_holdout,holdout_bin_7,issue23_locked_leave_one_bin_local_calibration,HistGB_shallow,histgb,HistGB shallow,P3_full_lowguard,True,True,histgb_depth2_iter50_lr005,46,main_42_46,selected_source_rich_top64,64,kcenter,32,0.01,id_calib_plus_ood_val_guarded_1pct,0.00035117154742591905,0.8816827344434707,0.0083,0.0092,0.009,0.9250496056091148,0.9060110218772026,0.9402952536565385,0.8816827344434707,True,1141,10000,0.1765021999599412,0.01630369998747483,50,False,False,False
locked,locked_harder_holdout,holdout_bin_7,issue23_locked_leave_one_bin_local_calibration,DeepSAD_like_center,deepsad_like_center,DeepSAD-like center,P0_raw_train_id_threshold,False,False,center_lambda2,46,main_42_46,selected_source_rich_top64,64,kcenter,32,0.01,id_calib_only_1pct,1438.5068579101574,0.1901840490797546,0.2519,0.01,0.244,0.5375007449605609,0.10555766896121521,0.49748743718592964,0.0,False,1141,10000,0.008194399997591972,0.009741699963342398,128,False,False,False
locked,locked_harder_holdout,holdout_bin_7,issue23_locked_leave_one_bin_local_calibration,DeepSAD_like_center,deepsad_like_center,DeepSAD-like center,P1_raw_train_oodval_threshold,False,True,center_lambda0,46,main_42_46,selected_source_rich_top64,64,kcenter,32,0.01,id_calib_plus_ood_val_guarded_1pct,16419.762357910156,0.0,0.008,0.0,0.01,0.4013563540753725,0.07928603766250854,0.49748743718592964,0.0,True,1141,10000,0.007272700022440404,0.009595900017302483,128,False,False,False
locked,locked_harder_holdout,holdout_bin_7,issue23_locked_leave_one_bin_local_calibration,DeepSAD_like_center,deepsad_like_center,DeepSAD-like center,P2_guarded_train_id_threshold,True,False,center_lambda2,46,main_42_46,selected_source_rich_top64,64,kcenter,32,0.01,id_calib_only_1pct,943.6749859619141,0.014022787028921999,0.0091,0.01,0.0125,0.88261148115688,0.3572455547102935,0.4996762955883713,0.021910604732690624,True,1141,10000,0.020129400014411658,0.010677199985366315,128,False,False,False
locked,locked_harder_holdout,holdout_bin_7,issue23_locked_leave_one_bin_local_calibration,DeepSAD_like_center,deepsad_like_center,DeepSAD-like center,P3_full_lowguard,True,True,center_lambda1,46,main_42_46,selected_source_rich_top64,64,kcenter,32,0.01,id_calib_plus_ood_val_guarded_1pct,694.7202195434569,0.0035056967572304996,0.0063,0.0058,0.01,0.8853808939526732,0.3611584044921952,0.499121373739865,0.010517090271691499,True,1141,10000,0.017839199979789555,0.010539299983065575,128,False,False,False
locked,locked_harder_holdout,holdout_bin_7,issue23_locked_leave_one_bin_local_calibration,Prototype_metric_LR,prototype_metric_lr,Prototype / metric LR,P0_raw_train_id_threshold,False,False,prototype_metric_lr_C1,46,main_42_46,selected_source_rich_top64,64,kcenter,32,0.01,id_calib_only_1pct,3.4524739660883355,0.016652059596844872,0.0175,0.01,0.0135,0.5777914110429447,0.1461513543126961,0.4978970223598272,0.008764241893076249,False,1141,10000,0.009465200011618435,0.007030100037809461,132,False,False,False
locked,locked_harder_holdout,holdout_bin_7,issue23_locked_leave_one_bin_local_calibration,Prototype_metric_LR,prototype_metric_lr,Prototype / metric LR,P1_raw_train_oodval_threshold,False,True,prototype_metric_lr_C1,46,main_42_46,selected_source_rich_top64,64,kcenter,32,0.01,id_calib_plus_ood_val_guarded_1pct,3.7116449877360553,0.0,0.0074,0.0,0.01,0.5777914110429447,0.1461513543126961,0.4978970223598272,0.008764241893076249,True,1141,10000,0.010211999993771315,0.007322799996472895,132,False,False,False
locked,locked_harder_holdout,holdout_bin_7,issue23_locked_leave_one_bin_local_calibration,Prototype_metric_LR,prototype_metric_lr,Prototype / metric LR,P2_guarded_train_id_threshold,True,False,prototype_metric_lr_C1,46,main_42_46,selected_source_rich_top64,64,kcenter,32,0.01,id_calib_only_1pct,2.226532485162095,0.4636283961437336,0.0176,0.01,0.018,0.9642354951796669,0.6826007325160028,0.5463557929877256,0.27607361963190186,False,1141,10000,0.02345970005262643,0.011038099997676909,198,False,False,False
locked,locked_harder_holdout,holdout_bin_7,issue23_locked_leave_one_bin_local_calibration,Prototype_metric_LR,prototype_metric_lr,Prototype / metric LR,P3_full_lowguard,True,True,prototype_metric_lr_C1,46,main_42_46,selected_source_rich_top64,64,kcenter,32,0.01,id_calib_plus_ood_val_guarded_1pct,2.9559236673578453,0.28659070990359337,0.0109,0.0,0.01,0.9642354951796669,0.6826007325160028,0.5463557929877256,0.27607361963190186,False,1141,10000,0.02146100002573803,0.010463999991770834,198,False,False,False
locked,locked_harder_holdout,holdout_bin_7,issue23_locked_leave_one_bin_local_calibration,RFF_Logistic,rff_logistic,RFF Logistic optional,P0_raw_train_id_threshold,False,False,rff256_gamma1_C1,46,main_42_46,selected_source_rich_top64,64,kcenter,32,0.01,id_calib_only_1pct,1.0387479119361227,0.024539877300613498,0.0191,0.01,0.019,0.4999010517090271,0.10610697294571578,0.5000286269207562,0.008764241893076249,False,1141,10000,0.35912680003093556,0.040610100026242435,16641,False,False,False
locked,locked_harder_holdout,holdout_bin_7,issue23_locked_leave_one_bin_local_calibration,RFF_Logistic,rff_logistic,RFF Logistic optional,P1_raw_train_oodval_threshold,False,True,rff256_gamma01_C1,46,main_42_46,selected_source_rich_top64,64,kcenter,32,0.01,id_calib_plus_ood_val_guarded_1pct,0.915220658806156,0.03593339176161262,0.0128,0.0004,0.0095,0.4909726555652936,0.12477364330555554,0.5047542709163697,0.028045574057843997,False,1141,10000,0.35800780000863597,0.046979499980807304,16641,False,False,False
locked,locked_harder_holdout,holdout_bin_7,issue23_locked_leave_one_bin_local_calibration,RFF_Logistic,rff_logistic,RFF Logistic optional,P2_guarded_train_id_threshold,True,False,rff256_gamma01_C1,46,main_42_46,selected_source_rich_top64,64,kcenter,32,0.01,id_calib_only_1pct,-0.6122302599991701,0.18404907975460122,0.0116,0.01,0.0075,0.8105722173531988,0.43330340352038277,0.5424845524731458,0.175284837861525,False,1141,10000,1.0307618000078946,0.04036929999710992,16641,False,False,False
locked,locked_harder_holdout,holdout_bin_7,issue23_locked_leave_one_bin_local_calibration,RFF_Logistic,rff_logistic,RFF Logistic optional,P3_full_lowguard,True,True,rff256_gamma01_C1,46,main_42_46,selected_source_rich_top64,64,kcenter,32,0.01,id_calib_plus_ood_val_guarded_1pct,-0.6058960102620514,0.18054338299737072,0.0114,0.01,0.0075,0.8105722173531988,0.43330340352038277,0.5424845524731458,0.175284837861525,False,1141,10000,0.9889834999921732,0.04252950003137812,16641,False,False,False
locked,locked_harder_holdout,holdout_bin_7,issue23_locked_leave_one_bin_local_calibration,LOW_GUARD_LR_reference,lr,LOW-GUARD-LR reference,P0_raw_train_id_threshold,False,False,lr_C1,47,heldout_47_51,selected_source_rich_top64,64,kcenter,32,0.01,id_calib_only_1pct,-4.744701776455586,0.9780893952673094,0.4475,0.01,0.438,0.9433900964066609,0.5129007480695674,0.49748743718592964,0.0,False,1141,10000,0.1732328999787569,0.013197700027376413,65,False,False,False
locked,locked_harder_holdout,holdout_bin_7,issue23_locked_leave_one_bin_local_calibration,LOW_GUARD_LR_reference,lr,LOW-GUARD-LR reference,P1_raw_train_oodval_threshold,False,True,lr_C1,47,heldout_47_51,selected_source_rich_top64,64,kcenter,32,0.01,id_calib_plus_ood_val_guarded_1pct,71.18712401964892,0.0,0.0079,0.0,0.01,0.9433900964066609,0.5129007480695674,0.49748743718592964,0.0,True,1141,10000,0.21164529997622594,0.019123700039926916,65,False,False,False
locked,locked_harder_holdout,holdout_bin_7,issue23_locked_leave_one_bin_local_calibration,LOW_GUARD_LR_reference,lr,LOW-GUARD-LR reference,P2_guarded_train_id_threshold,True,False,lr_C1,47,heldout_47_51,selected_source_rich_top64,64,kcenter,32,0.01,id_calib_only_1pct,-4.0700932965742265,0.9780893952673094,0.0041,0.01,0.0015,0.9819418054338301,0.9804776193977849,0.9873292844591053,0.9780893952673094,True,1141,10000,0.5571651000063866,0.022434000042267144,65,False,False,False
locked,locked_harder_holdout,holdout_bin_7,issue23_locked_leave_one_bin_local_calibration,LOW_GUARD_LR_reference,lr,LOW-GUARD-LR reference,P3_full_lowguard,True,True,lr_C1,47,heldout_47_51,selected_source_rich_top64,64,kcenter,32,0.01,id_calib_plus_ood_val_guarded_1pct,-4.067457114802276,0.9780893952673094,0.0041,0.01,0.0015,0.9819418054338301,0.9804776193977849,0.9873292844591053,0.9780893952673094,True,1141,10000,0.711005599994678,0.02285529999062419,65,False,False,False
locked,locked_harder_holdout,holdout_bin_7,issue23_locked_leave_one_bin_local_calibration,DevNet_like_MLP,devnet_like_mlp,DevNet-like MLP,P0_raw_train_id_threshold,False,False,mlp_h16_alpha001,47,heldout_47_51,selected_source_rich_top64,64,kcenter,32,0.01,id_calib_only_1pct,0.004115055231377488,0.9772129710780018,0.2982,0.01,0.2915,0.9800248028045574,0.9587365970457664,0.8877780664937307,0.9307624890446976,False,1141,10000,0.8152888999902643,0.010588100005406886,1057,False,False,False
locked,locked_harder_holdout,holdout_bin_7,issue23_locked_leave_one_bin_local_calibration,DevNet_like_MLP,devnet_like_mlp,DevNet-like MLP,P1_raw_train_oodval_threshold,False,True,mlp_h16_alpha001,47,heldout_47_51,selected_source_rich_top64,64,kcenter,32,0.01,id_calib_plus_ood_val_guarded_1pct,0.46436488724499625,0.9561787905346187,0.0128,0.0,0.01,0.9800248028045574,0.9587365970457664,0.8877780664937307,0.9307624890446976,False,1141,10000,0.8256781999953091,0.014197899959981441,1057,False,False,False
locked,locked_harder_holdout,holdout_bin_7,issue23_locked_leave_one_bin_local_calibration,DevNet_like_MLP,devnet_like_mlp,DevNet-like MLP,P2_guarded_train_id_threshold,True,False,mlp_h16_alpha001,47,heldout_47_51,selected_source_rich_top64,64,kcenter,32,0.01,id_calib_only_1pct,0.003089918103069068,0.9614373356704645,0.0061,0.01,0.004,0.9931694127957932,0.9841357534649715,0.965718161358942,0.9710780017528484,True,1141,10000,1.5819522999809124,0.016981100023258477,1057,False,False,False
locked,locked_harder_holdout,holdout_bin_7,issue23_locked_leave_one_bin_local_calibration,DevNet_like_MLP,devnet_like_mlp,DevNet-like MLP,P3_full_lowguard,True,True,mlp_h16_alpha001,47,heldout_47_51,selected_source_rich_top64,64,kcenter,32,0.01,id_calib_plus_ood_val_guarded_1pct,0.0030914105044212185,0.9614373356704645,0.0061,0.01,0.004,0.9931694127957932,0.9841357534649715,0.965718161358942,0.9710780017528484,True,1141,10000,1.464866099995561,0.013180100009776652,1057,False,False,False
locked,locked_harder_holdout,holdout_bin_7,issue23_locked_leave_one_bin_local_calibration,HistGB_shallow,histgb,HistGB shallow,P0_raw_train_id_threshold,False,False,histgb_depth2_iter50_lr005,47,heldout_47_51,selected_source_rich_top64,64,kcenter,32,0.01,id_calib_only_1pct,0.001303223995537485,0.9894829097283085,0.5841,0.0056,0.57,0.9680571428571428,0.9257092794010899,0.9349067863418759,0.8773006134969326,False,1141,10000,0.15149910002946854,0.026893499947618693,50,False,False,False
locked,locked_harder_holdout,holdout_bin_7,issue23_locked_leave_one_bin_local_calibration,HistGB_shallow,histgb,HistGB shallow,P1_raw_train_oodval_threshold,False,True,histgb_depth3_iter50_lr005,47,heldout_47_51,selected_source_rich_top64,64,kcenter,32,0.01,id_calib_plus_ood_val_guarded_1pct,0.14156932855301724,0.9658194566170026,0.002,0.0,0.0035,0.9786800175284838,0.9709288408979624,0.9798950933457823,0.9658194566170026,True,1141,10000,0.1655318000121042,0.026870599947869778,50,False,False,False
locked,locked_harder_holdout,holdout_bin_7,issue23_locked_leave_one_bin_local_calibration,HistGB_shallow,histgb,HistGB shallow,P2_guarded_train_id_threshold,True,False,histgb_depth2_iter50_lr005,47,heldout_47_51,selected_source_rich_top64,64,kcenter,32,0.01,id_calib_only_1pct,0.00012140127998808306,0.9780893952673094,0.062,0.0076,0.056,0.9965129272567923,0.984838855310506,0.9889896458629694,0.9780893952673094,False,1141,10000,0.2157275999779813,0.025744599988684058,50,False,False,False
locked,locked_harder_holdout,holdout_bin_7,issue23_locked_leave_one_bin_local_calibration,HistGB_shallow,histgb,HistGB shallow,P3_full_lowguard,True,True,histgb_depth2_iter50_lr005,47,heldout_47_51,selected_source_rich_top64,64,kcenter,32,0.01,id_calib_plus_ood_val_guarded_1pct,0.00019126182699693946,0.9780893952673094,0.0088,0.0074,0.008,0.9965129272567923,0.984838855310506,0.9889896458629694,0.9780893952673094,True,1141,10000,0.2225470000412315,0.02368340000975877,50,False,False,False
locked,locked_harder_holdout,holdout_bin_7,issue23_locked_leave_one_bin_local_calibration,DeepSAD_like_center,deepsad_like_center,DeepSAD-like center,P0_raw_train_id_threshold,False,False,center_lambda0,47,heldout_47_51,selected_source_rich_top64,64,kcenter,32,0.01,id_calib_only_1pct,338.484040222168,0.03943908851884312,0.2669,0.01,0.2565,0.4013563540753725,0.07928603766250854,0.49748743718592964,0.0,False,1141,10000,0.011605100007727742,0.015029200003482401,128,False,False,False
locked,locked_harder_holdout,holdout_bin_7,issue23_locked_leave_one_bin_local_calibration,DeepSAD_like_center,deepsad_like_center,DeepSAD-like center,P1_raw_train_oodval_threshold,False,True,center_lambda0,47,heldout_47_51,selected_source_rich_top64,64,kcenter,32,0.01,id_calib_plus_ood_val_guarded_1pct,16419.762357910156,0.0,0.008,0.0,0.01,0.4013563540753725,0.07928603766250854,0.49748743718592964,0.0,True,1141,10000,0.010405600012745708,0.014009199978318065,128,False,False,False
locked,locked_harder_holdout,holdout_bin_7,issue23_locked_leave_one_bin_local_calibration,DeepSAD_like_center,deepsad_like_center,DeepSAD-like center,P2_guarded_train_id_threshold,True,False,center_lambda2,47,heldout_47_51,selected_source_rich_top64,64,kcenter,32,0.01,id_calib_only_1pct,943.6749859619141,0.014022787028921999,0.0091,0.01,0.0125,0.88261148115688,0.3572455547102935,0.4996762955883713,0.021910604732690624,True,1141,10000,0.027880999958142638,0.015239300031680614,128,False,False,False
locked,locked_harder_holdout,holdout_bin_7,issue23_locked_leave_one_bin_local_calibration,DeepSAD_like_center,deepsad_like_center,DeepSAD-like center,P3_full_lowguard,True,True,center_lambda0,47,heldout_47_51,selected_source_rich_top64,64,kcenter,32,0.01,id_calib_plus_ood_val_guarded_1pct,364.81915180969236,0.0017528483786152498,0.0053,0.0008,0.0095,0.8911356704645049,0.36773591393333505,0.4981436542924967,0.0017528483786152498,True,1141,10000,0.03737600002204999,0.023240000009536743,128,False,False,False
locked,locked_harder_holdout,holdout_bin_7,issue23_locked_leave_one_bin_local_calibration,Prototype_metric_LR,prototype_metric_lr,Prototype / metric LR,P0_raw_train_id_threshold,False,False,prototype_metric_lr_C1,47,heldout_47_51,selected_source_rich_top64,64,kcenter,32,0.01,id_calib_only_1pct,3.4524739660883355,0.016652059596844872,0.0175,0.01,0.0135,0.5777914110429447,0.1461513543126961,0.4978970223598272,0.008764241893076249,False,1141,10000,0.012653400015551597,0.0139803999918513,132,False,False,False
locked,locked_harder_holdout,holdout_bin_7,issue23_locked_leave_one_bin_local_calibration,Prototype_metric_LR,prototype_metric_lr,Prototype / metric LR,P1_raw_train_oodval_threshold,False,True,prototype_metric_lr_C1,47,heldout_47_51,selected_source_rich_top64,64,kcenter,32,0.01,id_calib_plus_ood_val_guarded_1pct,3.7116449877360553,0.0,0.0074,0.0,0.01,0.5777914110429447,0.1461513543126961,0.4978970223598272,0.008764241893076249,True,1141,10000,0.012937699968460947,0.009392399981152266,132,False,False,False
locked,locked_harder_holdout,holdout_bin_7,issue23_locked_leave_one_bin_local_calibration,Prototype_metric_LR,prototype_metric_lr,Prototype / metric LR,P2_guarded_train_id_threshold,True,False,prototype_metric_lr_C1,47,heldout_47_51,selected_source_rich_top64,64,kcenter,32,0.01,id_calib_only_1pct,2.226532485162095,0.4636283961437336,0.0176,0.01,0.018,0.9642354951796669,0.6826007325160028,0.5463557929877256,0.27607361963190186,False,1141,10000,0.03255220002029091,0.013307499990332872,198,False,False,False
locked,locked_harder_holdout,holdout_bin_7,issue23_locked_leave_one_bin_local_calibration,Prototype_metric_LR,prototype_metric_lr,Prototype / metric LR,P3_full_lowguard,True,True,prototype_metric_lr_C1,47,heldout_47_51,selected_source_rich_top64,64,kcenter,32,0.01,id_calib_plus_ood_val_guarded_1pct,2.9559236673578453,0.28659070990359337,0.0109,0.0,0.01,0.9642354951796669,0.6826007325160028,0.5463557929877256,0.27607361963190186,False,1141,10000,0.036438100039958954,0.020839800010435283,198,False,False,False
locked,locked_harder_holdout,holdout_bin_7,issue23_locked_leave_one_bin_local_calibration,RFF_Logistic,rff_logistic,RFF Logistic optional,P0_raw_train_id_threshold,False,False,rff256_gamma1_C1,47,heldout_47_51,selected_source_rich_top64,64,kcenter,32,0.01,id_calib_only_1pct,1.1391835462052817,0.011393514460999123,0.0176,0.01,0.0135,0.500222874671341,0.100514206833634,0.49854002704142975,0.006134969325153374,False,1141,10000,0.48288680001860484,0.05614219995914027,16641,False,False,False
locked,locked_harder_holdout,holdout_bin_7,issue23_locked_leave_one_bin_local_calibration,RFF_Logistic,rff_logistic,RFF Logistic optional,P1_raw_train_oodval_threshold,False,True,rff128_gamma01_C1,47,heldout_47_51,selected_source_rich_top64,64,kcenter,32,0.01,id_calib_plus_ood_val_guarded_1pct,2.840333859591618,0.035056967572304996,0.0074,0.0008,0.0095,0.6925617879053462,0.21934250107787157,0.5095195521868765,0.04995617879053462,True,1141,10000,0.2546285000280477,0.0344965000404045,8321,False,False,False
locked,locked_harder_holdout,holdout_bin_7,issue23_locked_leave_one_bin_local_calibration,RFF_Logistic,rff_logistic,RFF Logistic optional,P2_guarded_train_id_threshold,True,False,rff128_gamma01_C1,47,heldout_47_51,selected_source_rich_top64,64,kcenter,32,0.01,id_calib_only_1pct,1.5835080675484676,0.17002629272567923,0.0082,0.01,0.0035,0.7660224364592462,0.4432443430665034,0.5559171845203229,0.2077125328659071,True,1141,10000,0.6133318999782205,0.028185500006657094,8321,False,False,False
locked,locked_harder_holdout,holdout_bin_7,issue23_locked_leave_one_bin_local_calibration,RFF_Logistic,rff_logistic,RFF Logistic optional,P3_full_lowguard,True,True,rff128_gamma01_C1,47,heldout_47_51,selected_source_rich_top64,64,kcenter,32,0.01,id_calib_plus_ood_val_guarded_1pct,1.6133612489246807,0.16827344434706398,0.0079,0.01,0.003,0.7660224364592462,0.4432443430665034,0.5559171845203229,0.2077125328659071,True,1141,10000,0.5701811999897473,0.03444979997584596,8321,False,False,False
locked,locked_harder_holdout,holdout_bin_7,issue23_locked_leave_one_bin_local_calibration,LOW_GUARD_LR_reference,lr,LOW-GUARD-LR reference,P0_raw_train_id_threshold,False,False,lr_C1,48,heldout_47_51,selected_source_rich_top64,64,kcenter,32,0.01,id_calib_only_1pct,-4.744701776455586,0.9780893952673094,0.4475,0.01,0.438,0.9433900964066609,0.5129007480695674,0.49748743718592964,0.0,False,1141,10000,0.1493235999951139,0.009826500026974827,65,False,False,False
locked,locked_harder_holdout,holdout_bin_7,issue23_locked_leave_one_bin_local_calibration,LOW_GUARD_LR_reference,lr,LOW-GUARD-LR reference,P1_raw_train_oodval_threshold,False,True,lr_C1,48,heldout_47_51,selected_source_rich_top64,64,kcenter,32,0.01,id_calib_plus_ood_val_guarded_1pct,71.18712401964892,0.0,0.0079,0.0,0.01,0.9433900964066609,0.5129007480695674,0.49748743718592964,0.0,True,1141,10000,0.1564436000189744,0.010663399996701628,65,False,False,False
locked,locked_harder_holdout,holdout_bin_7,issue23_locked_leave_one_bin_local_calibration,LOW_GUARD_LR_reference,lr,LOW-GUARD-LR reference,P2_guarded_train_id_threshold,True,False,lr_C1,48,heldout_47_51,selected_source_rich_top64,64,kcenter,32,0.01,id_calib_only_1pct,-4.0700932965742265,0.9780893952673094,0.0041,0.01,0.0015,0.9819418054338301,0.9804776193977849,0.9873292844591053,0.9780893952673094,True,1141,10000,0.37543870002264157,0.010998999990988523,65,False,False,False
locked,locked_harder_holdout,holdout_bin_7,issue23_locked_leave_one_bin_local_calibration,LOW_GUARD_LR_reference,lr,LOW-GUARD-LR reference,P3_full_lowguard,True,True,lr_C1,48,heldout_47_51,selected_source_rich_top64,64,kcenter,32,0.01,id_calib_plus_ood_val_guarded_1pct,-4.067457114802276,0.9780893952673094,0.0041,0.01,0.0015,0.9819418054338301,0.9804776193977849,0.9873292844591053,0.9780893952673094,True,1141,10000,0.3782908000284806,0.010991300048772246,65,False,False,False
locked,locked_harder_holdout,holdout_bin_7,issue23_locked_leave_one_bin_local_calibration,DevNet_like_MLP,devnet_like_mlp,DevNet-like MLP,P0_raw_train_id_threshold,False,False,mlp_h8_alpha001,48,heldout_47_51,selected_source_rich_top64,64,kcenter,32,0.01,id_calib_only_1pct,0.004961418425664318,0.9772129710780018,0.1893,0.01,0.1835,0.9817050832602979,0.9514304491917343,0.8971721006434451,0.9202453987730062,False,1141,10000,0.9525369000039063,0.01008229999570176,529,False,False,False
locked,locked_harder_holdout,holdout_bin_7,issue23_locked_leave_one_bin_local_calibration,DevNet_like_MLP,devnet_like_mlp,DevNet-like MLP,P1_raw_train_oodval_threshold,False,True,mlp_h8_alpha001,48,heldout_47_51,selected_source_rich_top64,64,kcenter,32,0.01,id_calib_plus_ood_val_guarded_1pct,0.43604392135141673,0.9500438212094654,0.0145,0.0,0.01,0.9817050832602979,0.9514304491917343,0.8971721006434451,0.9202453987730062,False,1141,10000,0.8024570999550633,0.010066999995615333,529,False,False,False
locked,locked_harder_holdout,holdout_bin_7,issue23_locked_leave_one_bin_local_calibration,DevNet_like_MLP,devnet_like_mlp,DevNet-like MLP,P2_guarded_train_id_threshold,True,False,mlp_h16_alpha001,48,heldout_47_51,selected_source_rich_top64,64,kcenter,32,0.01,id_calib_only_1pct,0.004995303614996385,0.9693251533742331,0.0059,0.01,0.002,0.9939234881682734,0.9860591685707004,0.9686909569759402,0.9745836985100789,True,1141,10000,1.4099500000011176,0.011249700037296861,1057,False,False,False
locked,locked_harder_holdout,holdout_bin_7,issue23_locked_leave_one_bin_local_calibration,DevNet_like_MLP,devnet_like_mlp,DevNet-like MLP,P3_full_lowguard,True,True,mlp_h16_alpha001,48,heldout_47_51,selected_source_rich_top64,64,kcenter,32,0.01,id_calib_plus_ood_val_guarded_1pct,0.005074498192407225,0.9693251533742331,0.0059,0.0098,0.002,0.9939234881682734,0.9860591685707004,0.9686909569759402,0.9745836985100789,True,1141,10000,1.2889423000160605,0.010263799980748445,1057,False,False,False
locked,locked_harder_holdout,holdout_bin_7,issue23_locked_leave_one_bin_local_calibration,HistGB_shallow,histgb,HistGB shallow,P0_raw_train_id_threshold,False,False,histgb_depth3_iter50_lr005,48,heldout_47_51,selected_source_rich_top64,64,kcenter,32,0.01,id_calib_only_1pct,0.0006660977708295065,0.9807186678352322,0.6971,0.01,0.677,0.9786800175284838,0.9709288408979624,0.9798950933457823,0.9658194566170026,False,1141,10000,0.1328143000137061,0.019740399962756783,50,False,False,False
locked,locked_harder_holdout,holdout_bin_7,issue23_locked_leave_one_bin_local_calibration,HistGB_shallow,histgb,HistGB shallow,P1_raw_train_oodval_threshold,False,True,histgb_depth2_iter50_lr005,48,heldout_47_51,selected_source_rich_top64,64,kcenter,32,0.01,id_calib_plus_ood_val_guarded_1pct,0.1542314507081906,0.880806310254163,0.013,0.0,0.0085,0.9680571428571428,0.9257092794010899,0.9349067863418759,0.8773006134969326,False,1141,10000,0.12367020000237972,0.017448399972636253,50,False,False,False
locked,locked_harder_holdout,holdout_bin_7,issue23_locked_leave_one_bin_local_calibration,HistGB_shallow,histgb,HistGB shallow,P2_guarded_train_id_threshold,True,False,histgb_depth2_iter50_lr005,48,heldout_47_51,selected_source_rich_top64,64,kcenter,32,0.01,id_calib_only_1pct,0.0004328520628711896,0.6687116564417178,0.0222,0.008,0.02,0.6880649430324277,0.7022071371709702,0.833320854931978,0.6687116564417178,False,1141,10000,0.16534179996233433,0.017705700010992587,50,False,False,False
locked,locked_harder_holdout,holdout_bin_7,issue23_locked_leave_one_bin_local_calibration,HistGB_shallow,histgb,HistGB shallow,P3_full_lowguard,True,True,histgb_depth2_iter50_lr005,48,heldout_47_51,selected_source_rich_top64,64,kcenter,32,0.01,id_calib_plus_ood_val_guarded_1pct,0.0004971782448858249,0.6687116564417178,0.0096,0.008,0.0085,0.6880649430324277,0.7022071371709702,0.833320854931978,0.6687116564417178,True,1141,10000,0.17426790000172332,0.01721499999985099,50,False,False,False
locked,locked_harder_holdout,holdout_bin_7,issue23_locked_leave_one_bin_local_calibration,DeepSAD_like_center,deepsad_like_center,DeepSAD-like center,P0_raw_train_id_threshold,False,False,center_lambda1,48,heldout_47_51,selected_source_rich_top64,64,kcenter,32,0.01,id_calib_only_1pct,887.5596948242189,0.1691498685363716,0.2553,0.01,0.2475,0.5171007887817705,0.10039320940605516,0.49748743718592964,0.0,False,1141,10000,0.008065700007136911,0.010656200000084937,128,False,False,False
locked,locked_harder_holdout,holdout_bin_7,issue23_locked_leave_one_bin_local_calibration,DeepSAD_like_center,deepsad_like_center,DeepSAD-like center,P1_raw_train_oodval_threshold,False,True,center_lambda0,48,heldout_47_51,selected_source_rich_top64,64,kcenter,32,0.01,id_calib_plus_ood_val_guarded_1pct,16419.762357910156,0.0,0.008,0.0,0.01,0.4013563540753725,0.07928603766250854,0.49748743718592964,0.0,True,1141,10000,0.01228099997388199,0.011583900020923465,128,False,False,False
locked,locked_harder_holdout,holdout_bin_7,issue23_locked_leave_one_bin_local_calibration,DeepSAD_like_center,deepsad_like_center,DeepSAD-like center,P2_guarded_train_id_threshold,True,False,center_lambda2,48,heldout_47_51,selected_source_rich_top64,64,kcenter,32,0.01,id_calib_only_1pct,943.6749859619141,0.014022787028921999,0.0091,0.01,0.0125,0.88261148115688,0.3572455547102935,0.4996762955883713,0.021910604732690624,True,1141,10000,0.022006699990015477,0.011429600010160357,128,False,False,False
locked,locked_harder_holdout,holdout_bin_7,issue23_locked_leave_one_bin_local_calibration,DeepSAD_like_center,deepsad_like_center,DeepSAD-like center,P3_full_lowguard,True,True,center_lambda1,48,heldout_47_51,selected_source_rich_top64,64,kcenter,32,0.01,id_calib_plus_ood_val_guarded_1pct,694.7202195434569,0.0035056967572304996,0.0063,0.0058,0.01,0.8853808939526732,0.3611584044921952,0.499121373739865,0.010517090271691499,True,1141,10000,0.022656399989500642,0.012763099977746606,128,False,False,False
locked,locked_harder_holdout,holdout_bin_7,issue23_locked_leave_one_bin_local_calibration,Prototype_metric_LR,prototype_metric_lr,Prototype / metric LR,P0_raw_train_id_threshold,False,False,prototype_metric_lr_C1,48,heldout_47_51,selected_source_rich_top64,64,kcenter,32,0.01,id_calib_only_1pct,3.4524739660883355,0.016652059596844872,0.0175,0.01,0.0135,0.5777914110429447,0.1461513543126961,0.4978970223598272,0.008764241893076249,False,1141,10000,0.009512699965853244,0.007340800017118454,132,False,False,False
locked,locked_harder_holdout,holdout_bin_7,issue23_locked_leave_one_bin_local_calibration,Prototype_metric_LR,prototype_metric_lr,Prototype / metric LR,P1_raw_train_oodval_threshold,False,True,prototype_metric_lr_C1,48,heldout_47_51,selected_source_rich_top64,64,kcenter,32,0.01,id_calib_plus_ood_val_guarded_1pct,3.7116449877360553,0.0,0.0074,0.0,0.01,0.5777914110429447,0.1461513543126961,0.4978970223598272,0.008764241893076249,True,1141,10000,0.009530799987260252,0.006554999970830977,132,False,False,False
locked,locked_harder_holdout,holdout_bin_7,issue23_locked_leave_one_bin_local_calibration,Prototype_metric_LR,prototype_metric_lr,Prototype / metric LR,P2_guarded_train_id_threshold,True,False,prototype_metric_lr_C1,48,heldout_47_51,selected_source_rich_top64,64,kcenter,32,0.01,id_calib_only_1pct,2.226532485162095,0.4636283961437336,0.0176,0.01,0.018,0.9642354951796669,0.6826007325160028,0.5463557929877256,0.27607361963190186,False,1141,10000,0.023152199981268495,0.012186900014057755,198,False,False,False
locked,locked_harder_holdout,holdout_bin_7,issue23_locked_leave_one_bin_local_calibration,Prototype_metric_LR,prototype_metric_lr,Prototype / metric LR,P3_full_lowguard,True,True,prototype_metric_lr_C1,48,heldout_47_51,selected_source_rich_top64,64,kcenter,32,0.01,id_calib_plus_ood_val_guarded_1pct,2.9559236673578453,0.28659070990359337,0.0109,0.0,0.01,0.9642354951796669,0.6826007325160028,0.5463557929877256,0.27607361963190186,False,1141,10000,0.02302540000528097,0.010454899980686605,198,False,False,False
locked,locked_harder_holdout,holdout_bin_7,issue23_locked_leave_one_bin_local_calibration,RFF_Logistic,rff_logistic,RFF Logistic optional,P0_raw_train_id_threshold,False,False,rff128_gamma1_C1,48,heldout_47_51,selected_source_rich_top64,64,kcenter,32,0.01,id_calib_only_1pct,2.503975101310498,0.020157756354075372,0.0272,0.01,0.0275,0.4576152497808939,0.09231652357996671,0.4983198199586891,0.007011393514460999,False,1141,10000,0.17285939998691902,0.02489830000558868,8321,False,False,False
locked,locked_harder_holdout,holdout_bin_7,issue23_locked_leave_one_bin_local_calibration,RFF_Logistic,rff_logistic,RFF Logistic optional,P1_raw_train_oodval_threshold,False,True,rff256_gamma01_C1,48,heldout_47_51,selected_source_rich_top64,64,kcenter,32,0.01,id_calib_plus_ood_val_guarded_1pct,2.744853626318311,0.008764241893076249,0.0135,0.0002,0.01,0.5022631025416301,0.11220363409287258,0.4997203370049194,0.006134969325153374,False,1141,10000,0.3626753999851644,0.04807959997560829,16641,False,False,False
locked,locked_harder_holdout,holdout_bin_7,issue23_locked_leave_one_bin_local_calibration,RFF_Logistic,rff_logistic,RFF Logistic optional,P2_guarded_train_id_threshold,True,False,rff256_gamma01_C1,48,heldout_47_51,selected_source_rich_top64,64,kcenter,32,0.01,id_calib_only_1pct,-0.16049348887416057,0.31200701139351444,0.0159,0.01,0.015,0.8884927256792288,0.5928576408308034,0.5878207866677824,0.25942156003505695,False,1141,10000,0.8998106999788433,0.0416117999702692,16641,False,False,False
locked,locked_harder_holdout,holdout_bin_7,issue23_locked_leave_one_bin_local_calibration,RFF_Logistic,rff_logistic,RFF Logistic optional,P3_full_lowguard,True,True,rff256_gamma01_C1,48,heldout_47_51,selected_source_rich_top64,64,kcenter,32,0.01,id_calib_plus_ood_val_guarded_1pct,0.2566671180755449,0.25942156003505695,0.0099,0.0062,0.01,0.8884927256792288,0.5928576408308034,0.5878207866677824,0.25942156003505695,True,1141,10000,0.8840642000432126,0.04251890000887215,16641,False,False,False
locked,locked_harder_holdout,holdout_bin_7,issue23_locked_leave_one_bin_local_calibration,LOW_GUARD_LR_reference,lr,LOW-GUARD-LR reference,P0_raw_train_id_threshold,False,False,lr_C1,49,heldout_47_51,selected_source_rich_top64,64,kcenter,32,0.01,id_calib_only_1pct,-4.744701776455586,0.9780893952673094,0.4475,0.01,0.438,0.9433900964066609,0.5129007480695674,0.49748743718592964,0.0,False,1141,10000,0.12925129994982854,0.01332560001173988,65,False,False,False
locked,locked_harder_holdout,holdout_bin_7,issue23_locked_leave_one_bin_local_calibration,LOW_GUARD_LR_reference,lr,LOW-GUARD-LR reference,P1_raw_train_oodval_threshold,False,True,lr_C1,49,heldout_47_51,selected_source_rich_top64,64,kcenter,32,0.01,id_calib_plus_ood_val_guarded_1pct,71.18712401964892,0.0,0.0079,0.0,0.01,0.9433900964066609,0.5129007480695674,0.49748743718592964,0.0,True,1141,10000,0.16000410000560805,0.014010899991262704,65,False,False,False
locked,locked_harder_holdout,holdout_bin_7,issue23_locked_leave_one_bin_local_calibration,LOW_GUARD_LR_reference,lr,LOW-GUARD-LR reference,P2_guarded_train_id_threshold,True,False,lr_C1,49,heldout_47_51,selected_source_rich_top64,64,kcenter,32,0.01,id_calib_only_1pct,-4.0700932965742265,0.9780893952673094,0.0041,0.01,0.0015,0.9819418054338301,0.9804776193977849,0.9873292844591053,0.9780893952673094,True,1141,10000,0.3518318999558687,0.010552900028415024,65,False,False,False
locked,locked_harder_holdout,holdout_bin_7,issue23_locked_leave_one_bin_local_calibration,LOW_GUARD_LR_reference,lr,LOW-GUARD-LR reference,P3_full_lowguard,True,True,lr_C1,49,heldout_47_51,selected_source_rich_top64,64,kcenter,32,0.01,id_calib_plus_ood_val_guarded_1pct,-4.067457114802276,0.9780893952673094,0.0041,0.01,0.0015,0.9819418054338301,0.9804776193977849,0.9873292844591053,0.9780893952673094,True,1141,10000,0.3963495999923907,0.013436099980026484,65,False,False,False
locked,locked_harder_holdout,holdout_bin_7,issue23_locked_leave_one_bin_local_calibration,DevNet_like_MLP,devnet_like_mlp,DevNet-like MLP,P0_raw_train_id_threshold,False,False,mlp_h16_alpha001,49,heldout_47_51,selected_source_rich_top64,64,kcenter,32,0.01,id_calib_only_1pct,0.006421426488086582,0.9780893952673094,0.753,0.01,0.75,0.9755722173531991,0.8930190915746137,0.7574330900779093,0.845749342681858,False,1141,10000,0.8301106999861076,0.013264600012917072,1057,False,False,False
locked,locked_harder_holdout,holdout_bin_7,issue23_locked_leave_one_bin_local_calibration,DevNet_like_MLP,devnet_like_mlp,DevNet-like MLP,P1_raw_train_oodval_threshold,False,True,mlp_h16_alpha001,49,heldout_47_51,selected_source_rich_top64,64,kcenter,32,0.01,id_calib_plus_ood_val_guarded_1pct,0.6242682785242795,0.9272567922874672,0.0169,0.0,0.01,0.9755722173531991,0.8930190915746137,0.7574330900779093,0.845749342681858,False,1141,10000,0.7424027000088245,0.012428699992597103,1057,False,False,False
locked,locked_harder_holdout,holdout_bin_7,issue23_locked_leave_one_bin_local_calibration,DevNet_like_MLP,devnet_like_mlp,DevNet-like MLP,P2_guarded_train_id_threshold,True,False,mlp_h16_alpha001,49,heldout_47_51,selected_source_rich_top64,64,kcenter,32,0.01,id_calib_only_1pct,0.005165351578034461,0.9605609114811569,0.0069,0.01,0.003,0.9927507449605607,0.9805271572047649,0.9559101378936752,0.964943032427695,True,1141,10000,1.2128937999950722,0.011564199987333268,1057,False,False,False
locked,locked_harder_holdout,holdout_bin_7,issue23_locked_leave_one_bin_local_calibration,DevNet_like_MLP,devnet_like_mlp,DevNet-like MLP,P3_full_lowguard,True,True,mlp_h16_alpha001,49,heldout_47_51,selected_source_rich_top64,64,kcenter,32,0.01,id_calib_plus_ood_val_guarded_1pct,0.005165347661823034,0.9605609114811569,0.0069,0.01,0.003,0.9927507449605607,0.9805271572047649,0.9559101378936752,0.964943032427695,True,1141,10000,1.1771502999472432,0.011702699994202703,1057,False,False,False
locked,locked_harder_holdout,holdout_bin_7,issue23_locked_leave_one_bin_local_calibration,HistGB_shallow,histgb,HistGB shallow,P0_raw_train_id_threshold,False,False,histgb_depth2_iter50_lr005,49,heldout_47_51,selected_source_rich_top64,64,kcenter,32,0.01,id_calib_only_1pct,0.001303223995537485,0.9894829097283085,0.5841,0.0056,0.57,0.9680571428571428,0.9257092794010899,0.9349067863418759,0.8773006134969326,False,1141,10000,0.11961649998556823,0.02102369995554909,50,False,False,False
locked,locked_harder_holdout,holdout_bin_7,issue23_locked_leave_one_bin_local_calibration,HistGB_shallow,histgb,HistGB shallow,P1_raw_train_oodval_threshold,False,True,histgb_depth2_iter50_lr005,49,heldout_47_51,selected_source_rich_top64,64,kcenter,32,0.01,id_calib_plus_ood_val_guarded_1pct,0.1542314507081906,0.880806310254163,0.013,0.0,0.0085,0.9680571428571428,0.9257092794010899,0.9349067863418759,0.8773006134969326,False,1141,10000,0.12290419999044389,0.019751599989831448,50,False,False,False
locked,locked_harder_holdout,holdout_bin_7,issue23_locked_leave_one_bin_local_calibration,HistGB_shallow,histgb,HistGB shallow,P2_guarded_train_id_threshold,True,False,histgb_depth2_iter50_lr005,49,heldout_47_51,selected_source_rich_top64,64,kcenter,32,0.01,id_calib_only_1pct,0.0003441118269104411,0.9780893952673094,0.0193,0.0096,0.019,0.9981661700262927,0.9912463095114425,0.988461148864392,0.9780893952673094,False,1141,10000,0.1794025999843143,0.02231890003895387,50,False,False,False
locked,locked_harder_holdout,holdout_bin_7,issue23_locked_leave_one_bin_local_calibration,HistGB_shallow,histgb,HistGB shallow,P3_full_lowguard,True,True,histgb_depth2_iter50_lr005,49,heldout_47_51,selected_source_rich_top64,64,kcenter,32,0.01,id_calib_plus_ood_val_guarded_1pct,0.00035900114938541605,0.9780893952673094,0.0082,0.0096,0.009,0.9981661700262927,0.9912463095114425,0.988461148864392,0.9780893952673094,True,1141,10000,0.18060910003259778,0.01758069999050349,50,False,False,False
locked,locked_harder_holdout,holdout_bin_7,issue23_locked_leave_one_bin_local_calibration,DeepSAD_like_center,deepsad_like_center,DeepSAD-like center,P0_raw_train_id_threshold,False,False,center_lambda0,49,heldout_47_51,selected_source_rich_top64,64,kcenter,32,0.01,id_calib_only_1pct,338.484040222168,0.03943908851884312,0.2669,0.01,0.2565,0.4013563540753725,0.07928603766250854,0.49748743718592964,0.0,False,1141,10000,0.010101300023961812,0.011020699981600046,128,False,False,False
locked,locked_harder_holdout,holdout_bin_7,issue23_locked_leave_one_bin_local_calibration,DeepSAD_like_center,deepsad_like_center,DeepSAD-like center,P1_raw_train_oodval_threshold,False,True,center_lambda0,49,heldout_47_51,selected_source_rich_top64,64,kcenter,32,0.01,id_calib_plus_ood_val_guarded_1pct,16419.762357910156,0.0,0.008,0.0,0.01,0.4013563540753725,0.07928603766250854,0.49748743718592964,0.0,True,1141,10000,0.007657699985429645,0.009179699991364032,128,False,False,False
locked,locked_harder_holdout,holdout_bin_7,issue23_locked_leave_one_bin_local_calibration,DeepSAD_like_center,deepsad_like_center,DeepSAD-like center,P2_guarded_train_id_threshold,True,False,center_lambda1,49,heldout_47_51,selected_source_rich_top64,64,kcenter,32,0.01,id_calib_only_1pct,581.1203491210939,0.010517090271691499,0.0105,0.01,0.0135,0.8853808939526732,0.3611584044921952,0.499121373739865,0.010517090271691499,False,1141,10000,0.017892399977426976,0.011483300011605024,128,False,False,False
locked,locked_harder_holdout,holdout_bin_7,issue23_locked_leave_one_bin_local_calibration,DeepSAD_like_center,deepsad_like_center,DeepSAD-like center,P3_full_lowguard,True,True,center_lambda1,49,heldout_47_51,selected_source_rich_top64,64,kcenter,32,0.01,id_calib_plus_ood_val_guarded_1pct,694.7202195434569,0.0035056967572304996,0.0063,0.0058,0.01,0.8853808939526732,0.3611584044921952,0.499121373739865,0.010517090271691499,True,1141,10000,0.019169399980455637,0.009654399997089058,128,False,False,False
locked,locked_harder_holdout,holdout_bin_7,issue23_locked_leave_one_bin_local_calibration,Prototype_metric_LR,prototype_metric_lr,Prototype / metric LR,P0_raw_train_id_threshold,False,False,prototype_metric_lr_C1,49,heldout_47_51,selected_source_rich_top64,64,kcenter,32,0.01,id_calib_only_1pct,3.4524739660883355,0.016652059596844872,0.0175,0.01,0.0135,0.5777914110429447,0.1461513543126961,0.4978970223598272,0.008764241893076249,False,1141,10000,0.010651499964296818,0.007386700017377734,132,False,False,False
locked,locked_harder_holdout,holdout_bin_7,issue23_locked_leave_one_bin_local_calibration,Prototype_metric_LR,prototype_metric_lr,Prototype / metric LR,P1_raw_train_oodval_threshold,False,True,prototype_metric_lr_C1,49,heldout_47_51,selected_source_rich_top64,64,kcenter,32,0.01,id_calib_plus_ood_val_guarded_1pct,3.7116449877360553,0.0,0.0074,0.0,0.01,0.5777914110429447,0.1461513543126961,0.4978970223598272,0.008764241893076249,True,1141,10000,0.011121599993202835,0.008571400016080588,132,False,False,False
locked,locked_harder_holdout,holdout_bin_7,issue23_locked_leave_one_bin_local_calibration,Prototype_metric_LR,prototype_metric_lr,Prototype / metric LR,P2_guarded_train_id_threshold,True,False,prototype_metric_lr_C1,49,heldout_47_51,selected_source_rich_top64,64,kcenter,32,0.01,id_calib_only_1pct,2.226532485162095,0.4636283961437336,0.0176,0.01,0.018,0.9642354951796669,0.6826007325160028,0.5463557929877256,0.27607361963190186,False,1141,10000,0.024787899979855865,0.010190100001636893,198,False,False,False
locked,locked_harder_holdout,holdout_bin_7,issue23_locked_leave_one_bin_local_calibration,Prototype_metric_LR,prototype_metric_lr,Prototype / metric LR,P3_full_lowguard,True,True,prototype_metric_lr_C1,49,heldout_47_51,selected_source_rich_top64,64,kcenter,32,0.01,id_calib_plus_ood_val_guarded_1pct,2.9559236673578453,0.28659070990359337,0.0109,0.0,0.01,0.9642354951796669,0.6826007325160028,0.5463557929877256,0.27607361963190186,False,1141,10000,0.03168910002568737,0.01576879998901859,198,False,False,False
locked,locked_harder_holdout,holdout_bin_7,issue23_locked_leave_one_bin_local_calibration,RFF_Logistic,rff_logistic,RFF Logistic optional,P0_raw_train_id_threshold,False,False,rff256_gamma1_C1,49,heldout_47_51,selected_source_rich_top64,64,kcenter,32,0.01,id_calib_only_1pct,0.74091634645042,0.03680981595092025,0.0209,0.01,0.0245,0.53350245398773,0.12009978575403105,0.5022439101731269,0.021034180543382998,False,1141,10000,0.37491850001970306,0.04149290005443618,16641,False,False,False
locked,locked_harder_holdout,holdout_bin_7,issue23_locked_leave_one_bin_local_calibration,RFF_Logistic,rff_logistic,RFF Logistic optional,P1_raw_train_oodval_threshold,False,True,rff256_gamma01_C1,49,heldout_47_51,selected_source_rich_top64,64,kcenter,32,0.01,id_calib_plus_ood_val_guarded_1pct,2.218809687313316,0.014899211218229623,0.0076,0.0,0.01,0.5410341805433829,0.11410384082064853,0.5021558273400306,0.018404907975460124,True,1141,10000,0.37186280003516003,0.04336040001362562,16641,False,False,False
locked,locked_harder_holdout,holdout_bin_7,issue23_locked_leave_one_bin_local_calibration,RFF_Logistic,rff_logistic,RFF Logistic optional,P2_guarded_train_id_threshold,True,False,rff128_gamma01_C1,49,heldout_47_51,selected_source_rich_top64,64,kcenter,32,0.01,id_calib_only_1pct,0.5684976339702215,0.3058720420683611,0.0128,0.01,0.0135,0.8231484662576688,0.5243178942821591,0.5818399623005475,0.2822085889570552,False,1141,10000,0.49131720000877976,0.02403930004220456,8321,False,False,False
locked,locked_harder_holdout,holdout_bin_7,issue23_locked_leave_one_bin_local_calibration,RFF_Logistic,rff_logistic,RFF Logistic optional,P3_full_lowguard,True,True,rff128_gamma01_C1,49,heldout_47_51,selected_source_rich_top64,64,kcenter,32,0.01,id_calib_plus_ood_val_guarded_1pct,0.913540562631818,0.27607361963190186,0.0099,0.0072,0.01,0.8231484662576688,0.5243178942821591,0.5818399623005475,0.2822085889570552,True,1141,10000,0.46851420000893995,0.029000399983488023,8321,False,False,False
locked,locked_harder_holdout,holdout_bin_7,issue23_locked_leave_one_bin_local_calibration,LOW_GUARD_LR_reference,lr,LOW-GUARD-LR reference,P0_raw_train_id_threshold,False,False,lr_C1,50,heldout_47_51,selected_source_rich_top64,64,kcenter,32,0.01,id_calib_only_1pct,-4.744701776455586,0.9780893952673094,0.4475,0.01,0.438,0.9433900964066609,0.5129007480695674,0.49748743718592964,0.0,False,1141,10000,0.12945459998445585,0.011588299996219575,65,False,False,False
locked,locked_harder_holdout,holdout_bin_7,issue23_locked_leave_one_bin_local_calibration,LOW_GUARD_LR_reference,lr,LOW-GUARD-LR reference,P1_raw_train_oodval_threshold,False,True,lr_C1,50,heldout_47_51,selected_source_rich_top64,64,kcenter,32,0.01,id_calib_plus_ood_val_guarded_1pct,71.18712401964892,0.0,0.0079,0.0,0.01,0.9433900964066609,0.5129007480695674,0.49748743718592964,0.0,True,1141,10000,0.16808090003905818,0.017092499998398125,65,False,False,False
locked,locked_harder_holdout,holdout_bin_7,issue23_locked_leave_one_bin_local_calibration,LOW_GUARD_LR_reference,lr,LOW-GUARD-LR reference,P2_guarded_train_id_threshold,True,False,lr_C1,50,heldout_47_51,selected_source_rich_top64,64,kcenter,32,0.01,id_calib_only_1pct,-4.0700932965742265,0.9780893952673094,0.0041,0.01,0.0015,0.9819418054338301,0.9804776193977849,0.9873292844591053,0.9780893952673094,True,1141,10000,0.39558960002614185,0.01674510003067553,65,False,False,False
locked,locked_harder_holdout,holdout_bin_7,issue23_locked_leave_one_bin_local_calibration,LOW_GUARD_LR_reference,lr,LOW-GUARD-LR reference,P3_full_lowguard,True,True,lr_C1,50,heldout_47_51,selected_source_rich_top64,64,kcenter,32,0.01,id_calib_plus_ood_val_guarded_1pct,-4.067457114802276,0.9780893952673094,0.0041,0.01,0.0015,0.9819418054338301,0.9804776193977849,0.9873292844591053,0.9780893952673094,True,1141,10000,0.3709341999492608,0.014058100001420826,65,False,False,False
locked,locked_harder_holdout,holdout_bin_7,issue23_locked_leave_one_bin_local_calibration,DevNet_like_MLP,devnet_like_mlp,DevNet-like MLP,P0_raw_train_id_threshold,False,False,mlp_h16_alpha001,50,heldout_47_51,selected_source_rich_top64,64,kcenter,32,0.01,id_calib_only_1pct,0.00478615165688098,0.9780893952673094,0.5122,0.01,0.505,0.9726100788781772,0.9131792450833581,0.8468812070871448,0.8606485539000877,False,1141,10000,0.7108915999997407,0.010328600008506328,1057,False,False,False
locked,locked_harder_holdout,holdout_bin_7,issue23_locked_leave_one_bin_local_calibration,DevNet_like_MLP,devnet_like_mlp,DevNet-like MLP,P1_raw_train_oodval_threshold,False,True,mlp_h16_alpha001,50,heldout_47_51,selected_source_rich_top64,64,kcenter,32,0.01,id_calib_plus_ood_val_guarded_1pct,0.3013015259206295,0.8843120070113936,0.0173,0.0,0.01,0.9726100788781772,0.9131792450833581,0.8468812070871448,0.8606485539000877,False,1141,10000,0.7021316000027582,0.01189869997324422,1057,False,False,False
locked,locked_harder_holdout,holdout_bin_7,issue23_locked_leave_one_bin_local_calibration,DevNet_like_MLP,devnet_like_mlp,DevNet-like MLP,P2_guarded_train_id_threshold,True,False,mlp_h16_alpha001,50,heldout_47_51,selected_source_rich_top64,64,kcenter,32,0.01,id_calib_only_1pct,0.0038804395054467112,0.9693251533742331,0.0072,0.01,0.003,0.9888093777388255,0.9815964280442446,0.9739627145367504,0.9737072743207712,True,1141,10000,1.1513169999816455,0.014552899985574186,1057,False,False,False
locked,locked_harder_holdout,holdout_bin_7,issue23_locked_leave_one_bin_local_calibration,DevNet_like_MLP,devnet_like_mlp,DevNet-like MLP,P3_full_lowguard,True,True,mlp_h16_alpha001,50,heldout_47_51,selected_source_rich_top64,64,kcenter,32,0.01,id_calib_plus_ood_val_guarded_1pct,0.0038803581185638827,0.9693251533742331,0.0072,0.01,0.003,0.9888093777388255,0.9815964280442446,0.9739627145367504,0.9737072743207712,True,1141,10000,1.144323999993503,0.010651299962773919,1057,False,False,False
locked,locked_harder_holdout,holdout_bin_7,issue23_locked_leave_one_bin_local_calibration,HistGB_shallow,histgb,HistGB shallow,P0_raw_train_id_threshold,False,False,histgb_depth3_iter50_lr005,50,heldout_47_51,selected_source_rich_top64,64,kcenter,32,0.01,id_calib_only_1pct,0.0006660977708295065,0.9807186678352322,0.6971,0.01,0.677,0.9786800175284838,0.9709288408979624,0.9798950933457823,0.9658194566170026,False,1141,10000,0.14587960002245381,0.019283699977677315,50,False,False,False
locked,locked_harder_holdout,holdout_bin_7,issue23_locked_leave_one_bin_local_calibration,HistGB_shallow,histgb,HistGB shallow,P1_raw_train_oodval_threshold,False,True,histgb_depth2_iter50_lr005,50,heldout_47_51,selected_source_rich_top64,64,kcenter,32,0.01,id_calib_plus_ood_val_guarded_1pct,0.1542314507081906,0.880806310254163,0.013,0.0,0.0085,0.9680571428571428,0.9257092794010899,0.9349067863418759,0.8773006134969326,False,1141,10000,0.12024240003665909,0.01722949999384582,50,False,False,False
locked,locked_harder_holdout,holdout_bin_7,issue23_locked_leave_one_bin_local_calibration,HistGB_shallow,histgb,HistGB shallow,P2_guarded_train_id_threshold,True,False,histgb_depth3_iter50_lr005,50,heldout_47_51,selected_source_rich_top64,64,kcenter,32,0.01,id_calib_only_1pct,0.0001772504939571137,0.9780893952673094,0.0185,0.0094,0.019,0.9803571428571427,0.9803522482723781,0.9889896458629697,0.9780893952673094,False,1141,10000,0.2109677999978885,0.01867419999325648,50,False,False,False
locked,locked_harder_holdout,holdout_bin_7,issue23_locked_leave_one_bin_local_calibration,HistGB_shallow,histgb,HistGB shallow,P3_full_lowguard,True,True,histgb_depth3_iter50_lr005,50,heldout_47_51,selected_source_rich_top64,64,kcenter,32,0.01,id_calib_plus_ood_val_guarded_1pct,0.00040337081848214513,0.9780893952673094,0.0119,0.004,0.01,0.9803571428571427,0.9803522482723781,0.9889896458629697,0.9780893952673094,False,1141,10000,0.24053189996629953,0.02850759995635599,50,False,False,False
locked,locked_harder_holdout,holdout_bin_7,issue23_locked_leave_one_bin_local_calibration,DeepSAD_like_center,deepsad_like_center,DeepSAD-like center,P0_raw_train_id_threshold,False,False,center_lambda0,50,heldout_47_51,selected_source_rich_top64,64,kcenter,32,0.01,id_calib_only_1pct,338.484040222168,0.03943908851884312,0.2669,0.01,0.2565,0.4013563540753725,0.07928603766250854,0.49748743718592964,0.0,False,1141,10000,0.010038700012955815,0.011912299960386008,128,False,False,False
locked,locked_harder_holdout,holdout_bin_7,issue23_locked_leave_one_bin_local_calibration,DeepSAD_like_center,deepsad_like_center,DeepSAD-like center,P1_raw_train_oodval_threshold,False,True,center_lambda0,50,heldout_47_51,selected_source_rich_top64,64,kcenter,32,0.01,id_calib_plus_ood_val_guarded_1pct,16419.762357910156,0.0,0.008,0.0,0.01,0.4013563540753725,0.07928603766250854,0.49748743718592964,0.0,True,1141,10000,0.00996659998781979,0.01582660002168268,128,False,False,False
locked,locked_harder_holdout,holdout_bin_7,issue23_locked_leave_one_bin_local_calibration,DeepSAD_like_center,deepsad_like_center,DeepSAD-like center,P2_guarded_train_id_threshold,True,False,center_lambda1,50,heldout_47_51,selected_source_rich_top64,64,kcenter,32,0.01,id_calib_only_1pct,581.1203491210939,0.010517090271691499,0.0105,0.01,0.0135,0.8853808939526732,0.3611584044921952,0.499121373739865,0.010517090271691499,False,1141,10000,0.02586729999165982,0.011284500011242926,128,False,False,False
locked,locked_harder_holdout,holdout_bin_7,issue23_locked_leave_one_bin_local_calibration,DeepSAD_like_center,deepsad_like_center,DeepSAD-like center,P3_full_lowguard,True,True,center_lambda1,50,heldout_47_51,selected_source_rich_top64,64,kcenter,32,0.01,id_calib_plus_ood_val_guarded_1pct,694.7202195434569,0.0035056967572304996,0.0063,0.0058,0.01,0.8853808939526732,0.3611584044921952,0.499121373739865,0.010517090271691499,True,1141,10000,0.020477999991271645,0.010486399987712502,128,False,False,False
locked,locked_harder_holdout,holdout_bin_7,issue23_locked_leave_one_bin_local_calibration,Prototype_metric_LR,prototype_metric_lr,Prototype / metric LR,P0_raw_train_id_threshold,False,False,prototype_metric_lr_C1,50,heldout_47_51,selected_source_rich_top64,64,kcenter,32,0.01,id_calib_only_1pct,3.4524739660883355,0.016652059596844872,0.0175,0.01,0.0135,0.5777914110429447,0.1461513543126961,0.4978970223598272,0.008764241893076249,False,1141,10000,0.011338399956002831,0.008754600014071912,132,False,False,False
locked,locked_harder_holdout,holdout_bin_7,issue23_locked_leave_one_bin_local_calibration,Prototype_metric_LR,prototype_metric_lr,Prototype / metric LR,P1_raw_train_oodval_threshold,False,True,prototype_metric_lr_C1,50,heldout_47_51,selected_source_rich_top64,64,kcenter,32,0.01,id_calib_plus_ood_val_guarded_1pct,3.7116449877360553,0.0,0.0074,0.0,0.01,0.5777914110429447,0.1461513543126961,0.4978970223598272,0.008764241893076249,True,1141,10000,0.010452100017573684,0.009731500002089888,132,False,False,False
locked,locked_harder_holdout,holdout_bin_7,issue23_locked_leave_one_bin_local_calibration,Prototype_metric_LR,prototype_metric_lr,Prototype / metric LR,P2_guarded_train_id_threshold,True,False,prototype_metric_lr_C1,50,heldout_47_51,selected_source_rich_top64,64,kcenter,32,0.01,id_calib_only_1pct,2.226532485162095,0.4636283961437336,0.0176,0.01,0.018,0.9642354951796669,0.6826007325160028,0.5463557929877256,0.27607361963190186,False,1141,10000,0.02989569999044761,0.013043300015851855,198,False,False,False
locked,locked_harder_holdout,holdout_bin_7,issue23_locked_leave_one_bin_local_calibration,Prototype_metric_LR,prototype_metric_lr,Prototype / metric LR,P3_full_lowguard,True,True,prototype_metric_lr_C1,50,heldout_47_51,selected_source_rich_top64,64,kcenter,32,0.01,id_calib_plus_ood_val_guarded_1pct,2.9559236673578453,0.28659070990359337,0.0109,0.0,0.01,0.9642354951796669,0.6826007325160028,0.5463557929877256,0.27607361963190186,False,1141,10000,0.03174970002146438,0.011890499969013035,198,False,False,False
locked,locked_harder_holdout,holdout_bin_7,issue23_locked_leave_one_bin_local_calibration,RFF_Logistic,rff_logistic,RFF Logistic optional,P0_raw_train_id_threshold,False,False,rff256_gamma1_C1,50,heldout_47_51,selected_source_rich_top64,64,kcenter,32,0.01,id_calib_only_1pct,1.21535184395393,0.02366345311130587,0.023,0.01,0.023,0.42854224364592464,0.0879437677680582,0.5005351032110597,0.011393514460999123,False,1141,10000,0.4025299000204541,0.04586029995698482,16641,False,False,False
locked,locked_harder_holdout,holdout_bin_7,issue23_locked_leave_one_bin_local_calibration,RFF_Logistic,rff_logistic,RFF Logistic optional,P1_raw_train_oodval_threshold,False,True,rff128_gamma01_C1,50,heldout_47_51,selected_source_rich_top64,64,kcenter,32,0.01,id_calib_plus_ood_val_guarded_1pct,8.582741635754848,0.0,0.0084,0.0,0.01,0.4631757230499562,0.08967318098506215,0.49748743718592964,0.0,True,1141,10000,0.2957239000243135,0.028363500023260713,8321,False,False,False
locked,locked_harder_holdout,holdout_bin_7,issue23_locked_leave_one_bin_local_calibration,RFF_Logistic,rff_logistic,RFF Logistic optional,P2_guarded_train_id_threshold,True,False,rff256_gamma01_C1,50,heldout_47_51,selected_source_rich_top64,64,kcenter,32,0.01,id_calib_only_1pct,-0.5115457416689675,0.3549517966695881,0.0158,0.01,0.017,0.8524234005258545,0.5658103382911722,0.59174487688222,0.287467134092901,False,1141,10000,0.9581929999985732,0.04397579998476431,16641,False,False,False
locked,locked_harder_holdout,holdout_bin_7,issue23_locked_leave_one_bin_local_calibration,RFF_Logistic,rff_logistic,RFF Logistic optional,P3_full_lowguard,True,True,rff256_gamma01_C1,50,heldout_47_51,selected_source_rich_top64,64,kcenter,32,0.01,id_calib_plus_ood_val_guarded_1pct,-0.21407414457921614,0.32077125328659073,0.0122,0.008,0.01,0.8524234005258545,0.5658103382911722,0.59174487688222,0.287467134092901,False,1141,10000,1.037694400001783,0.044138999946881086,16641,False,False,False
locked,locked_harder_holdout,holdout_bin_7,issue23_locked_leave_one_bin_local_calibration,LOW_GUARD_LR_reference,lr,LOW-GUARD-LR reference,P0_raw_train_id_threshold,False,False,lr_C1,51,heldout_47_51,selected_source_rich_top64,64,kcenter,32,0.01,id_calib_only_1pct,-4.744701776455586,0.9780893952673094,0.4475,0.01,0.438,0.9433900964066609,0.5129007480695674,0.49748743718592964,0.0,False,1141,10000,0.13987099996302277,0.015941600024234504,65,False,False,False
locked,locked_harder_holdout,holdout_bin_7,issue23_locked_leave_one_bin_local_calibration,LOW_GUARD_LR_reference,lr,LOW-GUARD-LR reference,P1_raw_train_oodval_threshold,False,True,lr_C1,51,heldout_47_51,selected_source_rich_top64,64,kcenter,32,0.01,id_calib_plus_ood_val_guarded_1pct,71.18712401964892,0.0,0.0079,0.0,0.01,0.9433900964066609,0.5129007480695674,0.49748743718592964,0.0,True,1141,10000,0.1447259999695234,0.01393760001519695,65,False,False,False
locked,locked_harder_holdout,holdout_bin_7,issue23_locked_leave_one_bin_local_calibration,LOW_GUARD_LR_reference,lr,LOW-GUARD-LR reference,P2_guarded_train_id_threshold,True,False,lr_C1,51,heldout_47_51,selected_source_rich_top64,64,kcenter,32,0.01,id_calib_only_1pct,-4.0700932965742265,0.9780893952673094,0.0041,0.01,0.0015,0.9819418054338301,0.9804776193977849,0.9873292844591053,0.9780893952673094,True,1141,10000,0.4283673000172712,0.023023499990813434,65,False,False,False
locked,locked_harder_holdout,holdout_bin_7,issue23_locked_leave_one_bin_local_calibration,LOW_GUARD_LR_reference,lr,LOW-GUARD-LR reference,P3_full_lowguard,True,True,lr_C1,51,heldout_47_51,selected_source_rich_top64,64,kcenter,32,0.01,id_calib_plus_ood_val_guarded_1pct,-4.067457114802276,0.9780893952673094,0.0041,0.01,0.0015,0.9819418054338301,0.9804776193977849,0.9873292844591053,0.9780893952673094,True,1141,10000,0.5204861999955028,0.010765899962279946,65,False,False,False
locked,locked_harder_holdout,holdout_bin_7,issue23_locked_leave_one_bin_local_calibration,DevNet_like_MLP,devnet_like_mlp,DevNet-like MLP,P0_raw_train_id_threshold,False,False,mlp_h16_alpha001,51,heldout_47_51,selected_source_rich_top64,64,kcenter,32,0.01,id_calib_only_1pct,0.005570636834017942,0.9640666082383874,0.6684,0.01,0.662,0.9499027169149867,0.8828774750442029,0.8039232093861067,0.7274320771253286,False,1141,10000,0.8901705000316724,0.012871999992057681,1057,False,False,False
locked,locked_harder_holdout,holdout_bin_7,issue23_locked_leave_one_bin_local_calibration,DevNet_like_MLP,devnet_like_mlp,DevNet-like MLP,P1_raw_train_oodval_threshold,False,True,mlp_h16_alpha001,51,heldout_47_51,selected_source_rich_top64,64,kcenter,32,0.01,id_calib_plus_ood_val_guarded_1pct,0.5298156702518454,0.7677475898334793,0.0143,0.0,0.01,0.9499027169149867,0.8828774750442029,0.8039232093861067,0.7274320771253286,False,1141,10000,0.9090791000053287,0.01544420002028346,1057,False,False,False
locked,locked_harder_holdout,holdout_bin_7,issue23_locked_leave_one_bin_local_calibration,DevNet_like_MLP,devnet_like_mlp,DevNet-like MLP,P2_guarded_train_id_threshold,True,False,mlp_h16_alpha001,51,heldout_47_51,selected_source_rich_top64,64,kcenter,32,0.01,id_calib_only_1pct,0.004223323161713787,0.971954425942156,0.0054,0.01,0.003,0.993337949167397,0.9849940527002848,0.9749272215591542,0.9763365468886941,True,1141,10000,2.7535223999875598,0.021867500036023557,1057,False,False,False
locked,locked_harder_holdout,holdout_bin_7,issue23_locked_leave_one_bin_local_calibration,DevNet_like_MLP,devnet_like_mlp,DevNet-like MLP,P3_full_lowguard,True,True,mlp_h16_alpha001,51,heldout_47_51,selected_source_rich_top64,64,kcenter,32,0.01,id_calib_plus_ood_val_guarded_1pct,0.004223252620548003,0.971954425942156,0.0054,0.01,0.003,0.993337949167397,0.9849940527002848,0.9749272215591542,0.9763365468886941,True,1141,10000,2.436059900035616,0.022285400016698986,1057,False,False,False
locked,locked_harder_holdout,holdout_bin_7,issue23_locked_leave_one_bin_local_calibration,HistGB_shallow,histgb,HistGB shallow,P0_raw_train_id_threshold,False,False,histgb_depth3_iter50_lr005,51,heldout_47_51,selected_source_rich_top64,64,kcenter,32,0.01,id_calib_only_1pct,0.0006660977708295065,0.9807186678352322,0.6971,0.01,0.677,0.9786800175284838,0.9709288408979624,0.9798950933457823,0.9658194566170026,False,1141,10000,0.23776200000429526,0.039294600021094084,50,False,False,False
locked,locked_harder_holdout,holdout_bin_7,issue23_locked_leave_one_bin_local_calibration,HistGB_shallow,histgb,HistGB shallow,P1_raw_train_oodval_threshold,False,True,histgb_depth2_iter50_lr005,51,heldout_47_51,selected_source_rich_top64,64,kcenter,32,0.01,id_calib_plus_ood_val_guarded_1pct,0.1542314507081906,0.880806310254163,0.013,0.0,0.0085,0.9680571428571428,0.9257092794010899,0.9349067863418759,0.8773006134969326,False,1141,10000,0.18375289998948574,0.03207379998639226,50,False,False,False
locked,locked_harder_holdout,holdout_bin_7,issue23_locked_leave_one_bin_local_calibration,HistGB_shallow,histgb,HistGB shallow,P2_guarded_train_id_threshold,True,False,histgb_depth3_iter50_lr005,51,heldout_47_51,selected_source_rich_top64,64,kcenter,32,0.01,id_calib_only_1pct,0.00016367117338820597,0.9815950920245399,0.0258,0.01,0.027,0.997941717791411,0.9888419629495371,0.9889896458629694,0.9780893952673094,False,1141,10000,0.3250440999981947,0.03666720003820956,50,False,False,False
locked,locked_harder_holdout,holdout_bin_7,issue23_locked_leave_one_bin_local_calibration,HistGB_shallow,histgb,HistGB shallow,P3_full_lowguard,True,True,histgb_depth3_iter50_lr005,51,heldout_47_51,selected_source_rich_top64,64,kcenter,32,0.01,id_calib_plus_ood_val_guarded_1pct,0.0002939755613396017,0.9780893952673094,0.0092,0.0012,0.009,0.997941717791411,0.9888419629495371,0.9889896458629694,0.9780893952673094,True,1141,10000,0.3374727999907918,0.042092999967280775,50,False,False,False
locked,locked_harder_holdout,holdout_bin_7,issue23_locked_leave_one_bin_local_calibration,DeepSAD_like_center,deepsad_like_center,DeepSAD-like center,P0_raw_train_id_threshold,False,False,center_lambda2,51,heldout_47_51,selected_source_rich_top64,64,kcenter,32,0.01,id_calib_only_1pct,1438.5068579101574,0.1901840490797546,0.2519,0.01,0.244,0.5375007449605609,0.10555766896121521,0.49748743718592964,0.0,False,1141,10000,0.014519299962557852,0.019150300009641796,128,False,False,False
locked,locked_harder_holdout,holdout_bin_7,issue23_locked_leave_one_bin_local_calibration,DeepSAD_like_center,deepsad_like_center,DeepSAD-like center,P1_raw_train_oodval_threshold,False,True,center_lambda0,51,heldout_47_51,selected_source_rich_top64,64,kcenter,32,0.01,id_calib_plus_ood_val_guarded_1pct,16419.762357910156,0.0,0.008,0.0,0.01,0.4013563540753725,0.07928603766250854,0.49748743718592964,0.0,True,1141,10000,0.015886599954683334,0.021679199999198318,128,False,False,False
locked,locked_harder_holdout,holdout_bin_7,issue23_locked_leave_one_bin_local_calibration,DeepSAD_like_center,deepsad_like_center,DeepSAD-like center,P2_guarded_train_id_threshold,True,False,center_lambda1,51,heldout_47_51,selected_source_rich_top64,64,kcenter,32,0.01,id_calib_only_1pct,581.1203491210939,0.010517090271691499,0.0105,0.01,0.0135,0.8853808939526732,0.3611584044921952,0.499121373739865,0.010517090271691499,False,1141,10000,0.03323709999676794,0.018755899975076318,128,False,False,False
locked,locked_harder_holdout,holdout_bin_7,issue23_locked_leave_one_bin_local_calibration,DeepSAD_like_center,deepsad_like_center,DeepSAD-like center,P3_full_lowguard,True,True,center_lambda1,51,heldout_47_51,selected_source_rich_top64,64,kcenter,32,0.01,id_calib_plus_ood_val_guarded_1pct,694.7202195434569,0.0035056967572304996,0.0063,0.0058,0.01,0.8853808939526732,0.3611584044921952,0.499121373739865,0.010517090271691499,True,1141,10000,0.04307939996942878,0.021302799985278398,128,False,False,False
locked,locked_harder_holdout,holdout_bin_7,issue23_locked_leave_one_bin_local_calibration,Prototype_metric_LR,prototype_metric_lr,Prototype / metric LR,P0_raw_train_id_threshold,False,False,prototype_metric_lr_C1,51,heldout_47_51,selected_source_rich_top64,64,kcenter,32,0.01,id_calib_only_1pct,3.4524739660883355,0.016652059596844872,0.0175,0.01,0.0135,0.5777914110429447,0.1461513543126961,0.4978970223598272,0.008764241893076249,False,1141,10000,0.013138699985574931,0.007994499988853931,132,False,False,False
locked,locked_harder_holdout,holdout_bin_7,issue23_locked_leave_one_bin_local_calibration,Prototype_metric_LR,prototype_metric_lr,Prototype / metric LR,P1_raw_train_oodval_threshold,False,True,prototype_metric_lr_C1,51,heldout_47_51,selected_source_rich_top64,64,kcenter,32,0.01,id_calib_plus_ood_val_guarded_1pct,3.7116449877360553,0.0,0.0074,0.0,0.01,0.5777914110429447,0.1461513543126961,0.4978970223598272,0.008764241893076249,True,1141,10000,0.015065799991134554,0.011758299951907247,132,False,False,False
locked,locked_harder_holdout,holdout_bin_7,issue23_locked_leave_one_bin_local_calibration,Prototype_metric_LR,prototype_metric_lr,Prototype / metric LR,P2_guarded_train_id_threshold,True,False,prototype_metric_lr_C1,51,heldout_47_51,selected_source_rich_top64,64,kcenter,32,0.01,id_calib_only_1pct,2.226532485162095,0.4636283961437336,0.0176,0.01,0.018,0.9642354951796669,0.6826007325160028,0.5463557929877256,0.27607361963190186,False,1141,10000,0.03666420001536608,0.010739599994849414,198,False,False,False
locked,locked_harder_holdout,holdout_bin_7,issue23_locked_leave_one_bin_local_calibration,Prototype_metric_LR,prototype_metric_lr,Prototype / metric LR,P3_full_lowguard,True,True,prototype_metric_lr_C1,51,heldout_47_51,selected_source_rich_top64,64,kcenter,32,0.01,id_calib_plus_ood_val_guarded_1pct,2.9559236673578453,0.28659070990359337,0.0109,0.0,0.01,0.9642354951796669,0.6826007325160028,0.5463557929877256,0.27607361963190186,False,1141,10000,0.031240199983585626,0.013711999985389411,198,False,False,False
locked,locked_harder_holdout,holdout_bin_7,issue23_locked_leave_one_bin_local_calibration,RFF_Logistic,rff_logistic,RFF Logistic optional,P0_raw_train_id_threshold,False,False,rff256_gamma1_C1,51,heldout_47_51,selected_source_rich_top64,64,kcenter,32,0.01,id_calib_only_1pct,1.279545961589929,0.013146362839614373,0.0091,0.01,0.006,0.5460563540753725,0.12112257340690533,0.5011692996093526,0.013146362839614373,True,1141,10000,0.5214735000045039,0.07817190000787377,16641,False,False,False
locked,locked_harder_holdout,holdout_bin_7,issue23_locked_leave_one_bin_local_calibration,RFF_Logistic,rff_logistic,RFF Logistic optional,P1_raw_train_oodval_threshold,False,True,rff128_gamma01_C1,51,heldout_47_51,selected_source_rich_top64,64,kcenter,32,0.01,id_calib_plus_ood_val_guarded_1pct,3.858949538903683,0.03242769500438212,0.0124,0.0006,0.01,0.48895267309377743,0.11516712648468855,0.5058553063300728,0.028921998247151623,False,1141,10000,0.3023018999956548,0.05998440005350858,8321,False,False,False
locked,locked_harder_holdout,holdout_bin_7,issue23_locked_leave_one_bin_local_calibration,RFF_Logistic,rff_logistic,RFF Logistic optional,P2_guarded_train_id_threshold,True,False,rff256_gamma01_C1,51,heldout_47_51,selected_source_rich_top64,64,kcenter,32,0.01,id_calib_only_1pct,0.056476124704947304,0.147239263803681,0.0073,0.01,0.0045,0.835005083260298,0.4655307768198647,0.5470604556524956,0.17440841367221735,True,1141,10000,1.2501309999497607,0.08610929996939376,16641,False,False,False
locked,locked_harder_holdout,holdout_bin_7,issue23_locked_leave_one_bin_local_calibration,RFF_Logistic,rff_logistic,RFF Logistic optional,P3_full_lowguard,True,True,rff256_gamma01_C1,51,heldout_47_51,selected_source_rich_top64,64,kcenter,32,0.01,id_calib_plus_ood_val_guarded_1pct,0.08574863159108735,0.14548641542506574,0.007,0.0098,0.0045,0.835005083260298,0.4655307768198647,0.5470604556524956,0.17440841367221735,True,1141,10000,1.1707266999874264,0.07640889997128397,16641,False,False,False
locked,locked_harder_holdout,holdout_bin_8,issue23_locked_leave_one_bin_local_calibration,LOW_GUARD_LR_reference,lr,LOW-GUARD-LR reference,P0_raw_train_id_threshold,False,False,lr_C1,42,main_42_46,selected_source_rich_top64,64,kcenter,32,0.01,id_calib_only_1pct,-4.977271527728448,0.9342723004694836,0.5133,0.01,0.5075,0.8137448356807512,0.11591321703244453,0.49748743718592964,0.0,False,426,10000,0.20758579997345805,0.023673699994105846,65,False,False,False
locked,locked_harder_holdout,holdout_bin_8,issue23_locked_leave_one_bin_local_calibration,LOW_GUARD_LR_reference,lr,LOW-GUARD-LR reference,P1_raw_train_oodval_threshold,False,True,lr_C1,42,main_42_46,selected_source_rich_top64,64,kcenter,32,0.01,id_calib_plus_ood_val_guarded_1pct,41.3226637976937,0.0,0.0083,0.0,0.01,0.8137448356807512,0.11591321703244453,0.49748743718592964,0.0,True,426,10000,0.17473669996252283,0.018538600008469075,65,False,False,False
locked,locked_harder_holdout,holdout_bin_8,issue23_locked_leave_one_bin_local_calibration,LOW_GUARD_LR_reference,lr,LOW-GUARD-LR reference,P2_guarded_train_id_threshold,True,False,lr_C1,42,main_42_46,selected_source_rich_top64,64,kcenter,32,0.01,id_calib_only_1pct,-4.423530699389766,0.8826291079812206,0.0042,0.01,0.0005,0.964706103286385,0.910811477970229,0.9369853964658975,0.8896713615023474,True,426,10000,0.5014609000063501,0.01947120000841096,65,False,False,False
locked,locked_harder_holdout,holdout_bin_8,issue23_locked_leave_one_bin_local_calibration,LOW_GUARD_LR_reference,lr,LOW-GUARD-LR reference,P3_full_lowguard,True,True,lr_C1,42,main_42_46,selected_source_rich_top64,64,kcenter,32,0.01,id_calib_plus_ood_val_guarded_1pct,-4.423520833673828,0.8826291079812206,0.0042,0.01,0.0005,0.964706103286385,0.910811477970229,0.9369853964658975,0.8896713615023474,True,426,10000,0.5143966000177898,0.01927260000957176,65,False,False,False
locked,locked_harder_holdout,holdout_bin_8,issue23_locked_leave_one_bin_local_calibration,DevNet_like_MLP,devnet_like_mlp,DevNet-like MLP,P0_raw_train_id_threshold,False,False,mlp_h8_alpha001,42,main_42_46,selected_source_rich_top64,64,kcenter,32,0.01,id_calib_only_1pct,0.005286047141999008,0.9342723004694836,0.3659,0.01,0.355,0.9338833333333334,0.514664103993309,0.5541675513718829,0.22769953051643194,False,426,10000,1.6276997000095434,0.020577300048898906,529,False,False,False
locked,locked_harder_holdout,holdout_bin_8,issue23_locked_leave_one_bin_local_calibration,DevNet_like_MLP,devnet_like_mlp,DevNet-like MLP,P1_raw_train_oodval_threshold,False,True,mlp_h16_alpha001,42,main_42_46,selected_source_rich_top64,64,kcenter,32,0.01,id_calib_plus_ood_val_guarded_1pct,0.20574523101746928,0.7910798122065728,0.0199,0.0,0.01,0.9064455399061033,0.4956122137256334,0.5424186661004553,0.5821596244131455,False,426,10000,1.3781908000237308,0.023365699977148324,1057,False,False,False
locked,locked_harder_holdout,holdout_bin_8,issue23_locked_leave_one_bin_local_calibration,DevNet_like_MLP,devnet_like_mlp,DevNet-like MLP,P2_guarded_train_id_threshold,True,False,mlp_h16_alpha001,42,main_42_46,selected_source_rich_top64,64,kcenter,32,0.01,id_calib_only_1pct,0.004406370753422385,0.9178403755868545,0.0069,0.01,0.001,0.9897110328638498,0.9546266464601215,0.9416094557293511,0.9272300469483568,True,426,10000,2.2646022000117227,0.03017449995968491,1057,False,False,False
locked,locked_harder_holdout,holdout_bin_8,issue23_locked_leave_one_bin_local_calibration,DevNet_like_MLP,devnet_like_mlp,DevNet-like MLP,P3_full_lowguard,True,True,mlp_h16_alpha001,42,main_42_46,selected_source_rich_top64,64,kcenter,32,0.01,id_calib_plus_ood_val_guarded_1pct,0.004441898781340597,0.9178403755868545,0.0069,0.0098,0.001,0.9897110328638498,0.9546266464601215,0.9416094557293511,0.9272300469483568,True,426,10000,2.2189646000042558,0.018101499998010695,1057,False,False,False
locked,locked_harder_holdout,holdout_bin_8,issue23_locked_leave_one_bin_local_calibration,HistGB_shallow,histgb,HistGB shallow,P0_raw_train_id_threshold,False,False,histgb_depth3_iter50_lr005,42,main_42_46,selected_source_rich_top64,64,kcenter,32,0.01,id_calib_only_1pct,0.0012209262152992487,0.24882629107981222,0.5804,0.0092,0.578,0.3281512910798122,0.09900858997866496,0.5286290607969425,0.06807511737089202,False,426,10000,0.22229159995913506,0.03631729999324307,50,False,False,False
locked,locked_harder_holdout,holdout_bin_8,issue23_locked_leave_one_bin_local_calibration,HistGB_shallow,histgb,HistGB shallow,P1_raw_train_oodval_threshold,False,True,histgb_depth2_iter50_lr005,42,main_42_46,selected_source_rich_top64,64,kcenter,32,0.01,id_calib_plus_ood_val_guarded_1pct,0.08394863235905509,0.07276995305164319,0.0,0.0,0.0,0.5139524647887324,0.12107769080810037,0.5340552527897704,0.07276995305164319,True,426,10000,0.17093999998178333,0.03231270000105724,50,False,False,False
locked,locked_harder_holdout,holdout_bin_8,issue23_locked_leave_one_bin_local_calibration,HistGB_shallow,histgb,HistGB shallow,P2_guarded_train_id_threshold,True,False,histgb_depth3_iter50_lr005,42,main_42_46,selected_source_rich_top64,64,kcenter,32,0.01,id_calib_only_1pct,0.00023387629449020923,0.8873239436619719,0.033,0.01,0.026,0.9582089201877934,0.6356189779994686,0.5287234293533395,0.13145539906103287,False,426,10000,0.2861698999768123,0.036153399967588484,50,False,False,False
locked,locked_harder_holdout,holdout_bin_8,issue23_locked_leave_one_bin_local_calibration,HistGB_shallow,histgb,HistGB shallow,P3_full_lowguard,True,True,histgb_depth3_iter50_lr005,42,main_42_46,selected_source_rich_top64,64,kcenter,32,0.01,id_calib_plus_ood_val_guarded_1pct,0.0005038962417628618,0.13145539906103287,0.0115,0.009,0.01,0.9582089201877934,0.6356189779994686,0.5287234293533395,0.13145539906103287,False,426,10000,0.2809506999910809,0.03506939997896552,50,False,False,False
locked,locked_harder_holdout,holdout_bin_8,issue23_locked_leave_one_bin_local_calibration,DeepSAD_like_center,deepsad_like_center,DeepSAD-like center,P0_raw_train_id_threshold,False,False,center_lambda0,42,main_42_46,selected_source_rich_top64,64,kcenter,32,0.01,id_calib_only_1pct,362.8647598266605,0.07746478873239436,0.2802,0.01,0.2725,0.4857273474178404,0.03605694987879258,0.49748743718592964,0.0,False,426,10000,0.012584100011736155,0.02143590000923723,128,False,False,False
locked,locked_harder_holdout,holdout_bin_8,issue23_locked_leave_one_bin_local_calibration,DeepSAD_like_center,deepsad_like_center,DeepSAD-like center,P1_raw_train_oodval_threshold,False,True,center_lambda0,42,main_42_46,selected_source_rich_top64,64,kcenter,32,0.01,id_calib_plus_ood_val_guarded_1pct,16552.242839355466,0.0,0.0082,0.0,0.01,0.4857273474178404,0.03605694987879258,0.49748743718592964,0.0,True,426,10000,0.016237800009548664,0.01804910000646487,128,False,False,False
locked,locked_harder_holdout,holdout_bin_8,issue23_locked_leave_one_bin_local_calibration,DeepSAD_like_center,deepsad_like_center,DeepSAD-like center,P2_guarded_train_id_threshold,True,False,center_lambda2,42,main_42_46,selected_source_rich_top64,64,kcenter,32,0.01,id_calib_only_1pct,582.287263183594,0.06572769953051644,0.0307,0.01,0.0275,0.7092720657276994,0.06827850234870264,0.5035506169344375,0.01643192488262911,False,426,10000,0.024863900034688413,0.018003600009251386,128,False,False,False
locked,locked_harder_holdout,holdout_bin_8,issue23_locked_leave_one_bin_local_calibration,DeepSAD_like_center,deepsad_like_center,DeepSAD-like center,P3_full_lowguard,True,True,center_lambda2,42,main_42_46,selected_source_rich_top64,64,kcenter,32,0.01,id_calib_plus_ood_val_guarded_1pct,861.4247789764376,0.018779342723004695,0.0134,0.0014,0.01,0.7092720657276994,0.06827850234870264,0.5035506169344375,0.01643192488262911,False,426,10000,0.03191499999957159,0.019169399980455637,128,False,False,False
locked,locked_harder_holdout,holdout_bin_8,issue23_locked_leave_one_bin_local_calibration,Prototype_metric_LR,prototype_metric_lr,Prototype / metric LR,P0_raw_train_id_threshold,False,False,prototype_metric_lr_C1,42,main_42_46,selected_source_rich_top64,64,kcenter,32,0.01,id_calib_only_1pct,2.827852002340274,0.07981220657276995,0.1225,0.01,0.1205,0.7511901408450705,0.08293848330170836,0.49821879349800646,0.004694835680751174,False,426,10000,0.013323000050149858,0.009942799981217831,132,False,False,False
locked,locked_harder_holdout,holdout_bin_8,issue23_locked_leave_one_bin_local_calibration,Prototype_metric_LR,prototype_metric_lr,Prototype / metric LR,P1_raw_train_oodval_threshold,False,True,prototype_metric_lr_C1,42,main_42_46,selected_source_rich_top64,64,kcenter,32,0.01,id_calib_plus_ood_val_guarded_1pct,3.5491972705235297,0.004694835680751174,0.0077,0.0,0.01,0.7511901408450705,0.08293848330170836,0.49821879349800646,0.004694835680751174,True,426,10000,0.016163999971468,0.009877700009383261,132,False,False,False
locked,locked_harder_holdout,holdout_bin_8,issue23_locked_leave_one_bin_local_calibration,Prototype_metric_LR,prototype_metric_lr,Prototype / metric LR,P2_guarded_train_id_threshold,True,False,prototype_metric_lr_C1,42,main_42_46,selected_source_rich_top64,64,kcenter,32,0.01,id_calib_only_1pct,2.1639690722406635,0.04460093896713615,0.0094,0.01,0.007,0.8587204225352113,0.1467442677938261,0.5011442187463138,0.0892018779342723,True,426,10000,0.03551299998071045,0.01246480003464967,198,False,False,False
locked,locked_harder_holdout,holdout_bin_8,issue23_locked_leave_one_bin_local_calibration,Prototype_metric_LR,prototype_metric_lr,Prototype / metric LR,P3_full_lowguard,True,True,prototype_metric_lr_C1,42,main_42_46,selected_source_rich_top64,64,kcenter,32,0.01,id_calib_plus_ood_val_guarded_1pct,2.1648609087089232,0.04225352112676056,0.0094,0.0098,0.007,0.8587204225352113,0.1467442677938261,0.5011442187463138,0.0892018779342723,True,426,10000,0.03450959996553138,0.01151199999731034,198,False,False,False
locked,locked_harder_holdout,holdout_bin_8,issue23_locked_leave_one_bin_local_calibration,RFF_Logistic,rff_logistic,RFF Logistic optional,P0_raw_train_id_threshold,False,False,rff128_gamma1_C1,42,main_42_46,selected_source_rich_top64,64,kcenter,32,0.01,id_calib_only_1pct,2.7680514076142364,0.028169014084507043,0.0189,0.01,0.0205,0.5165274647887323,0.05410310696000961,0.5046594474721023,0.018779342723004695,False,426,10000,0.2504107999848202,0.0616685000131838,8321,False,False,False
locked,locked_harder_holdout,holdout_bin_8,issue23_locked_leave_one_bin_local_calibration,RFF_Logistic,rff_logistic,RFF Logistic optional,P1_raw_train_oodval_threshold,False,True,rff256_gamma01_C1,42,main_42_46,selected_source_rich_top64,64,kcenter,32,0.01,id_calib_plus_ood_val_guarded_1pct,1.7275771300849136,0.03051643192488263,0.0141,0.0006,0.01,0.6199056338028169,0.05988306328578001,0.5042465850378653,0.028169014084507043,False,426,10000,0.574076899967622,0.076107700006105,16641,False,False,False
locked,locked_harder_holdout,holdout_bin_8,issue23_locked_leave_one_bin_local_calibration,RFF_Logistic,rff_logistic,RFF Logistic optional,P2_guarded_train_id_threshold,True,False,rff256_gamma1_C1,42,main_42_46,selected_source_rich_top64,64,kcenter,32,0.01,id_calib_only_1pct,1.1896884809618167,0.018779342723004695,0.0075,0.01,0.0055,0.5458046948356807,0.05855548230675721,0.5036213933517352,0.02112676056338028,True,426,10000,1.2946900999522768,0.0734274999704212,16641,False,False,False
locked,locked_harder_holdout,holdout_bin_8,issue23_locked_leave_one_bin_local_calibration,RFF_Logistic,rff_logistic,RFF Logistic optional,P3_full_lowguard,True,True,rff128_gamma01_C1,42,main_42_46,selected_source_rich_top64,64,kcenter,32,0.01,id_calib_plus_ood_val_guarded_1pct,1.9528268265949897,0.03990610328638498,0.0126,0.0076,0.01,0.4800326291079813,0.05604187953403549,0.5030669780829028,0.03286384976525822,False,426,10000,0.9035390000208281,0.06551420001778752,8321,False,False,False
locked,locked_harder_holdout,holdout_bin_8,issue23_locked_leave_one_bin_local_calibration,LOW_GUARD_LR_reference,lr,LOW-GUARD-LR reference,P0_raw_train_id_threshold,False,False,lr_C1,43,main_42_46,selected_source_rich_top64,64,kcenter,32,0.01,id_calib_only_1pct,-4.977271527728448,0.9342723004694836,0.5133,0.01,0.5075,0.8137448356807512,0.11591321703244453,0.49748743718592964,0.0,False,426,10000,0.18869310000445694,0.01476409996394068,65,False,False,False
locked,locked_harder_holdout,holdout_bin_8,issue23_locked_leave_one_bin_local_calibration,LOW_GUARD_LR_reference,lr,LOW-GUARD-LR reference,P1_raw_train_oodval_threshold,False,True,lr_C1,43,main_42_46,selected_source_rich_top64,64,kcenter,32,0.01,id_calib_plus_ood_val_guarded_1pct,41.3226637976937,0.0,0.0083,0.0,0.01,0.8137448356807512,0.11591321703244453,0.49748743718592964,0.0,True,426,10000,0.18881239998154342,0.01794990000780672,65,False,False,False
locked,locked_harder_holdout,holdout_bin_8,issue23_locked_leave_one_bin_local_calibration,LOW_GUARD_LR_reference,lr,LOW-GUARD-LR reference,P2_guarded_train_id_threshold,True,False,lr_C1,43,main_42_46,selected_source_rich_top64,64,kcenter,32,0.01,id_calib_only_1pct,-4.423530699389766,0.8826291079812206,0.0042,0.01,0.0005,0.964706103286385,0.910811477970229,0.9369853964658975,0.8896713615023474,True,426,10000,0.475238699989859,0.021803800016641617,65,False,False,False
locked,locked_harder_holdout,holdout_bin_8,issue23_locked_leave_one_bin_local_calibration,LOW_GUARD_LR_reference,lr,LOW-GUARD-LR reference,P3_full_lowguard,True,True,lr_C1,43,main_42_46,selected_source_rich_top64,64,kcenter,32,0.01,id_calib_plus_ood_val_guarded_1pct,-4.423520833673828,0.8826291079812206,0.0042,0.01,0.0005,0.964706103286385,0.910811477970229,0.9369853964658975,0.8896713615023474,True,426,10000,0.48201909998897463,0.01657019997946918,65,False,False,False
locked,locked_harder_holdout,holdout_bin_8,issue23_locked_leave_one_bin_local_calibration,DevNet_like_MLP,devnet_like_mlp,DevNet-like MLP,P0_raw_train_id_threshold,False,False,mlp_h8_alpha001,43,main_42_46,selected_source_rich_top64,64,kcenter,32,0.01,id_calib_only_1pct,0.0047824541525915264,0.9107981220657277,0.4744,0.01,0.474,0.9264312206572769,0.5293086704451198,0.5787151721046547,0.4694835680751174,False,426,10000,1.9253788000205532,0.025567499978933483,529,False,False,False
locked,locked_harder_holdout,holdout_bin_8,issue23_locked_leave_one_bin_local_calibration,DevNet_like_MLP,devnet_like_mlp,DevNet-like MLP,P1_raw_train_oodval_threshold,False,True,mlp_h16_alpha001,43,main_42_46,selected_source_rich_top64,64,kcenter,32,0.01,id_calib_plus_ood_val_guarded_1pct,0.9852830625921487,0.028169014084507043,0.017,0.0,0.01,0.8960002347417839,0.33887546709135,0.5040932361337203,0.018779342723004695,False,426,10000,1.3666420999797992,0.02993170003173873,1057,False,False,False
locked,locked_harder_holdout,holdout_bin_8,issue23_locked_leave_one_bin_local_calibration,DevNet_like_MLP,devnet_like_mlp,DevNet-like MLP,P2_guarded_train_id_threshold,True,False,mlp_h8_alpha001,43,main_42_46,selected_source_rich_top64,64,kcenter,32,0.01,id_calib_only_1pct,0.003911991296336058,0.8591549295774648,0.0082,0.01,0.004,0.9606692488262911,0.9022074227927032,0.9213320121735438,0.8685446009389671,True,426,10000,2.9819057999993674,0.017127100029028952,529,False,False,False
locked,locked_harder_holdout,holdout_bin_8,issue23_locked_leave_one_bin_local_calibration,DevNet_like_MLP,devnet_like_mlp,DevNet-like MLP,P3_full_lowguard,True,True,mlp_h8_alpha001,43,main_42_46,selected_source_rich_top64,64,kcenter,32,0.01,id_calib_plus_ood_val_guarded_1pct,0.003916064361343158,0.8591549295774648,0.0082,0.01,0.004,0.9606692488262911,0.9022074227927032,0.9213320121735438,0.8685446009389671,True,426,10000,2.541910599975381,0.019001899985596538,529,False,False,False
locked,locked_harder_holdout,holdout_bin_8,issue23_locked_leave_one_bin_local_calibration,HistGB_shallow,histgb,HistGB shallow,P0_raw_train_id_threshold,False,False,histgb_depth2_iter50_lr005,43,main_42_46,selected_source_rich_top64,64,kcenter,32,0.01,id_calib_only_1pct,0.0013622128527680957,0.7065727699530516,0.5462,0.0094,0.5525,0.5139524647887324,0.12107769080810037,0.5340552527897704,0.07276995305164319,False,426,10000,0.3728473000228405,0.12284620001446456,50,False,False,False
locked,locked_harder_holdout,holdout_bin_8,issue23_locked_leave_one_bin_local_calibration,HistGB_shallow,histgb,HistGB shallow,P1_raw_train_oodval_threshold,False,True,histgb_depth3_iter50_lr005,43,main_42_46,selected_source_rich_top64,64,kcenter,32,0.01,id_calib_plus_ood_val_guarded_1pct,0.04031806722620843,0.06807511737089202,0.0048,0.0,0.0055,0.3281512910798122,0.09900858997866496,0.5286290607969425,0.06807511737089202,True,426,10000,0.3361299999523908,0.1422315000090748,50,False,False,False
locked,locked_harder_holdout,holdout_bin_8,issue23_locked_leave_one_bin_local_calibration,HistGB_shallow,histgb,HistGB shallow,P2_guarded_train_id_threshold,True,False,histgb_depth2_iter50_lr005,43,main_42_46,selected_source_rich_top64,64,kcenter,32,0.01,id_calib_only_1pct,0.0011467179696919966,0.18779342723004694,0.0055,0.0062,0.0055,0.8814350938967136,0.3847825893848683,0.5753179040743625,0.19014084507042253,True,426,10000,0.3786477000103332,0.10734910005703568,50,False,False,False
locked,locked_harder_holdout,holdout_bin_8,issue23_locked_leave_one_bin_local_calibration,HistGB_shallow,histgb,HistGB shallow,P3_full_lowguard,True,True,histgb_depth2_iter50_lr005,43,main_42_46,selected_source_rich_top64,64,kcenter,32,0.01,id_calib_plus_ood_val_guarded_1pct,0.0011467179696919966,0.18779342723004694,0.0055,0.0062,0.0055,0.8814350938967136,0.3847825893848683,0.5753179040743625,0.19014084507042253,True,426,10000,0.37587569997413084,0.0980756999924779,50,False,False,False
locked,locked_harder_holdout,holdout_bin_8,issue23_locked_leave_one_bin_local_calibration,DeepSAD_like_center,deepsad_like_center,DeepSAD-like center,P0_raw_train_id_threshold,False,False,center_lambda0,43,main_42_46,selected_source_rich_top64,64,kcenter,32,0.01,id_calib_only_1pct,362.8647598266605,0.07746478873239436,0.2802,0.01,0.2725,0.4857273474178404,0.03605694987879258,0.49748743718592964,0.0,False,426,10000,0.013590100046712905,0.016992300050333142,128,False,False,False
locked,locked_harder_holdout,holdout_bin_8,issue23_locked_leave_one_bin_local_calibration,DeepSAD_like_center,deepsad_like_center,DeepSAD-like center,P1_raw_train_oodval_threshold,False,True,center_lambda0,43,main_42_46,selected_source_rich_top64,64,kcenter,32,0.01,id_calib_plus_ood_val_guarded_1pct,16552.242839355466,0.0,0.0082,0.0,0.01,0.4857273474178404,0.03605694987879258,0.49748743718592964,0.0,True,426,10000,0.015531899989582598,0.019240599998738617,128,False,False,False
locked,locked_harder_holdout,holdout_bin_8,issue23_locked_leave_one_bin_local_calibration,DeepSAD_like_center,deepsad_like_center,DeepSAD-like center,P2_guarded_train_id_threshold,True,False,center_lambda1,43,main_42_46,selected_source_rich_top64,64,kcenter,32,0.01,id_calib_only_1pct,369.95822021484395,0.06103286384976526,0.031,0.01,0.027,0.7175500000000001,0.06898420857682824,0.5027956684832614,0.01643192488262911,False,426,10000,0.03561439999612048,0.01983870001276955,128,False,False,False
locked,locked_harder_holdout,holdout_bin_8,issue23_locked_leave_one_bin_local_calibration,DeepSAD_like_center,deepsad_like_center,DeepSAD-like center,P3_full_lowguard,True,True,center_lambda1,43,main_42_46,selected_source_rich_top64,64,kcenter,32,0.01,id_calib_plus_ood_val_guarded_1pct,568.4514444732658,0.01643192488262911,0.0126,0.0014,0.01,0.7175500000000001,0.06898420857682824,0.5027956684832614,0.01643192488262911,False,426,10000,0.03302620002068579,0.019110900000669062,128,False,False,False
locked,locked_harder_holdout,holdout_bin_8,issue23_locked_leave_one_bin_local_calibration,Prototype_metric_LR,prototype_metric_lr,Prototype / metric LR,P0_raw_train_id_threshold,False,False,prototype_metric_lr_C1,43,main_42_46,selected_source_rich_top64,64,kcenter,32,0.01,id_calib_only_1pct,2.827852002340274,0.07981220657276995,0.1225,0.01,0.1205,0.7511901408450705,0.08293848330170836,0.49821879349800646,0.004694835680751174,False,426,10000,0.019534099963493645,0.013112999964505434,132,False,False,False
locked,locked_harder_holdout,holdout_bin_8,issue23_locked_leave_one_bin_local_calibration,Prototype_metric_LR,prototype_metric_lr,Prototype / metric LR,P1_raw_train_oodval_threshold,False,True,prototype_metric_lr_C1,43,main_42_46,selected_source_rich_top64,64,kcenter,32,0.01,id_calib_plus_ood_val_guarded_1pct,3.5491972705235297,0.004694835680751174,0.0077,0.0,0.01,0.7511901408450705,0.08293848330170836,0.49821879349800646,0.004694835680751174,True,426,10000,0.019277499988675117,0.014556000009179115,132,False,False,False
locked,locked_harder_holdout,holdout_bin_8,issue23_locked_leave_one_bin_local_calibration,Prototype_metric_LR,prototype_metric_lr,Prototype / metric LR,P2_guarded_train_id_threshold,True,False,prototype_metric_lr_C1,43,main_42_46,selected_source_rich_top64,64,kcenter,32,0.01,id_calib_only_1pct,2.1639690722406635,0.04460093896713615,0.0094,0.01,0.007,0.8587204225352113,0.1467442677938261,0.5011442187463138,0.0892018779342723,True,426,10000,0.04614639998180792,0.021037600003182888,198,False,False,False
locked,locked_harder_holdout,holdout_bin_8,issue23_locked_leave_one_bin_local_calibration,Prototype_metric_LR,prototype_metric_lr,Prototype / metric LR,P3_full_lowguard,True,True,prototype_metric_lr_C1,43,main_42_46,selected_source_rich_top64,64,kcenter,32,0.01,id_calib_plus_ood_val_guarded_1pct,2.1648609087089232,0.04225352112676056,0.0094,0.0098,0.007,0.8587204225352113,0.1467442677938261,0.5011442187463138,0.0892018779342723,True,426,10000,0.047649100015405566,0.01818660000571981,198,False,False,False
locked,locked_harder_holdout,holdout_bin_8,issue23_locked_leave_one_bin_local_calibration,RFF_Logistic,rff_logistic,RFF Logistic optional,P0_raw_train_id_threshold,False,False,rff256_gamma1_C1,43,main_42_46,selected_source_rich_top64,64,kcenter,32,0.01,id_calib_only_1pct,1.0006253615740457,0.023474178403755867,0.0288,0.01,0.0275,0.471669014084507,0.0395687114001865,0.5003066978082903,0.007042253521126761,False,426,10000,0.6070021000341512,0.0949541000300087,16641,False,False,False
locked,locked_harder_holdout,holdout_bin_8,issue23_locked_leave_one_bin_local_calibration,RFF_Logistic,rff_logistic,RFF Logistic optional,P1_raw_train_oodval_threshold,False,True,rff256_gamma01_C1,43,main_42_46,selected_source_rich_top64,64,kcenter,32,0.01,id_calib_plus_ood_val_guarded_1pct,2.7025494751124217,0.01643192488262911,0.009,0.0,0.01,0.39006690140845074,0.03511739877989864,0.5035860051430863,0.01643192488262911,True,426,10000,0.5180535000399686,0.08833359996788204,16641,False,False,False
locked,locked_harder_holdout,holdout_bin_8,issue23_locked_leave_one_bin_local_calibration,RFF_Logistic,rff_logistic,RFF Logistic optional,P2_guarded_train_id_threshold,True,False,rff256_gamma01_C1,43,main_42_46,selected_source_rich_top64,64,kcenter,32,0.01,id_calib_only_1pct,-0.7280368943870841,0.18544600938967137,0.0123,0.01,0.0105,0.8907399061032865,0.27089028004276205,0.532462783400571,0.13849765258215962,False,426,10000,1.5379940000129864,0.07484069996280596,16641,False,False,False
locked,locked_harder_holdout,holdout_bin_8,issue23_locked_leave_one_bin_local_calibration,RFF_Logistic,rff_logistic,RFF Logistic optional,P3_full_lowguard,True,True,rff256_gamma01_C1,43,main_42_46,selected_source_rich_top64,64,kcenter,32,0.01,id_calib_plus_ood_val_guarded_1pct,-0.6699895311283728,0.17370892018779344,0.0118,0.0096,0.0095,0.8907399061032865,0.27089028004276205,0.532462783400571,0.13849765258215962,False,426,10000,1.560385300021153,0.08671999996295199,16641,False,False,False
locked,locked_harder_holdout,holdout_bin_8,issue23_locked_leave_one_bin_local_calibration,LOW_GUARD_LR_reference,lr,LOW-GUARD-LR reference,P0_raw_train_id_threshold,False,False,lr_C1,44,main_42_46,selected_source_rich_top64,64,kcenter,32,0.01,id_calib_only_1pct,-4.977271527728448,0.9342723004694836,0.5133,0.01,0.5075,0.8137448356807512,0.11591321703244453,0.49748743718592964,0.0,False,426,10000,0.21249529998749495,0.018324600008782,65,False,False,False
locked,locked_harder_holdout,holdout_bin_8,issue23_locked_leave_one_bin_local_calibration,LOW_GUARD_LR_reference,lr,LOW-GUARD-LR reference,P1_raw_train_oodval_threshold,False,True,lr_C1,44,main_42_46,selected_source_rich_top64,64,kcenter,32,0.01,id_calib_plus_ood_val_guarded_1pct,41.3226637976937,0.0,0.0083,0.0,0.01,0.8137448356807512,0.11591321703244453,0.49748743718592964,0.0,True,426,10000,0.19179529999382794,0.016844599973410368,65,False,False,False
locked,locked_harder_holdout,holdout_bin_8,issue23_locked_leave_one_bin_local_calibration,LOW_GUARD_LR_reference,lr,LOW-GUARD-LR reference,P2_guarded_train_id_threshold,True,False,lr_C1,44,main_42_46,selected_source_rich_top64,64,kcenter,32,0.01,id_calib_only_1pct,-4.423530699389766,0.8826291079812206,0.0042,0.01,0.0005,0.964706103286385,0.910811477970229,0.9369853964658975,0.8896713615023474,True,426,10000,0.538659900019411,0.02065080002648756,65,False,False,False
locked,locked_harder_holdout,holdout_bin_8,issue23_locked_leave_one_bin_local_calibration,LOW_GUARD_LR_reference,lr,LOW-GUARD-LR reference,P3_full_lowguard,True,True,lr_C1,44,main_42_46,selected_source_rich_top64,64,kcenter,32,0.01,id_calib_plus_ood_val_guarded_1pct,-4.423520833673828,0.8826291079812206,0.0042,0.01,0.0005,0.964706103286385,0.910811477970229,0.9369853964658975,0.8896713615023474,True,426,10000,0.5927164999884553,0.02141039998969063,65,False,False,False
locked,locked_harder_holdout,holdout_bin_8,issue23_locked_leave_one_bin_local_calibration,DevNet_like_MLP,devnet_like_mlp,DevNet-like MLP,P0_raw_train_id_threshold,False,False,mlp_h8_alpha001,44,main_42_46,selected_source_rich_top64,64,kcenter,32,0.01,id_calib_only_1pct,0.0047011448582634455,0.9272300469483568,0.7285,0.01,0.7385,0.8735531690140846,0.2660708722717001,0.5029254252483073,0.01643192488262911,False,426,10000,1.7300437000230886,0.02025080000748858,529,False,False,False
locked,locked_harder_holdout,holdout_bin_8,issue23_locked_leave_one_bin_local_calibration,DevNet_like_MLP,devnet_like_mlp,DevNet-like MLP,P1_raw_train_oodval_threshold,False,True,mlp_h16_alpha001,44,main_42_46,selected_source_rich_top64,64,kcenter,32,0.01,id_calib_plus_ood_val_guarded_1pct,0.4009039629846804,0.7417840375586855,0.0154,0.0,0.01,0.9069903755868544,0.7287088044887662,0.7759100667657537,0.6901408450704225,False,426,10000,1.6429920999798924,0.01609029999235645,1057,False,False,False
locked,locked_harder_holdout,holdout_bin_8,issue23_locked_leave_one_bin_local_calibration,DevNet_like_MLP,devnet_like_mlp,DevNet-like MLP,P2_guarded_train_id_threshold,True,False,mlp_h16_alpha001,44,main_42_46,selected_source_rich_top64,64,kcenter,32,0.01,id_calib_only_1pct,0.0038249684148468095,0.863849765258216,0.0062,0.01,0.0005,0.9762596244131453,0.9276637440196002,0.9239153514049119,0.8967136150234741,True,426,10000,2.344425000017509,0.01965490001020953,1057,False,False,False
locked,locked_harder_holdout,holdout_bin_8,issue23_locked_leave_one_bin_local_calibration,DevNet_like_MLP,devnet_like_mlp,DevNet-like MLP,P3_full_lowguard,True,True,mlp_h16_alpha001,44,main_42_46,selected_source_rich_top64,64,kcenter,32,0.01,id_calib_plus_ood_val_guarded_1pct,0.0038271631710813433,0.863849765258216,0.0062,0.01,0.0005,0.9762596244131453,0.9276637440196002,0.9239153514049119,0.8967136150234741,True,426,10000,2.4571249000146054,0.018987899995408952,1057,False,False,False
locked,locked_harder_holdout,holdout_bin_8,issue23_locked_leave_one_bin_local_calibration,HistGB_shallow,histgb,HistGB shallow,P0_raw_train_id_threshold,False,False,histgb_depth3_iter50_lr005,44,main_42_46,selected_source_rich_top64,64,kcenter,32,0.01,id_calib_only_1pct,0.0012209262152992487,0.24882629107981222,0.5804,0.0092,0.578,0.3281512910798122,0.09900858997866496,0.5286290607969425,0.06807511737089202,False,426,10000,0.5202449000207707,0.11068149999482557,50,False,False,False
locked,locked_harder_holdout,holdout_bin_8,issue23_locked_leave_one_bin_local_calibration,HistGB_shallow,histgb,HistGB shallow,P1_raw_train_oodval_threshold,False,True,histgb_depth3_iter50_lr005,44,main_42_46,selected_source_rich_top64,64,kcenter,32,0.01,id_calib_plus_ood_val_guarded_1pct,0.04031806722620843,0.06807511737089202,0.0048,0.0,0.0055,0.3281512910798122,0.09900858997866496,0.5286290607969425,0.06807511737089202,True,426,10000,0.3492074999958277,0.12778390001039952,50,False,False,False
locked,locked_harder_holdout,holdout_bin_8,issue23_locked_leave_one_bin_local_calibration,HistGB_shallow,histgb,HistGB shallow,P2_guarded_train_id_threshold,True,False,histgb_depth2_iter50_lr005,44,main_42_46,selected_source_rich_top64,64,kcenter,32,0.01,id_calib_only_1pct,0.000581797823428753,0.8309859154929577,0.005,0.0024,0.0045,0.9474028169014084,0.8609437275448852,0.9142189822351192,0.8309859154929577,True,426,10000,0.36441259999992326,0.03179390000877902,50,False,False,False
locked,locked_harder_holdout,holdout_bin_8,issue23_locked_leave_one_bin_local_calibration,HistGB_shallow,histgb,HistGB shallow,P3_full_lowguard,True,True,histgb_depth3_iter50_lr005,44,main_42_46,selected_source_rich_top64,64,kcenter,32,0.01,id_calib_plus_ood_val_guarded_1pct,0.00032244977430791346,0.8356807511737089,0.008,0.0098,0.006,0.9674116197183098,0.8178426783214473,0.8015665180361904,0.8356807511737089,True,426,10000,0.39966500003356487,0.062087300000712276,50,False,False,False
locked,locked_harder_holdout,holdout_bin_8,issue23_locked_leave_one_bin_local_calibration,DeepSAD_like_center,deepsad_like_center,DeepSAD-like center,P0_raw_train_id_threshold,False,False,center_lambda0,44,main_42_46,selected_source_rich_top64,64,kcenter,32,0.01,id_calib_only_1pct,362.8647598266605,0.07746478873239436,0.2802,0.01,0.2725,0.4857273474178404,0.03605694987879258,0.49748743718592964,0.0,False,426,10000,0.01817920000758022,0.020293999987188727,128,False,False,False
locked,locked_harder_holdout,holdout_bin_8,issue23_locked_leave_one_bin_local_calibration,DeepSAD_like_center,deepsad_like_center,DeepSAD-like center,P1_raw_train_oodval_threshold,False,True,center_lambda0,44,main_42_46,selected_source_rich_top64,64,kcenter,32,0.01,id_calib_plus_ood_val_guarded_1pct,16552.242839355466,0.0,0.0082,0.0,0.01,0.4857273474178404,0.03605694987879258,0.49748743718592964,0.0,True,426,10000,0.01744130003498867,0.02048319997265935,128,False,False,False
locked,locked_harder_holdout,holdout_bin_8,issue23_locked_leave_one_bin_local_calibration,DeepSAD_like_center,deepsad_like_center,DeepSAD-like center,P2_guarded_train_id_threshold,True,False,center_lambda0,44,main_42_46,selected_source_rich_top64,64,kcenter,32,0.01,id_calib_only_1pct,160.41954147338882,0.01643192488262911,0.0254,0.01,0.023,0.738211971830986,0.07055177447984291,0.49748743718592964,0.0,False,426,10000,0.033080400025937706,0.017805700015742332,128,False,False,False
locked,locked_harder_holdout,holdout_bin_8,issue23_locked_leave_one_bin_local_calibration,DeepSAD_like_center,deepsad_like_center,DeepSAD-like center,P3_full_lowguard,True,True,center_lambda1,44,main_42_46,selected_source_rich_top64,64,kcenter,32,0.01,id_calib_plus_ood_val_guarded_1pct,568.4514444732658,0.01643192488262911,0.0126,0.0014,0.01,0.7175500000000001,0.06898420857682824,0.5027956684832614,0.01643192488262911,False,426,10000,0.034246600000187755,0.019587599963415414,128,False,False,False
locked,locked_harder_holdout,holdout_bin_8,issue23_locked_leave_one_bin_local_calibration,Prototype_metric_LR,prototype_metric_lr,Prototype / metric LR,P0_raw_train_id_threshold,False,False,prototype_metric_lr_C1,44,main_42_46,selected_source_rich_top64,64,kcenter,32,0.01,id_calib_only_1pct,2.827852002340274,0.07981220657276995,0.1225,0.01,0.1205,0.7511901408450705,0.08293848330170836,0.49821879349800646,0.004694835680751174,False,426,10000,0.020195399993099272,0.013046800042502582,132,False,False,False
locked,locked_harder_holdout,holdout_bin_8,issue23_locked_leave_one_bin_local_calibration,Prototype_metric_LR,prototype_metric_lr,Prototype / metric LR,P1_raw_train_oodval_threshold,False,True,prototype_metric_lr_C1,44,main_42_46,selected_source_rich_top64,64,kcenter,32,0.01,id_calib_plus_ood_val_guarded_1pct,3.5491972705235297,0.004694835680751174,0.0077,0.0,0.01,0.7511901408450705,0.08293848330170836,0.49821879349800646,0.004694835680751174,True,426,10000,0.017796200001612306,0.01355059997877106,132,False,False,False
locked,locked_harder_holdout,holdout_bin_8,issue23_locked_leave_one_bin_local_calibration,Prototype_metric_LR,prototype_metric_lr,Prototype / metric LR,P2_guarded_train_id_threshold,True,False,prototype_metric_lr_C1,44,main_42_46,selected_source_rich_top64,64,kcenter,32,0.01,id_calib_only_1pct,2.1639690722406635,0.04460093896713615,0.0094,0.01,0.007,0.8587204225352113,0.1467442677938261,0.5011442187463138,0.0892018779342723,True,426,10000,0.04867659998126328,0.022087400022428483,198,False,False,False
locked,locked_harder_holdout,holdout_bin_8,issue23_locked_leave_one_bin_local_calibration,Prototype_metric_LR,prototype_metric_lr,Prototype / metric LR,P3_full_lowguard,True,True,prototype_metric_lr_C1,44,main_42_46,selected_source_rich_top64,64,kcenter,32,0.01,id_calib_plus_ood_val_guarded_1pct,2.1648609087089232,0.04225352112676056,0.0094,0.0098,0.007,0.8587204225352113,0.1467442677938261,0.5011442187463138,0.0892018779342723,True,426,10000,0.0475459000444971,0.020437599974684417,198,False,False,False
locked,locked_harder_holdout,holdout_bin_8,issue23_locked_leave_one_bin_local_calibration,RFF_Logistic,rff_logistic,RFF Logistic optional,P0_raw_train_id_threshold,False,False,rff128_gamma1_C1,44,main_42_46,selected_source_rich_top64,64,kcenter,32,0.01,id_calib_only_1pct,2.5367453103729543,0.03286384976525822,0.0337,0.01,0.0325,0.44747276995305163,0.03668669291928686,0.5000471842781985,0.014084507042253521,False,426,10000,0.24487210001097992,0.05260480003198609,8321,False,False,False
locked,locked_harder_holdout,holdout_bin_8,issue23_locked_leave_one_bin_local_calibration,RFF_Logistic,rff_logistic,RFF Logistic optional,P1_raw_train_oodval_threshold,False,True,rff256_gamma01_C1,44,main_42_46,selected_source_rich_top64,64,kcenter,32,0.01,id_calib_plus_ood_val_guarded_1pct,1.253226397217653,0.028169014084507043,0.0087,0.0012,0.0095,0.48151408450704225,0.0470250008142816,0.5066175950173403,0.03286384976525822,True,426,10000,0.5188783000339754,0.07123000000137836,16641,False,False,False
locked,locked_harder_holdout,holdout_bin_8,issue23_locked_leave_one_bin_local_calibration,RFF_Logistic,rff_logistic,RFF Logistic optional,P2_guarded_train_id_threshold,True,False,rff256_gamma01_C1,44,main_42_46,selected_source_rich_top64,64,kcenter,32,0.01,id_calib_only_1pct,-0.4110801575348078,0.4788732394366197,0.0106,0.01,0.01,0.9082798122065728,0.5347927485353762,0.6479463042914101,0.43896713615023475,False,426,10000,1.5041699000285007,0.08425929996883497,16641,False,False,False
locked,locked_harder_holdout,holdout_bin_8,issue23_locked_leave_one_bin_local_calibration,RFF_Logistic,rff_logistic,RFF Logistic optional,P3_full_lowguard,True,True,rff256_gamma01_C1,44,main_42_46,selected_source_rich_top64,64,kcenter,32,0.01,id_calib_plus_ood_val_guarded_1pct,-0.4110801575348078,0.4788732394366197,0.0106,0.01,0.01,0.9082798122065728,0.5347927485353762,0.6479463042914101,0.43896713615023475,False,426,10000,1.4245940999826416,0.06910209998022765,16641,False,False,False
locked,locked_harder_holdout,holdout_bin_8,issue23_locked_leave_one_bin_local_calibration,LOW_GUARD_LR_reference,lr,LOW-GUARD-LR reference,P0_raw_train_id_threshold,False,False,lr_C1,45,main_42_46,selected_source_rich_top64,64,kcenter,32,0.01,id_calib_only_1pct,-4.977271527728448,0.9342723004694836,0.5133,0.01,0.5075,0.8137448356807512,0.11591321703244453,0.49748743718592964,0.0,False,426,10000,0.20855729997856542,0.01933649997226894,65,False,False,False
locked,locked_harder_holdout,holdout_bin_8,issue23_locked_leave_one_bin_local_calibration,LOW_GUARD_LR_reference,lr,LOW-GUARD-LR reference,P1_raw_train_oodval_threshold,False,True,lr_C1,45,main_42_46,selected_source_rich_top64,64,kcenter,32,0.01,id_calib_plus_ood_val_guarded_1pct,41.3226637976937,0.0,0.0083,0.0,0.01,0.8137448356807512,0.11591321703244453,0.49748743718592964,0.0,True,426,10000,0.2483689999789931,0.01527530001476407,65,False,False,False
locked,locked_harder_holdout,holdout_bin_8,issue23_locked_leave_one_bin_local_calibration,LOW_GUARD_LR_reference,lr,LOW-GUARD-LR reference,P2_guarded_train_id_threshold,True,False,lr_C1,45,main_42_46,selected_source_rich_top64,64,kcenter,32,0.01,id_calib_only_1pct,-4.423530699389766,0.8826291079812206,0.0042,0.01,0.0005,0.964706103286385,0.910811477970229,0.9369853964658975,0.8896713615023474,True,426,10000,0.5392496000276878,0.018973099999129772,65,False,False,False
locked,locked_harder_holdout,holdout_bin_8,issue23_locked_leave_one_bin_local_calibration,LOW_GUARD_LR_reference,lr,LOW-GUARD-LR reference,P3_full_lowguard,True,True,lr_C1,45,main_42_46,selected_source_rich_top64,64,kcenter,32,0.01,id_calib_plus_ood_val_guarded_1pct,-4.423520833673828,0.8826291079812206,0.0042,0.01,0.0005,0.964706103286385,0.910811477970229,0.9369853964658975,0.8896713615023474,True,426,10000,0.5405270000337623,0.020149499992839992,65,False,False,False
locked,locked_harder_holdout,holdout_bin_8,issue23_locked_leave_one_bin_local_calibration,DevNet_like_MLP,devnet_like_mlp,DevNet-like MLP,P0_raw_train_id_threshold,False,False,mlp_h8_alpha001,45,main_42_46,selected_source_rich_top64,64,kcenter,32,0.01,id_calib_only_1pct,0.007893209718167782,0.9295774647887324,0.3773,0.01,0.3715,0.9376399061032864,0.3995858910889386,0.49748743718592964,0.0,False,426,10000,1.9805050000431947,0.018317700014449656,529,False,False,False
locked,locked_harder_holdout,holdout_bin_8,issue23_locked_leave_one_bin_local_calibration,DevNet_like_MLP,devnet_like_mlp,DevNet-like MLP,P1_raw_train_oodval_threshold,False,True,mlp_h16_alpha001,45,main_42_46,selected_source_rich_top64,64,kcenter,32,0.01,id_calib_plus_ood_val_guarded_1pct,0.22530909527837673,0.8333333333333334,0.0161,0.0,0.01,0.9278598591549296,0.6196364389425584,0.673248873475358,0.7464788732394366,False,426,10000,1.6556038000271656,0.01858829997945577,1057,False,False,False
locked,locked_harder_holdout,holdout_bin_8,issue23_locked_leave_one_bin_local_calibration,DevNet_like_MLP,devnet_like_mlp,DevNet-like MLP,P2_guarded_train_id_threshold,True,False,mlp_h16_alpha001,45,main_42_46,selected_source_rich_top64,64,kcenter,32,0.01,id_calib_only_1pct,0.003136561906430871,0.9272300469483568,0.0092,0.01,0.0025,0.9779190140845071,0.9415239715318083,0.9486988935286762,0.9272300469483568,True,426,10000,2.5393773000105284,0.02048350003315136,1057,False,False,False
locked,locked_harder_holdout,holdout_bin_8,issue23_locked_leave_one_bin_local_calibration,DevNet_like_MLP,devnet_like_mlp,DevNet-like MLP,P3_full_lowguard,True,True,mlp_h16_alpha001,45,main_42_46,selected_source_rich_top64,64,kcenter,32,0.01,id_calib_plus_ood_val_guarded_1pct,0.003137777292344253,0.9272300469483568,0.0092,0.01,0.0025,0.9779190140845071,0.9415239715318083,0.9486988935286762,0.9272300469483568,True,426,10000,2.5688406000263058,0.01969029998872429,1057,False,False,False
locked,locked_harder_holdout,holdout_bin_8,issue23_locked_leave_one_bin_local_calibration,HistGB_shallow,histgb,HistGB shallow,P0_raw_train_id_threshold,False,False,histgb_depth2_iter50_lr005,45,main_42_46,selected_source_rich_top64,64,kcenter,32,0.01,id_calib_only_1pct,0.0013622128527680957,0.7065727699530516,0.5462,0.0094,0.5525,0.5139524647887324,0.12107769080810037,0.5340552527897704,0.07276995305164319,False,426,10000,0.4987797000212595,0.15990899997996166,50,False,False,False
locked,locked_harder_holdout,holdout_bin_8,issue23_locked_leave_one_bin_local_calibration,HistGB_shallow,histgb,HistGB shallow,P1_raw_train_oodval_threshold,False,True,histgb_depth2_iter50_lr005,45,main_42_46,selected_source_rich_top64,64,kcenter,32,0.01,id_calib_plus_ood_val_guarded_1pct,0.08394863235905509,0.07276995305164319,0.0,0.0,0.0,0.5139524647887324,0.12107769080810037,0.5340552527897704,0.07276995305164319,True,426,10000,0.31200919998809695,0.11051510000834242,50,False,False,False
locked,locked_harder_holdout,holdout_bin_8,issue23_locked_leave_one_bin_local_calibration,HistGB_shallow,histgb,HistGB shallow,P2_guarded_train_id_threshold,True,False,histgb_depth2_iter50_lr005,45,main_42_46,selected_source_rich_top64,64,kcenter,32,0.01,id_calib_only_1pct,0.00031511913558468155,0.8427230046948356,0.02,0.0096,0.0175,0.9457862676056339,0.8704801750694676,0.9139594687050275,0.8427230046948356,False,426,10000,0.2803519000299275,0.0317153999931179,50,False,False,False
locked,locked_harder_holdout,holdout_bin_8,issue23_locked_leave_one_bin_local_calibration,HistGB_shallow,histgb,HistGB shallow,P3_full_lowguard,True,True,histgb_depth3_iter50_lr005,45,main_42_46,selected_source_rich_top64,64,kcenter,32,0.01,id_calib_plus_ood_val_guarded_1pct,0.0003448197858347752,0.8145539906103286,0.012,0.01,0.01,0.9413576291079813,0.8516169111810886,0.9001993535753886,0.8145539906103286,False,426,10000,0.5246504999813624,0.1058807999943383,50,False,False,False
locked,locked_harder_holdout,holdout_bin_8,issue23_locked_leave_one_bin_local_calibration,DeepSAD_like_center,deepsad_like_center,DeepSAD-like center,P0_raw_train_id_threshold,False,False,center_lambda0,45,main_42_46,selected_source_rich_top64,64,kcenter,32,0.01,id_calib_only_1pct,362.8647598266605,0.07746478873239436,0.2802,0.01,0.2725,0.4857273474178404,0.03605694987879258,0.49748743718592964,0.0,False,426,10000,0.016752300027292222,0.02048780000768602,128,False,False,False
locked,locked_harder_holdout,holdout_bin_8,issue23_locked_leave_one_bin_local_calibration,DeepSAD_like_center,deepsad_like_center,DeepSAD-like center,P1_raw_train_oodval_threshold,False,True,center_lambda0,45,main_42_46,selected_source_rich_top64,64,kcenter,32,0.01,id_calib_plus_ood_val_guarded_1pct,16552.242839355466,0.0,0.0082,0.0,0.01,0.4857273474178404,0.03605694987879258,0.49748743718592964,0.0,True,426,10000,0.013449799967929721,0.0191556999925524,128,False,False,False
locked,locked_harder_holdout,holdout_bin_8,issue23_locked_leave_one_bin_local_calibration,DeepSAD_like_center,deepsad_like_center,DeepSAD-like center,P2_guarded_train_id_threshold,True,False,center_lambda0,45,main_42_46,selected_source_rich_top64,64,kcenter,32,0.01,id_calib_only_1pct,160.41954147338882,0.01643192488262911,0.0254,0.01,0.023,0.738211971830986,0.07055177447984291,0.49748743718592964,0.0,False,426,10000,0.03374050004640594,0.01601149997441098,128,False,False,False
locked,locked_harder_holdout,holdout_bin_8,issue23_locked_leave_one_bin_local_calibration,DeepSAD_like_center,deepsad_like_center,DeepSAD-like center,P3_full_lowguard,True,True,center_lambda2,45,main_42_46,selected_source_rich_top64,64,kcenter,32,0.01,id_calib_plus_ood_val_guarded_1pct,861.4247789764376,0.018779342723004695,0.0134,0.0014,0.01,0.7092720657276994,0.06827850234870264,0.5035506169344375,0.01643192488262911,False,426,10000,0.03594390000216663,0.0221958999754861,128,False,False,False
locked,locked_harder_holdout,holdout_bin_8,issue23_locked_leave_one_bin_local_calibration,Prototype_metric_LR,prototype_metric_lr,Prototype / metric LR,P0_raw_train_id_threshold,False,False,prototype_metric_lr_C1,45,main_42_46,selected_source_rich_top64,64,kcenter,32,0.01,id_calib_only_1pct,2.827852002340274,0.07981220657276995,0.1225,0.01,0.1205,0.7511901408450705,0.08293848330170836,0.49821879349800646,0.004694835680751174,False,426,10000,0.02037659997586161,0.012410899973474443,132,False,False,False
locked,locked_harder_holdout,holdout_bin_8,issue23_locked_leave_one_bin_local_calibration,Prototype_metric_LR,prototype_metric_lr,Prototype / metric LR,P1_raw_train_oodval_threshold,False,True,prototype_metric_lr_C1,45,main_42_46,selected_source_rich_top64,64,kcenter,32,0.01,id_calib_plus_ood_val_guarded_1pct,3.5491972705235297,0.004694835680751174,0.0077,0.0,0.01,0.7511901408450705,0.08293848330170836,0.49821879349800646,0.004694835680751174,True,426,10000,0.01986110000871122,0.013047899992670864,132,False,False,False
locked,locked_harder_holdout,holdout_bin_8,issue23_locked_leave_one_bin_local_calibration,Prototype_metric_LR,prototype_metric_lr,Prototype / metric LR,P2_guarded_train_id_threshold,True,False,prototype_metric_lr_C1,45,main_42_46,selected_source_rich_top64,64,kcenter,32,0.01,id_calib_only_1pct,2.1639690722406635,0.04460093896713615,0.0094,0.01,0.007,0.8587204225352113,0.1467442677938261,0.5011442187463138,0.0892018779342723,True,426,10000,0.052224399987608194,0.02149949996965006,198,False,False,False
locked,locked_harder_holdout,holdout_bin_8,issue23_locked_leave_one_bin_local_calibration,Prototype_metric_LR,prototype_metric_lr,Prototype / metric LR,P3_full_lowguard,True,True,prototype_metric_lr_C1,45,main_42_46,selected_source_rich_top64,64,kcenter,32,0.01,id_calib_plus_ood_val_guarded_1pct,2.1648609087089232,0.04225352112676056,0.0094,0.0098,0.007,0.8587204225352113,0.1467442677938261,0.5011442187463138,0.0892018779342723,True,426,10000,0.04714340000646189,0.02082089998293668,198,False,False,False
locked,locked_harder_holdout,holdout_bin_8,issue23_locked_leave_one_bin_local_calibration,RFF_Logistic,rff_logistic,RFF Logistic optional,P0_raw_train_id_threshold,False,False,rff128_gamma1_C1,45,main_42_46,selected_source_rich_top64,64,kcenter,32,0.01,id_calib_only_1pct,2.7044823651264767,0.02112676056338028,0.0275,0.01,0.0325,0.46365985915492963,0.0373747204159468,0.49906811050557953,0.009389671361502348,False,426,10000,0.2937413000036031,0.048425399989355356,8321,False,False,False
locked,locked_harder_holdout,holdout_bin_8,issue23_locked_leave_one_bin_local_calibration,RFF_Logistic,rff_logistic,RFF Logistic optional,P1_raw_train_oodval_threshold,False,True,rff256_gamma01_C1,45,main_42_46,selected_source_rich_top64,64,kcenter,32,0.01,id_calib_plus_ood_val_guarded_1pct,2.4917479670267166,0.018779342723004695,0.0126,0.0,0.01,0.5268464788732394,0.05745762466160226,0.5058508504966145,0.018779342723004695,False,426,10000,0.6083072999608703,0.07909070001915097,16641,False,False,False
locked,locked_harder_holdout,holdout_bin_8,issue23_locked_leave_one_bin_local_calibration,RFF_Logistic,rff_logistic,RFF Logistic optional,P2_guarded_train_id_threshold,True,False,rff256_gamma01_C1,45,main_42_46,selected_source_rich_top64,64,kcenter,32,0.01,id_calib_only_1pct,-0.5406514341566985,0.07042253521126761,0.0101,0.01,0.006,0.7158246478873239,0.11761284319493431,0.5197702125651733,0.07042253521126761,False,426,10000,1.400157299998682,0.07286680000834167,16641,False,False,False
locked,locked_harder_holdout,holdout_bin_8,issue23_locked_leave_one_bin_local_calibration,RFF_Logistic,rff_logistic,RFF Logistic optional,P3_full_lowguard,True,True,rff256_gamma01_C1,45,main_42_46,selected_source_rich_top64,64,kcenter,32,0.01,id_calib_plus_ood_val_guarded_1pct,-0.523525667367406,0.07042253521126761,0.0099,0.01,0.006,0.7158246478873239,0.11761284319493431,0.5197702125651733,0.07042253521126761,True,426,10000,1.3097326999995857,0.07403189997421578,16641,False,False,False
locked,locked_harder_holdout,holdout_bin_8,issue23_locked_leave_one_bin_local_calibration,LOW_GUARD_LR_reference,lr,LOW-GUARD-LR reference,P0_raw_train_id_threshold,False,False,lr_C1,46,main_42_46,selected_source_rich_top64,64,kcenter,32,0.01,id_calib_only_1pct,-4.977271527728448,0.9342723004694836,0.5133,0.01,0.5075,0.8137448356807512,0.11591321703244453,0.49748743718592964,0.0,False,426,10000,0.2306012999615632,0.02442130004055798,65,False,False,False
locked,locked_harder_holdout,holdout_bin_8,issue23_locked_leave_one_bin_local_calibration,LOW_GUARD_LR_reference,lr,LOW-GUARD-LR reference,P1_raw_train_oodval_threshold,False,True,lr_C1,46,main_42_46,selected_source_rich_top64,64,kcenter,32,0.01,id_calib_plus_ood_val_guarded_1pct,41.3226637976937,0.0,0.0083,0.0,0.01,0.8137448356807512,0.11591321703244453,0.49748743718592964,0.0,True,426,10000,0.2524161000037566,0.019292600045446306,65,False,False,False
locked,locked_harder_holdout,holdout_bin_8,issue23_locked_leave_one_bin_local_calibration,LOW_GUARD_LR_reference,lr,LOW-GUARD-LR reference,P2_guarded_train_id_threshold,True,False,lr_C1,46,main_42_46,selected_source_rich_top64,64,kcenter,32,0.01,id_calib_only_1pct,-4.423530699389766,0.8826291079812206,0.0042,0.01,0.0005,0.964706103286385,0.910811477970229,0.9369853964658975,0.8896713615023474,True,426,10000,0.5188129000016488,0.019513100036419928,65,False,False,False
locked,locked_harder_holdout,holdout_bin_8,issue23_locked_leave_one_bin_local_calibration,LOW_GUARD_LR_reference,lr,LOW-GUARD-LR reference,P3_full_lowguard,True,True,lr_C1,46,main_42_46,selected_source_rich_top64,64,kcenter,32,0.01,id_calib_plus_ood_val_guarded_1pct,-4.423520833673828,0.8826291079812206,0.0042,0.01,0.0005,0.964706103286385,0.910811477970229,0.9369853964658975,0.8896713615023474,True,426,10000,0.6075087999925017,0.020568399981129915,65,False,False,False
locked,locked_harder_holdout,holdout_bin_8,issue23_locked_leave_one_bin_local_calibration,DevNet_like_MLP,devnet_like_mlp,DevNet-like MLP,P0_raw_train_id_threshold,False,False,mlp_h8_alpha001,46,main_42_46,selected_source_rich_top64,64,kcenter,32,0.01,id_calib_only_1pct,0.003184731816872957,0.92018779342723,0.6318,0.01,0.6225,0.9065633802816901,0.8090381145295651,0.8710925519616863,0.7699530516431925,False,426,10000,1.6418108000070788,0.019735699985176325,529,False,False,False
locked,locked_harder_holdout,holdout_bin_8,issue23_locked_leave_one_bin_local_calibration,DevNet_like_MLP,devnet_like_mlp,DevNet-like MLP,P1_raw_train_oodval_threshold,False,True,mlp_h8_alpha001,46,main_42_46,selected_source_rich_top64,64,kcenter,32,0.01,id_calib_plus_ood_val_guarded_1pct,0.4089149045720685,0.7699530516431925,0.0121,0.0,0.01,0.9065633802816901,0.8090381145295651,0.8710925519616863,0.7699530516431925,False,426,10000,1.6436619000160135,0.0171390000032261,529,False,False,False
locked,locked_harder_holdout,holdout_bin_8,issue23_locked_leave_one_bin_local_calibration,DevNet_like_MLP,devnet_like_mlp,DevNet-like MLP,P2_guarded_train_id_threshold,True,False,mlp_h16_alpha001,46,main_42_46,selected_source_rich_top64,64,kcenter,32,0.01,id_calib_only_1pct,0.003730831006541849,0.9084507042253521,0.0071,0.01,0.0005,0.9836948356807511,0.9431699356027983,0.9406421780262817,0.9107981220657277,True,426,10000,2.3687289000372402,0.019631700008176267,1057,False,False,False
locked,locked_harder_holdout,holdout_bin_8,issue23_locked_leave_one_bin_local_calibration,DevNet_like_MLP,devnet_like_mlp,DevNet-like MLP,P3_full_lowguard,True,True,mlp_h16_alpha001,46,main_42_46,selected_source_rich_top64,64,kcenter,32,0.01,id_calib_plus_ood_val_guarded_1pct,0.0037318508701864655,0.9084507042253521,0.0071,0.01,0.0005,0.9836948356807511,0.9431699356027983,0.9406421780262817,0.9107981220657277,True,426,10000,3.370123800006695,0.013756899978034198,1057,False,False,False
locked,locked_harder_holdout,holdout_bin_8,issue23_locked_leave_one_bin_local_calibration,HistGB_shallow,histgb,HistGB shallow,P0_raw_train_id_threshold,False,False,histgb_depth3_iter50_lr005,46,main_42_46,selected_source_rich_top64,64,kcenter,32,0.01,id_calib_only_1pct,0.0012209262152992487,0.24882629107981222,0.5804,0.0092,0.578,0.3281512910798122,0.09900858997866496,0.5286290607969425,0.06807511737089202,False,426,10000,0.4789576000184752,0.09068820002721623,50,False,False,False
locked,locked_harder_holdout,holdout_bin_8,issue23_locked_leave_one_bin_local_calibration,HistGB_shallow,histgb,HistGB shallow,P1_raw_train_oodval_threshold,False,True,histgb_depth2_iter50_lr005,46,main_42_46,selected_source_rich_top64,64,kcenter,32,0.01,id_calib_plus_ood_val_guarded_1pct,0.08394863235905509,0.07276995305164319,0.0,0.0,0.0,0.5139524647887324,0.12107769080810037,0.5340552527897704,0.07276995305164319,True,426,10000,0.4458131000283174,0.16939659998752177,50,False,False,False
locked,locked_harder_holdout,holdout_bin_8,issue23_locked_leave_one_bin_local_calibration,HistGB_shallow,histgb,HistGB shallow,P2_guarded_train_id_threshold,True,False,histgb_depth2_iter50_lr005,46,main_42_46,selected_source_rich_top64,64,kcenter,32,0.01,id_calib_only_1pct,0.0028454421082958403,0.046948356807511735,0.0008,0.0072,0.0,0.5467384976525822,0.10190680950436687,0.5287116332837898,0.1056338028169014,True,426,10000,0.20310759998392314,0.018000899988692254,50,False,False,False
locked,locked_harder_holdout,holdout_bin_8,issue23_locked_leave_one_bin_local_calibration,HistGB_shallow,histgb,HistGB shallow,P3_full_lowguard,True,True,histgb_depth2_iter50_lr005,46,main_42_46,selected_source_rich_top64,64,kcenter,32,0.01,id_calib_plus_ood_val_guarded_1pct,0.0028454421082958403,0.046948356807511735,0.0008,0.0072,0.0,0.5467384976525822,0.10190680950436687,0.5287116332837898,0.1056338028169014,True,426,10000,0.4893343000439927,0.025250100006815046,50,False,False,False
locked,locked_harder_holdout,holdout_bin_8,issue23_locked_leave_one_bin_local_calibration,DeepSAD_like_center,deepsad_like_center,DeepSAD-like center,P0_raw_train_id_threshold,False,False,center_lambda0,46,main_42_46,selected_source_rich_top64,64,kcenter,32,0.01,id_calib_only_1pct,362.8647598266605,0.07746478873239436,0.2802,0.01,0.2725,0.4857273474178404,0.03605694987879258,0.49748743718592964,0.0,False,426,10000,0.015643800026737154,0.01972330000717193,128,False,False,False
locked,locked_harder_holdout,holdout_bin_8,issue23_locked_leave_one_bin_local_calibration,DeepSAD_like_center,deepsad_like_center,DeepSAD-like center,P1_raw_train_oodval_threshold,False,True,center_lambda0,46,main_42_46,selected_source_rich_top64,64,kcenter,32,0.01,id_calib_plus_ood_val_guarded_1pct,16552.242839355466,0.0,0.0082,0.0,0.01,0.4857273474178404,0.03605694987879258,0.49748743718592964,0.0,True,426,10000,0.018482099985703826,0.02052149997325614,128,False,False,False
locked,locked_harder_holdout,holdout_bin_8,issue23_locked_leave_one_bin_local_calibration,DeepSAD_like_center,deepsad_like_center,DeepSAD-like center,P2_guarded_train_id_threshold,True,False,center_lambda0,46,main_42_46,selected_source_rich_top64,64,kcenter,32,0.01,id_calib_only_1pct,160.41954147338882,0.01643192488262911,0.0254,0.01,0.023,0.738211971830986,0.07055177447984291,0.49748743718592964,0.0,False,426,10000,0.032215199957136065,0.018715000012889504,128,False,False,False
locked,locked_harder_holdout,holdout_bin_8,issue23_locked_leave_one_bin_local_calibration,DeepSAD_like_center,deepsad_like_center,DeepSAD-like center,P3_full_lowguard,True,True,center_lambda2,46,main_42_46,selected_source_rich_top64,64,kcenter,32,0.01,id_calib_plus_ood_val_guarded_1pct,861.4247789764376,0.018779342723004695,0.0134,0.0014,0.01,0.7092720657276994,0.06827850234870264,0.5035506169344375,0.01643192488262911,False,426,10000,0.03396329999668524,0.019670900015626103,128,False,False,False
locked,locked_harder_holdout,holdout_bin_8,issue23_locked_leave_one_bin_local_calibration,Prototype_metric_LR,prototype_metric_lr,Prototype / metric LR,P0_raw_train_id_threshold,False,False,prototype_metric_lr_C1,46,main_42_46,selected_source_rich_top64,64,kcenter,32,0.01,id_calib_only_1pct,2.827852002340274,0.07981220657276995,0.1225,0.01,0.1205,0.7511901408450705,0.08293848330170836,0.49821879349800646,0.004694835680751174,False,426,10000,0.020340399991255254,0.015150300052482635,132,False,False,False
locked,locked_harder_holdout,holdout_bin_8,issue23_locked_leave_one_bin_local_calibration,Prototype_metric_LR,prototype_metric_lr,Prototype / metric LR,P1_raw_train_oodval_threshold,False,True,prototype_metric_lr_C1,46,main_42_46,selected_source_rich_top64,64,kcenter,32,0.01,id_calib_plus_ood_val_guarded_1pct,3.5491972705235297,0.004694835680751174,0.0077,0.0,0.01,0.7511901408450705,0.08293848330170836,0.49821879349800646,0.004694835680751174,True,426,10000,0.019605400040745735,0.016268400009721518,132,False,False,False
locked,locked_harder_holdout,holdout_bin_8,issue23_locked_leave_one_bin_local_calibration,Prototype_metric_LR,prototype_metric_lr,Prototype / metric LR,P2_guarded_train_id_threshold,True,False,prototype_metric_lr_C1,46,main_42_46,selected_source_rich_top64,64,kcenter,32,0.01,id_calib_only_1pct,2.1639690722406635,0.04460093896713615,0.0094,0.01,0.007,0.8587204225352113,0.1467442677938261,0.5011442187463138,0.0892018779342723,True,426,10000,0.04910830000881106,0.023673500050790608,198,False,False,False
locked,locked_harder_holdout,holdout_bin_8,issue23_locked_leave_one_bin_local_calibration,Prototype_metric_LR,prototype_metric_lr,Prototype / metric LR,P3_full_lowguard,True,True,prototype_metric_lr_C1,46,main_42_46,selected_source_rich_top64,64,kcenter,32,0.01,id_calib_plus_ood_val_guarded_1pct,2.1648609087089232,0.04225352112676056,0.0094,0.0098,0.007,0.8587204225352113,0.1467442677938261,0.5011442187463138,0.0892018779342723,True,426,10000,0.048560400027781725,0.02467610000167042,198,False,False,False
locked,locked_harder_holdout,holdout_bin_8,issue23_locked_leave_one_bin_local_calibration,RFF_Logistic,rff_logistic,RFF Logistic optional,P0_raw_train_id_threshold,False,False,rff256_gamma1_C1,46,main_42_46,selected_source_rich_top64,64,kcenter,32,0.01,id_calib_only_1pct,0.8468685897579449,0.01643192488262911,0.028,0.01,0.028,0.5018924882629108,0.04112665623737606,0.4979356878288154,0.004694835680751174,False,426,10000,0.4978652999852784,0.06819309998536482,16641,False,False,False
locked,locked_harder_holdout,holdout_bin_8,issue23_locked_leave_one_bin_local_calibration,RFF_Logistic,rff_logistic,RFF Logistic optional,P1_raw_train_oodval_threshold,False,True,rff256_gamma1_C1,46,main_42_46,selected_source_rich_top64,64,kcenter,32,0.01,id_calib_plus_ood_val_guarded_1pct,2.031949504117798,0.004694835680751174,0.0099,0.002,0.01,0.5018924882629108,0.04112665623737606,0.4979356878288154,0.004694835680751174,True,426,10000,0.49705200002063066,0.08186890004435554,16641,False,False,False
locked,locked_harder_holdout,holdout_bin_8,issue23_locked_leave_one_bin_local_calibration,RFF_Logistic,rff_logistic,RFF Logistic optional,P2_guarded_train_id_threshold,True,False,rff128_gamma01_C1,46,main_42_46,selected_source_rich_top64,64,kcenter,32,0.01,id_calib_only_1pct,1.1856518375742864,0.09859154929577464,0.0127,0.01,0.009,0.6859011737089201,0.13755530365977672,0.5228843749262746,0.07276995305164319,False,426,10000,0.7285088000353426,0.046641600027214736,8321,False,False,False
locked,locked_harder_holdout,holdout_bin_8,issue23_locked_leave_one_bin_local_calibration,RFF_Logistic,rff_logistic,RFF Logistic optional,P3_full_lowguard,True,True,rff256_gamma01_C1,46,main_42_46,selected_source_rich_top64,64,kcenter,32,0.01,id_calib_plus_ood_val_guarded_1pct,0.12723058462089198,0.056338028169014086,0.0103,0.0094,0.01,0.6851133802816901,0.09590876176148586,0.5123740769575578,0.056338028169014086,False,426,10000,1.4756751999957487,0.09083170001395047,16641,False,False,False
locked,locked_harder_holdout,holdout_bin_8,issue23_locked_leave_one_bin_local_calibration,LOW_GUARD_LR_reference,lr,LOW-GUARD-LR reference,P0_raw_train_id_threshold,False,False,lr_C1,47,heldout_47_51,selected_source_rich_top64,64,kcenter,32,0.01,id_calib_only_1pct,-4.977271527728448,0.9342723004694836,0.5133,0.01,0.5075,0.8137448356807512,0.11591321703244453,0.49748743718592964,0.0,False,426,10000,0.29767560004256666,0.017841799999587238,65,False,False,False
locked,locked_harder_holdout,holdout_bin_8,issue23_locked_leave_one_bin_local_calibration,LOW_GUARD_LR_reference,lr,LOW-GUARD-LR reference,P1_raw_train_oodval_threshold,False,True,lr_C1,47,heldout_47_51,selected_source_rich_top64,64,kcenter,32,0.01,id_calib_plus_ood_val_guarded_1pct,41.3226637976937,0.0,0.0083,0.0,0.01,0.8137448356807512,0.11591321703244453,0.49748743718592964,0.0,True,426,10000,0.224927699950058,0.017557799990754575,65,False,False,False
locked,locked_harder_holdout,holdout_bin_8,issue23_locked_leave_one_bin_local_calibration,LOW_GUARD_LR_reference,lr,LOW-GUARD-LR reference,P2_guarded_train_id_threshold,True,False,lr_C1,47,heldout_47_51,selected_source_rich_top64,64,kcenter,32,0.01,id_calib_only_1pct,-4.423530699389766,0.8826291079812206,0.0042,0.01,0.0005,0.964706103286385,0.910811477970229,0.9369853964658975,0.8896713615023474,True,426,10000,0.501629900012631,0.017195900029037148,65,False,False,False
locked,locked_harder_holdout,holdout_bin_8,issue23_locked_leave_one_bin_local_calibration,LOW_GUARD_LR_reference,lr,LOW-GUARD-LR reference,P3_full_lowguard,True,True,lr_C1,47,heldout_47_51,selected_source_rich_top64,64,kcenter,32,0.01,id_calib_plus_ood_val_guarded_1pct,-4.423520833673828,0.8826291079812206,0.0042,0.01,0.0005,0.964706103286385,0.910811477970229,0.9369853964658975,0.8896713615023474,True,426,10000,0.5178361000143923,0.019218400004319847,65,False,False,False
locked,locked_harder_holdout,holdout_bin_8,issue23_locked_leave_one_bin_local_calibration,DevNet_like_MLP,devnet_like_mlp,DevNet-like MLP,P0_raw_train_id_threshold,False,False,mlp_h8_alpha001,47,heldout_47_51,selected_source_rich_top64,64,kcenter,32,0.01,id_calib_only_1pct,0.16495445370674133,0.9413145539906104,0.5388,0.0018,0.5335,0.8627240610328639,0.20557786747064735,0.49748743718592964,0.0,False,426,10000,2.053872800024692,0.017347299959510565,529,False,False,False
locked,locked_harder_holdout,holdout_bin_8,issue23_locked_leave_one_bin_local_calibration,DevNet_like_MLP,devnet_like_mlp,DevNet-like MLP,P1_raw_train_oodval_threshold,False,True,mlp_h16_alpha001,47,heldout_47_51,selected_source_rich_top64,64,kcenter,32,0.01,id_calib_plus_ood_val_guarded_1pct,0.8870350838750587,0.1807511737089202,0.0142,0.0,0.01,0.8830366197183097,0.39016029073465547,0.5030787741524524,0.028169014084507043,False,426,10000,3.373383999976795,0.02127289999043569,1057,False,False,False
locked,locked_harder_holdout,holdout_bin_8,issue23_locked_leave_one_bin_local_calibration,DevNet_like_MLP,devnet_like_mlp,DevNet-like MLP,P2_guarded_train_id_threshold,True,False,mlp_h16_alpha001,47,heldout_47_51,selected_source_rich_top64,64,kcenter,32,0.01,id_calib_only_1pct,0.00490567997563631,0.8708920187793427,0.004,0.01,0.001,0.9819176056338026,0.941190197885542,0.933246042418666,0.9154929577464789,True,426,10000,2.157848600007128,0.016836300026625395,1057,False,False,False
locked,locked_harder_holdout,holdout_bin_8,issue23_locked_leave_one_bin_local_calibration,DevNet_like_MLP,devnet_like_mlp,DevNet-like MLP,P3_full_lowguard,True,True,mlp_h16_alpha001,47,heldout_47_51,selected_source_rich_top64,64,kcenter,32,0.01,id_calib_plus_ood_val_guarded_1pct,0.004956587241380524,0.8708920187793427,0.0039,0.0098,0.001,0.9819176056338026,0.941190197885542,0.933246042418666,0.9154929577464789,True,426,10000,2.240930700034369,0.017209500016178936,1057,False,False,False
locked,locked_harder_holdout,holdout_bin_8,issue23_locked_leave_one_bin_local_calibration,HistGB_shallow,histgb,HistGB shallow,P0_raw_train_id_threshold,False,False,histgb_depth3_iter50_lr005,47,heldout_47_51,selected_source_rich_top64,64,kcenter,32,0.01,id_calib_only_1pct,0.0012209262152992487,0.24882629107981222,0.5804,0.0092,0.578,0.3281512910798122,0.09900858997866496,0.5286290607969425,0.06807511737089202,False,426,10000,0.626009100000374,0.16906939999898896,50,False,False,False
locked,locked_harder_holdout,holdout_bin_8,issue23_locked_leave_one_bin_local_calibration,HistGB_shallow,histgb,HistGB shallow,P1_raw_train_oodval_threshold,False,True,histgb_depth2_iter50_lr005,47,heldout_47_51,selected_source_rich_top64,64,kcenter,32,0.01,id_calib_plus_ood_val_guarded_1pct,0.08394863235905509,0.07276995305164319,0.0,0.0,0.0,0.5139524647887324,0.12107769080810037,0.5340552527897704,0.07276995305164319,True,426,10000,0.4207909000106156,0.17509739997331053,50,False,False,False
locked,locked_harder_holdout,holdout_bin_8,issue23_locked_leave_one_bin_local_calibration,HistGB_shallow,histgb,HistGB shallow,P2_guarded_train_id_threshold,True,False,histgb_depth2_iter50_lr005,47,heldout_47_51,selected_source_rich_top64,64,kcenter,32,0.01,id_calib_only_1pct,0.002759401722491205,0.0539906103286385,0.0009,0.0098,0.0,0.567350352112676,0.09907336177524752,0.5282692806756789,0.06572769953051644,True,426,10000,0.1881400999845937,0.015196399996057153,50,False,False,False
locked,locked_harder_holdout,holdout_bin_8,issue23_locked_leave_one_bin_local_calibration,HistGB_shallow,histgb,HistGB shallow,P3_full_lowguard,True,True,histgb_depth2_iter50_lr005,47,heldout_47_51,selected_source_rich_top64,64,kcenter,32,0.01,id_calib_plus_ood_val_guarded_1pct,0.002763499906590092,0.0539906103286385,0.0009,0.0098,0.0,0.567350352112676,0.09907336177524752,0.5282692806756789,0.06572769953051644,True,426,10000,0.2319872000371106,0.015293799981009215,50,False,False,False
locked,locked_harder_holdout,holdout_bin_8,issue23_locked_leave_one_bin_local_calibration,DeepSAD_like_center,deepsad_like_center,DeepSAD-like center,P0_raw_train_id_threshold,False,False,center_lambda0,47,heldout_47_51,selected_source_rich_top64,64,kcenter,32,0.01,id_calib_only_1pct,362.8647598266605,0.07746478873239436,0.2802,0.01,0.2725,0.4857273474178404,0.03605694987879258,0.49748743718592964,0.0,False,426,10000,0.016384000016842037,0.020603500015567988,128,False,False,False
locked,locked_harder_holdout,holdout_bin_8,issue23_locked_leave_one_bin_local_calibration,DeepSAD_like_center,deepsad_like_center,DeepSAD-like center,P1_raw_train_oodval_threshold,False,True,center_lambda0,47,heldout_47_51,selected_source_rich_top64,64,kcenter,32,0.01,id_calib_plus_ood_val_guarded_1pct,16552.242839355466,0.0,0.0082,0.0,0.01,0.4857273474178404,0.03605694987879258,0.49748743718592964,0.0,True,426,10000,0.03532030002679676,0.020220100006554276,128,False,False,False
locked,locked_harder_holdout,holdout_bin_8,issue23_locked_leave_one_bin_local_calibration,DeepSAD_like_center,deepsad_like_center,DeepSAD-like center,P2_guarded_train_id_threshold,True,False,center_lambda0,47,heldout_47_51,selected_source_rich_top64,64,kcenter,32,0.01,id_calib_only_1pct,160.41954147338882,0.01643192488262911,0.0254,0.01,0.023,0.738211971830986,0.07055177447984291,0.49748743718592964,0.0,False,426,10000,0.034627099987119436,0.020411600009538233,128,False,False,False
locked,locked_harder_holdout,holdout_bin_8,issue23_locked_leave_one_bin_local_calibration,DeepSAD_like_center,deepsad_like_center,DeepSAD-like center,P3_full_lowguard,True,True,center_lambda1,47,heldout_47_51,selected_source_rich_top64,64,kcenter,32,0.01,id_calib_plus_ood_val_guarded_1pct,568.4514444732658,0.01643192488262911,0.0126,0.0014,0.01,0.7175500000000001,0.06898420857682824,0.5027956684832614,0.01643192488262911,False,426,10000,0.03298309998353943,0.01949650002643466,128,False,False,False
locked,locked_harder_holdout,holdout_bin_8,issue23_locked_leave_one_bin_local_calibration,Prototype_metric_LR,prototype_metric_lr,Prototype / metric LR,P0_raw_train_id_threshold,False,False,prototype_metric_lr_C1,47,heldout_47_51,selected_source_rich_top64,64,kcenter,32,0.01,id_calib_only_1pct,2.827852002340274,0.07981220657276995,0.1225,0.01,0.1205,0.7511901408450705,0.08293848330170836,0.49821879349800646,0.004694835680751174,False,426,10000,0.019205600023269653,0.0156678999774158,132,False,False,False
locked,locked_harder_holdout,holdout_bin_8,issue23_locked_leave_one_bin_local_calibration,Prototype_metric_LR,prototype_metric_lr,Prototype / metric LR,P1_raw_train_oodval_threshold,False,True,prototype_metric_lr_C1,47,heldout_47_51,selected_source_rich_top64,64,kcenter,32,0.01,id_calib_plus_ood_val_guarded_1pct,3.5491972705235297,0.004694835680751174,0.0077,0.0,0.01,0.7511901408450705,0.08293848330170836,0.49821879349800646,0.004694835680751174,True,426,10000,0.01940590003505349,0.014773900038562715,132,False,False,False
locked,locked_harder_holdout,holdout_bin_8,issue23_locked_leave_one_bin_local_calibration,Prototype_metric_LR,prototype_metric_lr,Prototype / metric LR,P2_guarded_train_id_threshold,True,False,prototype_metric_lr_C1,47,heldout_47_51,selected_source_rich_top64,64,kcenter,32,0.01,id_calib_only_1pct,2.1639690722406635,0.04460093896713615,0.0094,0.01,0.007,0.8587204225352113,0.1467442677938261,0.5011442187463138,0.0892018779342723,True,426,10000,0.04504360002465546,0.020500500046182424,198,False,False,False
locked,locked_harder_holdout,holdout_bin_8,issue23_locked_leave_one_bin_local_calibration,Prototype_metric_LR,prototype_metric_lr,Prototype / metric LR,P3_full_lowguard,True,True,prototype_metric_lr_C1,47,heldout_47_51,selected_source_rich_top64,64,kcenter,32,0.01,id_calib_plus_ood_val_guarded_1pct,2.1648609087089232,0.04225352112676056,0.0094,0.0098,0.007,0.8587204225352113,0.1467442677938261,0.5011442187463138,0.0892018779342723,True,426,10000,0.055277900013606995,0.019581599975936115,198,False,False,False
locked,locked_harder_holdout,holdout_bin_8,issue23_locked_leave_one_bin_local_calibration,RFF_Logistic,rff_logistic,RFF Logistic optional,P0_raw_train_id_threshold,False,False,rff128_gamma1_C1,47,heldout_47_51,selected_source_rich_top64,64,kcenter,32,0.01,id_calib_only_1pct,2.7465090290674277,0.009389671361502348,0.0091,0.01,0.0105,0.5057492957746478,0.04075951992892577,0.4993748083138698,0.011737089201877934,True,426,10000,0.2785761000122875,0.04730740003287792,8321,False,False,False
locked,locked_harder_holdout,holdout_bin_8,issue23_locked_leave_one_bin_local_calibration,RFF_Logistic,rff_logistic,RFF Logistic optional,P1_raw_train_oodval_threshold,False,True,rff256_gamma01_C1,47,heldout_47_51,selected_source_rich_top64,64,kcenter,32,0.01,id_calib_plus_ood_val_guarded_1pct,2.3299993965015924,0.004694835680751174,0.0125,0.0006,0.01,0.41704014084507035,0.03195222545450312,0.4977705428551207,0.004694835680751174,False,426,10000,0.5507701999740675,0.08414290001383051,16641,False,False,False
locked,locked_harder_holdout,holdout_bin_8,issue23_locked_leave_one_bin_local_calibration,RFF_Logistic,rff_logistic,RFF Logistic optional,P2_guarded_train_id_threshold,True,False,rff128_gamma01_C1,47,heldout_47_51,selected_source_rich_top64,64,kcenter,32,0.01,id_calib_only_1pct,0.33991297654587876,0.14084507042253522,0.0206,0.01,0.0165,0.7251946009389671,0.13299819804318316,0.5249722792365584,0.10328638497652583,False,426,10000,0.7204070999869145,0.04289959999732673,8321,False,False,False
locked,locked_harder_holdout,holdout_bin_8,issue23_locked_leave_one_bin_local_calibration,RFF_Logistic,rff_logistic,RFF Logistic optional,P3_full_lowguard,True,True,rff128_gamma01_C1,47,heldout_47_51,selected_source_rich_top64,64,kcenter,32,0.01,id_calib_plus_ood_val_guarded_1pct,1.1187744895206957,0.107981220657277,0.0111,0.0072,0.01,0.7251946009389671,0.13299819804318316,0.5249722792365584,0.10328638497652583,False,426,10000,0.672491000033915,0.04779829998733476,8321,False,False,False
locked,locked_harder_holdout,holdout_bin_8,issue23_locked_leave_one_bin_local_calibration,LOW_GUARD_LR_reference,lr,LOW-GUARD-LR reference,P0_raw_train_id_threshold,False,False,lr_C1,48,heldout_47_51,selected_source_rich_top64,64,kcenter,32,0.01,id_calib_only_1pct,-4.977271527728448,0.9342723004694836,0.5133,0.01,0.5075,0.8137448356807512,0.11591321703244453,0.49748743718592964,0.0,False,426,10000,0.2337159999879077,0.019162299984600395,65,False,False,False
locked,locked_harder_holdout,holdout_bin_8,issue23_locked_leave_one_bin_local_calibration,LOW_GUARD_LR_reference,lr,LOW-GUARD-LR reference,P1_raw_train_oodval_threshold,False,True,lr_C1,48,heldout_47_51,selected_source_rich_top64,64,kcenter,32,0.01,id_calib_plus_ood_val_guarded_1pct,41.3226637976937,0.0,0.0083,0.0,0.01,0.8137448356807512,0.11591321703244453,0.49748743718592964,0.0,True,426,10000,0.22252280003158376,0.017065899970475584,65,False,False,False
locked,locked_harder_holdout,holdout_bin_8,issue23_locked_leave_one_bin_local_calibration,LOW_GUARD_LR_reference,lr,LOW-GUARD-LR reference,P2_guarded_train_id_threshold,True,False,lr_C1,48,heldout_47_51,selected_source_rich_top64,64,kcenter,32,0.01,id_calib_only_1pct,-4.423530699389766,0.8826291079812206,0.0042,0.01,0.0005,0.964706103286385,0.910811477970229,0.9369853964658975,0.8896713615023474,True,426,10000,0.5126119999913499,0.017942800011951476,65,False,False,False
locked,locked_harder_holdout,holdout_bin_8,issue23_locked_leave_one_bin_local_calibration,LOW_GUARD_LR_reference,lr,LOW-GUARD-LR reference,P3_full_lowguard,True,True,lr_C1,48,heldout_47_51,selected_source_rich_top64,64,kcenter,32,0.01,id_calib_plus_ood_val_guarded_1pct,-4.423520833673828,0.8826291079812206,0.0042,0.01,0.0005,0.964706103286385,0.910811477970229,0.9369853964658975,0.8896713615023474,True,426,10000,0.5613640999654308,0.01997380005195737,65,False,False,False
locked,locked_harder_holdout,holdout_bin_8,issue23_locked_leave_one_bin_local_calibration,DevNet_like_MLP,devnet_like_mlp,DevNet-like MLP,P0_raw_train_id_threshold,False,False,mlp_h8_alpha001,48,heldout_47_51,selected_source_rich_top64,64,kcenter,32,0.01,id_calib_only_1pct,0.004359612520784176,0.931924882629108,0.5804,0.01,0.5735,0.8806075117370893,0.4030579505308469,0.529749687404157,0.12910798122065728,False,426,10000,1.7229299999889918,0.017334999982267618,529,False,False,False
locked,locked_harder_holdout,holdout_bin_8,issue23_locked_leave_one_bin_local_calibration,DevNet_like_MLP,devnet_like_mlp,DevNet-like MLP,P1_raw_train_oodval_threshold,False,True,mlp_h16_alpha001,48,heldout_47_51,selected_source_rich_top64,64,kcenter,32,0.01,id_calib_plus_ood_val_guarded_1pct,0.7060754739939936,0.6995305164319249,0.0144,0.0,0.01,0.8699058685446012,0.5215030123000584,0.5922334678085261,0.4812206572769953,False,426,10000,1.5984068000107072,0.017357899982016534,1057,False,False,False
locked,locked_harder_holdout,holdout_bin_8,issue23_locked_leave_one_bin_local_calibration,DevNet_like_MLP,devnet_like_mlp,DevNet-like MLP,P2_guarded_train_id_threshold,True,False,mlp_h16_alpha001,48,heldout_47_51,selected_source_rich_top64,64,kcenter,32,0.01,id_calib_only_1pct,0.004303887900896371,0.9084507042253521,0.0084,0.01,0.0025,0.9837133802816901,0.9386782502303623,0.9352867624507515,0.9131455399061033,True,426,10000,2.4145795999793336,0.019909099966753274,1057,False,False,False
locked,locked_harder_holdout,holdout_bin_8,issue23_locked_leave_one_bin_local_calibration,DevNet_like_MLP,devnet_like_mlp,DevNet-like MLP,P3_full_lowguard,True,True,mlp_h16_alpha001,48,heldout_47_51,selected_source_rich_top64,64,kcenter,32,0.01,id_calib_plus_ood_val_guarded_1pct,0.0043039537103613836,0.9084507042253521,0.0084,0.01,0.0025,0.9837133802816901,0.9386782502303623,0.9352867624507515,0.9131455399061033,True,426,10000,2.4024132000049576,0.017716400034260005,1057,False,False,False
locked,locked_harder_holdout,holdout_bin_8,issue23_locked_leave_one_bin_local_calibration,HistGB_shallow,histgb,HistGB shallow,P0_raw_train_id_threshold,False,False,histgb_depth3_iter50_lr005,48,heldout_47_51,selected_source_rich_top64,64,kcenter,32,0.01,id_calib_only_1pct,0.0012209262152992487,0.24882629107981222,0.5804,0.0092,0.578,0.3281512910798122,0.09900858997866496,0.5286290607969425,0.06807511737089202,False,426,10000,0.49516859999857843,0.1613445999682881,50,False,False,False
locked,locked_harder_holdout,holdout_bin_8,issue23_locked_leave_one_bin_local_calibration,HistGB_shallow,histgb,HistGB shallow,P1_raw_train_oodval_threshold,False,True,histgb_depth2_iter50_lr005,48,heldout_47_51,selected_source_rich_top64,64,kcenter,32,0.01,id_calib_plus_ood_val_guarded_1pct,0.08394863235905509,0.07276995305164319,0.0,0.0,0.0,0.5139524647887324,0.12107769080810037,0.5340552527897704,0.07276995305164319,True,426,10000,0.5180540999863297,0.05232479999540374,50,False,False,False
locked,locked_harder_holdout,holdout_bin_8,issue23_locked_leave_one_bin_local_calibration,HistGB_shallow,histgb,HistGB shallow,P2_guarded_train_id_threshold,True,False,histgb_depth2_iter50_lr005,48,heldout_47_51,selected_source_rich_top64,64,kcenter,32,0.01,id_calib_only_1pct,0.001008521520006807,0.8990610328638498,0.0011,0.009,0.0005,0.9898051643192489,0.9389764496607126,0.951706891263831,0.9248826291079812,True,426,10000,0.6428252999903634,0.14697609998984262,50,False,False,False
locked,locked_harder_holdout,holdout_bin_8,issue23_locked_leave_one_bin_local_calibration,HistGB_shallow,histgb,HistGB shallow,P3_full_lowguard,True,True,histgb_depth2_iter50_lr005,48,heldout_47_51,selected_source_rich_top64,64,kcenter,32,0.01,id_calib_plus_ood_val_guarded_1pct,0.001008521520006807,0.8990610328638498,0.0011,0.009,0.0005,0.9898051643192489,0.9389764496607126,0.951706891263831,0.9248826291079812,True,426,10000,0.6549334999872372,0.052166800014674664,50,False,False,False
locked,locked_harder_holdout,holdout_bin_8,issue23_locked_leave_one_bin_local_calibration,DeepSAD_like_center,deepsad_like_center,DeepSAD-like center,P0_raw_train_id_threshold,False,False,center_lambda0,48,heldout_47_51,selected_source_rich_top64,64,kcenter,32,0.01,id_calib_only_1pct,362.8647598266605,0.07746478873239436,0.2802,0.01,0.2725,0.4857273474178404,0.03605694987879258,0.49748743718592964,0.0,False,426,10000,0.014733799966052175,0.019127000006847084,128,False,False,False
locked,locked_harder_holdout,holdout_bin_8,issue23_locked_leave_one_bin_local_calibration,DeepSAD_like_center,deepsad_like_center,DeepSAD-like center,P1_raw_train_oodval_threshold,False,True,center_lambda0,48,heldout_47_51,selected_source_rich_top64,64,kcenter,32,0.01,id_calib_plus_ood_val_guarded_1pct,16552.242839355466,0.0,0.0082,0.0,0.01,0.4857273474178404,0.03605694987879258,0.49748743718592964,0.0,True,426,10000,0.015444900025613606,0.02087160001974553,128,False,False,False
locked,locked_harder_holdout,holdout_bin_8,issue23_locked_leave_one_bin_local_calibration,DeepSAD_like_center,deepsad_like_center,DeepSAD-like center,P2_guarded_train_id_threshold,True,False,center_lambda2,48,heldout_47_51,selected_source_rich_top64,64,kcenter,32,0.01,id_calib_only_1pct,582.287263183594,0.06572769953051644,0.0307,0.01,0.0275,0.7092720657276994,0.06827850234870264,0.5035506169344375,0.01643192488262911,False,426,10000,0.033085100003518164,0.018701099965255708,128,False,False,False
locked,locked_harder_holdout,holdout_bin_8,issue23_locked_leave_one_bin_local_calibration,DeepSAD_like_center,deepsad_like_center,DeepSAD-like center,P3_full_lowguard,True,True,center_lambda2,48,heldout_47_51,selected_source_rich_top64,64,kcenter,32,0.01,id_calib_plus_ood_val_guarded_1pct,861.4247789764376,0.018779342723004695,0.0134,0.0014,0.01,0.7092720657276994,0.06827850234870264,0.5035506169344375,0.01643192488262911,False,426,10000,0.03510849998565391,0.019833300029858947,128,False,False,False
locked,locked_harder_holdout,holdout_bin_8,issue23_locked_leave_one_bin_local_calibration,Prototype_metric_LR,prototype_metric_lr,Prototype / metric LR,P0_raw_train_id_threshold,False,False,prototype_metric_lr_C1,48,heldout_47_51,selected_source_rich_top64,64,kcenter,32,0.01,id_calib_only_1pct,2.827852002340274,0.07981220657276995,0.1225,0.01,0.1205,0.7511901408450705,0.08293848330170836,0.49821879349800646,0.004694835680751174,False,426,10000,0.021477100031916052,0.01335059996927157,132,False,False,False
locked,locked_harder_holdout,holdout_bin_8,issue23_locked_leave_one_bin_local_calibration,Prototype_metric_LR,prototype_metric_lr,Prototype / metric LR,P1_raw_train_oodval_threshold,False,True,prototype_metric_lr_C1,48,heldout_47_51,selected_source_rich_top64,64,kcenter,32,0.01,id_calib_plus_ood_val_guarded_1pct,3.5491972705235297,0.004694835680751174,0.0077,0.0,0.01,0.7511901408450705,0.08293848330170836,0.49821879349800646,0.004694835680751174,True,426,10000,0.01841309998417273,0.014741500024683774,132,False,False,False
locked,locked_harder_holdout,holdout_bin_8,issue23_locked_leave_one_bin_local_calibration,Prototype_metric_LR,prototype_metric_lr,Prototype / metric LR,P2_guarded_train_id_threshold,True,False,prototype_metric_lr_C1,48,heldout_47_51,selected_source_rich_top64,64,kcenter,32,0.01,id_calib_only_1pct,2.1639690722406635,0.04460093896713615,0.0094,0.01,0.007,0.8587204225352113,0.1467442677938261,0.5011442187463138,0.0892018779342723,True,426,10000,0.04575980000663549,0.017590000003110617,198,False,False,False
locked,locked_harder_holdout,holdout_bin_8,issue23_locked_leave_one_bin_local_calibration,Prototype_metric_LR,prototype_metric_lr,Prototype / metric LR,P3_full_lowguard,True,True,prototype_metric_lr_C1,48,heldout_47_51,selected_source_rich_top64,64,kcenter,32,0.01,id_calib_plus_ood_val_guarded_1pct,2.1648609087089232,0.04225352112676056,0.0094,0.0098,0.007,0.8587204225352113,0.1467442677938261,0.5011442187463138,0.0892018779342723,True,426,10000,0.04994279996026307,0.017508799966890365,198,False,False,False
locked,locked_harder_holdout,holdout_bin_8,issue23_locked_leave_one_bin_local_calibration,RFF_Logistic,rff_logistic,RFF Logistic optional,P0_raw_train_id_threshold,False,False,rff128_gamma1_C1,48,heldout_47_51,selected_source_rich_top64,64,kcenter,32,0.01,id_calib_only_1pct,2.995584740275549,0.014084507042253521,0.0117,0.01,0.0125,0.5119338028169014,0.04494909616694619,0.5005308231297332,0.011737089201877934,False,426,10000,0.25203090003924444,0.04456549999304116,8321,False,False,False
locked,locked_harder_holdout,holdout_bin_8,issue23_locked_leave_one_bin_local_calibration,RFF_Logistic,rff_logistic,RFF Logistic optional,P1_raw_train_oodval_threshold,False,True,rff256_gamma01_C1,48,heldout_47_51,selected_source_rich_top64,64,kcenter,32,0.01,id_calib_plus_ood_val_guarded_1pct,2.2411149637282364,0.01643192488262911,0.0141,0.0002,0.01,0.3940582159624413,0.03264051233258719,0.502111496449383,0.014084507042253521,False,426,10000,0.5881917999940924,0.0725417000357993,16641,False,False,False
locked,locked_harder_holdout,holdout_bin_8,issue23_locked_leave_one_bin_local_calibration,RFF_Logistic,rff_logistic,RFF Logistic optional,P2_guarded_train_id_threshold,True,False,rff128_gamma01_C1,48,heldout_47_51,selected_source_rich_top64,64,kcenter,32,0.01,id_calib_only_1pct,2.121553049925526,0.0539906103286385,0.0052,0.01,0.005,0.7357950704225352,0.14075198576384454,0.5217165640408615,0.0892018779342723,True,426,10000,0.7486899999785237,0.043657500005792826,8321,False,False,False
locked,locked_harder_holdout,holdout_bin_8,issue23_locked_leave_one_bin_local_calibration,RFF_Logistic,rff_logistic,RFF Logistic optional,P3_full_lowguard,True,True,rff128_gamma01_C1,48,heldout_47_51,selected_source_rich_top64,64,kcenter,32,0.01,id_calib_plus_ood_val_guarded_1pct,2.1255755828985397,0.0539906103286385,0.0052,0.01,0.005,0.7357950704225352,0.14075198576384454,0.5217165640408615,0.0892018779342723,True,426,10000,0.7384492999990471,0.0423142000217922,8321,False,False,False
locked,locked_harder_holdout,holdout_bin_8,issue23_locked_leave_one_bin_local_calibration,LOW_GUARD_LR_reference,lr,LOW-GUARD-LR reference,P0_raw_train_id_threshold,False,False,lr_C1,49,heldout_47_51,selected_source_rich_top64,64,kcenter,32,0.01,id_calib_only_1pct,-4.977271527728448,0.9342723004694836,0.5133,0.01,0.5075,0.8137448356807512,0.11591321703244453,0.49748743718592964,0.0,False,426,10000,0.23261090001324192,0.01831429998856038,65,False,False,False
locked,locked_harder_holdout,holdout_bin_8,issue23_locked_leave_one_bin_local_calibration,LOW_GUARD_LR_reference,lr,LOW-GUARD-LR reference,P1_raw_train_oodval_threshold,False,True,lr_C1,49,heldout_47_51,selected_source_rich_top64,64,kcenter,32,0.01,id_calib_plus_ood_val_guarded_1pct,41.3226637976937,0.0,0.0083,0.0,0.01,0.8137448356807512,0.11591321703244453,0.49748743718592964,0.0,True,426,10000,0.22730050003156066,0.021121400000993162,65,False,False,False
locked,locked_harder_holdout,holdout_bin_8,issue23_locked_leave_one_bin_local_calibration,LOW_GUARD_LR_reference,lr,LOW-GUARD-LR reference,P2_guarded_train_id_threshold,True,False,lr_C1,49,heldout_47_51,selected_source_rich_top64,64,kcenter,32,0.01,id_calib_only_1pct,-4.423530699389766,0.8826291079812206,0.0042,0.01,0.0005,0.964706103286385,0.910811477970229,0.9369853964658975,0.8896713615023474,True,426,10000,0.5536323000560515,0.019543199974577874,65,False,False,False
locked,locked_harder_holdout,holdout_bin_8,issue23_locked_leave_one_bin_local_calibration,LOW_GUARD_LR_reference,lr,LOW-GUARD-LR reference,P3_full_lowguard,True,True,lr_C1,49,heldout_47_51,selected_source_rich_top64,64,kcenter,32,0.01,id_calib_plus_ood_val_guarded_1pct,-4.423520833673828,0.8826291079812206,0.0042,0.01,0.0005,0.964706103286385,0.910811477970229,0.9369853964658975,0.8896713615023474,True,426,10000,0.5601755999960005,0.018381399975623935,65,False,False,False
locked,locked_harder_holdout,holdout_bin_8,issue23_locked_leave_one_bin_local_calibration,DevNet_like_MLP,devnet_like_mlp,DevNet-like MLP,P0_raw_train_id_threshold,False,False,mlp_h16_alpha001,49,heldout_47_51,selected_source_rich_top64,64,kcenter,32,0.01,id_calib_only_1pct,0.004378071143291895,0.9295774647887324,0.4722,0.01,0.4695,0.9401838028169013,0.7227869878754829,0.790348455894496,0.7934272300469484,False,426,10000,1.5656293000211008,0.016524999984540045,1057,False,False,False
locked,locked_harder_holdout,holdout_bin_8,issue23_locked_leave_one_bin_local_calibration,DevNet_like_MLP,devnet_like_mlp,DevNet-like MLP,P1_raw_train_oodval_threshold,False,True,mlp_h16_alpha001,49,heldout_47_51,selected_source_rich_top64,64,kcenter,32,0.01,id_calib_plus_ood_val_guarded_1pct,0.1977222985401679,0.8192488262910798,0.0155,0.0,0.01,0.9401838028169013,0.7227869878754829,0.790348455894496,0.7934272300469484,False,426,10000,1.538807299977634,0.017479599977377802,1057,False,False,False
locked,locked_harder_holdout,holdout_bin_8,issue23_locked_leave_one_bin_local_calibration,DevNet_like_MLP,devnet_like_mlp,DevNet-like MLP,P2_guarded_train_id_threshold,True,False,mlp_h16_alpha001,49,heldout_47_51,selected_source_rich_top64,64,kcenter,32,0.01,id_calib_only_1pct,0.0037067491910420516,0.931924882629108,0.0092,0.01,0.0025,0.9814025821596244,0.9476796363899913,0.9530516431924883,0.931924882629108,True,426,10000,2.239826000004541,0.017759700014721602,1057,False,False,False
locked,locked_harder_holdout,holdout_bin_8,issue23_locked_leave_one_bin_local_calibration,DevNet_like_MLP,devnet_like_mlp,DevNet-like MLP,P3_full_lowguard,True,True,mlp_h16_alpha001,49,heldout_47_51,selected_source_rich_top64,64,kcenter,32,0.01,id_calib_plus_ood_val_guarded_1pct,0.003760607622389199,0.931924882629108,0.0092,0.01,0.0025,0.9814025821596244,0.9476796363899913,0.9530516431924883,0.931924882629108,True,426,10000,2.1751151000498794,0.016269999963697046,1057,False,False,False
locked,locked_harder_holdout,holdout_bin_8,issue23_locked_leave_one_bin_local_calibration,HistGB_shallow,histgb,HistGB shallow,P0_raw_train_id_threshold,False,False,histgb_depth2_iter50_lr005,49,heldout_47_51,selected_source_rich_top64,64,kcenter,32,0.01,id_calib_only_1pct,0.0013622128527680957,0.7065727699530516,0.5462,0.0094,0.5525,0.5139524647887324,0.12107769080810037,0.5340552527897704,0.07276995305164319,False,426,10000,0.37043939996510744,0.15289010002743453,50,False,False,False
locked,locked_harder_holdout,holdout_bin_8,issue23_locked_leave_one_bin_local_calibration,HistGB_shallow,histgb,HistGB shallow,P1_raw_train_oodval_threshold,False,True,histgb_depth3_iter50_lr005,49,heldout_47_51,selected_source_rich_top64,64,kcenter,32,0.01,id_calib_plus_ood_val_guarded_1pct,0.04031806722620843,0.06807511737089202,0.0048,0.0,0.0055,0.3281512910798122,0.09900858997866496,0.5286290607969425,0.06807511737089202,True,426,10000,0.551603400032036,0.15774280001642182,50,False,False,False
locked,locked_harder_holdout,holdout_bin_8,issue23_locked_leave_one_bin_local_calibration,HistGB_shallow,histgb,HistGB shallow,P2_guarded_train_id_threshold,True,False,histgb_depth3_iter50_lr005,49,heldout_47_51,selected_source_rich_top64,64,kcenter,32,0.01,id_calib_only_1pct,0.0004704353027759779,0.07276995305164319,0.0126,0.01,0.0115,0.5305232394366198,0.1072378373094337,0.5330407908085026,0.07276995305164319,False,426,10000,0.8939361000084318,0.038168300001416355,50,False,False,False
locked,locked_harder_holdout,holdout_bin_8,issue23_locked_leave_one_bin_local_calibration,HistGB_shallow,histgb,HistGB shallow,P3_full_lowguard,True,True,histgb_depth3_iter50_lr005,49,heldout_47_51,selected_source_rich_top64,64,kcenter,32,0.01,id_calib_plus_ood_val_guarded_1pct,0.0009593286542906408,0.07276995305164319,0.0111,0.008,0.01,0.5305232394366198,0.1072378373094337,0.5330407908085026,0.07276995305164319,False,426,10000,0.47483660001307726,0.12176840001484379,50,False,False,False
locked,locked_harder_holdout,holdout_bin_8,issue23_locked_leave_one_bin_local_calibration,DeepSAD_like_center,deepsad_like_center,DeepSAD-like center,P0_raw_train_id_threshold,False,False,center_lambda0,49,heldout_47_51,selected_source_rich_top64,64,kcenter,32,0.01,id_calib_only_1pct,362.8647598266605,0.07746478873239436,0.2802,0.01,0.2725,0.4857273474178404,0.03605694987879258,0.49748743718592964,0.0,False,426,10000,0.013136899971868843,0.017237899999599904,128,False,False,False
locked,locked_harder_holdout,holdout_bin_8,issue23_locked_leave_one_bin_local_calibration,DeepSAD_like_center,deepsad_like_center,DeepSAD-like center,P1_raw_train_oodval_threshold,False,True,center_lambda0,49,heldout_47_51,selected_source_rich_top64,64,kcenter,32,0.01,id_calib_plus_ood_val_guarded_1pct,16552.242839355466,0.0,0.0082,0.0,0.01,0.4857273474178404,0.03605694987879258,0.49748743718592964,0.0,True,426,10000,0.017107899999246,0.018756699981167912,128,False,False,False
locked,locked_harder_holdout,holdout_bin_8,issue23_locked_leave_one_bin_local_calibration,DeepSAD_like_center,deepsad_like_center,DeepSAD-like center,P2_guarded_train_id_threshold,True,False,center_lambda0,49,heldout_47_51,selected_source_rich_top64,64,kcenter,32,0.01,id_calib_only_1pct,160.41954147338882,0.01643192488262911,0.0254,0.01,0.023,0.738211971830986,0.07055177447984291,0.49748743718592964,0.0,False,426,10000,0.03207179997116327,0.01890520000597462,128,False,False,False
locked,locked_harder_holdout,holdout_bin_8,issue23_locked_leave_one_bin_local_calibration,DeepSAD_like_center,deepsad_like_center,DeepSAD-like center,P3_full_lowguard,True,True,center_lambda1,49,heldout_47_51,selected_source_rich_top64,64,kcenter,32,0.01,id_calib_plus_ood_val_guarded_1pct,568.4514444732658,0.01643192488262911,0.0126,0.0014,0.01,0.7175500000000001,0.06898420857682824,0.5027956684832614,0.01643192488262911,False,426,10000,0.035665900039020926,0.018928500008769333,128,False,False,False
locked,locked_harder_holdout,holdout_bin_8,issue23_locked_leave_one_bin_local_calibration,Prototype_metric_LR,prototype_metric_lr,Prototype / metric LR,P0_raw_train_id_threshold,False,False,prototype_metric_lr_C1,49,heldout_47_51,selected_source_rich_top64,64,kcenter,32,0.01,id_calib_only_1pct,2.827852002340274,0.07981220657276995,0.1225,0.01,0.1205,0.7511901408450705,0.08293848330170836,0.49821879349800646,0.004694835680751174,False,426,10000,0.01875689998269081,0.013214800041168928,132,False,False,False
locked,locked_harder_holdout,holdout_bin_8,issue23_locked_leave_one_bin_local_calibration,Prototype_metric_LR,prototype_metric_lr,Prototype / metric LR,P1_raw_train_oodval_threshold,False,True,prototype_metric_lr_C1,49,heldout_47_51,selected_source_rich_top64,64,kcenter,32,0.01,id_calib_plus_ood_val_guarded_1pct,3.5491972705235297,0.004694835680751174,0.0077,0.0,0.01,0.7511901408450705,0.08293848330170836,0.49821879349800646,0.004694835680751174,True,426,10000,0.018632100021932274,0.012999500031583011,132,False,False,False
locked,locked_harder_holdout,holdout_bin_8,issue23_locked_leave_one_bin_local_calibration,Prototype_metric_LR,prototype_metric_lr,Prototype / metric LR,P2_guarded_train_id_threshold,True,False,prototype_metric_lr_C1,49,heldout_47_51,selected_source_rich_top64,64,kcenter,32,0.01,id_calib_only_1pct,2.1639690722406635,0.04460093896713615,0.0094,0.01,0.007,0.8587204225352113,0.1467442677938261,0.5011442187463138,0.0892018779342723,True,426,10000,0.04924750002101064,0.019576699996832758,198,False,False,False
locked,locked_harder_holdout,holdout_bin_8,issue23_locked_leave_one_bin_local_calibration,Prototype_metric_LR,prototype_metric_lr,Prototype / metric LR,P3_full_lowguard,True,True,prototype_metric_lr_C1,49,heldout_47_51,selected_source_rich_top64,64,kcenter,32,0.01,id_calib_plus_ood_val_guarded_1pct,2.1648609087089232,0.04225352112676056,0.0094,0.0098,0.007,0.8587204225352113,0.1467442677938261,0.5011442187463138,0.0892018779342723,True,426,10000,0.04649609996704385,0.021916900004725903,198,False,False,False
locked,locked_harder_holdout,holdout_bin_8,issue23_locked_leave_one_bin_local_calibration,RFF_Logistic,rff_logistic,RFF Logistic optional,P0_raw_train_id_threshold,False,False,rff128_gamma1_C1,49,heldout_47_51,selected_source_rich_top64,64,kcenter,32,0.01,id_calib_only_1pct,2.5170673233728182,0.023474178403755867,0.0225,0.01,0.019,0.4668237089201879,0.03823998077062069,0.499433788661618,0.011737089201877934,False,426,10000,0.255497700010892,0.051874600001610816,8321,False,False,False
locked,locked_harder_holdout,holdout_bin_8,issue23_locked_leave_one_bin_local_calibration,RFF_Logistic,rff_logistic,RFF Logistic optional,P1_raw_train_oodval_threshold,False,True,rff256_gamma01_C1,49,heldout_47_51,selected_source_rich_top64,64,kcenter,32,0.01,id_calib_plus_ood_val_guarded_1pct,2.945943078237879,0.011737089201877934,0.0075,0.0,0.01,0.6315537558685446,0.05824358677884377,0.4993866043834194,0.011737089201877934,True,426,10000,0.5565743999904953,0.07544820004841313,16641,False,False,False
locked,locked_harder_holdout,holdout_bin_8,issue23_locked_leave_one_bin_local_calibration,RFF_Logistic,rff_logistic,RFF Logistic optional,P2_guarded_train_id_threshold,True,False,rff256_gamma01_C1,49,heldout_47_51,selected_source_rich_top64,64,kcenter,32,0.01,id_calib_only_1pct,0.048306687768404764,0.046948356807511735,0.0066,0.01,0.005,0.829450704225352,0.16321650780618996,0.5162667799089343,0.06807511737089202,True,426,10000,1.534194000007119,0.0739929000264965,16641,False,False,False
locked,locked_harder_holdout,holdout_bin_8,issue23_locked_leave_one_bin_local_calibration,RFF_Logistic,rff_logistic,RFF Logistic optional,P3_full_lowguard,True,True,rff256_gamma01_C1,49,heldout_47_51,selected_source_rich_top64,64,kcenter,32,0.01,id_calib_plus_ood_val_guarded_1pct,0.06181972141402396,0.046948356807511735,0.0065,0.01,0.005,0.829450704225352,0.16321650780618996,0.5162667799089343,0.06807511737089202,True,426,10000,1.39580489997752,0.06858419999480247,16641,False,False,False
locked,locked_harder_holdout,holdout_bin_8,issue23_locked_leave_one_bin_local_calibration,LOW_GUARD_LR_reference,lr,LOW-GUARD-LR reference,P0_raw_train_id_threshold,False,False,lr_C1,50,heldout_47_51,selected_source_rich_top64,64,kcenter,32,0.01,id_calib_only_1pct,-4.977271527728448,0.9342723004694836,0.5133,0.01,0.5075,0.8137448356807512,0.11591321703244453,0.49748743718592964,0.0,False,426,10000,0.21179600001778454,0.019244899973273277,65,False,False,False
locked,locked_harder_holdout,holdout_bin_8,issue23_locked_leave_one_bin_local_calibration,LOW_GUARD_LR_reference,lr,LOW-GUARD-LR reference,P1_raw_train_oodval_threshold,False,True,lr_C1,50,heldout_47_51,selected_source_rich_top64,64,kcenter,32,0.01,id_calib_plus_ood_val_guarded_1pct,41.3226637976937,0.0,0.0083,0.0,0.01,0.8137448356807512,0.11591321703244453,0.49748743718592964,0.0,True,426,10000,0.22546190000139177,0.021965300024021417,65,False,False,False
locked,locked_harder_holdout,holdout_bin_8,issue23_locked_leave_one_bin_local_calibration,LOW_GUARD_LR_reference,lr,LOW-GUARD-LR reference,P2_guarded_train_id_threshold,True,False,lr_C1,50,heldout_47_51,selected_source_rich_top64,64,kcenter,32,0.01,id_calib_only_1pct,-4.423530699389766,0.8826291079812206,0.0042,0.01,0.0005,0.964706103286385,0.910811477970229,0.9369853964658975,0.8896713615023474,True,426,10000,0.5593469000305049,0.020840900018811226,65,False,False,False
locked,locked_harder_holdout,holdout_bin_8,issue23_locked_leave_one_bin_local_calibration,LOW_GUARD_LR_reference,lr,LOW-GUARD-LR reference,P3_full_lowguard,True,True,lr_C1,50,heldout_47_51,selected_source_rich_top64,64,kcenter,32,0.01,id_calib_plus_ood_val_guarded_1pct,-4.423520833673828,0.8826291079812206,0.0042,0.01,0.0005,0.964706103286385,0.910811477970229,0.9369853964658975,0.8896713615023474,True,426,10000,0.5000464000040665,0.016019699978642166,65,False,False,False
locked,locked_harder_holdout,holdout_bin_8,issue23_locked_leave_one_bin_local_calibration,DevNet_like_MLP,devnet_like_mlp,DevNet-like MLP,P0_raw_train_id_threshold,False,False,mlp_h8_alpha001,50,heldout_47_51,selected_source_rich_top64,64,kcenter,32,0.01,id_calib_only_1pct,0.006456258092075598,0.9154929577464789,0.3917,0.01,0.391,0.9301654929577465,0.36845490058777197,0.5018873711279401,0.014084507042253521,False,426,10000,1.5477822999819182,0.018732399970758706,529,False,False,False
locked,locked_harder_holdout,holdout_bin_8,issue23_locked_leave_one_bin_local_calibration,DevNet_like_MLP,devnet_like_mlp,DevNet-like MLP,P1_raw_train_oodval_threshold,False,True,mlp_h16_alpha001,50,heldout_47_51,selected_source_rich_top64,64,kcenter,32,0.01,id_calib_plus_ood_val_guarded_1pct,0.2942601247131793,0.8497652582159625,0.0182,0.0002,0.01,0.9335218309859155,0.7731752969881006,0.7935805789510935,0.7394366197183099,False,426,10000,1.5917226999881677,0.017494199972134084,1057,False,False,False
locked,locked_harder_holdout,holdout_bin_8,issue23_locked_leave_one_bin_local_calibration,DevNet_like_MLP,devnet_like_mlp,DevNet-like MLP,P2_guarded_train_id_threshold,True,False,mlp_h16_alpha001,50,heldout_47_51,selected_source_rich_top64,64,kcenter,32,0.01,id_calib_only_1pct,0.0032718258746899697,0.892018779342723,0.005,0.01,0.002,0.9764424882629108,0.9362790131731916,0.9373392785523862,0.9084507042253521,True,426,10000,2.410952400008682,0.017112099973019212,1057,False,False,False
locked,locked_harder_holdout,holdout_bin_8,issue23_locked_leave_one_bin_local_calibration,DevNet_like_MLP,devnet_like_mlp,DevNet-like MLP,P3_full_lowguard,True,True,mlp_h16_alpha001,50,heldout_47_51,selected_source_rich_top64,64,kcenter,32,0.01,id_calib_plus_ood_val_guarded_1pct,0.0033245740033453794,0.892018779342723,0.005,0.0098,0.002,0.9764424882629108,0.9362790131731916,0.9373392785523862,0.9084507042253521,True,426,10000,2.4832651000469923,0.014517600007820874,1057,False,False,False
locked,locked_harder_holdout,holdout_bin_8,issue23_locked_leave_one_bin_local_calibration,HistGB_shallow,histgb,HistGB shallow,P0_raw_train_id_threshold,False,False,histgb_depth3_iter50_lr005,50,heldout_47_51,selected_source_rich_top64,64,kcenter,32,0.01,id_calib_only_1pct,0.0012209262152992487,0.24882629107981222,0.5804,0.0092,0.578,0.3281512910798122,0.09900858997866496,0.5286290607969425,0.06807511737089202,False,426,10000,0.7405750000034459,0.20468539994908497,50,False,False,False
locked,locked_harder_holdout,holdout_bin_8,issue23_locked_leave_one_bin_local_calibration,HistGB_shallow,histgb,HistGB shallow,P1_raw_train_oodval_threshold,False,True,histgb_depth3_iter50_lr005,50,heldout_47_51,selected_source_rich_top64,64,kcenter,32,0.01,id_calib_plus_ood_val_guarded_1pct,0.04031806722620843,0.06807511737089202,0.0048,0.0,0.0055,0.3281512910798122,0.09900858997866496,0.5286290607969425,0.06807511737089202,True,426,10000,0.554136999999173,0.18580159998964518,50,False,False,False
locked,locked_harder_holdout,holdout_bin_8,issue23_locked_leave_one_bin_local_calibration,HistGB_shallow,histgb,HistGB shallow,P2_guarded_train_id_threshold,True,False,histgb_depth2_iter50_lr005,50,heldout_47_51,selected_source_rich_top64,64,kcenter,32,0.01,id_calib_only_1pct,0.0016256455118885582,0.046948356807511735,0.0041,0.0048,0.004,0.49774330985915494,0.06439363186565546,0.5171986694033548,0.046948356807511735,True,426,10000,0.44068800000241026,0.02293690002989024,50,False,False,False
locked,locked_harder_holdout,holdout_bin_8,issue23_locked_leave_one_bin_local_calibration,HistGB_shallow,histgb,HistGB shallow,P3_full_lowguard,True,True,histgb_depth2_iter50_lr005,50,heldout_47_51,selected_source_rich_top64,64,kcenter,32,0.01,id_calib_plus_ood_val_guarded_1pct,0.0016256455118885582,0.046948356807511735,0.0041,0.0048,0.004,0.49774330985915494,0.06439363186565546,0.5171986694033548,0.046948356807511735,True,426,10000,0.32032359996810555,0.027305600000545382,50,False,False,False
locked,locked_harder_holdout,holdout_bin_8,issue23_locked_leave_one_bin_local_calibration,DeepSAD_like_center,deepsad_like_center,DeepSAD-like center,P0_raw_train_id_threshold,False,False,center_lambda0,50,heldout_47_51,selected_source_rich_top64,64,kcenter,32,0.01,id_calib_only_1pct,362.8647598266605,0.07746478873239436,0.2802,0.01,0.2725,0.4857273474178404,0.03605694987879258,0.49748743718592964,0.0,False,426,10000,0.020195399993099272,0.019848500029183924,128,False,False,False
locked,locked_harder_holdout,holdout_bin_8,issue23_locked_leave_one_bin_local_calibration,DeepSAD_like_center,deepsad_like_center,DeepSAD-like center,P1_raw_train_oodval_threshold,False,True,center_lambda0,50,heldout_47_51,selected_source_rich_top64,64,kcenter,32,0.01,id_calib_plus_ood_val_guarded_1pct,16552.242839355466,0.0,0.0082,0.0,0.01,0.4857273474178404,0.03605694987879258,0.49748743718592964,0.0,True,426,10000,0.0146324000088498,0.020847999956458807,128,False,False,False
locked,locked_harder_holdout,holdout_bin_8,issue23_locked_leave_one_bin_local_calibration,DeepSAD_like_center,deepsad_like_center,DeepSAD-like center,P2_guarded_train_id_threshold,True,False,center_lambda2,50,heldout_47_51,selected_source_rich_top64,64,kcenter,32,0.01,id_calib_only_1pct,582.287263183594,0.06572769953051644,0.0307,0.01,0.0275,0.7092720657276994,0.06827850234870264,0.5035506169344375,0.01643192488262911,False,426,10000,0.03102459997171536,0.019961300014983863,128,False,False,False
locked,locked_harder_holdout,holdout_bin_8,issue23_locked_leave_one_bin_local_calibration,DeepSAD_like_center,deepsad_like_center,DeepSAD-like center,P3_full_lowguard,True,True,center_lambda1,50,heldout_47_51,selected_source_rich_top64,64,kcenter,32,0.01,id_calib_plus_ood_val_guarded_1pct,568.4514444732658,0.01643192488262911,0.0126,0.0014,0.01,0.7175500000000001,0.06898420857682824,0.5027956684832614,0.01643192488262911,False,426,10000,0.03269409999484196,0.019583200046326965,128,False,False,False
locked,locked_harder_holdout,holdout_bin_8,issue23_locked_leave_one_bin_local_calibration,Prototype_metric_LR,prototype_metric_lr,Prototype / metric LR,P0_raw_train_id_threshold,False,False,prototype_metric_lr_C1,50,heldout_47_51,selected_source_rich_top64,64,kcenter,32,0.01,id_calib_only_1pct,2.827852002340274,0.07981220657276995,0.1225,0.01,0.1205,0.7511901408450705,0.08293848330170836,0.49821879349800646,0.004694835680751174,False,426,10000,0.019115200033411384,0.014513400034047663,132,False,False,False
locked,locked_harder_holdout,holdout_bin_8,issue23_locked_leave_one_bin_local_calibration,Prototype_metric_LR,prototype_metric_lr,Prototype / metric LR,P1_raw_train_oodval_threshold,False,True,prototype_metric_lr_C1,50,heldout_47_51,selected_source_rich_top64,64,kcenter,32,0.01,id_calib_plus_ood_val_guarded_1pct,3.5491972705235297,0.004694835680751174,0.0077,0.0,0.01,0.7511901408450705,0.08293848330170836,0.49821879349800646,0.004694835680751174,True,426,10000,0.021165699989069253,0.014765799976885319,132,False,False,False
locked,locked_harder_holdout,holdout_bin_8,issue23_locked_leave_one_bin_local_calibration,Prototype_metric_LR,prototype_metric_lr,Prototype / metric LR,P2_guarded_train_id_threshold,True,False,prototype_metric_lr_C1,50,heldout_47_51,selected_source_rich_top64,64,kcenter,32,0.01,id_calib_only_1pct,2.1639690722406635,0.04460093896713615,0.0094,0.01,0.007,0.8587204225352113,0.1467442677938261,0.5011442187463138,0.0892018779342723,True,426,10000,0.04350700002396479,0.019030500028748065,198,False,False,False
locked,locked_harder_holdout,holdout_bin_8,issue23_locked_leave_one_bin_local_calibration,Prototype_metric_LR,prototype_metric_lr,Prototype / metric LR,P3_full_lowguard,True,True,prototype_metric_lr_C1,50,heldout_47_51,selected_source_rich_top64,64,kcenter,32,0.01,id_calib_plus_ood_val_guarded_1pct,2.1648609087089232,0.04225352112676056,0.0094,0.0098,0.007,0.8587204225352113,0.1467442677938261,0.5011442187463138,0.0892018779342723,True,426,10000,0.04471149999881163,0.022961000038776547,198,False,False,False
locked,locked_harder_holdout,holdout_bin_8,issue23_locked_leave_one_bin_local_calibration,RFF_Logistic,rff_logistic,RFF Logistic optional,P0_raw_train_id_threshold,False,False,rff256_gamma1_C1,50,heldout_47_51,selected_source_rich_top64,64,kcenter,32,0.01,id_calib_only_1pct,0.6887009150751207,0.035211267605633804,0.0185,0.01,0.021,0.5198049295774647,0.04686920328525422,0.5038455186731781,0.02112676056338028,False,426,10000,0.5158445999841206,0.07816560001811013,16641,False,False,False
locked,locked_harder_holdout,holdout_bin_8,issue23_locked_leave_one_bin_local_calibration,RFF_Logistic,rff_logistic,RFF Logistic optional,P1_raw_train_oodval_threshold,False,True,rff256_gamma01_C1,50,heldout_47_51,selected_source_rich_top64,64,kcenter,32,0.01,id_calib_plus_ood_val_guarded_1pct,2.325302213051311,0.007042253521126761,0.0126,0.0002,0.01,0.6342568075117371,0.05580819953287029,0.49748743718592964,0.0,False,426,10000,0.4999471000046469,0.10070929996436462,16641,False,False,False
locked,locked_harder_holdout,holdout_bin_8,issue23_locked_leave_one_bin_local_calibration,RFF_Logistic,rff_logistic,RFF Logistic optional,P2_guarded_train_id_threshold,True,False,rff256_gamma01_C1,50,heldout_47_51,selected_source_rich_top64,64,kcenter,32,0.01,id_calib_only_1pct,-0.45087165023689474,0.18544600938967137,0.0101,0.01,0.0085,0.8890877934272301,0.28196722744824754,0.5578951093495648,0.18544600938967137,False,426,10000,1.3121554999961518,0.09150790004059672,16641,False,False,False
locked,locked_harder_holdout,holdout_bin_8,issue23_locked_leave_one_bin_local_calibration,RFF_Logistic,rff_logistic,RFF Logistic optional,P3_full_lowguard,True,True,rff256_gamma01_C1,50,heldout_47_51,selected_source_rich_top64,64,kcenter,32,0.01,id_calib_plus_ood_val_guarded_1pct,-0.45004740609913985,0.18544600938967137,0.0101,0.01,0.0085,0.8890877934272301,0.28196722744824754,0.5578951093495648,0.18544600938967137,False,426,10000,1.2580760999699123,0.07408240000950173,16641,False,False,False
locked,locked_harder_holdout,holdout_bin_8,issue23_locked_leave_one_bin_local_calibration,LOW_GUARD_LR_reference,lr,LOW-GUARD-LR reference,P0_raw_train_id_threshold,False,False,lr_C1,51,heldout_47_51,selected_source_rich_top64,64,kcenter,32,0.01,id_calib_only_1pct,-4.977271527728448,0.9342723004694836,0.5133,0.01,0.5075,0.8137448356807512,0.11591321703244453,0.49748743718592964,0.0,False,426,10000,0.22486990003380924,0.020829600049182773,65,False,False,False
locked,locked_harder_holdout,holdout_bin_8,issue23_locked_leave_one_bin_local_calibration,LOW_GUARD_LR_reference,lr,LOW-GUARD-LR reference,P1_raw_train_oodval_threshold,False,True,lr_C1,51,heldout_47_51,selected_source_rich_top64,64,kcenter,32,0.01,id_calib_plus_ood_val_guarded_1pct,41.3226637976937,0.0,0.0083,0.0,0.01,0.8137448356807512,0.11591321703244453,0.49748743718592964,0.0,True,426,10000,0.24415270000463352,0.020367999968584627,65,False,False,False
locked,locked_harder_holdout,holdout_bin_8,issue23_locked_leave_one_bin_local_calibration,LOW_GUARD_LR_reference,lr,LOW-GUARD-LR reference,P2_guarded_train_id_threshold,True,False,lr_C1,51,heldout_47_51,selected_source_rich_top64,64,kcenter,32,0.01,id_calib_only_1pct,-4.423530699389766,0.8826291079812206,0.0042,0.01,0.0005,0.964706103286385,0.910811477970229,0.9369853964658975,0.8896713615023474,True,426,10000,0.5088817999931052,0.018604199984110892,65,False,False,False
locked,locked_harder_holdout,holdout_bin_8,issue23_locked_leave_one_bin_local_calibration,LOW_GUARD_LR_reference,lr,LOW-GUARD-LR reference,P3_full_lowguard,True,True,lr_C1,51,heldout_47_51,selected_source_rich_top64,64,kcenter,32,0.01,id_calib_plus_ood_val_guarded_1pct,-4.423520833673828,0.8826291079812206,0.0042,0.01,0.0005,0.964706103286385,0.910811477970229,0.9369853964658975,0.8896713615023474,True,426,10000,0.5298636000370607,0.020832300011534244,65,False,False,False
locked,locked_harder_holdout,holdout_bin_8,issue23_locked_leave_one_bin_local_calibration,DevNet_like_MLP,devnet_like_mlp,DevNet-like MLP,P0_raw_train_id_threshold,False,False,mlp_h16_alpha001,51,heldout_47_51,selected_source_rich_top64,64,kcenter,32,0.01,id_calib_only_1pct,0.003662881944328556,0.9084507042253521,0.5488,0.01,0.558,0.8908644366197183,0.31526923529324447,0.4995163611484653,0.014084507042253521,False,426,10000,1.5072217999841087,0.01817320002010092,1057,False,False,False
locked,locked_harder_holdout,holdout_bin_8,issue23_locked_leave_one_bin_local_calibration,DevNet_like_MLP,devnet_like_mlp,DevNet-like MLP,P1_raw_train_oodval_threshold,False,True,mlp_h8_alpha001,51,heldout_47_51,selected_source_rich_top64,64,kcenter,32,0.01,id_calib_plus_ood_val_guarded_1pct,0.8298653546571718,0.04225352112676056,0.0147,0.0,0.01,0.8188328638497652,0.1341294085067934,0.4995163611484653,0.018779342723004695,False,426,10000,1.89288379997015,0.019959299999754876,529,False,False,False
locked,locked_harder_holdout,holdout_bin_8,issue23_locked_leave_one_bin_local_calibration,DevNet_like_MLP,devnet_like_mlp,DevNet-like MLP,P2_guarded_train_id_threshold,True,False,mlp_h16_alpha001,51,heldout_47_51,selected_source_rich_top64,64,kcenter,32,0.01,id_calib_only_1pct,0.0034757210570387563,0.9225352112676056,0.0089,0.01,0.0025,0.9788835680751173,0.9401489441331625,0.9460683700191097,0.9225352112676056,True,426,10000,2.318452299979981,0.01929640001617372,1057,False,False,False
locked,locked_harder_holdout,holdout_bin_8,issue23_locked_leave_one_bin_local_calibration,DevNet_like_MLP,devnet_like_mlp,DevNet-like MLP,P3_full_lowguard,True,True,mlp_h16_alpha001,51,heldout_47_51,selected_source_rich_top64,64,kcenter,32,0.01,id_calib_plus_ood_val_guarded_1pct,0.003483525398012714,0.9225352112676056,0.0089,0.01,0.0025,0.9788835680751173,0.9401489441331625,0.9460683700191097,0.9225352112676056,True,426,10000,2.362956600030884,0.015467000019270927,1057,False,False,False
locked,locked_harder_holdout,holdout_bin_8,issue23_locked_leave_one_bin_local_calibration,HistGB_shallow,histgb,HistGB shallow,P0_raw_train_id_threshold,False,False,histgb_depth2_iter50_lr005,51,heldout_47_51,selected_source_rich_top64,64,kcenter,32,0.01,id_calib_only_1pct,0.0013622128527680957,0.7065727699530516,0.5462,0.0094,0.5525,0.5139524647887324,0.12107769080810037,0.5340552527897704,0.07276995305164319,False,426,10000,0.42835760000161827,0.052413699973840266,50,False,False,False
locked,locked_harder_holdout,holdout_bin_8,issue23_locked_leave_one_bin_local_calibration,HistGB_shallow,histgb,HistGB shallow,P1_raw_train_oodval_threshold,False,True,histgb_depth3_iter50_lr005,51,heldout_47_51,selected_source_rich_top64,64,kcenter,32,0.01,id_calib_plus_ood_val_guarded_1pct,0.04031806722620843,0.06807511737089202,0.0048,0.0,0.0055,0.3281512910798122,0.09900858997866496,0.5286290607969425,0.06807511737089202,True,426,10000,0.6033186999848112,0.15641679998952895,50,False,False,False
locked,locked_harder_holdout,holdout_bin_8,issue23_locked_leave_one_bin_local_calibration,HistGB_shallow,histgb,HistGB shallow,P2_guarded_train_id_threshold,True,False,histgb_depth2_iter50_lr005,51,heldout_47_51,selected_source_rich_top64,64,kcenter,32,0.01,id_calib_only_1pct,0.0039252612424966055,0.07981220657276995,0.0014,0.0076,0.0005,0.5624522300469484,0.11145204653636168,0.5390199427109329,0.0892018779342723,True,426,10000,0.32796830002916977,0.02156060002744198,50,False,False,False
locked,locked_harder_holdout,holdout_bin_8,issue23_locked_leave_one_bin_local_calibration,HistGB_shallow,histgb,HistGB shallow,P3_full_lowguard,True,True,histgb_depth3_iter50_lr005,51,heldout_47_51,selected_source_rich_top64,64,kcenter,32,0.01,id_calib_plus_ood_val_guarded_1pct,0.7975484442946978,0.07746478873239436,0.0105,0.0008,0.009,0.5549504694835681,0.11841248204787336,0.5325514133285384,0.07042253521126761,False,426,10000,0.31384720001369715,0.11287800001446158,50,False,False,False
locked,locked_harder_holdout,holdout_bin_8,issue23_locked_leave_one_bin_local_calibration,DeepSAD_like_center,deepsad_like_center,DeepSAD-like center,P0_raw_train_id_threshold,False,False,center_lambda0,51,heldout_47_51,selected_source_rich_top64,64,kcenter,32,0.01,id_calib_only_1pct,362.8647598266605,0.07746478873239436,0.2802,0.01,0.2725,0.4857273474178404,0.03605694987879258,0.49748743718592964,0.0,False,426,10000,0.01379659998929128,0.019550399971194565,128,False,False,False
locked,locked_harder_holdout,holdout_bin_8,issue23_locked_leave_one_bin_local_calibration,DeepSAD_like_center,deepsad_like_center,DeepSAD-like center,P1_raw_train_oodval_threshold,False,True,center_lambda0,51,heldout_47_51,selected_source_rich_top64,64,kcenter,32,0.01,id_calib_plus_ood_val_guarded_1pct,16552.242839355466,0.0,0.0082,0.0,0.01,0.4857273474178404,0.03605694987879258,0.49748743718592964,0.0,True,426,10000,0.018595400033518672,0.018393200007267296,128,False,False,False
locked,locked_harder_holdout,holdout_bin_8,issue23_locked_leave_one_bin_local_calibration,DeepSAD_like_center,deepsad_like_center,DeepSAD-like center,P2_guarded_train_id_threshold,True,False,center_lambda2,51,heldout_47_51,selected_source_rich_top64,64,kcenter,32,0.01,id_calib_only_1pct,582.287263183594,0.06572769953051644,0.0307,0.01,0.0275,0.7092720657276994,0.06827850234870264,0.5035506169344375,0.01643192488262911,False,426,10000,0.03513129998464137,0.023807000019587576,128,False,False,False
locked,locked_harder_holdout,holdout_bin_8,issue23_locked_leave_one_bin_local_calibration,DeepSAD_like_center,deepsad_like_center,DeepSAD-like center,P3_full_lowguard,True,True,center_lambda2,51,heldout_47_51,selected_source_rich_top64,64,kcenter,32,0.01,id_calib_plus_ood_val_guarded_1pct,861.4247789764376,0.018779342723004695,0.0134,0.0014,0.01,0.7092720657276994,0.06827850234870264,0.5035506169344375,0.01643192488262911,False,426,10000,0.0317153999931179,0.01963590004015714,128,False,False,False
locked,locked_harder_holdout,holdout_bin_8,issue23_locked_leave_one_bin_local_calibration,Prototype_metric_LR,prototype_metric_lr,Prototype / metric LR,P0_raw_train_id_threshold,False,False,prototype_metric_lr_C1,51,heldout_47_51,selected_source_rich_top64,64,kcenter,32,0.01,id_calib_only_1pct,2.827852002340274,0.07981220657276995,0.1225,0.01,0.1205,0.7511901408450705,0.08293848330170836,0.49821879349800646,0.004694835680751174,False,426,10000,0.018916300032287836,0.014865499979350716,132,False,False,False
locked,locked_harder_holdout,holdout_bin_8,issue23_locked_leave_one_bin_local_calibration,Prototype_metric_LR,prototype_metric_lr,Prototype / metric LR,P1_raw_train_oodval_threshold,False,True,prototype_metric_lr_C1,51,heldout_47_51,selected_source_rich_top64,64,kcenter,32,0.01,id_calib_plus_ood_val_guarded_1pct,3.5491972705235297,0.004694835680751174,0.0077,0.0,0.01,0.7511901408450705,0.08293848330170836,0.49821879349800646,0.004694835680751174,True,426,10000,0.016079600027296692,0.013714200002141297,132,False,False,False
locked,locked_harder_holdout,holdout_bin_8,issue23_locked_leave_one_bin_local_calibration,Prototype_metric_LR,prototype_metric_lr,Prototype / metric LR,P2_guarded_train_id_threshold,True,False,prototype_metric_lr_C1,51,heldout_47_51,selected_source_rich_top64,64,kcenter,32,0.01,id_calib_only_1pct,2.1639690722406635,0.04460093896713615,0.0094,0.01,0.007,0.8587204225352113,0.1467442677938261,0.5011442187463138,0.0892018779342723,True,426,10000,0.04179460002342239,0.020228100009262562,198,False,False,False
locked,locked_harder_holdout,holdout_bin_8,issue23_locked_leave_one_bin_local_calibration,Prototype_metric_LR,prototype_metric_lr,Prototype / metric LR,P3_full_lowguard,True,True,prototype_metric_lr_C1,51,heldout_47_51,selected_source_rich_top64,64,kcenter,32,0.01,id_calib_plus_ood_val_guarded_1pct,2.1648609087089232,0.04225352112676056,0.0094,0.0098,0.007,0.8587204225352113,0.1467442677938261,0.5011442187463138,0.0892018779342723,True,426,10000,0.04742289998102933,0.018029000028036535,198,False,False,False
locked,locked_harder_holdout,holdout_bin_8,issue23_locked_leave_one_bin_local_calibration,RFF_Logistic,rff_logistic,RFF Logistic optional,P0_raw_train_id_threshold,False,False,rff128_gamma1_C1,51,heldout_47_51,selected_source_rich_top64,64,kcenter,32,0.01,id_calib_only_1pct,2.3134666098854484,0.02112676056338028,0.0197,0.01,0.03,0.4967258215962441,0.04070072729989214,0.49965791398306086,0.009389671361502348,False,426,10000,0.27576230000704527,0.04417980002472177,8321,False,False,False
locked,locked_harder_holdout,holdout_bin_8,issue23_locked_leave_one_bin_local_calibration,RFF_Logistic,rff_logistic,RFF Logistic optional,P1_raw_train_oodval_threshold,False,True,rff256_gamma01_C1,51,heldout_47_51,selected_source_rich_top64,64,kcenter,32,0.01,id_calib_plus_ood_val_guarded_1pct,1.7217355049185332,0.025821596244131457,0.0099,0.0006,0.01,0.40233661971830986,0.03756656580549306,0.5037747422558804,0.025821596244131457,True,426,10000,0.5618157000280917,0.07435210002586246,16641,False,False,False
locked,locked_harder_holdout,holdout_bin_8,issue23_locked_leave_one_bin_local_calibration,RFF_Logistic,rff_logistic,RFF Logistic optional,P2_guarded_train_id_threshold,True,False,rff128_gamma01_C1,51,heldout_47_51,selected_source_rich_top64,64,kcenter,32,0.01,id_calib_only_1pct,1.6463442596950244,0.046948356807511735,0.0078,0.01,0.0085,0.5908474178403755,0.07703021411110944,0.5130700450609856,0.0539906103286385,True,426,10000,0.6951551000238396,0.04365429998142645,8321,False,False,False
locked,locked_harder_holdout,holdout_bin_8,issue23_locked_leave_one_bin_local_calibration,RFF_Logistic,rff_logistic,RFF Logistic optional,P3_full_lowguard,True,True,rff256_gamma01_C1,51,heldout_47_51,selected_source_rich_top64,64,kcenter,32,0.01,id_calib_plus_ood_val_guarded_1pct,-0.40423989644986336,0.12441314553990611,0.0094,0.01,0.0075,0.7064490610328639,0.1645021734846926,0.5320381248967844,0.1267605633802817,True,426,10000,1.2774240000289865,0.06715159997111186,16641,False,False,False
