evaluation_role,dataset,holdout,split_protocol,method,method_group,candidate,fusion_family,selected_config_id,seed,seed_group,ood_target,threshold,support_size,feature_dim,train_time,inference_time,parameter_count,provenance_clean,final_eval_used_for_selection,roc_auc,pr_auc,pauc_fpr_1pct,tpr_at_fpr_1pct,attack_high_detection,final_ood_high_alarm,attack_eval_size,final_ood_eval_size,feasible_final_1pct
locked,locked_harder_holdout,holdout_bin_5,issue23_locked_leave_one_bin_local_calibration,F0_V1_baseline,baseline,V1_LOW_GUARD_minimal,raw_v1,none,42,main_42_46,0.01,-2.4168281315697695,32,100,1.0736246999586,0.033331000013276935,101,True,False,0.9955963511972634,0.9750327295349486,0.9591572457498438,0.9828962371721779,0.9669327251995439,0.0019,877,10000,True
locked,locked_harder_holdout,holdout_bin_5,issue23_locked_leave_one_bin_local_calibration,F1_V2_top64_baseline,baseline,V2_top64_LR,raw_v2,none,42,main_42_46,0.01,-4.102580408336336,32,64,0.3028347000363283,0.01886049995664507,65,True,False,0.9811110604332952,0.9727854578991534,0.9830738641898202,0.9680729760547321,0.9680729760547321,0.0045,877,10000,True
locked,locked_harder_holdout,holdout_bin_5,issue23_locked_leave_one_bin_local_calibration,F2_linear_alpha_selected,targeted_fusion_retry,F2_linear_alpha_selected,linear_alpha,alpha_0.90,42,main_42_46,0.01,1.8322651301399804,32,2,0.0001674999948590994,0.09374690003460273,0,True,False,0.9827901938426453,0.9737068614216348,0.983641124665517,0.9680729760547321,0.9680729760547321,0.0032,877,10000,True
locked,locked_harder_holdout,holdout_bin_5,issue23_locked_leave_one_bin_local_calibration,F3_residual_lr_selected,targeted_fusion_retry,F3_residual_lr_selected,residual_lr,residual_C_1.0,42,main_42_46,0.01,-4.651984122472564,32,5,0.02497969998512417,0.10056749999057502,6,True,False,0.9995380843785633,0.9952455423608991,0.9837614526452101,0.9908779931584949,0.9680729760547321,0.0049,877,10000,True
locked,locked_harder_holdout,holdout_bin_5,issue23_locked_leave_one_bin_local_calibration,F4_conservative_max_selected,targeted_fusion_retry,F4_conservative_max_selected,conservative_max,beta_0.50,42,main_42_46,0.01,1.9470669667280993,32,2,4.4199987314641476e-05,0.09959970001364127,0,True,False,0.9980453819840365,0.9867389561329417,0.982821748422844,0.9680729760547321,0.9680729760547321,0.0053,877,10000,True
locked,locked_harder_holdout,holdout_bin_5,issue23_locked_leave_one_bin_local_calibration,F0_V1_baseline,baseline,V1_LOW_GUARD_minimal,raw_v1,none,43,main_42_46,0.01,-2.4168281315697695,32,100,1.0859427999821492,0.03066350001608953,101,True,False,0.9955963511972634,0.9750327295349486,0.9591572457498438,0.9828962371721779,0.9669327251995439,0.0019,877,10000,True
locked,locked_harder_holdout,holdout_bin_5,issue23_locked_leave_one_bin_local_calibration,F1_V2_top64_baseline,baseline,V2_top64_LR,raw_v2,none,43,main_42_46,0.01,-4.102580408336336,32,64,0.3400318999774754,0.018214399984572083,65,True,False,0.9811110604332952,0.9727854578991534,0.9830738641898202,0.9680729760547321,0.9680729760547321,0.0045,877,10000,True
locked,locked_harder_holdout,holdout_bin_5,issue23_locked_leave_one_bin_local_calibration,F2_linear_alpha_selected,targeted_fusion_retry,F2_linear_alpha_selected,linear_alpha,alpha_0.50,43,main_42_46,0.01,1.554760383816045,32,2,6.40999642200768e-05,0.10761130001628771,0,True,False,0.991777993158495,0.9839057466931772,0.9849418128269626,0.9726339794754846,0.9669327251995439,0.0003,877,10000,True
locked,locked_harder_holdout,holdout_bin_5,issue23_locked_leave_one_bin_local_calibration,F3_residual_lr_selected,targeted_fusion_retry,F3_residual_lr_selected,residual_lr,residual_C_1.0,43,main_42_46,0.01,-4.651984122472564,32,5,0.021860599983483553,0.09613570000510663,6,True,False,0.9995380843785633,0.9952455423608991,0.9837614526452101,0.9908779931584949,0.9680729760547321,0.0049,877,10000,True
locked,locked_harder_holdout,holdout_bin_5,issue23_locked_leave_one_bin_local_calibration,F4_conservative_max_selected,targeted_fusion_retry,F4_conservative_max_selected,conservative_max,beta_1.00,43,main_42_46,0.01,1.9470669667280993,32,2,4.930002614855766e-05,0.09407399996416643,0,True,False,0.9996212086659065,0.994613110747429,0.9809652595932915,1.0,0.9703534777651083,0.0057,877,10000,True
locked,locked_harder_holdout,holdout_bin_5,issue23_locked_leave_one_bin_local_calibration,F0_V1_baseline,baseline,V1_LOW_GUARD_minimal,raw_v1,none,44,main_42_46,0.01,-2.4168281315697695,32,100,1.1477038000011817,0.031270000035874546,101,True,False,0.9955963511972634,0.9750327295349486,0.9591572457498438,0.9828962371721779,0.9669327251995439,0.0019,877,10000,True
locked,locked_harder_holdout,holdout_bin_5,issue23_locked_leave_one_bin_local_calibration,F1_V2_top64_baseline,baseline,V2_top64_LR,raw_v2,none,44,main_42_46,0.01,-4.102580408336336,32,64,0.3817539000301622,0.02088630001526326,65,True,False,0.9811110604332952,0.9727854578991534,0.9830738641898202,0.9680729760547321,0.9680729760547321,0.0045,877,10000,True
locked,locked_harder_holdout,holdout_bin_5,issue23_locked_leave_one_bin_local_calibration,F2_linear_alpha_selected,targeted_fusion_retry,F2_linear_alpha_selected,linear_alpha,alpha_0.90,44,main_42_46,0.01,1.8322651301399804,32,2,6.310001481324434e-05,0.09981519996654242,0,True,False,0.9827901938426453,0.9737068614216348,0.983641124665517,0.9680729760547321,0.9680729760547321,0.0032,877,10000,True
locked,locked_harder_holdout,holdout_bin_5,issue23_locked_leave_one_bin_local_calibration,F3_residual_lr_selected,targeted_fusion_retry,F3_residual_lr_selected,residual_lr,residual_C_1.0,44,main_42_46,0.01,-4.651984122472564,32,5,0.027545200020540506,0.0994580999831669,6,True,False,0.9995380843785633,0.9952455423608991,0.9837614526452101,0.9908779931584949,0.9680729760547321,0.0049,877,10000,True
locked,locked_harder_holdout,holdout_bin_5,issue23_locked_leave_one_bin_local_calibration,F4_conservative_max_selected,targeted_fusion_retry,F4_conservative_max_selected,conservative_max,beta_0.75,44,main_42_46,0.01,1.9470669667280993,32,2,5.23999915458262e-05,0.1012207999592647,0,True,False,0.9994582668187001,0.9944996173769707,0.9807819026718542,0.9680729760547321,0.9680729760547321,0.0054,877,10000,True
locked,locked_harder_holdout,holdout_bin_5,issue23_locked_leave_one_bin_local_calibration,F0_V1_baseline,baseline,V1_LOW_GUARD_minimal,raw_v1,none,45,main_42_46,0.01,-2.4168281315697695,32,100,1.0327267000102438,0.029594399966299534,101,True,False,0.9955963511972634,0.9750327295349486,0.9591572457498438,0.9828962371721779,0.9669327251995439,0.0019,877,10000,True
locked,locked_harder_holdout,holdout_bin_5,issue23_locked_leave_one_bin_local_calibration,F1_V2_top64_baseline,baseline,V2_top64_LR,raw_v2,none,45,main_42_46,0.01,-4.102580408336336,32,64,0.29698679997818545,0.0222774000139907,65,True,False,0.9811110604332952,0.9727854578991534,0.9830738641898202,0.9680729760547321,0.9680729760547321,0.0045,877,10000,True
locked,locked_harder_holdout,holdout_bin_5,issue23_locked_leave_one_bin_local_calibration,F2_linear_alpha_selected,targeted_fusion_retry,F2_linear_alpha_selected,linear_alpha,alpha_0.90,45,main_42_46,0.01,1.8322651301399804,32,2,6.510003004223108e-05,0.09926499996799976,0,True,False,0.9827901938426453,0.9737068614216348,0.983641124665517,0.9680729760547321,0.9680729760547321,0.0032,877,10000,True
locked,locked_harder_holdout,holdout_bin_5,issue23_locked_leave_one_bin_local_calibration,F3_residual_lr_selected,targeted_fusion_retry,F3_residual_lr_selected,residual_lr,residual_C_1.0,45,main_42_46,0.01,-4.651984122472564,32,5,0.02366130001610145,0.10088350001024082,6,True,False,0.9995380843785633,0.9952455423608991,0.9837614526452101,0.9908779931584949,0.9680729760547321,0.0049,877,10000,True
locked,locked_harder_holdout,holdout_bin_5,issue23_locked_leave_one_bin_local_calibration,F4_conservative_max_selected,targeted_fusion_retry,F4_conservative_max_selected,conservative_max,beta_0.50,45,main_42_46,0.01,1.9470669667280993,32,2,4.640000406652689e-05,0.09741799999028444,0,True,False,0.9980453819840365,0.9867389561329417,0.982821748422844,0.9680729760547321,0.9680729760547321,0.0053,877,10000,True
locked,locked_harder_holdout,holdout_bin_5,issue23_locked_leave_one_bin_local_calibration,F0_V1_baseline,baseline,V1_LOW_GUARD_minimal,raw_v1,none,46,main_42_46,0.01,-2.4168281315697695,32,100,1.0094977999688126,0.03191510000033304,101,True,False,0.9955963511972634,0.9750327295349486,0.9591572457498438,0.9828962371721779,0.9669327251995439,0.0019,877,10000,True
locked,locked_harder_holdout,holdout_bin_5,issue23_locked_leave_one_bin_local_calibration,F1_V2_top64_baseline,baseline,V2_top64_LR,raw_v2,none,46,main_42_46,0.01,-4.102580408336336,32,64,0.35493019997375086,0.020811200025491416,65,True,False,0.9811110604332952,0.9727854578991534,0.9830738641898202,0.9680729760547321,0.9680729760547321,0.0045,877,10000,True
locked,locked_harder_holdout,holdout_bin_5,issue23_locked_leave_one_bin_local_calibration,F2_linear_alpha_selected,targeted_fusion_retry,F2_linear_alpha_selected,linear_alpha,alpha_0.90,46,main_42_46,0.01,1.8322651301399804,32,2,6.120000034570694e-05,0.09253930003615096,0,True,False,0.9827901938426453,0.9737068614216348,0.983641124665517,0.9680729760547321,0.9680729760547321,0.0032,877,10000,True
locked,locked_harder_holdout,holdout_bin_5,issue23_locked_leave_one_bin_local_calibration,F3_residual_lr_selected,targeted_fusion_retry,F3_residual_lr_selected,residual_lr,residual_C_1.0,46,main_42_46,0.01,-4.651984122472564,32,5,0.021457700000610203,0.10143069998594001,6,True,False,0.9995380843785633,0.9952455423608991,0.9837614526452101,0.9908779931584949,0.9680729760547321,0.0049,877,10000,True
locked,locked_harder_holdout,holdout_bin_5,issue23_locked_leave_one_bin_local_calibration,F4_conservative_max_selected,targeted_fusion_retry,F4_conservative_max_selected,conservative_max,beta_0.75,46,main_42_46,0.01,1.9470669667280993,32,2,4.680000711232424e-05,0.09494709997670725,0,True,False,0.9994582668187001,0.9944996173769707,0.9807819026718542,0.9680729760547321,0.9680729760547321,0.0054,877,10000,True
locked,locked_harder_holdout,holdout_bin_5,issue23_locked_leave_one_bin_local_calibration,F0_V1_baseline,baseline,V1_LOW_GUARD_minimal,raw_v1,none,47,heldout_47_51,0.01,-2.4168281315697695,32,100,1.0064317000214942,0.02858309994917363,101,True,False,0.9955963511972634,0.9750327295349486,0.9591572457498438,0.9828962371721779,0.9669327251995439,0.0019,877,10000,True
locked,locked_harder_holdout,holdout_bin_5,issue23_locked_leave_one_bin_local_calibration,F1_V2_top64_baseline,baseline,V2_top64_LR,raw_v2,none,47,heldout_47_51,0.01,-4.102580408336336,32,64,0.32027329999255016,0.018865999998524785,65,True,False,0.9811110604332952,0.9727854578991534,0.9830738641898202,0.9680729760547321,0.9680729760547321,0.0045,877,10000,True
locked,locked_harder_holdout,holdout_bin_5,issue23_locked_leave_one_bin_local_calibration,F2_linear_alpha_selected,targeted_fusion_retry,F2_linear_alpha_selected,linear_alpha,alpha_0.90,47,heldout_47_51,0.01,1.8322651301399804,32,2,8.339999476447701e-05,0.09831460000714287,0,True,False,0.9827901938426453,0.9737068614216348,0.983641124665517,0.9680729760547321,0.9680729760547321,0.0032,877,10000,True
locked,locked_harder_holdout,holdout_bin_5,issue23_locked_leave_one_bin_local_calibration,F3_residual_lr_selected,targeted_fusion_retry,F3_residual_lr_selected,residual_lr,residual_C_1.0,47,heldout_47_51,0.01,-4.651984122472564,32,5,0.022607999970205128,0.0958490000339225,6,True,False,0.9995380843785633,0.9952455423608991,0.9837614526452101,0.9908779931584949,0.9680729760547321,0.0049,877,10000,True
locked,locked_harder_holdout,holdout_bin_5,issue23_locked_leave_one_bin_local_calibration,F4_conservative_max_selected,targeted_fusion_retry,F4_conservative_max_selected,conservative_max,beta_0.50,47,heldout_47_51,0.01,1.9470669667280993,32,2,8.100003469735384e-05,0.0983053999952972,0,True,False,0.9980453819840365,0.9867389561329417,0.982821748422844,0.9680729760547321,0.9680729760547321,0.0053,877,10000,True
locked,locked_harder_holdout,holdout_bin_5,issue23_locked_leave_one_bin_local_calibration,F0_V1_baseline,baseline,V1_LOW_GUARD_minimal,raw_v1,none,48,heldout_47_51,0.01,-2.4168281315697695,32,100,1.0049220999935642,0.029298199980985373,101,True,False,0.9955963511972634,0.9750327295349486,0.9591572457498438,0.9828962371721779,0.9669327251995439,0.0019,877,10000,True
locked,locked_harder_holdout,holdout_bin_5,issue23_locked_leave_one_bin_local_calibration,F1_V2_top64_baseline,baseline,V2_top64_LR,raw_v2,none,48,heldout_47_51,0.01,-4.102580408336336,32,64,0.30972610000753775,0.01905209996039048,65,True,False,0.9811110604332952,0.9727854578991534,0.9830738641898202,0.9680729760547321,0.9680729760547321,0.0045,877,10000,True
locked,locked_harder_holdout,holdout_bin_5,issue23_locked_leave_one_bin_local_calibration,F2_linear_alpha_selected,targeted_fusion_retry,F2_linear_alpha_selected,linear_alpha,alpha_0.90,48,heldout_47_51,0.01,1.8322651301399804,32,2,0.00012919999426230788,0.10009030002402142,0,True,False,0.9827901938426453,0.9737068614216348,0.983641124665517,0.9680729760547321,0.9680729760547321,0.0032,877,10000,True
locked,locked_harder_holdout,holdout_bin_5,issue23_locked_leave_one_bin_local_calibration,F3_residual_lr_selected,targeted_fusion_retry,F3_residual_lr_selected,residual_lr,residual_C_0.1,48,heldout_47_51,0.01,-3.107836905551647,32,5,0.021655999997165054,0.10018720000516623,6,True,False,0.9984695553021665,0.9914488748067817,0.9811371567071389,0.9714937286202965,0.9680729760547321,0.0065,877,10000,True
locked,locked_harder_holdout,holdout_bin_5,issue23_locked_leave_one_bin_local_calibration,F4_conservative_max_selected,targeted_fusion_retry,F4_conservative_max_selected,conservative_max,beta_0.50,48,heldout_47_51,0.01,1.9470669667280993,32,2,4.850002005696297e-05,0.09554989996831864,0,True,False,0.9980453819840365,0.9867389561329417,0.982821748422844,0.9680729760547321,0.9680729760547321,0.0053,877,10000,True
locked,locked_harder_holdout,holdout_bin_5,issue23_locked_leave_one_bin_local_calibration,F0_V1_baseline,baseline,V1_LOW_GUARD_minimal,raw_v1,none,49,heldout_47_51,0.01,-2.4168281315697695,32,100,1.0452567999600433,0.030502300010994077,101,True,False,0.9955963511972634,0.9750327295349486,0.9591572457498438,0.9828962371721779,0.9669327251995439,0.0019,877,10000,True
locked,locked_harder_holdout,holdout_bin_5,issue23_locked_leave_one_bin_local_calibration,F1_V2_top64_baseline,baseline,V2_top64_LR,raw_v2,none,49,heldout_47_51,0.01,-4.102580408336336,32,64,0.36720499995863065,0.02057230001082644,65,True,False,0.9811110604332952,0.9727854578991534,0.9830738641898202,0.9680729760547321,0.9680729760547321,0.0045,877,10000,True
locked,locked_harder_holdout,holdout_bin_5,issue23_locked_leave_one_bin_local_calibration,F2_linear_alpha_selected,targeted_fusion_retry,F2_linear_alpha_selected,linear_alpha,alpha_0.90,49,heldout_47_51,0.01,1.8322651301399804,32,2,6.509997183457017e-05,0.09469559998251498,0,True,False,0.9827901938426453,0.9737068614216348,0.983641124665517,0.9680729760547321,0.9680729760547321,0.0032,877,10000,True
locked,locked_harder_holdout,holdout_bin_5,issue23_locked_leave_one_bin_local_calibration,F3_residual_lr_selected,targeted_fusion_retry,F3_residual_lr_selected,residual_lr,residual_C_1.0,49,heldout_47_51,0.01,-4.651984122472564,32,5,0.021661699982360005,0.09471580001991242,6,True,False,0.9995380843785633,0.9952455423608991,0.9837614526452101,0.9908779931584949,0.9680729760547321,0.0049,877,10000,True
locked,locked_harder_holdout,holdout_bin_5,issue23_locked_leave_one_bin_local_calibration,F4_conservative_max_selected,targeted_fusion_retry,F4_conservative_max_selected,conservative_max,beta_0.50,49,heldout_47_51,0.01,1.9470669667280993,32,2,0.00022230000467970967,0.10472699999809265,0,True,False,0.9980453819840365,0.9867389561329417,0.982821748422844,0.9680729760547321,0.9680729760547321,0.0053,877,10000,True
locked,locked_harder_holdout,holdout_bin_5,issue23_locked_leave_one_bin_local_calibration,F0_V1_baseline,baseline,V1_LOW_GUARD_minimal,raw_v1,none,50,heldout_47_51,0.01,-2.4168281315697695,32,100,1.050469300011173,0.03193040000041947,101,True,False,0.9955963511972634,0.9750327295349486,0.9591572457498438,0.9828962371721779,0.9669327251995439,0.0019,877,10000,True
locked,locked_harder_holdout,holdout_bin_5,issue23_locked_leave_one_bin_local_calibration,F1_V2_top64_baseline,baseline,V2_top64_LR,raw_v2,none,50,heldout_47_51,0.01,-4.102580408336336,32,64,0.3554714999627322,0.025816200010012835,65,True,False,0.9811110604332952,0.9727854578991534,0.9830738641898202,0.9680729760547321,0.9680729760547321,0.0045,877,10000,True
locked,locked_harder_holdout,holdout_bin_5,issue23_locked_leave_one_bin_local_calibration,F2_linear_alpha_selected,targeted_fusion_retry,F2_linear_alpha_selected,linear_alpha,alpha_0.90,50,heldout_47_51,0.01,1.8322651301399804,32,2,7.14000198058784e-05,0.10987450001994148,0,True,False,0.9827901938426453,0.9737068614216348,0.983641124665517,0.9680729760547321,0.9680729760547321,0.0032,877,10000,True
locked,locked_harder_holdout,holdout_bin_5,issue23_locked_leave_one_bin_local_calibration,F3_residual_lr_selected,targeted_fusion_retry,F3_residual_lr_selected,residual_lr,residual_C_1.0,50,heldout_47_51,0.01,-4.651984122472564,32,5,0.024885999970138073,0.11673700000392273,6,True,False,0.9995380843785633,0.9952455423608991,0.9837614526452101,0.9908779931584949,0.9680729760547321,0.0049,877,10000,True
locked,locked_harder_holdout,holdout_bin_5,issue23_locked_leave_one_bin_local_calibration,F4_conservative_max_selected,targeted_fusion_retry,F4_conservative_max_selected,conservative_max,beta_1.00,50,heldout_47_51,0.01,1.9470669667280993,32,2,5.1799986977130175e-05,0.0971748000010848,0,True,False,0.9996212086659065,0.994613110747429,0.9809652595932915,1.0,0.9703534777651083,0.0057,877,10000,True
locked,locked_harder_holdout,holdout_bin_5,issue23_locked_leave_one_bin_local_calibration,F0_V1_baseline,baseline,V1_LOW_GUARD_minimal,raw_v1,none,51,heldout_47_51,0.01,-2.4168281315697695,32,100,1.0321436999947764,0.027038300002459437,101,True,False,0.9955963511972634,0.9750327295349486,0.9591572457498438,0.9828962371721779,0.9669327251995439,0.0019,877,10000,True
locked,locked_harder_holdout,holdout_bin_5,issue23_locked_leave_one_bin_local_calibration,F1_V2_top64_baseline,baseline,V2_top64_LR,raw_v2,none,51,heldout_47_51,0.01,-4.102580408336336,32,64,0.3289983000140637,0.019107099971733987,65,True,False,0.9811110604332952,0.9727854578991534,0.9830738641898202,0.9680729760547321,0.9680729760547321,0.0045,877,10000,True
locked,locked_harder_holdout,holdout_bin_5,issue23_locked_leave_one_bin_local_calibration,F2_linear_alpha_selected,targeted_fusion_retry,F2_linear_alpha_selected,linear_alpha,alpha_0.90,51,heldout_47_51,0.01,1.8322651301399804,32,2,6.350001785904169e-05,0.09821999998530373,0,True,False,0.9827901938426453,0.9737068614216348,0.983641124665517,0.9680729760547321,0.9680729760547321,0.0032,877,10000,True
locked,locked_harder_holdout,holdout_bin_5,issue23_locked_leave_one_bin_local_calibration,F3_residual_lr_selected,targeted_fusion_retry,F3_residual_lr_selected,residual_lr,residual_C_1.0,51,heldout_47_51,0.01,-4.651984122472564,32,5,0.0239280000096187,0.09950329997809604,6,True,False,0.9995380843785633,0.9952455423608991,0.9837614526452101,0.9908779931584949,0.9680729760547321,0.0049,877,10000,True
locked,locked_harder_holdout,holdout_bin_5,issue23_locked_leave_one_bin_local_calibration,F4_conservative_max_selected,targeted_fusion_retry,F4_conservative_max_selected,conservative_max,beta_0.75,51,heldout_47_51,0.01,1.9470669667280993,32,2,5.1799986977130175e-05,0.09383119997801259,0,True,False,0.9994582668187001,0.9944996173769707,0.9807819026718542,0.9680729760547321,0.9680729760547321,0.0054,877,10000,True
locked,locked_harder_holdout,holdout_bin_6,issue23_locked_leave_one_bin_local_calibration,F0_V1_baseline,baseline,V1_LOW_GUARD_minimal,raw_v1,none,42,main_42_46,0.01,-2.3665623121180643,32,100,1.0473391999839805,0.03209729999070987,101,True,False,0.9975887112887112,0.9819863143858635,0.9610841419886647,0.993006993006993,0.9790209790209791,0.0019,1001,10000,True
locked,locked_harder_holdout,holdout_bin_6,issue23_locked_leave_one_bin_local_calibration,F1_V2_top64_baseline,baseline,V2_top64_LR,raw_v2,none,42,main_42_46,0.01,-4.118561382207412,32,64,0.3307245000032708,0.019860200001858175,65,True,False,0.9826834165834166,0.9750582019196735,0.9841615670761399,0.97002997002997,0.97002997002997,0.0045,1001,10000,True
locked,locked_harder_holdout,holdout_bin_6,issue23_locked_leave_one_bin_local_calibration,F2_linear_alpha_selected,targeted_fusion_retry,F2_linear_alpha_selected,linear_alpha,alpha_0.90,42,main_42_46,0.01,1.857977632703146,32,2,6.410002242773771e-05,0.1043362999917008,0,True,False,0.9843198801198801,0.9760598702684089,0.9846836580504922,0.97002997002997,0.97002997002997,0.0035,1001,10000,True
locked,locked_harder_holdout,holdout_bin_6,issue23_locked_leave_one_bin_local_calibration,F3_residual_lr_selected,targeted_fusion_retry,F3_residual_lr_selected,residual_lr,residual_C_1.0,42,main_42_46,0.01,-4.645508729211221,32,5,0.021181499992962927,0.101506499981042,6,True,False,0.9995252747252747,0.9957875868252555,0.9846384771007887,0.991008991008991,0.97002997002997,0.0052,1001,10000,True
locked,locked_harder_holdout,holdout_bin_6,issue23_locked_leave_one_bin_local_calibration,F4_conservative_max_selected,targeted_fusion_retry,F4_conservative_max_selected,conservative_max,beta_0.50,42,main_42_46,0.01,1.9554021961189494,32,2,5.229999078437686e-05,0.1047837000223808,0,True,False,0.9981303696303696,0.9884233427738577,0.9839055416944864,0.97002997002997,0.97002997002997,0.0053,1001,10000,True
locked,locked_harder_holdout,holdout_bin_6,issue23_locked_leave_one_bin_local_calibration,F0_V1_baseline,baseline,V1_LOW_GUARD_minimal,raw_v1,none,43,main_42_46,0.01,-2.3665623121180643,32,100,1.0204278000164777,0.02842290000990033,101,True,False,0.9975887112887112,0.9819863143858635,0.9610841419886647,0.993006993006993,0.9790209790209791,0.0019,1001,10000,True
locked,locked_harder_holdout,holdout_bin_6,issue23_locked_leave_one_bin_local_calibration,F1_V2_top64_baseline,baseline,V2_top64_LR,raw_v2,none,43,main_42_46,0.01,-4.118561382207412,32,64,0.3338744000066072,0.020223499974235892,65,True,False,0.9826834165834166,0.9750582019196735,0.9841615670761399,0.97002997002997,0.97002997002997,0.0045,1001,10000,True
locked,locked_harder_holdout,holdout_bin_6,issue23_locked_leave_one_bin_local_calibration,F2_linear_alpha_selected,targeted_fusion_retry,F2_linear_alpha_selected,linear_alpha,alpha_0.50,43,main_42_46,0.01,1.5511899860590017,32,2,0.0001238000113517046,0.09929579996969551,0,True,False,0.9919522477522478,0.9868050689689029,0.9860390865415991,0.975024975024975,0.97002997002997,0.0008,1001,10000,True
locked,locked_harder_holdout,holdout_bin_6,issue23_locked_leave_one_bin_local_calibration,F3_residual_lr_selected,targeted_fusion_retry,F3_residual_lr_selected,residual_lr,residual_C_1.0,43,main_42_46,0.01,-4.645508729211221,32,5,0.023248599958606064,0.09858610003720969,6,True,False,0.9995252747252747,0.9957875868252555,0.9846384771007887,0.991008991008991,0.97002997002997,0.0052,1001,10000,True
locked,locked_harder_holdout,holdout_bin_6,issue23_locked_leave_one_bin_local_calibration,F4_conservative_max_selected,targeted_fusion_retry,F4_conservative_max_selected,conservative_max,beta_1.00,43,main_42_46,0.01,1.9554021961189494,32,2,4.900002386420965e-05,0.10108160000527278,0,True,False,0.9996117882117882,0.9953693082695814,0.980702714371056,0.991008991008991,0.97002997002997,0.0057,1001,10000,True
locked,locked_harder_holdout,holdout_bin_6,issue23_locked_leave_one_bin_local_calibration,F0_V1_baseline,baseline,V1_LOW_GUARD_minimal,raw_v1,none,44,main_42_46,0.01,-2.3665623121180643,32,100,1.0538447999861091,0.02857580001000315,101,True,False,0.9975887112887112,0.9819863143858635,0.9610841419886647,0.993006993006993,0.9790209790209791,0.0019,1001,10000,True
locked,locked_harder_holdout,holdout_bin_6,issue23_locked_leave_one_bin_local_calibration,F1_V2_top64_baseline,baseline,V2_top64_LR,raw_v2,none,44,main_42_46,0.01,-4.118561382207412,32,64,0.31454789999406785,0.02001650002785027,65,True,False,0.9826834165834166,0.9750582019196735,0.9841615670761399,0.97002997002997,0.97002997002997,0.0045,1001,10000,True
locked,locked_harder_holdout,holdout_bin_6,issue23_locked_leave_one_bin_local_calibration,F2_linear_alpha_selected,targeted_fusion_retry,F2_linear_alpha_selected,linear_alpha,alpha_0.90,44,main_42_46,0.01,1.857977632703146,32,2,0.00021549995290115476,0.1107837000163272,0,True,False,0.9843198801198801,0.9760598702684089,0.9846836580504922,0.97002997002997,0.97002997002997,0.0035,1001,10000,True
locked,locked_harder_holdout,holdout_bin_6,issue23_locked_leave_one_bin_local_calibration,F3_residual_lr_selected,targeted_fusion_retry,F3_residual_lr_selected,residual_lr,residual_C_1.0,44,main_42_46,0.01,-4.645508729211221,32,5,0.02691620000405237,0.11507469997741282,6,True,False,0.9995252747252747,0.9957875868252555,0.9846384771007887,0.991008991008991,0.97002997002997,0.0052,1001,10000,True
locked,locked_harder_holdout,holdout_bin_6,issue23_locked_leave_one_bin_local_calibration,F4_conservative_max_selected,targeted_fusion_retry,F4_conservative_max_selected,conservative_max,beta_0.75,44,main_42_46,0.01,1.9554021961189494,32,2,5.269999383017421e-05,0.10615970002254471,0,True,False,0.999473126873127,0.995311664895927,0.98203304233455,0.97002997002997,0.97002997002997,0.0056,1001,10000,True
locked,locked_harder_holdout,holdout_bin_6,issue23_locked_leave_one_bin_local_calibration,F0_V1_baseline,baseline,V1_LOW_GUARD_minimal,raw_v1,none,45,main_42_46,0.01,-2.3665623121180643,32,100,1.032447100034915,0.027767699968535453,101,True,False,0.9975887112887112,0.9819863143858635,0.9610841419886647,0.993006993006993,0.9790209790209791,0.0019,1001,10000,True
locked,locked_harder_holdout,holdout_bin_6,issue23_locked_leave_one_bin_local_calibration,F1_V2_top64_baseline,baseline,V2_top64_LR,raw_v2,none,45,main_42_46,0.01,-4.118561382207412,32,64,0.31438940000953153,0.020580200012773275,65,True,False,0.9826834165834166,0.9750582019196735,0.9841615670761399,0.97002997002997,0.97002997002997,0.0045,1001,10000,True
locked,locked_harder_holdout,holdout_bin_6,issue23_locked_leave_one_bin_local_calibration,F2_linear_alpha_selected,targeted_fusion_retry,F2_linear_alpha_selected,linear_alpha,alpha_0.90,45,main_42_46,0.01,1.857977632703146,32,2,5.6299963034689426e-05,0.10013550001895055,0,True,False,0.9843198801198801,0.9760598702684089,0.9846836580504922,0.97002997002997,0.97002997002997,0.0035,1001,10000,True
locked,locked_harder_holdout,holdout_bin_6,issue23_locked_leave_one_bin_local_calibration,F3_residual_lr_selected,targeted_fusion_retry,F3_residual_lr_selected,residual_lr,residual_C_1.0,45,main_42_46,0.01,-4.645508729211221,32,5,0.022916399990208447,0.09495920001063496,6,True,False,0.9995252747252747,0.9957875868252555,0.9846384771007887,0.991008991008991,0.97002997002997,0.0052,1001,10000,True
locked,locked_harder_holdout,holdout_bin_6,issue23_locked_leave_one_bin_local_calibration,F4_conservative_max_selected,targeted_fusion_retry,F4_conservative_max_selected,conservative_max,beta_0.50,45,main_42_46,0.01,1.9554021961189494,32,2,6.609997944906354e-05,0.09518140001455322,0,True,False,0.9981303696303696,0.9884233427738577,0.9839055416944864,0.97002997002997,0.97002997002997,0.0053,1001,10000,True
locked,locked_harder_holdout,holdout_bin_6,issue23_locked_leave_one_bin_local_calibration,F0_V1_baseline,baseline,V1_LOW_GUARD_minimal,raw_v1,none,46,main_42_46,0.01,-2.3665623121180643,32,100,1.0598959000199102,0.03422529995441437,101,True,False,0.9975887112887112,0.9819863143858635,0.9610841419886647,0.993006993006993,0.9790209790209791,0.0019,1001,10000,True
locked,locked_harder_holdout,holdout_bin_6,issue23_locked_leave_one_bin_local_calibration,F1_V2_top64_baseline,baseline,V2_top64_LR,raw_v2,none,46,main_42_46,0.01,-4.118561382207412,32,64,0.32867680001072586,0.02118109998991713,65,True,False,0.9826834165834166,0.9750582019196735,0.9841615670761399,0.97002997002997,0.97002997002997,0.0045,1001,10000,True
locked,locked_harder_holdout,holdout_bin_6,issue23_locked_leave_one_bin_local_calibration,F2_linear_alpha_selected,targeted_fusion_retry,F2_linear_alpha_selected,linear_alpha,alpha_0.90,46,main_42_46,0.01,1.857977632703146,32,2,6.079999729990959e-05,0.09989840001799166,0,True,False,0.9843198801198801,0.9760598702684089,0.9846836580504922,0.97002997002997,0.97002997002997,0.0035,1001,10000,True
locked,locked_harder_holdout,holdout_bin_6,issue23_locked_leave_one_bin_local_calibration,F3_residual_lr_selected,targeted_fusion_retry,F3_residual_lr_selected,residual_lr,residual_C_1.0,46,main_42_46,0.01,-4.645508729211221,32,5,0.022682200011331588,0.0926632999908179,6,True,False,0.9995252747252747,0.9957875868252555,0.9846384771007887,0.991008991008991,0.97002997002997,0.0052,1001,10000,True
locked,locked_harder_holdout,holdout_bin_6,issue23_locked_leave_one_bin_local_calibration,F4_conservative_max_selected,targeted_fusion_retry,F4_conservative_max_selected,conservative_max,beta_0.75,46,main_42_46,0.01,1.9554021961189494,32,2,9.600003249943256e-05,0.09181189996888861,0,True,False,0.999473126873127,0.995311664895927,0.98203304233455,0.97002997002997,0.97002997002997,0.0056,1001,10000,True
locked,locked_harder_holdout,holdout_bin_6,issue23_locked_leave_one_bin_local_calibration,F0_V1_baseline,baseline,V1_LOW_GUARD_minimal,raw_v1,none,47,heldout_47_51,0.01,-2.3665623121180643,32,100,1.096743099973537,0.032253800018224865,101,True,False,0.9975887112887112,0.9819863143858635,0.9610841419886647,0.993006993006993,0.9790209790209791,0.0019,1001,10000,True
locked,locked_harder_holdout,holdout_bin_6,issue23_locked_leave_one_bin_local_calibration,F1_V2_top64_baseline,baseline,V2_top64_LR,raw_v2,none,47,heldout_47_51,0.01,-4.118561382207412,32,64,0.31037870002910495,0.02355579996947199,65,True,False,0.9826834165834166,0.9750582019196735,0.9841615670761399,0.97002997002997,0.97002997002997,0.0045,1001,10000,True
locked,locked_harder_holdout,holdout_bin_6,issue23_locked_leave_one_bin_local_calibration,F2_linear_alpha_selected,targeted_fusion_retry,F2_linear_alpha_selected,linear_alpha,alpha_0.90,47,heldout_47_51,0.01,1.857977632703146,32,2,6.430002395063639e-05,0.1003158999956213,0,True,False,0.9843198801198801,0.9760598702684089,0.9846836580504922,0.97002997002997,0.97002997002997,0.0035,1001,10000,True
locked,locked_harder_holdout,holdout_bin_6,issue23_locked_leave_one_bin_local_calibration,F3_residual_lr_selected,targeted_fusion_retry,F3_residual_lr_selected,residual_lr,residual_C_1.0,47,heldout_47_51,0.01,-4.645508729211221,32,5,0.0235677000018768,0.09387730003800243,6,True,False,0.9995252747252747,0.9957875868252555,0.9846384771007887,0.991008991008991,0.97002997002997,0.0052,1001,10000,True
locked,locked_harder_holdout,holdout_bin_6,issue23_locked_leave_one_bin_local_calibration,F4_conservative_max_selected,targeted_fusion_retry,F4_conservative_max_selected,conservative_max,beta_0.50,47,heldout_47_51,0.01,1.9554021961189494,32,2,4.75000124424696e-05,0.09588019998045638,0,True,False,0.9981303696303696,0.9884233427738577,0.9839055416944864,0.97002997002997,0.97002997002997,0.0053,1001,10000,True
locked,locked_harder_holdout,holdout_bin_6,issue23_locked_leave_one_bin_local_calibration,F0_V1_baseline,baseline,V1_LOW_GUARD_minimal,raw_v1,none,48,heldout_47_51,0.01,-2.3665623121180643,32,100,1.030724000011105,0.03238749998854473,101,True,False,0.9975887112887112,0.9819863143858635,0.9610841419886647,0.993006993006993,0.9790209790209791,0.0019,1001,10000,True
locked,locked_harder_holdout,holdout_bin_6,issue23_locked_leave_one_bin_local_calibration,F1_V2_top64_baseline,baseline,V2_top64_LR,raw_v2,none,48,heldout_47_51,0.01,-4.118561382207412,32,64,0.341218400048092,0.020619899965822697,65,True,False,0.9826834165834166,0.9750582019196735,0.9841615670761399,0.97002997002997,0.97002997002997,0.0045,1001,10000,True
locked,locked_harder_holdout,holdout_bin_6,issue23_locked_leave_one_bin_local_calibration,F2_linear_alpha_selected,targeted_fusion_retry,F2_linear_alpha_selected,linear_alpha,alpha_0.90,48,heldout_47_51,0.01,1.857977632703146,32,2,6.589997792616487e-05,0.0970757000031881,0,True,False,0.9843198801198801,0.9760598702684089,0.9846836580504922,0.97002997002997,0.97002997002997,0.0035,1001,10000,True
locked,locked_harder_holdout,holdout_bin_6,issue23_locked_leave_one_bin_local_calibration,F3_residual_lr_selected,targeted_fusion_retry,F3_residual_lr_selected,residual_lr,residual_C_0.1,48,heldout_47_51,0.01,-3.1165245557166696,32,5,0.021753899985924363,0.0963196000084281,6,True,False,0.9983175824175825,0.9917836768120801,0.9822890677162035,0.97002997002997,0.97002997002997,0.0066,1001,10000,True
locked,locked_harder_holdout,holdout_bin_6,issue23_locked_leave_one_bin_local_calibration,F4_conservative_max_selected,targeted_fusion_retry,F4_conservative_max_selected,conservative_max,beta_0.50,48,heldout_47_51,0.01,1.9554021961189494,32,2,4.4899992644786835e-05,0.09248490002937615,0,True,False,0.9981303696303696,0.9884233427738577,0.9839055416944864,0.97002997002997,0.97002997002997,0.0053,1001,10000,True
locked,locked_harder_holdout,holdout_bin_6,issue23_locked_leave_one_bin_local_calibration,F0_V1_baseline,baseline,V1_LOW_GUARD_minimal,raw_v1,none,49,heldout_47_51,0.01,-2.3665623121180643,32,100,1.0661681999918073,0.03051790001336485,101,True,False,0.9975887112887112,0.9819863143858635,0.9610841419886647,0.993006993006993,0.9790209790209791,0.0019,1001,10000,True
locked,locked_harder_holdout,holdout_bin_6,issue23_locked_leave_one_bin_local_calibration,F1_V2_top64_baseline,baseline,V2_top64_LR,raw_v2,none,49,heldout_47_51,0.01,-4.118561382207412,32,64,0.31693469994934276,0.017619699996430427,65,True,False,0.9826834165834166,0.9750582019196735,0.9841615670761399,0.97002997002997,0.97002997002997,0.0045,1001,10000,True
locked,locked_harder_holdout,holdout_bin_6,issue23_locked_leave_one_bin_local_calibration,F2_linear_alpha_selected,targeted_fusion_retry,F2_linear_alpha_selected,linear_alpha,alpha_0.90,49,heldout_47_51,0.01,1.857977632703146,32,2,0.00036429997999221087,0.1272752999793738,0,True,False,0.9843198801198801,0.9760598702684089,0.9846836580504922,0.97002997002997,0.97002997002997,0.0035,1001,10000,True
locked,locked_harder_holdout,holdout_bin_6,issue23_locked_leave_one_bin_local_calibration,F3_residual_lr_selected,targeted_fusion_retry,F3_residual_lr_selected,residual_lr,residual_C_1.0,49,heldout_47_51,0.01,-4.645508729211221,32,5,0.0270924000069499,0.11566700000548735,6,True,False,0.9995252747252747,0.9957875868252555,0.9846384771007887,0.991008991008991,0.97002997002997,0.0052,1001,10000,True
locked,locked_harder_holdout,holdout_bin_6,issue23_locked_leave_one_bin_local_calibration,F4_conservative_max_selected,targeted_fusion_retry,F4_conservative_max_selected,conservative_max,beta_0.50,49,heldout_47_51,0.01,1.9554021961189494,32,2,5.370000144466758e-05,0.11237049999181181,0,True,False,0.9981303696303696,0.9884233427738577,0.9839055416944864,0.97002997002997,0.97002997002997,0.0053,1001,10000,True
locked,locked_harder_holdout,holdout_bin_6,issue23_locked_leave_one_bin_local_calibration,F0_V1_baseline,baseline,V1_LOW_GUARD_minimal,raw_v1,none,50,heldout_47_51,0.01,-2.3665623121180643,32,100,1.2424607000430115,0.03827869996894151,101,True,False,0.9975887112887112,0.9819863143858635,0.9610841419886647,0.993006993006993,0.9790209790209791,0.0019,1001,10000,True
locked,locked_harder_holdout,holdout_bin_6,issue23_locked_leave_one_bin_local_calibration,F1_V2_top64_baseline,baseline,V2_top64_LR,raw_v2,none,50,heldout_47_51,0.01,-4.118561382207412,32,64,0.4932418999960646,0.02545369998551905,65,True,False,0.9826834165834166,0.9750582019196735,0.9841615670761399,0.97002997002997,0.97002997002997,0.0045,1001,10000,True
locked,locked_harder_holdout,holdout_bin_6,issue23_locked_leave_one_bin_local_calibration,F2_linear_alpha_selected,targeted_fusion_retry,F2_linear_alpha_selected,linear_alpha,alpha_0.90,50,heldout_47_51,0.01,1.857977632703146,32,2,8.949998300522566e-05,0.11367420002352446,0,True,False,0.9843198801198801,0.9760598702684089,0.9846836580504922,0.97002997002997,0.97002997002997,0.0035,1001,10000,True
locked,locked_harder_holdout,holdout_bin_6,issue23_locked_leave_one_bin_local_calibration,F3_residual_lr_selected,targeted_fusion_retry,F3_residual_lr_selected,residual_lr,residual_C_1.0,50,heldout_47_51,0.01,-4.645508729211221,32,5,0.024666899989824742,0.11811239999951795,6,True,False,0.9995252747252747,0.9957875868252555,0.9846384771007887,0.991008991008991,0.97002997002997,0.0052,1001,10000,True
locked,locked_harder_holdout,holdout_bin_6,issue23_locked_leave_one_bin_local_calibration,F4_conservative_max_selected,targeted_fusion_retry,F4_conservative_max_selected,conservative_max,beta_1.00,50,heldout_47_51,0.01,1.9554021961189494,32,2,5.360000068321824e-05,0.10455359995830804,0,True,False,0.9996117882117882,0.9953693082695814,0.980702714371056,0.991008991008991,0.97002997002997,0.0057,1001,10000,True
locked,locked_harder_holdout,holdout_bin_6,issue23_locked_leave_one_bin_local_calibration,F0_V1_baseline,baseline,V1_LOW_GUARD_minimal,raw_v1,none,51,heldout_47_51,0.01,-2.3665623121180643,32,100,1.1476855000364594,0.031100999971386045,101,True,False,0.9975887112887112,0.9819863143858635,0.9610841419886647,0.993006993006993,0.9790209790209791,0.0019,1001,10000,True
locked,locked_harder_holdout,holdout_bin_6,issue23_locked_leave_one_bin_local_calibration,F1_V2_top64_baseline,baseline,V2_top64_LR,raw_v2,none,51,heldout_47_51,0.01,-4.118561382207412,32,64,0.35553970001637936,0.025670899951364845,65,True,False,0.9826834165834166,0.9750582019196735,0.9841615670761399,0.97002997002997,0.97002997002997,0.0045,1001,10000,True
locked,locked_harder_holdout,holdout_bin_6,issue23_locked_leave_one_bin_local_calibration,F2_linear_alpha_selected,targeted_fusion_retry,F2_linear_alpha_selected,linear_alpha,alpha_0.90,51,heldout_47_51,0.01,1.857977632703146,32,2,9.739998495206237e-05,0.12526090000756085,0,True,False,0.9843198801198801,0.9760598702684089,0.9846836580504922,0.97002997002997,0.97002997002997,0.0035,1001,10000,True
locked,locked_harder_holdout,holdout_bin_6,issue23_locked_leave_one_bin_local_calibration,F3_residual_lr_selected,targeted_fusion_retry,F3_residual_lr_selected,residual_lr,residual_C_1.0,51,heldout_47_51,0.01,-4.645508729211221,32,5,0.02846160001354292,0.12835830001858994,6,True,False,0.9995252747252747,0.9957875868252555,0.9846384771007887,0.991008991008991,0.97002997002997,0.0052,1001,10000,True
locked,locked_harder_holdout,holdout_bin_6,issue23_locked_leave_one_bin_local_calibration,F4_conservative_max_selected,targeted_fusion_retry,F4_conservative_max_selected,conservative_max,beta_0.75,51,heldout_47_51,0.01,1.9554021961189494,32,2,6.250001024454832e-05,0.12805960001423955,0,True,False,0.999473126873127,0.995311664895927,0.98203304233455,0.97002997002997,0.97002997002997,0.0056,1001,10000,True
locked,locked_harder_holdout,holdout_bin_7,issue23_locked_leave_one_bin_local_calibration,F0_V1_baseline,baseline,V1_LOW_GUARD_minimal,raw_v1,none,42,main_42_46,0.01,-2.3126683191097466,32,100,1.0272747999988496,0.04265100002521649,101,True,False,0.9995863277826468,0.9929562665632116,0.9792124513892864,1.0,0.9973707274320771,0.002,1141,10000,True
locked,locked_harder_holdout,holdout_bin_7,issue23_locked_leave_one_bin_local_calibration,F1_V2_top64_baseline,baseline,V2_top64_LR,raw_v2,none,42,main_42_46,0.01,-4.067457114802276,32,64,0.6146907999645919,0.028498400002717972,65,True,False,0.9819418054338301,0.9804776193977849,0.9873292844591053,0.9780893952673094,0.9780893952673094,0.0041,1141,10000,True
locked,locked_harder_holdout,holdout_bin_7,issue23_locked_leave_one_bin_local_calibration,F2_linear_alpha_selected,targeted_fusion_retry,F2_linear_alpha_selected,linear_alpha,alpha_0.60,42,main_42_46,0.01,1.5558234228594692,32,2,7.259997073560953e-05,0.11558709997916594,0,True,False,0.9885139351446101,0.9828324291253079,0.9889896458629694,0.9780893952673094,0.9780893952673094,0.0013,1141,10000,True
locked,locked_harder_holdout,holdout_bin_7,issue23_locked_leave_one_bin_local_calibration,F3_residual_lr_selected,targeted_fusion_retry,F3_residual_lr_selected,residual_lr,residual_C_1.0,42,main_42_46,0.01,-4.529482117882033,32,5,0.022781999956350774,0.1279777000308968,6,True,False,0.9995313759859772,0.9957662215742781,0.9845722917831929,0.992988606485539,0.9780893952673094,0.0046,1141,10000,True
locked,locked_harder_holdout,holdout_bin_7,issue23_locked_leave_one_bin_local_calibration,F4_conservative_max_selected,targeted_fusion_retry,F4_conservative_max_selected,conservative_max,beta_1.00,42,main_42_46,0.01,1.9171105936682888,32,2,7.6299998909235e-05,0.12475690001156181,0,True,False,0.9996444347063979,0.9947834644928942,0.9821808428646299,0.992988606485539,0.9780893952673094,0.005,1141,10000,True
locked,locked_harder_holdout,holdout_bin_7,issue23_locked_leave_one_bin_local_calibration,F0_V1_baseline,baseline,V1_LOW_GUARD_minimal,raw_v1,none,43,main_42_46,0.01,-2.3126683191097466,32,100,0.9926957000279799,0.030270199989899993,101,True,False,0.9995863277826468,0.9929562665632116,0.9792124513892864,1.0,0.9973707274320771,0.002,1141,10000,True
locked,locked_harder_holdout,holdout_bin_7,issue23_locked_leave_one_bin_local_calibration,F1_V2_top64_baseline,baseline,V2_top64_LR,raw_v2,none,43,main_42_46,0.01,-4.067457114802276,32,64,0.397219100035727,0.02214379998622462,65,True,False,0.9819418054338301,0.9804776193977849,0.9873292844591053,0.9780893952673094,0.9780893952673094,0.0041,1141,10000,True
locked,locked_harder_holdout,holdout_bin_7,issue23_locked_leave_one_bin_local_calibration,F2_linear_alpha_selected,targeted_fusion_retry,F2_linear_alpha_selected,linear_alpha,alpha_0.90,43,main_42_46,0.01,1.7748515236834166,32,2,8.739996701478958e-05,0.1324781000148505,0,True,False,0.9830940403155127,0.9809445435972591,0.9885976772556913,0.9780893952673094,0.9780893952673094,0.003,1141,10000,True
locked,locked_harder_holdout,holdout_bin_7,issue23_locked_leave_one_bin_local_calibration,F3_residual_lr_selected,targeted_fusion_retry,F3_residual_lr_selected,residual_lr,residual_C_1.0,43,main_42_46,0.01,-4.529482117882033,32,5,0.02784070000052452,0.15408700000261888,6,True,False,0.9995313759859772,0.9957662215742781,0.9845722917831929,0.992988606485539,0.9780893952673094,0.0046,1141,10000,True
locked,locked_harder_holdout,holdout_bin_7,issue23_locked_leave_one_bin_local_calibration,F4_conservative_max_selected,targeted_fusion_retry,F4_conservative_max_selected,conservative_max,beta_1.00,43,main_42_46,0.01,1.9171105936682888,32,2,5.540001438930631e-05,0.12131129996851087,0,True,False,0.9996444347063979,0.9947834644928942,0.9821808428646299,0.992988606485539,0.9780893952673094,0.005,1141,10000,True
locked,locked_harder_holdout,holdout_bin_7,issue23_locked_leave_one_bin_local_calibration,F0_V1_baseline,baseline,V1_LOW_GUARD_minimal,raw_v1,none,44,main_42_46,0.01,-2.3126683191097466,32,100,1.018605799996294,0.03658559999894351,101,True,False,0.9995863277826468,0.9929562665632116,0.9792124513892864,1.0,0.9973707274320771,0.002,1141,10000,True
locked,locked_harder_holdout,holdout_bin_7,issue23_locked_leave_one_bin_local_calibration,F1_V2_top64_baseline,baseline,V2_top64_LR,raw_v2,none,44,main_42_46,0.01,-4.067457114802276,32,64,0.3943520999746397,0.02231160004157573,65,True,False,0.9819418054338301,0.9804776193977849,0.9873292844591053,0.9780893952673094,0.9780893952673094,0.0041,1141,10000,True
locked,locked_harder_holdout,holdout_bin_7,issue23_locked_leave_one_bin_local_calibration,F2_linear_alpha_selected,targeted_fusion_retry,F2_linear_alpha_selected,linear_alpha,alpha_0.90,44,main_42_46,0.01,1.7748515236834166,32,2,6.819999543949962e-05,0.11111439997330308,0,True,False,0.9830940403155127,0.9809445435972591,0.9885976772556913,0.9780893952673094,0.9780893952673094,0.003,1141,10000,True
locked,locked_harder_holdout,holdout_bin_7,issue23_locked_leave_one_bin_local_calibration,F3_residual_lr_selected,targeted_fusion_retry,F3_residual_lr_selected,residual_lr,residual_C_1.0,44,main_42_46,0.01,-4.529482117882033,32,5,0.023286700015887618,0.11071769997943193,6,True,False,0.9995313759859772,0.9957662215742781,0.9845722917831929,0.992988606485539,0.9780893952673094,0.0046,1141,10000,True
locked,locked_harder_holdout,holdout_bin_7,issue23_locked_leave_one_bin_local_calibration,F4_conservative_max_selected,targeted_fusion_retry,F4_conservative_max_selected,conservative_max,beta_0.75,44,main_42_46,0.01,1.9080739596480367,32,2,5.080003757029772e-05,0.10957659996347502,0,True,False,0.999512708150745,0.9956971427523895,0.982929546945948,0.9780893952673094,0.9780893952673094,0.0051,1141,10000,True
locked,locked_harder_holdout,holdout_bin_7,issue23_locked_leave_one_bin_local_calibration,F0_V1_baseline,baseline,V1_LOW_GUARD_minimal,raw_v1,none,45,main_42_46,0.01,-2.3126683191097466,32,100,0.9960911000380293,0.035806900006718934,101,True,False,0.9995863277826468,0.9929562665632116,0.9792124513892864,1.0,0.9973707274320771,0.002,1141,10000,True
locked,locked_harder_holdout,holdout_bin_7,issue23_locked_leave_one_bin_local_calibration,F1_V2_top64_baseline,baseline,V2_top64_LR,raw_v2,none,45,main_42_46,0.01,-4.067457114802276,32,64,0.4119234000099823,0.022366799996234477,65,True,False,0.9819418054338301,0.9804776193977849,0.9873292844591053,0.9780893952673094,0.9780893952673094,0.0041,1141,10000,True
locked,locked_harder_holdout,holdout_bin_7,issue23_locked_leave_one_bin_local_calibration,F2_linear_alpha_selected,targeted_fusion_retry,F2_linear_alpha_selected,linear_alpha,alpha_0.90,45,main_42_46,0.01,1.7748515236834166,32,2,6.930000381544232e-05,0.10301760002039373,0,True,False,0.9830940403155127,0.9809445435972591,0.9885976772556913,0.9780893952673094,0.9780893952673094,0.003,1141,10000,True
locked,locked_harder_holdout,holdout_bin_7,issue23_locked_leave_one_bin_local_calibration,F3_residual_lr_selected,targeted_fusion_retry,F3_residual_lr_selected,residual_lr,residual_C_1.0,45,main_42_46,0.01,-4.529482117882033,32,5,0.023306299990508705,0.1096298000193201,6,True,False,0.9995313759859772,0.9957662215742781,0.9845722917831929,0.992988606485539,0.9780893952673094,0.0046,1141,10000,True
locked,locked_harder_holdout,holdout_bin_7,issue23_locked_leave_one_bin_local_calibration,F4_conservative_max_selected,targeted_fusion_retry,F4_conservative_max_selected,conservative_max,beta_0.50,45,main_42_46,0.01,1.8909268371644286,32,2,6.3000014051795e-05,0.1104347999789752,0,True,False,0.9985521472392639,0.9917642301869151,0.9869461241351367,0.9780893952673094,0.9780893952673094,0.0049,1141,10000,True
locked,locked_harder_holdout,holdout_bin_7,issue23_locked_leave_one_bin_local_calibration,F0_V1_baseline,baseline,V1_LOW_GUARD_minimal,raw_v1,none,46,main_42_46,0.01,-2.3126683191097466,32,100,1.0056914999731816,0.03571409999858588,101,True,False,0.9995863277826468,0.9929562665632116,0.9792124513892864,1.0,0.9973707274320771,0.002,1141,10000,True
locked,locked_harder_holdout,holdout_bin_7,issue23_locked_leave_one_bin_local_calibration,F1_V2_top64_baseline,baseline,V2_top64_LR,raw_v2,none,46,main_42_46,0.01,-4.067457114802276,32,64,0.4197866999893449,0.024186499998904765,65,True,False,0.9819418054338301,0.9804776193977849,0.9873292844591053,0.9780893952673094,0.9780893952673094,0.0041,1141,10000,True
locked,locked_harder_holdout,holdout_bin_7,issue23_locked_leave_one_bin_local_calibration,F2_linear_alpha_selected,targeted_fusion_retry,F2_linear_alpha_selected,linear_alpha,alpha_0.90,46,main_42_46,0.01,1.7748515236834166,32,2,0.00012009998317807913,0.111839700024575,0,True,False,0.9830940403155127,0.9809445435972591,0.9885976772556913,0.9780893952673094,0.9780893952673094,0.003,1141,10000,True
locked,locked_harder_holdout,holdout_bin_7,issue23_locked_leave_one_bin_local_calibration,F3_residual_lr_selected,targeted_fusion_retry,F3_residual_lr_selected,residual_lr,residual_C_1.0,46,main_42_46,0.01,-4.529482117882033,32,5,0.02311880001798272,0.11073229997418821,6,True,False,0.9995313759859772,0.9957662215742781,0.9845722917831929,0.992988606485539,0.9780893952673094,0.0046,1141,10000,True
locked,locked_harder_holdout,holdout_bin_7,issue23_locked_leave_one_bin_local_calibration,F4_conservative_max_selected,targeted_fusion_retry,F4_conservative_max_selected,conservative_max,beta_0.50,46,main_42_46,0.01,1.8909268371644286,32,2,6.520003080368042e-05,0.10798709996743128,0,True,False,0.9985521472392639,0.9917642301869151,0.9869461241351367,0.9780893952673094,0.9780893952673094,0.0049,1141,10000,True
locked,locked_harder_holdout,holdout_bin_7,issue23_locked_leave_one_bin_local_calibration,F0_V1_baseline,baseline,V1_LOW_GUARD_minimal,raw_v1,none,47,heldout_47_51,0.01,-2.3126683191097466,32,100,1.032662799989339,0.03556160000152886,101,True,False,0.9995863277826468,0.9929562665632116,0.9792124513892864,1.0,0.9973707274320771,0.002,1141,10000,True
locked,locked_harder_holdout,holdout_bin_7,issue23_locked_leave_one_bin_local_calibration,F1_V2_top64_baseline,baseline,V2_top64_LR,raw_v2,none,47,heldout_47_51,0.01,-4.067457114802276,32,64,0.3866692000301555,0.021759199968073517,65,True,False,0.9819418054338301,0.9804776193977849,0.9873292844591053,0.9780893952673094,0.9780893952673094,0.0041,1141,10000,True
locked,locked_harder_holdout,holdout_bin_7,issue23_locked_leave_one_bin_local_calibration,F2_linear_alpha_selected,targeted_fusion_retry,F2_linear_alpha_selected,linear_alpha,alpha_0.90,47,heldout_47_51,0.01,1.7748515236834166,32,2,6.140000186860561e-05,0.10448099998757243,0,True,False,0.9830940403155127,0.9809445435972591,0.9885976772556913,0.9780893952673094,0.9780893952673094,0.003,1141,10000,True
locked,locked_harder_holdout,holdout_bin_7,issue23_locked_leave_one_bin_local_calibration,F3_residual_lr_selected,targeted_fusion_retry,F3_residual_lr_selected,residual_lr,residual_C_1.0,47,heldout_47_51,0.01,-4.529482117882033,32,5,0.02226240001618862,0.10426319995895028,6,True,False,0.9995313759859772,0.9957662215742781,0.9845722917831929,0.992988606485539,0.9780893952673094,0.0046,1141,10000,True
locked,locked_harder_holdout,holdout_bin_7,issue23_locked_leave_one_bin_local_calibration,F4_conservative_max_selected,targeted_fusion_retry,F4_conservative_max_selected,conservative_max,beta_0.50,47,heldout_47_51,0.01,1.8909268371644286,32,2,5.479995161294937e-05,0.11108610004885122,0,True,False,0.9985521472392639,0.9917642301869151,0.9869461241351367,0.9780893952673094,0.9780893952673094,0.0049,1141,10000,True
locked,locked_harder_holdout,holdout_bin_7,issue23_locked_leave_one_bin_local_calibration,F0_V1_baseline,baseline,V1_LOW_GUARD_minimal,raw_v1,none,48,heldout_47_51,0.01,-2.3126683191097466,32,100,0.9880511999945156,0.034119199961423874,101,True,False,0.9995863277826468,0.9929562665632116,0.9792124513892864,1.0,0.9973707274320771,0.002,1141,10000,True
locked,locked_harder_holdout,holdout_bin_7,issue23_locked_leave_one_bin_local_calibration,F1_V2_top64_baseline,baseline,V2_top64_LR,raw_v2,none,48,heldout_47_51,0.01,-4.067457114802276,32,64,0.45470950001617894,0.030323199986014515,65,True,False,0.9819418054338301,0.9804776193977849,0.9873292844591053,0.9780893952673094,0.9780893952673094,0.0041,1141,10000,True
locked,locked_harder_holdout,holdout_bin_7,issue23_locked_leave_one_bin_local_calibration,F2_linear_alpha_selected,targeted_fusion_retry,F2_linear_alpha_selected,linear_alpha,alpha_0.90,48,heldout_47_51,0.01,1.7748515236834166,32,2,7.509998977184296e-05,0.11108010000316426,0,True,False,0.9830940403155127,0.9809445435972591,0.9885976772556913,0.9780893952673094,0.9780893952673094,0.003,1141,10000,True
locked,locked_harder_holdout,holdout_bin_7,issue23_locked_leave_one_bin_local_calibration,F3_residual_lr_selected,targeted_fusion_retry,F3_residual_lr_selected,residual_lr,residual_C_1.0,48,heldout_47_51,0.01,-4.529482117882033,32,5,0.023103000014089048,0.12037079996662214,6,True,False,0.9995313759859772,0.9957662215742781,0.9845722917831929,0.992988606485539,0.9780893952673094,0.0046,1141,10000,True
locked,locked_harder_holdout,holdout_bin_7,issue23_locked_leave_one_bin_local_calibration,F4_conservative_max_selected,targeted_fusion_retry,F4_conservative_max_selected,conservative_max,beta_0.50,48,heldout_47_51,0.01,1.8909268371644286,32,2,5.570001667365432e-05,0.12223079998511821,0,True,False,0.9985521472392639,0.9917642301869151,0.9869461241351367,0.9780893952673094,0.9780893952673094,0.0049,1141,10000,True
locked,locked_harder_holdout,holdout_bin_7,issue23_locked_leave_one_bin_local_calibration,F0_V1_baseline,baseline,V1_LOW_GUARD_minimal,raw_v1,none,49,heldout_47_51,0.01,-2.3126683191097466,32,100,1.1448312000138685,0.040695799980312586,101,True,False,0.9995863277826468,0.9929562665632116,0.9792124513892864,1.0,0.9973707274320771,0.002,1141,10000,True
locked,locked_harder_holdout,holdout_bin_7,issue23_locked_leave_one_bin_local_calibration,F1_V2_top64_baseline,baseline,V2_top64_LR,raw_v2,none,49,heldout_47_51,0.01,-4.067457114802276,32,64,0.4491538999718614,0.02475149999372661,65,True,False,0.9819418054338301,0.9804776193977849,0.9873292844591053,0.9780893952673094,0.9780893952673094,0.0041,1141,10000,True
locked,locked_harder_holdout,holdout_bin_7,issue23_locked_leave_one_bin_local_calibration,F2_linear_alpha_selected,targeted_fusion_retry,F2_linear_alpha_selected,linear_alpha,alpha_0.90,49,heldout_47_51,0.01,1.7748515236834166,32,2,6.54000323265791e-05,0.11497789999702945,0,True,False,0.9830940403155127,0.9809445435972591,0.9885976772556913,0.9780893952673094,0.9780893952673094,0.003,1141,10000,True
locked,locked_harder_holdout,holdout_bin_7,issue23_locked_leave_one_bin_local_calibration,F3_residual_lr_selected,targeted_fusion_retry,F3_residual_lr_selected,residual_lr,residual_C_1.0,49,heldout_47_51,0.01,-4.529482117882033,32,5,0.02340929995989427,0.10988490004092455,6,True,False,0.9995313759859772,0.9957662215742781,0.9845722917831929,0.992988606485539,0.9780893952673094,0.0046,1141,10000,True
locked,locked_harder_holdout,holdout_bin_7,issue23_locked_leave_one_bin_local_calibration,F4_conservative_max_selected,targeted_fusion_retry,F4_conservative_max_selected,conservative_max,beta_0.50,49,heldout_47_51,0.01,1.8909268371644286,32,2,5.329999839887023e-05,0.11769049998838454,0,True,False,0.9985521472392639,0.9917642301869151,0.9869461241351367,0.9780893952673094,0.9780893952673094,0.0049,1141,10000,True
locked,locked_harder_holdout,holdout_bin_7,issue23_locked_leave_one_bin_local_calibration,F0_V1_baseline,baseline,V1_LOW_GUARD_minimal,raw_v1,none,50,heldout_47_51,0.01,-2.3126683191097466,32,100,1.247138199978508,0.0395962999900803,101,True,False,0.9995863277826468,0.9929562665632116,0.9792124513892864,1.0,0.9973707274320771,0.002,1141,10000,True
locked,locked_harder_holdout,holdout_bin_7,issue23_locked_leave_one_bin_local_calibration,F1_V2_top64_baseline,baseline,V2_top64_LR,raw_v2,none,50,heldout_47_51,0.01,-4.067457114802276,32,64,0.4210945999948308,0.02314699999988079,65,True,False,0.9819418054338301,0.9804776193977849,0.9873292844591053,0.9780893952673094,0.9780893952673094,0.0041,1141,10000,True
locked,locked_harder_holdout,holdout_bin_7,issue23_locked_leave_one_bin_local_calibration,F2_linear_alpha_selected,targeted_fusion_retry,F2_linear_alpha_selected,linear_alpha,alpha_0.90,50,heldout_47_51,0.01,1.7748515236834166,32,2,0.00011229998199269176,0.11639739997917786,0,True,False,0.9830940403155127,0.9809445435972591,0.9885976772556913,0.9780893952673094,0.9780893952673094,0.003,1141,10000,True
locked,locked_harder_holdout,holdout_bin_7,issue23_locked_leave_one_bin_local_calibration,F3_residual_lr_selected,targeted_fusion_retry,F3_residual_lr_selected,residual_lr,residual_C_1.0,50,heldout_47_51,0.01,-4.529482117882033,32,5,0.0259325000224635,0.11372730002040043,6,True,False,0.9995313759859772,0.9957662215742781,0.9845722917831929,0.992988606485539,0.9780893952673094,0.0046,1141,10000,True
locked,locked_harder_holdout,holdout_bin_7,issue23_locked_leave_one_bin_local_calibration,F4_conservative_max_selected,targeted_fusion_retry,F4_conservative_max_selected,conservative_max,beta_0.50,50,heldout_47_51,0.01,1.8909268371644286,32,2,5.709996912628412e-05,0.11537150002550334,0,True,False,0.9985521472392639,0.9917642301869151,0.9869461241351367,0.9780893952673094,0.9780893952673094,0.0049,1141,10000,True
locked,locked_harder_holdout,holdout_bin_7,issue23_locked_leave_one_bin_local_calibration,F0_V1_baseline,baseline,V1_LOW_GUARD_minimal,raw_v1,none,51,heldout_47_51,0.01,-2.3126683191097466,32,100,0.986998499953188,0.035541300021577626,101,True,False,0.9995863277826468,0.9929562665632116,0.9792124513892864,1.0,0.9973707274320771,0.002,1141,10000,True
locked,locked_harder_holdout,holdout_bin_7,issue23_locked_leave_one_bin_local_calibration,F1_V2_top64_baseline,baseline,V2_top64_LR,raw_v2,none,51,heldout_47_51,0.01,-4.067457114802276,32,64,0.3802835999522358,0.02241110004251823,65,True,False,0.9819418054338301,0.9804776193977849,0.9873292844591053,0.9780893952673094,0.9780893952673094,0.0041,1141,10000,True
locked,locked_harder_holdout,holdout_bin_7,issue23_locked_leave_one_bin_local_calibration,F2_linear_alpha_selected,targeted_fusion_retry,F2_linear_alpha_selected,linear_alpha,alpha_0.90,51,heldout_47_51,0.01,1.7748515236834166,32,2,7.309997454285622e-05,0.10779139999067411,0,True,False,0.9830940403155127,0.9809445435972591,0.9885976772556913,0.9780893952673094,0.9780893952673094,0.003,1141,10000,True
locked,locked_harder_holdout,holdout_bin_7,issue23_locked_leave_one_bin_local_calibration,F3_residual_lr_selected,targeted_fusion_retry,F3_residual_lr_selected,residual_lr,residual_C_1.0,51,heldout_47_51,0.01,-4.529482117882033,32,5,0.023240800015628338,0.10351769998669624,6,True,False,0.9995313759859772,0.9957662215742781,0.9845722917831929,0.992988606485539,0.9780893952673094,0.0046,1141,10000,True
locked,locked_harder_holdout,holdout_bin_7,issue23_locked_leave_one_bin_local_calibration,F4_conservative_max_selected,targeted_fusion_retry,F4_conservative_max_selected,conservative_max,beta_1.00,51,heldout_47_51,0.01,1.9171105936682888,32,2,5.0799979362636805e-05,0.10753450001357123,0,True,False,0.9996444347063979,0.9947834644928942,0.9821808428646299,0.992988606485539,0.9780893952673094,0.005,1141,10000,True
locked,locked_harder_holdout,holdout_bin_8,issue23_locked_leave_one_bin_local_calibration,F0_V1_baseline,baseline,V1_LOW_GUARD_minimal,raw_v1,none,42,main_42_46,0.01,-3.022682424935188,32,100,0.9281014000298455,0.0375110000022687,101,True,False,0.9788201877934272,0.8354472517504576,0.8670700922452639,0.8661971830985915,0.8356807511737089,0.0053,426,10000,True
locked,locked_harder_holdout,holdout_bin_8,issue23_locked_leave_one_bin_local_calibration,F1_V2_top64_baseline,baseline,V2_top64_LR,raw_v2,none,42,main_42_46,0.01,-4.423520833673828,32,64,0.3757861000485718,0.020774599979631603,65,True,False,0.964706103286385,0.910811477970229,0.9369853964658975,0.8896713615023474,0.8826291079812206,0.0042,426,10000,True
locked,locked_harder_holdout,holdout_bin_8,issue23_locked_leave_one_bin_local_calibration,F2_linear_alpha_selected,targeted_fusion_retry,F2_linear_alpha_selected,linear_alpha,alpha_0.90,42,main_42_46,0.01,1.8486084568199785,32,2,6.229995051398873e-05,0.1017427000333555,0,True,False,0.9678335680751174,0.9167634500275063,0.9422110552763819,0.8943661971830986,0.8873239436619719,0.0026,426,10000,True
locked,locked_harder_holdout,holdout_bin_8,issue23_locked_leave_one_bin_local_calibration,F3_residual_lr_selected,targeted_fusion_retry,F3_residual_lr_selected,residual_lr,residual_C_1.0,42,main_42_46,0.01,-4.829325964680313,32,5,0.02340050000930205,0.11009829997783527,6,True,False,0.9833612676056337,0.9004190928252103,0.9240333121004081,0.892018779342723,0.8873239436619719,0.0046,426,10000,True
locked,locked_harder_holdout,holdout_bin_8,issue23_locked_leave_one_bin_local_calibration,F4_conservative_max_selected,targeted_fusion_retry,F4_conservative_max_selected,conservative_max,beta_0.75,42,main_42_46,0.01,1.9968790048962743,32,2,5.719996988773346e-05,0.10737580002751201,0,True,False,0.9828882629107981,0.8925741434873538,0.9203647344704744,0.8896713615023474,0.8873239436619719,0.0059,426,10000,True
locked,locked_harder_holdout,holdout_bin_8,issue23_locked_leave_one_bin_local_calibration,F0_V1_baseline,baseline,V1_LOW_GUARD_minimal,raw_v1,none,43,main_42_46,0.01,-3.022682424935188,32,100,0.9236663000192493,0.032702800002880394,101,True,False,0.9788201877934272,0.8354472517504576,0.8670700922452639,0.8661971830985915,0.8356807511737089,0.0053,426,10000,True
locked,locked_harder_holdout,holdout_bin_8,issue23_locked_leave_one_bin_local_calibration,F1_V2_top64_baseline,baseline,V2_top64_LR,raw_v2,none,43,main_42_46,0.01,-4.423520833673828,32,64,0.35213610000209883,0.022180000029038638,65,True,False,0.964706103286385,0.910811477970229,0.9369853964658975,0.8896713615023474,0.8826291079812206,0.0042,426,10000,True
locked,locked_harder_holdout,holdout_bin_8,issue23_locked_leave_one_bin_local_calibration,F2_linear_alpha_selected,targeted_fusion_retry,F2_linear_alpha_selected,linear_alpha,alpha_0.90,43,main_42_46,0.01,1.8486084568199785,32,2,6.500002928078175e-05,0.10424529999727383,0,True,False,0.9678335680751174,0.9167634500275063,0.9422110552763819,0.8943661971830986,0.8873239436619719,0.0026,426,10000,True
locked,locked_harder_holdout,holdout_bin_8,issue23_locked_leave_one_bin_local_calibration,F3_residual_lr_selected,targeted_fusion_retry,F3_residual_lr_selected,residual_lr,residual_C_1.0,43,main_42_46,0.01,-4.829325964680313,32,5,0.024321299977600574,0.10989880003035069,6,True,False,0.9833612676056337,0.9004190928252103,0.9240333121004081,0.892018779342723,0.8873239436619719,0.0046,426,10000,True
locked,locked_harder_holdout,holdout_bin_8,issue23_locked_leave_one_bin_local_calibration,F4_conservative_max_selected,targeted_fusion_retry,F4_conservative_max_selected,conservative_max,beta_0.50,43,main_42_46,0.01,1.9873689986930274,32,2,5.129998316988349e-05,0.10725689999526367,0,True,False,0.9802798122065727,0.9129427325603205,0.9302734328921604,0.8896713615023474,0.8873239436619719,0.0055,426,10000,True
locked,locked_harder_holdout,holdout_bin_8,issue23_locked_leave_one_bin_local_calibration,F0_V1_baseline,baseline,V1_LOW_GUARD_minimal,raw_v1,none,44,main_42_46,0.01,-3.022682424935188,32,100,0.9493186000036076,0.04023729998152703,101,True,False,0.9788201877934272,0.8354472517504576,0.8670700922452639,0.8661971830985915,0.8356807511737089,0.0053,426,10000,True
locked,locked_harder_holdout,holdout_bin_8,issue23_locked_leave_one_bin_local_calibration,F1_V2_top64_baseline,baseline,V2_top64_LR,raw_v2,none,44,main_42_46,0.01,-4.423520833673828,32,64,0.3792971999500878,0.020726600021589547,65,True,False,0.964706103286385,0.910811477970229,0.9369853964658975,0.8896713615023474,0.8826291079812206,0.0042,426,10000,True
locked,locked_harder_holdout,holdout_bin_8,issue23_locked_leave_one_bin_local_calibration,F2_linear_alpha_selected,targeted_fusion_retry,F2_linear_alpha_selected,linear_alpha,alpha_0.90,44,main_42_46,0.01,1.8486084568199785,32,2,6.970000686123967e-05,0.11385229998268187,0,True,False,0.9678335680751174,0.9167634500275063,0.9422110552763819,0.8943661971830986,0.8873239436619719,0.0026,426,10000,True
locked,locked_harder_holdout,holdout_bin_8,issue23_locked_leave_one_bin_local_calibration,F3_residual_lr_selected,targeted_fusion_retry,F3_residual_lr_selected,residual_lr,residual_C_1.0,44,main_42_46,0.01,-4.829325964680313,32,5,0.022396199987269938,0.11023660004138947,6,True,False,0.9833612676056337,0.9004190928252103,0.9240333121004081,0.892018779342723,0.8873239436619719,0.0046,426,10000,True
locked,locked_harder_holdout,holdout_bin_8,issue23_locked_leave_one_bin_local_calibration,F4_conservative_max_selected,targeted_fusion_retry,F4_conservative_max_selected,conservative_max,beta_0.50,44,main_42_46,0.01,1.9873689986930274,32,2,5.059997783973813e-05,0.10925999999744818,0,True,False,0.9802798122065727,0.9129427325603205,0.9302734328921604,0.8896713615023474,0.8873239436619719,0.0055,426,10000,True
locked,locked_harder_holdout,holdout_bin_8,issue23_locked_leave_one_bin_local_calibration,F0_V1_baseline,baseline,V1_LOW_GUARD_minimal,raw_v1,none,45,main_42_46,0.01,-3.022682424935188,32,100,0.9293860999750905,0.03875619999598712,101,True,False,0.9788201877934272,0.8354472517504576,0.8670700922452639,0.8661971830985915,0.8356807511737089,0.0053,426,10000,True
locked,locked_harder_holdout,holdout_bin_8,issue23_locked_leave_one_bin_local_calibration,F1_V2_top64_baseline,baseline,V2_top64_LR,raw_v2,none,45,main_42_46,0.01,-4.423520833673828,32,64,0.3766483000363223,0.023495499975979328,65,True,False,0.964706103286385,0.910811477970229,0.9369853964658975,0.8896713615023474,0.8826291079812206,0.0042,426,10000,True
locked,locked_harder_holdout,holdout_bin_8,issue23_locked_leave_one_bin_local_calibration,F2_linear_alpha_selected,targeted_fusion_retry,F2_linear_alpha_selected,linear_alpha,alpha_0.50,45,main_42_46,0.01,1.5387372408005118,32,2,6.600003689527512e-05,0.10872429999290034,0,True,False,0.9791298122065728,0.9355457285302535,0.9446292495340554,0.9014084507042254,0.8896713615023474,0.0022,426,10000,True
locked,locked_harder_holdout,holdout_bin_8,issue23_locked_leave_one_bin_local_calibration,F3_residual_lr_selected,targeted_fusion_retry,F3_residual_lr_selected,residual_lr,residual_C_0.1,45,main_42_46,0.01,-3.2578317061333992,32,5,0.022909499995876104,0.105373700032942,6,True,False,0.9808298122065727,0.9052676022993826,0.9245523391605917,0.892018779342723,0.8873239436619719,0.0048,426,10000,True
locked,locked_harder_holdout,holdout_bin_8,issue23_locked_leave_one_bin_local_calibration,F4_conservative_max_selected,targeted_fusion_retry,F4_conservative_max_selected,conservative_max,beta_1.00,45,main_42_46,0.01,1.9972970485483272,32,2,5.7299970649182796e-05,0.11051590001443401,0,True,False,0.9843361502347417,0.8910137478643338,0.9123434071767288,0.8896713615023474,0.8873239436619719,0.0065,426,10000,True
locked,locked_harder_holdout,holdout_bin_8,issue23_locked_leave_one_bin_local_calibration,F0_V1_baseline,baseline,V1_LOW_GUARD_minimal,raw_v1,none,46,main_42_46,0.01,-3.022682424935188,32,100,0.954599299991969,0.03540170000633225,101,True,False,0.9788201877934272,0.8354472517504576,0.8670700922452639,0.8661971830985915,0.8356807511737089,0.0053,426,10000,True
locked,locked_harder_holdout,holdout_bin_8,issue23_locked_leave_one_bin_local_calibration,F1_V2_top64_baseline,baseline,V2_top64_LR,raw_v2,none,46,main_42_46,0.01,-4.423520833673828,32,64,0.3613681000424549,0.021780499955639243,65,True,False,0.964706103286385,0.910811477970229,0.9369853964658975,0.8896713615023474,0.8826291079812206,0.0042,426,10000,True
locked,locked_harder_holdout,holdout_bin_8,issue23_locked_leave_one_bin_local_calibration,F2_linear_alpha_selected,targeted_fusion_retry,F2_linear_alpha_selected,linear_alpha,alpha_0.90,46,main_42_46,0.01,1.8486084568199785,32,2,6.78999931551516e-05,0.10503380000591278,0,True,False,0.9678335680751174,0.9167634500275063,0.9422110552763819,0.8943661971830986,0.8873239436619719,0.0026,426,10000,True
locked,locked_harder_holdout,holdout_bin_8,issue23_locked_leave_one_bin_local_calibration,F3_residual_lr_selected,targeted_fusion_retry,F3_residual_lr_selected,residual_lr,residual_C_1.0,46,main_42_46,0.01,-4.829325964680313,32,5,0.02302429999690503,0.11277700000209734,6,True,False,0.9833612676056337,0.9004190928252103,0.9240333121004081,0.892018779342723,0.8873239436619719,0.0046,426,10000,True
locked,locked_harder_holdout,holdout_bin_8,issue23_locked_leave_one_bin_local_calibration,F4_conservative_max_selected,targeted_fusion_retry,F4_conservative_max_selected,conservative_max,beta_0.50,46,main_42_46,0.01,1.9873689986930274,32,2,7.040001219138503e-05,0.11350119998678565,0,True,False,0.9802798122065727,0.9129427325603205,0.9302734328921604,0.8896713615023474,0.8873239436619719,0.0055,426,10000,True
locked,locked_harder_holdout,holdout_bin_8,issue23_locked_leave_one_bin_local_calibration,F0_V1_baseline,baseline,V1_LOW_GUARD_minimal,raw_v1,none,47,heldout_47_51,0.01,-3.022682424935188,32,100,0.9302572999731638,0.03367560001788661,101,True,False,0.9788201877934272,0.8354472517504576,0.8670700922452639,0.8661971830985915,0.8356807511737089,0.0053,426,10000,True
locked,locked_harder_holdout,holdout_bin_8,issue23_locked_leave_one_bin_local_calibration,F1_V2_top64_baseline,baseline,V2_top64_LR,raw_v2,none,47,heldout_47_51,0.01,-4.423520833673828,32,64,0.38356749998638406,0.03064539999468252,65,True,False,0.964706103286385,0.910811477970229,0.9369853964658975,0.8896713615023474,0.8826291079812206,0.0042,426,10000,True
locked,locked_harder_holdout,holdout_bin_8,issue23_locked_leave_one_bin_local_calibration,F2_linear_alpha_selected,targeted_fusion_retry,F2_linear_alpha_selected,linear_alpha,alpha_0.50,47,heldout_47_51,0.01,1.5387372408005118,32,2,7.41000403650105e-05,0.10522719996515661,0,True,False,0.9791298122065728,0.9355457285302535,0.9446292495340554,0.9014084507042254,0.8896713615023474,0.0022,426,10000,True
locked,locked_harder_holdout,holdout_bin_8,issue23_locked_leave_one_bin_local_calibration,F3_residual_lr_selected,targeted_fusion_retry,F3_residual_lr_selected,residual_lr,residual_C_1.0,47,heldout_47_51,0.01,-4.829325964680313,32,5,0.02630300004966557,0.10856799996690825,6,True,False,0.9833612676056337,0.9004190928252103,0.9240333121004081,0.892018779342723,0.8873239436619719,0.0046,426,10000,True
locked,locked_harder_holdout,holdout_bin_8,issue23_locked_leave_one_bin_local_calibration,F4_conservative_max_selected,targeted_fusion_retry,F4_conservative_max_selected,conservative_max,beta_1.00,47,heldout_47_51,0.01,1.9972970485483272,32,2,0.00013669999316334724,0.11236699996516109,0,True,False,0.9843361502347417,0.8910137478643338,0.9123434071767288,0.8896713615023474,0.8873239436619719,0.0065,426,10000,True
locked,locked_harder_holdout,holdout_bin_8,issue23_locked_leave_one_bin_local_calibration,F0_V1_baseline,baseline,V1_LOW_GUARD_minimal,raw_v1,none,48,heldout_47_51,0.01,-3.022682424935188,32,100,0.942743000050541,0.03544130001682788,101,True,False,0.9788201877934272,0.8354472517504576,0.8670700922452639,0.8661971830985915,0.8356807511737089,0.0053,426,10000,True
locked,locked_harder_holdout,holdout_bin_8,issue23_locked_leave_one_bin_local_calibration,F1_V2_top64_baseline,baseline,V2_top64_LR,raw_v2,none,48,heldout_47_51,0.01,-4.423520833673828,32,64,0.3127880999818444,0.020144400012213737,65,True,False,0.964706103286385,0.910811477970229,0.9369853964658975,0.8896713615023474,0.8826291079812206,0.0042,426,10000,True
locked,locked_harder_holdout,holdout_bin_8,issue23_locked_leave_one_bin_local_calibration,F2_linear_alpha_selected,targeted_fusion_retry,F2_linear_alpha_selected,linear_alpha,alpha_0.90,48,heldout_47_51,0.01,1.8486084568199785,32,2,7.539999205619097e-05,0.09424060001038015,0,True,False,0.9678335680751174,0.9167634500275063,0.9422110552763819,0.8943661971830986,0.8873239436619719,0.0026,426,10000,True
locked,locked_harder_holdout,holdout_bin_8,issue23_locked_leave_one_bin_local_calibration,F3_residual_lr_selected,targeted_fusion_retry,F3_residual_lr_selected,residual_lr,residual_C_1.0,48,heldout_47_51,0.01,-4.829325964680313,32,5,0.024989099998492748,0.10144139995099977,6,True,False,0.9833612676056337,0.9004190928252103,0.9240333121004081,0.892018779342723,0.8873239436619719,0.0046,426,10000,True
locked,locked_harder_holdout,holdout_bin_8,issue23_locked_leave_one_bin_local_calibration,F4_conservative_max_selected,targeted_fusion_retry,F4_conservative_max_selected,conservative_max,beta_0.50,48,heldout_47_51,0.01,1.9873689986930274,32,2,5.9299985878169537e-05,0.10244529996998608,0,True,False,0.9802798122065727,0.9129427325603205,0.9302734328921604,0.8896713615023474,0.8873239436619719,0.0055,426,10000,True
locked,locked_harder_holdout,holdout_bin_8,issue23_locked_leave_one_bin_local_calibration,F0_V1_baseline,baseline,V1_LOW_GUARD_minimal,raw_v1,none,49,heldout_47_51,0.01,-3.022682424935188,32,100,0.8876922000199556,0.028009300003759563,101,True,False,0.9788201877934272,0.8354472517504576,0.8670700922452639,0.8661971830985915,0.8356807511737089,0.0053,426,10000,True
locked,locked_harder_holdout,holdout_bin_8,issue23_locked_leave_one_bin_local_calibration,F1_V2_top64_baseline,baseline,V2_top64_LR,raw_v2,none,49,heldout_47_51,0.01,-4.423520833673828,32,64,0.3529391999472864,0.024974200001452118,65,True,False,0.964706103286385,0.910811477970229,0.9369853964658975,0.8896713615023474,0.8826291079812206,0.0042,426,10000,True
locked,locked_harder_holdout,holdout_bin_8,issue23_locked_leave_one_bin_local_calibration,F2_linear_alpha_selected,targeted_fusion_retry,F2_linear_alpha_selected,linear_alpha,alpha_0.90,49,heldout_47_51,0.01,1.8486084568199785,32,2,6.19000056758523e-05,0.10287640005117282,0,True,False,0.9678335680751174,0.9167634500275063,0.9422110552763819,0.8943661971830986,0.8873239436619719,0.0026,426,10000,True
locked,locked_harder_holdout,holdout_bin_8,issue23_locked_leave_one_bin_local_calibration,F3_residual_lr_selected,targeted_fusion_retry,F3_residual_lr_selected,residual_lr,residual_C_1.0,49,heldout_47_51,0.01,-4.829325964680313,32,5,0.02292060002218932,0.10567050002282485,6,True,False,0.9833612676056337,0.9004190928252103,0.9240333121004081,0.892018779342723,0.8873239436619719,0.0046,426,10000,True
locked,locked_harder_holdout,holdout_bin_8,issue23_locked_leave_one_bin_local_calibration,F4_conservative_max_selected,targeted_fusion_retry,F4_conservative_max_selected,conservative_max,beta_1.00,49,heldout_47_51,0.01,1.9972970485483272,32,2,6.150000263005495e-05,0.10724909999407828,0,True,False,0.9843361502347417,0.8910137478643338,0.9123434071767288,0.8896713615023474,0.8873239436619719,0.0065,426,10000,True
locked,locked_harder_holdout,holdout_bin_8,issue23_locked_leave_one_bin_local_calibration,F0_V1_baseline,baseline,V1_LOW_GUARD_minimal,raw_v1,none,50,heldout_47_51,0.01,-3.022682424935188,32,100,0.8554708000156097,0.027968599984887987,101,True,False,0.9788201877934272,0.8354472517504576,0.8670700922452639,0.8661971830985915,0.8356807511737089,0.0053,426,10000,True
locked,locked_harder_holdout,holdout_bin_8,issue23_locked_leave_one_bin_local_calibration,F1_V2_top64_baseline,baseline,V2_top64_LR,raw_v2,none,50,heldout_47_51,0.01,-4.423520833673828,32,64,0.46085669996682554,0.025512300024274737,65,True,False,0.964706103286385,0.910811477970229,0.9369853964658975,0.8896713615023474,0.8826291079812206,0.0042,426,10000,True
locked,locked_harder_holdout,holdout_bin_8,issue23_locked_leave_one_bin_local_calibration,F2_linear_alpha_selected,targeted_fusion_retry,F2_linear_alpha_selected,linear_alpha,alpha_0.90,50,heldout_47_51,0.01,1.8486084568199785,32,2,0.00011900003300979733,0.11140200000954792,0,True,False,0.9678335680751174,0.9167634500275063,0.9422110552763819,0.8943661971830986,0.8873239436619719,0.0026,426,10000,True
locked,locked_harder_holdout,holdout_bin_8,issue23_locked_leave_one_bin_local_calibration,F3_residual_lr_selected,targeted_fusion_retry,F3_residual_lr_selected,residual_lr,residual_C_1.0,50,heldout_47_51,0.01,-4.829325964680313,32,5,0.026502399996388704,0.12427740002749488,6,True,False,0.9833612676056337,0.9004190928252103,0.9240333121004081,0.892018779342723,0.8873239436619719,0.0046,426,10000,True
locked,locked_harder_holdout,holdout_bin_8,issue23_locked_leave_one_bin_local_calibration,F4_conservative_max_selected,targeted_fusion_retry,F4_conservative_max_selected,conservative_max,beta_0.75,50,heldout_47_51,0.01,1.9968790048962743,32,2,6.379996193572879e-05,0.11907610000343993,0,True,False,0.9828882629107981,0.8925741434873538,0.9203647344704744,0.8896713615023474,0.8873239436619719,0.0059,426,10000,True
locked,locked_harder_holdout,holdout_bin_8,issue23_locked_leave_one_bin_local_calibration,F0_V1_baseline,baseline,V1_LOW_GUARD_minimal,raw_v1,none,51,heldout_47_51,0.01,-3.022682424935188,32,100,0.9374664999777451,0.03859900002134964,101,True,False,0.9788201877934272,0.8354472517504576,0.8670700922452639,0.8661971830985915,0.8356807511737089,0.0053,426,10000,True
locked,locked_harder_holdout,holdout_bin_8,issue23_locked_leave_one_bin_local_calibration,F1_V2_top64_baseline,baseline,V2_top64_LR,raw_v2,none,51,heldout_47_51,0.01,-4.423520833673828,32,64,0.3570496999891475,0.02391739998711273,65,True,False,0.964706103286385,0.910811477970229,0.9369853964658975,0.8896713615023474,0.8826291079812206,0.0042,426,10000,True
locked,locked_harder_holdout,holdout_bin_8,issue23_locked_leave_one_bin_local_calibration,F2_linear_alpha_selected,targeted_fusion_retry,F2_linear_alpha_selected,linear_alpha,alpha_0.90,51,heldout_47_51,0.01,1.8486084568199785,32,2,7.080001523718238e-05,0.11525730002904311,0,True,False,0.9678335680751174,0.9167634500275063,0.9422110552763819,0.8943661971830986,0.8873239436619719,0.0026,426,10000,True
locked,locked_harder_holdout,holdout_bin_8,issue23_locked_leave_one_bin_local_calibration,F3_residual_lr_selected,targeted_fusion_retry,F3_residual_lr_selected,residual_lr,residual_C_1.0,51,heldout_47_51,0.01,-4.829325964680313,32,5,0.023466499987989664,0.10944240004755557,6,True,False,0.9833612676056337,0.9004190928252103,0.9240333121004081,0.892018779342723,0.8873239436619719,0.0046,426,10000,True
locked,locked_harder_holdout,holdout_bin_8,issue23_locked_leave_one_bin_local_calibration,F4_conservative_max_selected,targeted_fusion_retry,F4_conservative_max_selected,conservative_max,beta_0.75,51,heldout_47_51,0.01,1.9968790048962743,32,2,6.669998401775956e-05,0.11373029998503625,0,True,False,0.9828882629107981,0.8925741434873538,0.9203647344704744,0.8896713615023474,0.8873239436619719,0.0059,426,10000,True
consistency,primary_lowood,primary_lowood,current_lowood_same_protocol,F0_V1_baseline,baseline,V1_LOW_GUARD_minimal,raw_v1,none,42,main_42_46,0.01,-2.646479427395543,32,100,0.9531407000031322,0.03296869999030605,101,True,False,0.9925373090909092,0.969507629361175,0.9378784833257195,0.9403636363636364,0.9294545454545454,0.0036,1375,10000,True
consistency,primary_lowood,primary_lowood,current_lowood_same_protocol,F1_V2_top64_baseline,baseline,V2_top64_LR,raw_v2,none,42,main_42_46,0.01,-4.41641482616712,32,64,0.37997519999044016,0.025943899992853403,65,True,False,0.9825818909090909,0.9706019839871668,0.967027866605756,0.9512727272727273,0.9476363636363636,0.0037,1375,10000,True
consistency,primary_lowood,primary_lowood,current_lowood_same_protocol,F2_linear_alpha_selected,targeted_fusion_retry,F2_linear_alpha_selected,linear_alpha,alpha_0.90,42,main_42_46,0.01,1.8099947806145833,32,2,6.680004298686981e-05,0.10245039995061234,0,True,False,0.9839850181818182,0.97318109486268,0.971113750571037,0.9527272727272728,0.9483636363636364,0.0023,1375,10000,True
consistency,primary_lowood,primary_lowood,current_lowood_same_protocol,F3_residual_lr_selected,targeted_fusion_retry,F3_residual_lr_selected,residual_lr,residual_C_1.0,42,main_42_46,0.01,-4.789807696014978,32,5,0.022398400004021823,0.09947219997411594,6,True,False,0.9925220363636365,0.977517211346474,0.9585893101873002,0.9512727272727273,0.9490909090909091,0.0044,1375,10000,True
consistency,primary_lowood,primary_lowood,current_lowood_same_protocol,F4_conservative_max_selected,targeted_fusion_retry,F4_conservative_max_selected,conservative_max,beta_0.50,42,main_42_46,0.01,1.9099122317440829,32,2,4.96999709866941e-05,0.10044880001805723,0,True,False,0.9918685818181818,0.9753388510777731,0.9640676107811788,0.9505454545454546,0.9490909090909091,0.0049,1375,10000,True
consistency,primary_lowood,primary_lowood,current_lowood_same_protocol,F0_V1_baseline,baseline,V1_LOW_GUARD_minimal,raw_v1,none,43,main_42_46,0.01,-2.646479427395543,32,100,1.021912100026384,0.04175559995928779,101,True,False,0.9925373090909092,0.969507629361175,0.9378784833257195,0.9403636363636364,0.9294545454545454,0.0036,1375,10000,True
consistency,primary_lowood,primary_lowood,current_lowood_same_protocol,F1_V2_top64_baseline,baseline,V2_top64_LR,raw_v2,none,43,main_42_46,0.01,-4.41641482616712,32,64,0.45854129997314885,0.022964000003412366,65,True,False,0.9825818909090909,0.9706019839871668,0.967027866605756,0.9512727272727273,0.9476363636363636,0.0037,1375,10000,True
consistency,primary_lowood,primary_lowood,current_lowood_same_protocol,F2_linear_alpha_selected,targeted_fusion_retry,F2_linear_alpha_selected,linear_alpha,alpha_0.50,43,main_42_46,0.01,1.5218411236674072,32,2,0.00014340004418045282,0.11433249997207895,0,True,False,0.9896601454545455,0.9797051140718535,0.9751667428049338,0.9578181818181818,0.9498181818181818,0.0024,1375,10000,True
consistency,primary_lowood,primary_lowood,current_lowood_same_protocol,F3_residual_lr_selected,targeted_fusion_retry,F3_residual_lr_selected,residual_lr,residual_C_1.0,43,main_42_46,0.01,-4.789807696014978,32,5,0.027370800031349063,0.12358649994712323,6,True,False,0.9925220363636365,0.977517211346474,0.9585893101873002,0.9512727272727273,0.9490909090909091,0.0044,1375,10000,True
consistency,primary_lowood,primary_lowood,current_lowood_same_protocol,F4_conservative_max_selected,targeted_fusion_retry,F4_conservative_max_selected,conservative_max,beta_1.00,43,main_42_46,0.01,1.9251988375062066,32,2,5.490001058205962e-05,0.12044909998076037,0,True,False,0.9933393454545455,0.9727651564144715,0.9483197807217908,0.9498181818181818,0.9490909090909091,0.0057,1375,10000,True
consistency,primary_lowood,primary_lowood,current_lowood_same_protocol,F0_V1_baseline,baseline,V1_LOW_GUARD_minimal,raw_v1,none,44,main_42_46,0.01,-2.646479427395543,32,100,1.0436452999711037,0.039767200010828674,101,True,False,0.9925373090909092,0.969507629361175,0.9378784833257195,0.9403636363636364,0.9294545454545454,0.0036,1375,10000,True
consistency,primary_lowood,primary_lowood,current_lowood_same_protocol,F1_V2_top64_baseline,baseline,V2_top64_LR,raw_v2,none,44,main_42_46,0.01,-4.41641482616712,32,64,0.41177950002020225,0.021849399956408888,65,True,False,0.9825818909090909,0.9706019839871668,0.967027866605756,0.9512727272727273,0.9476363636363636,0.0037,1375,10000,True
consistency,primary_lowood,primary_lowood,current_lowood_same_protocol,F2_linear_alpha_selected,targeted_fusion_retry,F2_linear_alpha_selected,linear_alpha,alpha_0.90,44,main_42_46,0.01,1.8099947806145833,32,2,6.900000153109431e-05,0.11806599999545142,0,True,False,0.9839850181818182,0.97318109486268,0.971113750571037,0.9527272727272728,0.9483636363636364,0.0023,1375,10000,True
consistency,primary_lowood,primary_lowood,current_lowood_same_protocol,F3_residual_lr_selected,targeted_fusion_retry,F3_residual_lr_selected,residual_lr,residual_C_1.0,44,main_42_46,0.01,-4.789807696014978,32,5,0.026709500001743436,0.11872690002201125,6,True,False,0.9925220363636365,0.977517211346474,0.9585893101873002,0.9512727272727273,0.9490909090909091,0.0044,1375,10000,True
consistency,primary_lowood,primary_lowood,current_lowood_same_protocol,F4_conservative_max_selected,targeted_fusion_retry,F4_conservative_max_selected,conservative_max,beta_0.75,44,main_42_46,0.01,1.9044877038680783,32,2,5.6699966080486774e-05,0.1203337000333704,0,True,False,0.9928252363636363,0.9753683387376856,0.9565536774783006,0.9498181818181818,0.9490909090909091,0.0049,1375,10000,True
consistency,primary_lowood,primary_lowood,current_lowood_same_protocol,F0_V1_baseline,baseline,V1_LOW_GUARD_minimal,raw_v1,none,45,main_42_46,0.01,-2.646479427395543,32,100,1.1894324999884702,0.035816899966448545,101,True,False,0.9925373090909092,0.969507629361175,0.9378784833257195,0.9403636363636364,0.9294545454545454,0.0036,1375,10000,True
consistency,primary_lowood,primary_lowood,current_lowood_same_protocol,F1_V2_top64_baseline,baseline,V2_top64_LR,raw_v2,none,45,main_42_46,0.01,-4.41641482616712,32,64,0.48452220001490787,0.024715000006835908,65,True,False,0.9825818909090909,0.9706019839871668,0.967027866605756,0.9512727272727273,0.9476363636363636,0.0037,1375,10000,True
consistency,primary_lowood,primary_lowood,current_lowood_same_protocol,F2_linear_alpha_selected,targeted_fusion_retry,F2_linear_alpha_selected,linear_alpha,alpha_0.90,45,main_42_46,0.01,1.8099947806145833,32,2,6.3000014051795e-05,0.1096533999661915,0,True,False,0.9839850181818182,0.97318109486268,0.971113750571037,0.9527272727272728,0.9483636363636364,0.0023,1375,10000,True
consistency,primary_lowood,primary_lowood,current_lowood_same_protocol,F3_residual_lr_selected,targeted_fusion_retry,F3_residual_lr_selected,residual_lr,residual_C_1.0,45,main_42_46,0.01,-4.789807696014978,32,5,0.029930699965916574,0.10616359999403358,6,True,False,0.9925220363636365,0.977517211346474,0.9585893101873002,0.9512727272727273,0.9490909090909091,0.0044,1375,10000,True
consistency,primary_lowood,primary_lowood,current_lowood_same_protocol,F4_conservative_max_selected,targeted_fusion_retry,F4_conservative_max_selected,conservative_max,beta_0.50,45,main_42_46,0.01,1.9099122317440829,32,2,5.7100027333945036e-05,0.10629309999058023,0,True,False,0.9918685818181818,0.9753388510777731,0.9640676107811788,0.9505454545454546,0.9490909090909091,0.0049,1375,10000,True
consistency,primary_lowood,primary_lowood,current_lowood_same_protocol,F0_V1_baseline,baseline,V1_LOW_GUARD_minimal,raw_v1,none,46,main_42_46,0.01,-2.646479427395543,32,100,0.8322870999691077,0.032477800035849214,101,True,False,0.9925373090909092,0.969507629361175,0.9378784833257195,0.9403636363636364,0.9294545454545454,0.0036,1375,10000,True
consistency,primary_lowood,primary_lowood,current_lowood_same_protocol,F1_V2_top64_baseline,baseline,V2_top64_LR,raw_v2,none,46,main_42_46,0.01,-4.41641482616712,32,64,0.30541640002047643,0.019701500015798956,65,True,False,0.9825818909090909,0.9706019839871668,0.967027866605756,0.9512727272727273,0.9476363636363636,0.0037,1375,10000,True
consistency,primary_lowood,primary_lowood,current_lowood_same_protocol,F2_linear_alpha_selected,targeted_fusion_retry,F2_linear_alpha_selected,linear_alpha,alpha_0.90,46,main_42_46,0.01,1.8099947806145833,32,2,6.280001252889633e-05,0.09440899995388463,0,True,False,0.9839850181818182,0.97318109486268,0.971113750571037,0.9527272727272728,0.9483636363636364,0.0023,1375,10000,True
consistency,primary_lowood,primary_lowood,current_lowood_same_protocol,F3_residual_lr_selected,targeted_fusion_retry,F3_residual_lr_selected,residual_lr,residual_C_1.0,46,main_42_46,0.01,-4.789807696014978,32,5,0.019603800028562546,0.10048470000037923,6,True,False,0.9925220363636365,0.977517211346474,0.9585893101873002,0.9512727272727273,0.9490909090909091,0.0044,1375,10000,True
consistency,primary_lowood,primary_lowood,current_lowood_same_protocol,F4_conservative_max_selected,targeted_fusion_retry,F4_conservative_max_selected,conservative_max,beta_1.00,46,main_42_46,0.01,1.9251988375062066,32,2,4.6600005589425564e-05,0.09242359997006133,0,True,False,0.9933393454545455,0.9727651564144715,0.9483197807217908,0.9498181818181818,0.9490909090909091,0.0057,1375,10000,True
consistency,primary_lowood,primary_lowood,current_lowood_same_protocol,F0_V1_baseline,baseline,V1_LOW_GUARD_minimal,raw_v1,none,47,heldout_47_51,0.01,-2.646479427395543,32,100,0.8628550000139512,0.03100690001156181,101,True,False,0.9925373090909092,0.969507629361175,0.9378784833257195,0.9403636363636364,0.9294545454545454,0.0036,1375,10000,True
consistency,primary_lowood,primary_lowood,current_lowood_same_protocol,F1_V2_top64_baseline,baseline,V2_top64_LR,raw_v2,none,47,heldout_47_51,0.01,-4.41641482616712,32,64,0.30667079996783286,0.02178539999295026,65,True,False,0.9825818909090909,0.9706019839871668,0.967027866605756,0.9512727272727273,0.9476363636363636,0.0037,1375,10000,True
consistency,primary_lowood,primary_lowood,current_lowood_same_protocol,F2_linear_alpha_selected,targeted_fusion_retry,F2_linear_alpha_selected,linear_alpha,alpha_0.90,47,heldout_47_51,0.01,1.8099947806145833,32,2,6.829999620094895e-05,0.0926573000033386,0,True,False,0.9839850181818182,0.97318109486268,0.971113750571037,0.9527272727272728,0.9483636363636364,0.0023,1375,10000,True
consistency,primary_lowood,primary_lowood,current_lowood_same_protocol,F3_residual_lr_selected,targeted_fusion_retry,F3_residual_lr_selected,residual_lr,residual_C_1.0,47,heldout_47_51,0.01,-4.789807696014978,32,5,0.02035999996587634,0.08931389998178929,6,True,False,0.9925220363636365,0.977517211346474,0.9585893101873002,0.9512727272727273,0.9490909090909091,0.0044,1375,10000,True
consistency,primary_lowood,primary_lowood,current_lowood_same_protocol,F4_conservative_max_selected,targeted_fusion_retry,F4_conservative_max_selected,conservative_max,beta_0.50,47,heldout_47_51,0.01,1.9099122317440829,32,2,5.119998240843415e-05,0.09478739998303354,0,True,False,0.9918685818181818,0.9753388510777731,0.9640676107811788,0.9505454545454546,0.9490909090909091,0.0049,1375,10000,True
consistency,primary_lowood,primary_lowood,current_lowood_same_protocol,F0_V1_baseline,baseline,V1_LOW_GUARD_minimal,raw_v1,none,48,heldout_47_51,0.01,-2.646479427395543,32,100,0.8368048000265844,0.02845849998993799,101,True,False,0.9925373090909092,0.969507629361175,0.9378784833257195,0.9403636363636364,0.9294545454545454,0.0036,1375,10000,True
consistency,primary_lowood,primary_lowood,current_lowood_same_protocol,F1_V2_top64_baseline,baseline,V2_top64_LR,raw_v2,none,48,heldout_47_51,0.01,-4.41641482616712,32,64,0.30300289997830987,0.01942219998454675,65,True,False,0.9825818909090909,0.9706019839871668,0.967027866605756,0.9512727272727273,0.9476363636363636,0.0037,1375,10000,True
consistency,primary_lowood,primary_lowood,current_lowood_same_protocol,F2_linear_alpha_selected,targeted_fusion_retry,F2_linear_alpha_selected,linear_alpha,alpha_0.90,48,heldout_47_51,0.01,1.8099947806145833,32,2,5.940004484727979e-05,0.09928839997155592,0,True,False,0.9839850181818182,0.97318109486268,0.971113750571037,0.9527272727272728,0.9483636363636364,0.0023,1375,10000,True
consistency,primary_lowood,primary_lowood,current_lowood_same_protocol,F3_residual_lr_selected,targeted_fusion_retry,F3_residual_lr_selected,residual_lr,residual_C_1.0,48,heldout_47_51,0.01,-4.789807696014978,32,5,0.022046600002795458,0.08876759995473549,6,True,False,0.9925220363636365,0.977517211346474,0.9585893101873002,0.9512727272727273,0.9490909090909091,0.0044,1375,10000,True
consistency,primary_lowood,primary_lowood,current_lowood_same_protocol,F4_conservative_max_selected,targeted_fusion_retry,F4_conservative_max_selected,conservative_max,beta_0.50,48,heldout_47_51,0.01,1.9099122317440829,32,2,5.23999915458262e-05,0.09946240001590922,0,True,False,0.9918685818181818,0.9753388510777731,0.9640676107811788,0.9505454545454546,0.9490909090909091,0.0049,1375,10000,True
consistency,primary_lowood,primary_lowood,current_lowood_same_protocol,F0_V1_baseline,baseline,V1_LOW_GUARD_minimal,raw_v1,none,49,heldout_47_51,0.01,-2.646479427395543,32,100,0.8845011999947019,0.03416179999476299,101,True,False,0.9925373090909092,0.969507629361175,0.9378784833257195,0.9403636363636364,0.9294545454545454,0.0036,1375,10000,True
consistency,primary_lowood,primary_lowood,current_lowood_same_protocol,F1_V2_top64_baseline,baseline,V2_top64_LR,raw_v2,none,49,heldout_47_51,0.01,-4.41641482616712,32,64,0.3312597000040114,0.020205800014082342,65,True,False,0.9825818909090909,0.9706019839871668,0.967027866605756,0.9512727272727273,0.9476363636363636,0.0037,1375,10000,True
consistency,primary_lowood,primary_lowood,current_lowood_same_protocol,F2_linear_alpha_selected,targeted_fusion_retry,F2_linear_alpha_selected,linear_alpha,alpha_0.90,49,heldout_47_51,0.01,1.8099947806145833,32,2,7.239996921271086e-05,0.10253840003861114,0,True,False,0.9839850181818182,0.97318109486268,0.971113750571037,0.9527272727272728,0.9483636363636364,0.0023,1375,10000,True
consistency,primary_lowood,primary_lowood,current_lowood_same_protocol,F3_residual_lr_selected,targeted_fusion_retry,F3_residual_lr_selected,residual_lr,residual_C_1.0,49,heldout_47_51,0.01,-4.789807696014978,32,5,0.022916899994015694,0.10260849999031052,6,True,False,0.9925220363636365,0.977517211346474,0.9585893101873002,0.9512727272727273,0.9490909090909091,0.0044,1375,10000,True
consistency,primary_lowood,primary_lowood,current_lowood_same_protocol,F4_conservative_max_selected,targeted_fusion_retry,F4_conservative_max_selected,conservative_max,beta_1.00,49,heldout_47_51,0.01,1.9251988375062066,32,2,4.4000043999403715e-05,0.10307389998342842,0,True,False,0.9933393454545455,0.9727651564144715,0.9483197807217908,0.9498181818181818,0.9490909090909091,0.0057,1375,10000,True
consistency,primary_lowood,primary_lowood,current_lowood_same_protocol,F0_V1_baseline,baseline,V1_LOW_GUARD_minimal,raw_v1,none,50,heldout_47_51,0.01,-2.646479427395543,32,100,0.8403939999989234,0.03187479998450726,101,True,False,0.9925373090909092,0.969507629361175,0.9378784833257195,0.9403636363636364,0.9294545454545454,0.0036,1375,10000,True
consistency,primary_lowood,primary_lowood,current_lowood_same_protocol,F1_V2_top64_baseline,baseline,V2_top64_LR,raw_v2,none,50,heldout_47_51,0.01,-4.41641482616712,32,64,0.3189183999784291,0.019473599968478084,65,True,False,0.9825818909090909,0.9706019839871668,0.967027866605756,0.9512727272727273,0.9476363636363636,0.0037,1375,10000,True
consistency,primary_lowood,primary_lowood,current_lowood_same_protocol,F2_linear_alpha_selected,targeted_fusion_retry,F2_linear_alpha_selected,linear_alpha,alpha_0.90,50,heldout_47_51,0.01,1.8099947806145833,32,2,7.14000198058784e-05,0.09503609995590523,0,True,False,0.9839850181818182,0.97318109486268,0.971113750571037,0.9527272727272728,0.9483636363636364,0.0023,1375,10000,True
consistency,primary_lowood,primary_lowood,current_lowood_same_protocol,F3_residual_lr_selected,targeted_fusion_retry,F3_residual_lr_selected,residual_lr,residual_C_1.0,50,heldout_47_51,0.01,-4.789807696014978,32,5,0.02176610002061352,0.0985039999941364,6,True,False,0.9925220363636365,0.977517211346474,0.9585893101873002,0.9512727272727273,0.9490909090909091,0.0044,1375,10000,True
consistency,primary_lowood,primary_lowood,current_lowood_same_protocol,F4_conservative_max_selected,targeted_fusion_retry,F4_conservative_max_selected,conservative_max,beta_0.50,50,heldout_47_51,0.01,1.9099122317440829,32,2,5.7699973694980145e-05,0.10062910005217418,0,True,False,0.9918685818181818,0.9753388510777731,0.9640676107811788,0.9505454545454546,0.9490909090909091,0.0049,1375,10000,True
consistency,primary_lowood,primary_lowood,current_lowood_same_protocol,F0_V1_baseline,baseline,V1_LOW_GUARD_minimal,raw_v1,none,51,heldout_47_51,0.01,-2.646479427395543,32,100,0.8400847000302747,0.03193579998333007,101,True,False,0.9925373090909092,0.969507629361175,0.9378784833257195,0.9403636363636364,0.9294545454545454,0.0036,1375,10000,True
consistency,primary_lowood,primary_lowood,current_lowood_same_protocol,F1_V2_top64_baseline,baseline,V2_top64_LR,raw_v2,none,51,heldout_47_51,0.01,-4.41641482616712,32,64,0.3378828000277281,0.020351900020614266,65,True,False,0.9825818909090909,0.9706019839871668,0.967027866605756,0.9512727272727273,0.9476363636363636,0.0037,1375,10000,True
consistency,primary_lowood,primary_lowood,current_lowood_same_protocol,F2_linear_alpha_selected,targeted_fusion_retry,F2_linear_alpha_selected,linear_alpha,alpha_0.90,51,heldout_47_51,0.01,1.8099947806145833,32,2,9.74999857135117e-05,0.10353700001724064,0,True,False,0.9839850181818182,0.97318109486268,0.971113750571037,0.9527272727272728,0.9483636363636364,0.0023,1375,10000,True
consistency,primary_lowood,primary_lowood,current_lowood_same_protocol,F3_residual_lr_selected,targeted_fusion_retry,F3_residual_lr_selected,residual_lr,residual_C_1.0,51,heldout_47_51,0.01,-4.789807696014978,32,5,0.022134399972856045,0.09757790004368871,6,True,False,0.9925220363636365,0.977517211346474,0.9585893101873002,0.9512727272727273,0.9490909090909091,0.0044,1375,10000,True
consistency,primary_lowood,primary_lowood,current_lowood_same_protocol,F4_conservative_max_selected,targeted_fusion_retry,F4_conservative_max_selected,conservative_max,beta_0.50,51,heldout_47_51,0.01,1.9099122317440829,32,2,4.769995575770736e-05,0.1001924000447616,0,True,False,0.9918685818181818,0.9753388510777731,0.9640676107811788,0.9505454545454546,0.9490909090909091,0.0049,1375,10000,True
consistency,harder_holdout,chrono_late_train_early_eval,harder_holdout_local_calibration_issue17_18_19,F0_V1_baseline,baseline,V1_LOW_GUARD_minimal,raw_v1,none,42,main_42_46,0.01,-3.2033476938112866,32,100,0.8222977000405081,0.03572189999977127,101,True,False,0.705273963806188,0.7560938824515404,0.8092256378213308,0.6903093987157034,0.6798015178050204,0.0018,3426,10000,True
consistency,harder_holdout,chrono_late_train_early_eval,harder_holdout_local_calibration_issue17_18_19,F1_V2_top64_baseline,baseline,V2_top64_LR,raw_v2,none,42,main_42_46,0.01,-2.8655547549506384,32,64,0.4557712000096217,0.024883999954909086,65,True,False,0.9932267950963222,0.9883133894403848,0.9539070131744536,0.9538820782253357,0.9500875656742557,0.0089,3426,10000,True
consistency,harder_holdout,chrono_late_train_early_eval,harder_holdout_local_calibration_issue17_18_19,F2_linear_alpha_selected,targeted_fusion_retry,F2_linear_alpha_selected,linear_alpha,alpha_0.50,42,main_42_46,0.01,2.074290030850686,32,2,7.780001033097506e-05,0.10701350000454113,0,True,False,0.7413222708698189,0.7863313268107066,0.8330267801353528,0.7157034442498541,0.7078225335668418,0.0018,3426,10000,True
consistency,harder_holdout,chrono_late_train_early_eval,harder_holdout_local_calibration_issue17_18_19,F3_residual_lr_selected,targeted_fusion_retry,F3_residual_lr_selected,residual_lr,residual_C_1.0,42,main_42_46,0.01,-3.308498916079744,32,5,0.023300300003029406,0.10170060000382364,6,True,False,0.7247998248686516,0.7710313715817919,0.8182447555934957,0.706071220081728,0.6970227670753065,0.0016,3426,10000,True
consistency,harder_holdout,chrono_late_train_early_eval,harder_holdout_local_calibration_issue17_18_19,F4_conservative_max_selected,targeted_fusion_retry,F4_conservative_max_selected,conservative_max,beta_1.00,42,main_42_46,0.01,2.8155561495617247,32,2,5.440000677481294e-05,0.09580809995532036,0,True,False,0.997993169877408,0.98501565897248,0.9318483837752687,0.9778166958552248,0.9497956800934034,0.002,3426,10000,True
consistency,harder_holdout,chrono_late_train_early_eval,harder_holdout_local_calibration_issue17_18_19,F0_V1_baseline,baseline,V1_LOW_GUARD_minimal,raw_v1,none,43,main_42_46,0.01,-3.2033476938112866,32,100,0.7167153999907896,0.03015980002237484,101,True,False,0.705273963806188,0.7560938824515404,0.8092256378213308,0.6903093987157034,0.6798015178050204,0.0018,3426,10000,True
consistency,harder_holdout,chrono_late_train_early_eval,harder_holdout_local_calibration_issue17_18_19,F1_V2_top64_baseline,baseline,V2_top64_LR,raw_v2,none,43,main_42_46,0.01,-2.8655547549506384,32,64,0.40004450001288205,0.021872499957680702,65,True,False,0.9932267950963222,0.9883133894403848,0.9539070131744536,0.9538820782253357,0.9500875656742557,0.0089,3426,10000,True
consistency,harder_holdout,chrono_late_train_early_eval,harder_holdout_local_calibration_issue17_18_19,F2_linear_alpha_selected,targeted_fusion_retry,F2_linear_alpha_selected,linear_alpha,alpha_0.50,43,main_42_46,0.01,2.074290030850686,32,2,7.700000423938036e-05,0.09964749997016042,0,True,False,0.7413222708698189,0.7863313268107066,0.8330267801353528,0.7157034442498541,0.7078225335668418,0.0018,3426,10000,True
consistency,harder_holdout,chrono_late_train_early_eval,harder_holdout_local_calibration_issue17_18_19,F3_residual_lr_selected,targeted_fusion_retry,F3_residual_lr_selected,residual_lr,residual_C_1.0,43,main_42_46,0.01,-3.308498916079744,32,5,0.019617600017227232,0.09614599996712059,6,True,False,0.7247998248686516,0.7710313715817919,0.8182447555934957,0.706071220081728,0.6970227670753065,0.0016,3426,10000,True
consistency,harder_holdout,chrono_late_train_early_eval,harder_holdout_local_calibration_issue17_18_19,F4_conservative_max_selected,targeted_fusion_retry,F4_conservative_max_selected,conservative_max,beta_1.00,43,main_42_46,0.01,2.8155561495617247,32,2,5.189998773857951e-05,0.09458720003021881,0,True,False,0.997993169877408,0.98501565897248,0.9318483837752687,0.9778166958552248,0.9497956800934034,0.002,3426,10000,True
consistency,harder_holdout,chrono_late_train_early_eval,harder_holdout_local_calibration_issue17_18_19,F0_V1_baseline,baseline,V1_LOW_GUARD_minimal,raw_v1,none,44,main_42_46,0.01,-3.2033476938112866,32,100,0.7038274999940768,0.033499899960588664,101,True,False,0.705273963806188,0.7560938824515404,0.8092256378213308,0.6903093987157034,0.6798015178050204,0.0018,3426,10000,True
consistency,harder_holdout,chrono_late_train_early_eval,harder_holdout_local_calibration_issue17_18_19,F1_V2_top64_baseline,baseline,V2_top64_LR,raw_v2,none,44,main_42_46,0.01,-2.8655547549506384,32,64,0.3707086999784224,0.021957700024358928,65,True,False,0.9932267950963222,0.9883133894403848,0.9539070131744536,0.9538820782253357,0.9500875656742557,0.0089,3426,10000,True
consistency,harder_holdout,chrono_late_train_early_eval,harder_holdout_local_calibration_issue17_18_19,F2_linear_alpha_selected,targeted_fusion_retry,F2_linear_alpha_selected,linear_alpha,alpha_0.50,44,main_42_46,0.01,2.074290030850686,32,2,7.059995550662279e-05,0.10157190001336858,0,True,False,0.7413222708698189,0.7863313268107066,0.8330267801353528,0.7157034442498541,0.7078225335668418,0.0018,3426,10000,True
consistency,harder_holdout,chrono_late_train_early_eval,harder_holdout_local_calibration_issue17_18_19,F3_residual_lr_selected,targeted_fusion_retry,F3_residual_lr_selected,residual_lr,residual_C_1.0,44,main_42_46,0.01,-3.308498916079744,32,5,0.02143610001076013,0.10333010001340881,6,True,False,0.7247998248686516,0.7710313715817919,0.8182447555934957,0.706071220081728,0.6970227670753065,0.0016,3426,10000,True
consistency,harder_holdout,chrono_late_train_early_eval,harder_holdout_local_calibration_issue17_18_19,F4_conservative_max_selected,targeted_fusion_retry,F4_conservative_max_selected,conservative_max,beta_1.00,44,main_42_46,0.01,2.8155561495617247,32,2,6.130000110715628e-05,0.10153689997969195,0,True,False,0.997993169877408,0.98501565897248,0.9318483837752687,0.9778166958552248,0.9497956800934034,0.002,3426,10000,True
consistency,harder_holdout,chrono_late_train_early_eval,harder_holdout_local_calibration_issue17_18_19,F0_V1_baseline,baseline,V1_LOW_GUARD_minimal,raw_v1,none,45,main_42_46,0.01,-3.2033476938112866,32,100,0.7476980999927036,0.03421330003766343,101,True,False,0.705273963806188,0.7560938824515404,0.8092256378213308,0.6903093987157034,0.6798015178050204,0.0018,3426,10000,True
consistency,harder_holdout,chrono_late_train_early_eval,harder_holdout_local_calibration_issue17_18_19,F1_V2_top64_baseline,baseline,V2_top64_LR,raw_v2,none,45,main_42_46,0.01,-2.8655547549506384,32,64,0.36397519998718053,0.0215514000155963,65,True,False,0.9932267950963222,0.9883133894403848,0.9539070131744536,0.9538820782253357,0.9500875656742557,0.0089,3426,10000,True
consistency,harder_holdout,chrono_late_train_early_eval,harder_holdout_local_calibration_issue17_18_19,F2_linear_alpha_selected,targeted_fusion_retry,F2_linear_alpha_selected,linear_alpha,alpha_0.50,45,main_42_46,0.01,2.074290030850686,32,2,6.900000153109431e-05,0.08926900004735216,0,True,False,0.7413222708698189,0.7863313268107066,0.8330267801353528,0.7157034442498541,0.7078225335668418,0.0018,3426,10000,True
consistency,harder_holdout,chrono_late_train_early_eval,harder_holdout_local_calibration_issue17_18_19,F3_residual_lr_selected,targeted_fusion_retry,F3_residual_lr_selected,residual_lr,residual_C_1.0,45,main_42_46,0.01,-3.308498916079744,32,5,0.019332600000780076,0.09416300000157207,6,True,False,0.7247998248686516,0.7710313715817919,0.8182447555934957,0.706071220081728,0.6970227670753065,0.0016,3426,10000,True
consistency,harder_holdout,chrono_late_train_early_eval,harder_holdout_local_calibration_issue17_18_19,F4_conservative_max_selected,targeted_fusion_retry,F4_conservative_max_selected,conservative_max,beta_1.00,45,main_42_46,0.01,2.8155561495617247,32,2,5.319999763742089e-05,0.10270119999768212,0,True,False,0.997993169877408,0.98501565897248,0.9318483837752687,0.9778166958552248,0.9497956800934034,0.002,3426,10000,True
consistency,harder_holdout,chrono_late_train_early_eval,harder_holdout_local_calibration_issue17_18_19,F0_V1_baseline,baseline,V1_LOW_GUARD_minimal,raw_v1,none,46,main_42_46,0.01,-3.2033476938112866,32,100,0.715447900001891,0.036394199996721,101,True,False,0.705273963806188,0.7560938824515404,0.8092256378213308,0.6903093987157034,0.6798015178050204,0.0018,3426,10000,True
consistency,harder_holdout,chrono_late_train_early_eval,harder_holdout_local_calibration_issue17_18_19,F1_V2_top64_baseline,baseline,V2_top64_LR,raw_v2,none,46,main_42_46,0.01,-2.8655547549506384,32,64,0.36234370002057403,0.024553600000217557,65,True,False,0.9932267950963222,0.9883133894403848,0.9539070131744536,0.9538820782253357,0.9500875656742557,0.0089,3426,10000,True
consistency,harder_holdout,chrono_late_train_early_eval,harder_holdout_local_calibration_issue17_18_19,F2_linear_alpha_selected,targeted_fusion_retry,F2_linear_alpha_selected,linear_alpha,alpha_0.50,46,main_42_46,0.01,2.074290030850686,32,2,6.749999010935426e-05,0.09098719997564331,0,True,False,0.7413222708698189,0.7863313268107066,0.8330267801353528,0.7157034442498541,0.7078225335668418,0.0018,3426,10000,True
consistency,harder_holdout,chrono_late_train_early_eval,harder_holdout_local_calibration_issue17_18_19,F3_residual_lr_selected,targeted_fusion_retry,F3_residual_lr_selected,residual_lr,residual_C_1.0,46,main_42_46,0.01,-3.308498916079744,32,5,0.019967900007031858,0.09168599999975413,6,True,False,0.7247998248686516,0.7710313715817919,0.8182447555934957,0.706071220081728,0.6970227670753065,0.0016,3426,10000,True
consistency,harder_holdout,chrono_late_train_early_eval,harder_holdout_local_calibration_issue17_18_19,F4_conservative_max_selected,targeted_fusion_retry,F4_conservative_max_selected,conservative_max,beta_1.00,46,main_42_46,0.01,2.8155561495617247,32,2,5.8299978263676167e-05,0.09675280004739761,0,True,False,0.997993169877408,0.98501565897248,0.9318483837752687,0.9778166958552248,0.9497956800934034,0.002,3426,10000,True
consistency,harder_holdout,chrono_late_train_early_eval,harder_holdout_local_calibration_issue17_18_19,F0_V1_baseline,baseline,V1_LOW_GUARD_minimal,raw_v1,none,47,heldout_47_51,0.01,-3.2033476938112866,32,100,0.7214952000067569,0.03931930003454909,101,True,False,0.705273963806188,0.7560938824515404,0.8092256378213308,0.6903093987157034,0.6798015178050204,0.0018,3426,10000,True
consistency,harder_holdout,chrono_late_train_early_eval,harder_holdout_local_calibration_issue17_18_19,F1_V2_top64_baseline,baseline,V2_top64_LR,raw_v2,none,47,heldout_47_51,0.01,-2.8655547549506384,32,64,0.3458221000037156,0.01941340003395453,65,True,False,0.9932267950963222,0.9883133894403848,0.9539070131744536,0.9538820782253357,0.9500875656742557,0.0089,3426,10000,True
consistency,harder_holdout,chrono_late_train_early_eval,harder_holdout_local_calibration_issue17_18_19,F2_linear_alpha_selected,targeted_fusion_retry,F2_linear_alpha_selected,linear_alpha,alpha_0.50,47,heldout_47_51,0.01,2.074290030850686,32,2,7.229996845126152e-05,0.1034732999978587,0,True,False,0.7413222708698189,0.7863313268107066,0.8330267801353528,0.7157034442498541,0.7078225335668418,0.0018,3426,10000,True
consistency,harder_holdout,chrono_late_train_early_eval,harder_holdout_local_calibration_issue17_18_19,F3_residual_lr_selected,targeted_fusion_retry,F3_residual_lr_selected,residual_lr,residual_C_1.0,47,heldout_47_51,0.01,-3.308498916079744,32,5,0.020524299994576722,0.09457620000466704,6,True,False,0.7247998248686516,0.7710313715817919,0.8182447555934957,0.706071220081728,0.6970227670753065,0.0016,3426,10000,True
consistency,harder_holdout,chrono_late_train_early_eval,harder_holdout_local_calibration_issue17_18_19,F4_conservative_max_selected,targeted_fusion_retry,F4_conservative_max_selected,conservative_max,beta_1.00,47,heldout_47_51,0.01,2.8155561495617247,32,2,0.00012959999730810523,0.10627439996460453,0,True,False,0.997993169877408,0.98501565897248,0.9318483837752687,0.9778166958552248,0.9497956800934034,0.002,3426,10000,True
consistency,harder_holdout,chrono_late_train_early_eval,harder_holdout_local_calibration_issue17_18_19,F0_V1_baseline,baseline,V1_LOW_GUARD_minimal,raw_v1,none,48,heldout_47_51,0.01,-3.2033476938112866,32,100,0.7227102000033483,0.032924800005275756,101,True,False,0.705273963806188,0.7560938824515404,0.8092256378213308,0.6903093987157034,0.6798015178050204,0.0018,3426,10000,True
consistency,harder_holdout,chrono_late_train_early_eval,harder_holdout_local_calibration_issue17_18_19,F1_V2_top64_baseline,baseline,V2_top64_LR,raw_v2,none,48,heldout_47_51,0.01,-2.8655547549506384,32,64,0.41903250000905246,0.0245549000101164,65,True,False,0.9932267950963222,0.9883133894403848,0.9539070131744536,0.9538820782253357,0.9500875656742557,0.0089,3426,10000,True
consistency,harder_holdout,chrono_late_train_early_eval,harder_holdout_local_calibration_issue17_18_19,F2_linear_alpha_selected,targeted_fusion_retry,F2_linear_alpha_selected,linear_alpha,alpha_0.50,48,heldout_47_51,0.01,2.074290030850686,32,2,5.4999953135848045e-05,0.08545730001060292,0,True,False,0.7413222708698189,0.7863313268107066,0.8330267801353528,0.7157034442498541,0.7078225335668418,0.0018,3426,10000,True
consistency,harder_holdout,chrono_late_train_early_eval,harder_holdout_local_calibration_issue17_18_19,F3_residual_lr_selected,targeted_fusion_retry,F3_residual_lr_selected,residual_lr,residual_C_1.0,48,heldout_47_51,0.01,-3.308498916079744,32,5,0.020826500025577843,0.10265309998067096,6,True,False,0.7247998248686516,0.7710313715817919,0.8182447555934957,0.706071220081728,0.6970227670753065,0.0016,3426,10000,True
consistency,harder_holdout,chrono_late_train_early_eval,harder_holdout_local_calibration_issue17_18_19,F4_conservative_max_selected,targeted_fusion_retry,F4_conservative_max_selected,conservative_max,beta_1.00,48,heldout_47_51,0.01,2.8155561495617247,32,2,4.840001929551363e-05,0.13816460000816733,0,True,False,0.997993169877408,0.98501565897248,0.9318483837752687,0.9778166958552248,0.9497956800934034,0.002,3426,10000,True
consistency,harder_holdout,chrono_late_train_early_eval,harder_holdout_local_calibration_issue17_18_19,F0_V1_baseline,baseline,V1_LOW_GUARD_minimal,raw_v1,none,49,heldout_47_51,0.01,-3.2033476938112866,32,100,0.7093440999742597,0.03421900002285838,101,True,False,0.705273963806188,0.7560938824515404,0.8092256378213308,0.6903093987157034,0.6798015178050204,0.0018,3426,10000,True
consistency,harder_holdout,chrono_late_train_early_eval,harder_holdout_local_calibration_issue17_18_19,F1_V2_top64_baseline,baseline,V2_top64_LR,raw_v2,none,49,heldout_47_51,0.01,-2.8655547549506384,32,64,0.41931949998252094,0.031739600002765656,65,True,False,0.9932267950963222,0.9883133894403848,0.9539070131744536,0.9538820782253357,0.9500875656742557,0.0089,3426,10000,True
consistency,harder_holdout,chrono_late_train_early_eval,harder_holdout_local_calibration_issue17_18_19,F2_linear_alpha_selected,targeted_fusion_retry,F2_linear_alpha_selected,linear_alpha,alpha_0.50,49,heldout_47_51,0.01,2.074290030850686,32,2,8.299999171867967e-05,0.1146603999659419,0,True,False,0.7413222708698189,0.7863313268107066,0.8330267801353528,0.7157034442498541,0.7078225335668418,0.0018,3426,10000,True
consistency,harder_holdout,chrono_late_train_early_eval,harder_holdout_local_calibration_issue17_18_19,F3_residual_lr_selected,targeted_fusion_retry,F3_residual_lr_selected,residual_lr,residual_C_1.0,49,heldout_47_51,0.01,-3.308498916079744,32,5,0.02260039997054264,0.10012030001962557,6,True,False,0.7247998248686516,0.7710313715817919,0.8182447555934957,0.706071220081728,0.6970227670753065,0.0016,3426,10000,True
consistency,harder_holdout,chrono_late_train_early_eval,harder_holdout_local_calibration_issue17_18_19,F4_conservative_max_selected,targeted_fusion_retry,F4_conservative_max_selected,conservative_max,beta_1.00,49,heldout_47_51,0.01,2.8155561495617247,32,2,0.00030260003404691815,0.10131190001266077,0,True,False,0.997993169877408,0.98501565897248,0.9318483837752687,0.9778166958552248,0.9497956800934034,0.002,3426,10000,True
consistency,harder_holdout,chrono_late_train_early_eval,harder_holdout_local_calibration_issue17_18_19,F0_V1_baseline,baseline,V1_LOW_GUARD_minimal,raw_v1,none,50,heldout_47_51,0.01,-3.2033476938112866,32,100,0.838495200034231,0.03170009999303147,101,True,False,0.705273963806188,0.7560938824515404,0.8092256378213308,0.6903093987157034,0.6798015178050204,0.0018,3426,10000,True
consistency,harder_holdout,chrono_late_train_early_eval,harder_holdout_local_calibration_issue17_18_19,F1_V2_top64_baseline,baseline,V2_top64_LR,raw_v2,none,50,heldout_47_51,0.01,-2.8655547549506384,32,64,0.44348959997296333,0.024588299973402172,65,True,False,0.9932267950963222,0.9883133894403848,0.9539070131744536,0.9538820782253357,0.9500875656742557,0.0089,3426,10000,True
consistency,harder_holdout,chrono_late_train_early_eval,harder_holdout_local_calibration_issue17_18_19,F2_linear_alpha_selected,targeted_fusion_retry,F2_linear_alpha_selected,linear_alpha,alpha_0.50,50,heldout_47_51,0.01,2.074290030850686,32,2,8.069997420534492e-05,0.09302300005219877,0,True,False,0.7413222708698189,0.7863313268107066,0.8330267801353528,0.7157034442498541,0.7078225335668418,0.0018,3426,10000,True
consistency,harder_holdout,chrono_late_train_early_eval,harder_holdout_local_calibration_issue17_18_19,F3_residual_lr_selected,targeted_fusion_retry,F3_residual_lr_selected,residual_lr,residual_C_1.0,50,heldout_47_51,0.01,-3.308498916079744,32,5,0.020828799984883517,0.09833359997719526,6,True,False,0.7247998248686516,0.7710313715817919,0.8182447555934957,0.706071220081728,0.6970227670753065,0.0016,3426,10000,True
consistency,harder_holdout,chrono_late_train_early_eval,harder_holdout_local_calibration_issue17_18_19,F4_conservative_max_selected,targeted_fusion_retry,F4_conservative_max_selected,conservative_max,beta_1.00,50,heldout_47_51,0.01,2.8155561495617247,32,2,6.339995888993144e-05,0.10263350000604987,0,True,False,0.997993169877408,0.98501565897248,0.9318483837752687,0.9778166958552248,0.9497956800934034,0.002,3426,10000,True
consistency,harder_holdout,chrono_late_train_early_eval,harder_holdout_local_calibration_issue17_18_19,F0_V1_baseline,baseline,V1_LOW_GUARD_minimal,raw_v1,none,51,heldout_47_51,0.01,-3.2033476938112866,32,100,0.7843867000192404,0.042444299964699894,101,True,False,0.705273963806188,0.7560938824515404,0.8092256378213308,0.6903093987157034,0.6798015178050204,0.0018,3426,10000,True
consistency,harder_holdout,chrono_late_train_early_eval,harder_holdout_local_calibration_issue17_18_19,F1_V2_top64_baseline,baseline,V2_top64_LR,raw_v2,none,51,heldout_47_51,0.01,-2.8655547549506384,32,64,0.4181137999985367,0.026339500036556274,65,True,False,0.9932267950963222,0.9883133894403848,0.9539070131744536,0.9538820782253357,0.9500875656742557,0.0089,3426,10000,True
consistency,harder_holdout,chrono_late_train_early_eval,harder_holdout_local_calibration_issue17_18_19,F2_linear_alpha_selected,targeted_fusion_retry,F2_linear_alpha_selected,linear_alpha,alpha_0.50,51,heldout_47_51,0.01,2.074290030850686,32,2,6.880000000819564e-05,0.10002040001563728,0,True,False,0.7413222708698189,0.7863313268107066,0.8330267801353528,0.7157034442498541,0.7078225335668418,0.0018,3426,10000,True
consistency,harder_holdout,chrono_late_train_early_eval,harder_holdout_local_calibration_issue17_18_19,F3_residual_lr_selected,targeted_fusion_retry,F3_residual_lr_selected,residual_lr,residual_C_1.0,51,heldout_47_51,0.01,-3.308498916079744,32,5,0.02302280004369095,0.12210709997452796,6,True,False,0.7247998248686516,0.7710313715817919,0.8182447555934957,0.706071220081728,0.6970227670753065,0.0016,3426,10000,True
consistency,harder_holdout,chrono_late_train_early_eval,harder_holdout_local_calibration_issue17_18_19,F4_conservative_max_selected,targeted_fusion_retry,F4_conservative_max_selected,conservative_max,beta_1.00,51,heldout_47_51,0.01,2.8155561495617247,32,2,5.289999535307288e-05,0.13821080001071095,0,True,False,0.997993169877408,0.98501565897248,0.9318483837752687,0.9778166958552248,0.9497956800934034,0.002,3426,10000,True
consistency,harder_holdout,holdout_bin_2,harder_holdout_local_calibration_issue17_18_19,F0_V1_baseline,baseline,V1_LOW_GUARD_minimal,raw_v1,none,42,main_42_46,0.01,-3.126371385544741,32,100,0.6007232000119984,0.0392732999753207,101,True,False,0.39120140949554894,0.4045698979159527,0.6620118396134977,0.3479228486646884,0.3264094955489614,0.0011,1348,10000,True
consistency,harder_holdout,holdout_bin_2,harder_holdout_local_calibration_issue17_18_19,F1_V2_top64_baseline,baseline,V2_top64_LR,raw_v2,none,42,main_42_46,0.01,-3.4616880163438504,32,64,0.35586870001861826,0.023180199961643666,65,True,False,0.9959862759643916,0.9865837153127115,0.9734838882841508,0.9770029673590505,0.9740356083086054,0.0057,1348,10000,True
consistency,harder_holdout,holdout_bin_2,harder_holdout_local_calibration_issue17_18_19,F2_linear_alpha_selected,targeted_fusion_retry,F2_linear_alpha_selected,linear_alpha,alpha_0.50,42,main_42_46,0.01,2.014691844707574,32,2,8.239998714998364e-05,0.09736030001658946,0,True,False,0.5274047477744808,0.5203155145120674,0.7118530337145669,0.44584569732937684,0.4250741839762611,0.0009,1348,10000,True
consistency,harder_holdout,holdout_bin_2,harder_holdout_local_calibration_issue17_18_19,F3_residual_lr_selected,targeted_fusion_retry,F3_residual_lr_selected,residual_lr,residual_C_1.0,42,main_42_46,0.01,-3.3388087232441643,32,5,0.022283700003754348,0.09455789998173714,6,True,False,0.4624071958456973,0.4647024608607724,0.6909585017073498,0.4094955489614243,0.3805637982195846,0.0013,1348,10000,True
consistency,harder_holdout,holdout_bin_2,harder_holdout_local_calibration_issue17_18_19,F4_conservative_max_selected,targeted_fusion_retry,F4_conservative_max_selected,conservative_max,beta_1.00,42,main_42_46,0.01,2.556242965258015,32,2,0.00018260005163028836,0.09708779997890815,0,True,False,0.998959347181009,0.9881967871935577,0.9653870241414788,0.9962908011869436,0.9428783382789317,0.0029,1348,10000,True
consistency,harder_holdout,holdout_bin_2,harder_holdout_local_calibration_issue17_18_19,F0_V1_baseline,baseline,V1_LOW_GUARD_minimal,raw_v1,none,43,main_42_46,0.01,-3.126371385544741,32,100,0.5968075999990106,0.03786350000882521,101,True,False,0.39120140949554894,0.4045698979159527,0.6620118396134977,0.3479228486646884,0.3264094955489614,0.0011,1348,10000,True
consistency,harder_holdout,holdout_bin_2,harder_holdout_local_calibration_issue17_18_19,F1_V2_top64_baseline,baseline,V2_top64_LR,raw_v2,none,43,main_42_46,0.01,-3.4616880163438504,32,64,0.36568719998467714,0.023792500025592744,65,True,False,0.9959862759643916,0.9865837153127115,0.9734838882841508,0.9770029673590505,0.9740356083086054,0.0057,1348,10000,True
consistency,harder_holdout,holdout_bin_2,harder_holdout_local_calibration_issue17_18_19,F2_linear_alpha_selected,targeted_fusion_retry,F2_linear_alpha_selected,linear_alpha,alpha_0.50,43,main_42_46,0.01,2.014691844707574,32,2,5.949998740106821e-05,0.0921608000062406,0,True,False,0.5274047477744808,0.5203155145120674,0.7118530337145669,0.44584569732937684,0.4250741839762611,0.0009,1348,10000,True
consistency,harder_holdout,holdout_bin_2,harder_holdout_local_calibration_issue17_18_19,F3_residual_lr_selected,targeted_fusion_retry,F3_residual_lr_selected,residual_lr,residual_C_1.0,43,main_42_46,0.01,-3.3388087232441643,32,5,0.01835129997925833,0.09788040001876652,6,True,False,0.4624071958456973,0.4647024608607724,0.6909585017073498,0.4094955489614243,0.3805637982195846,0.0013,1348,10000,True
consistency,harder_holdout,holdout_bin_2,harder_holdout_local_calibration_issue17_18_19,F4_conservative_max_selected,targeted_fusion_retry,F4_conservative_max_selected,conservative_max,beta_1.00,43,main_42_46,0.01,2.556242965258015,32,2,5.1799986977130175e-05,0.10985180002171546,0,True,False,0.998959347181009,0.9881967871935577,0.9653870241414788,0.9962908011869436,0.9428783382789317,0.0029,1348,10000,True
consistency,harder_holdout,holdout_bin_2,harder_holdout_local_calibration_issue17_18_19,F0_V1_baseline,baseline,V1_LOW_GUARD_minimal,raw_v1,none,44,main_42_46,0.01,-3.126371385544741,32,100,0.6002000999869779,0.0356993000023067,101,True,False,0.39120140949554894,0.4045698979159527,0.6620118396134977,0.3479228486646884,0.3264094955489614,0.0011,1348,10000,True
consistency,harder_holdout,holdout_bin_2,harder_holdout_local_calibration_issue17_18_19,F1_V2_top64_baseline,baseline,V2_top64_LR,raw_v2,none,44,main_42_46,0.01,-3.4616880163438504,32,64,0.43627479998394847,0.01995719998376444,65,True,False,0.9959862759643916,0.9865837153127115,0.9734838882841508,0.9770029673590505,0.9740356083086054,0.0057,1348,10000,True
consistency,harder_holdout,holdout_bin_2,harder_holdout_local_calibration_issue17_18_19,F2_linear_alpha_selected,targeted_fusion_retry,F2_linear_alpha_selected,linear_alpha,alpha_0.60,44,main_42_46,0.01,1.9932232365518725,32,2,6.719998782500625e-05,0.10695919999852777,0,True,False,0.588343768545994,0.5824908493405067,0.7409488093285418,0.5096439169139466,0.4710682492581602,0.0008,1348,10000,True
consistency,harder_holdout,holdout_bin_2,harder_holdout_local_calibration_issue17_18_19,F3_residual_lr_selected,targeted_fusion_retry,F3_residual_lr_selected,residual_lr,residual_C_1.0,44,main_42_46,0.01,-3.3388087232441643,32,5,0.022851600020658225,0.10225519997766241,6,True,False,0.4624071958456973,0.4647024608607724,0.6909585017073498,0.4094955489614243,0.3805637982195846,0.0013,1348,10000,True
consistency,harder_holdout,holdout_bin_2,harder_holdout_local_calibration_issue17_18_19,F4_conservative_max_selected,targeted_fusion_retry,F4_conservative_max_selected,conservative_max,beta_1.00,44,main_42_46,0.01,2.556242965258015,32,2,5.4500007536262274e-05,0.11018800002057105,0,True,False,0.998959347181009,0.9881967871935577,0.9653870241414788,0.9962908011869436,0.9428783382789317,0.0029,1348,10000,True
consistency,harder_holdout,holdout_bin_2,harder_holdout_local_calibration_issue17_18_19,F0_V1_baseline,baseline,V1_LOW_GUARD_minimal,raw_v1,none,45,main_42_46,0.01,-3.126371385544741,32,100,0.5856961000245064,0.032200199959333986,101,True,False,0.39120140949554894,0.4045698979159527,0.6620118396134977,0.3479228486646884,0.3264094955489614,0.0011,1348,10000,True
consistency,harder_holdout,holdout_bin_2,harder_holdout_local_calibration_issue17_18_19,F1_V2_top64_baseline,baseline,V2_top64_LR,raw_v2,none,45,main_42_46,0.01,-3.4616880163438504,32,64,0.3755764999659732,0.021162800025194883,65,True,False,0.9959862759643916,0.9865837153127115,0.9734838882841508,0.9770029673590505,0.9740356083086054,0.0057,1348,10000,True
consistency,harder_holdout,holdout_bin_2,harder_holdout_local_calibration_issue17_18_19,F2_linear_alpha_selected,targeted_fusion_retry,F2_linear_alpha_selected,linear_alpha,alpha_0.50,45,main_42_46,0.01,2.014691844707574,32,2,0.000109999964479357,0.10060549998888746,0,True,False,0.5274047477744808,0.5203155145120674,0.7118530337145669,0.44584569732937684,0.4250741839762611,0.0009,1348,10000,True
consistency,harder_holdout,holdout_bin_2,harder_holdout_local_calibration_issue17_18_19,F3_residual_lr_selected,targeted_fusion_retry,F3_residual_lr_selected,residual_lr,residual_C_1.0,45,main_42_46,0.01,-3.3388087232441643,32,5,0.022080000024288893,0.1031457000062801,6,True,False,0.4624071958456973,0.4647024608607724,0.6909585017073498,0.4094955489614243,0.3805637982195846,0.0013,1348,10000,True
consistency,harder_holdout,holdout_bin_2,harder_holdout_local_calibration_issue17_18_19,F4_conservative_max_selected,targeted_fusion_retry,F4_conservative_max_selected,conservative_max,beta_1.00,45,main_42_46,0.01,2.556242965258015,32,2,4.9799971748143435e-05,0.09257900004740804,0,True,False,0.998959347181009,0.9881967871935577,0.9653870241414788,0.9962908011869436,0.9428783382789317,0.0029,1348,10000,True
consistency,harder_holdout,holdout_bin_2,harder_holdout_local_calibration_issue17_18_19,F0_V1_baseline,baseline,V1_LOW_GUARD_minimal,raw_v1,none,46,main_42_46,0.01,-3.126371385544741,32,100,0.5877903000218794,0.03027639997890219,101,True,False,0.39120140949554894,0.4045698979159527,0.6620118396134977,0.3479228486646884,0.3264094955489614,0.0011,1348,10000,True
consistency,harder_holdout,holdout_bin_2,harder_holdout_local_calibration_issue17_18_19,F1_V2_top64_baseline,baseline,V2_top64_LR,raw_v2,none,46,main_42_46,0.01,-3.4616880163438504,32,64,0.3807076999801211,0.02119569998467341,65,True,False,0.9959862759643916,0.9865837153127115,0.9734838882841508,0.9770029673590505,0.9740356083086054,0.0057,1348,10000,True
consistency,harder_holdout,holdout_bin_2,harder_holdout_local_calibration_issue17_18_19,F2_linear_alpha_selected,targeted_fusion_retry,F2_linear_alpha_selected,linear_alpha,alpha_0.50,46,main_42_46,0.01,2.014691844707574,32,2,6.059999577701092e-05,0.09678540000459179,0,True,False,0.5274047477744808,0.5203155145120674,0.7118530337145669,0.44584569732937684,0.4250741839762611,0.0009,1348,10000,True
consistency,harder_holdout,holdout_bin_2,harder_holdout_local_calibration_issue17_18_19,F3_residual_lr_selected,targeted_fusion_retry,F3_residual_lr_selected,residual_lr,residual_C_1.0,46,main_42_46,0.01,-3.3388087232441643,32,5,0.02343909995397553,0.09671180002624169,6,True,False,0.4624071958456973,0.4647024608607724,0.6909585017073498,0.4094955489614243,0.3805637982195846,0.0013,1348,10000,True
consistency,harder_holdout,holdout_bin_2,harder_holdout_local_calibration_issue17_18_19,F4_conservative_max_selected,targeted_fusion_retry,F4_conservative_max_selected,conservative_max,beta_1.00,46,main_42_46,0.01,2.556242965258015,32,2,4.980002995580435e-05,0.10158509999746457,0,True,False,0.998959347181009,0.9881967871935577,0.9653870241414788,0.9962908011869436,0.9428783382789317,0.0029,1348,10000,True
consistency,harder_holdout,holdout_bin_2,harder_holdout_local_calibration_issue17_18_19,F0_V1_baseline,baseline,V1_LOW_GUARD_minimal,raw_v1,none,47,heldout_47_51,0.01,-3.126371385544741,32,100,0.6055682000005618,0.034874699951615185,101,True,False,0.39120140949554894,0.4045698979159527,0.6620118396134977,0.3479228486646884,0.3264094955489614,0.0011,1348,10000,True
consistency,harder_holdout,holdout_bin_2,harder_holdout_local_calibration_issue17_18_19,F1_V2_top64_baseline,baseline,V2_top64_LR,raw_v2,none,47,heldout_47_51,0.01,-3.4616880163438504,32,64,0.36638280004262924,0.019876099948305637,65,True,False,0.9959862759643916,0.9865837153127115,0.9734838882841508,0.9770029673590505,0.9740356083086054,0.0057,1348,10000,True
consistency,harder_holdout,holdout_bin_2,harder_holdout_local_calibration_issue17_18_19,F2_linear_alpha_selected,targeted_fusion_retry,F2_linear_alpha_selected,linear_alpha,alpha_0.50,47,heldout_47_51,0.01,2.014691844707574,32,2,6.019999273121357e-05,0.09459449996938929,0,True,False,0.5274047477744808,0.5203155145120674,0.7118530337145669,0.44584569732937684,0.4250741839762611,0.0009,1348,10000,True
consistency,harder_holdout,holdout_bin_2,harder_holdout_local_calibration_issue17_18_19,F3_residual_lr_selected,targeted_fusion_retry,F3_residual_lr_selected,residual_lr,residual_C_1.0,47,heldout_47_51,0.01,-3.3388087232441643,32,5,0.01906700001563877,0.0960637999814935,6,True,False,0.4624071958456973,0.4647024608607724,0.6909585017073498,0.4094955489614243,0.3805637982195846,0.0013,1348,10000,True
consistency,harder_holdout,holdout_bin_2,harder_holdout_local_calibration_issue17_18_19,F4_conservative_max_selected,targeted_fusion_retry,F4_conservative_max_selected,conservative_max,beta_1.00,47,heldout_47_51,0.01,2.556242965258015,32,2,5.259999306872487e-05,0.10652420000405982,0,True,False,0.998959347181009,0.9881967871935577,0.9653870241414788,0.9962908011869436,0.9428783382789317,0.0029,1348,10000,True
consistency,harder_holdout,holdout_bin_2,harder_holdout_local_calibration_issue17_18_19,F0_V1_baseline,baseline,V1_LOW_GUARD_minimal,raw_v1,none,48,heldout_47_51,0.01,-3.126371385544741,32,100,0.6309905999805778,0.029670799965970218,101,True,False,0.39120140949554894,0.4045698979159527,0.6620118396134977,0.3479228486646884,0.3264094955489614,0.0011,1348,10000,True
consistency,harder_holdout,holdout_bin_2,harder_holdout_local_calibration_issue17_18_19,F1_V2_top64_baseline,baseline,V2_top64_LR,raw_v2,none,48,heldout_47_51,0.01,-3.4616880163438504,32,64,0.3647717999992892,0.021281099994666874,65,True,False,0.9959862759643916,0.9865837153127115,0.9734838882841508,0.9770029673590505,0.9740356083086054,0.0057,1348,10000,True
consistency,harder_holdout,holdout_bin_2,harder_holdout_local_calibration_issue17_18_19,F2_linear_alpha_selected,targeted_fusion_retry,F2_linear_alpha_selected,linear_alpha,alpha_0.50,48,heldout_47_51,0.01,2.014691844707574,32,2,6.029999349266291e-05,0.10018680000212044,0,True,False,0.5274047477744808,0.5203155145120674,0.7118530337145669,0.44584569732937684,0.4250741839762611,0.0009,1348,10000,True
consistency,harder_holdout,holdout_bin_2,harder_holdout_local_calibration_issue17_18_19,F3_residual_lr_selected,targeted_fusion_retry,F3_residual_lr_selected,residual_lr,residual_C_1.0,48,heldout_47_51,0.01,-3.3388087232441643,32,5,0.022753499972168356,0.10347730002831668,6,True,False,0.4624071958456973,0.4647024608607724,0.6909585017073498,0.4094955489614243,0.3805637982195846,0.0013,1348,10000,True
consistency,harder_holdout,holdout_bin_2,harder_holdout_local_calibration_issue17_18_19,F4_conservative_max_selected,targeted_fusion_retry,F4_conservative_max_selected,conservative_max,beta_1.00,48,heldout_47_51,0.01,2.556242965258015,32,2,6.46000262349844e-05,0.1043053999892436,0,True,False,0.998959347181009,0.9881967871935577,0.9653870241414788,0.9962908011869436,0.9428783382789317,0.0029,1348,10000,True
consistency,harder_holdout,holdout_bin_2,harder_holdout_local_calibration_issue17_18_19,F0_V1_baseline,baseline,V1_LOW_GUARD_minimal,raw_v1,none,49,heldout_47_51,0.01,-3.126371385544741,32,100,0.5867476999992505,0.03532870003255084,101,True,False,0.39120140949554894,0.4045698979159527,0.6620118396134977,0.3479228486646884,0.3264094955489614,0.0011,1348,10000,True
consistency,harder_holdout,holdout_bin_2,harder_holdout_local_calibration_issue17_18_19,F1_V2_top64_baseline,baseline,V2_top64_LR,raw_v2,none,49,heldout_47_51,0.01,-3.4616880163438504,32,64,0.4708087999606505,0.02564540004823357,65,True,False,0.9959862759643916,0.9865837153127115,0.9734838882841508,0.9770029673590505,0.9740356083086054,0.0057,1348,10000,True
consistency,harder_holdout,holdout_bin_2,harder_holdout_local_calibration_issue17_18_19,F2_linear_alpha_selected,targeted_fusion_retry,F2_linear_alpha_selected,linear_alpha,alpha_0.50,49,heldout_47_51,0.01,2.014691844707574,32,2,9.879999561235309e-05,0.11137499997857958,0,True,False,0.5274047477744808,0.5203155145120674,0.7118530337145669,0.44584569732937684,0.4250741839762611,0.0009,1348,10000,True
consistency,harder_holdout,holdout_bin_2,harder_holdout_local_calibration_issue17_18_19,F3_residual_lr_selected,targeted_fusion_retry,F3_residual_lr_selected,residual_lr,residual_C_1.0,49,heldout_47_51,0.01,-3.3388087232441643,32,5,0.02468810003483668,0.10437189997173846,6,True,False,0.4624071958456973,0.4647024608607724,0.6909585017073498,0.4094955489614243,0.3805637982195846,0.0013,1348,10000,True
consistency,harder_holdout,holdout_bin_2,harder_holdout_local_calibration_issue17_18_19,F4_conservative_max_selected,targeted_fusion_retry,F4_conservative_max_selected,conservative_max,beta_1.00,49,heldout_47_51,0.01,2.556242965258015,32,2,6.530003156512976e-05,0.09991810005158186,0,True,False,0.998959347181009,0.9881967871935577,0.9653870241414788,0.9962908011869436,0.9428783382789317,0.0029,1348,10000,True
consistency,harder_holdout,holdout_bin_2,harder_holdout_local_calibration_issue17_18_19,F0_V1_baseline,baseline,V1_LOW_GUARD_minimal,raw_v1,none,50,heldout_47_51,0.01,-3.126371385544741,32,100,0.5857935999520123,0.032532600045669824,101,True,False,0.39120140949554894,0.4045698979159527,0.6620118396134977,0.3479228486646884,0.3264094955489614,0.0011,1348,10000,True
consistency,harder_holdout,holdout_bin_2,harder_holdout_local_calibration_issue17_18_19,F1_V2_top64_baseline,baseline,V2_top64_LR,raw_v2,none,50,heldout_47_51,0.01,-3.4616880163438504,32,64,0.3648451999761164,0.01958250004099682,65,True,False,0.9959862759643916,0.9865837153127115,0.9734838882841508,0.9770029673590505,0.9740356083086054,0.0057,1348,10000,True
consistency,harder_holdout,holdout_bin_2,harder_holdout_local_calibration_issue17_18_19,F2_linear_alpha_selected,targeted_fusion_retry,F2_linear_alpha_selected,linear_alpha,alpha_0.60,50,heldout_47_51,0.01,1.9932232365518725,32,2,7.960002403706312e-05,0.09620009997161105,0,True,False,0.588343768545994,0.5824908493405067,0.7409488093285418,0.5096439169139466,0.4710682492581602,0.0008,1348,10000,True
consistency,harder_holdout,holdout_bin_2,harder_holdout_local_calibration_issue17_18_19,F3_residual_lr_selected,targeted_fusion_retry,F3_residual_lr_selected,residual_lr,residual_C_1.0,50,heldout_47_51,0.01,-3.3388087232441643,32,5,0.01909210003213957,0.09375489997910336,6,True,False,0.4624071958456973,0.4647024608607724,0.6909585017073498,0.4094955489614243,0.3805637982195846,0.0013,1348,10000,True
consistency,harder_holdout,holdout_bin_2,harder_holdout_local_calibration_issue17_18_19,F4_conservative_max_selected,targeted_fusion_retry,F4_conservative_max_selected,conservative_max,beta_1.00,50,heldout_47_51,0.01,2.556242965258015,32,2,4.6900007873773575e-05,0.10406540002441034,0,True,False,0.998959347181009,0.9881967871935577,0.9653870241414788,0.9962908011869436,0.9428783382789317,0.0029,1348,10000,True
consistency,harder_holdout,holdout_bin_2,harder_holdout_local_calibration_issue17_18_19,F0_V1_baseline,baseline,V1_LOW_GUARD_minimal,raw_v1,none,51,heldout_47_51,0.01,-3.126371385544741,32,100,0.6196843999787234,0.03289620002033189,101,True,False,0.39120140949554894,0.4045698979159527,0.6620118396134977,0.3479228486646884,0.3264094955489614,0.0011,1348,10000,True
consistency,harder_holdout,holdout_bin_2,harder_holdout_local_calibration_issue17_18_19,F1_V2_top64_baseline,baseline,V2_top64_LR,raw_v2,none,51,heldout_47_51,0.01,-3.4616880163438504,32,64,0.38536360004218295,0.023635000048670918,65,True,False,0.9959862759643916,0.9865837153127115,0.9734838882841508,0.9770029673590505,0.9740356083086054,0.0057,1348,10000,True
consistency,harder_holdout,holdout_bin_2,harder_holdout_local_calibration_issue17_18_19,F2_linear_alpha_selected,targeted_fusion_retry,F2_linear_alpha_selected,linear_alpha,alpha_0.80,51,heldout_47_51,0.01,1.9707741912010555,32,2,7.200002437457442e-05,0.10125690000131726,0,True,False,0.813486350148368,0.7982226763140364,0.8540588700177445,0.7462908011869436,0.6965875370919882,0.0025,1348,10000,True
consistency,harder_holdout,holdout_bin_2,harder_holdout_local_calibration_issue17_18_19,F3_residual_lr_selected,targeted_fusion_retry,F3_residual_lr_selected,residual_lr,residual_C_1.0,51,heldout_47_51,0.01,-3.3388087232441643,32,5,0.022620400006417185,0.09923109994269907,6,True,False,0.4624071958456973,0.4647024608607724,0.6909585017073498,0.4094955489614243,0.3805637982195846,0.0013,1348,10000,True
consistency,harder_holdout,holdout_bin_2,harder_holdout_local_calibration_issue17_18_19,F4_conservative_max_selected,targeted_fusion_retry,F4_conservative_max_selected,conservative_max,beta_1.00,51,heldout_47_51,0.01,2.556242965258015,32,2,5.559995770454407e-05,0.10234810004476458,0,True,False,0.998959347181009,0.9881967871935577,0.9653870241414788,0.9962908011869436,0.9428783382789317,0.0029,1348,10000,True
