setting,seed,seed_group,evidence_strategy,k,confirmed_attack_count,confirmed_attack_candidate_indices,evidence_uses_final_attack_eval,evidence_uses_final_ood_eval
primary_lowood,42,main_42_46,R0_random_confirmed_attack_validation,4,4,204;2776;3095;2046,False,False
primary_lowood,42,main_42_46,R0_random_confirmed_attack_validation,8,8,3183;3092;3670;2773;203;2679;2044;364,False,False
primary_lowood,42,main_42_46,R0_random_confirmed_attack_validation,16,16,438;3663;1587;138;2674;3177;2040;364;203;3142;271;3373;2768;3086;1749;1905,False,False
primary_lowood,42,main_42_46,R0_random_confirmed_attack_validation,32,32,3524;3660;137;2163;1007;362;202;2757;3026;2032;2762;3165;3938;474;2663;1898;3074;436;158;1711;2573;3130;1742;2429;3649;270;3566;906;3360;1581;1612;3376,False,False
primary_lowood,42,main_42_46,R1_kcenter_confirmed_attack_validation,4,4,1805;12;201;1522,False,False
primary_lowood,42,main_42_46,R1_kcenter_confirmed_attack_validation,8,8,1805;12;201;1522;200;3905;10;14,False,False
primary_lowood,42,main_42_46,R1_kcenter_confirmed_attack_validation,16,16,1805;12;201;1522;200;3905;10;14;1947;219;943;3367;1528;13;15;203,False,False
primary_lowood,42,main_42_46,R1_kcenter_confirmed_attack_validation,32,32,1805;12;201;1522;200;3905;10;14;1947;219;943;3367;1528;13;15;203;3901;344;19;22;204;3403;159;3397;4050;224;394;11;235;177;427;163,False,False
primary_lowood,42,main_42_46,R2_V2_high_V1_low_disagreement_review,4,4,392;375;348;184,False,False
primary_lowood,42,main_42_46,R2_V2_high_V1_low_disagreement_review,8,8,392;375;348;184;347;168;164;169,False,False
primary_lowood,42,main_42_46,R2_V2_high_V1_low_disagreement_review,16,16,392;375;348;184;347;168;164;169;171;165;170;172;362;394;361;377,False,False
primary_lowood,42,main_42_46,R2_V2_high_V1_low_disagreement_review,32,32,392;375;348;184;347;168;164;169;171;165;170;172;362;394;361;377;358;365;393;397;376;446;366;2238;380;398;186;185;2149;430;2224;381,False,False
primary_lowood,42,main_42_46,R3_near_threshold_uncertainty_review,4,1,4922;237;5122;5881,False,False
primary_lowood,42,main_42_46,R3_near_threshold_uncertainty_review,8,4,4922;237;5122;5881;261;5866;3680;2189,False,False
primary_lowood,42,main_42_46,R3_near_threshold_uncertainty_review,16,9,4922;237;5122;5881;261;5866;3680;2189;507;239;2014;4119;4909;2176;1431;4888,False,False
primary_lowood,42,main_42_46,R3_near_threshold_uncertainty_review,32,17,4922;237;5122;5881;261;5866;3680;2189;507;239;2014;4119;4909;2176;1431;4888;392;5258;4910;446;2218;5878;4920;1995;4358;5588;2057;257;4856;263;5882;235,False,False
primary_lowood,42,main_42_46,R4_representation_shift_high_review,4,4,12;199;13;200,False,False
primary_lowood,42,main_42_46,R4_representation_shift_high_review,8,8,12;199;13;200;348;349;347;168,False,False
primary_lowood,42,main_42_46,R4_representation_shift_high_review,16,16,12;199;13;200;348;349;347;168;350;169;352;164;171;201;14;346,False,False
primary_lowood,42,main_42_46,R4_representation_shift_high_review,32,32,12;199;13;200;348;349;347;168;350;169;352;164;171;201;14;346;353;172;354;170;202;631;351;2204;626;598;15;642;11;2199;2237;2222,False,False
primary_lowood,42,main_42_46,R5_hybrid_active_review,4,4,348;2176;392;172,False,False
primary_lowood,42,main_42_46,R5_hybrid_active_review,8,8,348;2176;392;172;375;347;199;2163,False,False
primary_lowood,42,main_42_46,R5_hybrid_active_review,16,16,348;2176;392;172;375;347;199;2163;2149;2134;3725;2224;171;2121;2107;2200,False,False
primary_lowood,42,main_42_46,R5_hybrid_active_review,32,32,348;2176;392;172;375;347;199;2163;2149;2134;3725;2224;171;2121;2107;2200;2191;2206;2238;2178;184;2076;170;169;2091;237;239;2165;168;2145;243;241,False,False
primary_lowood,43,main_42_46,R0_random_confirmed_attack_validation,4,4,2460;384;2797;1302,False,False
primary_lowood,43,main_42_46,R0_random_confirmed_attack_validation,8,8,1775;1301;3068;383;2794;2457;2374;936,False,False
primary_lowood,43,main_42_46,R0_random_confirmed_attack_validation,16,16,1230;2452;2789;3345;934;174;1771;1298;3062;383;2832;875;2759;2370;3359;972,False,False
primary_lowood,43,main_42_46,R0_random_confirmed_attack_validation,32,32,2178;2778;3645;969;3186;3240;2768;871;173;1110;1225;2241;2821;3050;930;2360;1577;928;2000;3332;2748;1633;2571;381;1717;1764;3059;2062;2462;3346;2443;1293,False,False
primary_lowood,43,main_42_46,R1_kcenter_confirmed_attack_validation,4,4,1805;12;201;1522,False,False
primary_lowood,43,main_42_46,R1_kcenter_confirmed_attack_validation,8,8,1805;12;201;1522;200;3905;10;14,False,False
primary_lowood,43,main_42_46,R1_kcenter_confirmed_attack_validation,16,16,1805;12;201;1522;200;3905;10;14;1947;219;943;3367;1528;13;15;203,False,False
primary_lowood,43,main_42_46,R1_kcenter_confirmed_attack_validation,32,32,1805;12;201;1522;200;3905;10;14;1947;219;943;3367;1528;13;15;203;3901;344;19;22;204;3403;159;3397;4050;224;394;11;235;177;427;163,False,False
primary_lowood,43,main_42_46,R2_V2_high_V1_low_disagreement_review,4,4,392;375;348;184,False,False
primary_lowood,43,main_42_46,R2_V2_high_V1_low_disagreement_review,8,8,392;375;348;184;347;168;164;169,False,False
primary_lowood,43,main_42_46,R2_V2_high_V1_low_disagreement_review,16,16,392;375;348;184;347;168;164;169;171;165;170;172;362;394;361;377,False,False
primary_lowood,43,main_42_46,R2_V2_high_V1_low_disagreement_review,32,32,392;375;348;184;347;168;164;169;171;165;170;172;362;394;361;377;358;365;393;397;376;446;366;2238;380;398;186;185;2149;430;2224;381,False,False
primary_lowood,43,main_42_46,R3_near_threshold_uncertainty_review,4,1,4922;237;5122;5881,False,False
primary_lowood,43,main_42_46,R3_near_threshold_uncertainty_review,8,4,4922;237;5122;5881;261;5866;3680;2189,False,False
primary_lowood,43,main_42_46,R3_near_threshold_uncertainty_review,16,9,4922;237;5122;5881;261;5866;3680;2189;507;239;2014;4119;4909;2176;1431;4888,False,False
primary_lowood,43,main_42_46,R3_near_threshold_uncertainty_review,32,17,4922;237;5122;5881;261;5866;3680;2189;507;239;2014;4119;4909;2176;1431;4888;392;5258;4910;446;2218;5878;4920;1995;4358;5588;2057;257;4856;263;5882;235,False,False
primary_lowood,43,main_42_46,R4_representation_shift_high_review,4,4,12;199;13;200,False,False
primary_lowood,43,main_42_46,R4_representation_shift_high_review,8,8,12;199;13;200;348;349;347;168,False,False
primary_lowood,43,main_42_46,R4_representation_shift_high_review,16,16,12;199;13;200;348;349;347;168;350;169;352;164;171;201;14;346,False,False
primary_lowood,43,main_42_46,R4_representation_shift_high_review,32,32,12;199;13;200;348;349;347;168;350;169;352;164;171;201;14;346;353;172;354;170;202;631;351;2204;626;598;15;642;11;2199;2237;2222,False,False
primary_lowood,43,main_42_46,R5_hybrid_active_review,4,4,348;2176;392;172,False,False
primary_lowood,43,main_42_46,R5_hybrid_active_review,8,8,348;2176;392;172;375;347;199;2163,False,False
primary_lowood,43,main_42_46,R5_hybrid_active_review,16,16,348;2176;392;172;375;347;199;2163;2149;2134;3725;2224;171;2121;2107;2200,False,False
primary_lowood,43,main_42_46,R5_hybrid_active_review,32,32,348;2176;392;172;375;347;199;2163;2149;2134;3725;2224;171;2121;2107;2200;2191;2206;2238;2178;184;2076;170;169;2091;237;239;2165;168;2145;243;241,False,False
primary_lowood,44,main_42_46,R0_random_confirmed_attack_validation,4,4,746;3812;2493;2852,False,False
primary_lowood,44,main_42_46,R0_random_confirmed_attack_validation,8,8,2490;275;2865;3808;349;2850;3406;746,False,False
primary_lowood,44,main_42_46,R0_random_confirmed_attack_validation,16,16,2843;2859;275;2844;2426;1977;3399;744;646;2485;2318;3757;3800;2642;3696;349,False,False
primary_lowood,44,main_42_46,R0_random_confirmed_attack_validation,32,32,3735;4041;3410;4001;2848;274;0;644;2521;3386;2832;1669;1969;2475;865;741;3743;2631;4018;2309;2833;2417;2147;996;3786;455;2774;945;3682;655;885;347,False,False
primary_lowood,44,main_42_46,R1_kcenter_confirmed_attack_validation,4,4,1805;12;201;1522,False,False
primary_lowood,44,main_42_46,R1_kcenter_confirmed_attack_validation,8,8,1805;12;201;1522;200;3905;10;14,False,False
primary_lowood,44,main_42_46,R1_kcenter_confirmed_attack_validation,16,16,1805;12;201;1522;200;3905;10;14;1947;219;943;3367;1528;13;15;203,False,False
primary_lowood,44,main_42_46,R1_kcenter_confirmed_attack_validation,32,32,1805;12;201;1522;200;3905;10;14;1947;219;943;3367;1528;13;15;203;3901;344;19;22;204;3403;159;3397;4050;224;394;11;235;177;427;163,False,False
primary_lowood,44,main_42_46,R2_V2_high_V1_low_disagreement_review,4,4,392;375;348;184,False,False
primary_lowood,44,main_42_46,R2_V2_high_V1_low_disagreement_review,8,8,392;375;348;184;347;168;164;169,False,False
primary_lowood,44,main_42_46,R2_V2_high_V1_low_disagreement_review,16,16,392;375;348;184;347;168;164;169;171;165;170;172;362;394;361;377,False,False
primary_lowood,44,main_42_46,R2_V2_high_V1_low_disagreement_review,32,32,392;375;348;184;347;168;164;169;171;165;170;172;362;394;361;377;358;365;393;397;376;446;366;2238;380;398;186;185;2149;430;2224;381,False,False
primary_lowood,44,main_42_46,R3_near_threshold_uncertainty_review,4,1,4922;237;5122;5881,False,False
primary_lowood,44,main_42_46,R3_near_threshold_uncertainty_review,8,4,4922;237;5122;5881;261;5866;3680;2189,False,False
primary_lowood,44,main_42_46,R3_near_threshold_uncertainty_review,16,9,4922;237;5122;5881;261;5866;3680;2189;507;239;2014;4119;4909;2176;1431;4888,False,False
primary_lowood,44,main_42_46,R3_near_threshold_uncertainty_review,32,17,4922;237;5122;5881;261;5866;3680;2189;507;239;2014;4119;4909;2176;1431;4888;392;5258;4910;446;2218;5878;4920;1995;4358;5588;2057;257;4856;263;5882;235,False,False
primary_lowood,44,main_42_46,R4_representation_shift_high_review,4,4,12;199;13;200,False,False
primary_lowood,44,main_42_46,R4_representation_shift_high_review,8,8,12;199;13;200;348;349;347;168,False,False
primary_lowood,44,main_42_46,R4_representation_shift_high_review,16,16,12;199;13;200;348;349;347;168;350;169;352;164;171;201;14;346,False,False
primary_lowood,44,main_42_46,R4_representation_shift_high_review,32,32,12;199;13;200;348;349;347;168;350;169;352;164;171;201;14;346;353;172;354;170;202;631;351;2204;626;598;15;642;11;2199;2237;2222,False,False
primary_lowood,44,main_42_46,R5_hybrid_active_review,4,4,348;2176;392;172,False,False
primary_lowood,44,main_42_46,R5_hybrid_active_review,8,8,348;2176;392;172;375;347;199;2163,False,False
primary_lowood,44,main_42_46,R5_hybrid_active_review,16,16,348;2176;392;172;375;347;199;2163;2149;2134;3725;2224;171;2121;2107;2200,False,False
primary_lowood,44,main_42_46,R5_hybrid_active_review,32,32,348;2176;392;172;375;347;199;2163;2149;2134;3725;2224;171;2121;2107;2200;2191;2206;2238;2178;184;2076;170;169;2091;237;239;2165;168;2145;243;241,False,False
primary_lowood,45,main_42_46,R0_random_confirmed_attack_validation,4,4,1425;3128;3366;3649,False,False
primary_lowood,45,main_42_46,R0_random_confirmed_attack_validation,8,8,3657;1424;3125;3645;2390;1851;2673;3363,False,False
primary_lowood,45,main_42_46,R0_random_confirmed_attack_validation,16,16,3638;2398;3459;1848;3660;2336;3119;2385;1421;3356;2668;3650;3390;3530;776;719,False,False
primary_lowood,45,main_42_46,R0_random_confirmed_attack_validation,32,32,155;3624;2327;3343;2388;1841;2055;2726;2658;773;3947;1415;2376;692;1214;3339;1629;3445;3106;2615;4083;3635;3516;716;3377;208;1499;2000;3646;2553;1119;4066,False,False
primary_lowood,45,main_42_46,R1_kcenter_confirmed_attack_validation,4,4,1805;12;201;1522,False,False
primary_lowood,45,main_42_46,R1_kcenter_confirmed_attack_validation,8,8,1805;12;201;1522;200;3905;10;14,False,False
primary_lowood,45,main_42_46,R1_kcenter_confirmed_attack_validation,16,16,1805;12;201;1522;200;3905;10;14;1947;219;943;3367;1528;13;15;203,False,False
primary_lowood,45,main_42_46,R1_kcenter_confirmed_attack_validation,32,32,1805;12;201;1522;200;3905;10;14;1947;219;943;3367;1528;13;15;203;3901;344;19;22;204;3403;159;3397;4050;224;394;11;235;177;427;163,False,False
primary_lowood,45,main_42_46,R2_V2_high_V1_low_disagreement_review,4,4,392;375;348;184,False,False
primary_lowood,45,main_42_46,R2_V2_high_V1_low_disagreement_review,8,8,392;375;348;184;347;168;164;169,False,False
primary_lowood,45,main_42_46,R2_V2_high_V1_low_disagreement_review,16,16,392;375;348;184;347;168;164;169;171;165;170;172;362;394;361;377,False,False
primary_lowood,45,main_42_46,R2_V2_high_V1_low_disagreement_review,32,32,392;375;348;184;347;168;164;169;171;165;170;172;362;394;361;377;358;365;393;397;376;446;366;2238;380;398;186;185;2149;430;2224;381,False,False
primary_lowood,45,main_42_46,R3_near_threshold_uncertainty_review,4,1,4922;237;5122;5881,False,False
primary_lowood,45,main_42_46,R3_near_threshold_uncertainty_review,8,4,4922;237;5122;5881;261;5866;3680;2189,False,False
primary_lowood,45,main_42_46,R3_near_threshold_uncertainty_review,16,9,4922;237;5122;5881;261;5866;3680;2189;507;239;2014;4119;4909;2176;1431;4888,False,False
primary_lowood,45,main_42_46,R3_near_threshold_uncertainty_review,32,17,4922;237;5122;5881;261;5866;3680;2189;507;239;2014;4119;4909;2176;1431;4888;392;5258;4910;446;2218;5878;4920;1995;4358;5588;2057;257;4856;263;5882;235,False,False
primary_lowood,45,main_42_46,R4_representation_shift_high_review,4,4,12;199;13;200,False,False
primary_lowood,45,main_42_46,R4_representation_shift_high_review,8,8,12;199;13;200;348;349;347;168,False,False
primary_lowood,45,main_42_46,R4_representation_shift_high_review,16,16,12;199;13;200;348;349;347;168;350;169;352;164;171;201;14;346,False,False
primary_lowood,45,main_42_46,R4_representation_shift_high_review,32,32,12;199;13;200;348;349;347;168;350;169;352;164;171;201;14;346;353;172;354;170;202;631;351;2204;626;598;15;642;11;2199;2237;2222,False,False
primary_lowood,45,main_42_46,R5_hybrid_active_review,4,4,348;2176;392;172,False,False
primary_lowood,45,main_42_46,R5_hybrid_active_review,8,8,348;2176;392;172;375;347;199;2163,False,False
primary_lowood,45,main_42_46,R5_hybrid_active_review,16,16,348;2176;392;172;375;347;199;2163;2149;2134;3725;2224;171;2121;2107;2200,False,False
primary_lowood,45,main_42_46,R5_hybrid_active_review,32,32,348;2176;392;172;375;347;199;2163;2149;2134;3725;2224;171;2121;2107;2200;2191;2206;2238;2178;184;2076;170;169;2091;237;239;2165;168;2145;243;241,False,False
primary_lowood,46,main_42_46,R0_random_confirmed_attack_validation,4,4,3235;474;1782;3484,False,False
primary_lowood,46,main_42_46,R0_random_confirmed_attack_validation,8,8,3867;378;473;699;1781;3480;3231;3200,False,False
primary_lowood,46,main_42_46,R0_random_confirmed_attack_validation,16,16,697;3474;273;1400;1964;1777;3693;472;3225;3209;3859;1538;1363;3194;3734;378,False,False
primary_lowood,46,main_42_46,R0_random_confirmed_attack_validation,32,32,938;1956;1770;2892;3441;2308;694;2298;3197;2189;1358;272;2629;1936;471;680;3844;1327;1394;3720;3460;726;2047;2343;1353;376;3212;1532;1492;3679;3181;2128,False,False
primary_lowood,46,main_42_46,R1_kcenter_confirmed_attack_validation,4,4,1805;12;201;1522,False,False
primary_lowood,46,main_42_46,R1_kcenter_confirmed_attack_validation,8,8,1805;12;201;1522;200;3905;10;14,False,False
primary_lowood,46,main_42_46,R1_kcenter_confirmed_attack_validation,16,16,1805;12;201;1522;200;3905;10;14;1947;219;943;3367;1528;13;15;203,False,False
primary_lowood,46,main_42_46,R1_kcenter_confirmed_attack_validation,32,32,1805;12;201;1522;200;3905;10;14;1947;219;943;3367;1528;13;15;203;3901;344;19;22;204;3403;159;3397;4050;224;394;11;235;177;427;163,False,False
primary_lowood,46,main_42_46,R2_V2_high_V1_low_disagreement_review,4,4,392;375;348;184,False,False
primary_lowood,46,main_42_46,R2_V2_high_V1_low_disagreement_review,8,8,392;375;348;184;347;168;164;169,False,False
primary_lowood,46,main_42_46,R2_V2_high_V1_low_disagreement_review,16,16,392;375;348;184;347;168;164;169;171;165;170;172;362;394;361;377,False,False
primary_lowood,46,main_42_46,R2_V2_high_V1_low_disagreement_review,32,32,392;375;348;184;347;168;164;169;171;165;170;172;362;394;361;377;358;365;393;397;376;446;366;2238;380;398;186;185;2149;430;2224;381,False,False
primary_lowood,46,main_42_46,R3_near_threshold_uncertainty_review,4,1,4922;237;5122;5881,False,False
primary_lowood,46,main_42_46,R3_near_threshold_uncertainty_review,8,4,4922;237;5122;5881;261;5866;3680;2189,False,False
primary_lowood,46,main_42_46,R3_near_threshold_uncertainty_review,16,9,4922;237;5122;5881;261;5866;3680;2189;507;239;2014;4119;4909;2176;1431;4888,False,False
primary_lowood,46,main_42_46,R3_near_threshold_uncertainty_review,32,17,4922;237;5122;5881;261;5866;3680;2189;507;239;2014;4119;4909;2176;1431;4888;392;5258;4910;446;2218;5878;4920;1995;4358;5588;2057;257;4856;263;5882;235,False,False
primary_lowood,46,main_42_46,R4_representation_shift_high_review,4,4,12;199;13;200,False,False
primary_lowood,46,main_42_46,R4_representation_shift_high_review,8,8,12;199;13;200;348;349;347;168,False,False
primary_lowood,46,main_42_46,R4_representation_shift_high_review,16,16,12;199;13;200;348;349;347;168;350;169;352;164;171;201;14;346,False,False
primary_lowood,46,main_42_46,R4_representation_shift_high_review,32,32,12;199;13;200;348;349;347;168;350;169;352;164;171;201;14;346;353;172;354;170;202;631;351;2204;626;598;15;642;11;2199;2237;2222,False,False
primary_lowood,46,main_42_46,R5_hybrid_active_review,4,4,348;2176;392;172,False,False
primary_lowood,46,main_42_46,R5_hybrid_active_review,8,8,348;2176;392;172;375;347;199;2163,False,False
primary_lowood,46,main_42_46,R5_hybrid_active_review,16,16,348;2176;392;172;375;347;199;2163;2149;2134;3725;2224;171;2121;2107;2200,False,False
primary_lowood,46,main_42_46,R5_hybrid_active_review,32,32,348;2176;392;172;375;347;199;2163;2149;2134;3725;2224;171;2121;2107;2200;2191;2206;2238;2178;184;2076;170;169;2091;237;239;2165;168;2145;243;241,False,False
primary_lowood,47,heldout_47_51,R0_random_confirmed_attack_validation,4,4,1641;2217;2696;1215,False,False
primary_lowood,47,heldout_47_51,R0_random_confirmed_attack_validation,8,8,2215;3868;1676;1639;2694;3858;1214;2767,False,False
primary_lowood,47,heldout_47_51,R0_random_confirmed_attack_validation,16,16,3400;1365;129;3496;3352;2760;2762;2210;1700;1636;3860;773;2689;1212;3850;1672,False,False
primary_lowood,47,heldout_47_51,R0_random_confirmed_attack_validation,32,32,1693;2118;897;3210;1218;3845;2202;134;2751;2749;3835;1666;129;3339;770;2678;3387;2040;1160;1540;2966;2883;1650;434;1602;3690;154;1360;3482;1630;1207;3978,False,False
primary_lowood,47,heldout_47_51,R1_kcenter_confirmed_attack_validation,4,4,1805;12;201;1522,False,False
primary_lowood,47,heldout_47_51,R1_kcenter_confirmed_attack_validation,8,8,1805;12;201;1522;200;3905;10;14,False,False
primary_lowood,47,heldout_47_51,R1_kcenter_confirmed_attack_validation,16,16,1805;12;201;1522;200;3905;10;14;1947;219;943;3367;1528;13;15;203,False,False
primary_lowood,47,heldout_47_51,R1_kcenter_confirmed_attack_validation,32,32,1805;12;201;1522;200;3905;10;14;1947;219;943;3367;1528;13;15;203;3901;344;19;22;204;3403;159;3397;4050;224;394;11;235;177;427;163,False,False
primary_lowood,47,heldout_47_51,R2_V2_high_V1_low_disagreement_review,4,4,392;375;348;184,False,False
primary_lowood,47,heldout_47_51,R2_V2_high_V1_low_disagreement_review,8,8,392;375;348;184;347;168;164;169,False,False
primary_lowood,47,heldout_47_51,R2_V2_high_V1_low_disagreement_review,16,16,392;375;348;184;347;168;164;169;171;165;170;172;362;394;361;377,False,False
primary_lowood,47,heldout_47_51,R2_V2_high_V1_low_disagreement_review,32,32,392;375;348;184;347;168;164;169;171;165;170;172;362;394;361;377;358;365;393;397;376;446;366;2238;380;398;186;185;2149;430;2224;381,False,False
primary_lowood,47,heldout_47_51,R3_near_threshold_uncertainty_review,4,1,4922;237;5122;5881,False,False
primary_lowood,47,heldout_47_51,R3_near_threshold_uncertainty_review,8,4,4922;237;5122;5881;261;5866;3680;2189,False,False
primary_lowood,47,heldout_47_51,R3_near_threshold_uncertainty_review,16,9,4922;237;5122;5881;261;5866;3680;2189;507;239;2014;4119;4909;2176;1431;4888,False,False
primary_lowood,47,heldout_47_51,R3_near_threshold_uncertainty_review,32,17,4922;237;5122;5881;261;5866;3680;2189;507;239;2014;4119;4909;2176;1431;4888;392;5258;4910;446;2218;5878;4920;1995;4358;5588;2057;257;4856;263;5882;235,False,False
primary_lowood,47,heldout_47_51,R4_representation_shift_high_review,4,4,12;199;13;200,False,False
primary_lowood,47,heldout_47_51,R4_representation_shift_high_review,8,8,12;199;13;200;348;349;347;168,False,False
primary_lowood,47,heldout_47_51,R4_representation_shift_high_review,16,16,12;199;13;200;348;349;347;168;350;169;352;164;171;201;14;346,False,False
primary_lowood,47,heldout_47_51,R4_representation_shift_high_review,32,32,12;199;13;200;348;349;347;168;350;169;352;164;171;201;14;346;353;172;354;170;202;631;351;2204;626;598;15;642;11;2199;2237;2222,False,False
primary_lowood,47,heldout_47_51,R5_hybrid_active_review,4,4,348;2176;392;172,False,False
primary_lowood,47,heldout_47_51,R5_hybrid_active_review,8,8,348;2176;392;172;375;347;199;2163,False,False
primary_lowood,47,heldout_47_51,R5_hybrid_active_review,16,16,348;2176;392;172;375;347;199;2163;2149;2134;3725;2224;171;2121;2107;2200,False,False
primary_lowood,47,heldout_47_51,R5_hybrid_active_review,32,32,348;2176;392;172;375;347;199;2163;2149;2134;3725;2224;171;2121;2107;2200;2191;2206;2238;2178;184;2076;170;169;2091;237;239;2165;168;2145;243;241,False,False
primary_lowood,48,heldout_47_51,R0_random_confirmed_attack_validation,4,4,2130;1664;1426;1153,False,False
primary_lowood,48,heldout_47_51,R0_random_confirmed_attack_validation,8,8,1662;2128;1425;2222;2771;1991;2942;1151,False,False
primary_lowood,48,heldout_47_51,R0_random_confirmed_attack_validation,16,16,1219;1988;1832;1659;1142;3705;2124;1172;2765;1736;2218;1149;1422;2052;2936;3349,False,False
primary_lowood,48,heldout_47_51,R0_random_confirmed_attack_validation,32,32,1416;2925;1652;2754;998;2115;1729;1167;3014;2209;2044;2219;4080;1824;3873;3492;2092;2216;992;1214;417;1984;3336;3790;1138;1980;1145;1799;1613;3561;365;3691,False,False
primary_lowood,48,heldout_47_51,R1_kcenter_confirmed_attack_validation,4,4,1805;12;201;1522,False,False
primary_lowood,48,heldout_47_51,R1_kcenter_confirmed_attack_validation,8,8,1805;12;201;1522;200;3905;10;14,False,False
primary_lowood,48,heldout_47_51,R1_kcenter_confirmed_attack_validation,16,16,1805;12;201;1522;200;3905;10;14;1947;219;943;3367;1528;13;15;203,False,False
primary_lowood,48,heldout_47_51,R1_kcenter_confirmed_attack_validation,32,32,1805;12;201;1522;200;3905;10;14;1947;219;943;3367;1528;13;15;203;3901;344;19;22;204;3403;159;3397;4050;224;394;11;235;177;427;163,False,False
primary_lowood,48,heldout_47_51,R2_V2_high_V1_low_disagreement_review,4,4,392;375;348;184,False,False
primary_lowood,48,heldout_47_51,R2_V2_high_V1_low_disagreement_review,8,8,392;375;348;184;347;168;164;169,False,False
primary_lowood,48,heldout_47_51,R2_V2_high_V1_low_disagreement_review,16,16,392;375;348;184;347;168;164;169;171;165;170;172;362;394;361;377,False,False
primary_lowood,48,heldout_47_51,R2_V2_high_V1_low_disagreement_review,32,32,392;375;348;184;347;168;164;169;171;165;170;172;362;394;361;377;358;365;393;397;376;446;366;2238;380;398;186;185;2149;430;2224;381,False,False
primary_lowood,48,heldout_47_51,R3_near_threshold_uncertainty_review,4,1,4922;237;5122;5881,False,False
primary_lowood,48,heldout_47_51,R3_near_threshold_uncertainty_review,8,4,4922;237;5122;5881;261;5866;3680;2189,False,False
primary_lowood,48,heldout_47_51,R3_near_threshold_uncertainty_review,16,9,4922;237;5122;5881;261;5866;3680;2189;507;239;2014;4119;4909;2176;1431;4888,False,False
primary_lowood,48,heldout_47_51,R3_near_threshold_uncertainty_review,32,17,4922;237;5122;5881;261;5866;3680;2189;507;239;2014;4119;4909;2176;1431;4888;392;5258;4910;446;2218;5878;4920;1995;4358;5588;2057;257;4856;263;5882;235,False,False
primary_lowood,48,heldout_47_51,R4_representation_shift_high_review,4,4,12;199;13;200,False,False
primary_lowood,48,heldout_47_51,R4_representation_shift_high_review,8,8,12;199;13;200;348;349;347;168,False,False
primary_lowood,48,heldout_47_51,R4_representation_shift_high_review,16,16,12;199;13;200;348;349;347;168;350;169;352;164;171;201;14;346,False,False
primary_lowood,48,heldout_47_51,R4_representation_shift_high_review,32,32,12;199;13;200;348;349;347;168;350;169;352;164;171;201;14;346;353;172;354;170;202;631;351;2204;626;598;15;642;11;2199;2237;2222,False,False
primary_lowood,48,heldout_47_51,R5_hybrid_active_review,4,4,348;2176;392;172,False,False
primary_lowood,48,heldout_47_51,R5_hybrid_active_review,8,8,348;2176;392;172;375;347;199;2163,False,False
primary_lowood,48,heldout_47_51,R5_hybrid_active_review,16,16,348;2176;392;172;375;347;199;2163;2149;2134;3725;2224;171;2121;2107;2200,False,False
primary_lowood,48,heldout_47_51,R5_hybrid_active_review,32,32,348;2176;392;172;375;347;199;2163;2149;2134;3725;2224;171;2121;2107;2200;2191;2206;2238;2178;184;2076;170;169;2091;237;239;2165;168;2145;243;241,False,False
primary_lowood,49,heldout_47_51,R0_random_confirmed_attack_validation,4,4,276;3695;399;1009,False,False
primary_lowood,49,heldout_47_51,R0_random_confirmed_attack_validation,8,8,276;1008;864;3454;3692;1942;1820;399,False,False
primary_lowood,49,heldout_47_51,R0_random_confirmed_attack_validation,16,16,3915;862;1217;3447;275;4015;1817;3684;2511;1006;2201;1938;735;1153;632;398,False,False
primary_lowood,49,heldout_47_51,R0_random_confirmed_attack_validation,32,32,1002;1929;1891;4000;2629;3100;1810;1148;274;2192;3900;2117;493;3670;1931;593;732;309;1212;1317;4009;859;153;1874;3691;2502;397;2270;1630;3485;3433;629,False,False
primary_lowood,49,heldout_47_51,R1_kcenter_confirmed_attack_validation,4,4,1805;12;201;1522,False,False
primary_lowood,49,heldout_47_51,R1_kcenter_confirmed_attack_validation,8,8,1805;12;201;1522;200;3905;10;14,False,False
primary_lowood,49,heldout_47_51,R1_kcenter_confirmed_attack_validation,16,16,1805;12;201;1522;200;3905;10;14;1947;219;943;3367;1528;13;15;203,False,False
primary_lowood,49,heldout_47_51,R1_kcenter_confirmed_attack_validation,32,32,1805;12;201;1522;200;3905;10;14;1947;219;943;3367;1528;13;15;203;3901;344;19;22;204;3403;159;3397;4050;224;394;11;235;177;427;163,False,False
primary_lowood,49,heldout_47_51,R2_V2_high_V1_low_disagreement_review,4,4,392;375;348;184,False,False
primary_lowood,49,heldout_47_51,R2_V2_high_V1_low_disagreement_review,8,8,392;375;348;184;347;168;164;169,False,False
primary_lowood,49,heldout_47_51,R2_V2_high_V1_low_disagreement_review,16,16,392;375;348;184;347;168;164;169;171;165;170;172;362;394;361;377,False,False
primary_lowood,49,heldout_47_51,R2_V2_high_V1_low_disagreement_review,32,32,392;375;348;184;347;168;164;169;171;165;170;172;362;394;361;377;358;365;393;397;376;446;366;2238;380;398;186;185;2149;430;2224;381,False,False
primary_lowood,49,heldout_47_51,R3_near_threshold_uncertainty_review,4,1,4922;237;5122;5881,False,False
primary_lowood,49,heldout_47_51,R3_near_threshold_uncertainty_review,8,4,4922;237;5122;5881;261;5866;3680;2189,False,False
primary_lowood,49,heldout_47_51,R3_near_threshold_uncertainty_review,16,9,4922;237;5122;5881;261;5866;3680;2189;507;239;2014;4119;4909;2176;1431;4888,False,False
primary_lowood,49,heldout_47_51,R3_near_threshold_uncertainty_review,32,17,4922;237;5122;5881;261;5866;3680;2189;507;239;2014;4119;4909;2176;1431;4888;392;5258;4910;446;2218;5878;4920;1995;4358;5588;2057;257;4856;263;5882;235,False,False
primary_lowood,49,heldout_47_51,R4_representation_shift_high_review,4,4,12;199;13;200,False,False
primary_lowood,49,heldout_47_51,R4_representation_shift_high_review,8,8,12;199;13;200;348;349;347;168,False,False
primary_lowood,49,heldout_47_51,R4_representation_shift_high_review,16,16,12;199;13;200;348;349;347;168;350;169;352;164;171;201;14;346,False,False
primary_lowood,49,heldout_47_51,R4_representation_shift_high_review,32,32,12;199;13;200;348;349;347;168;350;169;352;164;171;201;14;346;353;172;354;170;202;631;351;2204;626;598;15;642;11;2199;2237;2222,False,False
primary_lowood,49,heldout_47_51,R5_hybrid_active_review,4,4,348;2176;392;172,False,False
primary_lowood,49,heldout_47_51,R5_hybrid_active_review,8,8,348;2176;392;172;375;347;199;2163,False,False
primary_lowood,49,heldout_47_51,R5_hybrid_active_review,16,16,348;2176;392;172;375;347;199;2163;2149;2134;3725;2224;171;2121;2107;2200,False,False
primary_lowood,49,heldout_47_51,R5_hybrid_active_review,32,32,348;2176;392;172;375;347;199;2163;2149;2134;3725;2224;171;2121;2107;2200;2191;2206;2238;2178;184;2076;170;169;2091;237;239;2165;168;2145;243;241,False,False
primary_lowood,50,heldout_47_51,R0_random_confirmed_attack_validation,4,4,697;2376;3575;2626,False,False
primary_lowood,50,heldout_47_51,R0_random_confirmed_attack_validation,8,8,2623;2039;3571;3390;696;2793;2466;2374,False,False
primary_lowood,50,heldout_47_51,R0_random_confirmed_attack_validation,16,16,2788;1978;1241;4016;3564;3485;2369;663;1343;695;479;2618;2461;3384;2255;2035,False,False
primary_lowood,50,heldout_47_51,R0_random_confirmed_attack_validation,32,32,3475;477;1175;4001;1503;1370;1339;1970;660;1738;3865;3472;2451;2120;692;1266;1236;244;2360;2027;3763;2026;2657;1482;393;3615;2608;3550;1338;2246;2777;3371,False,False
primary_lowood,50,heldout_47_51,R1_kcenter_confirmed_attack_validation,4,4,1805;12;201;1522,False,False
primary_lowood,50,heldout_47_51,R1_kcenter_confirmed_attack_validation,8,8,1805;12;201;1522;200;3905;10;14,False,False
primary_lowood,50,heldout_47_51,R1_kcenter_confirmed_attack_validation,16,16,1805;12;201;1522;200;3905;10;14;1947;219;943;3367;1528;13;15;203,False,False
primary_lowood,50,heldout_47_51,R1_kcenter_confirmed_attack_validation,32,32,1805;12;201;1522;200;3905;10;14;1947;219;943;3367;1528;13;15;203;3901;344;19;22;204;3403;159;3397;4050;224;394;11;235;177;427;163,False,False
primary_lowood,50,heldout_47_51,R2_V2_high_V1_low_disagreement_review,4,4,392;375;348;184,False,False
primary_lowood,50,heldout_47_51,R2_V2_high_V1_low_disagreement_review,8,8,392;375;348;184;347;168;164;169,False,False
primary_lowood,50,heldout_47_51,R2_V2_high_V1_low_disagreement_review,16,16,392;375;348;184;347;168;164;169;171;165;170;172;362;394;361;377,False,False
primary_lowood,50,heldout_47_51,R2_V2_high_V1_low_disagreement_review,32,32,392;375;348;184;347;168;164;169;171;165;170;172;362;394;361;377;358;365;393;397;376;446;366;2238;380;398;186;185;2149;430;2224;381,False,False
primary_lowood,50,heldout_47_51,R3_near_threshold_uncertainty_review,4,1,4922;237;5122;5881,False,False
primary_lowood,50,heldout_47_51,R3_near_threshold_uncertainty_review,8,4,4922;237;5122;5881;261;5866;3680;2189,False,False
primary_lowood,50,heldout_47_51,R3_near_threshold_uncertainty_review,16,9,4922;237;5122;5881;261;5866;3680;2189;507;239;2014;4119;4909;2176;1431;4888,False,False
primary_lowood,50,heldout_47_51,R3_near_threshold_uncertainty_review,32,17,4922;237;5122;5881;261;5866;3680;2189;507;239;2014;4119;4909;2176;1431;4888;392;5258;4910;446;2218;5878;4920;1995;4358;5588;2057;257;4856;263;5882;235,False,False
primary_lowood,50,heldout_47_51,R4_representation_shift_high_review,4,4,12;199;13;200,False,False
primary_lowood,50,heldout_47_51,R4_representation_shift_high_review,8,8,12;199;13;200;348;349;347;168,False,False
primary_lowood,50,heldout_47_51,R4_representation_shift_high_review,16,16,12;199;13;200;348;349;347;168;350;169;352;164;171;201;14;346,False,False
primary_lowood,50,heldout_47_51,R4_representation_shift_high_review,32,32,12;199;13;200;348;349;347;168;350;169;352;164;171;201;14;346;353;172;354;170;202;631;351;2204;626;598;15;642;11;2199;2237;2222,False,False
primary_lowood,50,heldout_47_51,R5_hybrid_active_review,4,4,348;2176;392;172,False,False
primary_lowood,50,heldout_47_51,R5_hybrid_active_review,8,8,348;2176;392;172;375;347;199;2163,False,False
primary_lowood,50,heldout_47_51,R5_hybrid_active_review,16,16,348;2176;392;172;375;347;199;2163;2149;2134;3725;2224;171;2121;2107;2200,False,False
primary_lowood,50,heldout_47_51,R5_hybrid_active_review,32,32,348;2176;392;172;375;347;199;2163;2149;2134;3725;2224;171;2121;2107;2200;2191;2206;2238;2178;184;2076;170;169;2091;237;239;2165;168;2145;243;241,False,False
primary_lowood,51,heldout_47_51,R0_random_confirmed_attack_validation,4,4,2814;1617;2539;2500,False,False
primary_lowood,51,heldout_47_51,R0_random_confirmed_attack_validation,8,8,1235;1286;2498;1279;2969;2811;2536;1615,False,False
primary_lowood,51,heldout_47_51,R0_random_confirmed_attack_validation,16,16,1277;503;1873;3274;1969;1928;1283;1097;2531;1612;2605;4074;2493;1233;2963;2806,False,False
primary_lowood,51,heldout_47_51,R0_random_confirmed_attack_validation,32,32,1606;1518;1447;3908;2043;3261;1228;3428;2952;1160;4041;1866;1961;988;2795;1278;468;2595;4058;3367;2521;2483;1092;501;317;513;895;435;3622;1921;1272;3309,False,False
primary_lowood,51,heldout_47_51,R1_kcenter_confirmed_attack_validation,4,4,1805;12;201;1522,False,False
primary_lowood,51,heldout_47_51,R1_kcenter_confirmed_attack_validation,8,8,1805;12;201;1522;200;3905;10;14,False,False
primary_lowood,51,heldout_47_51,R1_kcenter_confirmed_attack_validation,16,16,1805;12;201;1522;200;3905;10;14;1947;219;943;3367;1528;13;15;203,False,False
primary_lowood,51,heldout_47_51,R1_kcenter_confirmed_attack_validation,32,32,1805;12;201;1522;200;3905;10;14;1947;219;943;3367;1528;13;15;203;3901;344;19;22;204;3403;159;3397;4050;224;394;11;235;177;427;163,False,False
primary_lowood,51,heldout_47_51,R2_V2_high_V1_low_disagreement_review,4,4,392;375;348;184,False,False
primary_lowood,51,heldout_47_51,R2_V2_high_V1_low_disagreement_review,8,8,392;375;348;184;347;168;164;169,False,False
primary_lowood,51,heldout_47_51,R2_V2_high_V1_low_disagreement_review,16,16,392;375;348;184;347;168;164;169;171;165;170;172;362;394;361;377,False,False
primary_lowood,51,heldout_47_51,R2_V2_high_V1_low_disagreement_review,32,32,392;375;348;184;347;168;164;169;171;165;170;172;362;394;361;377;358;365;393;397;376;446;366;2238;380;398;186;185;2149;430;2224;381,False,False
primary_lowood,51,heldout_47_51,R3_near_threshold_uncertainty_review,4,1,4922;237;5122;5881,False,False
primary_lowood,51,heldout_47_51,R3_near_threshold_uncertainty_review,8,4,4922;237;5122;5881;261;5866;3680;2189,False,False
primary_lowood,51,heldout_47_51,R3_near_threshold_uncertainty_review,16,9,4922;237;5122;5881;261;5866;3680;2189;507;239;2014;4119;4909;2176;1431;4888,False,False
primary_lowood,51,heldout_47_51,R3_near_threshold_uncertainty_review,32,17,4922;237;5122;5881;261;5866;3680;2189;507;239;2014;4119;4909;2176;1431;4888;392;5258;4910;446;2218;5878;4920;1995;4358;5588;2057;257;4856;263;5882;235,False,False
primary_lowood,51,heldout_47_51,R4_representation_shift_high_review,4,4,12;199;13;200,False,False
primary_lowood,51,heldout_47_51,R4_representation_shift_high_review,8,8,12;199;13;200;348;349;347;168,False,False
primary_lowood,51,heldout_47_51,R4_representation_shift_high_review,16,16,12;199;13;200;348;349;347;168;350;169;352;164;171;201;14;346,False,False
primary_lowood,51,heldout_47_51,R4_representation_shift_high_review,32,32,12;199;13;200;348;349;347;168;350;169;352;164;171;201;14;346;353;172;354;170;202;631;351;2204;626;598;15;642;11;2199;2237;2222,False,False
primary_lowood,51,heldout_47_51,R5_hybrid_active_review,4,4,348;2176;392;172,False,False
primary_lowood,51,heldout_47_51,R5_hybrid_active_review,8,8,348;2176;392;172;375;347;199;2163,False,False
primary_lowood,51,heldout_47_51,R5_hybrid_active_review,16,16,348;2176;392;172;375;347;199;2163;2149;2134;3725;2224;171;2121;2107;2200,False,False
primary_lowood,51,heldout_47_51,R5_hybrid_active_review,32,32,348;2176;392;172;375;347;199;2163;2149;2134;3725;2224;171;2121;2107;2200;2191;2206;2238;2178;184;2076;170;169;2091;237;239;2165;168;2145;243;241,False,False
chrono_late_train_early_eval,42,main_42_46,R0_random_confirmed_attack_validation,4,4,126;1720;1919;1268,False,False
chrono_late_train_early_eval,42,main_42_46,R0_random_confirmed_attack_validation,8,8,1974;1916;2275;1718;126;1660;1266;226,False,False
chrono_late_train_early_eval,42,main_42_46,R0_random_confirmed_attack_validation,16,16,271;2268;983;85;1655;1967;1262;225;125;1947;168;2089;1712;1910;1083;1181,False,False
chrono_late_train_early_eval,42,main_42_46,R0_random_confirmed_attack_validation,32,32,2180;2268;85;1340;624;224;125;1701;1876;1254;1710;1955;2438;293;1645;1173;1898;269;98;1060;1592;1934;1076;1506;2253;167;2209;560;2076;977;999;2090,False,False
chrono_late_train_early_eval,42,main_42_46,R1_kcenter_confirmed_attack_validation,4,4,8;1803;1682;2329,False,False
chrono_late_train_early_eval,42,main_42_46,R1_kcenter_confirmed_attack_validation,8,8,8;1803;1682;2329;2373;1805;1663;1253,False,False
chrono_late_train_early_eval,42,main_42_46,R1_kcenter_confirmed_attack_validation,16,16,8;1803;1682;2329;2373;1805;1663;1253;1686;2430;203;2509;2105;756;744;2486,False,False
chrono_late_train_early_eval,42,main_42_46,R1_kcenter_confirmed_attack_validation,32,32,8;1803;1682;2329;2373;1805;1663;1253;1686;2430;203;2509;2105;756;744;2486;1171;2016;2393;835;698;1946;2374;1525;101;2515;1177;1982;2330;1527;549;2450,False,False
chrono_late_train_early_eval,42,main_42_46,R2_V2_high_V1_low_disagreement_review,4,0,2611;4442;4280;4094,False,False
chrono_late_train_early_eval,42,main_42_46,R2_V2_high_V1_low_disagreement_review,8,0,2611;4442;4280;4094;2622;4063;4083;3592,False,False
chrono_late_train_early_eval,42,main_42_46,R2_V2_high_V1_low_disagreement_review,16,0,2611;4442;4280;4094;2622;4063;4083;3592;2876;4050;4077;2996;2923;3143;4261;4160,False,False
chrono_late_train_early_eval,42,main_42_46,R2_V2_high_V1_low_disagreement_review,32,0,2611;4442;4280;4094;2622;4063;4083;3592;2876;4050;4077;2996;2923;3143;4261;4160;2647;4431;4432;3301,False,False
chrono_late_train_early_eval,42,main_42_46,R3_near_threshold_uncertainty_review,4,3,4430;2466;2494;2454,False,False
chrono_late_train_early_eval,42,main_42_46,R3_near_threshold_uncertainty_review,8,5,4430;2466;2494;2454;4308;179;2535;2808,False,False
chrono_late_train_early_eval,42,main_42_46,R3_near_threshold_uncertainty_review,16,11,4430;2466;2494;2454;4308;179;2535;2808;2403;3301;2531;4040;2429;94;2532;2447,False,False
chrono_late_train_early_eval,42,main_42_46,R3_near_threshold_uncertainty_review,32,18,4430;2466;2494;2454;4308;179;2535;2808;2403;3301;2531;4040;2429;94;2532;2447;3074;2528;4432;2495;4431;2475;2647;2445;2481;2571;2527;3059;4042;88;4307;3802,False,False
chrono_late_train_early_eval,42,main_42_46,R4_representation_shift_high_review,4,4,1550;1551;1194;1211,False,False
chrono_late_train_early_eval,42,main_42_46,R4_representation_shift_high_review,8,8,1550;1551;1194;1211;1415;1212;1416;1583,False,False
chrono_late_train_early_eval,42,main_42_46,R4_representation_shift_high_review,16,16,1550;1551;1194;1211;1415;1212;1416;1583;1540;1199;1584;814;1556;1534;815;955,False,False
chrono_late_train_early_eval,42,main_42_46,R4_representation_shift_high_review,32,32,1550;1551;1194;1211;1415;1212;1416;1583;1540;1199;1584;814;1556;1534;815;955;1552;1549;956;1510;1571;1195;1541;631;1202;1417;801;1184;2028;1213;2027;1543,False,False
chrono_late_train_early_eval,42,main_42_46,R5_hybrid_active_review,4,2,4280;3301;1551;1416,False,False
chrono_late_train_early_eval,42,main_42_46,R5_hybrid_active_review,8,4,4280;3301;1551;1416;1417;1212;4160;4261,False,False
chrono_late_train_early_eval,42,main_42_46,R5_hybrid_active_review,16,6,4280;3301;1551;1416;1417;1212;4160;4261;3143;2923;2996;4077;2876;4050;1213;1584,False,False
chrono_late_train_early_eval,42,main_42_46,R5_hybrid_active_review,32,21,4280;3301;1551;1416;1417;1212;4160;4261;3143;2923;2996;4077;2876;4050;1213;1584;815;1585;632;302;816;2647;956;303;1419;957;1420;2028;175;1418;2029;176,False,False
chrono_late_train_early_eval,43,main_42_46,R0_random_confirmed_attack_validation,4,4,1524;238;1733;807,False,False
chrono_late_train_early_eval,43,main_42_46,R0_random_confirmed_attack_validation,8,8,1100;806;1901;237;1731;1522;1472;580,False,False
chrono_late_train_early_eval,43,main_42_46,R0_random_confirmed_attack_validation,16,16,762;1517;1725;2074;578;107;1097;803;1895;237;1755;542;1709;1467;2081;602,False,False
chrono_late_train_early_eval,43,main_42_46,R0_random_confirmed_attack_validation,32,32,1349;1714;2258;599;1975;2005;1713;539;107;688;758;1387;1744;1883;574;1458;977;2526;1240;2061;1698;1012;1591;235;1064;1090;1894;1277;1523;2067;1508;798,False,False
chrono_late_train_early_eval,43,main_42_46,R1_kcenter_confirmed_attack_validation,4,4,8;1803;1682;2329,False,False
chrono_late_train_early_eval,43,main_42_46,R1_kcenter_confirmed_attack_validation,8,8,8;1803;1682;2329;2373;1805;1663;1253,False,False
chrono_late_train_early_eval,43,main_42_46,R1_kcenter_confirmed_attack_validation,16,16,8;1803;1682;2329;2373;1805;1663;1253;1686;2430;203;2509;2105;756;744;2486,False,False
chrono_late_train_early_eval,43,main_42_46,R1_kcenter_confirmed_attack_validation,32,32,8;1803;1682;2329;2373;1805;1663;1253;1686;2430;203;2509;2105;756;744;2486;1171;2016;2393;835;698;1946;2374;1525;101;2515;1177;1982;2330;1527;549;2450,False,False
chrono_late_train_early_eval,43,main_42_46,R2_V2_high_V1_low_disagreement_review,4,0,2611;4442;4280;4094,False,False
chrono_late_train_early_eval,43,main_42_46,R2_V2_high_V1_low_disagreement_review,8,0,2611;4442;4280;4094;2622;4063;4083;3592,False,False
chrono_late_train_early_eval,43,main_42_46,R2_V2_high_V1_low_disagreement_review,16,0,2611;4442;4280;4094;2622;4063;4083;3592;2876;4050;4077;2996;2923;3143;4261;4160,False,False
chrono_late_train_early_eval,43,main_42_46,R2_V2_high_V1_low_disagreement_review,32,0,2611;4442;4280;4094;2622;4063;4083;3592;2876;4050;4077;2996;2923;3143;4261;4160;2647;4431;4432;3301,False,False
chrono_late_train_early_eval,43,main_42_46,R3_near_threshold_uncertainty_review,4,3,4430;2466;2494;2454,False,False
chrono_late_train_early_eval,43,main_42_46,R3_near_threshold_uncertainty_review,8,5,4430;2466;2494;2454;4308;179;2535;2808,False,False
chrono_late_train_early_eval,43,main_42_46,R3_near_threshold_uncertainty_review,16,11,4430;2466;2494;2454;4308;179;2535;2808;2403;3301;2531;4040;2429;94;2532;2447,False,False
chrono_late_train_early_eval,43,main_42_46,R3_near_threshold_uncertainty_review,32,18,4430;2466;2494;2454;4308;179;2535;2808;2403;3301;2531;4040;2429;94;2532;2447;3074;2528;4432;2495;4431;2475;2647;2445;2481;2571;2527;3059;4042;88;4307;3802,False,False
chrono_late_train_early_eval,43,main_42_46,R4_representation_shift_high_review,4,4,1550;1551;1194;1211,False,False
chrono_late_train_early_eval,43,main_42_46,R4_representation_shift_high_review,8,8,1550;1551;1194;1211;1415;1212;1416;1583,False,False
chrono_late_train_early_eval,43,main_42_46,R4_representation_shift_high_review,16,16,1550;1551;1194;1211;1415;1212;1416;1583;1540;1199;1584;814;1556;1534;815;955,False,False
chrono_late_train_early_eval,43,main_42_46,R4_representation_shift_high_review,32,32,1550;1551;1194;1211;1415;1212;1416;1583;1540;1199;1584;814;1556;1534;815;955;1552;1549;956;1510;1571;1195;1541;631;1202;1417;801;1184;2028;1213;2027;1543,False,False
chrono_late_train_early_eval,43,main_42_46,R5_hybrid_active_review,4,2,4280;3301;1551;1416,False,False
chrono_late_train_early_eval,43,main_42_46,R5_hybrid_active_review,8,4,4280;3301;1551;1416;1417;1212;4160;4261,False,False
chrono_late_train_early_eval,43,main_42_46,R5_hybrid_active_review,16,6,4280;3301;1551;1416;1417;1212;4160;4261;3143;2923;2996;4077;2876;4050;1213;1584,False,False
chrono_late_train_early_eval,43,main_42_46,R5_hybrid_active_review,32,21,4280;3301;1551;1416;1417;1212;4160;4261;3143;2923;2996;4077;2876;4050;1213;1584;815;1585;632;302;816;2647;956;303;1419;957;1420;2028;175;1418;2029;176,False,False
chrono_late_train_early_eval,44,main_42_46,R0_random_confirmed_attack_validation,4,4,462;2363;1545;1768,False,False
chrono_late_train_early_eval,44,main_42_46,R0_random_confirmed_attack_validation,8,8,1542;170;1776;2359;216;1766;2111;462,False,False
chrono_late_train_early_eval,44,main_42_46,R0_random_confirmed_attack_validation,16,16,1762;1771;170;1760;1503;1225;2104;460;400;1537;1437;2328;2352;1636;2291;216,False,False
chrono_late_train_early_eval,44,main_42_46,R0_random_confirmed_attack_validation,32,32,2313;2500;2114;2480;1759;169;0;397;1562;2091;1751;1032;1218;1528;536;457;2314;1626;2487;1428;1749;1494;1330;618;2337;282;1716;585;2277;405;547;214,False,False
chrono_late_train_early_eval,44,main_42_46,R1_kcenter_confirmed_attack_validation,4,4,8;1803;1682;2329,False,False
chrono_late_train_early_eval,44,main_42_46,R1_kcenter_confirmed_attack_validation,8,8,8;1803;1682;2329;2373;1805;1663;1253,False,False
chrono_late_train_early_eval,44,main_42_46,R1_kcenter_confirmed_attack_validation,16,16,8;1803;1682;2329;2373;1805;1663;1253;1686;2430;203;2509;2105;756;744;2486,False,False
chrono_late_train_early_eval,44,main_42_46,R1_kcenter_confirmed_attack_validation,32,32,8;1803;1682;2329;2373;1805;1663;1253;1686;2430;203;2509;2105;756;744;2486;1171;2016;2393;835;698;1946;2374;1525;101;2515;1177;1982;2330;1527;549;2450,False,False
chrono_late_train_early_eval,44,main_42_46,R2_V2_high_V1_low_disagreement_review,4,0,2611;4442;4280;4094,False,False
chrono_late_train_early_eval,44,main_42_46,R2_V2_high_V1_low_disagreement_review,8,0,2611;4442;4280;4094;2622;4063;4083;3592,False,False
chrono_late_train_early_eval,44,main_42_46,R2_V2_high_V1_low_disagreement_review,16,0,2611;4442;4280;4094;2622;4063;4083;3592;2876;4050;4077;2996;2923;3143;4261;4160,False,False
chrono_late_train_early_eval,44,main_42_46,R2_V2_high_V1_low_disagreement_review,32,0,2611;4442;4280;4094;2622;4063;4083;3592;2876;4050;4077;2996;2923;3143;4261;4160;2647;4431;4432;3301,False,False
chrono_late_train_early_eval,44,main_42_46,R3_near_threshold_uncertainty_review,4,3,4430;2466;2494;2454,False,False
chrono_late_train_early_eval,44,main_42_46,R3_near_threshold_uncertainty_review,8,5,4430;2466;2494;2454;4308;179;2535;2808,False,False
chrono_late_train_early_eval,44,main_42_46,R3_near_threshold_uncertainty_review,16,11,4430;2466;2494;2454;4308;179;2535;2808;2403;3301;2531;4040;2429;94;2532;2447,False,False
chrono_late_train_early_eval,44,main_42_46,R3_near_threshold_uncertainty_review,32,18,4430;2466;2494;2454;4308;179;2535;2808;2403;3301;2531;4040;2429;94;2532;2447;3074;2528;4432;2495;4431;2475;2647;2445;2481;2571;2527;3059;4042;88;4307;3802,False,False
chrono_late_train_early_eval,44,main_42_46,R4_representation_shift_high_review,4,4,1550;1551;1194;1211,False,False
chrono_late_train_early_eval,44,main_42_46,R4_representation_shift_high_review,8,8,1550;1551;1194;1211;1415;1212;1416;1583,False,False
chrono_late_train_early_eval,44,main_42_46,R4_representation_shift_high_review,16,16,1550;1551;1194;1211;1415;1212;1416;1583;1540;1199;1584;814;1556;1534;815;955,False,False
chrono_late_train_early_eval,44,main_42_46,R4_representation_shift_high_review,32,32,1550;1551;1194;1211;1415;1212;1416;1583;1540;1199;1584;814;1556;1534;815;955;1552;1549;956;1510;1571;1195;1541;631;1202;1417;801;1184;2028;1213;2027;1543,False,False
chrono_late_train_early_eval,44,main_42_46,R5_hybrid_active_review,4,2,4280;3301;1551;1416,False,False
chrono_late_train_early_eval,44,main_42_46,R5_hybrid_active_review,8,4,4280;3301;1551;1416;1417;1212;4160;4261,False,False
chrono_late_train_early_eval,44,main_42_46,R5_hybrid_active_review,16,6,4280;3301;1551;1416;1417;1212;4160;4261;3143;2923;2996;4077;2876;4050;1213;1584,False,False
chrono_late_train_early_eval,44,main_42_46,R5_hybrid_active_review,32,21,4280;3301;1551;1416;1417;1212;4160;4261;3143;2923;2996;4077;2876;4050;1213;1584;815;1585;632;302;816;2647;956;303;1419;957;1420;2028;175;1418;2029;176,False,False
chrono_late_train_early_eval,45,main_42_46,R0_random_confirmed_attack_validation,4,4,883;1939;2086;2262,False,False
chrono_late_train_early_eval,45,main_42_46,R0_random_confirmed_attack_validation,8,8,2267;882;1936;2258;1481;1147;1657;2083,False,False
chrono_late_train_early_eval,45,main_42_46,R0_random_confirmed_attack_validation,16,16,2251;1486;2143;1144;2268;1447;1930;1477;879;2076;1651;2260;2102;2188;481;445,False,False
chrono_late_train_early_eval,45,main_42_46,R0_random_confirmed_attack_validation,32,32,96;2237;1438;2063;1477;1137;1271;1689;1641;478;2442;873;1467;428;753;2068;1009;2129;1918;1618;1141;2246;2174;442;2089;129;928;1240;2254;1580;693;2516,False,False
chrono_late_train_early_eval,45,main_42_46,R1_kcenter_confirmed_attack_validation,4,4,8;1803;1682;2329,False,False
chrono_late_train_early_eval,45,main_42_46,R1_kcenter_confirmed_attack_validation,8,8,8;1803;1682;2329;2373;1805;1663;1253,False,False
chrono_late_train_early_eval,45,main_42_46,R1_kcenter_confirmed_attack_validation,16,16,8;1803;1682;2329;2373;1805;1663;1253;1686;2430;203;2509;2105;756;744;2486,False,False
chrono_late_train_early_eval,45,main_42_46,R1_kcenter_confirmed_attack_validation,32,32,8;1803;1682;2329;2373;1805;1663;1253;1686;2430;203;2509;2105;756;744;2486;1171;2016;2393;835;698;1946;2374;1525;101;2515;1177;1982;2330;1527;549;2450,False,False
chrono_late_train_early_eval,45,main_42_46,R2_V2_high_V1_low_disagreement_review,4,0,2611;4442;4280;4094,False,False
chrono_late_train_early_eval,45,main_42_46,R2_V2_high_V1_low_disagreement_review,8,0,2611;4442;4280;4094;2622;4063;4083;3592,False,False
chrono_late_train_early_eval,45,main_42_46,R2_V2_high_V1_low_disagreement_review,16,0,2611;4442;4280;4094;2622;4063;4083;3592;2876;4050;4077;2996;2923;3143;4261;4160,False,False
chrono_late_train_early_eval,45,main_42_46,R2_V2_high_V1_low_disagreement_review,32,0,2611;4442;4280;4094;2622;4063;4083;3592;2876;4050;4077;2996;2923;3143;4261;4160;2647;4431;4432;3301,False,False
chrono_late_train_early_eval,45,main_42_46,R3_near_threshold_uncertainty_review,4,3,4430;2466;2494;2454,False,False
chrono_late_train_early_eval,45,main_42_46,R3_near_threshold_uncertainty_review,8,5,4430;2466;2494;2454;4308;179;2535;2808,False,False
chrono_late_train_early_eval,45,main_42_46,R3_near_threshold_uncertainty_review,16,11,4430;2466;2494;2454;4308;179;2535;2808;2403;3301;2531;4040;2429;94;2532;2447,False,False
chrono_late_train_early_eval,45,main_42_46,R3_near_threshold_uncertainty_review,32,18,4430;2466;2494;2454;4308;179;2535;2808;2403;3301;2531;4040;2429;94;2532;2447;3074;2528;4432;2495;4431;2475;2647;2445;2481;2571;2527;3059;4042;88;4307;3802,False,False
chrono_late_train_early_eval,45,main_42_46,R4_representation_shift_high_review,4,4,1550;1551;1194;1211,False,False
chrono_late_train_early_eval,45,main_42_46,R4_representation_shift_high_review,8,8,1550;1551;1194;1211;1415;1212;1416;1583,False,False
chrono_late_train_early_eval,45,main_42_46,R4_representation_shift_high_review,16,16,1550;1551;1194;1211;1415;1212;1416;1583;1540;1199;1584;814;1556;1534;815;955,False,False
chrono_late_train_early_eval,45,main_42_46,R4_representation_shift_high_review,32,32,1550;1551;1194;1211;1415;1212;1416;1583;1540;1199;1584;814;1556;1534;815;955;1552;1549;956;1510;1571;1195;1541;631;1202;1417;801;1184;2028;1213;2027;1543,False,False
chrono_late_train_early_eval,45,main_42_46,R5_hybrid_active_review,4,2,4280;3301;1551;1416,False,False
chrono_late_train_early_eval,45,main_42_46,R5_hybrid_active_review,8,4,4280;3301;1551;1416;1417;1212;4160;4261,False,False
chrono_late_train_early_eval,45,main_42_46,R5_hybrid_active_review,16,6,4280;3301;1551;1416;1417;1212;4160;4261;3143;2923;2996;4077;2876;4050;1213;1584,False,False
chrono_late_train_early_eval,45,main_42_46,R5_hybrid_active_review,32,21,4280;3301;1551;1416;1417;1212;4160;4261;3143;2923;2996;4077;2876;4050;1213;1584;815;1585;632;302;816;2647;956;303;1419;957;1420;2028;175;1418;2029;176,False,False
chrono_late_train_early_eval,46,main_42_46,R0_random_confirmed_attack_validation,4,4,2005;294;1105;2159,False,False
chrono_late_train_early_eval,46,main_42_46,R0_random_confirmed_attack_validation,8,8,2397;234;293;433;1103;2156;2002;1984,False,False
chrono_late_train_early_eval,46,main_42_46,R0_random_confirmed_attack_validation,16,16,431;2149;169;868;1217;1100;2289;292;1996;1989;2390;953;844;1978;2313;234,False,False
chrono_late_train_early_eval,46,main_42_46,R0_random_confirmed_attack_validation,32,32,581;1210;1093;1790;2131;1430;429;1424;1976;1354;839;168;1629;1198;290;421;2374;821;862;2298;2135;450;1266;1450;838;232;1983;947;923;2274;1965;1317,False,False
chrono_late_train_early_eval,46,main_42_46,R1_kcenter_confirmed_attack_validation,4,4,8;1803;1682;2329,False,False
chrono_late_train_early_eval,46,main_42_46,R1_kcenter_confirmed_attack_validation,8,8,8;1803;1682;2329;2373;1805;1663;1253,False,False
chrono_late_train_early_eval,46,main_42_46,R1_kcenter_confirmed_attack_validation,16,16,8;1803;1682;2329;2373;1805;1663;1253;1686;2430;203;2509;2105;756;744;2486,False,False
chrono_late_train_early_eval,46,main_42_46,R1_kcenter_confirmed_attack_validation,32,32,8;1803;1682;2329;2373;1805;1663;1253;1686;2430;203;2509;2105;756;744;2486;1171;2016;2393;835;698;1946;2374;1525;101;2515;1177;1982;2330;1527;549;2450,False,False
chrono_late_train_early_eval,46,main_42_46,R2_V2_high_V1_low_disagreement_review,4,0,2611;4442;4280;4094,False,False
chrono_late_train_early_eval,46,main_42_46,R2_V2_high_V1_low_disagreement_review,8,0,2611;4442;4280;4094;2622;4063;4083;3592,False,False
chrono_late_train_early_eval,46,main_42_46,R2_V2_high_V1_low_disagreement_review,16,0,2611;4442;4280;4094;2622;4063;4083;3592;2876;4050;4077;2996;2923;3143;4261;4160,False,False
chrono_late_train_early_eval,46,main_42_46,R2_V2_high_V1_low_disagreement_review,32,0,2611;4442;4280;4094;2622;4063;4083;3592;2876;4050;4077;2996;2923;3143;4261;4160;2647;4431;4432;3301,False,False
chrono_late_train_early_eval,46,main_42_46,R3_near_threshold_uncertainty_review,4,3,4430;2466;2494;2454,False,False
chrono_late_train_early_eval,46,main_42_46,R3_near_threshold_uncertainty_review,8,5,4430;2466;2494;2454;4308;179;2535;2808,False,False
chrono_late_train_early_eval,46,main_42_46,R3_near_threshold_uncertainty_review,16,11,4430;2466;2494;2454;4308;179;2535;2808;2403;3301;2531;4040;2429;94;2532;2447,False,False
chrono_late_train_early_eval,46,main_42_46,R3_near_threshold_uncertainty_review,32,18,4430;2466;2494;2454;4308;179;2535;2808;2403;3301;2531;4040;2429;94;2532;2447;3074;2528;4432;2495;4431;2475;2647;2445;2481;2571;2527;3059;4042;88;4307;3802,False,False
chrono_late_train_early_eval,46,main_42_46,R4_representation_shift_high_review,4,4,1550;1551;1194;1211,False,False
chrono_late_train_early_eval,46,main_42_46,R4_representation_shift_high_review,8,8,1550;1551;1194;1211;1415;1212;1416;1583,False,False
chrono_late_train_early_eval,46,main_42_46,R4_representation_shift_high_review,16,16,1550;1551;1194;1211;1415;1212;1416;1583;1540;1199;1584;814;1556;1534;815;955,False,False
chrono_late_train_early_eval,46,main_42_46,R4_representation_shift_high_review,32,32,1550;1551;1194;1211;1415;1212;1416;1583;1540;1199;1584;814;1556;1534;815;955;1552;1549;956;1510;1571;1195;1541;631;1202;1417;801;1184;2028;1213;2027;1543,False,False
chrono_late_train_early_eval,46,main_42_46,R5_hybrid_active_review,4,2,4280;3301;1551;1416,False,False
chrono_late_train_early_eval,46,main_42_46,R5_hybrid_active_review,8,4,4280;3301;1551;1416;1417;1212;4160;4261,False,False
chrono_late_train_early_eval,46,main_42_46,R5_hybrid_active_review,16,6,4280;3301;1551;1416;1417;1212;4160;4261;3143;2923;2996;4077;2876;4050;1213;1584,False,False
chrono_late_train_early_eval,46,main_42_46,R5_hybrid_active_review,32,21,4280;3301;1551;1416;1417;1212;4160;4261;3143;2923;2996;4077;2876;4050;1213;1584;815;1585;632;302;816;2647;956;303;1419;957;1420;2028;175;1418;2029;176,False,False
chrono_late_train_early_eval,47,heldout_47_51,R0_random_confirmed_attack_validation,4,4,1017;1374;1672;753,False,False
chrono_late_train_early_eval,47,heldout_47_51,R0_random_confirmed_attack_validation,8,8,1372;2398;1038;1015;1669;2391;752;1715,False,False
chrono_late_train_early_eval,47,heldout_47_51,R0_random_confirmed_attack_validation,16,16,2106;846;80;2166;2078;2533;1710;1368;1053;1012;2391;479;1664;750;2383;1035,False,False
chrono_late_train_early_eval,47,heldout_47_51,R0_random_confirmed_attack_validation,32,32,1046;1313;555;1987;755;2375;1359;83;1699;1700;2368;1028;79;2065;476;1653;2093;1265;718;953;1838;1784;1022;268;992;2287;95;841;2152;1005;745;2464,False,False
chrono_late_train_early_eval,47,heldout_47_51,R1_kcenter_confirmed_attack_validation,4,4,8;1803;1682;2329,False,False
chrono_late_train_early_eval,47,heldout_47_51,R1_kcenter_confirmed_attack_validation,8,8,8;1803;1682;2329;2373;1805;1663;1253,False,False
chrono_late_train_early_eval,47,heldout_47_51,R1_kcenter_confirmed_attack_validation,16,16,8;1803;1682;2329;2373;1805;1663;1253;1686;2430;203;2509;2105;756;744;2486,False,False
chrono_late_train_early_eval,47,heldout_47_51,R1_kcenter_confirmed_attack_validation,32,32,8;1803;1682;2329;2373;1805;1663;1253;1686;2430;203;2509;2105;756;744;2486;1171;2016;2393;835;698;1946;2374;1525;101;2515;1177;1982;2330;1527;549;2450,False,False
chrono_late_train_early_eval,47,heldout_47_51,R2_V2_high_V1_low_disagreement_review,4,0,2611;4442;4280;4094,False,False
chrono_late_train_early_eval,47,heldout_47_51,R2_V2_high_V1_low_disagreement_review,8,0,2611;4442;4280;4094;2622;4063;4083;3592,False,False
chrono_late_train_early_eval,47,heldout_47_51,R2_V2_high_V1_low_disagreement_review,16,0,2611;4442;4280;4094;2622;4063;4083;3592;2876;4050;4077;2996;2923;3143;4261;4160,False,False
chrono_late_train_early_eval,47,heldout_47_51,R2_V2_high_V1_low_disagreement_review,32,0,2611;4442;4280;4094;2622;4063;4083;3592;2876;4050;4077;2996;2923;3143;4261;4160;2647;4431;4432;3301,False,False
chrono_late_train_early_eval,47,heldout_47_51,R3_near_threshold_uncertainty_review,4,3,4430;2466;2494;2454,False,False
chrono_late_train_early_eval,47,heldout_47_51,R3_near_threshold_uncertainty_review,8,5,4430;2466;2494;2454;4308;179;2535;2808,False,False
chrono_late_train_early_eval,47,heldout_47_51,R3_near_threshold_uncertainty_review,16,11,4430;2466;2494;2454;4308;179;2535;2808;2403;3301;2531;4040;2429;94;2532;2447,False,False
chrono_late_train_early_eval,47,heldout_47_51,R3_near_threshold_uncertainty_review,32,18,4430;2466;2494;2454;4308;179;2535;2808;2403;3301;2531;4040;2429;94;2532;2447;3074;2528;4432;2495;4431;2475;2647;2445;2481;2571;2527;3059;4042;88;4307;3802,False,False
chrono_late_train_early_eval,47,heldout_47_51,R4_representation_shift_high_review,4,4,1550;1551;1194;1211,False,False
chrono_late_train_early_eval,47,heldout_47_51,R4_representation_shift_high_review,8,8,1550;1551;1194;1211;1415;1212;1416;1583,False,False
chrono_late_train_early_eval,47,heldout_47_51,R4_representation_shift_high_review,16,16,1550;1551;1194;1211;1415;1212;1416;1583;1540;1199;1584;814;1556;1534;815;955,False,False
chrono_late_train_early_eval,47,heldout_47_51,R4_representation_shift_high_review,32,32,1550;1551;1194;1211;1415;1212;1416;1583;1540;1199;1584;814;1556;1534;815;955;1552;1549;956;1510;1571;1195;1541;631;1202;1417;801;1184;2028;1213;2027;1543,False,False
chrono_late_train_early_eval,47,heldout_47_51,R5_hybrid_active_review,4,2,4280;3301;1551;1416,False,False
chrono_late_train_early_eval,47,heldout_47_51,R5_hybrid_active_review,8,4,4280;3301;1551;1416;1417;1212;4160;4261,False,False
chrono_late_train_early_eval,47,heldout_47_51,R5_hybrid_active_review,16,6,4280;3301;1551;1416;1417;1212;4160;4261;3143;2923;2996;4077;2876;4050;1213;1584,False,False
chrono_late_train_early_eval,47,heldout_47_51,R5_hybrid_active_review,32,21,4280;3301;1551;1416;1417;1212;4160;4261;3143;2923;2996;4077;2876;4050;1213;1584;815;1585;632;302;816;2647;956;303;1419;957;1420;2028;175;1418;2029;176,False,False
chrono_late_train_early_eval,48,heldout_47_51,R0_random_confirmed_attack_validation,4,4,1321;1031;884;714,False,False
chrono_late_train_early_eval,48,heldout_47_51,R0_random_confirmed_attack_validation,8,8,1029;1318;882;1377;1717;1234;1824;713,False,False
chrono_late_train_early_eval,48,heldout_47_51,R0_random_confirmed_attack_validation,16,16,755;1231;1135;1026;707;2296;1314;726;1712;1075;1373;711;880;1271;1818;2076,False,False
chrono_late_train_early_eval,48,heldout_47_51,R0_random_confirmed_attack_validation,32,32,874;1807;1019;1701;618;1306;1069;721;1867;1364;1263;1374;1295;1128;2401;2164;1294;1372;615;751;258;1228;2063;2345;703;1223;706;1114;1000;2204;226;2281,False,False
chrono_late_train_early_eval,48,heldout_47_51,R1_kcenter_confirmed_attack_validation,4,4,8;1803;1682;2329,False,False
chrono_late_train_early_eval,48,heldout_47_51,R1_kcenter_confirmed_attack_validation,8,8,8;1803;1682;2329;2373;1805;1663;1253,False,False
chrono_late_train_early_eval,48,heldout_47_51,R1_kcenter_confirmed_attack_validation,16,16,8;1803;1682;2329;2373;1805;1663;1253;1686;2430;203;2509;2105;756;744;2486,False,False
chrono_late_train_early_eval,48,heldout_47_51,R1_kcenter_confirmed_attack_validation,32,32,8;1803;1682;2329;2373;1805;1663;1253;1686;2430;203;2509;2105;756;744;2486;1171;2016;2393;835;698;1946;2374;1525;101;2515;1177;1982;2330;1527;549;2450,False,False
chrono_late_train_early_eval,48,heldout_47_51,R2_V2_high_V1_low_disagreement_review,4,0,2611;4442;4280;4094,False,False
chrono_late_train_early_eval,48,heldout_47_51,R2_V2_high_V1_low_disagreement_review,8,0,2611;4442;4280;4094;2622;4063;4083;3592,False,False
chrono_late_train_early_eval,48,heldout_47_51,R2_V2_high_V1_low_disagreement_review,16,0,2611;4442;4280;4094;2622;4063;4083;3592;2876;4050;4077;2996;2923;3143;4261;4160,False,False
chrono_late_train_early_eval,48,heldout_47_51,R2_V2_high_V1_low_disagreement_review,32,0,2611;4442;4280;4094;2622;4063;4083;3592;2876;4050;4077;2996;2923;3143;4261;4160;2647;4431;4432;3301,False,False
chrono_late_train_early_eval,48,heldout_47_51,R3_near_threshold_uncertainty_review,4,3,4430;2466;2494;2454,False,False
chrono_late_train_early_eval,48,heldout_47_51,R3_near_threshold_uncertainty_review,8,5,4430;2466;2494;2454;4308;179;2535;2808,False,False
chrono_late_train_early_eval,48,heldout_47_51,R3_near_threshold_uncertainty_review,16,11,4430;2466;2494;2454;4308;179;2535;2808;2403;3301;2531;4040;2429;94;2532;2447,False,False
chrono_late_train_early_eval,48,heldout_47_51,R3_near_threshold_uncertainty_review,32,18,4430;2466;2494;2454;4308;179;2535;2808;2403;3301;2531;4040;2429;94;2532;2447;3074;2528;4432;2495;4431;2475;2647;2445;2481;2571;2527;3059;4042;88;4307;3802,False,False
chrono_late_train_early_eval,48,heldout_47_51,R4_representation_shift_high_review,4,4,1550;1551;1194;1211,False,False
chrono_late_train_early_eval,48,heldout_47_51,R4_representation_shift_high_review,8,8,1550;1551;1194;1211;1415;1212;1416;1583,False,False
chrono_late_train_early_eval,48,heldout_47_51,R4_representation_shift_high_review,16,16,1550;1551;1194;1211;1415;1212;1416;1583;1540;1199;1584;814;1556;1534;815;955,False,False
chrono_late_train_early_eval,48,heldout_47_51,R4_representation_shift_high_review,32,32,1550;1551;1194;1211;1415;1212;1416;1583;1540;1199;1584;814;1556;1534;815;955;1552;1549;956;1510;1571;1195;1541;631;1202;1417;801;1184;2028;1213;2027;1543,False,False
chrono_late_train_early_eval,48,heldout_47_51,R5_hybrid_active_review,4,2,4280;3301;1551;1416,False,False
chrono_late_train_early_eval,48,heldout_47_51,R5_hybrid_active_review,8,4,4280;3301;1551;1416;1417;1212;4160;4261,False,False
chrono_late_train_early_eval,48,heldout_47_51,R5_hybrid_active_review,16,6,4280;3301;1551;1416;1417;1212;4160;4261;3143;2923;2996;4077;2876;4050;1213;1584,False,False
chrono_late_train_early_eval,48,heldout_47_51,R5_hybrid_active_review,32,21,4280;3301;1551;1416;1417;1212;4160;4261;3143;2923;2996;4077;2876;4050;1213;1584;815;1585;632;302;816;2647;956;303;1419;957;1420;2028;175;1418;2029;176,False,False
chrono_late_train_early_eval,49,heldout_47_51,R0_random_confirmed_attack_validation,4,4,171;2291;247;625,False,False
chrono_late_train_early_eval,49,heldout_47_51,R0_random_confirmed_attack_validation,8,8,171;624;535;2141;2287;1204;1128;247,False,False
chrono_late_train_early_eval,49,heldout_47_51,R0_random_confirmed_attack_validation,16,16,2425;533;754;2135;170;2488;1125;2280;1556;622;1364;1200;455;714;392;246,False,False
chrono_late_train_early_eval,49,heldout_47_51,R0_random_confirmed_attack_validation,32,32,618;1194;1171;2472;1627;1921;1118;710;169;1355;2410;1312;305;2266;1192;367;452;191;749;816;2480;530;94;1162;2286;1546;245;1406;1009;2160;2121;389,False,False
chrono_late_train_early_eval,49,heldout_47_51,R1_kcenter_confirmed_attack_validation,4,4,8;1803;1682;2329,False,False
chrono_late_train_early_eval,49,heldout_47_51,R1_kcenter_confirmed_attack_validation,8,8,8;1803;1682;2329;2373;1805;1663;1253,False,False
chrono_late_train_early_eval,49,heldout_47_51,R1_kcenter_confirmed_attack_validation,16,16,8;1803;1682;2329;2373;1805;1663;1253;1686;2430;203;2509;2105;756;744;2486,False,False
chrono_late_train_early_eval,49,heldout_47_51,R1_kcenter_confirmed_attack_validation,32,32,8;1803;1682;2329;2373;1805;1663;1253;1686;2430;203;2509;2105;756;744;2486;1171;2016;2393;835;698;1946;2374;1525;101;2515;1177;1982;2330;1527;549;2450,False,False
chrono_late_train_early_eval,49,heldout_47_51,R2_V2_high_V1_low_disagreement_review,4,0,2611;4442;4280;4094,False,False
chrono_late_train_early_eval,49,heldout_47_51,R2_V2_high_V1_low_disagreement_review,8,0,2611;4442;4280;4094;2622;4063;4083;3592,False,False
chrono_late_train_early_eval,49,heldout_47_51,R2_V2_high_V1_low_disagreement_review,16,0,2611;4442;4280;4094;2622;4063;4083;3592;2876;4050;4077;2996;2923;3143;4261;4160,False,False
chrono_late_train_early_eval,49,heldout_47_51,R2_V2_high_V1_low_disagreement_review,32,0,2611;4442;4280;4094;2622;4063;4083;3592;2876;4050;4077;2996;2923;3143;4261;4160;2647;4431;4432;3301,False,False
chrono_late_train_early_eval,49,heldout_47_51,R3_near_threshold_uncertainty_review,4,3,4430;2466;2494;2454,False,False
chrono_late_train_early_eval,49,heldout_47_51,R3_near_threshold_uncertainty_review,8,5,4430;2466;2494;2454;4308;179;2535;2808,False,False
chrono_late_train_early_eval,49,heldout_47_51,R3_near_threshold_uncertainty_review,16,11,4430;2466;2494;2454;4308;179;2535;2808;2403;3301;2531;4040;2429;94;2532;2447,False,False
chrono_late_train_early_eval,49,heldout_47_51,R3_near_threshold_uncertainty_review,32,18,4430;2466;2494;2454;4308;179;2535;2808;2403;3301;2531;4040;2429;94;2532;2447;3074;2528;4432;2495;4431;2475;2647;2445;2481;2571;2527;3059;4042;88;4307;3802,False,False
chrono_late_train_early_eval,49,heldout_47_51,R4_representation_shift_high_review,4,4,1550;1551;1194;1211,False,False
chrono_late_train_early_eval,49,heldout_47_51,R4_representation_shift_high_review,8,8,1550;1551;1194;1211;1415;1212;1416;1583,False,False
chrono_late_train_early_eval,49,heldout_47_51,R4_representation_shift_high_review,16,16,1550;1551;1194;1211;1415;1212;1416;1583;1540;1199;1584;814;1556;1534;815;955,False,False
chrono_late_train_early_eval,49,heldout_47_51,R4_representation_shift_high_review,32,32,1550;1551;1194;1211;1415;1212;1416;1583;1540;1199;1584;814;1556;1534;815;955;1552;1549;956;1510;1571;1195;1541;631;1202;1417;801;1184;2028;1213;2027;1543,False,False
chrono_late_train_early_eval,49,heldout_47_51,R5_hybrid_active_review,4,2,4280;3301;1551;1416,False,False
chrono_late_train_early_eval,49,heldout_47_51,R5_hybrid_active_review,8,4,4280;3301;1551;1416;1417;1212;4160;4261,False,False
chrono_late_train_early_eval,49,heldout_47_51,R5_hybrid_active_review,16,6,4280;3301;1551;1416;1417;1212;4160;4261;3143;2923;2996;4077;2876;4050;1213;1584,False,False
chrono_late_train_early_eval,49,heldout_47_51,R5_hybrid_active_review,32,21,4280;3301;1551;1416;1417;1212;4160;4261;3143;2923;2996;4077;2876;4050;1213;1584;815;1585;632;302;816;2647;956;303;1419;957;1420;2028;175;1418;2029;176,False,False
chrono_late_train_early_eval,50,heldout_47_51,R0_random_confirmed_attack_validation,4,4,432;1473;2216;1628,False,False
chrono_late_train_early_eval,50,heldout_47_51,R0_random_confirmed_attack_validation,8,8,1625;1264;2212;2101;431;1732;1528;1471,False,False
chrono_late_train_early_eval,50,heldout_47_51,R0_random_confirmed_attack_validation,16,16,1726;1226;768;2488;2205;2159;1466;410;833;430;297;1620;1523;2094;1398;1260,False,False
chrono_late_train_early_eval,50,heldout_47_51,R0_random_confirmed_attack_validation,32,32,2152;295;728;2473;931;849;2524;1218;408;1075;2391;2145;1514;1314;427;783;764;151;1457;1252;2332;1253;1645;917;243;2241;1610;2191;828;1389;1715;2081,False,False
chrono_late_train_early_eval,50,heldout_47_51,R1_kcenter_confirmed_attack_validation,4,4,8;1803;1682;2329,False,False
chrono_late_train_early_eval,50,heldout_47_51,R1_kcenter_confirmed_attack_validation,8,8,8;1803;1682;2329;2373;1805;1663;1253,False,False
chrono_late_train_early_eval,50,heldout_47_51,R1_kcenter_confirmed_attack_validation,16,16,8;1803;1682;2329;2373;1805;1663;1253;1686;2430;203;2509;2105;756;744;2486,False,False
chrono_late_train_early_eval,50,heldout_47_51,R1_kcenter_confirmed_attack_validation,32,32,8;1803;1682;2329;2373;1805;1663;1253;1686;2430;203;2509;2105;756;744;2486;1171;2016;2393;835;698;1946;2374;1525;101;2515;1177;1982;2330;1527;549;2450,False,False
chrono_late_train_early_eval,50,heldout_47_51,R2_V2_high_V1_low_disagreement_review,4,0,2611;4442;4280;4094,False,False
chrono_late_train_early_eval,50,heldout_47_51,R2_V2_high_V1_low_disagreement_review,8,0,2611;4442;4280;4094;2622;4063;4083;3592,False,False
chrono_late_train_early_eval,50,heldout_47_51,R2_V2_high_V1_low_disagreement_review,16,0,2611;4442;4280;4094;2622;4063;4083;3592;2876;4050;4077;2996;2923;3143;4261;4160,False,False
chrono_late_train_early_eval,50,heldout_47_51,R2_V2_high_V1_low_disagreement_review,32,0,2611;4442;4280;4094;2622;4063;4083;3592;2876;4050;4077;2996;2923;3143;4261;4160;2647;4431;4432;3301,False,False
chrono_late_train_early_eval,50,heldout_47_51,R3_near_threshold_uncertainty_review,4,3,4430;2466;2494;2454,False,False
chrono_late_train_early_eval,50,heldout_47_51,R3_near_threshold_uncertainty_review,8,5,4430;2466;2494;2454;4308;179;2535;2808,False,False
chrono_late_train_early_eval,50,heldout_47_51,R3_near_threshold_uncertainty_review,16,11,4430;2466;2494;2454;4308;179;2535;2808;2403;3301;2531;4040;2429;94;2532;2447,False,False
chrono_late_train_early_eval,50,heldout_47_51,R3_near_threshold_uncertainty_review,32,18,4430;2466;2494;2454;4308;179;2535;2808;2403;3301;2531;4040;2429;94;2532;2447;3074;2528;4432;2495;4431;2475;2647;2445;2481;2571;2527;3059;4042;88;4307;3802,False,False
chrono_late_train_early_eval,50,heldout_47_51,R4_representation_shift_high_review,4,4,1550;1551;1194;1211,False,False
chrono_late_train_early_eval,50,heldout_47_51,R4_representation_shift_high_review,8,8,1550;1551;1194;1211;1415;1212;1416;1583,False,False
chrono_late_train_early_eval,50,heldout_47_51,R4_representation_shift_high_review,16,16,1550;1551;1194;1211;1415;1212;1416;1583;1540;1199;1584;814;1556;1534;815;955,False,False
chrono_late_train_early_eval,50,heldout_47_51,R4_representation_shift_high_review,32,32,1550;1551;1194;1211;1415;1212;1416;1583;1540;1199;1584;814;1556;1534;815;955;1552;1549;956;1510;1571;1195;1541;631;1202;1417;801;1184;2028;1213;2027;1543,False,False
chrono_late_train_early_eval,50,heldout_47_51,R5_hybrid_active_review,4,2,4280;3301;1551;1416,False,False
chrono_late_train_early_eval,50,heldout_47_51,R5_hybrid_active_review,8,4,4280;3301;1551;1416;1417;1212;4160;4261,False,False
chrono_late_train_early_eval,50,heldout_47_51,R5_hybrid_active_review,16,6,4280;3301;1551;1416;1417;1212;4160;4261;3143;2923;2996;4077;2876;4050;1213;1584,False,False
chrono_late_train_early_eval,50,heldout_47_51,R5_hybrid_active_review,32,21,4280;3301;1551;1416;1417;1212;4160;4261;3143;2923;2996;4077;2876;4050;1213;1584;815;1585;632;302;816;2647;956;303;1419;957;1420;2028;175;1418;2029;176,False,False
chrono_late_train_early_eval,51,heldout_47_51,R0_random_confirmed_attack_validation,4,4,1744;1002;1573;1550,False,False
chrono_late_train_early_eval,51,heldout_47_51,R0_random_confirmed_attack_validation,8,8,766;797;1547;793;1840;1741;1571;1001,False,False
chrono_late_train_early_eval,51,heldout_47_51,R0_random_confirmed_attack_validation,16,16,790;311;1161;2029;1220;1194;794;679;1566;998;1615;2524;1542;763;1834;1736,False,False
chrono_late_train_early_eval,51,heldout_47_51,R0_random_confirmed_attack_validation,32,32,991;940;896;2422;1264;2016;758;2125;1823;718;2501;1153;1213;612;1725;789;289;1605;2508;2088;1556;1533;675;309;196;318;554;269;2243;1187;785;2051,False,False
chrono_late_train_early_eval,51,heldout_47_51,R1_kcenter_confirmed_attack_validation,4,4,8;1803;1682;2329,False,False
chrono_late_train_early_eval,51,heldout_47_51,R1_kcenter_confirmed_attack_validation,8,8,8;1803;1682;2329;2373;1805;1663;1253,False,False
chrono_late_train_early_eval,51,heldout_47_51,R1_kcenter_confirmed_attack_validation,16,16,8;1803;1682;2329;2373;1805;1663;1253;1686;2430;203;2509;2105;756;744;2486,False,False
chrono_late_train_early_eval,51,heldout_47_51,R1_kcenter_confirmed_attack_validation,32,32,8;1803;1682;2329;2373;1805;1663;1253;1686;2430;203;2509;2105;756;744;2486;1171;2016;2393;835;698;1946;2374;1525;101;2515;1177;1982;2330;1527;549;2450,False,False
chrono_late_train_early_eval,51,heldout_47_51,R2_V2_high_V1_low_disagreement_review,4,0,2611;4442;4280;4094,False,False
chrono_late_train_early_eval,51,heldout_47_51,R2_V2_high_V1_low_disagreement_review,8,0,2611;4442;4280;4094;2622;4063;4083;3592,False,False
chrono_late_train_early_eval,51,heldout_47_51,R2_V2_high_V1_low_disagreement_review,16,0,2611;4442;4280;4094;2622;4063;4083;3592;2876;4050;4077;2996;2923;3143;4261;4160,False,False
chrono_late_train_early_eval,51,heldout_47_51,R2_V2_high_V1_low_disagreement_review,32,0,2611;4442;4280;4094;2622;4063;4083;3592;2876;4050;4077;2996;2923;3143;4261;4160;2647;4431;4432;3301,False,False
chrono_late_train_early_eval,51,heldout_47_51,R3_near_threshold_uncertainty_review,4,3,4430;2466;2494;2454,False,False
chrono_late_train_early_eval,51,heldout_47_51,R3_near_threshold_uncertainty_review,8,5,4430;2466;2494;2454;4308;179;2535;2808,False,False
chrono_late_train_early_eval,51,heldout_47_51,R3_near_threshold_uncertainty_review,16,11,4430;2466;2494;2454;4308;179;2535;2808;2403;3301;2531;4040;2429;94;2532;2447,False,False
chrono_late_train_early_eval,51,heldout_47_51,R3_near_threshold_uncertainty_review,32,18,4430;2466;2494;2454;4308;179;2535;2808;2403;3301;2531;4040;2429;94;2532;2447;3074;2528;4432;2495;4431;2475;2647;2445;2481;2571;2527;3059;4042;88;4307;3802,False,False
chrono_late_train_early_eval,51,heldout_47_51,R4_representation_shift_high_review,4,4,1550;1551;1194;1211,False,False
chrono_late_train_early_eval,51,heldout_47_51,R4_representation_shift_high_review,8,8,1550;1551;1194;1211;1415;1212;1416;1583,False,False
chrono_late_train_early_eval,51,heldout_47_51,R4_representation_shift_high_review,16,16,1550;1551;1194;1211;1415;1212;1416;1583;1540;1199;1584;814;1556;1534;815;955,False,False
chrono_late_train_early_eval,51,heldout_47_51,R4_representation_shift_high_review,32,32,1550;1551;1194;1211;1415;1212;1416;1583;1540;1199;1584;814;1556;1534;815;955;1552;1549;956;1510;1571;1195;1541;631;1202;1417;801;1184;2028;1213;2027;1543,False,False
chrono_late_train_early_eval,51,heldout_47_51,R5_hybrid_active_review,4,2,4280;3301;1551;1416,False,False
chrono_late_train_early_eval,51,heldout_47_51,R5_hybrid_active_review,8,4,4280;3301;1551;1416;1417;1212;4160;4261,False,False
chrono_late_train_early_eval,51,heldout_47_51,R5_hybrid_active_review,16,6,4280;3301;1551;1416;1417;1212;4160;4261;3143;2923;2996;4077;2876;4050;1213;1584,False,False
chrono_late_train_early_eval,51,heldout_47_51,R5_hybrid_active_review,32,21,4280;3301;1551;1416;1417;1212;4160;4261;3143;2923;2996;4077;2876;4050;1213;1584;815;1585;632;302;816;2647;956;303;1419;957;1420;2028;175;1418;2029;176,False,False
holdout_bin_2,42,main_42_46,R0_random_confirmed_attack_validation,4,4,273;3728;4155;2748,False,False
holdout_bin_2,42,main_42_46,R0_random_confirmed_attack_validation,8,8,4274;4152;4928;3725;273;3598;2746;490,False,False
holdout_bin_2,42,main_42_46,R0_random_confirmed_attack_validation,16,16,588;4921;2131;185;3592;4268;2742;489;273;4220;364;4531;3720;4146;2349;2558,False,False
holdout_bin_2,42,main_42_46,R0_random_confirmed_attack_validation,32,32,4736;4915;185;2904;1352;487;272;3709;4063;2734;3711;4255;5290;637;3582;2551;4134;586;213;2298;3458;4208;2342;3261;4907;363;4790;1218;4517;2125;2165;4535,False,False
holdout_bin_2,42,main_42_46,R1_kcenter_confirmed_attack_validation,4,4,1119;189;5280;4751,False,False
holdout_bin_2,42,main_42_46,R1_kcenter_confirmed_attack_validation,8,8,1119;189;5280;4751;2035;566;4892;195,False,False
holdout_bin_2,42,main_42_46,R1_kcenter_confirmed_attack_validation,16,16,1119;189;5280;4751;2035;566;4892;195;4749;3142;2992;3939;20;2736;18;1700,False,False
holdout_bin_2,42,main_42_46,R1_kcenter_confirmed_attack_validation,32,32,1119;189;5280;4751;2035;566;4892;195;4749;3142;2992;3939;20;2736;18;1700;5056;2167;228;2814;5329;167;156;4994;229;1158;4484;25;2168;4;613;19,False,False
holdout_bin_2,42,main_42_46,R2_V2_high_V1_low_disagreement_review,4,0,6256;7230;7385;5602,False,False
holdout_bin_2,42,main_42_46,R2_V2_high_V1_low_disagreement_review,8,0,6256;7230;7385;5602;5858;7355;5566;5867,False,False
holdout_bin_2,42,main_42_46,R2_V2_high_V1_low_disagreement_review,16,0,6256;7230;7385;5602;5858;7355;5566;5867;5605;7397;7366;5577,False,False
holdout_bin_2,42,main_42_46,R2_V2_high_V1_low_disagreement_review,32,0,6256;7230;7385;5602;5858;7355;5566;5867;5605;7397;7366;5577,False,False
holdout_bin_2,42,main_42_46,R3_near_threshold_uncertainty_review,4,2,731;5577;5833;5348,False,False
holdout_bin_2,42,main_42_46,R3_near_threshold_uncertainty_review,8,5,731;5577;5833;5348;791;7366;663;657,False,False
holdout_bin_2,42,main_42_46,R3_near_threshold_uncertainty_review,16,13,731;5577;5833;5348;791;7366;663;657;3259;5148;826;3089;874;818;3563;5186,False,False
holdout_bin_2,42,main_42_46,R3_near_threshold_uncertainty_review,32,27,731;5577;5833;5348;791;7366;663;657;3259;5148;826;3089;874;818;3563;5186;786;3288;5012;750;3273;5352;824;892;3217;6998;5249;2819;2896;5219;5765;2829,False,False
holdout_bin_2,42,main_42_46,R4_representation_shift_high_review,4,4,868;886;873;1569,False,False
holdout_bin_2,42,main_42_46,R4_representation_shift_high_review,8,8,868;886;873;1569;891;870;1511;4498,False,False
holdout_bin_2,42,main_42_46,R4_representation_shift_high_review,16,16,868;886;873;1569;891;870;1511;4498;4138;906;4487;1574;813;888;1527;4143,False,False
holdout_bin_2,42,main_42_46,R4_representation_shift_high_review,32,32,868;886;873;1569;891;870;1511;4498;4138;906;4487;1574;813;888;1527;4143;1516;858;4481;1571;818;901;1532;4503;2388;1513;1546;4140;874;1517;4500;845,False,False
holdout_bin_2,42,main_42_46,R5_hybrid_active_review,4,4,868;886;873;813,False,False
holdout_bin_2,42,main_42_46,R5_hybrid_active_review,8,8,868;886;873;813;818;891;874;892,False,False
holdout_bin_2,42,main_42_46,R5_hybrid_active_review,16,16,868;886;873;813;818;891;874;892;877;2388;2890;906;832;776;771;755,False,False
holdout_bin_2,42,main_42_46,R5_hybrid_active_review,32,30,868;886;873;813;818;891;874;892;877;2388;2890;906;832;776;771;755;3553;907;833;760;823;1511;819;919;901;2895;7230;6256;3211;1569;878;790,False,False
holdout_bin_2,43,main_42_46,R0_random_confirmed_attack_validation,4,4,3303;516;3756;1748,False,False
holdout_bin_2,43,main_42_46,R0_random_confirmed_attack_validation,8,8,2383;1747;4120;515;3753;3300;3188;1257,False,False
holdout_bin_2,43,main_42_46,R0_random_confirmed_attack_validation,16,16,1652;3295;3748;4491;1255;233;2380;1744;4114;514;3804;1175;3706;3183;4511;1306,False,False
holdout_bin_2,43,main_42_46,R0_random_confirmed_attack_validation,32,32,2926;3737;4895;1302;4277;4353;3718;1171;233;1490;1647;3012;3792;4102;1251;3174;2118;1246;2685;4478;3695;2193;3456;513;2306;2373;4109;2768;3309;4498;3286;1739,False,False
holdout_bin_2,43,main_42_46,R1_kcenter_confirmed_attack_validation,4,4,1119;189;5280;4751,False,False
holdout_bin_2,43,main_42_46,R1_kcenter_confirmed_attack_validation,8,8,1119;189;5280;4751;2035;566;4892;195,False,False
holdout_bin_2,43,main_42_46,R1_kcenter_confirmed_attack_validation,16,16,1119;189;5280;4751;2035;566;4892;195;4749;3142;2992;3939;20;2736;18;1700,False,False
holdout_bin_2,43,main_42_46,R1_kcenter_confirmed_attack_validation,32,32,1119;189;5280;4751;2035;566;4892;195;4749;3142;2992;3939;20;2736;18;1700;5056;2167;228;2814;5329;167;156;4994;229;1158;4484;25;2168;4;613;19,False,False
holdout_bin_2,43,main_42_46,R2_V2_high_V1_low_disagreement_review,4,0,6256;7230;7385;5602,False,False
holdout_bin_2,43,main_42_46,R2_V2_high_V1_low_disagreement_review,8,0,6256;7230;7385;5602;5858;7355;5566;5867,False,False
holdout_bin_2,43,main_42_46,R2_V2_high_V1_low_disagreement_review,16,0,6256;7230;7385;5602;5858;7355;5566;5867;5605;7397;7366;5577,False,False
holdout_bin_2,43,main_42_46,R2_V2_high_V1_low_disagreement_review,32,0,6256;7230;7385;5602;5858;7355;5566;5867;5605;7397;7366;5577,False,False
holdout_bin_2,43,main_42_46,R3_near_threshold_uncertainty_review,4,2,731;5577;5833;5348,False,False
holdout_bin_2,43,main_42_46,R3_near_threshold_uncertainty_review,8,5,731;5577;5833;5348;791;7366;663;657,False,False
holdout_bin_2,43,main_42_46,R3_near_threshold_uncertainty_review,16,13,731;5577;5833;5348;791;7366;663;657;3259;5148;826;3089;874;818;3563;5186,False,False
holdout_bin_2,43,main_42_46,R3_near_threshold_uncertainty_review,32,27,731;5577;5833;5348;791;7366;663;657;3259;5148;826;3089;874;818;3563;5186;786;3288;5012;750;3273;5352;824;892;3217;6998;5249;2819;2896;5219;5765;2829,False,False
holdout_bin_2,43,main_42_46,R4_representation_shift_high_review,4,4,868;886;873;1569,False,False
holdout_bin_2,43,main_42_46,R4_representation_shift_high_review,8,8,868;886;873;1569;891;870;1511;4498,False,False
holdout_bin_2,43,main_42_46,R4_representation_shift_high_review,16,16,868;886;873;1569;891;870;1511;4498;4138;906;4487;1574;813;888;1527;4143,False,False
holdout_bin_2,43,main_42_46,R4_representation_shift_high_review,32,32,868;886;873;1569;891;870;1511;4498;4138;906;4487;1574;813;888;1527;4143;1516;858;4481;1571;818;901;1532;4503;2388;1513;1546;4140;874;1517;4500;845,False,False
holdout_bin_2,43,main_42_46,R5_hybrid_active_review,4,4,868;886;873;813,False,False
holdout_bin_2,43,main_42_46,R5_hybrid_active_review,8,8,868;886;873;813;818;891;874;892,False,False
holdout_bin_2,43,main_42_46,R5_hybrid_active_review,16,16,868;886;873;813;818;891;874;892;877;2388;2890;906;832;776;771;755,False,False
holdout_bin_2,43,main_42_46,R5_hybrid_active_review,32,30,868;886;873;813;818;891;874;892;877;2388;2890;906;832;776;771;755;3553;907;833;760;823;1511;819;919;901;2895;7230;6256;3211;1569;878;790,False,False
holdout_bin_2,44,main_42_46,R0_random_confirmed_attack_validation,4,4,1002;5118;3347;3830,False,False
holdout_bin_2,44,main_42_46,R0_random_confirmed_attack_validation,8,8,3345;370;3847;5114;469;3827;4574;1002,False,False
holdout_bin_2,44,main_42_46,R0_random_confirmed_attack_validation,16,16,3817;3841;369;3821;3259;2655;4567;1000;868;3340;3113;5046;5107;3548;4963;468,False,False
holdout_bin_2,44,main_42_46,R0_random_confirmed_attack_validation,32,32,5017;5430;4579;5373;3830;368;1;865;3387;4554;3806;2243;2647;3330;1162;997;5031;3538;5399;3104;3810;3249;2884;1338;5092;611;3727;1270;4949;880;1189;467,False,False
holdout_bin_2,44,main_42_46,R1_kcenter_confirmed_attack_validation,4,4,1119;189;5280;4751,False,False
holdout_bin_2,44,main_42_46,R1_kcenter_confirmed_attack_validation,8,8,1119;189;5280;4751;2035;566;4892;195,False,False
holdout_bin_2,44,main_42_46,R1_kcenter_confirmed_attack_validation,16,16,1119;189;5280;4751;2035;566;4892;195;4749;3142;2992;3939;20;2736;18;1700,False,False
holdout_bin_2,44,main_42_46,R1_kcenter_confirmed_attack_validation,32,32,1119;189;5280;4751;2035;566;4892;195;4749;3142;2992;3939;20;2736;18;1700;5056;2167;228;2814;5329;167;156;4994;229;1158;4484;25;2168;4;613;19,False,False
holdout_bin_2,44,main_42_46,R2_V2_high_V1_low_disagreement_review,4,0,6256;7230;7385;5602,False,False
holdout_bin_2,44,main_42_46,R2_V2_high_V1_low_disagreement_review,8,0,6256;7230;7385;5602;5858;7355;5566;5867,False,False
holdout_bin_2,44,main_42_46,R2_V2_high_V1_low_disagreement_review,16,0,6256;7230;7385;5602;5858;7355;5566;5867;5605;7397;7366;5577,False,False
holdout_bin_2,44,main_42_46,R2_V2_high_V1_low_disagreement_review,32,0,6256;7230;7385;5602;5858;7355;5566;5867;5605;7397;7366;5577,False,False
holdout_bin_2,44,main_42_46,R3_near_threshold_uncertainty_review,4,2,731;5577;5833;5348,False,False
holdout_bin_2,44,main_42_46,R3_near_threshold_uncertainty_review,8,5,731;5577;5833;5348;791;7366;663;657,False,False
holdout_bin_2,44,main_42_46,R3_near_threshold_uncertainty_review,16,13,731;5577;5833;5348;791;7366;663;657;3259;5148;826;3089;874;818;3563;5186,False,False
holdout_bin_2,44,main_42_46,R3_near_threshold_uncertainty_review,32,27,731;5577;5833;5348;791;7366;663;657;3259;5148;826;3089;874;818;3563;5186;786;3288;5012;750;3273;5352;824;892;3217;6998;5249;2819;2896;5219;5765;2829,False,False
holdout_bin_2,44,main_42_46,R4_representation_shift_high_review,4,4,868;886;873;1569,False,False
holdout_bin_2,44,main_42_46,R4_representation_shift_high_review,8,8,868;886;873;1569;891;870;1511;4498,False,False
holdout_bin_2,44,main_42_46,R4_representation_shift_high_review,16,16,868;886;873;1569;891;870;1511;4498;4138;906;4487;1574;813;888;1527;4143,False,False
holdout_bin_2,44,main_42_46,R4_representation_shift_high_review,32,32,868;886;873;1569;891;870;1511;4498;4138;906;4487;1574;813;888;1527;4143;1516;858;4481;1571;818;901;1532;4503;2388;1513;1546;4140;874;1517;4500;845,False,False
holdout_bin_2,44,main_42_46,R5_hybrid_active_review,4,4,868;886;873;813,False,False
holdout_bin_2,44,main_42_46,R5_hybrid_active_review,8,8,868;886;873;813;818;891;874;892,False,False
holdout_bin_2,44,main_42_46,R5_hybrid_active_review,16,16,868;886;873;813;818;891;874;892;877;2388;2890;906;832;776;771;755,False,False
holdout_bin_2,44,main_42_46,R5_hybrid_active_review,32,30,868;886;873;813;818;891;874;892;877;2388;2890;906;832;776;771;755;3553;907;833;760;823;1511;819;919;901;2895;7230;6256;3211;1569;878;790,False,False
holdout_bin_2,45,main_42_46,R0_random_confirmed_attack_validation,4,4,1914;4199;4520;4899,False,False
holdout_bin_2,45,main_42_46,R0_random_confirmed_attack_validation,8,8,4910;1912;4196;4896;3209;2486;3590;4517,False,False
holdout_bin_2,45,main_42_46,R0_random_confirmed_attack_validation,16,16,4889;3220;4645;2482;4916;3137;4190;3204;1910;4510;3585;4902;4552;4740;1042;966,False,False
holdout_bin_2,45,main_42_46,R0_random_confirmed_attack_validation,32,32,209;4874;3128;4497;3211;2475;2762;3661;3574;1039;5303;1904;3195;930;1631;4485;2187;4632;4178;3514;2473;4888;4726;963;4538;280;2014;2685;4901;3430;1504;5464,False,False
holdout_bin_2,45,main_42_46,R1_kcenter_confirmed_attack_validation,4,4,1119;189;5280;4751,False,False
holdout_bin_2,45,main_42_46,R1_kcenter_confirmed_attack_validation,8,8,1119;189;5280;4751;2035;566;4892;195,False,False
holdout_bin_2,45,main_42_46,R1_kcenter_confirmed_attack_validation,16,16,1119;189;5280;4751;2035;566;4892;195;4749;3142;2992;3939;20;2736;18;1700,False,False
holdout_bin_2,45,main_42_46,R1_kcenter_confirmed_attack_validation,32,32,1119;189;5280;4751;2035;566;4892;195;4749;3142;2992;3939;20;2736;18;1700;5056;2167;228;2814;5329;167;156;4994;229;1158;4484;25;2168;4;613;19,False,False
holdout_bin_2,45,main_42_46,R2_V2_high_V1_low_disagreement_review,4,0,6256;7230;7385;5602,False,False
holdout_bin_2,45,main_42_46,R2_V2_high_V1_low_disagreement_review,8,0,6256;7230;7385;5602;5858;7355;5566;5867,False,False
holdout_bin_2,45,main_42_46,R2_V2_high_V1_low_disagreement_review,16,0,6256;7230;7385;5602;5858;7355;5566;5867;5605;7397;7366;5577,False,False
holdout_bin_2,45,main_42_46,R2_V2_high_V1_low_disagreement_review,32,0,6256;7230;7385;5602;5858;7355;5566;5867;5605;7397;7366;5577,False,False
holdout_bin_2,45,main_42_46,R3_near_threshold_uncertainty_review,4,2,731;5577;5833;5348,False,False
holdout_bin_2,45,main_42_46,R3_near_threshold_uncertainty_review,8,5,731;5577;5833;5348;791;7366;663;657,False,False
holdout_bin_2,45,main_42_46,R3_near_threshold_uncertainty_review,16,13,731;5577;5833;5348;791;7366;663;657;3259;5148;826;3089;874;818;3563;5186,False,False
holdout_bin_2,45,main_42_46,R3_near_threshold_uncertainty_review,32,27,731;5577;5833;5348;791;7366;663;657;3259;5148;826;3089;874;818;3563;5186;786;3288;5012;750;3273;5352;824;892;3217;6998;5249;2819;2896;5219;5765;2829,False,False
holdout_bin_2,45,main_42_46,R4_representation_shift_high_review,4,4,868;886;873;1569,False,False
holdout_bin_2,45,main_42_46,R4_representation_shift_high_review,8,8,868;886;873;1569;891;870;1511;4498,False,False
holdout_bin_2,45,main_42_46,R4_representation_shift_high_review,16,16,868;886;873;1569;891;870;1511;4498;4138;906;4487;1574;813;888;1527;4143,False,False
holdout_bin_2,45,main_42_46,R4_representation_shift_high_review,32,32,868;886;873;1569;891;870;1511;4498;4138;906;4487;1574;813;888;1527;4143;1516;858;4481;1571;818;901;1532;4503;2388;1513;1546;4140;874;1517;4500;845,False,False
holdout_bin_2,45,main_42_46,R5_hybrid_active_review,4,4,868;886;873;813,False,False
holdout_bin_2,45,main_42_46,R5_hybrid_active_review,8,8,868;886;873;813;818;891;874;892,False,False
holdout_bin_2,45,main_42_46,R5_hybrid_active_review,16,16,868;886;873;813;818;891;874;892;877;2388;2890;906;832;776;771;755,False,False
holdout_bin_2,45,main_42_46,R5_hybrid_active_review,32,30,868;886;873;813;818;891;874;892;877;2388;2890;906;832;776;771;755;3553;907;833;760;823;1511;819;919;901;2895;7230;6256;3211;1569;878;790,False,False
holdout_bin_2,46,main_42_46,R0_random_confirmed_attack_validation,4,4,4343;636;2393;4678,False,False
holdout_bin_2,46,main_42_46,R0_random_confirmed_attack_validation,8,8,5192;508;636;938;2391;4675;4340;4297,False,False
holdout_bin_2,46,main_42_46,R0_random_confirmed_attack_validation,16,16,937;4668;367;1880;2637;2388;4960;635;4334;4310;5184;2065;1831;4290;5016;507,False,False
holdout_bin_2,46,main_42_46,R0_random_confirmed_attack_validation,32,32,1259;2629;2381;3886;4621;3099;934;3086;4297;2942;1826;366;3530;2601;633;913;5169;1782;1874;5001;4654;976;2750;3147;1816;506;4321;2059;2005;4945;4278;2859,False,False
holdout_bin_2,46,main_42_46,R1_kcenter_confirmed_attack_validation,4,4,1119;189;5280;4751,False,False
holdout_bin_2,46,main_42_46,R1_kcenter_confirmed_attack_validation,8,8,1119;189;5280;4751;2035;566;4892;195,False,False
holdout_bin_2,46,main_42_46,R1_kcenter_confirmed_attack_validation,16,16,1119;189;5280;4751;2035;566;4892;195;4749;3142;2992;3939;20;2736;18;1700,False,False
holdout_bin_2,46,main_42_46,R1_kcenter_confirmed_attack_validation,32,32,1119;189;5280;4751;2035;566;4892;195;4749;3142;2992;3939;20;2736;18;1700;5056;2167;228;2814;5329;167;156;4994;229;1158;4484;25;2168;4;613;19,False,False
holdout_bin_2,46,main_42_46,R2_V2_high_V1_low_disagreement_review,4,0,6256;7230;7385;5602,False,False
holdout_bin_2,46,main_42_46,R2_V2_high_V1_low_disagreement_review,8,0,6256;7230;7385;5602;5858;7355;5566;5867,False,False
holdout_bin_2,46,main_42_46,R2_V2_high_V1_low_disagreement_review,16,0,6256;7230;7385;5602;5858;7355;5566;5867;5605;7397;7366;5577,False,False
holdout_bin_2,46,main_42_46,R2_V2_high_V1_low_disagreement_review,32,0,6256;7230;7385;5602;5858;7355;5566;5867;5605;7397;7366;5577,False,False
holdout_bin_2,46,main_42_46,R3_near_threshold_uncertainty_review,4,2,731;5577;5833;5348,False,False
holdout_bin_2,46,main_42_46,R3_near_threshold_uncertainty_review,8,5,731;5577;5833;5348;791;7366;663;657,False,False
holdout_bin_2,46,main_42_46,R3_near_threshold_uncertainty_review,16,13,731;5577;5833;5348;791;7366;663;657;3259;5148;826;3089;874;818;3563;5186,False,False
holdout_bin_2,46,main_42_46,R3_near_threshold_uncertainty_review,32,27,731;5577;5833;5348;791;7366;663;657;3259;5148;826;3089;874;818;3563;5186;786;3288;5012;750;3273;5352;824;892;3217;6998;5249;2819;2896;5219;5765;2829,False,False
holdout_bin_2,46,main_42_46,R4_representation_shift_high_review,4,4,868;886;873;1569,False,False
holdout_bin_2,46,main_42_46,R4_representation_shift_high_review,8,8,868;886;873;1569;891;870;1511;4498,False,False
holdout_bin_2,46,main_42_46,R4_representation_shift_high_review,16,16,868;886;873;1569;891;870;1511;4498;4138;906;4487;1574;813;888;1527;4143,False,False
holdout_bin_2,46,main_42_46,R4_representation_shift_high_review,32,32,868;886;873;1569;891;870;1511;4498;4138;906;4487;1574;813;888;1527;4143;1516;858;4481;1571;818;901;1532;4503;2388;1513;1546;4140;874;1517;4500;845,False,False
holdout_bin_2,46,main_42_46,R5_hybrid_active_review,4,4,868;886;873;813,False,False
holdout_bin_2,46,main_42_46,R5_hybrid_active_review,8,8,868;886;873;813;818;891;874;892,False,False
holdout_bin_2,46,main_42_46,R5_hybrid_active_review,16,16,868;886;873;813;818;891;874;892;877;2388;2890;906;832;776;771;755,False,False
holdout_bin_2,46,main_42_46,R5_hybrid_active_review,32,30,868;886;873;813;818;891;874;892;877;2388;2890;906;832;776;771;755;3553;907;833;760;823;1511;819;919;901;2895;7230;6256;3211;1569;878;790,False,False
holdout_bin_2,47,heldout_47_51,R0_random_confirmed_attack_validation,4,4,2203;2976;3621;1632,False,False
holdout_bin_2,47,heldout_47_51,R0_random_confirmed_attack_validation,8,8,2974;5193;2250;2202;3618;5180;1631;3715,False,False
holdout_bin_2,47,heldout_47_51,R0_random_confirmed_attack_validation,16,16,4567;1833;174;4695;4501;3705;3710;2970;2283;2199;5185;1039;3613;1629;5172;2247,False,False
holdout_bin_2,47,heldout_47_51,R0_random_confirmed_attack_validation,32,32,2276;2843;1205;4312;1636;5170;2961;180;3699;3695;5157;2240;173;4488;1036;3602;4554;2739;1560;2070;3982;3873;2216;583;2151;4955;206;1828;4681;2192;1624;5342,False,False
holdout_bin_2,47,heldout_47_51,R1_kcenter_confirmed_attack_validation,4,4,1119;189;5280;4751,False,False
holdout_bin_2,47,heldout_47_51,R1_kcenter_confirmed_attack_validation,8,8,1119;189;5280;4751;2035;566;4892;195,False,False
holdout_bin_2,47,heldout_47_51,R1_kcenter_confirmed_attack_validation,16,16,1119;189;5280;4751;2035;566;4892;195;4749;3142;2992;3939;20;2736;18;1700,False,False
holdout_bin_2,47,heldout_47_51,R1_kcenter_confirmed_attack_validation,32,32,1119;189;5280;4751;2035;566;4892;195;4749;3142;2992;3939;20;2736;18;1700;5056;2167;228;2814;5329;167;156;4994;229;1158;4484;25;2168;4;613;19,False,False
holdout_bin_2,47,heldout_47_51,R2_V2_high_V1_low_disagreement_review,4,0,6256;7230;7385;5602,False,False
holdout_bin_2,47,heldout_47_51,R2_V2_high_V1_low_disagreement_review,8,0,6256;7230;7385;5602;5858;7355;5566;5867,False,False
holdout_bin_2,47,heldout_47_51,R2_V2_high_V1_low_disagreement_review,16,0,6256;7230;7385;5602;5858;7355;5566;5867;5605;7397;7366;5577,False,False
holdout_bin_2,47,heldout_47_51,R2_V2_high_V1_low_disagreement_review,32,0,6256;7230;7385;5602;5858;7355;5566;5867;5605;7397;7366;5577,False,False
holdout_bin_2,47,heldout_47_51,R3_near_threshold_uncertainty_review,4,2,731;5577;5833;5348,False,False
holdout_bin_2,47,heldout_47_51,R3_near_threshold_uncertainty_review,8,5,731;5577;5833;5348;791;7366;663;657,False,False
holdout_bin_2,47,heldout_47_51,R3_near_threshold_uncertainty_review,16,13,731;5577;5833;5348;791;7366;663;657;3259;5148;826;3089;874;818;3563;5186,False,False
holdout_bin_2,47,heldout_47_51,R3_near_threshold_uncertainty_review,32,27,731;5577;5833;5348;791;7366;663;657;3259;5148;826;3089;874;818;3563;5186;786;3288;5012;750;3273;5352;824;892;3217;6998;5249;2819;2896;5219;5765;2829,False,False
holdout_bin_2,47,heldout_47_51,R4_representation_shift_high_review,4,4,868;886;873;1569,False,False
holdout_bin_2,47,heldout_47_51,R4_representation_shift_high_review,8,8,868;886;873;1569;891;870;1511;4498,False,False
holdout_bin_2,47,heldout_47_51,R4_representation_shift_high_review,16,16,868;886;873;1569;891;870;1511;4498;4138;906;4487;1574;813;888;1527;4143,False,False
holdout_bin_2,47,heldout_47_51,R4_representation_shift_high_review,32,32,868;886;873;1569;891;870;1511;4498;4138;906;4487;1574;813;888;1527;4143;1516;858;4481;1571;818;901;1532;4503;2388;1513;1546;4140;874;1517;4500;845,False,False
holdout_bin_2,47,heldout_47_51,R5_hybrid_active_review,4,4,868;886;873;813,False,False
holdout_bin_2,47,heldout_47_51,R5_hybrid_active_review,8,8,868;886;873;813;818;891;874;892,False,False
holdout_bin_2,47,heldout_47_51,R5_hybrid_active_review,16,16,868;886;873;813;818;891;874;892;877;2388;2890;906;832;776;771;755,False,False
holdout_bin_2,47,heldout_47_51,R5_hybrid_active_review,32,30,868;886;873;813;818;891;874;892;877;2388;2890;906;832;776;771;755;3553;907;833;760;823;1511;819;919;901;2895;7230;6256;3211;1569;878;790,False,False
holdout_bin_2,48,heldout_47_51,R0_random_confirmed_attack_validation,4,4,2860;2234;1915;1548,False,False
holdout_bin_2,48,heldout_47_51,R0_random_confirmed_attack_validation,8,8,2232;2858;1914;2984;3721;2674;3950;1546,False,False
holdout_bin_2,48,heldout_47_51,R0_random_confirmed_attack_validation,16,16,1636;2670;2459;2229;1534;4976;2854;1574;3715;2331;2980;1544;1911;2755;3944;4496,False,False
holdout_bin_2,48,heldout_47_51,R0_random_confirmed_attack_validation,32,32,1905;3932;2223;3704;1341;2845;2325;1569;4049;2971;2747;2980;2810;2452;5200;4689;2811;2977;1333;1631;560;2665;4483;5094;1530;2662;1540;2416;2166;4785;491;4961,False,False
holdout_bin_2,48,heldout_47_51,R1_kcenter_confirmed_attack_validation,4,4,1119;189;5280;4751,False,False
holdout_bin_2,48,heldout_47_51,R1_kcenter_confirmed_attack_validation,8,8,1119;189;5280;4751;2035;566;4892;195,False,False
holdout_bin_2,48,heldout_47_51,R1_kcenter_confirmed_attack_validation,16,16,1119;189;5280;4751;2035;566;4892;195;4749;3142;2992;3939;20;2736;18;1700,False,False
holdout_bin_2,48,heldout_47_51,R1_kcenter_confirmed_attack_validation,32,32,1119;189;5280;4751;2035;566;4892;195;4749;3142;2992;3939;20;2736;18;1700;5056;2167;228;2814;5329;167;156;4994;229;1158;4484;25;2168;4;613;19,False,False
holdout_bin_2,48,heldout_47_51,R2_V2_high_V1_low_disagreement_review,4,0,6256;7230;7385;5602,False,False
holdout_bin_2,48,heldout_47_51,R2_V2_high_V1_low_disagreement_review,8,0,6256;7230;7385;5602;5858;7355;5566;5867,False,False
holdout_bin_2,48,heldout_47_51,R2_V2_high_V1_low_disagreement_review,16,0,6256;7230;7385;5602;5858;7355;5566;5867;5605;7397;7366;5577,False,False
holdout_bin_2,48,heldout_47_51,R2_V2_high_V1_low_disagreement_review,32,0,6256;7230;7385;5602;5858;7355;5566;5867;5605;7397;7366;5577,False,False
holdout_bin_2,48,heldout_47_51,R3_near_threshold_uncertainty_review,4,2,731;5577;5833;5348,False,False
holdout_bin_2,48,heldout_47_51,R3_near_threshold_uncertainty_review,8,5,731;5577;5833;5348;791;7366;663;657,False,False
holdout_bin_2,48,heldout_47_51,R3_near_threshold_uncertainty_review,16,13,731;5577;5833;5348;791;7366;663;657;3259;5148;826;3089;874;818;3563;5186,False,False
holdout_bin_2,48,heldout_47_51,R3_near_threshold_uncertainty_review,32,27,731;5577;5833;5348;791;7366;663;657;3259;5148;826;3089;874;818;3563;5186;786;3288;5012;750;3273;5352;824;892;3217;6998;5249;2819;2896;5219;5765;2829,False,False
holdout_bin_2,48,heldout_47_51,R4_representation_shift_high_review,4,4,868;886;873;1569,False,False
holdout_bin_2,48,heldout_47_51,R4_representation_shift_high_review,8,8,868;886;873;1569;891;870;1511;4498,False,False
holdout_bin_2,48,heldout_47_51,R4_representation_shift_high_review,16,16,868;886;873;1569;891;870;1511;4498;4138;906;4487;1574;813;888;1527;4143,False,False
holdout_bin_2,48,heldout_47_51,R4_representation_shift_high_review,32,32,868;886;873;1569;891;870;1511;4498;4138;906;4487;1574;813;888;1527;4143;1516;858;4481;1571;818;901;1532;4503;2388;1513;1546;4140;874;1517;4500;845,False,False
holdout_bin_2,48,heldout_47_51,R5_hybrid_active_review,4,4,868;886;873;813,False,False
holdout_bin_2,48,heldout_47_51,R5_hybrid_active_review,8,8,868;886;873;813;818;891;874;892,False,False
holdout_bin_2,48,heldout_47_51,R5_hybrid_active_review,16,16,868;886;873;813;818;891;874;892;877;2388;2890;906;832;776;771;755,False,False
holdout_bin_2,48,heldout_47_51,R5_hybrid_active_review,32,30,868;886;873;813;818;891;874;892;877;2388;2890;906;832;776;771;755;3553;907;833;760;823;1511;819;919;901;2895;7230;6256;3211;1569;878;790,False,False
holdout_bin_2,49,heldout_47_51,R0_random_confirmed_attack_validation,4,4,371;4961;536;1355,False,False
holdout_bin_2,49,heldout_47_51,R0_random_confirmed_attack_validation,8,8,371;1354;1160;4637;4958;2608;2444;536,False,False
holdout_bin_2,49,heldout_47_51,R0_random_confirmed_attack_validation,16,16,5258;1158;1634;4630;370;5393;2441;4950;3373;1352;2955;2604;988;1547;848;535,False,False
holdout_bin_2,49,heldout_47_51,R0_random_confirmed_attack_validation,32,32,1348;2591;2539;5377;3532;4162;2434;1543;369;2946;5243;2843;662;4936;2597;797;985;416;1629;1769;5387;1155;205;2516;4957;3363;534;3050;2189;4679;4617;846,False,False
holdout_bin_2,49,heldout_47_51,R1_kcenter_confirmed_attack_validation,4,4,1119;189;5280;4751,False,False
holdout_bin_2,49,heldout_47_51,R1_kcenter_confirmed_attack_validation,8,8,1119;189;5280;4751;2035;566;4892;195,False,False
holdout_bin_2,49,heldout_47_51,R1_kcenter_confirmed_attack_validation,16,16,1119;189;5280;4751;2035;566;4892;195;4749;3142;2992;3939;20;2736;18;1700,False,False
holdout_bin_2,49,heldout_47_51,R1_kcenter_confirmed_attack_validation,32,32,1119;189;5280;4751;2035;566;4892;195;4749;3142;2992;3939;20;2736;18;1700;5056;2167;228;2814;5329;167;156;4994;229;1158;4484;25;2168;4;613;19,False,False
holdout_bin_2,49,heldout_47_51,R2_V2_high_V1_low_disagreement_review,4,0,6256;7230;7385;5602,False,False
holdout_bin_2,49,heldout_47_51,R2_V2_high_V1_low_disagreement_review,8,0,6256;7230;7385;5602;5858;7355;5566;5867,False,False
holdout_bin_2,49,heldout_47_51,R2_V2_high_V1_low_disagreement_review,16,0,6256;7230;7385;5602;5858;7355;5566;5867;5605;7397;7366;5577,False,False
holdout_bin_2,49,heldout_47_51,R2_V2_high_V1_low_disagreement_review,32,0,6256;7230;7385;5602;5858;7355;5566;5867;5605;7397;7366;5577,False,False
holdout_bin_2,49,heldout_47_51,R3_near_threshold_uncertainty_review,4,2,731;5577;5833;5348,False,False
holdout_bin_2,49,heldout_47_51,R3_near_threshold_uncertainty_review,8,5,731;5577;5833;5348;791;7366;663;657,False,False
holdout_bin_2,49,heldout_47_51,R3_near_threshold_uncertainty_review,16,13,731;5577;5833;5348;791;7366;663;657;3259;5148;826;3089;874;818;3563;5186,False,False
holdout_bin_2,49,heldout_47_51,R3_near_threshold_uncertainty_review,32,27,731;5577;5833;5348;791;7366;663;657;3259;5148;826;3089;874;818;3563;5186;786;3288;5012;750;3273;5352;824;892;3217;6998;5249;2819;2896;5219;5765;2829,False,False
holdout_bin_2,49,heldout_47_51,R4_representation_shift_high_review,4,4,868;886;873;1569,False,False
holdout_bin_2,49,heldout_47_51,R4_representation_shift_high_review,8,8,868;886;873;1569;891;870;1511;4498,False,False
holdout_bin_2,49,heldout_47_51,R4_representation_shift_high_review,16,16,868;886;873;1569;891;870;1511;4498;4138;906;4487;1574;813;888;1527;4143,False,False
holdout_bin_2,49,heldout_47_51,R4_representation_shift_high_review,32,32,868;886;873;1569;891;870;1511;4498;4138;906;4487;1574;813;888;1527;4143;1516;858;4481;1571;818;901;1532;4503;2388;1513;1546;4140;874;1517;4500;845,False,False
holdout_bin_2,49,heldout_47_51,R5_hybrid_active_review,4,4,868;886;873;813,False,False
holdout_bin_2,49,heldout_47_51,R5_hybrid_active_review,8,8,868;886;873;813;818;891;874;892,False,False
holdout_bin_2,49,heldout_47_51,R5_hybrid_active_review,16,16,868;886;873;813;818;891;874;892;877;2388;2890;906;832;776;771;755,False,False
holdout_bin_2,49,heldout_47_51,R5_hybrid_active_review,32,30,868;886;873;813;818;891;874;892;877;2388;2890;906;832;776;771;755;3553;907;833;760;823;1511;819;919;901;2895;7230;6256;3211;1569;878;790,False,False
holdout_bin_2,50,heldout_47_51,R0_random_confirmed_attack_validation,4,4,936;3190;4800;3525,False,False
holdout_bin_2,50,heldout_47_51,R0_random_confirmed_attack_validation,8,8,3523;2737;4797;4553;936;3751;3311;3188,False,False
holdout_bin_2,50,heldout_47_51,R0_random_confirmed_attack_validation,16,16,3745;2656;1667;5394;4790;4681;3183;890;1804;934;643;3518;3306;4546;3028;2733,False,False
holdout_bin_2,50,heldout_47_51,R0_random_confirmed_attack_validation,32,32,4668;641;1578;5378;2019;1840;1799;2648;887;2335;5193;4667;3296;2846;931;1702;1662;328;3174;2725;5053;2722;3569;1991;528;4853;3507;4776;1798;3019;3734;4533,False,False
holdout_bin_2,50,heldout_47_51,R1_kcenter_confirmed_attack_validation,4,4,1119;189;5280;4751,False,False
holdout_bin_2,50,heldout_47_51,R1_kcenter_confirmed_attack_validation,8,8,1119;189;5280;4751;2035;566;4892;195,False,False
holdout_bin_2,50,heldout_47_51,R1_kcenter_confirmed_attack_validation,16,16,1119;189;5280;4751;2035;566;4892;195;4749;3142;2992;3939;20;2736;18;1700,False,False
holdout_bin_2,50,heldout_47_51,R1_kcenter_confirmed_attack_validation,32,32,1119;189;5280;4751;2035;566;4892;195;4749;3142;2992;3939;20;2736;18;1700;5056;2167;228;2814;5329;167;156;4994;229;1158;4484;25;2168;4;613;19,False,False
holdout_bin_2,50,heldout_47_51,R2_V2_high_V1_low_disagreement_review,4,0,6256;7230;7385;5602,False,False
holdout_bin_2,50,heldout_47_51,R2_V2_high_V1_low_disagreement_review,8,0,6256;7230;7385;5602;5858;7355;5566;5867,False,False
holdout_bin_2,50,heldout_47_51,R2_V2_high_V1_low_disagreement_review,16,0,6256;7230;7385;5602;5858;7355;5566;5867;5605;7397;7366;5577,False,False
holdout_bin_2,50,heldout_47_51,R2_V2_high_V1_low_disagreement_review,32,0,6256;7230;7385;5602;5858;7355;5566;5867;5605;7397;7366;5577,False,False
holdout_bin_2,50,heldout_47_51,R3_near_threshold_uncertainty_review,4,2,731;5577;5833;5348,False,False
holdout_bin_2,50,heldout_47_51,R3_near_threshold_uncertainty_review,8,5,731;5577;5833;5348;791;7366;663;657,False,False
holdout_bin_2,50,heldout_47_51,R3_near_threshold_uncertainty_review,16,13,731;5577;5833;5348;791;7366;663;657;3259;5148;826;3089;874;818;3563;5186,False,False
holdout_bin_2,50,heldout_47_51,R3_near_threshold_uncertainty_review,32,27,731;5577;5833;5348;791;7366;663;657;3259;5148;826;3089;874;818;3563;5186;786;3288;5012;750;3273;5352;824;892;3217;6998;5249;2819;2896;5219;5765;2829,False,False
holdout_bin_2,50,heldout_47_51,R4_representation_shift_high_review,4,4,868;886;873;1569,False,False
holdout_bin_2,50,heldout_47_51,R4_representation_shift_high_review,8,8,868;886;873;1569;891;870;1511;4498,False,False
holdout_bin_2,50,heldout_47_51,R4_representation_shift_high_review,16,16,868;886;873;1569;891;870;1511;4498;4138;906;4487;1574;813;888;1527;4143,False,False
holdout_bin_2,50,heldout_47_51,R4_representation_shift_high_review,32,32,868;886;873;1569;891;870;1511;4498;4138;906;4487;1574;813;888;1527;4143;1516;858;4481;1571;818;901;1532;4503;2388;1513;1546;4140;874;1517;4500;845,False,False
holdout_bin_2,50,heldout_47_51,R5_hybrid_active_review,4,4,868;886;873;813,False,False
holdout_bin_2,50,heldout_47_51,R5_hybrid_active_review,8,8,868;886;873;813;818;891;874;892,False,False
holdout_bin_2,50,heldout_47_51,R5_hybrid_active_review,16,16,868;886;873;813;818;891;874;892;877;2388;2890;906;832;776;771;755,False,False
holdout_bin_2,50,heldout_47_51,R5_hybrid_active_review,32,30,868;886;873;813;818;891;874;892;877;2388;2890;906;832;776;771;755;3553;907;833;760;823;1511;819;919;901;2895;7230;6256;3211;1569;878;790,False,False
holdout_bin_2,51,heldout_47_51,R0_random_confirmed_attack_validation,4,4,3778;2171;3409;3357,False,False
holdout_bin_2,51,heldout_47_51,R0_random_confirmed_attack_validation,8,8,1658;1726;3354;1718;3987;3776;3407;2169,False,False
holdout_bin_2,51,heldout_47_51,R0_random_confirmed_attack_validation,16,16,1716;675;2515;4396;2644;2590;1724;1473;3402;2166;3498;5471;3350;1656;3981;3770,False,False
holdout_bin_2,51,heldout_47_51,R0_random_confirmed_attack_validation,32,32,2160;2040;1943;5248;2745;4383;1651;4603;3970;1559;5429;2508;2636;1327;3759;1719;628;3487;5455;4521;3392;3340;1469;674;426;690;1203;584;4864;2583;1711;4443,False,False
holdout_bin_2,51,heldout_47_51,R1_kcenter_confirmed_attack_validation,4,4,1119;189;5280;4751,False,False
holdout_bin_2,51,heldout_47_51,R1_kcenter_confirmed_attack_validation,8,8,1119;189;5280;4751;2035;566;4892;195,False,False
holdout_bin_2,51,heldout_47_51,R1_kcenter_confirmed_attack_validation,16,16,1119;189;5280;4751;2035;566;4892;195;4749;3142;2992;3939;20;2736;18;1700,False,False
holdout_bin_2,51,heldout_47_51,R1_kcenter_confirmed_attack_validation,32,32,1119;189;5280;4751;2035;566;4892;195;4749;3142;2992;3939;20;2736;18;1700;5056;2167;228;2814;5329;167;156;4994;229;1158;4484;25;2168;4;613;19,False,False
holdout_bin_2,51,heldout_47_51,R2_V2_high_V1_low_disagreement_review,4,0,6256;7230;7385;5602,False,False
holdout_bin_2,51,heldout_47_51,R2_V2_high_V1_low_disagreement_review,8,0,6256;7230;7385;5602;5858;7355;5566;5867,False,False
holdout_bin_2,51,heldout_47_51,R2_V2_high_V1_low_disagreement_review,16,0,6256;7230;7385;5602;5858;7355;5566;5867;5605;7397;7366;5577,False,False
holdout_bin_2,51,heldout_47_51,R2_V2_high_V1_low_disagreement_review,32,0,6256;7230;7385;5602;5858;7355;5566;5867;5605;7397;7366;5577,False,False
holdout_bin_2,51,heldout_47_51,R3_near_threshold_uncertainty_review,4,2,731;5577;5833;5348,False,False
holdout_bin_2,51,heldout_47_51,R3_near_threshold_uncertainty_review,8,5,731;5577;5833;5348;791;7366;663;657,False,False
holdout_bin_2,51,heldout_47_51,R3_near_threshold_uncertainty_review,16,13,731;5577;5833;5348;791;7366;663;657;3259;5148;826;3089;874;818;3563;5186,False,False
holdout_bin_2,51,heldout_47_51,R3_near_threshold_uncertainty_review,32,27,731;5577;5833;5348;791;7366;663;657;3259;5148;826;3089;874;818;3563;5186;786;3288;5012;750;3273;5352;824;892;3217;6998;5249;2819;2896;5219;5765;2829,False,False
holdout_bin_2,51,heldout_47_51,R4_representation_shift_high_review,4,4,868;886;873;1569,False,False
holdout_bin_2,51,heldout_47_51,R4_representation_shift_high_review,8,8,868;886;873;1569;891;870;1511;4498,False,False
holdout_bin_2,51,heldout_47_51,R4_representation_shift_high_review,16,16,868;886;873;1569;891;870;1511;4498;4138;906;4487;1574;813;888;1527;4143,False,False
holdout_bin_2,51,heldout_47_51,R4_representation_shift_high_review,32,32,868;886;873;1569;891;870;1511;4498;4138;906;4487;1574;813;888;1527;4143;1516;858;4481;1571;818;901;1532;4503;2388;1513;1546;4140;874;1517;4500;845,False,False
holdout_bin_2,51,heldout_47_51,R5_hybrid_active_review,4,4,868;886;873;813,False,False
holdout_bin_2,51,heldout_47_51,R5_hybrid_active_review,8,8,868;886;873;813;818;891;874;892,False,False
holdout_bin_2,51,heldout_47_51,R5_hybrid_active_review,16,16,868;886;873;813;818;891;874;892;877;2388;2890;906;832;776;771;755,False,False
holdout_bin_2,51,heldout_47_51,R5_hybrid_active_review,32,30,868;886;873;813;818;891;874;892;877;2388;2890;906;832;776;771;755;3553;907;833;760;823;1511;819;919;901;2895;7230;6256;3211;1569;878;790,False,False
